Date,ECOPETROL.CL,ISA.CL,GEB.CL,CIBEST.CL,PFCIBEST.CL,GRUPOSURA.CL,GRUPOARGOS.CL,CEMARGOS.CL,NUTRESA.CL,EXITO.CL,PROMIGAS.CL,CELSIA.CL,BOGOTA.CL,CORFICOLCF.CL,PFDAVVNDA.CL,MINEROS.CL,TERPEL.CL
2015-01-02,4714491.0,53690.0,632831.0,240.0,200016.0,29690.0,25507.0,5877.0,73290.0,447711.0,0.0,20720.0,0.0,13987.0,15789.0,0.0,90901.0
2015-01-05,9899538.0,127994.0,1438144.0,263706.0,1041330.0,80320.0,71997.0,182020.0,323942.0,2523273.0,0.0,95192.0,1709.0,118261.0,120516.0,11001.0,50000.0
2015-01-07,6090435.0,118704.0,452959.0,156021.0,795320.0,73910.0,85321.0,294667.0,188871.0,4111104.0,0.0,88231.0,279.0,51335.0,250178.0,0.0,38000.0
2015-01-08,7717742.0,112499.0,30651.0,11472.0,1064198.0,105102.0,218289.0,315630.0,39384.0,1574928.0,343.0,193109.0,12684.0,39964.0,65655.0,0.0,76289.0
2015-01-09,8361947.0,47452.0,809515.0,35417.0,843024.0,38959.0,236987.0,59822.0,270975.0,3526608.0,0.0,665653.0,6154.0,141657.0,81443.0,19101.0,34197.0
2015-01-13,9196372.0,267083.0,308057.0,40338.0,269655.0,131807.0,250018.0,87711.0,74328.0,329844.0,0.0,147947.0,5615.0,108664.0,95893.0,0.0,388.0
2015-01-15,15026577.0,243072.0,272559.0,255310.0,1268884.0,561488.0,1050683.0,281711.0,20491.0,164940.0,0.0,181747.0,1788.0,76555.0,86741.0,8000.0,1002.0
2015-01-16,16642707.0,165826.0,141118.0,3397.0,185948.0,221205.0,346698.0,363791.0,33483.0,1033794.0,0.0,51560.0,5530.0,97133.0,167966.0,0.0,1931.0
2015-01-20,1534872.0,44537.0,253542.0,29005.0,132359.0,92721.0,931517.0,28419.0,26978.0,1963752.0,107.0,31519.0,21949.0,7851.0,237369.0,200700.0,4299.0
2015-01-21,4902066.0,96568.0,133361.0,5306.0,376124.0,86335.0,33743.0,236780.0,63259.0,599079.0,0.0,194113.0,172.0,88235.0,144684.0,13792.0,100000.0
2015-01-22,9302839.0,235292.0,328066.0,31482.0,1462505.0,128122.0,242786.0,1293688.0,135243.0,1065921.0,0.0,160047.0,30812.0,40157.0,221590.0,0.0,0.0
2015-01-23,13882556.0,105570.0,194142.0,25910.0,194256.0,450661.0,106724.0,1149576.0,307283.0,1060446.0,0.0,319550.0,3915.0,82792.0,85921.0,0.0,0.0
2015-01-26,9783638.0,171153.0,288173.0,61154.0,537445.0,552038.0,381681.0,122082.0,106088.0,510975.0,0.0,164902.0,7005.0,187989.0,169386.0,1300.0,0.0
2015-01-27,9783638.0,171153.0,288173.0,61154.0,537445.0,552038.0,381681.0,122082.0,106088.0,510975.0,0.0,164902.0,7005.0,184640.0,169386.0,0.0,0.0
2015-01-28,10676080.0,278324.0,230810.0,94865.0,574579.0,375788.0,235493.0,280371.0,96589.0,486432.0,0.0,202155.0,5480.0,79116.0,173962.0,10600.0,2096.0
2015-01-29,12428650.0,99228.0,684090.0,42589.0,535096.0,391165.0,109099.0,400146.0,166736.0,493692.0,0.0,106896.0,11230.0,75029.0,104776.0,10646.0,8315.0
2015-01-30,10602215.0,184114.0,230607.0,228314.0,1350573.0,208105.0,354533.0,393989.0,177859.0,225735.0,1139.0,99973.0,28014.0,270215.0,96073.0,0.0,0.0
2015-02-02,17440624.0,185388.0,810117.0,36475.0,707373.0,89246.0,59744.0,120781.0,35786.0,612672.0,0.0,64151.0,5980.0,70525.0,56462.0,12440.0,5400.0
2015-02-04,26745836.0,144599.0,1415237.0,24726.0,405121.0,269251.0,94821.0,183451.0,201063.0,1016103.0,0.0,398583.0,13817.0,58558.0,161877.0,32764.0,2379.0
2015-02-05,18644587.0,597033.0,4245560.0,95783.0,798204.0,175543.0,350595.0,547395.0,139807.0,303081.0,0.0,117185.0,14869.0,71837.0,103561.0,31774.0,18176.0
2015-02-06,32376866.0,428267.0,38562.0,34398.0,473213.0,192229.0,374069.0,920892.0,63014.0,234402.0,0.0,89497.0,1402.0,43912.0,92125.0,48374.0,9795.0
2015-02-09,8853197.0,115303.0,277154.0,8072.0,240387.0,168447.0,254839.0,340970.0,61598.0,322071.0,10288.0,152851.0,3484.0,11523.0,86417.0,26848.0,3000.0
2015-02-10,8853197.0,115303.0,277154.0,8072.0,240387.0,168447.0,254839.0,340970.0,61598.0,322071.0,10288.0,152851.0,3484.0,11523.0,86417.0,0.0,0.0
2015-02-11,18214391.0,354002.0,120534.0,198230.0,879591.0,155884.0,291768.0,358602.0,66036.0,1516665.0,0.0,410795.0,27565.0,90404.0,93555.0,0.0,0.0
2015-02-12,20639646.0,908180.0,103927.0,13725.0,725358.0,236035.0,80791.0,3718213.0,80434.0,831039.0,0.0,96113.0,19328.0,48357.0,394542.0,0.0,3000.0
2015-02-13,19452280.0,215548.0,156186.0,76142.0,568397.0,233648.0,301613.0,429781.0,136751.0,518529.0,0.0,264840.0,5162.0,74727.0,183652.0,22581.0,3000.0
2015-02-16,693064.0,136713.0,54674.0,40935.0,69096.0,26575.0,49662.0,8538.0,40079.0,68382.0,0.0,22790.0,6020.0,21976.0,11267.0,0.0,100.0
2015-02-17,693064.0,136713.0,54674.0,40935.0,69096.0,26575.0,49662.0,0.0,40079.0,68382.0,0.0,22790.0,0.0,21976.0,11267.0,0.0,0.0
2015-02-18,19215272.0,124008.0,18465549.0,106028.0,783856.0,133256.0,185307.0,509412.0,121940.0,106158.0,0.0,82627.0,13240.0,50807.0,31776.0,0.0,21063.0
2015-02-19,5968344.0,81829.0,166030.0,272659.0,1277318.0,228568.0,35478.0,63894.0,46562.0,167946.0,4709.0,95485.0,1569.0,16884.0,36695.0,10000.0,1.0
2015-02-20,10609043.0,236664.0,20550.0,37994.0,635191.0,97035.0,135503.0,124950.0,67178.0,29409.0,0.0,542078.0,6001.0,21365.0,12332.0,43871.0,0.0
2015-02-23,10481662.0,477961.0,344189.0,162070.0,547414.0,131788.0,277577.0,93071.0,190934.0,598098.0,0.0,200700.0,970.0,54500.0,122203.0,68242.0,3000.0
2015-02-24,10481662.0,477961.0,344189.0,162070.0,547414.0,131788.0,277577.0,93071.0,190934.0,598098.0,0.0,200700.0,0.0,54500.0,122203.0,0.0,3000.0
2015-02-25,6232753.0,183939.0,320460.0,90711.0,799019.0,67876.0,208854.0,267893.0,316729.0,95235.0,0.0,143899.0,108224.0,133605.0,234241.0,19694.0,1000.0
2015-02-26,7343476.0,65799.0,167687.0,203864.0,606532.0,78357.0,80485.0,255064.0,48847.0,322281.0,0.0,450369.0,2558.0,38953.0,61456.0,244900.0,6273.0
2015-02-27,7193262.0,130865.0,2096443.0,83347.0,567183.0,200811.0,353846.0,232470.0,83751.0,391152.0,0.0,114389.0,5314.0,95498.0,75192.0,237500.0,0.0
2015-03-02,5489399.0,173246.0,698550.0,218959.0,450062.0,224899.0,90239.0,483838.0,127878.0,81207.0,0.0,42298.0,5350.0,40462.0,219172.0,17600.0,1000.0
2015-03-04,17851807.0,229691.0,251217.0,125973.0,621814.0,202538.0,249978.0,119190.0,686654.0,369303.0,0.0,164411.0,5971.0,102848.0,164295.0,0.0,0.0
2015-03-05,6763892.0,326375.0,512421.0,113522.0,600158.0,221807.0,444012.0,579720.0,348259.0,309864.0,0.0,304877.0,8193.0,90943.0,178251.0,0.0,0.0
2015-03-06,6800856.0,257306.0,135063.0,52958.0,829823.0,240430.0,317392.0,905895.0,436976.0,295083.0,0.0,338255.0,19038.0,63391.0,147252.0,0.0,58000.0
2015-03-09,7437716.0,153552.0,122643.0,55319.0,4046491.0,123685.0,271455.0,110851.0,124038.0,565782.0,0.0,122389.0,5001.0,30502.0,129360.0,4300.0,0.0
2015-03-10,7437716.0,153552.0,122643.0,55319.0,4046491.0,123685.0,271455.0,110851.0,124038.0,565782.0,0.0,122389.0,5001.0,30502.0,129360.0,0.0,0.0
2015-03-11,21037476.0,111413.0,669670.0,23448.0,917446.0,112102.0,207877.0,1143193.0,133245.0,335316.0,0.0,100548.0,67705.0,72979.0,51182.0,916.0,2755.0
2015-03-12,11646603.0,226198.0,729838.0,45986.0,680835.0,108132.0,185812.0,549159.0,150212.0,304614.0,2930.0,179026.0,8134.0,219410.0,77684.0,0.0,22725.0
2015-03-13,8518497.0,276743.0,1794342.0,208933.0,801460.0,200653.0,378157.0,3340922.0,153332.0,432957.0,0.0,362285.0,23020.0,195406.0,158273.0,0.0,0.0
2015-03-16,7115406.0,244245.0,834549.0,105758.0,423276.0,202994.0,2178387.0,302943.0,106015.0,287373.0,0.0,480654.0,12435.0,31447.0,152913.0,35885.0,0.0
2015-03-17,7115406.0,244245.0,834549.0,105758.0,423276.0,202994.0,2178387.0,302943.0,106015.0,0.0,0.0,480654.0,12435.0,31447.0,152913.0,0.0,0.0
2015-03-18,14980169.0,273693.0,247826.0,79856.0,611916.0,136849.0,278254.0,196942.0,95970.0,0.0,0.0,179912.0,4777.0,75231.0,313640.0,36078.0,2080.0
2015-03-19,15017820.0,281661.0,279939.0,206066.0,430213.0,2759301.0,2491778.0,499839.0,93928.0,1179270.0,0.0,198415.0,31074.0,82769.0,217319.0,0.0,1000.0
2015-03-20,9439136.0,307699.0,208725.0,173117.0,559833.0,389683.0,208378.0,756865.0,131556.0,298140.0,0.0,980645.0,26229.0,34761.0,56678.0,21992.0,0.0
2015-03-24,6864123.0,170668.0,5604851.0,417165.0,616105.0,960765.0,287561.0,535624.0,299933.0,393192.0,0.0,1593751.0,4346.0,44527.0,49241.0,80678.0,0.0
2015-03-26,17587269.0,125788.0,5505794.0,202665.0,439917.0,890810.0,47252.0,1228285.0,124866.0,1044843.0,0.0,150392.0,2392.0,128424.0,146603.0,0.0,8650.0
2015-03-27,14614419.0,136745.0,395921.0,99398.0,323017.0,789921.0,76127.0,431633.0,89666.0,425769.0,10867.0,0.0,105418.0,49154.0,110690.0,0.0,0.0
2015-03-30,3207726.0,57352.0,85762.0,52605.0,178874.0,97133.0,56006.0,73923.0,35499.0,58122.0,67118.0,10413.0,75003.0,50854.0,46527.0,6546.0,0.0
2015-04-01,7263984.0,230521.0,355735.0,188557.0,643992.0,385331.0,151024.0,276043.0,184351.0,267507.0,15000.0,141695.0,50245.0,58829.0,101531.0,0.0,0.0
2015-04-02,7915591.0,217025.0,1100.0,125590.0,251926.0,243547.0,41650.0,74755.0,33143.0,60798.0,0.0,4868.0,9978.0,10083.0,55097.0,0.0,0.0
2015-04-06,14728829.0,351993.0,3075735.0,106807.0,388881.0,270342.0,160057.0,206300.0,200256.0,632760.0,0.0,279637.0,11005.0,26135.0,68107.0,115844.0,75758.0
2015-04-08,27664999.0,135275.0,366585.0,60165.0,213888.0,1578274.0,213179.0,250585.0,386263.0,828120.0,0.0,262608.0,60943.0,36270.0,76494.0,152674.0,9371.0
2015-04-09,13418418.0,149820.0,439536.0,171101.0,270954.0,3130926.0,112876.0,991349.0,151914.0,226134.0,3753.0,149451.0,53959.0,19474.0,256587.0,146938.0,155042.0
2015-04-10,4451518.0,165736.0,691328.0,28093.0,230794.0,102453.0,329241.0,116740.0,241462.0,310542.0,0.0,306835.0,29875.0,56478.0,111170.0,627.0,151491.0
2015-04-13,10352670.0,237370.0,248253.0,24344.0,228094.0,64168.0,58387.0,152817.0,40511.0,569541.0,16001.0,104269.0,3291.0,82741.0,99706.0,0.0,5000.0
2015-04-14,10352670.0,237370.0,248253.0,24344.0,228094.0,64168.0,58387.0,152817.0,40511.0,569541.0,16001.0,104269.0,0.0,82741.0,99706.0,0.0,0.0
2015-04-15,11457364.0,225989.0,213756.0,139290.0,436801.0,86166.0,151361.0,115832.0,100681.0,478458.0,0.0,709496.0,8396.0,13095.0,249158.0,15750.0,3000.0
2015-04-16,24827516.0,365403.0,480547.0,57085.0,337560.0,263715.0,133087.0,109773.0,132653.0,108420.0,6689.0,531604.0,5157.0,26051.0,574283.0,9433.0,2000.0
2015-04-17,9462203.0,177707.0,261900.0,56024.0,189450.0,146285.0,128251.0,205131.0,34913.0,257145.0,0.0,109666.0,10238.0,54470.0,138507.0,144200.0,152000.0
2015-04-20,3685324.0,208585.0,164854.0,76066.0,312398.0,236030.0,115711.0,269235.0,112125.0,368478.0,0.0,65015.0,1009.0,116327.0,69480.0,15439.0,2089.0
2015-04-21,3685324.0,208585.0,164854.0,76066.0,312398.0,236030.0,115711.0,269235.0,112125.0,368478.0,0.0,65015.0,0.0,116327.0,69480.0,0.0,0.0
2015-04-22,5837420.0,211604.0,148988.0,107577.0,226946.0,105604.0,282139.0,142151.0,41938.0,317835.0,0.0,121451.0,16693.0,53021.0,134019.0,0.0,248591.0
2015-04-23,8826768.0,145415.0,232896.0,115628.0,342150.0,173051.0,117888.0,199459.0,91401.0,343794.0,0.0,246083.0,4247.0,72907.0,26258.0,42097.0,2000.0
2015-04-24,8682150.0,367921.0,293849.0,81322.0,258758.0,91679.0,247369.0,361131.0,219496.0,569928.0,0.0,490695.0,12409.0,111635.0,181516.0,3935.0,0.0
2015-04-27,7028224.0,314489.0,3149201.0,157389.0,411203.0,298457.0,226257.0,198711.0,150919.0,599370.0,0.0,298832.0,2389.0,80126.0,363923.0,4754.0,1700.0
2015-04-29,8348557.0,812213.0,987702.0,78118.0,341927.0,1388813.0,828230.0,1742241.0,486880.0,1559466.0,0.0,659980.0,10984.0,127489.0,284931.0,353244.0,3000.0
2015-04-30,3035797.0,230324.0,196120.0,3041509.0,1039934.0,1398712.0,384842.0,1896217.0,268506.0,256800.0,0.0,748138.0,9837.0,73024.0,140208.0,12514.0,2000.0
2015-05-01,6315265.0,319712.0,624746.0,7020968.0,5777577.0,1815120.0,3711973.0,6766498.0,93761.0,621630.0,0.0,426197.0,25710.0,193643.0,226000.0,5685.0,2000.0
2015-05-05,4869130.0,381876.0,140302.0,256082.0,574159.0,422886.0,138564.0,1132973.0,127469.0,182886.0,0.0,215383.0,47688.0,30407.0,55051.0,0.0,0.0
2015-05-06,9267622.0,614640.0,235375.0,258545.0,379520.0,106997.0,64663.0,220700.0,61760.0,214368.0,0.0,91959.0,9456.0,48155.0,62047.0,54504.0,10000.0
2015-05-07,15968306.0,249049.0,356554.0,225962.0,337340.0,131372.0,158303.0,119207.0,123048.0,424449.0,0.0,164652.0,25692.0,131795.0,65011.0,3400.0,30193.0
2015-05-08,12501976.0,341941.0,268708.0,292356.0,684866.0,64175.0,98605.0,227909.0,57785.0,136593.0,0.0,338749.0,28470.0,68790.0,28196.0,0.0,0.0
2015-05-11,6444600.0,161695.0,41529.0,348994.0,666560.0,76505.0,209381.0,178465.0,88575.0,96129.0,0.0,84314.0,2112.0,43762.0,182787.0,3787.0,1300.0
2015-05-13,11266570.0,74978.0,1384071.0,161902.0,294556.0,52428.0,266238.0,252334.0,61673.0,118656.0,0.0,128421.0,7336.0,38682.0,176425.0,0.0,0.0
2015-05-14,26044384.0,276413.0,270163.0,486262.0,678921.0,63386.0,239630.0,64010.0,291951.0,104193.0,0.0,46648.0,7107.0,27258.0,33455.0,5759.0,121545.0
2015-05-15,9446944.0,173691.0,212893.0,305528.0,442455.0,141984.0,347073.0,56777.0,120368.0,114048.0,26000.0,57725.0,54265.0,71144.0,148283.0,0.0,14796.0
2015-05-19,7517943.0,519802.0,1898021.0,450414.0,767128.0,60169.0,130179.0,523920.0,124402.0,874737.0,50000.0,119792.0,3160.0,85438.0,257111.0,109868.0,88500.0
2015-05-21,9813255.0,379621.0,1139350.0,714575.0,1051655.0,96055.0,253128.0,382238.0,132748.0,963675.0,0.0,79926.0,195167.0,89209.0,454598.0,0.0,0.0
2015-05-22,3911594.0,97392.0,4046496.0,160487.0,257067.0,84646.0,330768.0,30540.0,59842.0,320931.0,0.0,77200.0,6794.0,66022.0,246978.0,42274.0,0.0
2015-05-25,832650.0,39750.0,920867.0,130863.0,22143.0,41387.0,68521.0,24032.0,12899.0,17382.0,0.0,113467.0,32217.0,9135.0,69858.0,6654.0,2000.0
2015-05-26,832650.0,39750.0,920867.0,130863.0,22143.0,41387.0,68521.0,24032.0,12899.0,0.0,0.0,113467.0,32217.0,9135.0,69858.0,0.0,0.0
2015-05-27,4592181.0,704170.0,1666261.0,254672.0,465440.0,116401.0,385011.0,346059.0,51209.0,346221.0,0.0,0.0,24220.0,76109.0,407093.0,0.0,154000.0
2015-05-28,13280123.0,446212.0,1412405.0,252334.0,621620.0,195511.0,304381.0,505148.0,473500.0,391875.0,0.0,505682.0,6223.0,133619.0,85208.0,0.0,1200.0
2015-05-29,4327799.0,161518.0,800537.0,256360.0,724434.0,125836.0,218806.0,169869.0,71049.0,543201.0,0.0,445104.0,14296.0,17132.0,55917.0,47283.0,563.0
2015-06-01,5378496.0,677848.0,589488.0,156034.0,308207.0,179461.0,252600.0,159858.0,156776.0,318681.0,0.0,191879.0,12016.0,26320.0,584309.0,35813.0,2001260.0
2015-06-03,12692834.0,889930.0,584948.0,149391.0,329947.0,75321.0,364497.0,509091.0,206338.0,1385346.0,0.0,276520.0,19744.0,66406.0,206520.0,89897.0,33926.0
2015-06-04,8336256.0,152533.0,426080.0,55143.0,289163.0,94893.0,409840.0,346467.0,711550.0,252273.0,0.0,177150.0,2920.0,97335.0,77367.0,2000.0,29258.0
2015-06-05,5252442.0,66257.0,154920.0,79124.0,340823.0,133064.0,149482.0,243140.0,868085.0,196548.0,14000.0,351577.0,36838.0,107602.0,42552.0,76338.0,8895.0
2015-06-09,13013886.0,168767.0,647746.0,45929.0,300086.0,330697.0,267373.0,662577.0,103202.0,383481.0,0.0,308502.0,815.0,44732.0,105310.0,300349.0,133.0
2015-06-11,11221050.0,814056.0,836270.0,81982.0,841892.0,188374.0,889339.0,1268367.0,265058.0,816672.0,0.0,1326604.0,50223.0,114437.0,235200.0,182924.0,0.0
2015-06-12,13475375.0,111481.0,452245.0,141229.0,455477.0,38046.0,799325.0,815218.0,241711.0,772218.0,0.0,250490.0,11768.0,68931.0,60657.0,149274.0,0.0
2015-06-16,17604505.0,155683.0,758089.0,438620.0,940620.0,459633.0,510307.0,605441.0,11701.0,606294.0,0.0,132112.0,8916.0,53207.0,249720.0,56196.0,1606.0
2015-06-18,15414681.0,292766.0,1542631.0,257810.0,601456.0,329511.0,855634.0,430850.0,152189.0,165579.0,0.0,588988.0,15901.0,76291.0,154308.0,103042.0,1000.0
2015-06-19,11220433.0,120744.0,3268696.0,628050.0,968152.0,412084.0,339456.0,478721.0,57122.0,410856.0,9467563.0,197900.0,5427.0,56938.0,343885.0,10878.0,630.0
2015-06-23,10423302.0,212296.0,18111078.0,66305.0,247348.0,117454.0,269686.0,81328.0,108362.0,241062.0,0.0,240370.0,5859.0,78442.0,130627.0,92082.0,0.0
2015-06-24,10941645.0,298471.0,1035123.0,110116.0,399331.0,251367.0,346618.0,284854.0,101814.0,434262.0,0.0,321182.0,17953.0,49357.0,130263.0,966710.0,53248.0
2015-06-25,11300052.0,440317.0,3956575.0,1183131.0,756387.0,140230.0,116698.0,115490.0,150203.0,190662.0,0.0,393526.0,33885.0,74734.0,247342.0,0.0,37175.0
2015-06-26,6288810.0,356973.0,408535.0,20584.0,211655.0,92531.0,136168.0,243078.0,41369.0,415164.0,0.0,133444.0,23254.0,114987.0,81951.0,33419.0,8537.0
2015-06-30,7813615.0,386047.0,651754.0,118020.0,641596.0,402941.0,301499.0,421721.0,79075.0,703041.0,0.0,76625.0,13140.0,65737.0,162797.0,46884.0,2000.0
2015-07-02,7927639.0,463785.0,1141300.0,238637.0,821346.0,680273.0,654938.0,344938.0,82810.0,688101.0,0.0,209686.0,3709.0,88313.0,200861.0,185520.0,16413.0
2015-07-03,4972974.0,830013.0,268412.0,471942.0,625620.0,255080.0,318142.0,137064.0,54552.0,199578.0,29000.0,278225.0,3588.0,177476.0,40580.0,0.0,49204.0
2015-07-06,9285541.0,214413.0,167113.0,160347.0,368661.0,220821.0,101022.0,110443.0,46051.0,189381.0,1000.0,91643.0,14897.0,40813.0,36813.0,4526.0,1500.0
2015-07-08,11036428.0,415694.0,352466.0,95975.0,381076.0,181068.0,120334.0,142285.0,104524.0,918522.0,0.0,369285.0,870.0,122029.0,28130.0,78107.0,85284.0
2015-07-09,14898139.0,327012.0,19668725.0,327488.0,526038.0,184189.0,186068.0,188662.0,192770.0,647082.0,69115.0,269776.0,17031.0,24587.0,32528.0,25402.0,1500.0
2015-07-10,12533694.0,120896.0,413554.0,82254.0,683285.0,684745.0,111674.0,243287.0,70965.0,724089.0,0.0,147968.0,118.0,40081.0,95079.0,72314.0,1500.0
2015-07-13,3676117.0,233122.0,571434.0,287447.0,283226.0,41722.0,139896.0,127283.0,33487.0,546858.0,0.0,365295.0,21186.0,28689.0,118529.0,6640.0,1700.0
2015-07-14,3676117.0,233122.0,571434.0,287447.0,283226.0,41722.0,139896.0,127283.0,33487.0,546858.0,0.0,365295.0,21186.0,28689.0,118529.0,0.0,0.0
2015-07-15,25925306.0,413845.0,8075604.0,44180.0,332502.0,39845.0,178298.0,538626.0,632001.0,158253.0,1501.0,532167.0,0.0,33939.0,41344.0,26951.0,0.0
2015-07-16,11386052.0,616705.0,4835056.0,54445.0,121198.0,3336012.0,188999.0,46298.0,186931.0,698946.0,0.0,158544.0,12867.0,85703.0,100206.0,9500.0,3500.0
2015-07-17,4078854.0,222356.0,3762543.0,207635.0,418450.0,2544336.0,240842.0,188412.0,33355.0,206985.0,542.0,137138.0,6111.0,41989.0,136134.0,9500.0,14300.0
2015-07-21,4631393.0,548658.0,1497872.0,83011.0,194696.0,234001.0,208320.0,204638.0,114201.0,889971.0,11764.0,114910.0,17566.0,47319.0,148257.0,79318.0,4480.0
2015-07-22,4631393.0,548658.0,1497872.0,83011.0,194696.0,234001.0,208320.0,204638.0,114201.0,889971.0,0.0,114910.0,17566.0,47319.0,148257.0,16968.0,4480.0
2015-07-23,8434096.0,248074.0,848195.0,33999.0,381339.0,157308.0,802292.0,289219.0,35112.0,553017.0,0.0,142159.0,9502.0,42391.0,60335.0,0.0,25900.0
2015-07-24,4928322.0,112352.0,865186.0,65599.0,281001.0,87302.0,495715.0,223509.0,37828.0,173466.0,0.0,106713.0,35031.0,7301.0,35063.0,165188.0,76220.0
2015-07-27,8558715.0,360831.0,2780144.0,87630.0,265318.0,299831.0,226214.0,368819.0,316664.0,507315.0,0.0,398876.0,1241.0,109520.0,44615.0,52440.0,17518.0
2015-07-28,8558715.0,360831.0,2780144.0,87630.0,265318.0,299831.0,226214.0,368819.0,316664.0,507315.0,0.0,398876.0,1241.0,109520.0,44615.0,52440.0,17518.0
2015-07-29,10100275.0,270560.0,912752.0,91349.0,380985.0,213707.0,290066.0,402173.0,194020.0,771333.0,425.0,271579.0,12751.0,60857.0,36317.0,78116.0,14270.0
2015-07-30,38508238.0,361371.0,912752.0,135507.0,554605.0,188362.0,153214.0,348627.0,138232.0,1202268.0,112201.0,249575.0,17232.0,69064.0,65875.0,207055.0,35613.0
2015-07-31,7494106.0,162139.0,36848.0,159181.0,223463.0,117622.0,107595.0,178794.0,95121.0,3336408.0,421.0,108726.0,4061.0,90057.0,40095.0,9173.0,184018.0
2015-08-03,6345655.0,86491.0,320258.0,19450.0,418542.0,39855.0,122048.0,74412.0,140007.0,3305715.0,0.0,127359.0,3087.0,25656.0,112487.0,16638.0,1000.0
2015-08-05,5434119.0,141007.0,401182.0,120373.0,481673.0,48721.0,158087.0,102326.0,31245.0,1198806.0,0.0,108874.0,487.0,22656.0,50305.0,11266.0,30946.0
2015-08-06,8077810.0,322520.0,213912.0,224052.0,792520.0,180279.0,295221.0,340572.0,107430.0,919917.0,0.0,343439.0,59002.0,84132.0,147557.0,2189.0,30946.0
2015-08-07,11853243.0,128261.0,161562.0,397232.0,1169463.0,106534.0,110773.0,101697.0,140093.0,512649.0,0.0,46246.0,0.0,24532.0,80894.0,0.0,0.0
2015-08-10,8696391.0,209247.0,19412.0,56116.0,231588.0,130029.0,137352.0,61707377.0,85540.0,999198.0,0.0,94984.0,217.0,45060.0,98981.0,0.0,0.0
2015-08-11,8696391.0,209247.0,19412.0,56116.0,231588.0,130029.0,137352.0,61707377.0,85540.0,999198.0,0.0,94984.0,217.0,45060.0,98981.0,0.0,2000.0
2015-08-12,10894299.0,390875.0,1143769.0,85025.0,130179.0,68739.0,134401.0,301767.0,177857.0,489921.0,0.0,453273.0,481.0,41983.0,222681.0,54615.0,2000.0
2015-08-13,16039771.0,73689.0,1609064.0,76841.0,254895.0,102372.0,532767.0,52243.0,185422.0,444618.0,0.0,214506.0,15939.0,79166.0,44915.0,54615.0,1035.0
2015-08-14,17882900.0,271153.0,2255944.0,159242.0,314284.0,152695.0,215110.0,146958.0,78710.0,618231.0,0.0,274894.0,2874.0,51911.0,105848.0,7978.0,0.0
2015-08-18,6733127.0,253819.0,1201786.0,27721.0,1943871.0,151605.0,310701.0,490663.0,212972.0,282876.0,0.0,303418.0,7846.0,95794.0,120249.0,7356.0,0.0
2015-08-20,8097646.0,195021.0,963563.0,134922.0,1484323.0,149895.0,538446.0,126616.0,255869.0,327717.0,0.0,847568.0,26590.0,27884.0,245250.0,14994.0,69.0
2015-08-21,8843665.0,184351.0,2853436.0,34205.0,926293.0,228048.0,324716.0,328141.0,59742.0,376995.0,5007.0,23686.0,8404.0,91617.0,56050.0,14994.0,0.0
2015-08-24,12633124.0,336019.0,3013436.0,34642.0,566105.0,249361.0,319324.0,411387.0,327993.0,1944021.0,0.0,170280.0,5567.0,94467.0,88164.0,85922.0,0.0
2015-08-26,6571241.0,286187.0,8019662.0,55965.0,635350.0,141799.0,230297.0,393960.0,208171.0,1113810.0,289518.0,820462.0,16703.0,128298.0,838485.0,0.0,21675.0
2015-08-27,7760124.0,438918.0,1051373.0,31357.0,432083.0,569224.0,129029.0,310883.0,412142.0,1077507.0,0.0,1392344.0,4224.0,100719.0,169897.0,59640.0,21675.0
2015-08-28,13776166.0,640342.0,4895275.0,258441.0,640109.0,351338.0,260231.0,351316.0,407873.0,1938084.0,0.0,856496.0,22905.0,84993.0,371287.0,59640.0,2000.0
2015-08-31,12466608.0,351746.0,870109.0,68246.0,672202.0,190523.0,180235.0,725054.0,116811.0,1520337.0,0.0,568579.0,36266.0,193553.0,174405.0,35602.0,154805.0
2015-09-02,7242108.0,304505.0,183570.0,118176.0,550718.0,273190.0,121006.0,304720.0,123928.0,833172.0,0.0,245210.0,8550.0,64940.0,53823.0,83737.0,8650.0
2015-09-03,14685158.0,199484.0,325935.0,167298.0,672442.0,403151.0,151690.0,337474.0,182049.0,1600347.0,39990.0,605633.0,12612.0,252762.0,238386.0,8500.0,2000.0
2015-09-04,11775395.0,1858182.0,1659379.0,122718.0,554539.0,376909.0,417545.0,920922.0,282849.0,1217805.0,0.0,382493.0,1478.0,94758.0,85861.0,9917.0,17000.0
2015-09-07,904460.0,46126.0,471246.0,3791.0,38442.0,123840.0,589457.0,754750.0,16879.0,374367.0,0.0,49585.0,6775.0,20596.0,15843.0,29200.0,1549.0
2015-09-09,9330566.0,3168202.0,2024128.0,134597.0,376116.0,359274.0,596693.0,1063434.0,222001.0,402948.0,4168.0,548198.0,3403.0,61426.0,80395.0,11922.0,10252.0
2015-09-10,9170838.0,681145.0,8476367.0,116208.0,522712.0,85172.0,1249825.0,153343.0,56890.0,426027.0,0.0,250831.0,6394.0,106958.0,75016.0,1000.0,10000.0
2015-09-11,10423281.0,826558.0,12948850.0,50102.0,477594.0,344520.0,718273.0,334294.0,149211.0,1362555.0,0.0,293775.0,4123.0,178928.0,235772.0,1000.0,6000.0
2015-09-14,5043319.0,263139.0,46328.0,38413.0,215834.0,308026.0,1304646.0,69533.0,66105.0,272934.0,32779.0,371768.0,18358.0,78498.0,61108.0,28427.0,0.0
2015-09-15,5043319.0,263139.0,46328.0,38413.0,215834.0,308026.0,1304646.0,69533.0,66105.0,272934.0,0.0,371768.0,18358.0,78498.0,61108.0,28427.0,0.0
2015-09-16,7881181.0,514437.0,4021416.0,153742.0,494030.0,213795.0,805934.0,851971.0,112290.0,620160.0,0.0,411753.0,64.0,328609.0,102123.0,54059.0,3261.0
2015-09-17,19066452.0,280510.0,1217901.0,113934.0,733267.0,182973.0,873480.0,607896.0,313589.0,2833323.0,0.0,132678.0,35528.0,98854.0,42916.0,19310.0,3261.0
2015-09-18,11170243.0,233089.0,235736.0,99648.0,683928.0,78227.0,2415146.0,247639.0,82293.0,629571.0,0.0,258580.0,18918.0,38963.0,114934.0,3300.0,0.0
2015-09-21,3184281.0,105777.0,652063.0,70308.0,494537.0,231581.0,59808.0,281132.0,24929.0,461055.0,0.0,108144.0,15320.0,28779.0,280874.0,21780.0,70.0
2015-09-23,5225079.0,287628.0,764252.0,64872.0,1073000.0,165277.0,539104.0,282451.0,90115.0,497721.0,0.0,43747.0,12645.0,34864.0,205691.0,64339.0,118013.0
2015-09-24,6684510.0,205855.0,356731.0,62866.0,1092360.0,180631.0,970609.0,1086255.0,254049.0,1057617.0,852.0,111402.0,12887.0,41483.0,110127.0,60000.0,118013.0
2015-09-25,6694954.0,251099.0,3800485.0,135348.0,847966.0,129330.0,288588.0,531847.0,25175.0,387270.0,852.0,72961.0,18692.0,139854.0,146832.0,17458.0,119.0
2015-09-28,5999794.0,42569.0,7221740.0,12999.0,496703.0,44485.0,205513.0,215127.0,30312.0,371868.0,0.0,3877.0,0.0,55442.0,9080.0,32000.0,0.0
2015-09-29,5999794.0,42569.0,7221740.0,12999.0,496703.0,44485.0,205513.0,215127.0,30312.0,371868.0,0.0,3877.0,661.0,55442.0,9080.0,32000.0,0.0
2015-09-30,4974172.0,137082.0,17523129.0,57633.0,175788.0,530794.0,96634.0,141118.0,25627.0,514629.0,0.0,95737.0,661.0,81277.0,48573.0,5483.0,6000.0
2015-10-01,11188754.0,299006.0,456620.0,39628.0,674197.0,326475.0,357043.0,540304.0,143165.0,1339995.0,0.0,33615.0,13563.0,93279.0,111548.0,5483.0,6000.0
2015-10-02,8006632.0,334181.0,320291.0,32803.0,349242.0,51720.0,28791.0,3179775.0,68987.0,1365540.0,0.0,8047.0,2522.0,29924.0,161757.0,0.0,0.0
2015-10-05,6185285.0,141412.0,523094.0,137186.0,793907.0,210443.0,101284.0,194021.0,66735.0,1091643.0,0.0,162332.0,10427.0,108034.0,110627.0,16435.0,210.0
2015-10-06,6185285.0,141412.0,2545020.0,137186.0,793907.0,210443.0,101284.0,194021.0,66735.0,1091643.0,0.0,162332.0,10427.0,108034.0,110627.0,16435.0,0.0
2015-10-07,13967110.0,280425.0,781888.0,488597.0,1917841.0,219041.0,121103.0,279533.0,33392.0,1481448.0,0.0,37845.0,22865.0,109941.0,186360.0,57617.0,5600.0
2015-10-08,22074929.0,195030.0,781888.0,709658.0,2160368.0,163875.0,270310.0,210414.0,189686.0,4058094.0,0.0,7877.0,24650.0,121051.0,225376.0,13000.0,433.0
2015-10-09,16704878.0,83113.0,2064395.0,148105.0,688143.0,93595.0,145432.0,241264.0,276007.0,2090736.0,0.0,590151.0,11974.0,63533.0,65250.0,52329.0,433.0
2015-10-13,9176511.0,203644.0,64564.0,166250.0,1245433.0,213280.0,186864.0,271607.0,80602.0,853644.0,0.0,88591.0,15450.0,112424.0,65204.0,12510.0,60.0
2015-10-15,10066516.0,145852.0,395000.0,214313.0,659700.0,70451.0,184687.0,118954.0,99650.0,411864.0,0.0,56863.0,11961.0,236095.0,180197.0,1258.0,300.0
2015-10-16,16930037.0,207013.0,135538.0,43841.0,484703.0,85566.0,157979.0,113118.0,54172.0,436665.0,0.0,92720.0,1437.0,100498.0,49048.0,1258.0,0.0
2015-10-19,11325220.0,232342.0,1848.0,43858.0,562753.0,74126.0,77355.0,193653.0,285194.0,971847.0,0.0,121016.0,5016.0,40254.0,66837.0,24551.0,330729.0
2015-10-21,8152267.0,367629.0,350657.0,76604.0,261264.0,262814.0,122778.0,317468.0,119830.0,1255437.0,0.0,373110.0,2394.0,70519.0,102716.0,7200.0,37748.0
2015-10-22,5778485.0,61690.0,329403.0,477415.0,641483.0,236471.0,82315.0,107818.0,77638.0,1443744.0,2854.0,1403.0,1096.0,74607.0,66125.0,6205.0,70.0
2015-10-23,8685631.0,262408.0,123030.0,399725.0,611295.0,193763.0,185415.0,328153.0,65023.0,1009830.0,0.0,1340483.0,16592.0,61306.0,57324.0,0.0,70.0
2015-10-26,4400223.0,188467.0,439131.0,57965.0,258270.0,85543.0,267851.0,331109.0,25798.0,671610.0,18000.0,132910.0,28554.0,68902.0,65627.0,5600.0,84178.0
2015-10-27,4400223.0,188467.0,439131.0,57965.0,258270.0,85543.0,267851.0,331109.0,25798.0,671610.0,18000.0,132910.0,28554.0,68902.0,65627.0,5600.0,350.0
2015-10-28,6087675.0,136247.0,158686.0,378080.0,874568.0,180892.0,158962.0,525175.0,341103.0,1226964.0,0.0,735864.0,6455.0,137971.0,29265.0,7340.0,350.0
2015-10-29,8255393.0,213683.0,467030.0,629880.0,1588997.0,149935.0,149834.0,252449.0,139194.0,2759553.0,0.0,582644.0,14254.0,45721.0,37508.0,19501.0,2050.0
2015-10-30,4679511.0,387508.0,174401.0,113322.0,811272.0,64013.0,175132.0,38564.0,17574.0,716178.0,2000.0,45647.0,19895.0,5890.0,69156.0,657.0,41210.0
2015-11-03,8447272.0,154177.0,116999.0,196299.0,1152367.0,214447.0,174203.0,229408.0,39186.0,1589838.0,0.0,159392.0,4666.0,117424.0,191158.0,0.0,5060.0
2015-11-04,8447272.0,154177.0,116999.0,196299.0,1152367.0,214447.0,174203.0,229408.0,39186.0,1589838.0,0.0,159392.0,4666.0,117424.0,191158.0,0.0,5060.0
2015-11-05,9838784.0,292001.0,1800000.0,191566.0,2556662.0,157467.0,447496.0,242518.0,19627.0,1395714.0,634.0,6567.0,1621.0,88172.0,218545.0,0.0,5000.0
2015-11-06,19504902.0,665139.0,17201.0,10112.0,289806.0,228488.0,55313.0,151149.0,216884.0,867510.0,0.0,16591.0,17270.0,19236.0,28327.0,0.0,5000.0
2015-11-09,6126865.0,114506.0,199964.0,9397.0,1191143.0,327568.0,19133.0,170014.0,95874.0,615255.0,0.0,92834.0,2183.0,28860.0,233158.0,0.0,0.0
2015-11-10,6126865.0,114506.0,199964.0,9397.0,1191143.0,327568.0,19133.0,170014.0,95874.0,615255.0,89710.0,92834.0,2183.0,28860.0,233158.0,34897.0,1244.0
2015-11-11,6042647.0,188759.0,35788.0,28362.0,829775.0,4828978.0,714923.0,61532.0,163424.0,1107168.0,89710.0,335305.0,12507.0,43239.0,355901.0,34897.0,1244.0
2015-11-12,5142971.0,264668.0,79668.0,17809.0,1436246.0,20689.0,63323.0,58688.0,83199.0,538089.0,6250.0,174929.0,3226.0,28720.0,64384.0,0.0,3212.0
2015-11-13,9180113.0,147005.0,79668.0,21657.0,582265.0,270086.0,270908.0,159566.0,403419.0,1348479.0,740.0,389135.0,12492.0,56294.0,536937.0,235000.0,864.0
2015-11-17,10643964.0,377670.0,218846.0,83384.0,966591.0,646328.0,387394.0,518157.0,189892.0,3050964.0,0.0,167724.0,4881.0,208511.0,513695.0,0.0,0.0
2015-11-19,10761998.0,120153.0,20000.0,42873.0,1440569.0,374485.0,266087.0,20386.0,123812.0,733242.0,1012000.0,361710.0,5306.0,59363.0,499430.0,10000.0,200000.0
2015-11-20,10353832.0,223123.0,14724.0,46825.0,1375600.0,589229.0,544347.0,127363.0,234300.0,3587967.0,0.0,154410.0,5306.0,62576.0,940943.0,10000.0,200000.0
2015-11-23,6110817.0,124183.0,0.0,93896.0,370445.0,222413.0,118294.0,128312.0,153236.0,1967316.0,0.0,210001.0,14733.0,41662.0,565561.0,16428.0,15000.0
2015-11-24,6110817.0,124183.0,206878.0,93896.0,370445.0,222413.0,118294.0,128312.0,153236.0,1967316.0,0.0,210001.0,14733.0,41662.0,565561.0,16428.0,0.0
2015-11-25,19422561.0,318721.0,206878.0,27263.0,893342.0,211640.0,340309.0,392230.0,22036.0,2691048.0,0.0,103250.0,7613.0,65040.0,417880.0,13664.0,856.0
2015-11-26,14272803.0,520511.0,70553.0,199008.0,732450.0,271295.0,505274.0,354052.0,119911.0,3906099.0,509.0,803902.0,12863.0,136554.0,372050.0,51114.0,0.0
2015-11-27,1389676.0,43001.0,47326.0,72348.0,75522.0,69800.0,67725.0,44831.0,22830.0,404145.0,0.0,132189.0,1765.0,27528.0,201162.0,28644.0,0.0
2015-11-30,34329278.0,1664606.0,2236007.0,76838.0,2079487.0,712501.0,945688.0,1303990.0,388958.0,48135348.0,0.0,111118.0,7085.0,227687.0,8522244.0,2232.0,0.0
2015-12-01,34329278.0,1664606.0,2236007.0,76838.0,2079487.0,712501.0,945688.0,1303990.0,388958.0,48135348.0,7914.0,111118.0,7085.0,227687.0,8522244.0,2232.0,0.0
2015-12-02,7036801.0,243952.0,404929.0,76256.0,586296.0,308182.0,192136.0,97690.0,173116.0,4282749.0,7914.0,1089933.0,3691.0,54559.0,789198.0,31103.0,20000.0
2015-12-03,6780246.0,194305.0,772096.0,25373.0,948099.0,158876.0,130592.0,291452.0,98568.0,5944431.0,0.0,59313.0,5176.0,55617.0,684154.0,2400.0,0.0
2015-12-04,5867001.0,80856.0,93434.0,21350.0,908712.0,143317.0,80807.0,121138.0,579592.0,4202580.0,0.0,87990.0,3749.0,7630.0,2536574.0,2400.0,0.0
2015-12-07,5929753.0,91115.0,0.0,8269.0,264387.0,236718.0,191740.0,294419.0,332088.0,972585.0,0.0,46786.0,3656.0,20450.0,89436.0,62068.0,0.0
2015-12-09,8875766.0,217155.0,58756.0,35906.0,605245.0,146243.0,250286.0,244338.0,159661.0,4550583.0,0.0,195258.0,5758.0,27457.0,478844.0,13582.0,0.0
2015-12-10,8875766.0,217155.0,58756.0,35906.0,605245.0,146243.0,250286.0,244338.0,159661.0,4550583.0,0.0,195258.0,5758.0,27457.0,478844.0,13582.0,50000.0
2015-12-11,3932535.0,251392.0,203215.0,51987.0,788893.0,322696.0,140399.0,351463.0,286245.0,6684123.0,0.0,104361.0,4326.0,210963.0,254418.0,130757.0,50000.0
2015-12-14,10126049.0,707734.0,81213.0,143687.0,737222.0,89723.0,915066.0,203735.0,405635.0,4691640.0,0.0,166407.0,1624.0,42000.0,143446.0,9834.0,0.0
2015-12-15,10126049.0,707734.0,81213.0,143687.0,737222.0,89723.0,915066.0,203735.0,405635.0,4691640.0,0.0,166407.0,1624.0,42000.0,143446.0,2762.0,0.0
2015-12-16,9555837.0,254553.0,118713.0,101385.0,1016501.0,169055.0,514740.0,258253.0,129499.0,1825182.0,0.0,265976.0,11552.0,65436.0,119125.0,0.0,0.0
2015-12-17,5691581.0,264828.0,81459.0,65189.0,556273.0,342520.0,87049.0,319101.0,162240.0,2583609.0,196.0,113834.0,3330.0,94764.0,482867.0,33115.0,190000.0
2015-12-18,8677628.0,455337.0,259743.0,96754.0,735832.0,218859.0,152819.0,644350.0,371534.0,2620458.0,0.0,277691.0,3971.0,128325.0,364560.0,33115.0,190000.0
2015-12-21,6081720.0,189367.0,56420.0,34572.0,508112.0,108650.0,40551.0,135384.0,79040.0,224232.0,0.0,74530.0,367.0,13249.0,167990.0,5000.0,4430.0
2015-12-22,6081720.0,189367.0,56420.0,34572.0,508112.0,108650.0,40551.0,135384.0,79040.0,224232.0,5317.0,74530.0,367.0,13249.0,167990.0,0.0,4430.0
2015-12-23,2789429.0,108521.0,14554.0,59755.0,428029.0,58150.0,10857622.0,178949.0,72521.0,1880808.0,0.0,237256.0,2261.0,42451.0,154691.0,5500.0,2000.0
2015-12-24,6778061.0,137835.0,65122.0,79357.0,376294.0,65888.0,198036.0,150018.0,101763.0,1948113.0,0.0,544324.0,16721.0,44538.0,127802.0,5500.0,0.0
2015-12-25,2900079.0,110788.0,54026.0,6430.0,307049.0,49846.0,51725.0,0.0,78956.0,686541.0,0.0,66614.0,0.0,26291.0,54565.0,32490.0,0.0
2015-12-28,3057501.0,74925.0,112384.0,50223.0,209085.0,26059.0,69958.0,31808.0,22384.0,483753.0,0.0,49488.0,0.0,14050.0,59648.0,400.0,734.0
2015-12-30,2358582.0,135747.0,55239.0,53153.0,185773.0,2894142.0,36948.0,38010.0,46067.0,251793.0,2000.0,142587.0,0.0,23215.0,42928.0,43522.0,24500.0
2015-12-31,2004637.0,202592.0,0.0,110634.0,193126.0,0.0,175343.0,53152.0,17746.0,208332.0,0.0,47438.0,0.0,61155.0,79523.0,0.0,24500.0
2016-01-04,2838452.0,83255.0,25803.0,21976.0,223754.0,49742.0,37502.0,94862.0,43779.0,84504.0,0.0,31821.0,0.0,29014.0,74466.0,21356.0,1000.0
2016-01-05,2838452.0,83255.0,25803.0,21976.0,223754.0,49742.0,37502.0,94862.0,43779.0,84504.0,9129.0,31821.0,198.0,29014.0,74466.0,21356.0,4000.0
2016-01-06,5489806.0,180601.0,69050.0,5587.0,90143.0,96230.0,119796.0,187436.0,9337.0,2095962.0,0.0,506911.0,198.0,39536.0,185902.0,33236.0,4000.0
2016-01-07,5171972.0,166367.0,255907.0,32587.0,342142.0,114402.0,119796.0,143243.0,814459.0,656592.0,0.0,222415.0,1613.0,88385.0,137351.0,21000.0,5000.0
2016-01-08,6077752.0,182049.0,77676.0,22582.0,402621.0,87918.0,62460.0,118809.0,199746.0,507501.0,0.0,1249015.0,720.0,17924.0,110088.0,0.0,0.0
2016-01-12,14073512.0,208765.0,6441.0,20873.0,278415.0,327213.0,145377.0,200730.0,243888.0,422400.0,450.0,242260.0,5157.0,97279.0,202320.0,0.0,3219.0
2016-01-13,14073512.0,208765.0,6441.0,20873.0,278415.0,327213.0,145377.0,200730.0,243888.0,422400.0,0.0,242260.0,5157.0,97279.0,202320.0,8963.0,3219.0
2016-01-14,10172368.0,293085.0,256411.0,27702.0,242931.0,182027.0,254036.0,137313.0,408261.0,357024.0,0.0,554907.0,5498.0,59646.0,62352.0,0.0,0.0
2016-01-15,8648680.0,325732.0,366846.0,62570.0,618331.0,499309.0,548964.0,449470.0,160774.0,266439.0,5000.0,500100.0,3872.0,51422.0,158084.0,12695.0,0.0
2016-01-18,6795457.0,248699.0,115958.0,11384.0,228646.0,136186.0,120712.0,362949.0,9480.0,491550.0,0.0,308091.0,1138.0,39521.0,23028.0,0.0,0.0
2016-01-19,6795457.0,248699.0,115958.0,11384.0,228646.0,136186.0,120712.0,362949.0,9480.0,491550.0,7550.0,308091.0,1138.0,39521.0,23028.0,0.0,0.0
2016-01-20,13718117.0,418009.0,303551.0,63770.0,445840.0,167027.0,155550.0,244025.0,202683.0,2965347.0,5000.0,11739.0,2939.0,67171.0,460302.0,0.0,0.0
2016-01-21,15922245.0,2607282.0,2904023.0,92500.0,1178127.0,236366.0,218411.0,270407.0,218651.0,3975444.0,0.0,610689.0,4506.0,95148.0,546193.0,42207.0,0.0
2016-01-22,12594160.0,2038284.0,669348.0,607971.0,1145504.0,430319.0,206852.0,195574.0,98506.0,978954.0,0.0,130189.0,2320.0,52017.0,243915.0,42207.0,0.0
2016-01-25,14192806.0,331984.0,236916.0,166508.0,605958.0,199217.0,197338.0,109483.0,71327.0,430926.0,1262.0,612037.0,6603.0,33039.0,37224.0,1848.0,1423.0
2016-01-26,14192806.0,331984.0,236916.0,166508.0,605958.0,199217.0,197338.0,109483.0,71327.0,430926.0,0.0,612037.0,6603.0,33039.0,37224.0,1848.0,0.0
2016-01-27,12766330.0,415816.0,176336.0,125749.0,901484.0,114281.0,243426.0,19169756.0,218072.0,677157.0,6538.0,134434.0,8630.0,26109.0,200726.0,40300.0,4819.0
2016-01-28,11105561.0,1556533.0,69267.0,105622.0,955779.0,69562.0,199588.0,336837.0,148886.0,3028959.0,0.0,66409.0,1152.0,24975.0,112190.0,41208.0,4819.0
2016-01-29,23876003.0,405426.0,37559.0,70471.0,665318.0,192675.0,269600.0,170016.0,211018.0,1226640.0,0.0,309366.0,23329.0,22224.0,140043.0,6873.0,2353.0
2016-02-01,13373859.0,306632.0,197615.0,18243.0,681910.0,207173.0,173886.0,68695.0,155672.0,777879.0,0.0,79495.0,1954.0,50139.0,65891.0,13180.0,0.0
2016-02-02,13373859.0,306632.0,197615.0,18243.0,681910.0,207173.0,173886.0,68695.0,155672.0,777879.0,1748.0,79495.0,1954.0,50139.0,65891.0,13180.0,70.0
2016-02-03,12717332.0,906103.0,14440.0,77121.0,688417.0,154658.0,130904.0,509218.0,58881.0,441327.0,0.0,100522.0,1543.0,25840.0,56343.0,10600.0,70.0
2016-02-04,18496852.0,83667.0,14732.0,127252.0,1260695.0,204942.0,166405.0,328266.0,73477.0,420258.0,0.0,156525.0,1129.0,22178.0,302641.0,19500.0,0.0
2016-02-05,19873948.0,250549.0,132932.0,113059.0,1072381.0,209922.0,256234.0,288100.0,645609.0,597288.0,5353.0,1206489.0,23464.0,31818.0,199272.0,8109.0,0.0
2016-02-08,7403197.0,59714.0,45630.0,62059.0,466812.0,30760.0,61804.0,29103.0,53633.0,43617.0,0.0,226621.0,933.0,18093.0,98035.0,296630.0,0.0
2016-02-09,7403197.0,59714.0,45630.0,62059.0,466812.0,30760.0,61804.0,29103.0,53633.0,43617.0,0.0,226621.0,933.0,18093.0,98035.0,296630.0,6757.0
2016-02-10,23965471.0,512965.0,584243.0,101018.0,1697335.0,184713.0,272712.0,709925.0,377036.0,412008.0,0.0,623704.0,13342.0,77097.0,671502.0,66125.0,0.0
2016-02-11,14508051.0,514377.0,203920.0,2473855.0,542272.0,143743.0,3244149.0,571009.0,201425.0,836265.0,0.0,593487.0,15164.0,141961.0,94576.0,13877.0,445.0
2016-02-12,24579078.0,290896.0,603365.0,218814.0,988632.0,1684806.0,406910.0,549234.0,195843.0,1165680.0,8562.0,254968.0,4319.0,43047.0,249509.0,350612.0,0.0
2016-02-15,5184385.0,72576.0,23836.0,31640.0,105639.0,28212.0,68247.0,61822.0,26972.0,578445.0,31451.0,24215.0,319.0,10054.0,45750.0,23869.0,0.0
2016-02-16,5184385.0,72576.0,23836.0,31640.0,105639.0,28212.0,68247.0,61822.0,26972.0,578445.0,0.0,24215.0,319.0,10054.0,45750.0,23869.0,0.0
2016-02-17,24226093.0,732170.0,395423.0,76165.0,1019815.0,247971.0,310733.0,25432051.0,436798.0,1841991.0,4368.0,2072748.0,31739.0,99037.0,312870.0,38531.0,0.0
2016-02-18,30398566.0,569124.0,228311.0,92609.0,1065217.0,305129.0,272093.0,1183353.0,111163.0,796167.0,0.0,481621.0,34898.0,137034.0,212119.0,33687.0,0.0
2016-02-19,32381043.0,421881.0,228377.0,45399.0,920725.0,317668.0,411793.0,477704.0,199121.0,2879661.0,0.0,244083.0,68051.0,71396.0,296874.0,493704.0,0.0
2016-02-22,16447235.0,152924.0,385671.0,60946.0,288405.0,143683.0,123728.0,450849.0,142872.0,663441.0,0.0,291805.0,14784.0,15685.0,143061.0,34276.0,1000.0
2016-02-24,24878580.0,376940.0,325610.0,52086.0,803440.0,202736.0,191012.0,366883.0,50473.0,633978.0,0.0,147280.0,7770.0,17751.0,423797.0,37910.0,53809.0
2016-02-25,24046584.0,500818.0,1244829.0,65445.0,650893.0,242379.0,284182.0,516993.0,148179.0,629757.0,0.0,958041.0,17038.0,43650.0,372730.0,116591.0,53809.0
2016-02-26,30677392.0,469879.0,983003.0,6099.0,726507.0,163130.0,472666.0,1107068.0,311686.0,6683028.0,2082.0,540876.0,20431.0,83395.0,215742.0,63714.0,5417.0
2016-02-29,18919883.0,465649.0,1835803.0,108177.0,490325.0,252477.0,224430.0,894836.0,70835.0,1084353.0,0.0,1332490.0,3073.0,105050.0,54530.0,37488.0,4280.0
2016-03-02,24038929.0,1112620.0,320032.0,48520.0,317811.0,164135.0,343471.0,249380.0,330554.0,6087441.0,0.0,2210861.0,6004.0,224731.0,101156.0,51240.0,0.0
2016-03-03,44854626.0,394243.0,1281550.0,132739.0,932320.0,516942.0,508027.0,878869.0,370047.0,10159191.0,0.0,954838.0,15638.0,134687.0,267607.0,5518.0,0.0
2016-03-04,25035594.0,324539.0,1309681.0,105536.0,2037719.0,202046.0,348904.0,975949.0,267805.0,2649882.0,0.0,781026.0,17920.0,188599.0,189640.0,32412.0,289.0
2016-03-07,36767104.0,222868.0,92213.0,290538.0,2098649.0,72774.0,102434.0,223340.0,143703.0,2570691.0,9068.0,252229.0,12027.0,17578.0,88613.0,49922.0,2381.0
2016-03-09,32501797.0,286749.0,236574.0,161130.0,813198.0,178318.0,213537.0,487437.0,611838.0,1978764.0,0.0,194725.0,4885.0,22436.0,210515.0,31946.0,0.0
2016-03-10,29130546.0,180215.0,674069.0,395214.0,1649910.0,185693.0,545322.0,260198.0,118661.0,1165308.0,0.0,181048.0,6412.0,23520.0,163558.0,78000.0,6444.0
2016-03-11,19242811.0,1228506.0,305721.0,158071.0,1101277.0,225101.0,315280.0,394205.0,538658.0,1434471.0,0.0,542552.0,11999.0,47044.0,115685.0,78000.0,340.0
2016-03-14,5575416.0,119796.0,53500.0,8276.0,370416.0,90838.0,73378.0,94276.0,66939.0,1229505.0,0.0,259000.0,10167.0,22912.0,10857.0,15191.0,173.0
2016-03-15,5575416.0,365085.0,53500.0,8276.0,370416.0,90838.0,73378.0,94276.0,66939.0,1229505.0,0.0,259000.0,10167.0,22912.0,10857.0,15191.0,173.0
2016-03-16,19701904.0,365085.0,589383.0,79595.0,905471.0,324087.0,286994.0,306842.0,159573.0,1769631.0,0.0,355950.0,10348.0,30350.0,62487.0,147241.0,0.0
2016-03-17,15960555.0,273255.0,297852.0,93023.0,846557.0,224873.0,234588.0,348442.0,84305.0,3619524.0,0.0,344249.0,13038.0,30350.0,27237.0,1228.0,0.0
2016-03-18,32235682.0,603198.0,418752.0,147603.0,1279424.0,997973.0,1636747.0,1392682.0,213254.0,7248813.0,3107.0,574361.0,37092.0,234065.0,178540.0,2405.0,7364.0
2016-03-22,19430183.0,336163.0,222144.0,89610.0,658428.0,294532.0,430598.0,396015.0,89736.0,2500161.0,0.0,399458.0,917.0,67420.0,107449.0,63044.0,0.0
2016-03-24,12778363.0,125275.0,170500.0,1476.0,355366.0,95581.0,78448.0,163707.0,25400.0,2972058.0,0.0,623715.0,0.0,25181.0,0.0,103000.0,0.0
2016-03-29,9997403.0,333687.0,61638.0,66117.0,935441.0,177003.0,362928.0,359931.0,152054.0,2582316.0,0.0,236601.0,11071.0,50860.0,38225.0,5300.0,2450.0
2016-03-31,19409861.0,283628.0,348330.0,204183.0,903723.0,192344.0,337592.0,917614.0,91058.0,1623183.0,4238.0,1562067.0,4102.0,35804.0,119551.0,98238.0,0.0
2016-04-01,14440344.0,771941.0,1448288.0,361064.0,1332916.0,554760.0,1001333.0,1349606.0,404320.0,1177128.0,0.0,1025511.0,45936.0,160296.0,266528.0,48491.0,0.0
2016-04-04,10923096.0,91067.0,227957.0,222512.0,373944.0,61633.0,481927.0,350808.0,84397.0,629280.0,0.0,443658.0,70006.0,20416.0,99590.0,0.0,1.0
2016-04-05,10923096.0,91067.0,227957.0,222512.0,373944.0,61633.0,481927.0,350808.0,84397.0,629280.0,0.0,443658.0,70006.0,20416.0,99590.0,58040.0,0.0
2016-04-06,9468641.0,195862.0,110571.0,8656.0,219610.0,86534.0,239780.0,116420.0,60303.0,196089.0,0.0,383709.0,697.0,21603.0,185396.0,58040.0,0.0
2016-04-07,25448916.0,169301.0,399162.0,85693.0,494262.0,191895.0,430623.0,672598.0,181439.0,1594401.0,0.0,1202707.0,3002.0,50807.0,113306.0,22836.0,0.0
2016-04-08,16118666.0,696566.0,366797.0,32117.0,453332.0,194085.0,87412.0,684845.0,92034.0,1109529.0,0.0,498380.0,3865.0,79253.0,308301.0,22836.0,0.0
2016-04-11,12289478.0,284955.0,476435.0,174096.0,770990.0,167004.0,189277.0,418332.0,254072.0,1716399.0,10000.0,2073654.0,17693.0,210853.0,144069.0,5170.0,900.0
2016-04-13,26352605.0,1102993.0,1088017.0,305495.0,1159559.0,239803.0,189079.0,325385.0,380440.0,1965396.0,0.0,550885.0,18563.0,118233.0,122988.0,102666.0,6040.0
2016-04-14,22272454.0,751770.0,850079.0,999790.0,2571855.0,598489.0,282259.0,377921.0,638933.0,2884278.0,4290.0,941455.0,17148.0,157683.0,357030.0,65544.0,1944.0
2016-04-15,10560376.0,346083.0,80326.0,176108.0,653797.0,86687.0,229960.0,638257.0,172034.0,2767083.0,0.0,1449659.0,9866.0,116087.0,115703.0,21899.0,15000.0
2016-04-18,17912580.0,940047.0,528696.0,220975.0,582898.0,96622.0,425719.0,244949.0,101234.0,1001988.0,0.0,342416.0,14435.0,883534.0,284430.0,23337.0,0.0
2016-04-19,17912580.0,940047.0,528696.0,220975.0,582898.0,96622.0,425719.0,244949.0,101234.0,1001988.0,6200.0,342416.0,14435.0,883534.0,284430.0,23337.0,50729.0
2016-04-20,21199231.0,781790.0,272210.0,289552.0,482240.0,62687.0,97745.0,581406.0,58239.0,770979.0,425.0,607010.0,13751.0,115065.0,247525.0,600.0,50729.0
2016-04-21,32377577.0,978901.0,191856.0,213425.0,1285893.0,339338.0,136715.0,836174.0,74621.0,2100774.0,425.0,502498.0,6529.0,49901.0,115185.0,20400.0,0.0
2016-04-22,19987956.0,857633.0,812559.0,222802.0,2075592.0,141536.0,215204.0,754924.0,153511.0,2680641.0,8303.0,489163.0,7729.0,67393.0,130420.0,20400.0,0.0
2016-04-25,9809184.0,1377079.0,223301.0,28561.0,360576.0,340913.0,409120.0,262591.0,105202.0,1649763.0,0.0,759794.0,333.0,45129.0,119977.0,1103.0,0.0
2016-04-26,9809184.0,1377079.0,223301.0,28561.0,360576.0,340913.0,409120.0,262591.0,105202.0,1649763.0,20726.0,759794.0,333.0,45129.0,119977.0,0.0,14029.0
2016-04-27,9746287.0,1359418.0,69277.0,37670.0,395370.0,219115.0,271763.0,618383.0,44844.0,2149167.0,12100.0,242225.0,744.0,173398.0,54790.0,7783.0,14029.0
2016-04-28,36584221.0,446360.0,146094.0,204000.0,555127.0,106349.0,38278.0,616280.0,90483.0,1060410.0,0.0,624015.0,744.0,54333.0,484710.0,7783.0,24000.0
2016-04-29,20394386.0,1211882.0,606711.0,67402.0,1631055.0,262891.0,176501.0,722343.0,145730.0,2261316.0,0.0,1420707.0,6219.0,98392.0,32792.0,98755.0,0.0
2016-05-02,15331507.0,478077.0,255306.0,230087.0,358359.0,64316.0,145375.0,229841.0,258092.0,801573.0,0.0,74562.0,6340.0,51914.0,55324.0,158324.0,0.0
2016-05-03,15331507.0,478077.0,255306.0,230087.0,358359.0,64316.0,145375.0,229841.0,258092.0,801573.0,0.0,74562.0,6340.0,51914.0,55324.0,158324.0,0.0
2016-05-04,8866458.0,340000.0,146849.0,990453.0,1217299.0,263554.0,112475.0,777236.0,86188.0,2978631.0,0.0,530076.0,10224.0,375468.0,259486.0,8485.0,0.0
2016-05-05,23233151.0,185267.0,1625000.0,728609.0,1085865.0,1098939.0,145123.0,360052.0,80239.0,2603667.0,0.0,1895365.0,886.0,53586.0,80488.0,8300.0,0.0
2016-05-06,14849808.0,250228.0,341393.0,324664.0,582573.0,2559333.0,98866.0,237707.0,150762.0,1104321.0,0.0,218489.0,1253.0,78418.0,22508.0,57450.0,0.0
2016-05-10,10440095.0,503382.0,522281.0,92631.0,541362.0,224651.0,413766.0,963360.0,211761.0,5294340.0,0.0,2502422.0,6322.0,70011.0,1546565.0,22000.0,500.0
2016-05-12,13275611.0,2387446.0,669641.0,900387.0,1363463.0,2299051.0,307532.0,1328872.0,316822.0,2036430.0,66171.0,6961586.0,21066.0,131238.0,2710974.0,43060.0,0.0
2016-05-13,12487711.0,1168384.0,2099647.0,257284.0,1250262.0,354339.0,520139.0,612520.0,406284.0,2083905.0,66171.0,1391672.0,78544.0,147207.0,208082.0,50000.0,0.0
2016-05-16,17138320.0,337875.0,234319.0,60479.0,856950.0,395868.0,188256.0,935412.0,167052.0,3003945.0,0.0,419099.0,5228.0,43203.0,145627.0,5200.0,0.0
2016-05-17,17138320.0,337875.0,234319.0,60479.0,856950.0,395868.0,188256.0,935412.0,167052.0,3003945.0,0.0,419099.0,5228.0,43203.0,145627.0,5200.0,0.0
2016-05-18,17817473.0,658655.0,60604.0,55991.0,507899.0,98866.0,163755.0,172772.0,24327.0,540705.0,0.0,530437.0,1011.0,80093.0,299492.0,37788.0,0.0
2016-05-19,17300529.0,348373.0,325979.0,49772.0,520913.0,200853.0,280313.0,1038112.0,152429.0,662745.0,484.0,337392.0,5642.0,159909.0,96062.0,12580.0,0.0
2016-05-20,13483569.0,664986.0,240237.0,18519.0,392496.0,160032.0,136751.0,682991.0,143512.0,2374554.0,0.0,188339.0,7788.0,228017.0,118416.0,27092.0,0.0
2016-05-23,6067501.0,174052.0,241814.0,137397.0,461356.0,83644.0,192918.0,244853.0,38432.0,1921248.0,0.0,99813.0,29176.0,40782.0,54464.0,35260.0,0.0
2016-05-24,6067501.0,174052.0,241814.0,137397.0,461356.0,83644.0,192918.0,244853.0,38432.0,1921248.0,0.0,99813.0,29176.0,40782.0,54464.0,35260.0,7470.0
2016-05-25,6913293.0,660567.0,367903.0,402799.0,398015.0,174358.0,100379.0,594764.0,140877.0,1823547.0,0.0,367938.0,543587.0,186287.0,367049.0,46930.0,16311.0
2016-05-26,20129520.0,1088660.0,397964.0,223278.0,1359111.0,213360.0,114447.0,404936.0,94381.0,3699390.0,10000.0,2092608.0,12810.0,30545.0,266974.0,1635.0,0.0
2016-05-27,12281156.0,211072.0,438658.0,51655.0,670111.0,270550.0,271918.0,521642.0,67179.0,1900596.0,0.0,550777.0,6124.0,109445.0,131082.0,9730.0,0.0
2016-05-31,26018349.0,1099844.0,31133.0,99598.0,1153350.0,786826.0,712546.0,3498984.0,157888.0,1897284.0,0.0,448612.0,13869.0,340650.0,109706.0,7208.0,0.0
2016-06-02,8610179.0,255824.0,597523.0,92621.0,1270168.0,281752.0,261692.0,196070.0,330440.0,3379359.0,0.0,22933.0,11488.0,27484.0,259640.0,61124.0,7000.0
2016-06-03,6206885.0,90228.0,97790.0,367377.0,789716.0,72213.0,145313.0,42059.0,37180.0,4275054.0,0.0,134850.0,0.0,6904.0,856188.0,456040.0,0.0
2016-06-07,19940073.0,255598.0,155650.0,131367.0,1201307.0,195419.0,135282.0,983263.0,37847.0,2306175.0,0.0,93677.0,6700.0,85640.0,79301.0,247.0,648.0
2016-06-09,15776777.0,263378.0,321790.0,154885.0,940466.0,354557.0,297423.0,524204.0,206772.0,1439307.0,103.0,168552.0,6891.0,155265.0,121849.0,1855.0,0.0
2016-06-10,13242316.0,357370.0,1591586.0,89076.0,310272.0,100351.0,206351.0,238591.0,38494.0,3210000.0,0.0,793717.0,10604.0,104386.0,382940.0,7727.0,0.0
2016-06-13,7256502.0,128755.0,27930.0,109402.0,577160.0,63845.0,37151.0,89187.0,118009.0,1055655.0,0.0,189693.0,10410.0,29975.0,86423.0,81200.0,0.0
2016-06-15,5627028.0,105297.0,150579.0,46714.0,719584.0,201107.0,144965.0,537686.0,189234.0,1339956.0,11000.0,745165.0,737.0,35418.0,309457.0,5000.0,0.0
2016-06-16,13523751.0,167036.0,98172.0,40300.0,212402.0,155686.0,542697.0,318071.0,880855.0,1989816.0,0.0,1956633.0,1971.0,31926.0,107930.0,5000.0,430.0
2016-06-17,13523751.0,147239.0,104775.0,40887.0,270348.0,43516.0,56089.0,362959.0,351037.0,770928.0,0.0,87713.0,5317.0,63929.0,188540.0,55383.0,500.0
2016-06-20,16429838.0,213443.0,174544.0,220444.0,228361.0,259823.0,151309.0,386062.0,733421.0,8462058.0,0.0,476984.0,4659.0,36684.0,889982.0,26918.0,185.0
2016-06-22,15360357.0,787075.0,777546.0,130170.0,315702.0,242574.0,311556.0,672858.0,568286.0,4639143.0,13006.0,283083.0,54147.0,131776.0,142251.0,7415.0,0.0
2016-06-23,10880616.0,779217.0,825094.0,165395.0,439094.0,403775.0,489399.0,404669.0,1367105.0,2351814.0,0.0,231522.0,32483.0,78625.0,188026.0,0.0,0.0
2016-06-24,6224162.0,327774.0,138400.0,150924.0,484639.0,157248.0,171970.0,288880.0,126103.0,1555305.0,0.0,322350.0,8036.0,58344.0,77583.0,95494.0,397.0
2016-06-27,8155716.0,138552.0,219576.0,129082.0,317536.0,59922.0,56905.0,63437.0,93511.0,347814.0,0.0,91977.0,1848.0,23744.0,19650.0,41860.0,0.0
2016-06-28,8155716.0,138552.0,219576.0,129082.0,317536.0,59922.0,56905.0,63437.0,93511.0,347814.0,0.0,91977.0,1848.0,23744.0,19650.0,41860.0,0.0
2016-06-29,5122511.0,224186.0,529485.0,20704.0,179752.0,48417.0,127919.0,81703.0,65973.0,1393464.0,0.0,131948.0,2046.0,107573.0,301095.0,44708.0,0.0
2016-06-30,5073936.0,137316.0,3055108.0,97882.0,322330.0,46826.0,43910.0,126810.0,30645.0,2159682.0,0.0,41482.0,5792.0,16036.0,490821.0,0.0,15000.0
2016-07-01,7869302.0,335190.0,136478.0,21109.0,295472.0,150634.0,204714.0,682787.0,94951.0,1726122.0,0.0,30529.0,8692.0,90495.0,203278.0,50000.0,15000.0
2016-07-05,7415475.0,115902.0,130403.0,35098.0,223499.0,56368.0,59471.0,443250.0,20229.0,994476.0,0.0,31394.0,4601.0,24121.0,11398.0,60143.0,0.0
2016-07-06,7415475.0,115902.0,130403.0,35098.0,223499.0,56368.0,59471.0,443250.0,20229.0,994476.0,3759.0,31394.0,4601.0,24121.0,11398.0,60143.0,0.0
2016-07-07,6077781.0,267879.0,279280.0,20023.0,135193.0,80983.0,116696.0,435423.0,94648.0,4307418.0,3759.0,77073.0,2667.0,18240.0,280026.0,11566.0,0.0
2016-07-08,13660539.0,768820.0,283166.0,16378.0,175754.0,114108.0,190260.0,235576.0,135105.0,4434372.0,9623.0,203103.0,40885.0,21360.0,342123.0,2843.0,8570.0
2016-07-11,4082790.0,149102.0,104725.0,27854.0,343347.0,53580.0,82272.0,113019.0,7652.0,2599392.0,776.0,215532.0,5053.0,42364.0,24197.0,34064.0,6512.0
2016-07-13,7717455.0,380653.0,10967489.0,52667.0,575569.0,158051.0,313527.0,465121.0,180916.0,4608828.0,565.0,99378.0,4113.0,111907.0,182065.0,4780.0,7127.0
2016-07-14,11460450.0,459705.0,186820.0,34043.0,361105.0,260942.0,376684.0,527183.0,123664.0,6800319.0,0.0,161650.0,7065.0,178819.0,4929613.0,4780.0,7127.0
2016-07-15,6039150.0,658024.0,186820.0,71425.0,803120.0,312453.0,388442.0,485344.0,373844.0,3756756.0,4500.0,75838.0,6083.0,97075.0,3660078.0,28329.0,0.0
2016-07-18,4539943.0,397693.0,202358.0,69926.0,381969.0,185019.0,251516.0,226131.0,219079.0,3942867.0,1700.0,94883.0,113.0,60032.0,249886.0,25091.0,7000.0
2016-07-19,4539943.0,397693.0,202358.0,69926.0,381969.0,185019.0,251516.0,226131.0,219079.0,3942867.0,5000.0,94883.0,113.0,60032.0,249886.0,25091.0,0.0
2016-07-20,18459800.0,793373.0,241842.0,69467.0,358542.0,207683.0,451522.0,413773.0,276060.0,28910982.0,0.0,0.0,5838.0,99859.0,0.0,0.0,0.0
2016-07-21,17095694.0,167867.0,1133000.0,87913.0,294024.0,129724.0,111937.0,392548.0,59757.0,7374099.0,2500.0,41457.0,1807.0,50793.0,90413.0,0.0,0.0
2016-07-22,17095694.0,167867.0,1133000.0,87913.0,294024.0,129724.0,111937.0,392548.0,59757.0,7374099.0,0.0,41457.0,1807.0,50793.0,90413.0,5169.0,15000.0
2016-07-25,7636555.0,418979.0,1059777.0,51379.0,229596.0,260735.0,75462.0,416082.0,145984.0,947196.0,972.0,220435.0,4337.0,49012.0,57447.0,8650.0,765.0
2016-07-26,7636555.0,418979.0,1059777.0,51379.0,229596.0,260735.0,75462.0,416082.0,145984.0,947196.0,0.0,220435.0,4337.0,49012.0,57447.0,1627.0,3308.0
2016-07-27,5957306.0,293125.0,1011706.0,93597.0,372455.0,245300.0,43646.0,411336.0,90898.0,2301387.0,0.0,88623.0,933.0,73489.0,243740.0,1627.0,3308.0
2016-07-28,8865630.0,195308.0,205678.0,71225.0,310477.0,197691.0,122826.0,910015.0,120141.0,2026269.0,0.0,415497.0,8609.0,72259.0,50544.0,223176.0,14132.0
2016-07-29,8852642.0,139466.0,595416.0,51042.0,170478.0,121343.0,81344.0,643104.0,169865.0,1215684.0,10000.0,344377.0,11956.0,88486.0,92374.0,28060.0,0.0
2016-08-01,6125293.0,146301.0,38100.0,74385.0,218243.0,93455.0,204425.0,100854.0,79457.0,406611.0,32068.0,593047.0,3403.0,23336.0,151509.0,57422.0,0.0
2016-08-02,6125293.0,146301.0,38100.0,74385.0,218243.0,93455.0,204425.0,100854.0,79457.0,406611.0,0.0,593047.0,3403.0,23336.0,151509.0,57422.0,16000.0
2016-08-03,13981999.0,286908.0,308700.0,17723.0,250757.0,103913.0,95824.0,236825.0,138328.0,3054549.0,12891.0,370314.0,2945.0,38845.0,323711.0,53565.0,0.0
2016-08-04,10703169.0,328242.0,18600.0,234483.0,663647.0,193072.0,131310.0,345347.0,128053.0,1543422.0,0.0,233579.0,20787.0,44052.0,283653.0,1346.0,0.0
2016-08-05,6519396.0,151441.0,18600.0,137056.0,464573.0,60934.0,95400.0,706506.0,139931.0,495975.0,0.0,428579.0,1218.0,38191.0,77909.0,181908.0,0.0
2016-08-08,5309196.0,341439.0,50385.0,643825.0,738845.0,115669.0,160305.0,132341.0,6718.0,385488.0,0.0,206043.0,809.0,39761.0,61721.0,0.0,0.0
2016-08-09,5309196.0,341439.0,50385.0,643825.0,738845.0,115669.0,160305.0,132341.0,6718.0,385488.0,0.0,206043.0,809.0,39761.0,61721.0,1604.0,0.0
2016-08-10,9718338.0,386755.0,86230.0,212121.0,905718.0,207941.0,296858.0,463042.0,45158.0,2610444.0,37182.0,130338.0,5686.0,55062.0,457721.0,2500.0,268.0
2016-08-11,8455899.0,125028.0,1058.0,484836.0,870438.0,189541.0,200045.0,656024.0,104661.0,316266.0,37182.0,1179620.0,19261.0,89302.0,46256.0,2500.0,0.0
2016-08-12,7835880.0,164503.0,649564.0,110602.0,1807899.0,233812.0,272280.0,379930.0,199353.0,2762187.0,0.0,74141.0,559.0,60417.0,803964.0,710240.0,0.0
2016-08-16,11703119.0,760505.0,843341.0,226186.0,1658264.0,381555.0,265374.0,862544.0,499959.0,1129146.0,0.0,1732006.0,15754.0,183539.0,153802.0,0.0,3400.0
2016-08-17,11703119.0,760505.0,843341.0,226186.0,1658264.0,381555.0,265374.0,862544.0,499959.0,1129146.0,0.0,1732006.0,15754.0,183539.0,153802.0,10000.0,3400.0
2016-08-18,16521484.0,314084.0,405985.0,201611.0,1107408.0,254933.0,179181.0,535996.0,146042.0,817431.0,0.0,1767452.0,9757.0,81980.0,266060.0,10000.0,0.0
2016-08-19,10671015.0,173408.0,439293.0,138306.0,979082.0,151635.0,123222.0,459074.0,217045.0,1145778.0,0.0,3978751.0,8442.0,132711.0,135753.0,23700.0,0.0
2016-08-22,7908393.0,139375.0,140372.0,231258.0,3549120.0,213831.0,92194.0,270050.0,38518.0,523860.0,0.0,311297.0,2885.0,45099.0,134076.0,0.0,0.0
2016-08-24,12024578.0,158227.0,86906.0,461392.0,2035516.0,104263.0,124966.0,352803.0,146570.0,1025556.0,2000.0,1559759.0,27979.0,17216.0,1506658.0,1700.0,23351.0
2016-08-25,5361615.0,701432.0,2040717.0,104015.0,1726310.0,394093.0,373586.0,252375.0,601311.0,985986.0,0.0,2164298.0,21764.0,151340.0,367414.0,7000.0,11374.0
2016-08-26,12513528.0,722696.0,1173006.0,332063.0,1072355.0,259809.0,267228.0,612867.0,313469.0,1810377.0,8145.0,330341.0,10029.0,417639.0,1659485.0,20000.0,0.0
2016-08-29,5529992.0,229208.0,479305.0,182300.0,1465817.0,235273.0,250830.0,173883.0,52649.0,316440.0,0.0,184299.0,8710.0,217738.0,243024.0,0.0,0.0
2016-08-30,5529992.0,229208.0,479305.0,182300.0,1465817.0,235273.0,250830.0,173883.0,52649.0,316440.0,6617.0,184299.0,8710.0,217738.0,243024.0,0.0,0.0
2016-08-31,5537784.0,415672.0,987218.0,163662.0,2157037.0,205052.0,254128.0,389409.0,498966.0,4391967.0,6617.0,708419.0,16777.0,150721.0,210898.0,203212.0,42475.0
2016-09-01,13726354.0,654442.0,2535043.0,385678.0,1177587.0,312765.0,433227.0,1043164.0,348653.0,3513096.0,21465.0,1838455.0,38785.0,254187.0,270369.0,203212.0,42475.0
2016-09-02,6752139.0,47035.0,90477.0,198725.0,799918.0,108010.0,86745.0,67482.0,123848.0,1103943.0,0.0,400688.0,833.0,204973.0,95295.0,12666.0,0.0
2016-09-05,4149694.0,98426.0,137400.0,22882.0,170151.0,73975.0,199556.0,219014.0,86976.0,1800816.0,11351.0,85587.0,12560.0,26331.0,55742.0,2286.0,0.0
2016-09-06,4149694.0,98426.0,137400.0,22882.0,170151.0,73975.0,199556.0,219014.0,86976.0,1800816.0,0.0,85587.0,12560.0,26331.0,55742.0,2286.0,0.0
2016-09-07,6959339.0,273397.0,971489.0,632999.0,962139.0,175717.0,203712.0,208827.0,124528.0,1454106.0,0.0,607914.0,8799.0,124607.0,308826.0,65112.0,0.0
2016-09-08,18939956.0,454674.0,1054988.0,334046.0,834512.0,244172.0,503484.0,381892.0,212318.0,1972008.0,0.0,1394665.0,20207.0,108094.0,189151.0,304778.0,6000.0
2016-09-09,23290212.0,336484.0,1201491.0,2873478.0,976702.0,291005.0,271915.0,391298.0,115765.0,3085035.0,0.0,1247133.0,63164.0,380488.0,178812.0,41460.0,0.0
2016-09-12,9200669.0,154074.0,124157.0,339663.0,555255.0,36076.0,186655.0,345973.0,88026.0,2603919.0,0.0,85235.0,1926.0,70786.0,202346.0,56944.0,266.0
2016-09-13,9200669.0,154074.0,124157.0,339663.0,555255.0,36076.0,186655.0,345973.0,88026.0,2603919.0,3850.0,85235.0,1926.0,70786.0,202346.0,56944.0,0.0
2016-09-14,14775557.0,252417.0,76252.0,290999.0,617824.0,98692.0,61994.0,451350.0,207555.0,6476739.0,3850.0,527813.0,2444.0,159860.0,75820.0,2827.0,942.0
2016-09-15,20195595.0,460643.0,15062.0,163316.0,654589.0,862074.0,363391.0,313202.0,60009.0,3813114.0,0.0,729220.0,18288.0,282154.0,84337.0,13380.0,0.0
2016-09-16,9966481.0,234200.0,32145.0,391156.0,617976.0,118509.0,174651.0,131857.0,187903.0,925968.0,0.0,223236.0,15179.0,859351.0,408102.0,29455.0,3724.0
2016-09-19,8537742.0,152927.0,2625350.0,103110.0,589058.0,54771.0,287731.0,512113.0,28921.0,1372209.0,9448.0,69737.0,18615.0,536603.0,160750.0,49321.0,0.0
2016-09-21,15067025.0,278389.0,543307.0,5720034.0,1539348.0,452983.0,185547.0,574230.0,61579.0,2583384.0,0.0,146758.0,17448.0,79919.0,207817.0,58284.0,0.0
2016-09-22,14521237.0,413417.0,136989.0,398319.0,588647.0,229181.0,207285.0,495876.0,87122.0,1157496.0,0.0,35278.0,1025.0,55651.0,274800.0,0.0,0.0
2016-09-23,8604531.0,327614.0,376382.0,633052.0,823014.0,190603.0,224506.0,321998.0,113477.0,7023351.0,0.0,234587.0,3456.0,99391.0,519389.0,79449.0,0.0
2016-09-26,7722750.0,150498.0,200805.0,104870.0,462181.0,57986.0,159740.0,148393.0,65344.0,903483.0,3821.0,151502.0,182.0,158269.0,263396.0,0.0,829.0
2016-09-27,7722750.0,150498.0,200805.0,104870.0,462181.0,57986.0,159740.0,148393.0,65344.0,903483.0,910.0,151502.0,182.0,158269.0,263396.0,0.0,0.0
2016-09-28,15041515.0,301458.0,651006.0,201308.0,590689.0,65039.0,222882.0,591855.0,102421.0,218463.0,910.0,161873.0,2821.0,98535.0,208719.0,9000.0,850360.0
2016-09-29,15188472.0,322190.0,28866.0,374950.0,589612.0,38975.0,382749.0,453315.0,47519.0,1054179.0,11916.0,17214.0,591.0,82557.0,56005.0,9000.0,850360.0
2016-09-30,16492066.0,219620.0,741212.0,348226.0,288418.0,80021.0,295447.0,862517.0,61165.0,6617916.0,993.0,68270.0,5245.0,274269.0,304335.0,12535.0,592182.0
2016-10-03,13392357.0,212150.0,2604652.0,340491.0,610400.0,99790.0,132502.0,285684.0,20706.0,506307.0,0.0,71345.0,15406.0,51953.0,219959.0,28918.0,14186.0
2016-10-04,13392357.0,212150.0,2604652.0,340491.0,610400.0,99790.0,132502.0,285684.0,20706.0,506307.0,0.0,71345.0,15406.0,50865.0,219959.0,28918.0,0.0
2016-10-05,10834400.0,250696.0,1053013.0,191589.0,587562.0,87179.0,155789.0,147753.0,95590.0,678711.0,0.0,202650.0,3583.0,110917.0,117080.0,10500.0,0.0
2016-10-06,18156773.0,186587.0,80754.0,510848.0,289889.0,67787.0,271287.0,909571.0,51027.0,808293.0,0.0,55863.0,25335.0,49123.0,109196.0,18609.0,0.0
2016-10-07,20682869.0,213982.0,80754.0,68350.0,720280.0,72163.0,321975.0,385762.0,80376.0,2636475.0,0.0,590344.0,14364.0,203603.0,88224.0,100550.0,500.0
2016-10-10,8087249.0,193402.0,579500.0,9175.0,381068.0,34648.0,87117.0,114013.0,26136.0,399540.0,0.0,62321.0,37056.0,34168.0,187293.0,8800.0,240.0
2016-10-11,8087249.0,193402.0,579500.0,9175.0,381068.0,34648.0,87117.0,114013.0,26136.0,399540.0,2000.0,62321.0,37056.0,34168.0,187293.0,8800.0,0.0
2016-10-12,13890889.0,215332.0,68020.0,103327.0,523759.0,104233.0,110307.0,144345.0,58357.0,2182443.0,2000.0,31574.0,7292.0,132771.0,139572.0,0.0,0.0
2016-10-13,6663398.0,731961.0,86136.0,684901.0,658184.0,151906.0,425398.0,693279.0,338760.0,848982.0,11098.0,154497.0,792.0,15942.0,827408.0,2151.0,4947.0
2016-10-14,6639393.0,381864.0,165599.0,171019.0,387264.0,72824.0,172066.0,620409.0,196181.0,1179513.0,0.0,182422.0,1871.0,26514.0,126317.0,3362.0,0.0
2016-10-18,9053575.0,125328.0,6580.0,71603.0,171111.0,43994.0,118760.0,169555.0,116065.0,15514692.0,0.0,403627.0,6452.0,453840.0,420007.0,0.0,4060.0
2016-10-20,18027001.0,69000.0,152888.0,528775.0,1053108.0,125556.0,170482.0,132289.0,40976.0,3414165.0,0.0,740061.0,161.0,75712.0,188925.0,2417.0,0.0
2016-10-21,10736148.0,28224.0,92792.0,412604.0,493305.0,16826.0,180297.0,97174.0,447222.0,1356471.0,0.0,25361.0,3202.0,53783.0,121374.0,16041.0,0.0
2016-10-24,9734124.0,147319.0,1542.0,196937.0,275205.0,102065.0,90889.0,146965.0,1407656.0,5381907.0,0.0,30170.0,3818.0,46563.0,488755.0,11500.0,43657.0
2016-10-26,3607885.0,89485.0,1284664.0,972567.0,1182240.0,38539.0,107969.0,56997.0,550235.0,1534227.0,0.0,344597.0,1261.0,150313.0,348704.0,41344.0,20213.0
2016-10-27,15833976.0,65597.0,1284664.0,390533.0,559325.0,58142.0,95514.0,51479.0,97814.0,928398.0,0.0,193602.0,732.0,32971.0,304037.0,0.0,3413.0
2016-10-28,9850192.0,228057.0,115413.0,163799.0,359009.0,50875.0,138138.0,370952.0,208374.0,841995.0,4000.0,334326.0,3861.0,48989.0,176282.0,22000.0,8000.0
2016-10-31,8577900.0,526959.0,1748887.0,1210218.0,2677713.0,341486.0,346170.0,432264.0,266532.0,2252271.0,0.0,250688.0,19798.0,110448.0,279030.0,4501.0,0.0
2016-11-01,8577900.0,526959.0,1748887.0,1210218.0,2677713.0,341486.0,346170.0,432264.0,266532.0,2252271.0,0.0,250688.0,19798.0,110448.0,279030.0,4501.0,7500.0
2016-11-02,7643860.0,461139.0,12746.0,1037538.0,1537901.0,135893.0,99997.0,111200.0,120761.0,1966233.0,0.0,71900.0,832.0,26167.0,131789.0,92405.0,7500.0
2016-11-03,12591526.0,420445.0,734838.0,1788237.0,1838009.0,95340.0,171995.0,176129.0,69282.0,623541.0,0.0,858273.0,7326.0,171934.0,115923.0,29427.0,0.0
2016-11-04,14872967.0,575065.0,635959.0,1037485.0,2150232.0,178327.0,147826.0,874733.0,320802.0,1984188.0,0.0,839071.0,14133.0,775317.0,283990.0,7048.0,0.0
2016-11-08,5165744.0,211239.0,53577.0,187057.0,607446.0,532365.0,246290.0,112410.0,69766.0,277023.0,0.0,18860.0,5058.0,58127.0,96662.0,10000.0,0.0
2016-11-09,5165744.0,211239.0,53577.0,187057.0,607446.0,532365.0,246290.0,112410.0,69766.0,277023.0,22934.0,18860.0,5058.0,58127.0,96662.0,10000.0,35411.0
2016-11-10,7630838.0,121540.0,145958.0,45566.0,788758.0,67673.0,198851.0,186904.0,87226.0,1722627.0,22934.0,20300.0,15539.0,37130.0,240132.0,107631.0,35411.0
2016-11-11,18656840.0,799971.0,2459876.0,177425.0,924209.0,329125.0,317528.0,1145713.0,170996.0,2964462.0,0.0,488390.0,15539.0,237152.0,139224.0,55560.0,1963.0
2016-11-15,11375592.0,524294.0,346199.0,218608.0,1134559.0,324113.0,304022.0,576731.0,146057.0,2233968.0,0.0,64774.0,721.0,108965.0,176005.0,24850.0,47000.0
2016-11-16,6880573.0,407485.0,861478.0,793601.0,764346.0,249381.0,298587.0,445652.0,220193.0,860049.0,0.0,127721.0,13766.0,151687.0,344350.0,55000.0,0.0
2016-11-17,8867645.0,166231.0,667294.0,39604.0,607482.0,255700.0,405883.0,587827.0,216342.0,1141440.0,0.0,682667.0,2489.0,41153.0,178023.0,16990.0,0.0
2016-11-18,5265385.0,134987.0,12600.0,169069.0,625361.0,131733.0,151853.0,494958.0,41122.0,157332.0,0.0,292101.0,8053.0,177529.0,16912.0,47512.0,0.0
2016-11-21,8446754.0,225017.0,75710.0,742267.0,1245679.0,140658.0,68109.0,462597.0,77673.0,424968.0,0.0,145570.0,5411.0,111888.0,186478.0,1791.0,415.0
2016-11-22,9738669.0,169523.0,192086.0,746251.0,1472472.0,83381.0,326460.0,293021.0,175841.0,1603407.0,0.0,138964.0,7529.0,185362.0,227578.0,27788.0,13520.0
2016-11-23,2808026.0,83196.0,448943.0,178409.0,659321.0,137922.0,159131.0,222777.0,344157.0,2513610.0,170000.0,411325.0,46931.0,254628.0,67935.0,387.0,48200.0
2016-11-24,876322.0,110755.0,0.0,31159.0,52538.0,152985.0,60931.0,25532.0,31739.0,585366.0,0.0,12272.0,2962.0,17077.0,119300.0,0.0,13128.0
2016-11-25,5060184.0,88593.0,182058.0,56519.0,287284.0,180519.0,128441.0,161527.0,60008.0,375564.0,13869.0,317576.0,12548.0,48603.0,447953.0,2000.0,2045.0
2016-11-28,6409321.0,300074.0,140103.0,146290.0,712521.0,127637.0,205052.0,187066.0,153314.0,277896.0,0.0,349614.0,7126.0,80798.0,14738.0,0.0,100155.0
2016-11-29,9470046.0,135793.0,380182.0,105410.0,471681.0,361997.0,192394.0,391293.0,107028.0,878061.0,0.0,72515.0,3785.0,106221.0,2022409.0,6369.0,9343.0
2016-11-30,29076862.0,569341.0,2391406.0,177903.0,1532604.0,662579.0,908561.0,665334.0,101750.0,4981773.0,1570.0,666685.0,99035.0,617386.0,237700.0,67702.0,1208.0
2016-12-01,16409961.0,147564.0,155934.0,113578.0,419560.0,673337.0,209040.0,452119.0,74726.0,885147.0,3105.0,56225.0,2380.0,173858.0,74916.0,0.0,0.0
2016-12-02,5608226.0,462387.0,0.0,53420.0,225619.0,579588.0,55353.0,241577.0,188534.0,938085.0,0.0,194761.0,8182.0,65545.0,239072.0,6312.0,0.0
2016-12-05,4941022.0,76955.0,182744.0,73892.0,403196.0,303397.0,85759.0,290969.0,79688.0,1538340.0,7000.0,382583.0,6266.0,76157.0,219233.0,0.0,32124.0
2016-12-06,11906490.0,536141.0,133243.0,181104.0,414841.0,133715.0,135655.0,263195.0,19545.0,827523.0,74124.0,119901.0,9897.0,84633.0,213824.0,20500.0,1500.0
2016-12-07,6999927.0,203010.0,328797.0,990279.0,1125122.0,386838.0,65051.0,521712.0,89807.0,1399320.0,0.0,439679.0,733.0,151891.0,356728.0,11835.0,2606.0
2016-12-09,3897613.0,506962.0,18100.0,5250666.0,1578367.0,187814.0,166429.0,820263.0,211596.0,1884948.0,0.0,189215.0,2129.0,117783.0,273646.0,17459.0,0.0
2016-12-12,13877428.0,161614.0,442339.0,1831759.0,1565500.0,118068.0,79954.0,427482.0,105102.0,284013.0,0.0,182891.0,1469.0,78458.0,231008.0,0.0,87377.0
2016-12-13,14539716.0,241903.0,405416.0,8706278.0,2550458.0,133918.0,2228415.0,444799.0,113834.0,446664.0,0.0,121492.0,18898.0,223393.0,278006.0,0.0,0.0
2016-12-14,14980472.0,1106018.0,927244.0,1825921.0,569278.0,204335.0,162069.0,349507.0,129272.0,546945.0,0.0,174716.0,16376.0,50549.0,100587.0,73753.0,0.0
2016-12-15,10190683.0,442011.0,222749.0,565435.0,597180.0,163685.0,113427.0,740998.0,24020.0,660843.0,2665.0,206353.0,11609.0,142655.0,638205.0,27604.0,0.0
2016-12-16,22117156.0,625497.0,314620.0,534868.0,826476.0,304577.0,362413.0,576077.0,151094.0,1883466.0,394.0,123520.0,9141.0,128724.0,476675.0,24485.0,5000.0
2016-12-19,10852892.0,891677.0,962954.0,376125.0,703986.0,120893.0,264169.0,387682.0,187829.0,970635.0,9919.0,76390.0,2056.0,61124.0,277083.0,137225.0,0.0
2016-12-20,8196426.0,137373.0,269550.0,478059.0,723593.0,181089.0,202350.0,319061.0,106465.0,779343.0,0.0,198652.0,2785.0,180109.0,296947.0,370416.0,0.0
2016-12-21,6050319.0,139702.0,946791.0,615196.0,613678.0,217935.0,157357.0,328325.0,98374.0,933825.0,0.0,281044.0,3539.0,128637.0,44284.0,94489.0,233500.0
2016-12-22,5378113.0,441482.0,549255.0,1475475.0,606107.0,171916.0,228341.0,217568.0,69895.0,2435751.0,28852.0,170990.0,25447.0,118695.0,299111.0,192787.0,99860.0
2016-12-23,6284310.0,273209.0,88114.0,347672.0,104546.0,105993.0,79478.0,158271.0,125301.0,562803.0,13267.0,75734.0,4560.0,67700.0,83524.0,252535.0,53410.0
2016-12-26,834312.0,141434.0,37569.0,188198.0,170252.0,78296.0,60602.0,55847.0,59772.0,593100.0,0.0,49376.0,14266.0,94001.0,30979.0,41727.0,17500.0
2016-12-27,3047440.0,95075.0,221557.0,56980.0,84099.0,11319.0,14258.0,200757.0,32131.0,263160.0,0.0,63894.0,196.0,20282.0,24687.0,585343.0,0.0
2016-12-28,3569257.0,262159.0,36300.0,64878.0,271731.0,93602.0,101405.0,352815.0,23038.0,400053.0,4554.0,111945.0,1740.0,28558.0,83081.0,0.0,0.0
2016-12-29,2905127.0,163290.0,290.0,48729.0,142974.0,110208.0,116161.0,156532.0,29257.0,372033.0,0.0,48310.0,2044.0,39389.0,173524.0,118464.0,100000.0
2017-01-02,249910.0,10524.0,0.0,300.0,9046.0,26405.0,3553.0,60105.0,6.0,123222.0,0.0,5680.0,0.0,1868.0,1148.0,7000.0,5499.0
2017-01-03,7339088.0,76867.0,11050.0,703634.0,824080.0,84698.0,25929.0,121234.0,82170.0,775563.0,0.0,24185.0,1438.0,16410.0,62597.0,45980.0,0.0
2017-01-04,9999689.0,139152.0,439492.0,486582.0,421293.0,79144.0,141760.0,124735.0,468500.0,788223.0,0.0,69441.0,615.0,21667.0,236939.0,23600.0,0.0
2017-01-05,11357751.0,962532.0,648150.0,323667.0,503705.0,85879.0,232107.0,218496.0,190719.0,653160.0,0.0,241019.0,23867.0,53319.0,96143.0,75240.0,0.0
2017-01-06,8716044.0,164581.0,243408.0,381262.0,490165.0,134839.0,135658.0,133660.0,93612.0,157827.0,0.0,50674.0,4739.0,34356.0,58291.0,119403.0,0.0
2017-01-10,2877399.0,228809.0,206928.0,1206414.0,1894359.0,57950.0,117223.0,185305.0,367238.0,984780.0,0.0,232992.0,2028.0,18194.0,114040.0,5679.0,45496.0
2017-01-11,6672875.0,124983.0,274775.0,704557.0,982917.0,72014.0,242736.0,127376.0,40774.0,3495342.0,510.0,1622136.0,4428.0,129026.0,86926.0,14995.0,191.0
2017-01-12,13447512.0,297958.0,538856.0,2514465.0,2540732.0,182588.0,157221.0,695821.0,76271.0,1163376.0,6000.0,2970334.0,5476.0,63946.0,76597.0,39515.0,0.0
2017-01-13,6462155.0,133744.0,70542.0,62733.0,303249.0,50471.0,40191.0,55651.0,16289.0,477816.0,2000.0,372552.0,67797.0,56056.0,32039.0,31828.0,2910.0
2017-01-16,386205.0,39564.0,2105.0,36989.0,39376.0,16526.0,37444.0,14917.0,19946.0,111105.0,0.0,18321.0,957.0,18546.0,18945.0,78369.0,0.0
2017-01-17,8325466.0,161459.0,169015.0,146364.0,172153.0,54080.0,51962.0,89402.0,115786.0,378921.0,0.0,1022318.0,3870.0,94690.0,38403.0,243801.0,500.0
2017-01-18,8890258.0,477181.0,119052.0,2602798.0,2791899.0,64288.0,43781.0,522388.0,13867.0,831030.0,0.0,343591.0,853.0,49260.0,72134.0,1405926.0,0.0
2017-01-19,6984803.0,770784.0,82914.0,999619.0,375704.0,236083.0,91517.0,706036.0,67599.0,1398222.0,0.0,560267.0,3486.0,237042.0,184398.0,129961.0,0.0
2017-01-20,6224751.0,75085.0,636.0,54210.0,287488.0,165931.0,102743.0,89001.0,40013.0,908193.0,0.0,1207114.0,7735.0,25716.0,26369.0,42521.0,0.0
2017-01-23,9830033.0,287140.0,499500.0,833547.0,941643.0,178948.0,103708.0,251877.0,81467.0,717114.0,0.0,211436.0,8900.0,91523.0,463835.0,73767.0,0.0
2017-01-24,6699039.0,248735.0,168936.0,300782.0,397728.0,140289.0,184123.0,106360.0,92307.0,4088901.0,0.0,1108341.0,4567.0,119197.0,156037.0,24730.0,1591.0
2017-01-25,27471002.0,904966.0,363750.0,484269.0,223898.0,95806.0,174436.0,39740.0,268161.0,5711946.0,0.0,503831.0,16265.0,25335.0,472149.0,149205.0,0.0
2017-01-26,5022399.0,413102.0,64925.0,561428.0,460960.0,252227.0,123718.0,460039.0,112486.0,2537964.0,0.0,774461.0,1937.0,92178.0,43431.0,391958.0,3000.0
2017-01-27,8667913.0,701271.0,227214.0,242068.0,177626.0,92466.0,134271.0,881637.0,169430.0,2732655.0,0.0,2053980.0,3873.0,150960.0,193971.0,70993.0,0.0
2017-01-30,22727812.0,177303.0,94383.0,78115.0,240351.0,123853.0,101909.0,111480.0,18074.0,1901106.0,0.0,537249.0,9563.0,322508.0,43534.0,72250.0,9909.0
2017-01-31,9563074.0,749124.0,1544227.0,865267.0,578579.0,340355.0,749111.0,637070.0,466284.0,3390369.0,19054.0,711032.0,59350.0,680300.0,223717.0,40839.0,45055.0
2017-02-01,5678202.0,270287.0,125018.0,46066.0,290262.0,305551.0,120241.0,208915.0,190077.0,1183164.0,0.0,712852.0,3612.0,116672.0,96269.0,40465.0,0.0
2017-02-02,13291369.0,2167268.0,499438.0,282154.0,387507.0,161451.0,231168.0,276041.0,176169.0,1785807.0,0.0,383008.0,10827.0,250294.0,152361.0,526688.0,0.0
2017-02-03,4463303.0,259443.0,289700.0,133037.0,219644.0,108669.0,75618.0,105768.0,68309.0,1327470.0,10000.0,192552.0,3528.0,198123.0,52241.0,66946.0,0.0
2017-02-06,26388871.0,268834.0,55840.0,321391.0,656356.0,146166.0,106252.0,4445148.0,49736.0,1702284.0,0.0,25704.0,1476.0,60353.0,238688.0,0.0,0.0
2017-02-07,24528989.0,492621.0,158067.0,920729.0,322052.0,38938.0,64610.0,328093.0,36230.0,2842254.0,3049.0,654336.0,8050.0,129439.0,200004.0,9629.0,1000.0
2017-02-08,28493735.0,293697.0,321789.0,258540.0,761571.0,117637.0,447275.0,335617.0,595247.0,1190814.0,5717.0,328662.0,11928.0,139668.0,127736.0,25811.0,0.0
2017-02-09,9602541.0,480039.0,270582.0,394075.0,666207.0,131967.0,130486.0,132458.0,134398.0,4685316.0,0.0,1088609.0,13435.0,492973.0,79174.0,96832.0,0.0
2017-02-10,8805701.0,162295.0,146964.0,233872.0,600575.0,99219.0,158924.0,151577.0,78558.0,2057517.0,10672.0,531141.0,4688.0,499029.0,24341.0,14726.0,0.0
2017-02-13,6766381.0,368818.0,88912.0,240127.0,174885.0,104385.0,108949.0,199159.0,14809.0,1325259.0,10505.0,418693.0,49480.0,421952.0,12673.0,41023.0,540.0
2017-02-14,11704126.0,472400.0,544834.0,704349.0,342443.0,194092.0,230517.0,621772.0,61635.0,1775697.0,10945.0,580106.0,57290.0,1353422.0,114999.0,0.0,0.0
2017-02-15,14899103.0,558711.0,143660.0,156052.0,236977.0,135249.0,222568.0,689025.0,88996.0,1048467.0,2592.0,185380.0,33347.0,827887.0,104787.0,626765.0,4238.0
2017-02-16,9663043.0,315687.0,315078.0,447431.0,627278.0,54432.0,119596.0,189759.0,139383.0,2542881.0,0.0,277305.0,11110.0,880184.0,457139.0,734197.0,0.0
2017-02-17,12850188.0,275912.0,434274.0,148334.0,244421.0,106098.0,326535.0,224348.0,57870.0,1258524.0,3049.0,235502.0,12755.0,364126.0,94143.0,323824.0,0.0
2017-02-20,687219.0,176382.0,293664.0,9384.0,5473.0,3871.0,5352.0,36155.0,16064.0,393453.0,1052.0,185856.0,474.0,51058.0,45175.0,49717.0,0.0
2017-02-21,8547107.0,404700.0,486312.0,343300.0,232979.0,185828.0,102153.0,460508.0,93369.0,1289937.0,10000.0,341700.0,8246.0,302412.0,153805.0,36410.0,81666.0
2017-02-22,15587660.0,244326.0,92107.0,165421.0,191179.0,227807.0,89896.0,107656.0,50760.0,2418876.0,6775.0,453778.0,7420.0,92157.0,73492.0,449262.0,0.0
2017-02-23,13220253.0,705452.0,16020.0,1027286.0,897214.0,209097.0,262768.0,898462.0,59184.0,2924727.0,0.0,1197278.0,22827.0,220123.0,662124.0,79310.0,0.0
2017-02-24,12353982.0,1280788.0,398154.0,315520.0,510163.0,23727.0,60423.0,117950.0,85527.0,4255782.0,2000.0,2095032.0,2707.0,270940.0,38856.0,68846.0,1991.0
2017-02-27,5271081.0,200067.0,171195.0,90634.0,192776.0,54235.0,86138.0,164321.0,484228.0,1684128.0,0.0,251813.0,6679.0,134093.0,17885.0,71766.0,0.0
2017-02-28,5346119.0,415313.0,579260.0,87549.0,517102.0,282803.0,2286034.0,282474.0,169891.0,5621970.0,0.0,246731.0,117858.0,188795.0,599010.0,106762.0,4000.0
2017-03-01,8058912.0,304618.0,334873.0,651502.0,866858.0,282305.0,59309.0,197182.0,301974.0,1743318.0,0.0,264455.0,7831.0,197340.0,149117.0,14392.0,0.0
2017-03-02,7680603.0,423820.0,402294.0,147518.0,511140.0,181161.0,418190.0,250660.0,72359.0,2102430.0,0.0,290848.0,7492.0,69505.0,46036.0,100231.0,4342.0
2017-03-03,7766438.0,155972.0,106340.0,73468.0,37644.0,329098.0,52457.0,74534.0,86081.0,466521.0,0.0,152260.0,344.0,120476.0,23011.0,15732.0,0.0
2017-03-06,6423917.0,202935.0,76000.0,38581.0,112020.0,4680177.0,43884.0,185353.0,25475.0,167295.0,0.0,199104.0,400.0,207991.0,32821.0,20618.0,0.0
2017-03-07,9531697.0,480742.0,513028.0,151911.0,361313.0,240880.0,168908.0,354415.0,95847.0,1476084.0,0.0,593534.0,9631.0,398878.0,63803.0,23276.0,50558.0
2017-03-08,10389203.0,160680.0,54175.0,95672.0,439154.0,61471.0,3875023.0,402715.0,73260.0,1092690.0,1970.0,58677.0,1367.0,1084944.0,332247.0,25645.0,69.0
2017-03-09,7672648.0,1038696.0,496725.0,64422.0,1083005.0,179434.0,207728.0,382695.0,118407.0,1997505.0,8030.0,357504.0,12218.0,240319.0,617913.0,2046.0,0.0
2017-03-10,5133200.0,151238.0,471100.0,436075.0,226145.0,114016.0,123223.0,207156.0,80304.0,2785047.0,1970.0,167640.0,6353.0,177291.0,69904.0,72804.0,181081.0
2017-03-13,5360239.0,267712.0,328489.0,88071.0,331898.0,72288.0,96408.0,371954.0,25784.0,829335.0,0.0,111405.0,240.0,301425.0,82276.0,68315.0,0.0
2017-03-14,11979389.0,235935.0,510100.0,272626.0,759258.0,197054.0,161278.0,305437.0,50840.0,3898509.0,0.0,586902.0,21679.0,195641.0,79783.0,26868.0,0.0
2017-03-15,9120595.0,279199.0,134840.0,71103.0,294087.0,114931.0,81960.0,228003.0,126989.0,830901.0,1000.0,367399.0,5344.0,69886.0,175404.0,152840.0,2119.0
2017-03-16,10086763.0,305269.0,123875.0,288223.0,240138.0,109395.0,526668.0,273221.0,145909.0,2057832.0,316372.0,546769.0,14979.0,169826.0,41926.0,50156.0,1000.0
2017-03-17,26058899.0,1708334.0,205176.0,900608.0,1492285.0,681288.0,1557241.0,1126362.0,611488.0,10982748.0,51147.0,1288318.0,75754.0,498796.0,277611.0,9500.0,0.0
2017-03-21,12050259.0,333409.0,454249.0,435454.0,1075576.0,137759.0,169850.0,200578.0,23624.0,5445816.0,27669.0,173382.0,6494.0,384565.0,103929.0,25761.0,0.0
2017-03-22,14641088.0,406446.0,3740704.0,343699.0,562731.0,107785.0,164909.0,293990.0,106509.0,4516371.0,2564.0,424980.0,985.0,212385.0,170638.0,35627.0,2045.0
2017-03-23,7215440.0,525072.0,818252.0,928132.0,855580.0,241772.0,309797.0,325200.0,115653.0,4299852.0,11713.0,633929.0,20493.0,209385.0,836447.0,39211.0,11764.0
2017-03-24,4342717.0,153386.0,320680.0,200952.0,362608.0,64987.0,100202.0,122714.0,59027.0,3550818.0,2080.0,59957.0,5733.0,166676.0,488604.0,326861.0,71411.0
2017-03-27,11931617.0,157242.0,333781.0,481797.0,545493.0,96386.0,64557.0,93737.0,45826.0,2798142.0,0.0,340785.0,5899.0,97783.0,339338.0,61506.0,0.0
2017-03-28,9334419.0,444190.0,242035.0,1527593.0,1272622.0,85030.0,103626.0,164606.0,148076.0,4757631.0,60000.0,759528.0,4546.0,90317.0,83410.0,14367.0,14148.0
2017-03-29,8208901.0,145689.0,93989.0,346633.0,308003.0,79646.0,145756.0,226857.0,91428.0,1523031.0,2668.0,271017.0,2524.0,97708.0,188959.0,77000.0,1285.0
2017-03-30,7329544.0,275283.0,147123.0,454754.0,513611.0,102810.0,306100.0,255504.0,164088.0,1472424.0,0.0,326350.0,5844.0,448747.0,44427.0,187649.0,536764.0
2017-03-31,3900736.0,202970.0,34000.0,74000.0,336305.0,127192.0,180145.0,222182.0,69840.0,1689576.0,29475.0,284839.0,20371.0,123101.0,181157.0,182606.0,11000.0
2017-04-03,6498200.0,279764.0,531580.0,420785.0,549735.0,136175.0,190070.0,131928.0,170808.0,1780803.0,2697.0,415294.0,51193.0,66379.0,21197.0,57516.0,300.0
2017-04-04,8804619.0,243234.0,833373.0,237378.0,421773.0,1148856.0,114686.0,352922.0,110442.0,1397544.0,0.0,248615.0,27685.0,73254.0,119411.0,5200.0,0.0
2017-04-05,24141835.0,622587.0,330185.0,669664.0,894323.0,166962.0,156135.0,745688.0,299531.0,2853621.0,0.0,237550.0,15397.0,401691.0,52506.0,88617.0,0.0
2017-04-06,13404523.0,194836.0,255878.0,413565.0,466403.0,44858.0,93283.0,64966.0,276497.0,1253541.0,0.0,252967.0,39814.0,85526.0,235108.0,153208.0,0.0
2017-04-07,13237263.0,534074.0,174268.0,458925.0,461871.0,80819.0,251730.0,198444.0,49124.0,978186.0,0.0,191548.0,40897.0,65001.0,170479.0,158112.0,0.0
2017-04-10,7498767.0,141128.0,257047.0,213325.0,206197.0,224492.0,65038.0,152139.0,27455.0,1473603.0,0.0,191470.0,5319.0,19448.0,31698.0,5000.0,3000.0
2017-04-11,14016447.0,395412.0,804466.0,126685.0,269363.0,136270.0,131486.0,212371.0,112171.0,1819725.0,0.0,199536.0,1385.0,72391.0,26557.0,262341.0,0.0
2017-04-12,8407318.0,1522728.0,33986.0,132449.0,320422.0,344853.0,237694.0,381856.0,37341.0,229827.0,0.0,36857.0,1381.0,36345.0,132870.0,3500.0,25472.0
2017-04-17,10285199.0,278118.0,73947.0,209193.0,133848.0,54977.0,65126.0,58786.0,41082.0,449913.0,2668.0,250064.0,4026.0,62496.0,43620.0,97990.0,0.0
2017-04-18,6393254.0,403244.0,252030.0,131305.0,309639.0,55249.0,119332.0,123338.0,208502.0,2263551.0,37934.0,183428.0,5385.0,171888.0,93852.0,26328.0,0.0
2017-04-19,27128593.0,1317685.0,805815.0,544709.0,1091570.0,393017.0,193782.0,1393329.0,184546.0,1663272.0,380000.0,539201.0,50330.0,174519.0,474352.0,26596.0,32000.0
2017-04-20,22497483.0,526213.0,108000.0,383587.0,652386.0,119980.0,118718.0,323182.0,70263.0,549933.0,0.0,1419799.0,26037.0,116033.0,126367.0,830.0,5830.0
2017-04-21,14808557.0,275413.0,438967.0,591709.0,666912.0,80394.0,111585.0,65126.0,135107.0,2136309.0,0.0,34490.0,2896.0,76915.0,224407.0,23642.0,0.0
2017-04-24,11794674.0,235423.0,623932.0,911618.0,1099837.0,152552.0,63925.0,587580.0,54141.0,2721387.0,2000.0,102886.0,7122.0,122995.0,230043.0,53926.0,3500.0
2017-04-25,11079811.0,207446.0,294561.0,630736.0,596511.0,192666.0,223119.0,124931.0,49547.0,2694564.0,5336.0,417447.0,6103.0,206219.0,236240.0,209888.0,0.0
2017-04-26,13528444.0,169897.0,591921.0,394078.0,456070.0,173941.0,164013.0,236036.0,199449.0,2065842.0,0.0,253332.0,18573.0,170186.0,99329.0,2988.0,0.0
2017-04-27,20157914.0,758034.0,973014.0,86914.0,411979.0,372592.0,169845.0,2499353.0,33925.0,2671245.0,60000.0,22433.0,6661.0,121710.0,226920.0,356602.0,0.0
2017-04-28,10777353.0,410262.0,2781720.0,401595.0,1234224.0,317148.0,237648.0,296074.0,507263.0,2309859.0,0.0,403659.0,35588.0,112143.0,367371.0,123299.0,11000.0
2017-05-02,19571150.0,286800.0,1441055.0,240751.0,482235.0,80571.0,144951.0,184471.0,96497.0,3631455.0,0.0,236679.0,23963.0,147519.0,65650.0,356351.0,17000.0
2017-05-03,12986004.0,99461.0,1320590.0,202489.0,311225.0,90881.0,66869.0,56190.0,110400.0,1699047.0,5336.0,196906.0,13441.0,243005.0,50168.0,34022.0,0.0
2017-05-04,26090881.0,182862.0,534940.0,606986.0,896817.0,118948.0,272005.0,158443.0,88317.0,998556.0,566428.0,932994.0,3840.0,239781.0,28656.0,55536.0,88625.0
2017-05-05,24208051.0,179204.0,1247883.0,479839.0,640338.0,41844.0,276695.0,171237.0,261311.0,899967.0,1000.0,696645.0,2334.0,255191.0,37130.0,79728.0,86535.0
2017-05-08,15644413.0,383357.0,1866270.0,743371.0,939373.0,995215.0,220620.0,244181.0,266630.0,3433692.0,0.0,1757665.0,25930.0,418517.0,114841.0,47923.0,0.0
2017-05-09,11939098.0,482033.0,730212.0,958786.0,1144417.0,171343.0,317791.0,382393.0,341008.0,7868181.0,0.0,548220.0,11379.0,376939.0,270613.0,72973.0,0.0
2017-05-10,21505317.0,421826.0,2251910.0,1077337.0,1298950.0,242733.0,276446.0,287377.0,235089.0,4791849.0,0.0,446700.0,18927.0,306886.0,63429.0,38507.0,0.0
2017-05-11,30895373.0,591900.0,1763297.0,1017796.0,1997999.0,204691.0,138923.0,296182.0,329356.0,1770516.0,36225.0,181121.0,9498.0,246045.0,55170.0,99235.0,26000.0
2017-05-12,43538557.0,716940.0,1194145.0,586640.0,514973.0,562379.0,611346.0,1367343.0,318966.0,1762167.0,1082392.0,2897823.0,29406.0,152235.0,117399.0,92437.0,19846.0
2017-05-16,14860687.0,398587.0,1913592.0,1998013.0,598275.0,436151.0,221875.0,394171.0,335113.0,8100039.0,0.0,894158.0,5972.0,855046.0,133142.0,64098.0,0.0
2017-05-17,23903104.0,545198.0,956604.0,1798737.0,531774.0,217661.0,385791.0,384852.0,312994.0,2602905.0,0.0,433471.0,15337.0,565703.0,110158.0,62028.0,0.0
2017-05-18,17600140.0,588735.0,651822.0,932938.0,513803.0,185381.0,141209.0,669238.0,181228.0,4712289.0,189970.0,510256.0,5864.0,142145.0,102858.0,246767.0,18145.0
2017-05-19,10869792.0,1313801.0,1000867.0,1971361.0,1296522.0,382998.0,165086.0,348604.0,243528.0,1936467.0,0.0,437319.0,13473.0,294347.0,346610.0,270854.0,0.0
2017-05-22,10314404.0,652397.0,413564.0,1245466.0,396146.0,54758.0,122478.0,119352.0,481556.0,1425909.0,1000.0,64674.0,193.0,95316.0,93813.0,2650.0,0.0
2017-05-23,8998082.0,1047997.0,974590.0,969377.0,491595.0,313649.0,247904.0,314704.0,146201.0,1843194.0,0.0,639897.0,8368.0,365111.0,71427.0,24026.0,8800.0
2017-05-24,11777085.0,1379377.0,823435.0,1292467.0,402626.0,237099.0,339699.0,609768.0,604923.0,933996.0,0.0,1218542.0,4980.0,296601.0,44271.0,110000.0,0.0
2017-05-25,13614716.0,915117.0,218176.0,406350.0,200343.0,117387.0,195970.0,429139.0,100150.0,1172901.0,0.0,160936.0,4109.0,182012.0,162329.0,75559.0,0.0
2017-05-26,7877184.0,1287032.0,584308.0,878771.0,235708.0,131640.0,256820.0,310299.0,67743.0,693042.0,0.0,687525.0,17685.0,418393.0,64429.0,78856.0,1597803.0
2017-05-30,4664602.0,1679081.0,250777.0,749748.0,170271.0,186397.0,99220.0,330331.0,65342.0,486777.0,0.0,374742.0,1177.0,456804.0,41840.0,101778.0,0.0
2017-05-31,46994696.0,7564317.0,875746.0,16423342.0,3080929.0,531364.0,823076.0,1512343.0,182073.0,1474593.0,0.0,435812.0,11876.0,9759348.0,109667.0,54883.0,0.0
2017-06-01,12674947.0,699958.0,1800563.0,1138792.0,1115517.0,53555.0,168382.0,355814.0,124719.0,299574.0,1000.0,143300.0,27017.0,574451.0,69526.0,18490.0,9153.0
2017-06-02,16151516.0,508394.0,63370.0,1133835.0,904770.0,2579651.0,66116.0,130738.0,64195.0,1483578.0,0.0,104348.0,11753.0,346302.0,84840.0,105989.0,0.0
2017-06-05,16269845.0,270802.0,167979.0,404184.0,342082.0,145834.0,128474.0,190732.0,54287.0,391719.0,0.0,127205.0,3696.0,532276.0,37712.0,0.0,17100.0
2017-06-06,14538874.0,903598.0,703391.0,907090.0,640262.0,189489.0,88049.0,93768.0,170160.0,372924.0,0.0,300991.0,7743.0,663126.0,17362.0,27963.0,0.0
2017-06-07,9703217.0,337274.0,236007.0,797415.0,480979.0,213222.0,153234.0,725537.0,218139.0,540678.0,0.0,407657.0,9029.0,177706.0,59956.0,28140.0,10200.0
2017-06-08,12692206.0,515861.0,527986.0,257719.0,378601.0,1185083.0,282251.0,675689.0,260640.0,671451.0,191000.0,379569.0,28582.0,529763.0,87233.0,29525.0,1000.0
2017-06-09,9118491.0,333590.0,415883.0,563579.0,115846.0,84497.0,84855.0,156726.0,47516.0,865563.0,101466.0,161600.0,2365.0,154796.0,20158.0,69500.0,25000.0
2017-06-12,6973881.0,234500.0,6569.0,263392.0,471703.0,123737.0,74668.0,145376.0,88043.0,1910265.0,1004.0,6362.0,7212.0,108750.0,62692.0,131446.0,0.0
2017-06-13,5099728.0,472672.0,470722.0,594050.0,405761.0,42840.0,88276.0,282506.0,133651.0,1041438.0,0.0,23831.0,493.0,137984.0,13741.0,65100.0,0.0
2017-06-14,22489612.0,552460.0,1739866.0,564977.0,356537.0,341297.0,151846.0,488241.0,35502.0,3277569.0,9160.0,251870.0,968.0,287766.0,102106.0,41091.0,29469.0
2017-06-15,4867454.0,315777.0,1594401.0,296508.0,407459.0,162656.0,47854.0,422962.0,87490.0,1688112.0,8294.0,566410.0,8464.0,46143.0,123989.0,63683.0,0.0
2017-06-16,12416427.0,1163147.0,463604.0,490224.0,605690.0,687807.0,224693.0,1919883.0,179618.0,2142213.0,921.0,528936.0,17578.0,123927.0,57482.0,63000.0,0.0
2017-06-20,17642206.0,428995.0,445764.0,294128.0,501923.0,435248.0,97501.0,817642.0,71371.0,1548474.0,1041.0,173553.0,11697.0,112341.0,65554.0,32900.0,0.0
2017-06-21,15889850.0,300362.0,650398.0,451718.0,367435.0,343441.0,337386.0,1265810.0,810724.0,641349.0,200000.0,24202.0,9646.0,206957.0,114143.0,117576.0,0.0
2017-06-22,6005698.0,407780.0,879895.0,231181.0,541679.0,262830.0,100378.0,362555.0,92670.0,193092.0,0.0,106951.0,4942.0,55542.0,39778.0,67082.0,0.0
2017-06-23,4290734.0,255305.0,666423.0,302306.0,627048.0,119390.0,74449.0,468768.0,39764.0,438810.0,592500.0,126663.0,3920.0,93328.0,13666.0,115046.0,0.0
2017-06-27,6420355.0,255299.0,516421.0,134111.0,207270.0,125801.0,253209.0,517958.0,234330.0,673707.0,69804.0,30702.0,7361.0,68595.0,61144.0,0.0,0.0
2017-06-28,15469295.0,431495.0,1510513.0,125732.0,593914.0,198229.0,21825.0,70847.0,55780.0,424029.0,5008650.0,61400.0,0.0,144147.0,59796.0,13425.0,6533.0
2017-06-29,9496004.0,393465.0,795496.0,112314.0,236275.0,253414.0,57855.0,328145.0,166799.0,719778.0,0.0,549323.0,10571.0,256230.0,29449.0,0.0,0.0
2017-06-30,11130778.0,611882.0,797514.0,187003.0,169345.0,566315.0,353100.0,456643.0,309931.0,1009230.0,33050.0,177133.0,13748.0,167685.0,76674.0,120000.0,0.0
2017-07-04,4932486.0,177194.0,444439.0,95267.0,83236.0,201662.0,66586.0,125974.0,151416.0,257166.0,28000.0,67076.0,1664.0,60733.0,129122.0,712.0,10788.0
2017-07-06,8156033.0,331970.0,399013.0,171758.0,179026.0,177925.0,134324.0,129151.0,71904.0,2908467.0,0.0,360729.0,64606.0,399618.0,84404.0,5200.0,0.0
2017-07-07,5719603.0,274560.0,225388.0,95772.0,77630.0,42012.0,26833.0,32011.0,24257.0,4542435.0,71115.0,80900.0,590.0,102377.0,54871.0,54500.0,152263.0
2017-07-10,2245278.0,120633.0,487335.0,294237.0,96100.0,47154.0,27656.0,27711.0,38103.0,2904444.0,70000.0,53929.0,6771.0,83353.0,3407.0,2500.0,1597.0
2017-07-11,7743433.0,210066.0,671771.0,395623.0,246464.0,90269.0,85322.0,486055.0,31220.0,649530.0,136045.0,98791.0,2390.0,147927.0,107107.0,65015.0,0.0
2017-07-12,15158197.0,364264.0,240517.0,126090.0,116437.0,317284.0,186251.0,1030822.0,282554.0,4781547.0,495961.0,205847.0,23204.0,336076.0,31330.0,0.0,38000.0
2017-07-13,12735680.0,591086.0,728155.0,97396.0,183308.0,147591.0,342736.0,308773.0,230916.0,2940156.0,1318595.0,246851.0,5170.0,230269.0,44067.0,23325.0,10000.0
2017-07-14,7562248.0,335813.0,276500.0,306400.0,539831.0,85229.0,114945.0,282342.0,136897.0,873861.0,17700.0,132624.0,42517.0,229497.0,71479.0,17159.0,0.0
2017-07-17,4292953.0,234688.0,452267.0,627288.0,669015.0,135789.0,140857.0,366774.0,78725.0,692712.0,16000.0,49850.0,10960.0,66568.0,41389.0,20838.0,0.0
2017-07-18,5960795.0,344004.0,111012.0,375697.0,570247.0,63597.0,58931.0,175096.0,27064.0,585180.0,850.0,86413.0,11154.0,127910.0,58193.0,204430.0,0.0
2017-07-19,6949823.0,286384.0,315884.0,359363.0,529041.0,85451.0,114133.0,313883.0,61095.0,1071564.0,4911.0,112289.0,54563.0,111370.0,50025.0,35446.0,19991.0
2017-07-21,5932260.0,214632.0,811359.0,74455.0,51796.0,46638.0,19484.0,37376.0,67359.0,777975.0,278.0,25042.0,59714.0,9597.0,89497.0,77366.0,0.0
2017-07-24,4206364.0,281869.0,198269.0,377845.0,439939.0,191784.0,186800.0,543443.0,174236.0,523242.0,2083052.0,130242.0,31513.0,98263.0,49014.0,0.0,0.0
2017-07-25,9773432.0,637288.0,962269.0,117326.0,250586.0,201964.0,301717.0,403075.0,69347.0,1271289.0,350252.0,236818.0,11173.0,328527.0,27199.0,27760.0,1967.0
2017-07-26,13150986.0,224698.0,329539.0,189411.0,767434.0,80033.0,83251.0,9016445.0,86428.0,2230719.0,40630.0,244560.0,10968.0,256511.0,44528.0,0.0,0.0
2017-07-27,6584112.0,223014.0,388133.0,132880.0,450517.0,132217.0,173906.0,180497.0,92944.0,1094157.0,45939.0,690416.0,13827.0,193529.0,14371.0,0.0,19205.0
2017-07-28,7821590.0,139274.0,411693.0,149517.0,200155.0,60964.0,144894.0,59036.0,279805.0,400437.0,13000.0,1314170.0,24801.0,129103.0,202153.0,93180.0,62000.0
2017-07-31,6878289.0,1121690.0,2092048.0,826504.0,1974674.0,297949.0,396025.0,586913.0,150171.0,750480.0,536753.0,610540.0,79054.0,187649.0,87322.0,88956.0,0.0
2017-08-01,13189282.0,398839.0,97053.0,251046.0,535803.0,128303.0,74439.0,174544.0,109013.0,1483233.0,1231.0,158537.0,19984.0,155293.0,234908.0,0.0,9509.0
2017-08-02,4602013.0,215635.0,27003.0,162534.0,181433.0,45742.0,50044.0,89892.0,66943.0,1578324.0,7900.0,372302.0,7518.0,49544.0,41658.0,41946.0,5308.0
2017-08-03,8630856.0,367800.0,8250.0,56079.0,315273.0,71507.0,157468.0,56621.0,34623.0,503523.0,1055.0,4392.0,21292.0,123564.0,48749.0,10100.0,52400.0
2017-08-04,5554053.0,117408.0,4426.0,158783.0,133088.0,22498.0,47482.0,64701.0,242302.0,168789.0,370.0,382656.0,302.0,12132.0,85211.0,10657.0,2629.0
2017-08-08,9185708.0,467973.0,101508.0,180141.0,188395.0,64152.0,83170.0,808771.0,198710.0,1718787.0,14734.0,137920.0,15654.0,69069.0,29561.0,8380.0,0.0
2017-08-09,12241679.0,179685.0,259250.0,93449.0,888960.0,137924.0,163906.0,157678.0,280867.0,1123602.0,350.0,975410.0,1469.0,65766.0,150051.0,4225.0,0.0
2017-08-10,6372985.0,483392.0,1088685.0,763349.0,1102629.0,74638.0,44569.0,249858.0,186127.0,851592.0,250.0,8387.0,3250.0,139597.0,14308.0,73630.0,915.0
2017-08-11,4817331.0,188751.0,26312.0,176631.0,594377.0,63876.0,64671.0,111251.0,71631.0,348105.0,1000.0,89481.0,1085.0,41206.0,20299.0,71174.0,0.0
2017-08-14,6937904.0,250107.0,446933.0,247791.0,484625.0,58747.0,178228.0,132676.0,98387.0,356502.0,1000.0,246984.0,13228.0,144336.0,20534.0,71070.0,0.0
2017-08-15,9791870.0,195949.0,247562.0,521798.0,684181.0,45236.0,31780.0,493111.0,78629.0,1377132.0,1287.0,53438.0,2433.0,41255.0,23144.0,10370.0,0.0
2017-08-16,11683648.0,376911.0,2420070.0,342799.0,905408.0,258184.0,229260.0,589544.0,900989.0,1903932.0,11500.0,341134.0,13893.0,158453.0,263773.0,2486.0,0.0
2017-08-17,5508736.0,419179.0,799412.0,1671115.0,2512509.0,203457.0,284623.0,168699.0,386278.0,3014976.0,1000.0,264308.0,22980.0,92789.0,45227.0,40221.0,0.0
2017-08-18,2612156.0,143908.0,198203.0,47199.0,232840.0,150645.0,16967.0,97137.0,30784.0,344319.0,144879.0,166508.0,13286.0,106385.0,78042.0,35000.0,20940.0
2017-08-22,3580399.0,479157.0,382192.0,125958.0,260037.0,80919.0,139251.0,332569.0,96259.0,1299384.0,13889.0,233861.0,10966.0,24885.0,78005.0,14900.0,0.0
2017-08-23,5000630.0,95072.0,54652.0,3226908.0,3526646.0,32143.0,55204.0,93787.0,43583.0,1179831.0,20362.0,154542.0,110182.0,218763.0,61851.0,20963.0,26600.0
2017-08-24,5473918.0,102966.0,829985.0,175730.0,166847.0,48286.0,86033.0,93529.0,39024.0,501957.0,1330.0,33642.0,3705.0,126147.0,143023.0,31522.0,0.0
2017-08-25,13192714.0,128292.0,80267.0,47987.0,163117.0,76108.0,111074.0,88405.0,69264.0,1967820.0,1000.0,82361.0,10503.0,79821.0,29650.0,51786.0,16915.0
2017-08-28,17061618.0,347646.0,181433.0,24784.0,331176.0,81938.0,81802.0,169579.0,77164.0,85980.0,23444.0,288360.0,2740.0,52075.0,95819.0,267733.0,47542.0
2017-08-29,6430331.0,158266.0,738295.0,87172.0,409961.0,80334.0,120889.0,301598.0,117482.0,302799.0,1730.0,323914.0,10071.0,19048.0,45419.0,658927.0,0.0
2017-08-30,6762565.0,132280.0,960501.0,122893.0,319436.0,33364.0,71093.0,211447.0,55103.0,138930.0,2868.0,106172.0,7204.0,40053.0,43749.0,22804.0,0.0
2017-08-31,14849724.0,286218.0,243735.0,1740451.0,1529694.0,168584.0,1866696.0,331433.0,131725.0,729120.0,54000.0,559706.0,96125.0,546946.0,182773.0,103872.0,1000.0
2017-09-04,1681353.0,41494.0,462938.0,379921.0,170306.0,59355.0,142887.0,40031.0,31629.0,840306.0,14488.0,147750.0,8577.0,177180.0,16511.0,55493.0,0.0
2017-09-05,6773099.0,243887.0,625011.0,990132.0,1063192.0,132073.0,251236.0,298743.0,111812.0,751077.0,20766.0,412112.0,52025.0,95715.0,120697.0,4441.0,0.0
2017-09-06,5251163.0,202416.0,221068.0,520777.0,393406.0,119131.0,104737.0,223348.0,81269.0,370545.0,1380.0,94687.0,1898.0,78587.0,72899.0,14331.0,0.0
2017-09-07,1157449.0,121682.0,856321.0,271428.0,334101.0,32122.0,95215.0,84047.0,109593.0,425148.0,6000.0,62867.0,6620.0,13324.0,28762.0,4075.0,0.0
2017-09-08,9830178.0,91514.0,116622.0,237559.0,241472.0,27257.0,207337.0,92336.0,5374.0,848460.0,10000.0,472472.0,3531.0,108731.0,36996.0,9000.0,18659.0
2017-09-11,11848384.0,42531.0,1248395.0,249679.0,197904.0,49029.0,152744.0,96672.0,31721.0,531390.0,9400.0,256202.0,3427.0,88019.0,27093.0,28155.0,0.0
2017-09-12,7883138.0,387244.0,2687732.0,678913.0,599705.0,93437.0,754951.0,325760.0,204198.0,1025697.0,44260.0,577781.0,40667.0,517941.0,199758.0,33815.0,7139.0
2017-09-13,9359288.0,257373.0,404900.0,269764.0,268740.0,57609.0,257939.0,160808.0,126910.0,465363.0,426194.0,125348.0,50278.0,52650.0,69573.0,85157.0,16076.0
2017-09-14,9512375.0,419964.0,232646.0,614179.0,720518.0,174463.0,459869.0,531492.0,170113.0,288264.0,1339.0,228976.0,34616.0,305434.0,18075.0,0.0,930.0
2017-09-15,13227093.0,1451128.0,6254565.0,6346110.0,1788041.0,410657.0,9442776.0,1639088.0,217116.0,2057508.0,750.0,627104.0,102476.0,1628417.0,150781.0,13000.0,15180.0
2017-09-18,5058990.0,281765.0,635641.0,780578.0,135563.0,94426.0,2937762.0,154540.0,46615.0,252537.0,82452.0,174161.0,1253.0,283848.0,195660.0,4909.0,613.0
2017-09-19,5635249.0,205785.0,143723.0,590931.0,708080.0,68531.0,298985.0,151167.0,31434.0,1030143.0,57244.0,152317.0,15207.0,96916.0,205961.0,2000.0,0.0
2017-09-20,8063475.0,163921.0,557043.0,89328.0,501159.0,117300.0,530466.0,131388.0,61605.0,1173408.0,620376.0,96166.0,4132.0,206347.0,59823.0,676962.0,7633.0
2017-09-21,7747157.0,129127.0,250232.0,131972.0,349515.0,87472.0,364815.0,416013.0,108502.0,1218576.0,41259.0,168052.0,14371.0,86007.0,108129.0,44910.0,0.0
2017-09-22,4423079.0,49231.0,17898.0,340265.0,394054.0,41411.0,395143.0,91871.0,16318.0,392268.0,91099.0,280469.0,1904.0,174116.0,176864.0,20000.0,0.0
2017-09-25,9752774.0,189453.0,1964597.0,169066.0,214794.0,47719.0,783278.0,124870.0,103544.0,497043.0,8023.0,15183.0,488.0,25182.0,350192.0,74939.0,0.0
2017-09-26,32249015.0,129020.0,8409350.0,154397.0,854945.0,14869.0,56786.0,16685.0,17734.0,680538.0,10000.0,496183.0,16849.0,108433.0,1522053.0,42294.0,7000.0
2017-09-27,19907679.0,563650.0,410369.0,193197.0,552106.0,77159.0,808089.0,210228.0,57695.0,393612.0,0.0,199139.0,16601.0,177300.0,68870.0,0.0,0.0
2017-09-28,19679980.0,236444.0,40550.0,139415.0,2816036.0,139740.0,882981.0,173297.0,148306.0,923478.0,0.0,171516.0,14281.0,68175.0,196043.0,0.0,17000.0
2017-09-29,16482232.0,234462.0,11647184.0,508938.0,641891.0,107162.0,697361.0,209838.0,16047.0,604398.0,10984.0,332031.0,2341.0,111786.0,203661.0,2326.0,3577.0
2017-10-02,3290073.0,109193.0,3027724.0,111672.0,163880.0,75410.0,190110.0,66944.0,25779.0,279888.0,160000.0,70352.0,14463.0,36493.0,242504.0,15000.0,1500.0
2017-10-03,20583887.0,234530.0,1193417.0,173712.0,365037.0,89630.0,190488.0,147550.0,26274.0,606537.0,0.0,58539.0,13860.0,217665.0,1058924.0,0.0,31756.0
2017-10-04,6081803.0,78344.0,386340.0,817832.0,703388.0,26727.0,97276.0,350776.0,375007.0,1012596.0,32075.0,116446.0,18252.0,22521.0,48151.0,9000.0,320.0
2017-10-05,5714056.0,333660.0,1267597.0,639553.0,469110.0,54777.0,53217.0,199670.0,64521.0,2505381.0,0.0,192902.0,36537.0,27314.0,132051.0,7780.0,1500.0
2017-10-06,5050193.0,2078427.0,221682.0,95368.0,865433.0,150286.0,119303.0,214575.0,31229.0,843831.0,2796.0,82100.0,1942.0,343610.0,196507.0,97480.0,0.0
2017-10-09,2435060.0,78846.0,73580.0,70287.0,322277.0,31388.0,42699.0,39329.0,9377.0,2102358.0,5130.0,94358.0,30648.0,17520.0,7001.0,278448.0,0.0
2017-10-10,12475096.0,356912.0,381000.0,136019.0,359852.0,32539.0,149247.0,139423.0,20525.0,621966.0,7909.0,137814.0,14151.0,113501.0,36477.0,0.0,0.0
2017-10-11,7331710.0,423954.0,1927741.0,423112.0,333437.0,133663.0,122650.0,183492.0,37777.0,388437.0,312933.0,134325.0,3038.0,60924.0,92440.0,0.0,0.0
2017-10-12,4961242.0,116179.0,2599121.0,297078.0,553800.0,41105.0,83210.0,184790.0,69684.0,1299219.0,345532.0,180061.0,2775.0,571161.0,27965.0,0.0,9935.0
2017-10-13,4961242.0,116179.0,2599121.0,297078.0,553800.0,41105.0,83210.0,184790.0,69684.0,1299219.0,345532.0,180061.0,2775.0,571161.0,27965.0,0.0,9935.0
2017-10-17,18879027.0,234158.0,490503.0,437586.0,969398.0,212889.0,369162.0,1253097.0,35501.0,1546674.0,262327.0,194579.0,4517.0,57165.0,800241.0,20000.0,5430.0
2017-10-18,16074406.0,111978.0,1314975.0,108364.0,1670205.0,208792.0,100663.0,137671.0,30811.0,1646001.0,212327.0,200664.0,6667.0,8067.0,640795.0,0.0,0.0
2017-10-19,5861440.0,118814.0,1559741.0,187808.0,671476.0,542938.0,189700.0,473777.0,98725.0,1244697.0,250052.0,127958.0,7223.0,35021.0,52644.0,9750.0,0.0
2017-10-20,12650194.0,295465.0,1640924.0,47194.0,415562.0,53845.0,204824.0,99753.0,90301.0,971409.0,276327.0,212178.0,6811.0,69832.0,1992214.0,101559.0,151.0
2017-10-23,14551438.0,588480.0,409455.0,184702.0,615062.0,170498.0,450615.0,534977.0,53012.0,1565643.0,488827.0,243928.0,17185.0,50528.0,421534.0,16819.0,0.0
2017-10-24,18934398.0,417447.0,2228412.0,295288.0,731658.0,640744.0,262035.0,588582.0,102001.0,1151211.0,214407.0,391480.0,273162.0,94628.0,34198.0,13593.0,0.0
2017-10-25,28053940.0,265405.0,3264112.0,299414.0,849340.0,464541.0,213812.0,976878.0,118357.0,992460.0,247450.0,583257.0,1797.0,61254.0,155771.0,95000.0,32475.0
2017-10-26,47826636.0,228366.0,914219.0,418651.0,560085.0,81259.0,415850.0,195819.0,50453.0,2295864.0,253585.0,989488.0,4215.0,152524.0,269244.0,143615.0,1219.0
2017-10-27,37478084.0,173544.0,2219814.0,1530904.0,5293988.0,150181.0,358392.0,251600.0,42703.0,1090605.0,216651.0,370027.0,8491.0,84615.0,130793.0,39103.0,0.0
2017-10-30,21020666.0,197306.0,500242.0,572969.0,1880682.0,187426.0,99163.0,124726.0,113843.0,1185033.0,873787.0,754386.0,5465.0,116497.0,16928.0,50601.0,41762.0
2017-10-31,30069947.0,707732.0,2713029.0,675888.0,1911998.0,622940.0,580439.0,588213.0,313408.0,3034584.0,5999023.0,918361.0,38110.0,158876.0,144416.0,7000.0,30000.0
2017-11-01,37494992.0,366063.0,1769643.0,204424.0,1841009.0,322797.0,200234.0,264439.0,185112.0,1668228.0,1911.0,1179295.0,13010.0,65334.0,147807.0,44781.0,0.0
2017-11-02,24538433.0,416602.0,1594992.0,338545.0,1030425.0,154491.0,65452.0,74569.0,50194.0,1366326.0,74260.0,26782.0,230.0,34462.0,67767.0,7000.0,0.0
2017-11-03,20867459.0,171075.0,1785996.0,229136.0,953569.0,146378.0,163696.0,44680.0,20420.0,802338.0,41176.0,63836.0,9854.0,24855.0,60122.0,5500.0,0.0
2017-11-07,27828439.0,322706.0,311641.0,275485.0,670970.0,83922.0,69159.0,203316.0,132489.0,1081512.0,46588.0,113285.0,11144.0,22923.0,75147.0,3692.0,7980.0
2017-11-08,23510033.0,427457.0,576084.0,943733.0,1741031.0,25246.0,19820.0,48139.0,40291.0,792990.0,121816.0,122105.0,13686.0,30373.0,74187.0,17100.0,0.0
2017-11-09,28193874.0,169238.0,145470.0,480141.0,1817002.0,190399.0,146900.0,137721.0,65901.0,767709.0,37638.0,181273.0,5938.0,12016.0,18314.0,1100.0,0.0
2017-11-10,12260042.0,134555.0,2126043.0,234254.0,924235.0,185509.0,87386.0,129034.0,169772.0,635928.0,0.0,46121.0,1371.0,28176.0,76897.0,111104.0,0.0
2017-11-14,17685671.0,364249.0,771586.0,347018.0,1703328.0,228895.0,232407.0,346975.0,57428.0,1099836.0,40431.0,135888.0,15108.0,64406.0,79597.0,1876.0,0.0
2017-11-15,16555579.0,359642.0,502391.0,164900.0,598283.0,343601.0,195100.0,187982.0,155865.0,1302909.0,1032.0,222908.0,8.0,61272.0,249047.0,83760.0,0.0
2017-11-16,9212645.0,422700.0,462110.0,256776.0,1175084.0,145546.0,342677.0,208547.0,105521.0,448515.0,65452.0,91635.0,27929.0,50059.0,239618.0,23682.0,0.0
2017-11-17,4446506.0,233359.0,63279.0,171241.0,440105.0,104714.0,46259.0,95718.0,76206.0,203160.0,2550.0,121498.0,6746.0,45743.0,102374.0,16240.0,0.0
2017-11-20,15360494.0,269268.0,7259731.0,233884.0,540446.0,85240.0,40635.0,73141.0,36374.0,365340.0,4095.0,139010.0,5882.0,28057.0,52321.0,0.0,5268.0
2017-11-21,6371727.0,173436.0,992766.0,179742.0,995500.0,30414.0,65132.0,159070.0,70906.0,1342956.0,15038.0,110055.0,2742.0,31465.0,1119927.0,51833.0,1000.0
2017-11-22,14944164.0,291338.0,406412.0,193590.0,525090.0,33582.0,81197.0,382426.0,18543.0,400680.0,0.0,375959.0,14599.0,124225.0,118984.0,49491.0,0.0
2017-11-23,1586700.0,47737.0,596013.0,15440.0,43928.0,8233.0,18511.0,2820382.0,13924.0,92250.0,0.0,35147.0,1912.0,57146.0,18906.0,36594.0,0.0
2017-11-24,5744033.0,110436.0,674789.0,21350.0,346510.0,51667.0,68818.0,186695.0,189647.0,103503.0,400.0,666362.0,4753.0,621209.0,166844.0,25000.0,500.0
2017-11-27,12876798.0,381863.0,490037.0,157633.0,561035.0,69152.0,106365.0,127229.0,17126.0,1478709.0,4546.0,26143.0,4071.0,58232.0,39238.0,128900.0,1957.0
2017-11-28,14773209.0,598541.0,1205757.0,546378.0,812775.0,217089.0,163645.0,844303.0,176688.0,4100208.0,20224.0,309682.0,1909.0,111533.0,119212.0,39803.0,2710.0
2017-11-29,7792172.0,307914.0,625448.0,405336.0,509038.0,103842.0,319655.0,220202.0,119177.0,371931.0,0.0,30751.0,1343.0,78329.0,335587.0,12310.0,134286.0
2017-11-30,10485098.0,1028547.0,750690.0,1198020.0,1587232.0,473922.0,582502.0,1255136.0,44690.0,934818.0,124914.0,475506.0,9480.0,198872.0,302252.0,24242.0,25725.0
2017-12-01,4317477.0,261311.0,424561.0,81116.0,510067.0,99667.0,305525.0,253151.0,42408.0,1033056.0,11739.0,409392.0,4989.0,55886.0,266484.0,34483.0,25725.0
2017-12-04,8748169.0,249259.0,101399.0,40791.0,361277.0,33225.0,32764.0,81381.0,37424.0,290055.0,0.0,211397.0,2592.0,12957.0,35635.0,14439.0,57270.0
2017-12-05,7250965.0,233646.0,486583.0,287671.0,1295871.0,136829.0,47212.0,91947.0,35781.0,1623228.0,0.0,178701.0,9190.0,52351.0,211748.0,43096.0,0.0
2017-12-06,14086341.0,394012.0,1279299.0,119969.0,852341.0,198698.0,515168.0,196272.0,15995.0,1589925.0,273.0,215683.0,66384.0,83610.0,208908.0,79058.0,0.0
2017-12-07,3778324.0,178308.0,538925.0,476463.0,770210.0,158616.0,143661.0,354296.0,22447.0,7639479.0,1006.0,330465.0,21552.0,143697.0,48314.0,54218.0,0.0
2017-12-12,22107193.0,171429.0,1346078.0,300887.0,940951.0,239260.0,350784.0,289435.0,87198.0,911577.0,19656.0,178833.0,248913.0,184868.0,100575.0,60424.0,0.0
2017-12-13,17248131.0,817724.0,1210533.0,576156.0,1489648.0,444738.0,590627.0,716202.0,399329.0,627045.0,0.0,518860.0,1811.0,251421.0,167761.0,2333.0,1650.0
2017-12-15,19767856.0,861795.0,1089868.0,577102.0,1683304.0,499856.0,812464.0,1086206.0,95214.0,10310148.0,26208.0,479442.0,14535.0,69228.0,130881.0,145673.0,0.0
2017-12-18,14530699.0,170453.0,645042.0,277809.0,842782.0,50509.0,197760.0,148602.0,44259.0,975006.0,0.0,162220.0,19405.0,89401.0,204908.0,35172.0,0.0
2017-12-19,6921344.0,231209.0,450738.0,149340.0,529610.0,80717.0,633683.0,72740.0,22766.0,448257.0,2103.0,858781.0,7464.0,58863.0,191780.0,99410.0,1125.0
2017-12-20,7731081.0,717916.0,560026.0,122550.0,1236797.0,164525.0,705859.0,189683.0,97313.0,3008766.0,1365.0,552313.0,7865.0,81949.0,290772.0,26028.0,0.0
2017-12-21,7463169.0,205710.0,4711549.0,128868.0,295391.0,298454.0,189910.0,368652.0,105529.0,5173029.0,660.0,2746022.0,19864.0,26236.0,43606.0,12000.0,0.0
2017-12-22,5497130.0,393093.0,676082.0,120918.0,253271.0,18227.0,1258056.0,61318.0,112905.0,2237133.0,1685.0,361855.0,2407.0,150566.0,37456.0,91907.0,0.0
2017-12-26,8802635.0,98167.0,76765.0,15336.0,45109.0,52583.0,253421.0,91344.0,24993.0,152934.0,0.0,81309.0,1044.0,7005.0,43106.0,5098.0,0.0
2017-12-27,7003466.0,155822.0,316990.0,100120.0,205234.0,41871.0,73772.0,112720.0,19243.0,1360833.0,0.0,77417.0,174.0,46472.0,59932.0,2425.0,0.0
2017-12-28,11666842.0,245685.0,216690.0,91838.0,221697.0,83273.0,125326.0,291136.0,57409.0,674460.0,0.0,241363.0,3628.0,80998.0,314684.0,36500.0,0.0
2018-01-02,13141281.0,57159.0,136016.0,124433.0,150702.0,26707.0,11179.0,11600.0,13893.0,74025.0,0.0,18059.0,61.0,28045.0,53888.0,162798.0,0.0
2018-01-03,14138880.0,45861.0,425874.0,51922.0,313471.0,94381.0,14435.0,23632.0,402.0,646338.0,0.0,11630.0,2271.0,15638.0,138722.0,20500.0,0.0
2018-01-05,20328667.0,310829.0,276754.0,286003.0,609126.0,232482.0,204220.0,224869.0,24880.0,486246.0,0.0,73649.0,11353.0,31412.0,50245.0,3000.0,0.0
2018-01-09,26201125.0,310501.0,1297012.0,135776.0,701047.0,309845.0,101923.0,182376.0,100240.0,463203.0,0.0,151362.0,6464.0,23511.0,66597.0,53894.0,0.0
2018-01-10,32007488.0,440630.0,1496428.0,132236.0,743043.0,217153.0,58488.0,41553.0,192287.0,2747439.0,0.0,271783.0,8126.0,69459.0,202872.0,50000.0,0.0
2018-01-11,34648132.0,154966.0,278980.0,102093.0,423775.0,91826.0,38137.0,123502.0,23291.0,1195923.0,0.0,266509.0,9711.0,41406.0,21804.0,10398.0,0.0
2018-01-15,2946870.0,81623.0,820703.0,147609.0,86362.0,21840.0,36576.0,21836.0,60854.0,347451.0,0.0,102622.0,409.0,22478.0,17535.0,78202.0,0.0
2018-01-16,32134766.0,273486.0,928164.0,238304.0,968880.0,83514.0,171699.0,163334.0,32164.0,1191108.0,0.0,212218.0,2498.0,84305.0,226544.0,0.0,0.0
2018-01-19,14965210.0,193586.0,1802813.0,261796.0,356451.0,76754.0,108750.0,164556.0,137031.0,4964943.0,665.0,834729.0,4480.0,23597.0,63913.0,81250.0,20000.0
2018-01-22,28051940.0,307921.0,332864.0,94465.0,365410.0,160781.0,321093.0,269504.0,319276.0,2656818.0,0.0,451793.0,45787.0,52341.0,494600.0,8000.0,1500.0
2018-01-23,26581818.0,229879.0,718063.0,204978.0,416716.0,104874.0,610726.0,170104.0,102559.0,1207971.0,1588.0,1175550.0,3731.0,30802.0,243177.0,12494.0,0.0
2018-01-24,30949877.0,276801.0,1229132.0,280534.0,764124.0,223276.0,0.0,135266.0,188366.0,2893968.0,6860.0,1611089.0,10709.0,100493.0,249252.0,30500.0,28262.0
2018-01-25,33400416.0,416071.0,573255.0,219029.0,893280.0,163868.0,189290.0,267356.0,35630.0,1758447.0,522.0,757920.0,13236.0,91430.0,348453.0,61991.0,16604.0
2018-01-26,12041550.0,272288.0,1147951.0,286285.0,507270.0,104366.0,170122.0,249686.0,123628.0,829038.0,522.0,158867.0,3696.0,121912.0,211854.0,12300.0,17532.0
2018-01-29,15119376.0,189101.0,670282.0,103483.0,474744.0,91263.0,140138.0,226519.0,85982.0,1028118.0,0.0,872440.0,11564.0,143697.0,140070.0,50987.0,0.0
2018-01-30,14499932.0,328261.0,1019415.0,115758.0,194633.0,65081.0,91727.0,117277.0,145764.0,948777.0,10000.0,327804.0,2187.0,33852.0,195072.0,3300.0,0.0
2018-01-31,25363265.0,826613.0,2648954.0,1283185.0,2198306.0,348151.0,353251.0,383310.0,224956.0,2820336.0,98184.0,721094.0,36949.0,326249.0,117487.0,52819.0,0.0
2018-02-01,25623817.0,556569.0,4643282.0,292607.0,554379.0,278148.0,334556.0,191738.0,193742.0,1249128.0,1331.0,890492.0,4299.0,226336.0,352287.0,57894.0,29721.0
2018-02-02,14506478.0,500515.0,3620728.0,374338.0,570801.0,265482.0,498717.0,78297.0,26687.0,2638470.0,1331.0,187296.0,931.0,58525.0,9873.0,2360.0,21104.0
2018-02-05,30386881.0,741805.0,1214599.0,530337.0,1143139.0,252393.0,342958.0,430887.0,195735.0,1942095.0,31624.0,247111.0,12751.0,36590.0,157936.0,0.0,0.0
2018-02-06,41850522.0,395429.0,3874080.0,330059.0,602726.0,596327.0,254118.0,492323.0,607167.0,2095464.0,11524.0,386683.0,2884.0,15756.0,149577.0,310.0,70000.0
2018-02-07,26251111.0,590421.0,319649.0,593761.0,558599.0,112111.0,106202.0,253459.0,82854.0,1359531.0,1708.0,520988.0,726.0,32793.0,190298.0,1360.0,1652.0
2018-02-08,27935087.0,140039.0,265122.0,285189.0,997052.0,37661.0,90186.0,71216.0,97135.0,1430193.0,49835.0,1167402.0,5216.0,15710.0,129904.0,0.0,1139.0
2018-02-09,37452535.0,514227.0,658721.0,183010.0,768683.0,173017.0,127529.0,223508.0,148426.0,2618373.0,114.0,844613.0,6136.0,172441.0,63590.0,3137.0,48729.0
2018-02-12,18168976.0,303522.0,355674.0,317546.0,579704.0,118195.0,161489.0,208616.0,49090.0,2559477.0,5659.0,602265.0,2676.0,54387.0,102621.0,50000.0,1734.0
2018-02-13,8517290.0,192680.0,1443126.0,150826.0,388762.0,173568.0,209999.0,413472.0,304229.0,514419.0,27554.0,506938.0,6452.0,22256.0,832231.0,20000.0,0.0
2018-02-14,25341788.0,255658.0,1230612.0,277301.0,842341.0,429932.0,318073.0,160808.0,304445.0,3144534.0,5360.0,1305570.0,8406.0,57943.0,245586.0,29402.0,0.0
2018-02-15,19775146.0,258878.0,4313626.0,145074.0,491585.0,345416.0,93872.0,120638.0,78558.0,1276719.0,30750.0,1603890.0,11042.0,61126.0,214208.0,15228.0,100.0
2018-02-16,16524347.0,565916.0,671247.0,357153.0,755487.0,136536.0,103511.0,152746.0,8796.0,2062557.0,1602.0,514848.0,13194.0,53138.0,6645.0,7784.0,45543.0
2018-02-19,2258002.0,85830.0,894140.0,98703.0,27461.0,23565.0,16216.0,30214.0,153010.0,580698.0,24744.0,1228053.0,6870.0,376041.0,85760.0,23000.0,0.0
2018-02-20,17638048.0,331130.0,1884229.0,263048.0,1024392.0,163246.0,83693.0,89685.0,245533.0,1517625.0,302.0,1653996.0,17500.0,28335.0,228257.0,0.0,3670.0
2018-02-21,16584419.0,485971.0,1102371.0,771779.0,1468675.0,143549.0,159537.0,366657.0,93368.0,1208541.0,16443.0,772939.0,7195.0,71597.0,109571.0,29605.0,0.0
2018-02-22,19293858.0,111905.0,1380329.0,842781.0,1973016.0,208041.0,140681.0,389902.0,261849.0,1529034.0,24911.0,135714.0,6184.0,15092.0,718667.0,47400.0,0.0
2018-02-23,16841489.0,133936.0,1378117.0,186673.0,557537.0,72721.0,36025.0,97002.0,116025.0,350934.0,112.0,804888.0,65.0,17734.0,61442.0,47400.0,0.0
2018-02-26,17069960.0,111403.0,568626.0,72340.0,726905.0,50055.0,111696.0,245326.0,61033.0,944325.0,9044.0,113756.0,4203.0,37153.0,204496.0,74795.0,150.0
2018-02-27,20941570.0,404244.0,1394073.0,742765.0,1188579.0,164449.0,216038.0,129095.0,129825.0,1714860.0,3458.0,469755.0,11474.0,53820.0,275902.0,79380.0,41843.0
2018-02-28,31369955.0,795407.0,4256940.0,487370.0,960120.0,350598.0,630959.0,337477.0,161023.0,1247193.0,13566.0,401294.0,24044.0,59583.0,98801.0,58877.0,915.0
2018-03-01,20283458.0,351747.0,2120368.0,224847.0,424290.0,134943.0,663991.0,1486967.0,257484.0,3646761.0,29526.0,687760.0,8622.0,103450.0,59166.0,54000.0,538.0
2018-03-02,8127804.0,245546.0,9518519.0,68829.0,260972.0,77644.0,109544.0,308961.0,97829.0,2899707.0,29526.0,160026.0,847.0,48508.0,7292.0,39000.0,2252.0
2018-03-05,11840054.0,325821.0,162010.0,98770.0,177699.0,43481.0,168663.0,2726127.0,39848.0,314901.0,0.0,159387.0,689.0,55985.0,19783.0,20140.0,1730.0
2018-03-06,14059913.0,149270.0,152124.0,239437.0,587512.0,91983.0,193529.0,28235624.0,44162.0,341967.0,25894.0,35615.0,7531.0,288323.0,112874.0,2249.0,21124.0
2018-03-07,11803339.0,365057.0,535729.0,533228.0,1048468.0,107284.0,462647.0,519112.0,49546.0,2633583.0,12834.0,304536.0,5905.0,29914.0,54701.0,3644.0,0.0
2018-03-08,10040367.0,135926.0,836971.0,548797.0,378186.0,38266.0,214656.0,78382.0,110834.0,1784034.0,10723.0,142892.0,16033.0,45402.0,26339.0,0.0,3023.0
2018-03-09,15772647.0,150074.0,584836.0,437499.0,551771.0,102849.0,161896.0,21419546.0,162889.0,687762.0,32066.0,288261.0,24030.0,84316.0,294246.0,4000.0,3140.0
2018-03-12,9264212.0,124852.0,1202068.0,62571.0,140171.0,149658.0,92377.0,82804.0,15639.0,574416.0,0.0,16683.0,1817.0,18622.0,28846.0,15000.0,145676.0
2018-03-14,8492631.0,125543.0,564540.0,31645.0,312661.0,57760.0,137883.0,311155.0,111033.0,697917.0,16163.0,45395.0,4125.0,8334.0,149106.0,4200.0,57757.0
2018-03-15,18235875.0,500885.0,810341.0,290407.0,473092.0,87892.0,76055.0,706040.0,163903.0,701925.0,7980.0,69884.0,12392.0,22045.0,258455.0,8500.0,7586.0
2018-03-20,19753133.0,246812.0,274429.0,312483.0,700385.0,107602.0,103718.0,2997487.0,40466.0,2260125.0,0.0,128591.0,1075.0,464659.0,39530.0,28570.0,4157.0
2018-03-21,28627695.0,360987.0,1220672.0,318218.0,955107.0,99803.0,193954.0,647286.0,72513.0,1050921.0,18818.0,741068.0,8186.0,53864.0,81485.0,202163.0,0.0
2018-03-22,22941374.0,525804.0,1203604.0,83471.0,612519.0,293576.0,142329.0,3560805.0,41430.0,1129896.0,266.0,1187856.0,9564.0,443026.0,183347.0,37639.0,0.0
2018-03-23,22941374.0,525804.0,1203604.0,83471.0,612519.0,293576.0,142329.0,3560805.0,41430.0,1129896.0,266.0,1187856.0,9564.0,443026.0,183347.0,37639.0,0.0
2018-03-26,14256329.0,324959.0,843743.0,306013.0,283241.0,88088.0,46051.0,208691.0,43742.0,511089.0,266.0,127724.0,3827.0,18611.0,92968.0,0.0,0.0
2018-03-27,16069655.0,283976.0,236617.0,160325.0,1169945.0,114577.0,73351.0,163678.0,29127.0,707205.0,0.0,265153.0,82.0,74078.0,212447.0,28433.0,80.0
2018-04-02,17643131.0,97435.0,207838.0,277219.0,404819.0,101372.0,183940.0,231133.0,9985.0,2066133.0,0.0,95584.0,5165.0,31845.0,122448.0,57680.0,0.0
2018-04-03,13109179.0,461370.0,1128724.0,494335.0,1363388.0,86005.0,150073.0,1122083.0,74651.0,5604879.0,0.0,431928.0,5921.0,482036.0,356050.0,48040.0,0.0
2018-04-04,16780793.0,185882.0,2305762.0,51199.0,918402.0,199460.0,149792.0,1172481.0,129987.0,359850.0,6426.0,455502.0,13698.0,28404.0,188865.0,5000.0,0.0
2018-04-05,11539363.0,219757.0,6159952.0,225030.0,949099.0,785838.0,166286.0,1160221.0,160288.0,1939914.0,0.0,686655.0,26021.0,426085.0,143134.0,0.0,0.0
2018-04-09,14311863.0,391221.0,881202.0,485652.0,1103676.0,701783.0,231142.0,2319337.0,125390.0,1848159.0,66111.0,425526.0,16257.0,179680.0,101763.0,17180.0,0.0
2018-04-10,16216677.0,178718.0,804246.0,589349.0,1435660.0,740899.0,98168.0,178024.0,28461.0,1607130.0,7733.0,113883.0,4189.0,58865.0,448717.0,6400.0,1157943.0
2018-04-11,28627360.0,1566784.0,1300849.0,373684.0,809427.0,3979650.0,521135.0,4539057.0,119214.0,739185.0,50806.0,598173.0,14990.0,139718.0,394741.0,5338.0,107891.0
2018-04-12,20202015.0,640193.0,720260.0,162828.0,370283.0,256824.0,122440.0,970605.0,112153.0,605892.0,1202.0,367338.0,6064.0,90957.0,277002.0,84145.0,140.0
2018-04-13,20202015.0,640193.0,720260.0,162828.0,370283.0,256824.0,122440.0,970605.0,112153.0,605892.0,1202.0,367338.0,6064.0,90957.0,277002.0,84145.0,140.0
2018-04-16,11157389.0,105619.0,531470.0,47666.0,94521.0,100399.0,28965.0,101708.0,48768.0,1982340.0,0.0,168313.0,7401.0,11324.0,72238.0,4300.0,0.0
2018-04-17,27452832.0,158023.0,999504.0,313466.0,344785.0,345450.0,121081.0,369708.0,41851.0,662610.0,16647.0,371857.0,19155.0,82494.0,146848.0,764.0,0.0
2018-04-18,36420033.0,400111.0,2160508.0,405681.0,608271.0,515712.0,3209850.0,762142.0,102141.0,1653978.0,10466.0,198155.0,8902.0,38327.0,92225.0,19275.0,0.0
2018-04-19,29262974.0,538357.0,867521.0,378183.0,650625.0,721879.0,99014.0,669685.0,114644.0,350622.0,4592.0,267419.0,34679.0,158606.0,123326.0,17034.0,0.0
2018-04-23,16787753.0,830285.0,761984.0,269401.0,393802.0,217788.0,286184.0,566952.0,152120.0,1160904.0,600.0,299274.0,2554.0,433496.0,71478.0,5008.0,0.0
2018-04-24,26203386.0,957988.0,2335621.0,344267.0,598517.0,774319.0,314806.0,413523.0,117192.0,1075437.0,20600.0,328819.0,32935.0,47012.0,48643.0,169462.0,21000.0
2018-04-25,20320188.0,674802.0,1789867.0,108055.0,738831.0,378636.0,78458.0,280744.0,123674.0,831915.0,1300.0,388770.0,17406.0,59145.0,230097.0,54535.0,15000.0
2018-04-26,16649951.0,521725.0,287519.0,129728.0,550824.0,133561.0,215142.0,602250.0,74128.0,979728.0,2083.0,240751.0,4552.0,58492.0,57264.0,26518.0,0.0
2018-04-30,16583150.0,543093.0,2087903.0,891338.0,1601066.0,245922.0,373137.0,658986.0,415335.0,1264599.0,168473.0,935863.0,28163.0,115648.0,251974.0,0.0,11982.0
2018-05-02,12936543.0,299436.0,741723.0,238292.0,416822.0,254140.0,137050.0,194993.0,200828.0,876354.0,47955.0,2776344.0,11122.0,44172.0,308753.0,7612.0,30776.0
2018-05-03,16028975.0,599307.0,889674.0,756572.0,2268499.0,468475.0,445595.0,684415.0,379941.0,522666.0,3500.0,50624.0,7077.0,61136.0,30987.0,16088.0,33546.0
2018-05-07,8968340.0,266425.0,1348150.0,87940.0,364406.0,43402.0,61581.0,100283.0,18911.0,1464729.0,1070.0,613196.0,1680.0,70072.0,96863.0,0.0,0.0
2018-05-08,27490772.0,376590.0,287297.0,921655.0,4664952.0,147697.0,157446.0,287708.0,453379.0,271038.0,0.0,151305.0,4000.0,26734.0,192347.0,8350.0,106.0
2018-05-09,16116983.0,252696.0,2198388.0,211497.0,988410.0,1478256.0,121761.0,244766.0,86633.0,489045.0,27757.0,218588.0,24934.0,71065.0,133369.0,1200.0,0.0
2018-05-10,16109816.0,313987.0,1001489.0,117223.0,682243.0,114546.0,93291.0,121270.0,125037.0,986547.0,13254.0,213531.0,21157.0,79032.0,74442.0,249188.0,0.0
2018-05-15,24354249.0,748634.0,710820.0,491207.0,2515991.0,333817.0,107346.0,160779.0,71053.0,513348.0,2500.0,36622.0,19127.0,48289.0,88474.0,13550.0,0.0
2018-05-16,17888339.0,410911.0,990311.0,664238.0,1066998.0,52327.0,56502.0,197432.0,11938.0,1566885.0,8801.0,372076.0,2397.0,22281.0,49880.0,4332.0,0.0
2018-05-17,15789105.0,442544.0,769669.0,408297.0,986945.0,241885.0,183537.0,399027.0,42751.0,795573.0,20271.0,130435.0,9773.0,81379.0,38742.0,49200.0,1163.0
2018-05-21,8976904.0,338543.0,1336408.0,142595.0,426343.0,108408.0,114793.0,253975.0,190222.0,621042.0,44230.0,126669.0,12287.0,87782.0,190241.0,18.0,8583.0
2018-05-22,8591944.0,304792.0,1837158.0,463000.0,939709.0,202906.0,328872.0,556931.0,136543.0,437469.0,51155.0,292595.0,15250.0,166699.0,62668.0,3100.0,0.0
2018-05-23,13700566.0,491680.0,1657210.0,501276.0,358487.0,318762.0,126718.0,136315.0,330379.0,191148.0,15280.0,155357.0,11744.0,27741.0,153735.0,0.0,0.0
2018-05-24,21049094.0,360551.0,1957117.0,284394.0,1180364.0,346885.0,172484.0,315062.0,61260.0,719427.0,9756.0,66215.0,22596.0,403775.0,83179.0,43927.0,0.0
2018-05-28,5455141.0,166185.0,5206241.0,66313.0,295628.0,166336.0,100421.0,128501.0,15245.0,103128.0,5707.0,63135.0,282.0,46770.0,75542.0,0.0,0.0
2018-05-29,30216473.0,177173.0,411035.0,415482.0,770667.0,299105.0,211777.0,523807.0,51896.0,245091.0,0.0,111317.0,17585.0,167060.0,155844.0,10000.0,22358.0
2018-05-30,17779156.0,413021.0,1861826.0,220014.0,416418.0,1163379.0,248127.0,359264.0,117884.0,1247946.0,28211.0,374215.0,12609.0,325397.0,238120.0,0.0,58086.0
2018-05-31,31990505.0,3276985.0,1680022.0,704632.0,1849975.0,1399443.0,676625.0,1483013.0,121199.0,2953866.0,0.0,403356.0,21126.0,423107.0,59294.0,12700.0,124507.0
2018-06-05,10739782.0,531229.0,628351.0,195699.0,556100.0,268323.0,416207.0,280476.0,96566.0,1651962.0,16348.0,53631.0,6931.0,30082.0,169342.0,56737.0,0.0
2018-06-06,11052273.0,318689.0,677206.0,139817.0,847199.0,525166.0,348297.0,342807.0,51754.0,288843.0,21780.0,809780.0,8527.0,169946.0,275410.0,0.0,795.0
2018-06-07,6633669.0,307039.0,307870.0,446877.0,1838624.0,201968.0,142433.0,228961.0,429063.0,1114005.0,4529.0,1371258.0,16033.0,145180.0,501460.0,0.0,0.0
2018-06-08,6633669.0,307039.0,307870.0,446877.0,1838624.0,201968.0,142433.0,228961.0,429063.0,1114005.0,4529.0,1371258.0,16033.0,145180.0,501460.0,0.0,0.0
2018-06-12,9577879.0,404701.0,1998222.0,303688.0,590926.0,208644.0,201158.0,305273.0,36412.0,590169.0,0.0,104947.0,12838.0,50070.0,275924.0,4500.0,0.0
2018-06-13,6428358.0,324760.0,643837.0,201042.0,393727.0,196537.0,303011.0,362091.0,36439.0,716517.0,10745.0,205759.0,14752.0,99479.0,329617.0,4300.0,0.0
2018-06-14,6623430.0,299133.0,2159489.0,382870.0,650311.0,154930.0,311119.0,639252.0,97030.0,889920.0,36247.0,209268.0,17891.0,558009.0,339930.0,147440.0,0.0
2018-06-15,6623430.0,299133.0,2159489.0,382870.0,650311.0,154930.0,311119.0,639252.0,97030.0,889920.0,36247.0,209268.0,17891.0,558009.0,339930.0,147440.0,0.0
2018-06-18,11007236.0,581706.0,2238337.0,211835.0,640841.0,312056.0,524345.0,382971.0,123982.0,799938.0,542.0,305670.0,6341.0,299259.0,151795.0,780.0,0.0
2018-06-19,8412981.0,560402.0,987459.0,936356.0,970925.0,399372.0,182755.0,722861.0,17536.0,322575.0,25203.0,179819.0,21067.0,48425.0,62639.0,0.0,0.0
2018-06-20,19876293.0,600790.0,1179358.0,189610.0,803596.0,144114.0,128197.0,606419.0,147992.0,387447.0,18428.0,285970.0,43248.0,43316.0,146787.0,124194.0,0.0
2018-06-21,16288179.0,1409674.0,4400685.0,220841.0,369415.0,204614.0,574130.0,599357.0,86097.0,459885.0,53540.0,387349.0,12892.0,54852.0,77963.0,5000.0,0.0
2018-06-22,16288179.0,1409674.0,4400685.0,220841.0,369415.0,204614.0,574130.0,599357.0,86097.0,459885.0,53540.0,387349.0,12892.0,54852.0,77963.0,5000.0,0.0
2018-06-25,6008351.0,296141.0,593215.0,95626.0,263886.0,102421.0,299426.0,509389.0,77652.0,164817.0,13821.0,275688.0,6099.0,45401.0,17369.0,2500.0,101.0
2018-06-26,12069217.0,392483.0,1589546.0,77610.0,345926.0,222146.0,274709.0,1040328.0,99748.0,507003.0,22926.0,160496.0,6775.0,85396.0,102451.0,4340.0,0.0
2018-06-27,11116758.0,486542.0,3416766.0,121746.0,259824.0,125414.0,158738.0,725861.0,118118.0,709563.0,13320.0,394464.0,18528.0,19139.0,242553.0,2591.0,0.0
2018-06-28,8542495.0,747742.0,2299965.0,421788.0,710899.0,213292.0,158544.0,224524.0,36013.0,526815.0,16260.0,165121.0,64513.0,30241.0,48183.0,17094.0,110468.0
2018-07-03,6264362.0,229564.0,892107.0,296237.0,391468.0,442757.0,116032.0,205098.0,6283.0,455136.0,3583.0,7768.0,9775.0,467373.0,173555.0,10200.0,0.0
2018-07-04,2377383.0,34475.0,596742.0,37427.0,60410.0,20766.0,20304.0,71087.0,5252.0,1468110.0,625.0,37745.0,1962.0,14689.0,1986.0,9000.0,0.0
2018-07-05,8018256.0,268671.0,1029659.0,671131.0,508512.0,316384.0,162172.0,1245082.0,62359.0,3281310.0,28635.0,271675.0,9533.0,52477.0,297179.0,15091.0,8385.0
2018-07-06,8018256.0,268671.0,1029659.0,671131.0,508512.0,316384.0,162172.0,1245082.0,62359.0,3281310.0,28635.0,271675.0,9533.0,52477.0,297179.0,15091.0,8385.0
2018-07-09,12479255.0,406387.0,358118.0,166969.0,381928.0,154139.0,174594.0,90914.0,496661.0,823989.0,31342.0,85640.0,3934.0,45803.0,458752.0,0.0,382.0
2018-07-10,10187398.0,281217.0,937789.0,161134.0,414294.0,302620.0,202126.0,258944.0,730253.0,681396.0,34407.0,327134.0,6056.0,41982.0,128442.0,11302.0,6945.0
2018-07-11,8161239.0,237551.0,1009575.0,56251.0,337204.0,159522.0,210806.0,153010.0,367742.0,2380590.0,10027.0,330186.0,3654.0,19761.0,57569.0,67387.0,0.0
2018-07-12,11450756.0,187311.0,1281374.0,186682.0,389654.0,155825.0,151528.0,281080.0,45444.0,1218246.0,0.0,255418.0,13245.0,9824.0,18817.0,72011.0,6575.0
2018-07-16,11523267.0,273630.0,2313584.0,68946.0,155826.0,44238.0,103604.0,601646.0,211669.0,1896285.0,29901.0,345889.0,7784.0,56241.0,237286.0,381.0,751.0
2018-07-17,7721833.0,467780.0,1780273.0,146378.0,187453.0,236711.0,144148.0,112080.0,86158.0,1069725.0,14661.0,275338.0,5182.0,113430.0,118984.0,823.0,23618.0
2018-07-18,6749112.0,171744.0,738289.0,174709.0,338133.0,80185.0,290226.0,179352.0,456970.0,879111.0,11043.0,408402.0,12304.0,50151.0,138307.0,0.0,1625.0
2018-07-23,4729684.0,131819.0,368745.0,66982.0,153066.0,94986.0,141940.0,208162.0,85064.0,1543881.0,5600.0,399042.0,10360.0,20334.0,134939.0,100000.0,11699.0
2018-07-24,4971962.0,81799.0,405471.0,80538.0,217140.0,106384.0,104151.0,1109604.0,162137.0,343794.0,25901.0,1162129.0,27535.0,49289.0,233335.0,4089.0,68627.0
2018-07-25,7339026.0,223534.0,1280325.0,249259.0,396900.0,2905926.0,46709.0,148005.0,53419.0,496101.0,11279.0,629762.0,2742.0,28470.0,32352.0,13817.0,11500.0
2018-07-26,6349490.0,161624.0,4186146.0,116186.0,308850.0,385863.0,249424.0,291327.0,107100.0,955299.0,14946.0,286775.0,6812.0,34002.0,906400.0,4580.0,0.0
2018-07-30,13245670.0,238080.0,1500204.0,115578.0,356907.0,93992.0,158761.0,231028.0,131602.0,293772.0,3636.0,87705.0,1557.0,62934.0,7346.0,901.0,0.0
2018-07-31,11049846.0,351298.0,2688308.0,308481.0,1734477.0,910341.0,193716.0,417504.0,177186.0,579246.0,44977.0,930430.0,14056.0,141646.0,177731.0,15458.0,2140.0
2018-08-01,9668493.0,543193.0,1680577.0,130524.0,485190.0,161176.0,125450.0,166686.0,71408.0,412398.0,18932.0,126427.0,26445.0,22401.0,48448.0,99657.0,7471.0
2018-08-02,5263757.0,133640.0,6315971.0,136263.0,947266.0,183500.0,86042.0,41942.0,44681.0,911055.0,21962.0,101663.0,10439.0,263718.0,27950.0,0.0,618.0
2018-08-06,3443163.0,152832.0,221525.0,34260.0,118292.0,59383.0,92918.0,123831.0,14042.0,132663.0,0.0,2102.0,0.0,46873.0,74603.0,66250.0,0.0
2018-08-08,6418299.0,296161.0,443504.0,251764.0,523377.0,61386.0,195950.0,137659.0,162942.0,313770.0,19008.0,202044.0,6166.0,63002.0,69154.0,23633.0,3000.0
2018-08-09,14488186.0,520799.0,6632751.0,349954.0,625147.0,82369.0,155912.0,248720.0,54353.0,608556.0,29039.0,965871.0,10592.0,36433.0,169015.0,13501.0,40004.0
2018-08-13,6514274.0,154380.0,1330660.0,36800.0,376229.0,43308.0,56206.0,93196.0,50743.0,349746.0,2883.0,1692704.0,3543.0,53500.0,69496.0,6701.0,11606.0
2018-08-14,7673084.0,83550.0,221406.0,82754.0,366396.0,33313.0,35804.0,29939.0,22656.0,100920.0,2874.0,52608.0,3965.0,10130.0,31490.0,5864.0,233.0
2018-08-15,18888018.0,1133114.0,1221687.0,47950.0,534281.0,77470.0,135601.0,257319.0,89236.0,404667.0,35425.0,210716.0,7238.0,57485.0,107279.0,5000.0,2106.0
2018-08-16,7319286.0,1074733.0,3652122.0,318929.0,521262.0,151225.0,2575995.0,176061.0,95717.0,321423.0,105253.0,150280.0,5711.0,34872.0,65577.0,2290.0,87894.0
2018-08-21,12711478.0,236570.0,714251.0,227513.0,835919.0,101230.0,227279.0,77544.0,52969.0,300252.0,5420.0,54172.0,1578.0,356398.0,967336.0,0.0,1600.0
2018-08-22,12451012.0,227308.0,985876.0,63028.0,949384.0,155542.0,551281.0,485231.0,84603.0,474708.0,45505.0,1116128.0,8248.0,146470.0,487777.0,19721.0,0.0
2018-08-23,7774766.0,212671.0,439879.0,155307.0,1188709.0,43083.0,418379.0,97305.0,63521.0,147060.0,7981.0,1103435.0,2868.0,76621.0,135771.0,27729.0,0.0
2018-08-27,6358829.0,115838.0,1059188.0,137086.0,515192.0,495426.0,128162.0,542532.0,33880.0,342447.0,17037.0,111370.0,19102.0,51893.0,47225.0,96655.0,0.0
2018-08-28,11295869.0,257770.0,265186.0,48068.0,406287.0,114728.0,91210.0,238891.0,38091.0,1906134.0,17824.0,167234.0,115.0,19058.0,88323.0,97537.0,0.0
2018-08-29,11463307.0,388743.0,844281.0,60877.0,305961.0,1958406.0,112503.0,141510.0,57888.0,147246.0,44805.0,98864.0,9241.0,61908.0,46036.0,54654.0,0.0
2018-08-30,9527838.0,68404.0,1733667.0,83277.0,554643.0,313595.0,1599279.0,422642.0,156009.0,939381.0,28400.0,762728.0,11786.0,31851.0,259781.0,12786.0,25143.0
2018-09-03,1050647.0,9074.0,440291.0,14803.0,11603.0,6974.0,9327.0,37142.0,11006.0,94248.0,0.0,9279.0,1020.0,19031.0,3820.0,0.0,0.0
2018-09-04,10856040.0,50487.0,1344485.0,126412.0,227646.0,352118.0,95155.0,314563.0,119092.0,157134.0,11728.0,1193909.0,4561.0,15921.0,266312.0,65101.0,29946.0
2018-09-05,10502983.0,389973.0,1438587.0,147119.0,449832.0,407858.0,346700.0,546031.0,230755.0,405849.0,33844.0,59415.0,5647.0,594712.0,131022.0,12381.0,1530.0
2018-09-06,7824380.0,387144.0,8267266.0,234752.0,621982.0,322372.0,262462.0,782558.0,534663.0,611352.0,11321.0,178977.0,11073.0,535182.0,100555.0,0.0,80748.0
2018-09-10,8714286.0,378218.0,628287.0,198517.0,204428.0,189703.0,187712.0,1114990.0,58844.0,352272.0,20894.0,107104.0,8692.0,48826.0,40133.0,0.0,12096.0
2018-09-11,14248165.0,134389.0,1002438.0,149378.0,814381.0,126390.0,63369.0,244205.0,31967.0,542799.0,2034.0,262123.0,5025.0,59300.0,292710.0,56302.0,18300.0
2018-09-12,39334861.0,968270.0,899489.0,411161.0,2136968.0,389809.0,543042.0,878247.0,94657.0,859059.0,0.0,502970.0,107.0,111449.0,39074.0,525.0,10000.0
2018-09-13,20313517.0,166356.0,550914.0,157628.0,726720.0,202967.0,155513.0,419734.0,106584.0,396909.0,5000.0,56944.0,0.0,11484.0,125433.0,0.0,0.0
2018-09-17,10148892.0,163539.0,553563.0,146485.0,226746.0,56692.0,28094.0,225167.0,29471.0,499317.0,4787.0,905343.0,5991.0,287617.0,29658.0,0.0,0.0
2018-09-18,15456002.0,246780.0,1271192.0,104021.0,264169.0,22404.0,20649.0,1168936.0,192058.0,340455.0,23801.0,38315.0,18578.0,16084.0,35783.0,30186.0,0.0
2018-09-19,9418841.0,198441.0,655911.0,133196.0,508394.0,80859.0,177238.0,606459.0,19066.0,142272.0,27016.0,683920.0,3366.0,163309.0,111465.0,0.0,3887.0
2018-09-20,17197063.0,118889.0,800660.0,91515.0,621315.0,379360.0,344317.0,1157151.0,227210.0,387924.0,813.0,80060.0,12078.0,85291.0,88479.0,6275.0,251678.0
2018-09-24,14600630.0,456868.0,919259.0,22392.0,266954.0,68915.0,549469.0,84595.0,41150.0,143577.0,0.0,40829.0,14896.0,31040.0,12019.0,27672.0,2390.0
2018-09-25,11925910.0,156893.0,432653.0,23679.0,243331.0,126255.0,71826.0,145639.0,86374.0,194205.0,578.0,837090.0,0.0,207620.0,83333.0,15243.0,112754.0
2018-09-26,13196514.0,400747.0,165974.0,58346.0,261513.0,169702.0,100169.0,443452.0,161430.0,3094398.0,1455.0,2018163.0,2570.0,8625.0,201600.0,5705.0,1600.0
2018-09-27,12282181.0,124641.0,545755.0,90410.0,179274.0,111661.0,102604.0,416566.0,37294.0,70566.0,1842.0,68190.0,51003.0,85278.0,339727.0,5251.0,2191.0
2018-10-01,10917747.0,84978.0,914686.0,82113.0,299844.0,172971.0,81139.0,1464102.0,37919.0,869295.0,1257.0,500055.0,752.0,21457.0,224731.0,0.0,573447.0
2018-10-02,10917747.0,84978.0,914686.0,82113.0,299844.0,172971.0,81139.0,1464102.0,37919.0,869295.0,1257.0,500055.0,752.0,21457.0,224731.0,0.0,573447.0
2018-10-03,12111665.0,97638.0,3348562.0,118355.0,411152.0,77754.0,501422.0,645656.0,95812.0,180771.0,57026.0,396850.0,1355.0,266163.0,96715.0,83580.0,23273.0
2018-10-04,8424196.0,218520.0,1227487.0,72806.0,215720.0,116168.0,66125.0,168119.0,84741.0,975471.0,2883.0,152267.0,388.0,16860.0,54350.0,1050.0,476.0
2018-10-05,7168472.0,219212.0,1212236.0,119504.0,492170.0,71955.0,144728.0,273043.0,119489.0,671808.0,1930.0,86731.0,1452.0,29298.0,33833.0,0.0,136530.0
2018-10-10,16971940.0,303295.0,1381293.0,117678.0,184078.0,233234.0,223836.0,181024.0,10658.0,477711.0,0.0,44520.0,7983.0,17523.0,3180.0,14183.0,781.0
2018-10-12,18863255.0,214573.0,644540.0,1710092.0,571538.0,333484.0,161311.0,679607.0,54677.0,1896762.0,6018.0,254553.0,4942.0,61798.0,169001.0,0.0,52000.0
2018-10-16,14927040.0,112713.0,789676.0,382894.0,434845.0,84671.0,1917316.0,232297.0,40485.0,4752132.0,45000.0,252092.0,744.0,72056.0,79062.0,5803.0,4023.0
2018-10-18,14355175.0,81403.0,2424866.0,345420.0,484174.0,74870.0,16391212.0,169982.0,152229.0,467247.0,0.0,47628.0,8346.0,92820.0,181387.0,237.0,5000.0
2018-10-19,11056166.0,104630.0,8071707.0,1929046.0,803416.0,119280.0,904046.0,117822.0,32045.0,72807.0,9887.0,421123.0,25482.0,23505.0,24510.0,0.0,3130.0
2018-10-22,10439667.0,80633.0,2037083.0,134746.0,210841.0,92440.0,194238.0,105706.0,21056.0,384774.0,865.0,284630.0,666.0,18042.0,42228.0,0.0,0.0
2018-10-24,21589698.0,326445.0,1957599.0,240234.0,512888.0,271887.0,1026738.0,1046035.0,165650.0,179796.0,35325.0,707739.0,7145.0,33817.0,96476.0,556052.0,0.0
2018-10-25,14531835.0,204897.0,1541585.0,132795.0,366123.0,128400.0,246767.0,334084.0,239311.0,707124.0,82.0,796668.0,269.0,170589.0,101417.0,99342.0,0.0
2018-10-26,10998574.0,168881.0,1083370.0,214701.0,763921.0,17699452.0,589974.0,780546.0,13400.0,441258.0,28215.0,84617.0,11183.0,618036.0,12895.0,56485.0,0.0
2018-10-29,13411134.0,199255.0,831192.0,128570.0,334800.0,179173.0,246505.0,344785.0,215607.0,170625.0,36664.0,141629.0,11168.0,23456.0,80215.0,30916.0,27633.0
2018-10-31,13259255.0,331898.0,4364958.0,220391.0,441271.0,608669.0,735567.0,536129.0,264009.0,562251.0,1132.0,246554.0,43172.0,48772.0,70601.0,19254.0,4500.0
2018-11-01,19988688.0,902564.0,34553401.0,971139.0,2120565.0,986311.0,612330.0,918736.0,405410.0,2216409.0,3252635.0,649443.0,59090.0,604693.0,299201.0,0.0,0.0
2018-11-02,20423762.0,143365.0,4172037.0,325686.0,516396.0,293082.0,188852.0,301949.0,255296.0,1234710.0,557999.0,478216.0,50112.0,341336.0,91333.0,0.0,1386.0
2018-11-06,16632301.0,255158.0,2886804.0,387678.0,467661.0,388206.0,339788.0,464479.0,199201.0,1856616.0,7417817.0,135645.0,22903.0,23783.0,112491.0,0.0,0.0
2018-11-08,6368643.0,353973.0,1568604.0,717758.0,574564.0,710953.0,996982.0,772660.0,252976.0,352500.0,3835.0,152143.0,15708.0,104184.0,202384.0,77123.0,1000.0
2018-11-09,6625652.0,434354.0,1379576.0,177343.0,414678.0,704233.0,481007.0,312894.0,244525.0,185079.0,22767.0,132986.0,63728.0,59631.0,58209.0,18039.0,442.0
2018-11-13,16995386.0,33020.0,196977.0,31429.0,135733.0,54385.0,170569.0,373169.0,22803.0,117228.0,0.0,270060.0,15361.0,119842.0,41908.0,31010.0,5456.0
2018-11-15,7679936.0,194793.0,1375248.0,311252.0,591830.0,493962.0,915764.0,481525.0,176402.0,260955.0,1544.0,42291.0,7958.0,582653.0,27427.0,62355.0,4396.0
2018-11-16,9607023.0,284346.0,1181280.0,222491.0,801142.0,379040.0,776962.0,1690310.0,108606.0,4127718.0,0.0,70323.0,22566.0,64010.0,55100.0,18785.0,0.0
2018-11-19,10232438.0,165956.0,302067.0,42907.0,279274.0,76994.0,193912.0,190426.0,60180.0,151995.0,40283.0,11271.0,14269.0,22570.0,36988.0,4709.0,242.0
2018-11-20,19450389.0,288311.0,332443.0,63923.0,253190.0,175989.0,246465.0,598478.0,97557.0,250800.0,30439.0,127310.0,12157.0,113770.0,39414.0,18101.0,1461.0
2018-11-21,14925956.0,314054.0,1173891.0,123206.0,815834.0,540577.0,559910.0,630960.0,56781.0,147111.0,25273.0,198699.0,31877.0,474331.0,52829.0,8923.0,1635.0
2018-11-22,934743.0,61260.0,144497.0,6096.0,17423.0,34199.0,28247.0,25350.0,12774.0,37062.0,25273.0,40002.0,19679.0,28538.0,4642.0,8923.0,1635.0
2018-11-23,6399259.0,68705.0,369285.0,19885.0,90017.0,119965.0,175603.0,118774.0,21404.0,149781.0,67091.0,25795.0,1172.0,85923.0,11234.0,0.0,1000.0
2018-11-26,9311343.0,278700.0,874947.0,184155.0,622393.0,370680.0,317965.0,302801.0,54877.0,745947.0,0.0,226145.0,19209.0,102342.0,100685.0,26229.0,0.0
2018-11-27,8308975.0,606659.0,370321.0,253821.0,457545.0,432674.0,134008.0,485206.0,100231.0,406626.0,0.0,130437.0,8265.0,484873.0,110997.0,28741.0,0.0
2018-11-28,8624702.0,329366.0,3058719.0,129165.0,548406.0,282901.0,407796.0,194907.0,120443.0,3312591.0,0.0,643029.0,5996.0,96867.0,54022.0,25574.0,0.0
2018-11-29,5244413.0,273899.0,557783.0,138162.0,397213.0,163300.0,171722.0,507843.0,376713.0,7084608.0,1036897.0,197973.0,3826.0,312866.0,76569.0,25574.0,3511.0
2018-11-30,13431997.0,789192.0,1292024.0,474992.0,1006444.0,770875.0,823566.0,1142046.0,52974.0,2246931.0,4644.0,158202.0,31161.0,70307.0,56886.0,50025.0,3511.0
2018-12-03,10101567.0,293717.0,1190153.0,161904.0,655066.0,1038936.0,323554.0,464888.0,16203.0,382731.0,0.0,237215.0,3145.0,76985.0,49060.0,14842.0,39880.0
2018-12-04,13854527.0,530492.0,1137400.0,590626.0,332620.0,450246.0,155934.0,237649.0,33390.0,6429603.0,8579.0,84810.0,2885.0,96445.0,24851.0,36618.0,63993.0
2018-12-05,1978815.0,132967.0,1517757.0,83741.0,105269.0,196226.0,114392.0,761431.0,64902.0,158265.0,8470.0,25000.0,21375.0,10526.0,103754.0,833.0,4572.0
2018-12-06,16609818.0,452317.0,207150.0,174137.0,827939.0,327932.0,137600.0,421791.0,62345.0,1065657.0,8470.0,58575.0,1544.0,60294.0,199107.0,194543.0,4572.0
2018-12-07,6760129.0,374312.0,460353.0,109400.0,295872.0,90024.0,177867.0,813221.0,42777.0,241329.0,451070.0,201898.0,4129.0,112340.0,2465.0,194543.0,16373.0
2018-12-10,6282141.0,118195.0,373604.0,163584.0,462300.0,35360.0,204353.0,56234.0,6889.0,589572.0,0.0,342970.0,1322.0,7992.0,45690.0,0.0,0.0
2018-12-11,9665068.0,515901.0,884107.0,193767.0,435234.0,496584.0,250039.0,518006.0,35450.0,6127464.0,0.0,79807.0,10855.0,63745.0,95858.0,0.0,17650.0
2018-12-12,13562497.0,553321.0,952617.0,102442.0,123510.0,314714.0,469514.0,636732.0,118714.0,2179980.0,0.0,553583.0,5210.0,350235.0,46986.0,10894.0,6250.0
2018-12-13,9908391.0,333738.0,4330324.0,143001.0,486538.0,256777.0,200139.0,136751.0,185603.0,1362411.0,0.0,73055.0,22753.0,87774.0,80503.0,161743.0,10245.0
2018-12-14,4207407.0,245315.0,367348.0,117833.0,273039.0,466683.0,175733.0,752630.0,53065.0,366249.0,6721.0,169243.0,11130.0,527273.0,9243.0,7738.0,10245.0
2018-12-17,5896945.0,323418.0,701132.0,62131.0,449381.0,124192.0,539758.0,523850.0,27131.0,968055.0,5000.0,250631.0,12418.0,246666.0,58725.0,0.0,13000.0
2018-12-18,7065095.0,540699.0,342825.0,143994.0,284713.0,126346.0,188011.0,303613.0,65649.0,2083725.0,5156.0,52789.0,11089.0,203413.0,30200.0,10484.0,1055.0
2018-12-19,5674603.0,549295.0,934948.0,111137.0,436621.0,484215.0,292584.0,625817.0,23820.0,640047.0,5156.0,478075.0,25499.0,213872.0,85265.0,6175.0,21771.0
2018-12-20,5934871.0,388990.0,329703.0,305634.0,771454.0,627635.0,519724.0,322303.0,105420.0,681687.0,5497.0,87902.0,4576.0,602539.0,142814.0,161344.0,6797.0
2018-12-21,10728528.0,713750.0,1773975.0,378776.0,771773.0,962598.0,1262584.0,770725.0,275140.0,1460427.0,1758.0,311889.0,19539.0,568087.0,254844.0,63394.0,6797.0
2018-12-24,870803.0,72908.0,1058382.0,5033.0,97957.0,114749.0,128534.0,241686.0,81843.0,31920.0,1000.0,13583.0,3510.0,280174.0,4300.0,16521.0,0.0
2018-12-26,1948568.0,27818.0,248447.0,30882.0,50756.0,56284.0,49106.0,48164.0,2682.0,20685.0,0.0,20792.0,3235.0,10184.0,423566.0,0.0,3470.0
2018-12-27,1254598.0,229420.0,124255.0,59657.0,80711.0,307263.0,78514.0,98099.0,49366.0,3658368.0,0.0,18595.0,624.0,38202.0,15539.0,23039.0,3470.0
2018-12-28,1221981.0,188696.0,1644592.0,51032.0,147546.0,119139.0,194272.0,60933.0,185406.0,665988.0,1208.0,34982.0,1821.0,99906.0,102861.0,601.0,0.0
2019-01-02,3248654.0,114425.0,74023.0,91089.0,113988.0,23092.0,36406.0,26106.0,0.0,223050.0,0.0,0.0,1478.0,13118.0,38075.0,0.0,0.0
2019-01-03,3564545.0,226936.0,76251.0,63796.0,185486.0,406092.0,311719.0,125765.0,11954.0,164244.0,0.0,15987.0,2358.0,11724.0,4032.0,0.0,0.0
2019-01-04,6283276.0,121745.0,270668.0,65627.0,155060.0,251931.0,119222.0,186896.0,24706.0,74163.0,0.0,84175.0,7626.0,75771.0,76278.0,6376.0,0.0
2019-01-08,10433247.0,510695.0,978850.0,288730.0,606358.0,513093.0,574063.0,246784.0,248726.0,110523.0,460.0,189628.0,12387.0,51665.0,82253.0,9580.0,0.0
2019-01-09,19261532.0,485823.0,1212193.0,484731.0,862352.0,675838.0,508025.0,857614.0,232779.0,628848.0,460.0,63785.0,3540.0,308922.0,81229.0,1700.0,0.0
2019-01-10,8057694.0,365659.0,5782224.0,593519.0,637031.0,538050.0,236414.0,295556.0,23849.0,405012.0,1100.0,120876.0,2222.0,63641.0,39796.0,86493.0,0.0
2019-01-11,6321562.0,453186.0,6996996.0,144806.0,1067505.0,645778.0,170232.0,359830.0,73815.0,960780.0,6462.0,397501.0,9576.0,25662.0,255214.0,84319.0,0.0
2019-01-14,6623394.0,581865.0,2009820.0,160896.0,585457.0,2168208.0,209453.0,513760.0,218948.0,371406.0,0.0,71499.0,6291.0,20968.0,25619.0,5817.0,0.0
2019-01-15,7237761.0,322976.0,2885723.0,104898.0,427878.0,243244.0,286205.0,329496.0,542478.0,803901.0,40738.0,190538.0,11694.0,6217.0,42803.0,21492.0,0.0
2019-01-16,4357159.0,595485.0,3200806.0,86760.0,453430.0,408587.0,134962.0,348711.0,146516.0,1448367.0,37552.0,321908.0,6299.0,375129.0,46538.0,21492.0,52606.0
2019-01-17,8334890.0,476155.0,2255244.0,88796.0,420536.0,178655.0,137246.0,480544.0,120709.0,536259.0,37552.0,15000.0,2492.0,201719.0,168592.0,2450.0,12654.0
2019-01-18,7826480.0,875422.0,2537216.0,137046.0,500769.0,323850.0,366176.0,820409.0,12737.0,319989.0,0.0,2262457.0,59934.0,195873.0,454007.0,1500.0,2919.0
2019-01-21,1048747.0,125945.0,165290.0,23638.0,110039.0,131638.0,31961.0,76548.0,96045.0,210255.0,0.0,25193.0,4331.0,63260.0,6249.0,9837.0,0.0
2019-01-22,12160021.0,484096.0,737777.0,260069.0,626148.0,409434.0,492061.0,385160.0,26696.0,485994.0,0.0,1247912.0,8104.0,370601.0,62287.0,4862.0,90000.0
2019-01-23,12426378.0,248069.0,3362606.0,106625.0,453544.0,290581.0,239420.0,393200.0,137059.0,290607.0,1181.0,971786.0,2695.0,91159.0,15825.0,36002.0,4521.0
2019-01-24,7651766.0,440866.0,6361901.0,181817.0,479813.0,376057.0,352670.0,583563.0,496823.0,3666300.0,1181.0,1220953.0,14940.0,140933.0,149737.0,26207.0,8113.0
2019-01-25,4945551.0,489629.0,2000993.0,153083.0,535114.0,465054.0,215901.0,1866358.0,300860.0,2581875.0,0.0,1813476.0,32862.0,117193.0,55654.0,1382.0,15605.0
2019-01-28,12471217.0,783792.0,431815.0,463505.0,1397450.0,503991.0,547340.0,1260430.0,141814.0,452376.0,42000.0,347273.0,17824.0,66018.0,414354.0,11600.0,44795.0
2019-01-29,3963042.0,342281.0,3348341.0,169265.0,315292.0,206864.0,157138.0,981769.0,208820.0,860295.0,10000.0,687358.0,9220.0,138718.0,27410.0,212237.0,212.0
2019-01-30,9857503.0,677095.0,590284.0,131469.0,368367.0,352219.0,340539.0,2948464.0,216729.0,1465758.0,397.0,409512.0,3396.0,60780.0,98647.0,14775.0,150000.0
2019-01-31,19474876.0,1678684.0,2843294.0,1968267.0,2967145.0,1380030.0,1781282.0,3898121.0,648960.0,3597489.0,10000.0,1363959.0,80397.0,211232.0,122291.0,212878.0,50000.0
2019-02-01,8739212.0,233218.0,403430.0,278291.0,451402.0,140645.0,338013.0,404646.0,141358.0,651267.0,2305.0,40100.0,2294.0,67099.0,35240.0,33794.0,50000.0
2019-02-04,7602380.0,2038988.0,615042.0,198504.0,585329.0,367504.0,331302.0,975009.0,180125.0,874650.0,0.0,101112.0,46560.0,63158.0,67214.0,7809.0,25500.0
2019-02-05,8635033.0,314452.0,2227387.0,285561.0,545259.0,296300.0,164079.0,892396.0,286335.0,453564.0,20223.0,548477.0,16642.0,292879.0,35154.0,7809.0,25500.0
2019-02-06,7116058.0,434858.0,954396.0,204839.0,461304.0,277612.0,175147.0,972397.0,202095.0,840183.0,20223.0,536516.0,10650.0,229604.0,57418.0,271545.0,3400.0
2019-02-07,6100198.0,157060.0,704587.0,221867.0,1079939.0,201693.0,154334.0,251624.0,236017.0,510858.0,5320.0,459477.0,3667.0,79471.0,283130.0,271545.0,3400.0
2019-02-08,4167003.0,428689.0,112335.0,19850.0,244698.0,117946.0,91417.0,140711.0,273616.0,687888.0,6793.0,149337.0,7232.0,395905.0,35597.0,0.0,64.0
2019-02-11,3006197.0,126456.0,391219.0,104902.0,336063.0,106615.0,120190.0,557748.0,34900.0,48225.0,1000.0,16358.0,161.0,140770.0,12643.0,11959.0,0.0
2019-02-12,9386146.0,309956.0,836338.0,175809.0,334705.0,192421.0,298337.0,516039.0,122270.0,1571235.0,1000.0,54314.0,55250.0,422711.0,22841.0,26968.0,120671.0
2019-02-13,8948829.0,364151.0,1104878.0,158904.0,513554.0,253396.0,220343.0,213293.0,229909.0,2806215.0,0.0,148152.0,7733.0,212287.0,54008.0,3148.0,171643.0
2019-02-14,11802796.0,498520.0,1206517.0,1378765.0,645384.0,120279.0,59739.0,322886.0,71890.0,1166538.0,0.0,288777.0,16287.0,27336.0,22671.0,14000.0,171643.0
2019-02-15,15356251.0,509202.0,1014717.0,390396.0,511243.0,316119.0,194023.0,332019.0,144223.0,751668.0,4472.0,73541.0,8717.0,82063.0,58969.0,43000.0,0.0
2019-02-18,4180758.0,283841.0,326976.0,54695.0,332426.0,97969.0,104394.0,226200.0,119423.0,709623.0,0.0,183171.0,461.0,56695.0,349144.0,37446.0,0.0
2019-02-19,12115850.0,674216.0,3724349.0,985779.0,747144.0,233660.0,271595.0,1862805.0,83894.0,139110.0,310.0,86509.0,3813.0,14032.0,11428.0,89645.0,0.0
2019-02-20,10276551.0,542927.0,2187175.0,307910.0,609541.0,391129.0,211430.0,2131446.0,119387.0,734139.0,26906.0,400786.0,2721.0,131116.0,73851.0,94000.0,0.0
2019-02-21,9385092.0,632310.0,1688820.0,235202.0,495411.0,199911.0,311997.0,370997.0,69374.0,744990.0,12499.0,195935.0,14219.0,38826.0,54472.0,18721.0,1737.0
2019-02-22,7309152.0,238681.0,1045381.0,1575667.0,2533943.0,251064.0,83138.0,331333.0,93984.0,1272519.0,700.0,221605.0,2220.0,12869.0,97994.0,10226.0,400000.0
2019-02-25,9493878.0,183429.0,2088144.0,428016.0,1127167.0,292656.0,187537.0,2404281.0,70457.0,377871.0,0.0,18506.0,11627.0,225560.0,295182.0,23636.0,556.0
2019-02-26,11231374.0,570775.0,4084231.0,533802.0,838979.0,204863.0,218391.0,2197495.0,369843.0,1480440.0,686.0,402871.0,6440.0,111381.0,192325.0,18776.0,805.0
2019-02-27,16567735.0,377208.0,5304614.0,345821.0,674792.0,459539.0,147785.0,592070.0,65363.0,194577.0,686.0,637814.0,714.0,63774.0,28467.0,18776.0,805.0
2019-02-28,17520323.0,398693.0,3947122.0,562692.0,957365.0,435241.0,408920.0,979735.0,183366.0,1316148.0,21195.0,2878383.0,25069.0,386114.0,106128.0,493299.0,495.0
2019-03-01,7656986.0,225657.0,2766337.0,74404.0,588508.0,127050.0,127565.0,537577.0,115177.0,476580.0,21195.0,73884.0,10785.0,93129.0,52794.0,125817.0,495.0
2019-03-04,4792294.0,121360.0,1630298.0,75203.0,308950.0,37314.0,83528.0,506202.0,64510.0,628968.0,1925.0,106212.0,1640.0,117247.0,112961.0,11016.0,649.0
2019-03-05,5165139.0,137985.0,1978839.0,124282.0,351639.0,68161.0,87116.0,396854.0,68368.0,749556.0,1925.0,112471.0,2721.0,142337.0,48373.0,5682.0,45300.0
2019-03-06,9913817.0,725527.0,1905544.0,76293.0,685087.0,427480.0,505232.0,1820162.0,195155.0,1820055.0,0.0,113325.0,27954.0,60210.0,132886.0,8000.0,45300.0
2019-03-07,6364873.0,428324.0,2123700.0,260348.0,599293.0,134773.0,275831.0,302241.0,93622.0,1359495.0,0.0,1033402.0,9742.0,23668.0,29584.0,2267.0,1191.0
2019-03-08,9138499.0,306796.0,2000527.0,141667.0,441260.0,222840.0,162764.0,350359.0,108056.0,496431.0,2431.0,87833.0,9128.0,53234.0,163193.0,43350.0,1191.0
2019-03-11,5744203.0,379832.0,748595.0,280892.0,299942.0,403969.0,233941.0,2273181.0,78321.0,224769.0,2518.0,256479.0,4544.0,10386.0,63948.0,53113.0,0.0
2019-03-12,5365227.0,420978.0,472199.0,113708.0,194876.0,134917.0,387237.0,177184.0,4216375.0,684138.0,16748.0,194281.0,6965.0,244572.0,47270.0,69013.0,0.0
2019-03-13,14279248.0,743387.0,2710757.0,753842.0,1102569.0,1096477.0,473167.0,558378.0,148303.0,2514507.0,96695.0,377384.0,10581.0,290916.0,407193.0,203611.0,1000.0
2019-03-14,9329107.0,1601647.0,10256849.0,150677.0,446460.0,549697.0,432102.0,658688.0,144975.0,585990.0,96695.0,306792.0,31896.0,105293.0,55927.0,189083.0,1000.0
2019-03-15,23178647.0,1314472.0,41177790.0,483061.0,1269205.0,1611885.0,1592780.0,4890736.0,230096.0,4616625.0,110.0,678687.0,36627.0,345402.0,272234.0,73278.0,43323.0
2019-03-18,6406881.0,289668.0,6344872.0,218541.0,625488.0,591103.0,251042.0,3857025.0,172732.0,4456722.0,4501.0,558827.0,16144.0,115656.0,56996.0,41651.0,0.0
2019-03-19,10532784.0,479502.0,4347698.0,924811.0,596430.0,586146.0,199500.0,4610959.0,69280.0,1826436.0,111699.0,87325.0,14764.0,609522.0,262298.0,60801.0,767000.0
2019-03-20,11661983.0,1309365.0,2355993.0,288662.0,733931.0,501671.0,339572.0,2269207.0,169359.0,971814.0,111699.0,322715.0,6822.0,37068.0,26335.0,79044.0,1666.0
2019-03-21,5239193.0,554803.0,2311608.0,96959.0,395474.0,506947.0,333385.0,1538408.0,228668.0,1155726.0,157587.0,197928.0,28812.0,396423.0,217790.0,160032.0,7864.0
2019-03-22,6648471.0,606118.0,1328417.0,105305.0,584691.0,287619.0,300155.0,28207612.0,30278.0,939573.0,27672.0,157668.0,6612.0,161677.0,146419.0,556.0,5480.0
2019-03-26,9346452.0,457737.0,2941222.0,224907.0,544082.0,181176.0,137142.0,1239996.0,59869.0,673449.0,20000.0,48553.0,1508.0,45039.0,24257.0,86614.0,3900.0
2019-03-27,13990797.0,251391.0,3129008.0,54646.0,681183.0,226035.0,160996.0,818995.0,202179.0,938721.0,23871.0,308372.0,9597.0,118680.0,54241.0,122196.0,30000.0
2019-03-28,7697706.0,256032.0,1345669.0,172466.0,737281.0,222992.0,212277.0,810502.0,182468.0,360798.0,4746.0,298569.0,2365.0,65149.0,132089.0,181599.0,20777.0
2019-03-29,9377927.0,762261.0,1004516.0,387034.0,671075.0,442326.0,258920.0,2572249.0,168478.0,1204569.0,30019.0,91461.0,2269.0,105340.0,24219.0,206145.0,20777.0
2019-04-01,5739291.0,344773.0,344906.0,49993.0,172674.0,198857.0,157162.0,321005.0,165048.0,871665.0,2724.0,76519.0,6831.0,157673.0,117908.0,15438.0,21214.0
2019-04-02,5903940.0,274869.0,584672.0,119598.0,209781.0,94281.0,81063.0,572416.0,170839.0,1856808.0,20334.0,336613.0,2474.0,34844.0,36773.0,6560.0,58283.0
2019-04-03,16271351.0,180873.0,1789100.0,161757.0,402521.0,161165.0,192463.0,1754129.0,148108.0,514167.0,47030.0,323890.0,3553.0,200906.0,67894.0,33350.0,58283.0
2019-04-04,7455678.0,194928.0,1899770.0,102370.0,303589.0,73379.0,72335.0,1794965.0,177596.0,844017.0,14838.0,132919.0,16774.0,45826.0,347079.0,24811.0,0.0
2019-04-05,7110813.0,312299.0,2849285.0,84531.0,529728.0,340212.0,206835.0,11771209.0,50676.0,281760.0,45257.0,206684.0,21586.0,351650.0,228077.0,1625216.0,2000.0
2019-04-08,10507730.0,194947.0,855777.0,147288.0,314704.0,98141.0,144199.0,8265150.0,15611.0,551421.0,1187.0,290505.0,31001.0,45891.0,253597.0,12430.0,1000.0
2019-04-09,8503562.0,372945.0,649722.0,59889.0,605022.0,299020.0,280286.0,922681.0,100862.0,1104255.0,4028.0,762197.0,11006.0,240904.0,371393.0,148000.0,1000.0
2019-04-10,5462559.0,236614.0,854715.0,97021.0,338167.0,180185.0,263153.0,709940.0,53113.0,1829121.0,150126.0,1654719.0,26219.0,23867.0,14411.0,5300.0,18944.0
2019-04-11,10879006.0,326959.0,1333434.0,65760.0,435581.0,208691.0,123714.0,983813.0,57437.0,568728.0,122458.0,184803.0,9716.0,167637.0,228589.0,6738.0,18944.0
2019-04-12,10879006.0,326959.0,1333434.0,65760.0,435581.0,208691.0,123714.0,983813.0,57437.0,568728.0,122458.0,184803.0,9716.0,167637.0,228589.0,6738.0,0.0
2019-04-15,9705618.0,161894.0,1804847.0,113505.0,347400.0,168092.0,156649.0,489756.0,107463.0,278337.0,964.0,55663.0,918.0,14563.0,29542.0,27340.0,0.0
2019-04-17,5079774.0,190883.0,770366.0,315246.0,479379.0,377900.0,197470.0,206602.0,84545.0,284616.0,17185.0,368531.0,3751.0,40541.0,20669.0,12068.0,8320.0
2019-04-22,8289813.0,811157.0,1059180.0,115430.0,324656.0,219816.0,271210.0,234307.0,58113.0,1509822.0,222400.0,28037.0,2541.0,72087.0,54554.0,59710.0,61043.0
2019-04-24,7539902.0,183491.0,9090669.0,211372.0,423012.0,101070.0,83097.0,506284.0,49008.0,963621.0,52316.0,302227.0,20682.0,106543.0,185600.0,65110.0,3000.0
2019-04-25,11308327.0,290165.0,2866684.0,220548.0,687353.0,286884.0,189563.0,903860.0,116214.0,581733.0,108939.0,630246.0,12829.0,43230.0,39387.0,13185.0,96.0
2019-04-26,8953053.0,253467.0,3696524.0,139751.0,523079.0,274190.0,133115.0,962261.0,175820.0,614106.0,0.0,312577.0,16367.0,52461.0,83934.0,12126.0,0.0
2019-04-29,6477106.0,117917.0,1757488.0,173316.0,542438.0,194601.0,57867.0,241832.0,61897.0,182628.0,122733.0,195948.0,12168.0,73860.0,30523.0,20228.0,0.0
2019-05-02,6161574.0,152666.0,3791968.0,86013.0,299511.0,107822.0,29342.0,383672.0,261946.0,330072.0,29082.0,241980.0,4168.0,89582.0,167032.0,52898.0,46233.0
2019-05-06,11354037.0,140191.0,269559.0,100076.0,523580.0,71412.0,96894.0,707592.0,36682.0,66483.0,4600.0,67846.0,16831.0,15361.0,47359.0,4710.0,900.0
2019-05-08,13581622.0,245380.0,2627094.0,98619.0,276943.0,267605.0,314933.0,304510.0,245298.0,467136.0,2324.0,19458.0,1132.0,92936.0,30556.0,16530.0,0.0
2019-05-09,8801817.0,269413.0,1288700.0,58976.0,427381.0,186289.0,281554.0,1022346.0,130576.0,1725066.0,32407.0,115150.0,2581.0,302223.0,121913.0,276416.0,25283.0
2019-05-10,10765028.0,313648.0,2289747.0,124785.0,728960.0,184619.0,231854.0,356742.0,29972.0,572343.0,2000.0,107820.0,3723.0,248456.0,108764.0,2644.0,25000.0
2019-05-13,10416626.0,459044.0,503941.0,223519.0,818745.0,176747.0,259318.0,250997.0,93733.0,397665.0,0.0,70957.0,5230.0,26434.0,42520.0,19512.0,23000.0
2019-05-15,6765603.0,391139.0,5826372.0,207855.0,561995.0,298921.0,479969.0,418308.0,169574.0,1711362.0,0.0,243901.0,3172.0,28122.0,30996.0,201713.0,60000.0
2019-05-16,6303211.0,765888.0,671068.0,169569.0,360197.0,157311.0,237742.0,544217.0,111407.0,980337.0,25933.0,48222.0,4969.0,209029.0,22518.0,110328.0,2255.0
2019-05-17,10888703.0,521377.0,5896000.0,162734.0,598904.0,290458.0,216451.0,1259661.0,43213.0,128337.0,2537.0,242888.0,519.0,20561.0,7116.0,122010.0,12151.0
2019-05-20,8327176.0,653426.0,199395.0,69229.0,301703.0,207300.0,158691.0,512146.0,489053.0,674496.0,230.0,37804.0,636.0,24494.0,225245.0,150000.0,108942.0
2019-05-22,2179400.0,449324.0,559308.0,85549.0,369351.0,551575.0,164796.0,625627.0,174914.0,85242.0,0.0,224208.0,16233.0,467467.0,18489.0,2000.0,0.0
2019-05-23,10367392.0,610387.0,401114.0,119260.0,555577.0,234362.0,225906.0,809862.0,153463.0,1058568.0,0.0,170592.0,1290.0,258723.0,454966.0,71489.0,0.0
2019-05-24,4769839.0,1574173.0,361671.0,42371.0,178566.0,51556.0,166331.0,478004.0,102770.0,1924476.0,0.0,57658.0,2306.0,114798.0,77027.0,21706.0,600000.0
2019-05-27,2394410.0,76926.0,65897.0,18786.0,32119.0,56949.0,118555.0,481769.0,3085.0,32409.0,0.0,21782.0,1065.0,94876.0,8711.0,39280.0,5867.0
2019-05-28,2394410.0,76926.0,65897.0,18786.0,32119.0,56949.0,118555.0,481769.0,3085.0,32409.0,0.0,21782.0,1065.0,94876.0,8711.0,39280.0,5867.0
2019-05-29,29574029.0,8495581.0,4178210.0,710283.0,2015149.0,1409175.0,417782.0,2142571.0,34695.0,516537.0,292.0,155104.0,25075.0,416402.0,229651.0,30540.0,0.0
2019-05-30,7063770.0,496584.0,1211333.0,129572.0,327677.0,102303.0,127156.0,958581.0,62670.0,747612.0,0.0,103968.0,6742.0,107056.0,225236.0,13000.0,0.0
2019-05-31,7234796.0,2013061.0,1024956.0,86815.0,526020.0,85115.0,174514.0,257966.0,78887.0,4232187.0,0.0,67482.0,1672.0,455705.0,361316.0,18840.0,20833.0
2019-06-04,6758198.0,897160.0,777382.0,134243.0,1221537.0,169810.0,43277.0,155888.0,32089.0,1520772.0,2638.0,239725.0,19388.0,81379.0,44318.0,18427.0,0.0
2019-06-06,6672149.0,1661547.0,195680.0,414506.0,377203.0,125804.0,105100.0,471838.0,42445.0,6902268.0,252.0,38899.0,2358.0,39472.0,103331.0,65706.0,0.0
2019-06-07,4011992.0,1357980.0,364297.0,44031.0,195719.0,59613.0,129227.0,334781.0,39715.0,1404417.0,0.0,177400.0,7442.0,28799.0,51929.0,165519.0,0.0
2019-06-11,5399104.0,231329.0,4025228.0,163796.0,336463.0,564283.0,146227.0,305353.0,23230.0,5751045.0,92689.0,44731.0,17145.0,97802.0,114907.0,31543.0,0.0
2019-06-12,6106663.0,484620.0,3029748.0,130151.0,833906.0,244890.0,158953.0,303977.0,21441.0,1969521.0,0.0,15485.0,3319.0,173894.0,254541.0,94046.0,0.0
2019-06-13,5583184.0,446164.0,2959554.0,326690.0,399300.0,258288.0,837942.0,637283.0,147619.0,1657089.0,5419.0,95752.0,5653.0,341849.0,94224.0,5224.0,0.0
2019-06-14,5155252.0,241292.0,1758430.0,52468.0,409480.0,139722.0,308929.0,424445.0,122723.0,1277535.0,34316.0,139202.0,18306.0,217226.0,400766.0,39863.0,0.0
2019-06-17,4608904.0,582702.0,1526703.0,130178.0,266989.0,77131.0,268840.0,252930.0,450904.0,551748.0,106713.0,73019.0,2924.0,112876.0,35483.0,18879.0,0.0
2019-06-18,7447076.0,386016.0,2704209.0,1664331.0,2034337.0,118106.0,279058.0,915840.0,179554.0,403734.0,197169.0,188190.0,14082.0,30646.0,67374.0,31908.0,17300.0
2019-06-19,12198650.0,278454.0,1799357.0,1330758.0,1544630.0,142602.0,229727.0,349802.0,666533.0,836547.0,100000.0,52759.0,10312.0,29248.0,39133.0,16953.0,2606.0
2019-06-20,16391803.0,1248119.0,1805673.0,261059.0,573993.0,188601.0,200761.0,530207.0,519197.0,2096454.0,85546.0,41659.0,1344.0,131880.0,138215.0,83721.0,1000.0
2019-06-21,21757049.0,1430646.0,4712437.0,557974.0,1429069.0,722658.0,736075.0,1236051.0,2491599.0,728655.0,216873.0,139735.0,4984.0,67169.0,167885.0,223507.0,25000.0
2019-06-25,4156229.0,580323.0,1440821.0,103942.0,242671.0,181787.0,298306.0,583642.0,59441.0,820881.0,20935.0,68244.0,15529.0,38328.0,79076.0,149538.0,63092.0
2019-06-26,3607123.0,746589.0,562397.0,404649.0,402867.0,140683.0,120766.0,420080.0,45455.0,1687404.0,22391.0,80938.0,1309.0,14228.0,51994.0,541950.0,0.0
2019-06-27,2083500.0,588421.0,712132.0,80603.0,244088.0,111524.0,42033.0,192757.0,123191.0,9129318.0,0.0,63726.0,8030.0,46497.0,107921.0,71912.0,0.0
2019-06-28,4335966.0,287437.0,1515355.0,155187.0,253643.0,104966.0,145891.0,201216.0,185377.0,2543514.0,0.0,34581.0,5736.0,7006.0,10537.0,42255.0,0.0
2019-07-02,5021167.0,500784.0,628931.0,242673.0,212114.0,235125.0,114068.0,285064.0,157706.0,3806925.0,0.0,100378.0,209.0,12033.0,24359.0,161521.0,0.0
2019-07-03,5021167.0,500784.0,628931.0,242673.0,212114.0,235125.0,114068.0,285064.0,157706.0,3806925.0,0.0,100378.0,209.0,12033.0,24359.0,161521.0,0.0
2019-07-04,6361946.0,486945.0,2281001.0,66729.0,165723.0,53326.0,128595.0,284955.0,181001.0,887322.0,97452.0,109330.0,4602.0,5245.0,86064.0,95644.0,0.0
2019-07-05,533292.0,32395.0,419528.0,253217.0,51428.0,110170.0,29246.0,163797.0,126302.0,268683.0,380000.0,37122.0,1456.0,19892.0,111643.0,58657.0,0.0
2019-07-08,3103843.0,388554.0,1454408.0,194967.0,284690.0,110628.0,203771.0,256454.0,306483.0,939507.0,22607.0,421710.0,12190.0,116592.0,128050.0,234469.0,500.0
2019-07-09,3103843.0,388554.0,1454408.0,194967.0,284690.0,110628.0,203771.0,256454.0,306483.0,939507.0,22607.0,421710.0,12190.0,116592.0,128050.0,234469.0,500.0
2019-07-10,3784443.0,290994.0,1101366.0,92247.0,436244.0,99499.0,98203.0,307194.0,51631.0,384240.0,45488.0,236409.0,27537.0,45538.0,110341.0,929575.0,60346.0
2019-07-11,11032060.0,958150.0,6823320.0,894019.0,576215.0,344175.0,215447.0,1707682.0,106654.0,1280337.0,191951.0,365528.0,49707.0,71131.0,296249.0,485708.0,500.0
2019-07-12,9532391.0,589623.0,2534759.0,263165.0,347700.0,277096.0,111934.0,1552764.0,168097.0,1357218.0,25125.0,133853.0,7047.0,70190.0,79921.0,32261.0,28.0
2019-07-15,7984092.0,932195.0,439963.0,329929.0,501296.0,282920.0,156642.0,630049.0,24944.0,2657244.0,2423273.0,50372.0,4817.0,171411.0,50688.0,44800.0,0.0
2019-07-16,7984092.0,932195.0,439963.0,329929.0,501296.0,282920.0,156642.0,630049.0,24944.0,2657244.0,2423273.0,50372.0,4817.0,171411.0,50688.0,44800.0,0.0
2019-07-17,12964170.0,386432.0,3168541.0,184796.0,270867.0,430048.0,275383.0,559175.0,199375.0,2045247.0,603.0,329954.0,41055.0,481402.0,283612.0,17250.0,0.0
2019-07-18,8677681.0,228615.0,1856676.0,36190.0,415956.0,353231.0,130496.0,360135.0,121335.0,826080.0,198380.0,104726.0,6055.0,757695.0,87073.0,95276.0,0.0
2019-07-19,11484086.0,250545.0,1040382.0,211589.0,178611.0,136231.0,81243.0,306276.0,156792.0,3336390.0,4220.0,1728841.0,2800.0,191437.0,38825.0,152931.0,0.0
2019-07-22,9657346.0,270330.0,423795.0,91558.0,228010.0,99655.0,97516.0,62625.0,66832.0,161439.0,75770.0,49174.0,5051.0,25377.0,174640.0,51856.0,0.0
2019-07-24,8419774.0,598463.0,713272.0,329863.0,783013.0,99890.0,138130.0,439387.0,62221.0,317739.0,30570.0,157462.0,9183.0,412086.0,529219.0,27350.0,0.0
2019-07-25,5059919.0,117499.0,302408.0,47090.0,462590.0,78854.0,90316.0,150687.0,276472.0,653592.0,110956.0,239754.0,4637.0,252089.0,193111.0,67206.0,5371.0
2019-07-26,14662303.0,958041.0,352421.0,132089.0,335433.0,138970.0,48645.0,275359.0,405194.0,3651519.0,86739.0,261882.0,16224.0,19126.0,30295.0,223950.0,1500.0
2019-07-29,7563923.0,274250.0,385450.0,101997.0,368380.0,176868.0,82706.0,163489.0,78113.0,2548791.0,28600.0,43986.0,18931.0,23067.0,14089.0,86610.0,61097.0
2019-07-31,6437270.0,205511.0,472385.0,22253.0,105459.0,23699.0,36786.0,162135.0,156437.0,4772229.0,32417.0,1110005.0,448.0,42547.0,54189.0,35572.0,87900.0
2019-08-01,13543704.0,1501212.0,1997127.0,329206.0,1117336.0,277941.0,409533.0,1296764.0,469983.0,1895196.0,58052.0,560771.0,32642.0,120841.0,146337.0,47789.0,445.0
2019-08-02,11161834.0,690956.0,2325143.0,100763.0,393860.0,226272.0,291424.0,416829.0,64791.0,4263099.0,5000.0,77733.0,8378.0,72642.0,33134.0,74504.0,9000.0
2019-08-05,7914172.0,326225.0,947329.0,150176.0,509365.0,280036.0,270869.0,605365.0,122761.0,2586087.0,26855.0,131166.0,14894.0,55066.0,646066.0,137613.0,575.0
2019-08-08,9820542.0,444625.0,1293541.0,520228.0,1029439.0,252975.0,392365.0,637612.0,35768.0,3249036.0,604.0,61811.0,11040.0,44124.0,216449.0,82457.0,0.0
2019-08-09,9820542.0,444625.0,1293541.0,520228.0,1029439.0,252975.0,392365.0,637612.0,35768.0,3249036.0,604.0,61811.0,11040.0,44124.0,216449.0,82457.0,0.0
2019-08-12,4271132.0,141412.0,513209.0,135756.0,299218.0,141098.0,189464.0,426172.0,14271.0,270618.0,160.0,67000.0,0.0,17094.0,12134.0,29302.0,0.0
2019-08-14,9778701.0,216405.0,1827918.0,372757.0,814508.0,171016.0,272919.0,599932.0,64278.0,1538529.0,10400.0,154031.0,3747.0,87190.0,254328.0,41450.0,1500.0
2019-08-15,11453330.0,278938.0,1051483.0,144056.0,643905.0,185343.0,300974.0,576511.0,39903.0,1995462.0,16500.0,82127.0,24127.0,32595.0,232190.0,42263.0,0.0
2019-08-16,11000514.0,280565.0,914737.0,220639.0,733802.0,320813.0,153873.0,239214.0,109143.0,742110.0,14626.0,314274.0,2596.0,62674.0,14514.0,110393.0,0.0
2019-08-20,6668753.0,1145980.0,1075142.0,139449.0,476013.0,246177.0,229168.0,337622.0,100303.0,1140303.0,2150.0,81287.0,2858.0,126453.0,123710.0,167568.0,0.0
2019-08-22,11229753.0,356978.0,1336581.0,182993.0,454022.0,337067.0,199525.0,592639.0,220196.0,410169.0,45620.0,708318.0,8117.0,174103.0,46847.0,14690.0,0.0
2019-08-23,11494244.0,216542.0,607662.0,151784.0,419866.0,136833.0,186852.0,503124.0,33589.0,369909.0,1400.0,57405.0,3075.0,25562.0,19132.0,215758.0,0.0
2019-08-26,4803630.0,157830.0,2187964.0,51674.0,386548.0,90554.0,670051.0,4135995.0,36983.0,1230606.0,13011.0,47363.0,1926.0,96941.0,36451.0,5350.0,0.0
2019-08-27,4803630.0,157830.0,2187964.0,51674.0,386548.0,90554.0,670051.0,4135995.0,36983.0,1230606.0,13011.0,47363.0,1926.0,96941.0,36451.0,5350.0,0.0
2019-08-28,14789501.0,877983.0,784039.0,399516.0,1137456.0,508984.0,903421.0,1618461.0,80986.0,4900293.0,2451.0,65126.0,14090.0,93806.0,198562.0,86083.0,22700.0
2019-08-29,2175126.0,242779.0,424949.0,110454.0,226251.0,178154.0,310159.0,544813.0,119907.0,359367.0,480.0,104982.0,8204.0,57059.0,281838.0,252641.0,11.0
2019-08-30,10418779.0,216291.0,462001.0,62236.0,284620.0,78899.0,343106.0,996397.0,14390.0,1335267.0,32267.0,178740.0,5213.0,43898.0,45548.0,61729.0,0.0
2019-09-02,729983.0,44219.0,41651.0,14100.0,15941.0,14758.0,134997.0,135179.0,14648.0,90159.0,8100.0,49482.0,0.0,1210.0,35576.0,13400.0,0.0
2019-09-04,4559444.0,263882.0,762990.0,50810.0,379912.0,353576.0,1053543.0,780280.0,120440.0,378921.0,45515.0,253483.0,13877.0,49249.0,19816.0,326913.0,0.0
2019-09-05,8143579.0,364246.0,1449361.0,47261.0,1031244.0,209477.0,275068.0,492646.0,55659.0,425829.0,32720.0,133.0,3587.0,106493.0,15762.0,309769.0,18849.0
2019-09-06,11050367.0,244028.0,1055303.0,187140.0,589345.0,272667.0,270646.0,669253.0,280954.0,1682367.0,45899.0,231131.0,3378.0,62244.0,64424.0,23100.0,10374.0
2019-09-09,5221691.0,106875.0,767625.0,84198.0,255528.0,71944.0,464171.0,378311.0,46998.0,972384.0,1060.0,75874.0,17328.0,10410.0,184907.0,145365.0,0.0
2019-09-10,5221691.0,106875.0,767625.0,84198.0,255528.0,71944.0,464171.0,378311.0,46998.0,972384.0,1060.0,75874.0,17328.0,10410.0,184907.0,145365.0,0.0
2019-09-11,16100072.0,317875.0,534351.0,272031.0,718708.0,347453.0,796830.0,595158.0,43508.0,1136316.0,5121.0,42558.0,5040.0,156400.0,143408.0,102819.0,0.0
2019-09-12,10849539.0,344543.0,1946061.0,148634.0,505641.0,158794.0,292174.0,491554.0,157025.0,1135929.0,43659.0,58382.0,23809.0,21810.0,86924.0,174212.0,1000.0
2019-09-13,13279572.0,824542.0,7026736.0,77601.0,207438.0,80840.0,673778.0,475349.0,78910.0,979293.0,22439.0,1538840.0,4561.0,167666.0,55562.0,176260.0,16800.0
2019-09-16,26022243.0,438203.0,1326969.0,226318.0,498628.0,201192.0,809152.0,977544.0,76612.0,0.0,8268.0,225335.0,13378.0,220754.0,138841.0,371043.0,2292.0
2019-09-17,26022243.0,438203.0,1326969.0,226318.0,498628.0,201192.0,809152.0,977544.0,76612.0,0.0,8268.0,225335.0,13378.0,220754.0,138841.0,371043.0,2292.0
2019-09-18,21514444.0,302824.0,532868.0,105700.0,495758.0,179764.0,670841.0,794951.0,47946.0,0.0,181690.0,458076.0,16981.0,38884.0,283468.0,224666.0,977.0
2019-09-19,10805883.0,458326.0,1453802.0,117978.0,266475.0,278189.0,441431.0,657818.0,44275.0,0.0,67021.0,70955.0,6783.0,103088.0,56883.0,119251.0,0.0
2019-09-20,6166785.0,571262.0,7596356.0,61069.0,332361.0,302338.0,1007504.0,556805.0,398389.0,0.0,205733.0,429908.0,2068.0,126295.0,153403.0,145409.0,720.0
2019-09-23,4559357.0,100194.0,2304249.0,84918.0,217450.0,375957.0,442521.0,218829.0,31486.0,0.0,230874.0,192174.0,33501.0,100524.0,18987.0,92546.0,7660.0
2019-09-25,5900758.0,166349.0,653262.0,423292.0,651348.0,1853688.0,446353.0,565951.0,77847.0,0.0,273152.0,476688.0,60094.0,218172.0,179629.0,459687.0,0.0
2019-09-26,4637253.0,269767.0,2358136.0,82114.0,430395.0,240209.0,3838880.0,1236282.0,49461.0,0.0,48954.0,55264.0,7345.0,38835.0,23003.0,2361.0,1669.0
2019-09-27,5540612.0,205810.0,589933.0,280529.0,339968.0,327502.0,322035.0,610152.0,117723.0,0.0,165024.0,326867.0,11907.0,289236.0,125290.0,107961.0,0.0
2019-09-30,4737543.0,527746.0,1799414.0,264627.0,260621.0,317807.0,507541.0,569439.0,77711.0,0.0,62029.0,95882.0,14978.0,147401.0,86455.0,64405.0,0.0
2019-10-01,4737543.0,527746.0,1799414.0,264627.0,260621.0,317807.0,507541.0,569439.0,77711.0,0.0,62029.0,95882.0,14978.0,147401.0,86455.0,64405.0,0.0
2019-10-02,5188118.0,112672.0,1632180.0,595788.0,620250.0,654527.0,276148.0,608214.0,194148.0,0.0,18562.0,177916.0,24120.0,16648.0,31421.0,73917.0,0.0
2019-10-03,10118173.0,784991.0,635871.0,284830.0,601042.0,390561.0,534101.0,960832.0,52028.0,0.0,920.0,201509.0,9747.0,14184.0,46009.0,60461.0,0.0
2019-10-04,4454138.0,162863.0,692665.0,140793.0,279166.0,244335.0,1293870.0,194367.0,119851.0,0.0,283248.0,158881.0,1574.0,56645.0,67786.0,136263.0,0.0
2019-10-07,1853824.0,89880.0,588850.0,573422.0,84606.0,43447.0,41755.0,193413.0,48657.0,0.0,37086.0,43818.0,6596.0,7506.0,8397.0,123072.0,0.0
2019-10-08,1853824.0,89880.0,588850.0,573422.0,84606.0,43447.0,41755.0,193413.0,48657.0,0.0,37086.0,43818.0,6596.0,7506.0,8397.0,123072.0,0.0
2019-10-09,4374373.0,437765.0,690994.0,97905.0,377959.0,188957.0,176532.0,157867.0,30384.0,0.0,81270.0,6790.0,9748.0,79566.0,60276.0,185244.0,0.0
2019-10-10,1556897.0,65691.0,2482375.0,33205.0,87516.0,59383.0,36636.0,4088996.0,187702.0,0.0,257947.0,82100.0,13669.0,26155.0,22296.0,0.0,0.0
2019-10-11,2540750.0,369616.0,7249670.0,122717.0,155490.0,93332.0,141347.0,67732.0,37845.0,0.0,26452.0,147859.0,11767.0,29858.0,52346.0,148497.0,6759.0
2019-10-15,6419426.0,187847.0,654023.0,182687.0,385452.0,116306.0,101609.0,228826.0,39484.0,0.0,26910.0,97824.0,24264.0,14056.0,103353.0,14000.0,0.0
2019-10-17,4858984.0,231405.0,4951660.0,208288.0,395366.0,139759.0,128712.0,381812.0,121453.0,0.0,1036916.0,548.0,57985.0,44385.0,89657.0,38427.0,430.0
2019-10-18,7218174.0,277768.0,7523804.0,242246.0,424253.0,156440.0,148042.0,254590.0,75846.0,0.0,26535.0,464123.0,19883.0,53563.0,166907.0,360270.0,0.0
2019-10-21,4437458.0,433006.0,1699192.0,195747.0,270867.0,183866.0,281415.0,518574.0,88840.0,14422902.0,30213.0,156247.0,20616.0,212902.0,164748.0,177184.0,0.0
2019-10-23,6466847.0,374514.0,607327.0,440039.0,568392.0,350345.0,219592.0,440631.0,105018.0,12137877.0,506075.0,71322.0,9654.0,81772.0,131418.0,784759.0,0.0
2019-10-24,6117226.0,130433.0,1144027.0,129591.0,521557.0,132458.0,261841.0,755696.0,59497.0,4487793.0,22785.0,171802.0,652.0,117181.0,119270.0,81438.0,0.0
2019-10-25,3614227.0,182922.0,691304.0,181082.0,588279.0,137278.0,91800.0,741161.0,317953.0,1922649.0,14578.0,98099.0,6056.0,167979.0,25463.0,62586.0,477.0
2019-10-28,4473981.0,277861.0,720003.0,158585.0,264362.0,89059.0,90092.0,349055.0,41743.0,1178235.0,7931.0,100790.0,54884.0,53869.0,47261.0,335308.0,0.0
2019-10-30,6764726.0,295873.0,2164907.0,283626.0,359718.0,401334.0,170683.0,954580.0,40430.0,3065094.0,368923.0,955981.0,18440.0,175611.0,38843.0,383762.0,0.0
2019-10-31,10165290.0,746735.0,4754992.0,514103.0,1226542.0,427743.0,316340.0,2060226.0,322453.0,8362770.0,9705526.0,299829.0,27497.0,200551.0,196287.0,6366796.0,258.0
2019-11-05,8157776.0,524569.0,1347442.0,379292.0,963845.0,441193.0,491960.0,890967.0,284653.0,332673.0,0.0,106620.0,18150.0,223844.0,106683.0,199922.0,8985.0
2019-11-06,6206385.0,330199.0,3219155.0,134872.0,441466.0,386496.0,279109.0,2845562.0,207983.0,516531.0,6830.0,108140.0,7691.0,268322.0,57811.0,139737.0,8985.0
2019-11-07,4105229.0,148785.0,887651.0,94486.0,749525.0,229167.0,146215.0,647403.0,73555.0,657657.0,232000.0,103267.0,439.0,75331.0,24159.0,218712.0,0.0
2019-11-08,9898989.0,191859.0,936157.0,187989.0,482190.0,726409.0,105522.0,10069084.0,46043.0,8064240.0,51980.0,119773.0,4386.0,66357.0,95330.0,364728.0,1089.0
2019-11-12,7872068.0,403247.0,1232627.0,271989.0,452289.0,316005.0,137558.0,1318390.0,85444.0,1124763.0,13514.0,91671.0,24714.0,97031.0,81527.0,15698.0,0.0
2019-11-13,7650822.0,123052.0,3792367.0,162214.0,489603.0,79250.0,126453.0,862872.0,223390.0,5551341.0,32144.0,62798.0,8823.0,35128.0,37237.0,86086.0,608.0
2019-11-14,3466487.0,144410.0,1736135.0,94178.0,135933.0,359161.0,91000.0,2510135.0,92493.0,205164.0,38752.0,29781.0,17690.0,37159.0,80762.0,90860.0,8172.0
2019-11-15,6849468.0,65142.0,282232.0,34917.0,86158.0,86142.0,22296.0,359311.0,21207.0,429261.0,8022.0,29669.0,1811.0,3290.0,55434.0,68190.0,8172.0
2019-11-18,2313562.0,100392.0,5438833.0,43427.0,151355.0,55221.0,65062.0,150060.0,12464.0,20277.0,0.0,75697.0,654.0,13500.0,25524.0,160606.0,0.0
2019-11-19,4581151.0,421439.0,498995.0,49377.0,220065.0,60808.0,126743.0,1084273.0,28950.0,134853.0,0.0,11367.0,553.0,20839.0,118902.0,41572.0,0.0
2019-11-20,5262115.0,320226.0,416608.0,118893.0,501379.0,117005.0,85630.0,1169999.0,196583.0,18702.0,32736.0,51458.0,27901.0,54947.0,26266.0,46387.0,35741.0
2019-11-21,3789029.0,265218.0,350130.0,92434.0,338169.0,110233.0,308732.0,357106.0,103485.0,53949.0,32736.0,62243.0,2725.0,23522.0,40606.0,134608.0,35741.0
2019-11-22,3640134.0,207677.0,672328.0,80630.0,292615.0,162574.0,92285.0,450263.0,22293.0,1297248441.0,11438.0,307131.0,19161.0,21617.0,36754.0,32818.0,0.0
2019-11-25,4164207.0,529285.0,2114692.0,171744.0,461338.0,138106.0,261576.0,728928.0,114837.0,2790.0,6916.0,3162813.0,19638.0,24524.0,78452.0,49629.0,41022.0
2019-11-26,24955444.0,2022148.0,3464163.0,746994.0,2154028.0,1396758.0,2201892.0,38486175.0,261429.0,215664.0,27709.0,524596.0,17542.0,291209.0,272570.0,20683.0,5000.0
2019-11-27,4592429.0,161708.0,2010439.0,259273.0,520291.0,781875.0,220138.0,10123565.0,210654.0,185817.0,5320.0,83374.0,8553.0,45179.0,127570.0,51956.0,5000.0
2019-11-28,1978222.0,155094.0,1341331.0,25406.0,39239.0,179052.0,96428.0,1573599.0,87540.0,200922.0,14098.0,137004.0,14174.0,53750.0,77820.0,19318.0,0.0
2019-12-02,5026067.0,391152.0,1867457.0,56112.0,616149.0,49163.0,531920.0,2430989.0,91681.0,36687.0,5015.0,236745.0,64.0,51254.0,82716.0,12715.0,0.0
2019-12-03,7601326.0,266146.0,1168981.0,180762.0,546844.0,158995.0,125170.0,924670.0,219705.0,81492.0,37656.0,267984.0,3182.0,6384.0,86701.0,101275.0,0.0
2019-12-04,12462185.0,225486.0,1620915.0,92377.0,254380.0,224791.0,208681.0,1290015.0,111817.0,790590.0,284.0,116557.0,18930.0,58912.0,105910.0,28289.0,0.0
2019-12-05,7022378.0,284701.0,770127.0,144656.0,500588.0,167036.0,157229.0,1297459.0,94069.0,12873.0,2660.0,30851.0,4102.0,19353.0,270292.0,112108.0,0.0
2019-12-06,4118806.0,136263.0,837103.0,405046.0,248263.0,135694.0,55581.0,1030142.0,520553.0,377904.0,2660.0,84873.0,12831.0,8679.0,696003.0,20096.0,0.0
2019-12-09,2948052.0,113078.0,1015997.0,215907.0,153170.0,177479.0,122611.0,442783.0,21742.0,152064.0,20710.0,154186.0,4965.0,53849.0,29903.0,0.0,0.0
2019-12-10,2228273.0,500063.0,388189.0,97182.0,211176.0,173090.0,29287.0,262419.0,53122.0,71868.0,20710.0,66582.0,3390.0,9137.0,23666.0,16357.0,6499.0
2019-12-11,6058568.0,125393.0,1397040.0,23614.0,264129.0,152983.0,52287.0,1115153.0,39300.0,30423.0,2660.0,72445.0,4626.0,18867.0,83989.0,50875.0,6499.0
2019-12-12,4054747.0,401798.0,2917327.0,88243.0,485864.0,259757.0,234445.0,5242374.0,65001.0,40497.0,10627.0,632733.0,1493.0,128375.0,130520.0,66588.0,0.0
2019-12-13,5109510.0,220990.0,3100782.0,233328.0,303888.0,361539.0,160157.0,743532.0,140127.0,161352.0,9952.0,206319.0,6957.0,64163.0,77950.0,9194.0,10534.0
2019-12-16,5115521.0,159599.0,2072520.0,106087.0,511758.0,320208.0,183915.0,627720.0,593118.0,14457.0,5722.0,249970.0,10030.0,110633.0,171699.0,118862.0,5800.0
2019-12-17,3888307.0,256309.0,1141716.0,122669.0,469708.0,395199.0,197582.0,540325.0,136006.0,91488.0,5722.0,38434.0,1891.0,54791.0,162305.0,89399.0,4782.0
2019-12-18,9019561.0,329098.0,3178570.0,263658.0,565034.0,431640.0,179105.0,173561.0,236992.0,94014.0,0.0,707027.0,17214.0,119935.0,184338.0,33241.0,4782.0
2019-12-19,2541743.0,168845.0,1752327.0,108645.0,542318.0,123427.0,172428.0,343630.0,205606.0,13080.0,0.0,107777.0,820.0,29595.0,37894.0,106914.0,59697.0
2019-12-20,14978193.0,1725636.0,1258722.0,639798.0,1334488.0,1166995.0,1655190.0,1226361.0,464846.0,37332.0,11189.0,296714.0,4429.0,68282.0,169367.0,206352.0,1000.0
2019-12-23,2633740.0,154429.0,749666.0,69131.0,180688.0,316807.0,157197.0,134594.0,43598.0,9330.0,8188.0,264381.0,12145.0,141033.0,35547.0,136280.0,710.0
2019-12-24,712256.0,11667.0,745879.0,1282.0,114492.0,27233.0,15984.0,289120.0,51930.0,510.0,2854.0,110643.0,26.0,7678.0,13745.0,136280.0,710.0
2019-12-26,1139144.0,70718.0,2580988.0,52067.0,107046.0,136473.0,55434.0,195403.0,29640.0,19152.0,0.0,6000.0,273.0,2982.0,64590.0,12513.0,0.0
2019-12-27,1579779.0,165597.0,378061.0,82148.0,145190.0,87014.0,60827.0,91103.0,50993.0,5157.0,1679.0,22629.0,5206.0,89756.0,141516.0,27851.0,0.0
2019-12-30,1725871.0,260467.0,307819.0,96157.0,205771.0,190472.0,217294.0,749761.0,31347.0,5505.0,2166.0,47324.0,1160.0,95712.0,109968.0,6588.0,3060.0
2020-01-03,7724860.0,583812.0,183165.0,151955.0,341480.0,139787.0,182811.0,470774.0,16498.0,105027.0,10243.0,18024.0,1398.0,20724.0,8898.0,5183.0,9867.0
2020-01-07,6097335.0,389433.0,526079.0,72675.0,325462.0,35385.0,61261.0,168708.0,11458.0,48774.0,0.0,63027.0,341.0,9908.0,97445.0,47199.0,143054.0
2020-01-08,15799402.0,193356.0,804239.0,146911.0,398605.0,82407.0,95666.0,84933.0,393360.0,48774.0,0.0,48427.0,341.0,22399.0,98795.0,29428.0,700.0
2020-01-09,2358976.0,204536.0,662344.0,112466.0,731171.0,92221.0,299628.0,262888.0,48828.0,19149.0,13142.0,87446.0,7707.0,159453.0,99993.0,66706.0,4500.0
2020-01-10,8254121.0,126810.0,1709737.0,60866.0,291499.0,92334.0,116221.0,227467.0,347496.0,19149.0,25769.0,285957.0,9367.0,296535.0,85412.0,15383.0,7000.0
2020-01-13,3948381.0,342679.0,4477263.0,76282.0,319502.0,109540.0,143841.0,443469.0,82499.0,98544.0,0.0,169406.0,4356.0,49648.0,29043.0,8155.0,27398.0
2020-01-14,10348555.0,302318.0,7634875.0,83561.0,462757.0,210877.0,169083.0,470524.0,661543.0,75945.0,11438.0,139082.0,10307.0,182284.0,24025.0,27255.0,27398.0
2020-01-15,10545147.0,701243.0,1603308.0,169966.0,304055.0,170117.0,602873.0,248409.0,372125.0,113631.0,218.0,148170.0,1535.0,28312.0,167624.0,16276.0,10751.0
2020-01-16,4263274.0,179853.0,2835734.0,82253.0,298312.0,201368.0,194371.0,507860.0,25625.0,77088.0,9201.0,49211.0,6931.0,53173.0,65809.0,42171.0,1359.0
2020-01-17,4263274.0,179853.0,2835734.0,82253.0,298312.0,201368.0,194371.0,507860.0,25625.0,77088.0,9201.0,49211.0,6931.0,53173.0,65809.0,42171.0,1359.0
2020-01-20,1249626.0,31753.0,615815.0,9930.0,23231.0,10739.0,79792.0,21490.0,10537.0,228.0,0.0,10562.0,1208.0,17083.0,142302.0,32560.0,0.0
2020-01-21,4162755.0,77355.0,1193837.0,71416.0,251787.0,115607.0,102211.0,275263.0,158242.0,360.0,5000.0,88680.0,4891.0,119781.0,861148.0,5067.0,0.0
2020-01-22,3946234.0,153921.0,1003189.0,21677.0,270640.0,52799.0,174026.0,8266.0,7254.0,285.0,3640.0,39604.0,537.0,26823.0,5526.0,25507.0,212703.0
2020-01-23,5523224.0,67420.0,2752733.0,35588.0,256814.0,59198.0,102951.0,327555.0,45047.0,255510.0,49994.0,391853.0,3038.0,53881.0,77203.0,38747.0,24004.0
2020-01-24,5848873.0,118173.0,633588.0,92779.0,303362.0,7390.0,85394.0,332185.0,59743.0,13209.0,1598.0,195439.0,7031.0,20406.0,50271.0,61030.0,24004.0
2020-01-27,17911845.0,84768.0,1673372.0,46252.0,222537.0,112975.0,46744.0,372452.0,64001.0,65304.0,33391.0,219571.0,10487.0,260399.0,109601.0,101784.0,610.0
2020-01-28,9741845.0,253650.0,1292611.0,140883.0,247693.0,133031.0,180261.0,308201.0,56592.0,127251.0,108896.0,307667.0,31883.0,67098.0,119946.0,103589.0,610.0
2020-01-29,6951412.0,223096.0,1302584.0,186120.0,311043.0,203412.0,112885.0,295515.0,49153.0,220320.0,83731.0,233004.0,40131.0,261848.0,77186.0,104347.0,100.0
2020-01-30,9469906.0,340370.0,1675980.0,217914.0,318307.0,241297.0,181221.0,191329.0,75263.0,261774.0,104281.0,113421.0,17727.0,75619.0,159445.0,40007.0,2887.0
2020-01-31,19502919.0,831855.0,2912815.0,456640.0,1531819.0,449504.0,455333.0,906355.0,333386.0,460224.0,198328.0,667960.0,73980.0,361232.0,225530.0,235208.0,20000.0
2020-02-03,7113412.0,339272.0,994268.0,82365.0,267535.0,81381.0,71266.0,80965.0,35954.0,645648.0,49468.0,60989.0,1296.0,13711.0,144462.0,171903.0,0.0
2020-02-04,6751347.0,280751.0,1182210.0,160511.0,588328.0,262940.0,269717.0,469986.0,122202.0,115623.0,5301.0,148308.0,30356.0,37949.0,89364.0,81888.0,1000.0
2020-02-05,8119290.0,241014.0,3755658.0,186123.0,320554.0,212814.0,233100.0,584239.0,176569.0,119985.0,108110.0,97497.0,20320.0,90110.0,122525.0,37983.0,1000.0
2020-02-06,6321212.0,379450.0,3635066.0,178054.0,452900.0,157717.0,153748.0,622793.0,40365.0,16845.0,48545.0,130523.0,15655.0,56256.0,63027.0,96085.0,13603.0
2020-02-07,3225700.0,333992.0,3317489.0,89370.0,281666.0,49832.0,44919.0,400120.0,132594.0,23400.0,7400.0,113743.0,6662.0,37217.0,59968.0,45645.0,13603.0
2020-02-10,2706843.0,548728.0,830189.0,334408.0,484086.0,192314.0,271226.0,293512.0,165880.0,262803.0,4840.0,63147.0,18507.0,25687.0,86563.0,8915.0,103156.0
2020-02-11,6594906.0,1061906.0,1813114.0,123384.0,335291.0,221492.0,145910.0,948863.0,196416.0,24750.0,274814.0,152463.0,7458.0,32014.0,181589.0,8542.0,103156.0
2020-02-12,11129921.0,455057.0,1533799.0,64780.0,418980.0,536935.0,154146.0,2186623.0,42342.0,150912.0,4400.0,253356.0,65.0,54563.0,167473.0,43500.0,0.0
2020-02-13,5160683.0,201970.0,782072.0,32110.0,245371.0,129137.0,119073.0,443221.0,32247.0,9894.0,6358.0,66618.0,3469.0,53977.0,58631.0,1690.0,0.0
2020-02-14,4912203.0,345161.0,1016900.0,68772.0,526644.0,191059.0,132500.0,717421.0,34091.0,540.0,51300.0,123323.0,16032.0,23833.0,77691.0,36678.0,6000.0
2020-02-17,881320.0,57308.0,273074.0,49523.0,46873.0,41926.0,28283.0,305672.0,70642.0,4803.0,1000.0,76499.0,43.0,19357.0,22935.0,10757.0,1117.0
2020-02-18,8252194.0,574462.0,5245225.0,163566.0,604913.0,463082.0,408120.0,720495.0,204097.0,28674.0,8516.0,203087.0,14661.0,85449.0,124846.0,38952.0,4050.0
2020-02-19,9608802.0,159027.0,1154028.0,229227.0,507047.0,317731.0,236141.0,2040014.0,44039.0,7530.0,6210.0,151099.0,13230.0,38526.0,36269.0,27053.0,0.0
2020-02-20,10651758.0,281194.0,5524742.0,58152.0,537366.0,136237.0,147870.0,648765.0,63705.0,7212.0,6423.0,1214259.0,5208.0,137011.0,40956.0,93856.0,2150.0
2020-02-21,7169948.0,389527.0,4721813.0,246160.0,5254036.0,152453.0,118985.0,1126915.0,191682.0,4500.0,13355.0,1459869.0,1276.0,39683.0,70440.0,196693.0,47996.0
2020-02-24,7712437.0,597726.0,5758028.0,86080.0,2045986.0,233724.0,313498.0,1377148.0,194342.0,18234.0,46083.0,440989.0,3187.0,99068.0,235635.0,709721.0,467085.0
2020-02-25,15117172.0,316445.0,1845928.0,322769.0,1307201.0,294544.0,397525.0,774542.0,166892.0,743097.0,26210.0,785390.0,12771.0,149473.0,112317.0,173678.0,365015.0
2020-02-26,16865710.0,924876.0,1742956.0,167004.0,1135668.0,368719.0,618693.0,984055.0,67480.0,2048880.0,2030.0,289609.0,56178.0,1295003.0,55147.0,151277.0,13778.0
2020-02-27,29340734.0,649365.0,3323174.0,165693.0,610596.0,380886.0,315856.0,2282298.0,432076.0,191661.0,36990.0,502930.0,23025.0,225630.0,167110.0,189613.0,13778.0
2020-02-28,16511945.0,696751.0,3957763.0,336342.0,1212139.0,529261.0,1371546.0,1575453.0,247559.0,210426.0,882.0,224707.0,14486.0,200801.0,138703.0,139568.0,6566.0
2020-03-02,9566943.0,284234.0,1643622.0,162423.0,869780.0,304848.0,558216.0,936508.0,150968.0,3600.0,1000.0,139913.0,292.0,50905.0,162116.0,31480.0,4465.0
2020-03-03,9011373.0,780973.0,4406827.0,455299.0,1745118.0,359522.0,703129.0,1096658.0,79849.0,72036.0,8050.0,279167.0,5070.0,233002.0,147239.0,37599.0,4465.0
2020-03-04,8163611.0,638270.0,1786575.0,410355.0,1358942.0,148376.0,102114.0,820295.0,143869.0,84102.0,8050.0,365326.0,828.0,288320.0,431289.0,95187.0,0.0
2020-03-05,9583301.0,727057.0,723764.0,102511.0,836489.0,88900.0,360694.0,583550.0,129024.0,254469.0,12020.0,274847.0,2526.0,66582.0,107733.0,52819.0,11900.0
2020-03-06,24604844.0,372473.0,1200600.0,104823.0,656680.0,156434.0,205664.0,381955.0,47016.0,24189.0,3430.0,452799.0,7368.0,239974.0,199430.0,228938.0,2913.0
2020-03-09,22069066.0,586279.0,5827338.0,63483.0,1351879.0,274859.0,321055.0,1001162.0,79305.0,24903.0,14650.0,1569232.0,8285.0,116485.0,950391.0,192051.0,10287.0
2020-03-10,20140007.0,398896.0,4305817.0,472572.0,1170397.0,300086.0,254521.0,2024928.0,124306.0,24903.0,11620.0,933283.0,4349.0,142688.0,271788.0,84887.0,800.0
2020-03-11,13011176.0,970137.0,7554389.0,212314.0,967540.0,370347.0,586201.0,1493101.0,71104.0,8583.0,7400.0,370902.0,22157.0,134518.0,283961.0,135057.0,800.0
2020-03-12,10344282.0,210020.0,4617424.0,129142.0,1141338.0,258635.0,157863.0,918631.0,47881.0,8943.0,6660.0,512331.0,26488.0,140264.0,158632.0,100958.0,48282.0
2020-03-16,10747456.0,640500.0,1740792.0,195593.0,944026.0,329073.0,318054.0,1123202.0,82374.0,9261.0,15950.0,611147.0,6080.0,88173.0,137995.0,61539.0,333.0
2020-03-17,13772260.0,1448519.0,3899256.0,466410.0,185486.0,674519.0,649026.0,1217438.0,91495.0,21078.0,15950.0,41906.0,37722.0,185946.0,531425.0,149311.0,5555.0
2020-03-18,10864759.0,3461107.0,2798684.0,194288.0,955599.0,339101.0,246150.0,1203193.0,103364.0,69036.0,1190.0,196685.0,7516.0,175068.0,48997.0,113077.0,5681.0
2020-03-19,11059614.0,500708.0,2894500.0,115074.0,1209391.0,370829.0,192511.0,1176179.0,74427.0,30573.0,1190.0,204795.0,6507.0,279989.0,81724.0,289471.0,5681.0
2020-03-20,23972474.0,1807020.0,54879082.0,644190.0,3462562.0,645127.0,851784.0,3728322.0,108760.0,186378.0,73671.0,756430.0,33673.0,257015.0,218048.0,41335.0,5986.0
2020-03-24,11955457.0,1103778.0,1991716.0,613834.0,1984318.0,432155.0,393262.0,873938.0,189175.0,42657.0,21070.0,13193.0,61000.0,83385.0,88632.0,175735.0,0.0
2020-03-25,11207523.0,633972.0,4794115.0,155062.0,1641148.0,173950.0,131958.0,1067862.0,449115.0,60762.0,33490.0,195052.0,58815.0,57405.0,107683.0,358668.0,3958.0
2020-03-26,11207523.0,633972.0,4794115.0,155062.0,1641148.0,173950.0,131958.0,1067862.0,449115.0,60762.0,33490.0,195052.0,58815.0,57405.0,107683.0,358668.0,3958.0
2020-03-27,10404293.0,440174.0,1067971.0,615583.0,1976648.0,348303.0,774442.0,920870.0,160787.0,84174.0,6684.0,174645.0,33530.0,168687.0,235924.0,175525.0,0.0
2020-03-30,10355161.0,350369.0,2103759.0,241927.0,1763178.0,89652.0,260076.0,1053390.0,145487.0,200019.0,21889.0,121350.0,8408.0,9519.0,108641.0,78660.0,0.0
2020-03-31,12181603.0,741804.0,2052921.0,439905.0,2112723.0,212727.0,457904.0,1873766.0,262042.0,211452.0,6928.0,172689.0,11960.0,92962.0,202491.0,271576.0,0.0
2020-04-01,7069486.0,467344.0,533174.0,291105.0,1270793.0,265014.0,438506.0,192731.0,66242.0,63297.0,6928.0,427465.0,8279.0,29262.0,84970.0,118503.0,35643.0
2020-04-02,13563088.0,410968.0,1497828.0,192249.0,795385.0,222581.0,311213.0,668250.0,156155.0,14109.0,33210.0,315196.0,7764.0,216405.0,1329463.0,180227.0,35643.0
2020-04-03,16688585.0,721042.0,260856.0,446589.0,674003.0,182669.0,439929.0,312320.0,417367.0,29922.0,14512.0,32886.0,3760.0,7704.0,151235.0,238987.0,8355.0
2020-04-06,10533034.0,520879.0,354339.0,305279.0,839725.0,257808.0,609202.0,428436.0,178627.0,106167.0,2200.0,15648.0,2414.0,44699.0,53467.0,321745.0,0.0
2020-04-07,10777565.0,397415.0,1301201.0,421291.0,1680022.0,294126.0,495964.0,546314.0,335980.0,122541.0,18984.0,431020.0,6039.0,48473.0,245002.0,84182.0,12400.0
2020-04-08,10307472.0,149575.0,704549.0,239189.0,668929.0,245965.0,124016.0,248922.0,95798.0,101367.0,130910.0,26466.0,13591.0,10787.0,67874.0,36515.0,8025.0
2020-04-13,11564770.0,279163.0,1641739.0,104941.0,441064.0,166910.0,269957.0,227307.0,37814.0,82704.0,80000.0,2983.0,5199.0,19306.0,53480.0,98740.0,2850.0
2020-04-14,8853810.0,506112.0,2346894.0,183489.0,931743.0,336309.0,477300.0,466877.0,261669.0,46377.0,80416.0,238442.0,9051.0,81836.0,122694.0,233856.0,8983.0
2020-04-15,13033038.0,643969.0,1642750.0,205198.0,904816.0,391206.0,301600.0,215226.0,176002.0,76593.0,13500.0,148860.0,4083.0,34491.0,54061.0,30606.0,1750.0
2020-04-16,12347568.0,671820.0,1621436.0,224718.0,1472180.0,264757.0,360588.0,514224.0,175712.0,59742.0,12769.0,55099.0,5778.0,72460.0,99290.0,33162.0,5000.0
2020-04-17,16118621.0,168465.0,653272.0,142460.0,540027.0,170225.0,167538.0,344994.0,36683.0,212493.0,11100.0,76530.0,4342.0,166761.0,52456.0,59163.0,5000.0
2020-04-20,16782644.0,272009.0,1433439.0,111321.0,530113.0,95869.0,144112.0,801319.0,67349.0,139224.0,8100.0,20240.0,2360.0,65834.0,163710.0,115429.0,4000.0
2020-04-21,10735447.0,175195.0,2820157.0,428645.0,2219084.0,219695.0,223130.0,614293.0,165894.0,46995.0,39990.0,76808.0,17186.0,76396.0,73527.0,45199.0,1000.0
2020-04-22,9170947.0,224470.0,1802508.0,324500.0,2055070.0,256041.0,781238.0,256141.0,190495.0,249504.0,31540.0,675967.0,6814.0,90553.0,134683.0,28589.0,38162.0
2020-04-23,11894067.0,218201.0,1256764.0,179474.0,1523856.0,292443.0,455682.0,204090.0,134915.0,49770.0,12389.0,55725.0,2171.0,45057.0,92117.0,414755.0,13221.0
2020-04-24,6921465.0,626588.0,517417.0,205101.0,1447463.0,373082.0,326090.0,317974.0,303126.0,39354.0,2300.0,247782.0,838.0,49935.0,22801.0,124894.0,25534.0
2020-04-27,7096405.0,165691.0,868147.0,253682.0,484077.0,211409.0,434536.0,119465.0,32840.0,14721.0,6210.0,36617.0,12882.0,80038.0,27489.0,27322.0,2100.0
2020-04-28,16011029.0,338178.0,754782.0,395493.0,785328.0,178131.0,225841.0,246279.0,388226.0,45678.0,14850.0,72733.0,19693.0,105955.0,70322.0,27062.0,10510.0
2020-04-29,9963145.0,345243.0,481767.0,381548.0,987112.0,423146.0,393453.0,286379.0,249507.0,93399.0,1350.0,323406.0,31731.0,49896.0,165859.0,24780.0,53393.0
2020-04-30,12267171.0,272798.0,2233801.0,401601.0,802450.0,347932.0,187800.0,168126.0,161266.0,63153.0,2160.0,63795.0,22051.0,74477.0,13730.0,40724.0,10024.0
2020-05-04,8665862.0,189674.0,1588248.0,210087.0,498776.0,241556.0,292428.0,152523.0,34637.0,3837.0,1840.0,96928.0,8733.0,29356.0,104154.0,14050.0,0.0
2020-05-05,9909915.0,45233.0,1923033.0,186857.0,2415799.0,52503.0,37692.0,100660.0,50759.0,48507.0,3870.0,19547.0,8483.0,3817.0,40768.0,16187.0,4010.0
2020-05-06,10692926.0,254044.0,596927.0,134033.0,1786331.0,122787.0,150310.0,398255.0,40518.0,21348.0,17510.0,332159.0,15259.0,24122.0,18628.0,72874.0,1101.0
2020-05-07,14827973.0,422643.0,1758989.0,198735.0,1140354.0,360830.0,316269.0,256491.0,576427.0,4992.0,44882.0,93832.0,9272.0,35239.0,48780.0,119824.0,1450.0
2020-05-08,10319435.0,338676.0,956380.0,179807.0,661948.0,237424.0,266985.0,108061.0,28689.0,18468.0,21060.0,82927.0,10603.0,57738.0,37138.0,38198.0,21394.0
2020-05-11,6220042.0,211195.0,631196.0,190786.0,783849.0,342725.0,201545.0,86208.0,27784.0,63303.0,7560.0,106735.0,3320.0,22662.0,66818.0,47560.0,1998.0
2020-05-12,6818728.0,187587.0,508710.0,386852.0,996886.0,108886.0,110441.0,54637.0,26014.0,19800.0,2400.0,46795.0,3797.0,15633.0,8581.0,118158.0,1057.0
2020-05-13,8963520.0,188974.0,1902435.0,482255.0,1209596.0,101475.0,1263770.0,136836.0,77978.0,4824.0,16180.0,226252.0,12497.0,17708.0,111978.0,158248.0,1353.0
2020-05-14,7392449.0,237712.0,479471.0,254120.0,731646.0,91304.0,392574.0,25762.0,433515.0,21339.0,14600.0,52100.0,1242.0,18749.0,24984.0,197848.0,1353.0
2020-05-15,3589475.0,112033.0,289521.0,246864.0,525992.0,119930.0,251270.0,427000.0,2771.0,2865.0,15620.0,20476.0,11482.0,20981.0,82687.0,59374.0,2563.0
2020-05-18,10044395.0,751308.0,1055554.0,384022.0,651260.0,297886.0,476911.0,355172.0,150054.0,31194.0,40200.0,82630.0,28641.0,66200.0,59900.0,37200.0,5990.0
2020-05-19,7930509.0,106618.0,891601.0,233589.0,1473917.0,252830.0,410516.0,91037.0,71833.0,114477.0,1096.0,33896.0,20617.0,10045.0,57428.0,64455.0,6438.0
2020-05-20,3290415.0,133006.0,2942595.0,197746.0,1248954.0,408823.0,208676.0,134343.0,47000.0,23688.0,7000.0,44826.0,129.0,85452.0,58606.0,27910.0,4287.0
2020-05-21,4135495.0,582771.0,1494447.0,113820.0,581618.0,138870.0,201460.0,36870.0,80181.0,23688.0,6935.0,49636.0,10945.0,85452.0,24217.0,97428.0,5282.0
2020-05-22,3517980.0,207421.0,126950.0,143129.0,400640.0,144471.0,652409.0,134444.0,51328.0,15423.0,2720.0,2500.0,4029.0,73515.0,70148.0,46868.0,3550.0
2020-05-26,4726377.0,203090.0,4188355.0,286483.0,628547.0,246485.0,302091.0,118613.0,51577.0,0.0,15840.0,48195.0,4759.0,50065.0,105093.0,39768.0,19467.0
2020-05-27,8228583.0,244283.0,1273704.0,726655.0,846463.0,306690.0,381613.0,190310.0,112573.0,56325.0,180.0,39556.0,3667.0,31686.0,191013.0,73431.0,17304.0
2020-05-28,7849505.0,202331.0,872211.0,222697.0,727933.0,223498.0,1216305.0,157611.0,205185.0,36348.0,30540.0,212922.0,22558.0,18364.0,225763.0,26056.0,5571.0
2020-05-29,29863458.0,2946216.0,4412723.0,2022880.0,2768189.0,1304504.0,25539870.0,361558.0,240928.0,170667.0,2238.0,274838.0,12280.0,85653.0,97013.0,122406.0,2771.0
2020-06-01,7844708.0,304132.0,832079.0,212882.0,723972.0,380007.0,2335922.0,360144.0,48335.0,6225.0,541.0,141387.0,8318.0,92280.0,72702.0,55450.0,3307.0
2020-06-02,11383701.0,193663.0,723352.0,221335.0,650517.0,536831.0,485594.0,293756.0,79901.0,9561.0,82995.0,72184.0,21358.0,72419.0,55640.0,21190.0,15648.0
2020-06-04,11007653.0,604930.0,1743788.0,424142.0,1053402.0,406755.0,1143405.0,286648.0,83025.0,201789.0,220564.0,177514.0,25821.0,81554.0,77226.0,88620.0,22872.0
2020-06-05,16488874.0,479386.0,3811347.0,260734.0,1993294.0,306138.0,825119.0,615238.0,190724.0,174336.0,61744.0,177422.0,56805.0,99279.0,183496.0,59065.0,260562.0
2020-06-08,9945161.0,387412.0,583940.0,318693.0,1337685.0,415492.0,1031070.0,431486.0,108860.0,85902.0,10893.0,99008.0,52880.0,21005.0,163823.0,35999.0,56841.0
2020-06-09,8945287.0,625479.0,1091695.0,231737.0,905739.0,258815.0,1364118.0,345303.0,395845.0,17403.0,55278.0,356332.0,30278.0,57627.0,91355.0,25329.0,71816.0
2020-06-10,10134344.0,547107.0,952818.0,685691.0,1800995.0,689709.0,465047.0,161566.0,136292.0,105027.0,25380.0,420881.0,8661.0,161206.0,763052.0,57515.0,16781.0
2020-06-11,10533204.0,281193.0,572196.0,165334.0,1239540.0,202578.0,714236.0,256972.0,59547.0,69996.0,14409.0,127627.0,45761.0,34332.0,43661.0,100943.0,82117.0
2020-06-12,7234884.0,417602.0,1672396.0,124045.0,803506.0,231899.0,593312.0,356427.0,135066.0,84183.0,1500.0,159947.0,26262.0,22145.0,50421.0,16134.0,92534.0
2020-06-16,10245848.0,441161.0,2202523.0,339042.0,1334284.0,304925.0,691387.0,258907.0,231343.0,52401.0,10000.0,88894.0,59144.0,42338.0,261494.0,43209.0,31517.0
2020-06-17,9196768.0,333055.0,523988.0,265568.0,713139.0,117517.0,822889.0,100468.0,224445.0,7701.0,2700.0,1062680.0,14247.0,39681.0,4892.0,20370.0,16043.0
2020-06-18,6715724.0,234604.0,618766.0,18021.0,160606.0,372049.0,1234490.0,419905.0,638537.0,12957.0,651.0,424853.0,77153.0,31596.0,19872.0,11763.0,3915.0
2020-06-19,28699680.0,1499263.0,46507472.0,793167.0,2106515.0,1158464.0,4409363.0,8637261.0,996068.0,186426.0,10336.0,2492396.0,185313.0,336291.0,219632.0,67387.0,29481.0
2020-06-23,7059430.0,574378.0,2114520.0,527669.0,1402715.0,490091.0,764095.0,76078.0,501141.0,83826.0,4320.0,805898.0,7427.0,137776.0,55188.0,84817.0,6346.0
2020-06-24,5958456.0,284510.0,434340.0,145967.0,1024225.0,250422.0,151318.0,19178.0,56643.0,74586.0,73570.0,88081.0,10159.0,5737.0,86587.0,70605.0,8261.0
2020-06-25,5052016.0,155976.0,817628.0,170834.0,879818.0,209355.0,205791.0,130495.0,26760.0,144510.0,44100.0,30475.0,33716.0,69289.0,20012.0,57675.0,9218.0
2020-06-26,4530295.0,376290.0,220665.0,243456.0,659244.0,120547.0,145870.0,121366.0,7634.0,94992.0,1220.0,5247.0,4750.0,14950.0,12792.0,51765.0,1094.0
2020-06-30,4237837.0,201481.0,223876.0,119484.0,394808.0,171400.0,46015.0,104018.0,73834.0,5976.0,13500.0,61749.0,4968.0,23545.0,34340.0,72906.0,1734.0
2020-07-01,3908052.0,195536.0,251698.0,67470.0,267876.0,121440.0,153902.0,75226.0,43707.0,14760.0,2700.0,58675.0,3572.0,46693.0,95840.0,45728.0,1751.0
2020-07-02,4356721.0,309881.0,798124.0,287721.0,632084.0,186580.0,60993.0,121468.0,62818.0,7830.0,4000.0,742122.0,8974.0,89694.0,32939.0,112344.0,1450.0
2020-07-03,521127.0,47844.0,202827.0,13401.0,101402.0,64429.0,40360.0,71592.0,135289.0,18417.0,6468.0,29123.0,5460.0,32564.0,4400.0,86638.0,11464.0
2020-07-06,5537955.0,102864.0,349190.0,59508.0,640987.0,170590.0,228706.0,74571.0,166871.0,23517.0,0.0,493196.0,3797.0,92303.0,12900.0,26678.0,2600.0
2020-07-07,10383304.0,559830.0,5916802.0,229791.0,952559.0,215421.0,76939.0,147977.0,229156.0,6795.0,1080.0,122895.0,4168.0,18387.0,79546.0,44683.0,3907.0
2020-07-08,7976028.0,906647.0,2344705.0,165979.0,910197.0,66932.0,190862.0,233295.0,72066.0,7053.0,2022085.0,61837.0,10343.0,71183.0,81690.0,307672.0,6513.0
2020-07-09,11185829.0,1575657.0,1005469.0,113862.0,1116603.0,200181.0,181791.0,224206.0,344854.0,38901.0,58010.0,309247.0,10173.0,38315.0,145485.0,41745.0,6980.0
2020-07-10,8891607.0,611441.0,760183.0,151791.0,540071.0,230086.0,211978.0,345080.0,216776.0,183018.0,228172.0,398449.0,7561.0,50617.0,61023.0,44240.0,6545.0
2020-07-13,9305887.0,202789.0,719008.0,157175.0,854015.0,92059.0,149195.0,107188.0,162165.0,1410.0,19980.0,254247.0,8764.0,26373.0,123687.0,26953.0,51503.0
2020-07-14,6960499.0,399710.0,579168.0,358255.0,1243424.0,103705.0,215670.0,261718.0,84335.0,345.0,7249.0,288991.0,5297.0,52666.0,17007.0,34825.0,90947.0
2020-07-15,7334693.0,376242.0,2338411.0,129686.0,912074.0,164924.0,421133.0,233223.0,270757.0,42558.0,40838.0,323422.0,8821.0,73046.0,187671.0,30971.0,36059.0
2020-07-16,5270454.0,414223.0,1137183.0,96720.0,432306.0,166178.0,154605.0,145715.0,85779.0,5610.0,10067.0,58966.0,5353.0,41365.0,34069.0,7420.0,23726.0
2020-07-17,8701282.0,180777.0,637754.0,115118.0,771254.0,116381.0,104525.0,197171.0,193074.0,18549.0,35100.0,328679.0,9263.0,162722.0,77667.0,32613.0,4285.0
2020-07-21,7677988.0,825783.0,1443640.0,864610.0,1191387.0,540246.0,548033.0,475261.0,195335.0,15900.0,43779.0,276292.0,16465.0,200551.0,208678.0,101645.0,4140.0
2020-07-22,4847476.0,578859.0,1181713.0,202373.0,591563.0,143254.0,261447.0,805139.0,109180.0,492.0,35100.0,245718.0,14076.0,55616.0,639750.0,116095.0,7664.0
2020-07-23,3316759.0,295181.0,1015618.0,212196.0,673827.0,195840.0,429552.0,598435.0,470372.0,57585.0,35801.0,150674.0,14587.0,157491.0,239665.0,453764.0,11335.0
2020-07-24,2071057.0,85654.0,798312.0,129703.0,729885.0,202441.0,345104.0,339571.0,46672.0,8952.0,27760.0,91343.0,6439.0,111140.0,34203.0,103951.0,3800.0
2020-07-27,4069203.0,259951.0,694844.0,345470.0,1242271.0,134037.0,163459.0,235667.0,27715.0,83976.0,7671.0,91374.0,9175.0,36976.0,68687.0,554487.0,20533.0
2020-07-28,6319852.0,279057.0,750395.0,352911.0,963083.0,152332.0,176866.0,205922.0,90423.0,130914.0,7671.0,539371.0,1053.0,36301.0,83756.0,201154.0,15299.0
2020-07-29,3325585.0,101486.0,559942.0,280597.0,558249.0,84674.0,83541.0,138343.0,159735.0,1261845.0,7400.0,83036.0,11128.0,28963.0,26213.0,41153.0,10299.0
2020-07-30,9467433.0,299912.0,1085492.0,296990.0,710260.0,95286.0,288344.0,311254.0,373989.0,342018.0,8100.0,33240.0,6395.0,55779.0,37034.0,60309.0,950.0
2020-07-31,24437213.0,1853011.0,9734659.0,3073692.0,6197234.0,1230069.0,2036415.0,3291240.0,975848.0,128403.0,1004562.0,1792938.0,88218.0,317549.0,315652.0,544459.0,12000.0
2020-08-03,15750884.0,255949.0,1247243.0,815585.0,1059865.0,167294.0,295407.0,2234151.0,194113.0,884343.0,291058.0,73902.0,41442.0,12294.0,151337.0,99662.0,2045.0
2020-08-04,11020072.0,264838.0,1715874.0,303038.0,984923.0,238463.0,80065.0,290451.0,516784.0,354672.0,97947.0,327067.0,17120.0,124724.0,604031.0,83332.0,1128.0
2020-08-05,9774071.0,82285.0,693773.0,134831.0,876010.0,198337.0,195888.0,501776.0,196580.0,13449.0,28340.0,56179.0,2849.0,112946.0,36975.0,395491.0,1030.0
2020-08-06,3797025.0,97594.0,271923.0,292207.0,2269116.0,155261.0,112834.0,1498147.0,191897.0,9237.0,7240.0,32217.0,2553.0,78466.0,77100.0,585901.0,1400.0
2020-08-10,818180.0,68927.0,156834.0,342211.0,909485.0,26510.0,42029.0,367684.0,70242.0,3231.0,13753.0,10363.0,7397.0,9821.0,28340.0,261803.0,145.0
2020-08-11,5764333.0,382147.0,434724.0,130620.0,724331.0,160445.0,93283.0,632812.0,112161.0,84981.0,13681.0,522068.0,5871.0,16132.0,305005.0,316311.0,2800.0
2020-08-12,5649771.0,282886.0,1798260.0,43262.0,465646.0,52785.0,43192.0,239323.0,23247.0,1500.0,7946.0,172762.0,11185.0,34151.0,55178.0,68903.0,2800.0
2020-08-13,2689853.0,203599.0,555831.0,93654.0,260068.0,324277.0,116745.0,139776.0,117173.0,16026.0,95069.0,146354.0,7806.0,36401.0,518448.0,159946.0,200.0
2020-08-14,2036156.0,157645.0,218386.0,59138.0,214655.0,156629.0,56507.0,371167.0,65410.0,20037.0,8640.0,42529.0,3632.0,15306.0,81993.0,24657.0,3513.0
2020-08-18,12192692.0,483825.0,580377.0,219045.0,967956.0,155086.0,117726.0,198388.0,297224.0,62151.0,19575.0,109183.0,6627.0,34288.0,44871.0,141051.0,3100.0
2020-08-19,10589268.0,214204.0,707544.0,266512.0,683735.0,231356.0,207392.0,1424670.0,280094.0,128151.0,52720.0,106924.0,12914.0,89673.0,173568.0,129531.0,3100.0
2020-08-20,7954303.0,532060.0,1505705.0,147815.0,581960.0,370667.0,325965.0,2166614.0,162578.0,240210.0,49825.0,227897.0,17154.0,59355.0,65523.0,128402.0,10018.0
2020-08-21,7749558.0,497644.0,1514655.0,83783.0,842113.0,182302.0,579978.0,1143792.0,187517.0,121944.0,22662.0,331890.0,9987.0,75688.0,78169.0,63368.0,24920.0
2020-08-25,7440790.0,246659.0,1087567.0,190273.0,1196127.0,337245.0,342388.0,858603.0,898194.0,41169.0,64367.0,239214.0,24563.0,163728.0,107389.0,200171.0,33088.0
2020-08-26,12395444.0,371804.0,1032547.0,227346.0,1173266.0,418993.0,534116.0,2154654.0,260224.0,42840.0,42867.0,226360.0,12101.0,95564.0,113639.0,146433.0,122628.0
2020-08-27,8988562.0,296885.0,1358418.0,103460.0,619835.0,131361.0,306817.0,564431.0,188112.0,1953.0,15000.0,119901.0,18182.0,52478.0,70199.0,116493.0,17406.0
2020-08-28,4404734.0,129674.0,637854.0,100006.0,259792.0,205854.0,406828.0,1601568.0,193959.0,7695.0,6480.0,124245.0,5308.0,14797.0,58109.0,277505.0,90742.0
2020-08-31,16761532.0,440893.0,686975.0,154102.0,769453.0,725084.0,136113.0,1154982.0,374522.0,15579.0,22808.0,267677.0,15992.0,38784.0,370369.0,227116.0,28423.0
2020-09-01,23874773.0,1405953.0,4097081.0,1065473.0,2062739.0,732608.0,516015.0,1085292.0,172692.0,22644.0,21129.0,1186439.0,16232.0,108529.0,121020.0,210532.0,22532.0
2020-09-02,13493395.0,247325.0,1360689.0,268548.0,942965.0,386865.0,558345.0,361005.0,298829.0,153645.0,16988.0,290264.0,6341.0,83774.0,49134.0,288430.0,38860.0
2020-09-03,7216291.0,164543.0,732198.0,125193.0,600480.0,337190.0,384813.0,650991.0,122355.0,53091.0,22129.0,94952.0,12941.0,25103.0,104845.0,53354.0,83395.0
2020-09-04,2826449.0,248588.0,1364513.0,88645.0,198609.0,150650.0,197877.0,847435.0,84543.0,7575.0,28040.0,144362.0,1029.0,10939.0,19186.0,57274.0,11047.0
2020-09-07,1177698.0,146534.0,878159.0,73917.0,145296.0,119837.0,200394.0,247723.0,20066.0,1080.0,240.0,39794.0,0.0,42274.0,8892.0,54679.0,28419.0
2020-09-08,11068581.0,141044.0,696839.0,29780.0,240272.0,390375.0,94419.0,230326.0,20536.0,8709.0,2640.0,134966.0,1555.0,36263.0,375617.0,172241.0,236050.0
2020-09-09,7373185.0,235718.0,485484.0,172023.0,462730.0,196360.0,124553.0,248754.0,154107.0,1881.0,2284.0,164840.0,5630.0,40251.0,29089.0,29912.0,129889.0
2020-09-10,12231527.0,104848.0,1055799.0,159670.0,563139.0,214236.0,625895.0,285095.0,39277.0,47964.0,55860.0,63648.0,9171.0,109444.0,26505.0,138440.0,74750.0
2020-09-11,5017679.0,132018.0,963242.0,153101.0,818701.0,121615.0,241507.0,826972.0,14704.0,600.0,554332.0,53598.0,14368.0,14996.0,30648.0,20732.0,30240.0
2020-09-14,6719901.0,29111.0,232063.0,148160.0,996610.0,280553.0,111712.0,335525.0,16692.0,651.0,13664.0,163795.0,8340.0,13267.0,29894.0,40952.0,19465.0
2020-09-15,12386675.0,607372.0,329378.0,205317.0,884969.0,162476.0,442924.0,386938.0,101092.0,15237.0,703817.0,72761.0,8246.0,10274.0,80935.0,15805.0,101260.0
2020-09-16,7633052.0,347346.0,550890.0,160898.0,457365.0,178168.0,433790.0,621692.0,290745.0,16011.0,415216.0,128265.0,23605.0,51432.0,31375.0,48595.0,2571.0
2020-09-17,7486941.0,546423.0,332169.0,156274.0,279412.0,199206.0,113458.0,1872157.0,92173.0,16011.0,354200.0,176609.0,6823.0,32103.0,235346.0,130232.0,14738.0
2020-09-18,31691332.0,1938236.0,9502474.0,539258.0,2442188.0,713583.0,2186683.0,4024915.0,250657.0,19635.0,949126.0,279693.0,26345.0,299774.0,220207.0,13349.0,126471.0
2020-09-21,11736328.0,141737.0,589883.0,142791.0,681481.0,134903.0,109678.0,360535.0,29467.0,27615.0,37052.0,111456.0,4658.0,62984.0,28854.0,70396.0,7030.0
2020-09-22,26218671.0,1038811.0,577667.0,238440.0,1495107.0,567709.0,115338.0,544315.0,32677.0,8166.0,45280.0,62816.0,3672.0,5182.0,64726.0,68560.0,2370.0
2020-09-23,22119689.0,127871.0,589807.0,72338.0,485895.0,131162.0,111078.0,473638.0,16736.0,8166.0,12480.0,62042.0,9080.0,71166.0,19520.0,5110.0,9660.0
2020-09-24,10533574.0,170686.0,287180.0,165136.0,475099.0,164026.0,223769.0,388039.0,23725.0,7725.0,8993.0,131374.0,4517.0,3313.0,77231.0,46920.0,15698.0
2020-09-25,9715293.0,171876.0,865588.0,54201.0,374809.0,472304.0,214490.0,265126.0,15119.0,16395.0,8993.0,14360.0,6116.0,36855.0,38026.0,27895.0,500.0
2020-09-28,5748586.0,80741.0,237064.0,82835.0,561819.0,255065.0,104187.0,251700.0,23716.0,0.0,4402.0,52036.0,8315.0,11107.0,11541.0,77131.0,8805.0
2020-09-29,9396424.0,397259.0,1468471.0,456153.0,752380.0,249073.0,195116.0,377912.0,141067.0,8331.0,16190.0,35835.0,2365.0,73683.0,102665.0,176660.0,13407.0
2020-09-30,7099240.0,237962.0,1696710.0,194705.0,720171.0,76523.0,265161.0,187174.0,63068.0,9789.0,8804.0,68560.0,4084.0,28113.0,131200.0,93602.0,200.0
2020-10-01,15904373.0,9044.0,167677.0,233300.0,134157.0,54450.0,139564.0,116050.0,52490.0,2664.0,10709.0,49810.0,6635.0,22867.0,9308.0,73151.0,22953.0
2020-10-02,6743466.0,68920.0,245434.0,41137.0,111476.0,27114.0,40224.0,70439.0,38895.0,2664.0,10709.0,28435.0,150.0,3831.0,3514.0,28232.0,4405.0
2020-10-05,5746505.0,132295.0,59011.0,163901.0,194336.0,113281.0,74715.0,20627.0,13463.0,4971.0,0.0,6644.0,2055.0,15588.0,38624.0,105250.0,1860.0
2020-10-06,7743203.0,146791.0,2000200.0,443817.0,321945.0,211521.0,74835.0,45070.0,49405.0,4971.0,688.0,73552.0,1260.0,45239.0,48219.0,92320.0,2496.0
2020-10-07,7623991.0,105128.0,537541.0,66540.0,211153.0,79796.0,249047.0,166242.0,46320.0,540.0,4320.0,93896.0,988.0,91432.0,67819.0,11554.0,5191.0
2020-10-08,7623991.0,105128.0,537541.0,66540.0,211153.0,79796.0,249047.0,166242.0,46320.0,540.0,4320.0,93896.0,988.0,91432.0,67819.0,11554.0,5191.0
2020-10-09,4220206.0,153025.0,1034119.0,55307.0,159771.0,210955.0,98843.0,162592.0,141302.0,19146.0,2160.0,150681.0,12803.0,8161.0,7276.0,214596.0,200.0
2020-10-13,7712532.0,142847.0,130078.0,140360.0,1004966.0,78918.0,105735.0,124734.0,9939.0,13494.0,2093.0,12685.0,4734.0,33377.0,84811.0,57630.0,36961.0
2020-10-14,4060661.0,275918.0,1741915.0,281829.0,958577.0,213827.0,288877.0,370043.0,64480.0,13494.0,13188.0,712634.0,13551.0,76983.0,156548.0,18912.0,9626.0
2020-10-15,8739012.0,340296.0,140301.0,217165.0,651960.0,100779.0,289465.0,1730214.0,435494.0,2511.0,10766.0,32558.0,10867.0,36356.0,485485.0,864100.0,7129.0
2020-10-16,6809216.0,297758.0,428348.0,530340.0,358315.0,139458.0,101533.0,147210.0,49756.0,2511.0,84581.0,63449.0,14599.0,16957.0,61589.0,27995.0,4517.0
2020-10-19,8643602.0,199980.0,207163.0,181597.0,533983.0,246703.0,147639.0,584171.0,123267.0,0.0,13648.0,18060.0,1873.0,43845.0,77666.0,89671.0,8889.0
2020-10-20,4842262.0,200876.0,2683151.0,179652.0,589403.0,133849.0,714236.0,625585.0,98926.0,7875.0,19400.0,96636.0,24631.0,98200.0,102557.0,69314.0,30633.0
2020-10-21,11967396.0,153158.0,419753.0,57785.0,515033.0,89366.0,98712.0,245645.0,286152.0,7875.0,3880.0,144404.0,14142.0,24635.0,39237.0,63234.0,31052.0
2020-10-22,5366874.0,164447.0,438768.0,275855.0,650135.0,122749.0,19623.0,88931.0,19298.0,16959.0,3880.0,101235.0,14142.0,4121.0,16046.0,15083.0,26708.0
2020-10-23,3768861.0,45654.0,210443.0,78072.0,289442.0,31216.0,3726.0,9586.0,65490.0,21816.0,144.0,24412.0,25.0,60.0,2255.0,5222.0,26708.0
2020-10-26,8026668.0,333817.0,209401.0,215982.0,751158.0,192123.0,30091.0,32011.0,37079.0,300.0,1740.0,61602.0,283.0,703.0,20818.0,17961.0,37776.0
2020-10-27,9979732.0,351284.0,1273949.0,268561.0,698049.0,207633.0,211820.0,361772.0,33016.0,294.0,26957.0,42095.0,5017.0,56395.0,71199.0,28964.0,56096.0
2020-10-28,19294360.0,488900.0,613961.0,362575.0,1112020.0,148301.0,320159.0,539118.0,49838.0,906.0,159881.0,25370.0,1264.0,14275.0,19399.0,119972.0,76677.0
2020-10-29,7487469.0,188922.0,545565.0,191184.0,562775.0,156183.0,130770.0,520275.0,73560.0,401493.0,19493.0,50631.0,9160.0,57021.0,43665.0,115685.0,117158.0
2020-10-30,14066645.0,481152.0,3205414.0,462129.0,1423359.0,288065.0,226812.0,606834.0,324206.0,173172.0,74583.0,1496526.0,33418.0,299832.0,70902.0,228235.0,3133802.0
2020-11-03,6239928.0,126052.0,192093.0,48098.0,612306.0,105024.0,85151.0,339118.0,118378.0,3690.0,76058.0,185821.0,9209.0,27519.0,353213.0,90989.0,43335.0
2020-11-04,8774101.0,76727.0,232220.0,71359.0,263007.0,104041.0,60292.0,356256.0,133675.0,1041.0,76058.0,127477.0,3459.0,27634.0,68344.0,78801.0,17446.0
2020-11-05,4760886.0,95777.0,1878450.0,87538.0,596746.0,361816.0,110284.0,174255.0,10004.0,522.0,0.0,142822.0,2571.0,43597.0,35461.0,333171.0,8790.0
2020-11-09,25395667.0,657639.0,676422.0,395671.0,1641219.0,425806.0,259892.0,2026313.0,176854.0,14667.0,23868.0,146160.0,19471.0,168582.0,235434.0,112167.0,41651.0
2020-11-10,8743850.0,161374.0,419373.0,114148.0,477263.0,91254.0,77385.0,331744.0,58060.0,5592.0,7425.0,41109.0,3385.0,62914.0,164736.0,98238.0,59362.0
2020-11-11,7797342.0,186208.0,678183.0,77874.0,423433.0,98297.0,125717.0,1062750.0,38186.0,17226.0,240.0,199544.0,2997.0,71125.0,71488.0,156998.0,14675.0
2020-11-12,8862495.0,341344.0,1181346.0,265401.0,479690.0,204405.0,314225.0,535195.0,39082.0,77856.0,4397.0,274373.0,979.0,82337.0,217289.0,245467.0,13039.0
2020-11-13,4624405.0,235887.0,67043.0,126630.0,401740.0,174579.0,105978.0,117665.0,19085.0,2433.0,4397.0,116674.0,2444.0,56103.0,96232.0,69849.0,6160.0
2020-11-17,28212249.0,340612.0,448907.0,274781.0,1254365.0,462154.0,136508.0,208121.0,222648.0,136284.0,6890.0,108026.0,9430.0,26546.0,391291.0,94218.0,53096.0
2020-11-18,14202593.0,209580.0,553293.0,663348.0,1781334.0,308915.0,1024678.0,146924.0,514733.0,84000.0,6914.0,173801.0,8208.0,105221.0,222512.0,103194.0,21045.0
2020-11-19,8014181.0,116383.0,552211.0,122873.0,458799.0,119048.0,281130.0,242939.0,29224.0,1194.0,15363.0,47132.0,283.0,51697.0,145606.0,231339.0,9691.0
2020-11-20,5132119.0,79743.0,794570.0,360220.0,406990.0,173651.0,244598.0,87880.0,29403.0,350001.0,15363.0,131272.0,249.0,39546.0,143172.0,125578.0,9998.0
2020-11-23,14339461.0,280355.0,665215.0,459511.0,558692.0,109744.0,77781.0,431292.0,367305.0,35001.0,145.0,108130.0,701.0,76824.0,159115.0,86160.0,9647.0
2020-11-24,19051745.0,224033.0,2035898.0,241949.0,1285714.0,279313.0,514215.0,772819.0,404012.0,66645.0,34985.0,537684.0,18755.0,275868.0,131212.0,225560.0,49001.0
2020-11-25,11882465.0,290033.0,561013.0,338170.0,700029.0,184947.0,171570.0,507188.0,105658.0,9858.0,42963.0,67789.0,10571.0,34688.0,342138.0,199781.0,12600.0
2020-11-26,3883406.0,69975.0,33794.0,111347.0,138334.0,92398.0,13344.0,348687.0,41885.0,8301.0,1008.0,69879.0,2604.0,142408.0,150836.0,232019.0,4571.0
2020-11-27,14551255.0,125942.0,312595.0,208289.0,291439.0,125646.0,109370.0,258043.0,558603.0,30792.0,7217.0,40834.0,1352.0,24987.0,16881.0,85145.0,66446.0
2020-11-30,37338399.0,1010395.0,884828.0,1155934.0,1558058.0,975404.0,283872.0,471600.0,149787.0,12135.0,4307.0,491199.0,13031.0,136951.0,77411.0,102768.0,87245.0
2020-12-01,7171086.0,172951.0,623054.0,102020.0,750526.0,331464.0,139223.0,505978.0,152063.0,7635.0,10833.0,812080.0,12801.0,276760.0,58782.0,218022.0,100312.0
2020-12-02,11971241.0,602990.0,1943998.0,211956.0,745674.0,582003.0,336861.0,903990.0,124902.0,76014.0,62065.0,298318.0,14537.0,112290.0,68278.0,212164.0,11495.0
2020-12-03,29317116.0,597544.0,1039087.0,165588.0,837776.0,244049.0,249089.0,442340.0,53826.0,8760.0,11003.0,1123413.0,13520.0,75333.0,23397.0,117561.0,36856.0
2020-12-07,7718216.0,369552.0,1844428.0,157299.0,611016.0,507965.0,407453.0,624955.0,251539.0,103131.0,21001.0,424115.0,11593.0,65707.0,76519.0,151142.0,53564.0
2020-12-09,15162004.0,356426.0,579041.0,281024.0,1197885.0,284844.0,219470.0,774197.0,117016.0,65205.0,24125.0,254304.0,34240.0,101301.0,162276.0,156294.0,39146.0
2020-12-10,23136611.0,169030.0,752297.0,240215.0,910065.0,382337.0,274102.0,942567.0,117008.0,158271.0,3236.0,177022.0,14500.0,83037.0,159612.0,123487.0,21166.0
2020-12-11,11398898.0,191751.0,4595261.0,353936.0,1007762.0,363180.0,183315.0,663619.0,132439.0,49500.0,10668.0,204416.0,5367.0,34545.0,137032.0,28967.0,20846.0
2020-12-14,12270306.0,341166.0,966084.0,327910.0,1215899.0,634277.0,226869.0,1706386.0,486641.0,6822.0,11758.0,171345.0,7740.0,106835.0,347705.0,128999.0,18673.0
2020-12-15,10130165.0,765968.0,850516.0,361288.0,1129220.0,234861.0,308160.0,278599.0,154566.0,6804.0,32413.0,80406.0,3561.0,135790.0,31182.0,182133.0,7991.0
2020-12-16,12159557.0,601745.0,1163747.0,167996.0,483286.0,363614.0,703079.0,882059.0,568182.0,20211.0,32478.0,667460.0,14394.0,150455.0,161723.0,118510.0,12228.0
2020-12-17,10115209.0,175451.0,926811.0,267943.0,1082393.0,538460.0,351088.0,534401.0,133817.0,6900.0,27367.0,220582.0,17487.0,435817.0,295476.0,300663.0,9130.0
2020-12-18,22098196.0,1352836.0,1422427.0,988583.0,1965218.0,1717056.0,286132.0,1099129.0,220663.0,18015.0,129055.0,410487.0,8571.0,239964.0,214691.0,140006.0,33711.0
2020-12-21,15482687.0,351794.0,1340148.0,344433.0,1538020.0,739959.0,245726.0,1087523.0,230153.0,12198.0,6773.0,147618.0,10996.0,97528.0,234141.0,106020.0,40193.0
2020-12-22,6341993.0,96534.0,1665581.0,104376.0,797840.0,320816.0,74868.0,521749.0,113657.0,10878.0,29574.0,99831.0,8859.0,24830.0,141317.0,41302.0,8495.0
2020-12-23,3999868.0,64641.0,1015894.0,189475.0,294921.0,326683.0,85579.0,527275.0,79685.0,26430.0,6749.0,140883.0,8689.0,29662.0,162435.0,142245.0,434.0
2020-12-24,987014.0,7296.0,41463.0,8289.0,38284.0,55361.0,85579.0,10423.0,79685.0,5262.0,6749.0,140883.0,157.0,2597.0,762.0,1900.0,616.0
2020-12-28,4514790.0,31741.0,554758.0,31874.0,288643.0,265580.0,143799.0,339872.0,54219.0,106707.0,30051.0,128565.0,6563.0,36596.0,23416.0,48164.0,7989.0
2020-12-29,4353100.0,124629.0,540484.0,41899.0,435065.0,108150.0,146208.0,876717.0,85570.0,4995.0,22189.0,92472.0,3198.0,52510.0,131493.0,185597.0,32209.0
2020-12-30,2994874.0,313752.0,750859.0,90718.0,465490.0,146718.0,185645.0,651787.0,92767.0,75150.0,13952.0,91600.0,4052.0,43699.0,42065.0,165119.0,2295.0
2021-01-04,4040858.0,93883.0,327362.0,60031.0,206765.0,165196.0,55405.0,454985.0,149191.0,11706.0,7100.0,51970.0,8321.0,9306.0,190269.0,109398.0,10281.0
2021-01-05,17309698.0,246130.0,682240.0,180065.0,503385.0,320050.0,99423.0,457026.0,57761.0,5130.0,5736.0,57969.0,3562.0,46231.0,688424.0,113248.0,6804.0
2021-01-06,9275133.0,421848.0,224810.0,280542.0,517063.0,543055.0,124024.0,338976.0,16525.0,8100.0,5534.0,156107.0,4809.0,60009.0,148172.0,103280.0,1122.0
2021-01-07,10947046.0,207833.0,808173.0,102600.0,521182.0,519069.0,313103.0,539179.0,77560.0,34011.0,765.0,38232.0,348.0,34255.0,55573.0,116861.0,5720.0
2021-01-08,9130572.0,426641.0,334170.0,218048.0,391240.0,281418.0,115944.0,154796.0,39024.0,24000.0,1098.0,36097.0,4488.0,17806.0,14581.0,149731.0,12391.0
2021-01-12,17953674.0,397261.0,932475.0,369936.0,715002.0,649206.0,130886.0,404930.0,135614.0,47073.0,10359.0,53679.0,5040.0,211802.0,46434.0,150805.0,3963.0
2021-01-13,10619672.0,548941.0,1951432.0,510979.0,511822.0,201950.0,187797.0,431279.0,40625.0,70527.0,1665.0,59757.0,7984.0,66516.0,302208.0,182383.0,6349.0
2021-01-14,17946399.0,266684.0,3083649.0,58708.0,337261.0,238780.0,156940.0,450706.0,64848.0,94671.0,16653.0,292419.0,8261.0,40947.0,133006.0,331058.0,7089.0
2021-01-15,25652138.0,126587.0,603375.0,112700.0,456994.0,135546.0,108784.0,208320.0,13443.0,3000.0,11901.0,96573.0,1289.0,52241.0,9400.0,171626.0,39076.0
2021-01-18,2229417.0,99998.0,982573.0,73212.0,266061.0,69858.0,117277.0,83762.0,29678.0,1725.0,1105.0,47580.0,1211.0,27217.0,6264.0,163787.0,186.0
2021-01-19,6482433.0,280182.0,1494460.0,190653.0,467535.0,159593.0,46560.0,112083.0,85483.0,4824.0,3276.0,161271.0,2163.0,42643.0,124094.0,409571.0,2554.0
2021-01-20,9723064.0,368220.0,787681.0,213033.0,596839.0,174941.0,129726.0,93777.0,70442.0,2349.0,3782.0,74934.0,9618.0,106359.0,186394.0,230040.0,741.0
2021-01-21,12308330.0,264834.0,841821.0,179677.0,676819.0,376951.0,131246.0,527820.0,209122.0,41853.0,17186.0,158315.0,2771.0,112658.0,156962.0,170487.0,4761.0
2021-01-22,6359694.0,515927.0,1263152.0,466362.0,1240628.0,199026.0,107748.0,376794.0,87488.0,11253.0,13737.0,333513.0,5214.0,117468.0,230609.0,148607.0,6434.0
2021-01-25,9991787.0,677083.0,1608940.0,409314.0,1011933.0,192123.0,85012.0,100033.0,127968.0,3627.0,13748.0,64974.0,4145.0,23484.0,39247.0,172166.0,3364.0
2021-01-26,6229063.0,344252.0,1572213.0,194153.0,1032621.0,151964.0,70965.0,108137.0,63541.0,86559.0,4859.0,168631.0,220.0,49637.0,134708.0,347363.0,1646.0
2021-01-27,25125885.0,1016207.0,4249468.0,455427.0,1111373.0,298248.0,202769.0,630624.0,117291.0,942.0,20502.0,67273.0,8419.0,155915.0,92205.0,180699.0,4553.0
2021-01-28,15718698.0,385381.0,1119569.0,338746.0,808637.0,252129.0,68158.0,180126.0,38499.0,79371.0,2052.0,163131.0,853.0,77440.0,104775.0,194991.0,212.0
2021-01-29,31092376.0,1681291.0,3879692.0,1585826.0,3730643.0,825351.0,524037.0,1111066.0,461893.0,24420.0,286458.0,1606658.0,59065.0,155393.0,135432.0,303560.0,167333.0
2021-02-02,17363428.0,504283.0,1960232.0,508557.0,842995.0,510542.0,268053.0,173624.0,387036.0,21525.0,21387.0,207873.0,6865.0,81000.0,59622.0,268609.0,51027.0
2021-02-03,11235339.0,597929.0,3332703.0,440579.0,334628.0,556331.0,188640.0,550674.0,148241.0,4509.0,21387.0,46073.0,5046.0,71504.0,67712.0,32979.0,15393.0
2021-02-04,5469669.0,262343.0,1706568.0,333625.0,556633.0,420445.0,118250.0,432052.0,175944.0,10953.0,10935.0,69305.0,7407.0,57294.0,23430.0,171129.0,1700.0
2021-02-05,7015243.0,233871.0,854115.0,46422.0,182386.0,192237.0,59425.0,644633.0,154266.0,13500.0,12109.0,246287.0,6210.0,26797.0,127023.0,145219.0,6485.0
2021-02-08,11647576.0,330889.0,1933804.0,204265.0,455802.0,181655.0,223113.0,1065634.0,248204.0,22470.0,28907.0,305779.0,6008.0,84933.0,99171.0,139971.0,7698.0
2021-02-09,9574735.0,304792.0,8004826.0,646208.0,763503.0,255618.0,263704.0,265727.0,123441.0,22470.0,12508.0,330295.0,7373.0,87606.0,182677.0,93999.0,9768.0
2021-02-10,5506776.0,269536.0,7875856.0,224967.0,346499.0,166201.0,146099.0,468559.0,153441.0,345.0,11640.0,46240.0,8929.0,64039.0,126892.0,64833.0,1990.0
2021-02-11,4313112.0,142970.0,405803.0,56630.0,212774.0,112981.0,72718.0,153784.0,104982.0,31935.0,5389.0,86796.0,2950.0,46776.0,31901.0,142489.0,3179.0
2021-02-12,5864980.0,133434.0,254288.0,244732.0,258081.0,113264.0,109654.0,123168.0,79082.0,9498.0,10876.0,235681.0,3395.0,31364.0,13583.0,135344.0,9170.0
2021-02-15,1318624.0,25575.0,60219.0,42816.0,48796.0,69758.0,33287.0,102953.0,53186.0,9417.0,0.0,36584.0,7060.0,17173.0,19467.0,95041.0,1200.0
2021-02-16,8810049.0,200077.0,697230.0,224667.0,575255.0,143356.0,307803.0,408929.0,165560.0,7065.0,11328.0,269930.0,2682.0,65255.0,129897.0,163338.0,3531.0
2021-02-17,13240489.0,221126.0,312602.0,90912.0,567445.0,177040.0,82875.0,41192.0,98289.0,30735.0,2940.0,80200.0,1718.0,12155.0,31086.0,92715.0,15519.0
2021-02-18,15456250.0,217583.0,460089.0,130439.0,396488.0,404559.0,104308.0,154066.0,76881.0,66744.0,4761.0,547341.0,1458.0,36028.0,54822.0,97074.0,15519.0
2021-02-19,18141689.0,782101.0,802054.0,62716.0,252164.0,132854.0,134770.0,73751.0,83111.0,9213.0,7313.0,153083.0,6204.0,33349.0,53323.0,22865.0,22900.0
2021-02-22,18274283.0,200795.0,3472966.0,86829.0,719726.0,129571.0,161526.0,454570.0,20795.0,45861.0,5099.0,40653.0,12994.0,27410.0,10347.0,175093.0,3685.0
2021-02-23,12504238.0,342851.0,4767562.0,294641.0,329477.0,380866.0,186537.0,339707.0,58615.0,50442.0,15320.0,163167.0,8301.0,118791.0,112883.0,59028.0,10370.0
2021-02-24,11899639.0,519651.0,2926339.0,377705.0,587933.0,391853.0,257908.0,500472.0,119716.0,4833.0,1369825.0,148112.0,4104.0,181143.0,139903.0,46132.0,6263.0
2021-02-25,11391994.0,284581.0,394023.0,534671.0,1904321.0,195933.0,86482.0,189026.0,328674.0,47682.0,9572.0,132695.0,11463.0,52829.0,74280.0,55048.0,3743.0
2021-02-26,8797301.0,499688.0,739885.0,459813.0,1410218.0,458737.0,128200.0,189984.0,12234.0,510.0,8196.0,40531.0,5242.0,119818.0,94702.0,236511.0,4473.0
2021-03-01,4622065.0,152239.0,2453121.0,200816.0,348267.0,344752.0,69353.0,62121.0,42625.0,900.0,172449.0,43688.0,2537.0,48680.0,68350.0,62327.0,6993.0
2021-03-02,4334480.0,661546.0,2705509.0,39834.0,205264.0,101144.0,93941.0,105635.0,67670.0,4050.0,4185.0,355101.0,9519.0,18265.0,111883.0,330441.0,3.0
2021-03-03,12689731.0,364625.0,2817098.0,171509.0,256945.0,196769.0,201529.0,269888.0,156541.0,77400.0,301845.0,1079831.0,3053.0,66686.0,230620.0,105484.0,10085.0
2021-03-04,17902729.0,461648.0,3280481.0,74133.0,279290.0,319361.0,43204.0,200905.0,277212.0,12816.0,5642.0,38903.0,4152.0,567408.0,175806.0,503210.0,7200.0
2021-03-05,29174819.0,260141.0,1790815.0,124799.0,409250.0,349146.0,191754.0,290287.0,79399.0,8841.0,7921.0,135260.0,3396.0,47128.0,111188.0,35794.0,29574.0
2021-03-08,7693085.0,129893.0,1289310.0,57929.0,393443.0,76675.0,56008.0,111837.0,111837.0,0.0,9951.0,60355.0,6080.0,37415.0,53030.0,109169.0,7459.0
2021-03-09,10445352.0,157218.0,2160389.0,120278.0,349141.0,126468.0,273325.0,112335.0,212323.0,1089.0,8908.0,63634.0,5103.0,34209.0,60662.0,47793.0,8217.0
2021-03-10,5881588.0,300883.0,1501990.0,169982.0,322794.0,116339.0,46778.0,96047.0,116499.0,15201.0,1100.0,48113.0,7814.0,39548.0,63690.0,14565.0,22801.0
2021-03-11,8898569.0,228683.0,1007919.0,91954.0,344554.0,289765.0,19281.0,191282.0,38086.0,552.0,134.0,230127.0,1950.0,3530.0,485461.0,33940.0,8207.0
2021-03-12,5568620.0,161950.0,2050616.0,46708.0,271334.0,55372.0,29351.0,99025.0,49161.0,139947.0,50.0,191217.0,347.0,18128.0,203821.0,12156.0,62574.0
2021-03-15,24149551.0,145374.0,1129328.0,141429.0,278531.0,243033.0,50664.0,134340.0,19414.0,4410.0,20515.0,101876.0,4552.0,23759.0,221075.0,40707.0,10276.0
2021-03-16,8982507.0,150717.0,1080896.0,89921.0,524945.0,65587.0,96304.0,225084.0,729663.0,86682.0,116570.0,110057.0,3824.0,348782.0,356969.0,152173.0,3870.0
2021-03-17,6262461.0,257813.0,1269688.0,565796.0,645380.0,160843.0,61428.0,186323.0,196342.0,86682.0,34073.0,787074.0,7998.0,9356.0,433724.0,76603.0,5602.0
2021-03-18,17131001.0,719106.0,591310.0,71280.0,298077.0,531957.0,92096.0,1155430.0,18746.0,159858.0,125740.0,53657.0,9892.0,108920.0,90780.0,56502.0,7413.0
2021-03-19,25816964.0,2016069.0,88644711.0,960691.0,2408223.0,1234108.0,1611681.0,3581241.0,1587932.0,253530.0,570790.0,1385282.0,1836.0,334251.0,1035557.0,79483.0,681.0
2021-03-23,6630157.0,171595.0,3260456.0,589977.0,719283.0,209096.0,120925.0,1320125.0,120588.0,9837.0,4780.0,1563243.0,52261.0,53974.0,649903.0,142913.0,7351.0
2021-03-24,6774272.0,90836.0,1448372.0,206321.0,190416.0,254158.0,520985.0,660946.0,66504.0,31089.0,136736.0,39446.0,3252.0,8887.0,1489232.0,67091.0,2600.0
2021-03-25,9231560.0,334956.0,622322.0,256051.0,417946.0,445114.0,89372.0,317061.0,205430.0,6699.0,1019.0,62217.0,102.0,5686.0,26632.0,180604.0,22404.0
2021-03-26,8817050.0,165463.0,779485.0,240698.0,388963.0,204555.0,90850.0,203464.0,35021.0,7692.0,2114.0,103295.0,1384.0,21643.0,44268.0,71854.0,14748.0
2021-03-29,6566877.0,222466.0,563867.0,228588.0,219022.0,87676.0,36023.0,117536.0,67776.0,84000.0,8903.0,36132.0,1214.0,3921.0,10434.0,23813.0,6278.0
2021-03-30,3213145.0,344978.0,1193557.0,321801.0,251231.0,215650.0,133534.0,583700.0,4263.0,84000.0,27906.0,30696.0,169.0,18011.0,50147.0,32173.0,10375.0
2021-03-31,4416833.0,199414.0,767135.0,330759.0,345395.0,162671.0,146807.0,212444.0,3879.0,0.0,1200.0,20348.0,1054.0,20316.0,49419.0,93410.0,1630.0
2021-04-05,4522847.0,38026.0,258072.0,58306.0,117294.0,34174.0,125619.0,870931.0,44711.0,0.0,5008.0,1234090.0,862.0,9148.0,46200.0,656745.0,59.0
2021-04-06,5471644.0,49989.0,505034.0,265178.0,281123.0,65462.0,168309.0,405781.0,17259.0,15045.0,1455.0,346553.0,160.0,69825.0,527149.0,806323.0,286.0
2021-04-07,6996672.0,111943.0,348468.0,234481.0,430592.0,235975.0,162043.0,715992.0,14505.0,3876.0,7185.0,17236.0,354.0,16875.0,32368.0,67712.0,2284.0
2021-04-08,11337712.0,458303.0,339343.0,419820.0,619537.0,213080.0,59533.0,1232867.0,99746.0,48534.0,69841.0,47494.0,14693.0,43685.0,23506.0,55598.0,6229.0
2021-04-09,6046526.0,58024.0,720153.0,474145.0,779324.0,664121.0,52402.0,371938.0,203281.0,48714.0,40087.0,6244.0,7123.0,53047.0,136562.0,64854.0,641.0
2021-04-12,3661122.0,153140.0,262877.0,76764.0,283652.0,90354.0,81966.0,96689.0,71705.0,41226.0,14219.0,45490.0,5865.0,18491.0,17061.0,95222.0,2073.0
2021-04-13,5259855.0,314514.0,657922.0,128580.0,204642.0,79043.0,109131.0,150414.0,68800.0,258.0,9169.0,163301.0,7961.0,117939.0,24729.0,29935.0,440.0
2021-04-15,2192639.0,182029.0,219217.0,292397.0,303877.0,152742.0,50003.0,85838.0,22436.0,38781.0,50827.0,40712.0,3588.0,22503.0,24456.0,221719.0,12466.0
2021-04-16,5415036.0,150257.0,946165.0,175614.0,475547.0,450473.0,71147.0,1310366.0,163619.0,426.0,11324.0,99821.0,3271.0,119407.0,85406.0,389581.0,11789.0
2021-04-19,2267381.0,108860.0,760963.0,70622.0,250451.0,271744.0,208507.0,715513.0,116352.0,13923.0,29571.0,66573.0,8652.0,15138.0,129206.0,308174.0,8790.0
2021-04-20,14066953.0,249407.0,653080.0,181656.0,861262.0,304189.0,558333.0,560643.0,255016.0,25626.0,9274.0,97074.0,5248.0,28197.0,304724.0,309863.0,75.0
2021-04-21,14922111.0,145833.0,874273.0,110095.0,707961.0,381164.0,16361.0,126031.0,120135.0,3210.0,32228.0,142490.0,3107.0,100479.0,281865.0,40355.0,2755.0
2021-04-22,3524786.0,166230.0,1092389.0,111651.0,780113.0,92327.0,175101.0,323908.0,71341.0,16296.0,9520.0,282100.0,2966.0,217226.0,86451.0,102181.0,2849.0
2021-04-23,5199199.0,166247.0,613906.0,88462.0,629907.0,99221.0,16294.0,1337616.0,72885.0,1494.0,11836.0,100230.0,3640.0,80879.0,64208.0,27127.0,190.0
2021-04-26,7838254.0,267840.0,0.0,134847.0,386542.0,217382.0,223593.0,219688.0,84319.0,0.0,4559.0,69537.0,5690.0,102600.0,39208.0,202658.0,3242.0
2021-04-27,7795390.0,832123.0,1301073.0,175993.0,407046.0,365190.0,209018.0,326084.0,594752.0,35844.0,12927.0,394908.0,13489.0,40365.0,120068.0,53262.0,2366.0
2021-04-28,9592224.0,989507.0,1402412.0,345499.0,464871.0,239872.0,483625.0,95049.0,81199.0,35844.0,12927.0,242288.0,3804.0,132372.0,97810.0,101269.0,105903.0
2021-04-29,6363904.0,1129954.0,418616.0,116345.0,556663.0,366032.0,66394.0,139760.0,29937.0,12075.0,3943.0,128827.0,1202.0,35143.0,34783.0,260093.0,3959.0
2021-04-30,33073566.0,377990.0,1608377.0,278776.0,636296.0,153082.0,190866.0,439635.0,70231.0,16185.0,10681.0,104214.0,1443.0,80849.0,115505.0,105066.0,3231.0
2021-05-03,9009088.0,171475.0,2069952.0,39831.0,638862.0,158686.0,164951.0,409227.0,140397.0,6000.0,6379.0,115716.0,2441.0,30588.0,79149.0,206107.0,1063.0
2021-05-04,5700811.0,434518.0,2109049.0,60730.0,726522.0,154383.0,199624.0,293672.0,247757.0,44748.0,4148.0,225263.0,1824.0,23552.0,137435.0,57644.0,2597.0
2021-05-05,10639359.0,353327.0,2281685.0,219983.0,720955.0,300592.0,89716.0,194721.0,50067.0,184845.0,542.0,62885.0,2784.0,56423.0,106231.0,116171.0,3302.0
2021-05-06,10639359.0,561720.0,2293073.0,334894.0,591212.0,226349.0,242992.0,381971.0,51690.0,61743.0,500.0,216296.0,575.0,58336.0,54534.0,62438.0,8276.0
2021-05-07,5011242.0,464213.0,1001282.0,523625.0,463198.0,191745.0,184624.0,530520.0,137900.0,547272.0,2368.0,80862.0,5080.0,39281.0,42240.0,56194.0,8276.0
2021-05-10,9735462.0,185075.0,976222.0,338403.0,659518.0,198772.0,304144.0,370462.0,83589.0,112092.0,4776.0,101248.0,4929.0,87364.0,51321.0,10413.0,3384.0
2021-05-11,6642099.0,387993.0,1057804.0,171774.0,734757.0,195052.0,304144.0,263417.0,121348.0,35562.0,7623.0,28330.0,7050.0,82030.0,68570.0,34081.0,1677.0
2021-05-12,11853518.0,577427.0,2118963.0,1313775.0,395199.0,168478.0,239447.0,696192.0,89923.0,24246.0,15026.0,139031.0,9051.0,36670.0,71503.0,91885.0,27164.0
2021-05-13,5126794.0,278662.0,492667.0,645004.0,357466.0,114848.0,56392.0,146432.0,14103.0,12600.0,1121.0,127563.0,2953.0,48888.0,81090.0,165825.0,1583.0
2021-05-14,8700156.0,279972.0,1027144.0,234744.0,438290.0,180392.0,89233.0,308674.0,82774.0,12318.0,10701.0,61636.0,10744.0,32447.0,224242.0,86307.0,17209.0
2021-05-18,6444461.0,167465.0,325553.0,119842.0,773090.0,207551.0,57018.0,357967.0,22562.0,26172.0,4555.0,24239.0,3533.0,76734.0,132365.0,13207.0,159.0
2021-05-19,10008144.0,224941.0,1194631.0,117662.0,736104.0,132975.0,52754.0,187646.0,114235.0,2658.0,9027.0,113519.0,1410.0,120545.0,398063.0,6699.0,1161.0
2021-05-20,6535738.0,456504.0,2143805.0,235493.0,691245.0,245582.0,452074.0,1163233.0,77058.0,22242.0,2357.0,217998.0,3648.0,32816.0,194843.0,51582.0,548.0
2021-05-21,7898337.0,871591.0,1160209.0,330313.0,450646.0,372425.0,337560.0,1220775.0,241614.0,450.0,3317.0,40724.0,39537.0,49398.0,220365.0,67061.0,39.0
2021-05-24,3220281.0,205854.0,1005894.0,123030.0,180709.0,89565.0,46521.0,117260.0,50673.0,19014.0,5382.0,120173.0,9280.0,34882.0,36893.0,104357.0,121.0
2021-05-25,6167530.0,356539.0,1269074.0,118854.0,284937.0,160936.0,188749.0,657640.0,181817.0,19812.0,33892.0,166494.0,29923.0,94793.0,53947.0,68845.0,253.0
2021-05-26,1703125.0,209731.0,745745.0,47347.0,161200.0,140786.0,181566.0,310912.0,769206.0,58764.0,22136.0,155044.0,15267.0,71214.0,67138.0,86253.0,14621.0
2021-05-27,23711641.0,4155246.0,11762844.0,3852097.0,4011002.0,805608.0,1002842.0,2382934.0,4537656.0,236040.0,2436378.0,1594011.0,1589188.0,269037.0,1057906.0,1027570.0,122650.0
2021-05-28,6988095.0,479263.0,8297221.0,339141.0,874581.0,305367.0,534348.0,1049863.0,200139.0,7944.0,861042.0,1627126.0,17327.0,61331.0,536783.0,1129382.0,187147.0
2021-05-31,3704266.0,205833.0,284754.0,257448.0,194570.0,103061.0,23152.0,104066.0,60968.0,252.0,117791.0,1829.0,3904.0,12276.0,16698.0,38223.0,25689.0
2021-06-01,4841267.0,260083.0,907501.0,118936.0,248345.0,257583.0,193309.0,732579.0,75193.0,252.0,88547.0,614321.0,8580.0,18855.0,38632.0,88835.0,94.0
2021-06-02,6774011.0,460446.0,2179418.0,220903.0,525628.0,341352.0,270236.0,764462.0,200436.0,22689.0,1872.0,20472.0,16054.0,87746.0,40004.0,205474.0,2760.0
2021-06-03,4383687.0,958371.0,1026889.0,97545.0,228000.0,165831.0,113747.0,242815.0,112776.0,5067.0,1872.0,73779.0,10381.0,123932.0,30130.0,53957.0,278.0
2021-06-04,4948889.0,178422.0,642285.0,56534.0,463891.0,212957.0,115000.0,237287.0,90136.0,7200.0,19989.0,80134.0,7075.0,42588.0,140714.0,22920.0,1630.0
2021-06-08,5233325.0,196427.0,437620.0,184662.0,502861.0,188972.0,112220.0,123590.0,91622.0,516.0,11516.0,228363.0,3862.0,43120.0,4773.0,29975.0,8564.0
2021-06-09,6410795.0,229599.0,4644982.0,406671.0,654461.0,145657.0,46602.0,243963.0,209296.0,14820.0,8890.0,256615.0,172800.0,32096.0,26595.0,104077.0,16205.0
2021-06-10,6954690.0,364586.0,560352.0,182972.0,231320.0,82750.0,30447.0,78313.0,59198.0,14820.0,9681.0,35181.0,1039.0,107859.0,14694.0,26653.0,9863.0
2021-06-11,2198754.0,180876.0,443786.0,284573.0,179294.0,199638.0,94633.0,297739.0,68305.0,21735.0,11303.0,148607.0,2747.0,55904.0,13541.0,99614.0,3326.0
2021-06-15,12097174.0,276919.0,723993.0,220509.0,423467.0,108879.0,23421.0,741460.0,50557.0,30435.0,3667.0,6685.0,1738.0,57249.0,63062.0,21822.0,11771.0
2021-06-16,5183658.0,145876.0,246375.0,31832.0,199249.0,331783.0,116602.0,283926.0,138964.0,30435.0,15775.0,310298.0,1068.0,31960.0,60148.0,277492.0,4960.0
2021-06-17,4533111.0,171056.0,23961.0,88601.0,342596.0,172421.0,37954.0,57079.0,95777.0,6393.0,51319.0,213708.0,3184.0,23647.0,1073.0,1052070.0,271.0
2021-06-18,13496476.0,710180.0,3424187.0,408926.0,835365.0,667591.0,304788.0,686234.0,69443.0,33882.0,38576.0,63597.0,9166.0,66129.0,251421.0,52549.0,70.0
2021-06-21,12336283.0,310903.0,198789.0,87476.0,323011.0,142648.0,111937.0,191277.0,63965.0,0.0,63398.0,50213.0,32150.0,42291.0,117766.0,34853.0,861.0
2021-06-22,7765307.0,319491.0,748948.0,53245.0,476589.0,491957.0,43330.0,97919.0,67398.0,0.0,247346.0,159368.0,4027.0,214203.0,128286.0,24127.0,2095.0
2021-06-23,8200864.0,259177.0,1101202.0,82119.0,234667.0,111477.0,50665.0,559786.0,74086.0,13980.0,44421.0,237627.0,4073.0,123070.0,98156.0,57255.0,1419.0
2021-06-24,22177460.0,511182.0,1432860.0,77794.0,641814.0,286131.0,511820.0,1072605.0,579824.0,170082.0,93758.0,135963.0,9527.0,25254.0,68988.0,62143.0,5508.0
2021-06-25,7662470.0,122558.0,768497.0,183958.0,305128.0,122920.0,122368.0,779724.0,65154.0,236535.0,2087.0,73165.0,5079.0,2846.0,38028.0,85682.0,3190.0
2021-06-28,7146398.0,86384.0,154586.0,118711.0,449706.0,107964.0,54957.0,326834.0,62101.0,29577.0,52637.0,31785.0,2347.0,9958.0,30961.0,10138.0,3039.0
2021-06-29,3165714.0,186281.0,1710618.0,85255.0,602022.0,291719.0,94444.0,317731.0,76082.0,25185.0,6.0,134869.0,6108.0,12476.0,84041.0,36411.0,1957.0
2021-06-30,5484442.0,330166.0,839532.0,275899.0,414684.0,337967.0,203678.0,589876.0,81615.0,60927.0,19458.0,87339.0,1060.0,70042.0,158367.0,32014.0,616.0
2021-07-01,7286301.0,307738.0,556975.0,186550.0,313555.0,231878.0,125659.0,186929.0,130283.0,6900.0,9351.0,292775.0,4252.0,36175.0,60526.0,34649.0,5152.0
2021-07-02,4169352.0,167423.0,450564.0,163660.0,375673.0,399346.0,175875.0,450477.0,62553.0,1950.0,21778.0,24570.0,2340.0,13081.0,35332.0,40355.0,603.0
2021-07-06,8427012.0,58077.0,179486.0,69027.0,429293.0,279344.0,91593.0,253472.0,77315.0,48510.0,35515.0,33384.0,10342.0,21643.0,405616.0,21432.0,3649.0
2021-07-07,5504496.0,144290.0,520351.0,73510.0,705895.0,159949.0,143464.0,850494.0,96616.0,834.0,18019.0,133326.0,12294.0,16227.0,102032.0,19567.0,4360.0
2021-07-08,9243599.0,559851.0,970222.0,192883.0,460443.0,214439.0,112858.0,840005.0,109971.0,892707.0,18287.0,307025.0,4689.0,59412.0,164792.0,70967.0,17473.0
2021-07-09,4282806.0,467343.0,1298780.0,275817.0,768240.0,207120.0,196612.0,819248.0,140783.0,12510.0,11560.0,36071.0,1762.0,35071.0,92189.0,36705.0,3645.0
2021-07-12,5325467.0,48831.0,55027.0,286248.0,241849.0,115134.0,0.0,0.0,0.0,2679.0,6250.0,0.0,0.0,58748.0,0.0,17791.0,0.0
2021-07-13,5483532.0,157188.0,365771.0,61072.0,154886.0,188204.0,304399.0,169870.0,331331.0,6033.0,742.0,3520.0,6354.0,4940.0,38272.0,45640.0,39901.0
2021-07-14,9931511.0,265324.0,204845.0,71801.0,220030.0,149905.0,168303.0,973147.0,74262.0,3300.0,114.0,18409.0,6421.0,16866.0,271.0,28461.0,87.0
2021-07-15,18393886.0,93000.0,425151.0,123305.0,234970.0,118973.0,44659.0,658990.0,32991.0,33.0,645.0,19987.0,140.0,17081.0,14687.0,217563.0,12073.0
2021-07-16,11464922.0,45744.0,1235450.0,92615.0,161480.0,94666.0,27029.0,272065.0,9992.0,33.0,1997.0,77607.0,1548.0,7983.0,303809.0,12770.0,26950.0
2021-07-19,13624527.0,652815.0,1109920.0,80393.0,116072.0,140383.0,45345.0,38218.0,14943.0,10098.0,16360.0,68950.0,2497.0,6731.0,4229.0,76019.0,16772.0
2021-07-21,9624067.0,383085.0,900150.0,226018.0,688796.0,237867.0,75333.0,406606.0,172315.0,74997.0,10452.0,191916.0,6019.0,790876.0,100108.0,17664.0,19583.0
2021-07-22,3372672.0,44763.0,138973.0,1266004.0,578941.0,226172.0,35546.0,392811.0,22196.0,21372.0,298.0,98360.0,2028.0,18790.0,18437.0,7762.0,13504.0
2021-07-23,4656611.0,25998.0,295755.0,735548.0,669156.0,60833.0,16000.0,1546911.0,49664.0,12471.0,203.0,36883.0,796.0,2797.0,28591.0,84849.0,10564.0
2021-07-26,3486441.0,89539.0,304068.0,646167.0,583587.0,94186.0,17218.0,547399.0,54163.0,2259.0,6500.0,151824.0,3299.0,106644.0,60062.0,56574.0,3872.0
2021-07-27,3549917.0,130541.0,496055.0,456099.0,683360.0,418939.0,20791.0,1810387.0,93552.0,2259.0,4949.0,592100.0,10556.0,23214.0,261232.0,75514.0,258.0
2021-07-28,3603332.0,124631.0,307972.0,61351.0,300733.0,174109.0,71783.0,773979.0,31295.0,110481.0,6358.0,32322.0,4603.0,16178.0,272708.0,159726.0,6623.0
2021-07-29,4509669.0,90672.0,90309.0,59220.0,409269.0,370972.0,171883.0,116426.0,79550.0,6294.0,4099.0,35702.0,247.0,72396.0,18638.0,89731.0,9890.0
2021-07-30,4253278.0,125682.0,270682.0,123511.0,209439.0,144004.0,65998.0,164556.0,26089.0,1767.0,15018.0,41450.0,3669.0,14502.0,40027.0,53615.0,5783.0
2021-08-02,7127962.0,144689.0,967667.0,49728.0,237078.0,158551.0,83241.0,150069.0,211304.0,0.0,48472.0,64420.0,11388.0,123603.0,176933.0,83502.0,56652.0
2021-08-03,6638848.0,126336.0,350512.0,143401.0,205986.0,75984.0,75538.0,1189977.0,52893.0,4458.0,4784.0,6879.0,8035.0,20405.0,11544.0,10963.0,5842.0
2021-08-04,7124338.0,166105.0,953524.0,149117.0,327752.0,114409.0,40627.0,75955.0,54381.0,4296.0,30236.0,43459.0,5617.0,140807.0,146085.0,147172.0,40177.0
2021-08-05,5401185.0,82880.0,378571.0,53999.0,330760.0,168020.0,30788.0,590622.0,59815.0,4296.0,4766.0,148746.0,1252.0,14725.0,20097.0,49196.0,5092.0
2021-08-06,6271514.0,87637.0,268254.0,66022.0,664004.0,153366.0,67537.0,61525.0,48881.0,3585.0,2563.0,912.0,1744.0,26558.0,1842.0,79882.0,20532.0
2021-08-09,2652671.0,100548.0,1062094.0,39153.0,306013.0,47935.0,46641.0,57182.0,21055.0,0.0,959.0,21800.0,467.0,10270.0,16973.0,22301.0,14069.0
2021-08-10,3192339.0,167375.0,312862.0,59260.0,306296.0,100581.0,20740.0,1262139.0,82504.0,0.0,1735.0,152193.0,4757.0,9270.0,49756.0,3461.0,33374.0
2021-08-11,4483199.0,225470.0,798800.0,118053.0,472947.0,283280.0,43630.0,272695.0,46530.0,0.0,2086.0,45582.0,836.0,275772.0,70813.0,23234.0,5338.0
2021-08-12,14421133.0,466199.0,292372.0,380247.0,1481648.0,408553.0,295909.0,499718.0,296622.0,3528.0,2365.0,77746.0,1655.0,483124.0,240248.0,95097.0,322.0
2021-08-13,10136567.0,297490.0,978090.0,137335.0,939718.0,268551.0,295909.0,611394.0,73775.0,3528.0,102861.0,64599.0,4828.0,83336.0,235139.0,5590.0,2979.0
2021-08-17,16809775.0,379341.0,2319814.0,204867.0,774475.0,208168.0,172185.0,765343.0,188736.0,0.0,28859.0,484414.0,4613.0,57326.0,83979.0,49297.0,19520.0
2021-08-18,19940777.0,793451.0,1726430.0,333156.0,1198800.0,494008.0,338373.0,529644.0,110298.0,6000.0,56134.0,374832.0,4774.0,256178.0,117831.0,229453.0,125102.0
2021-08-19,26281811.0,809559.0,941949.0,217356.0,975322.0,272017.0,207747.0,644400.0,139665.0,531.0,43321.0,108945.0,8414.0,78391.0,53875.0,140473.0,9685.0
2021-08-20,8752103.0,438647.0,1139772.0,125768.0,558862.0,279491.0,219907.0,217557.0,72183.0,15429.0,11781.0,455399.0,8656.0,16457.0,24858.0,22169.0,15536.0
2021-08-23,13498886.0,481402.0,2032748.0,97134.0,414945.0,241336.0,114491.0,961221.0,64842.0,16746.0,11652.0,120955.0,4086.0,807154.0,232646.0,64141.0,48059.0
2021-08-24,7433555.0,238522.0,1752093.0,84841.0,365791.0,385900.0,115582.0,141687.0,32292.0,16746.0,1449.0,34060.0,4333.0,72219.0,21506.0,91715.0,42293.0
2021-08-25,5720906.0,318502.0,434022.0,86245.0,489314.0,214660.0,188449.0,442365.0,55828.0,0.0,13095.0,83501.0,5406.0,528396.0,23472.0,132212.0,2724.0
2021-08-26,4769304.0,142717.0,219398.0,51144.0,712370.0,143880.0,45620.0,119516.0,39655.0,96300.0,71227.0,55373.0,1367.0,29800.0,168472.0,302602.0,18477.0
2021-08-27,3745459.0,142717.0,929896.0,83526.0,257084.0,228848.0,70595.0,187106.0,74178.0,17334.0,32606.0,81180.0,1431.0,37985.0,39892.0,134180.0,7547.0
2021-08-30,6052363.0,68761.0,409113.0,120379.0,327618.0,256638.0,229875.0,340350.0,99601.0,252.0,4447.0,49007.0,2358.0,9556.0,23099.0,115391.0,3084.0
2021-08-31,13546721.0,949567.0,1118632.0,511411.0,1061288.0,536191.0,481240.0,925246.0,80654.0,19518.0,7404.0,369665.0,13843.0,38126.0,346986.0,119859.0,14668.0
2021-09-01,5798273.0,163736.0,699182.0,144656.0,465016.0,328029.0,91813.0,270619.0,143320.0,23625.0,41847.0,31477.0,1586.0,47969.0,24839.0,133074.0,8680.0
2021-09-02,7577854.0,102603.0,929166.0,74489.0,475527.0,206396.0,350060.0,170305.0,89641.0,4953.0,25014.0,58188.0,3512.0,27895.0,8692.0,32951.0,70285.0
2021-09-03,4592535.0,2065435.0,1621690.0,36750.0,1212195.0,121289.0,18840.0,378280.0,24287.0,4953.0,5882.0,5001.0,3036.0,540705.0,4482.0,46602.0,12740.0
2021-09-06,460789.0,100266.0,92747.0,19912.0,80667.0,26609.0,44804.0,136257.0,43958.0,12240.0,95.0,21160.0,2204.0,7774.0,19804.0,21807.0,125.0
2021-09-07,5045330.0,210589.0,404864.0,18922.0,200596.0,97141.0,87387.0,153263.0,55733.0,132885.0,3806.0,41845.0,1174.0,39877.0,26892.0,16718.0,29243.0
2021-09-08,9486900.0,217141.0,379809.0,174187.0,379038.0,204681.0,48587.0,141972.0,129708.0,2355.0,22372.0,41784.0,1644.0,77290.0,12202.0,9730.0,1611.0
2021-09-09,7113355.0,146595.0,973212.0,59490.0,486449.0,294720.0,88200.0,555653.0,79100.0,2565.0,87309.0,112618.0,7651.0,165450.0,194316.0,11425.0,785.0
2021-09-10,8577128.0,143841.0,2085807.0,16942.0,814563.0,148000.0,69267.0,87608.0,71775.0,13323.0,6650.0,56305.0,2400.0,14531.0,318341.0,33050.0,4439.0
2021-09-13,3619237.0,112516.0,277060.0,72133.0,441635.0,259612.0,169019.0,345204.0,99665.0,1050.0,9525.0,6069.0,8814.0,78377.0,97429.0,88424.0,6770.0
2021-09-14,10547815.0,439951.0,691684.0,68796.0,487878.0,72264.0,550241.0,867596.0,390412.0,2286.0,144.0,270838.0,3260.0,429266.0,380714.0,23416.0,35.0
2021-09-15,9324577.0,231826.0,1114605.0,156197.0,417725.0,185556.0,754851.0,1038155.0,99626.0,30843.0,6266.0,419274.0,13202.0,242931.0,52625.0,47808.0,3268.0
2021-09-16,8998709.0,475065.0,256725.0,85609.0,130823.0,259726.0,663022.0,571641.0,199860.0,106446.0,106250.0,429920.0,28850.0,348669.0,86167.0,226388.0,340.0
2021-09-17,32807519.0,3267956.0,2553165.0,1007758.0,2173913.0,1518537.0,1102720.0,1273664.0,240138.0,350598.0,106250.0,918011.0,39661.0,1824857.0,443266.0,124131.0,7216.0
2021-09-20,10274992.0,59495.0,1184758.0,69094.0,276644.0,51385.0,115998.0,101145.0,53497.0,6030.0,18137.0,259497.0,42321.0,129838.0,82462.0,255699.0,3392.0
2021-09-21,6917834.0,157642.0,58535.0,322398.0,494233.0,88552.0,52419.0,298622.0,254308.0,13800.0,8735.0,164168.0,10.0,430169.0,52528.0,153693.0,4486.0
2021-09-22,5159582.0,83330.0,446720.0,86912.0,396902.0,246532.0,95901.0,520737.0,61221.0,1314.0,7708.0,70367.0,3072.0,181676.0,653425.0,153446.0,3553.0
2021-09-23,3826854.0,87345.0,598544.0,132318.0,308126.0,263135.0,134354.0,395646.0,55554.0,11424.0,3261.0,142342.0,45.0,103906.0,252764.0,79980.0,8632.0
2021-09-24,3225890.0,134024.0,261438.0,56371.0,281120.0,94686.0,71824.0,289516.0,49443.0,11424.0,12.0,25946.0,143.0,105222.0,13927.0,83859.0,14627.0
2021-09-27,24689828.0,113732.0,1270984.0,248701.0,1452415.0,267672.0,228578.0,372597.0,329290.0,7083.0,11379.0,80475.0,11026.0,192689.0,158011.0,33182.0,8025.0
2021-09-28,14934689.0,418362.0,2086087.0,170645.0,719238.0,398341.0,382567.0,355386.0,151632.0,7083.0,29779.0,69529.0,1593.0,322799.0,56878.0,32349.0,25111.0
2021-09-29,6867408.0,100235.0,876146.0,100531.0,582918.0,290731.0,265960.0,445446.0,576897.0,0.0,20861.0,117065.0,7275.0,74902.0,105160.0,73544.0,29993.0
2021-09-30,9121455.0,253269.0,2663856.0,126963.0,339674.0,280466.0,87040.0,334683.0,54930.0,167376.0,12924.0,47741.0,4033.0,127684.0,196800.0,102931.0,16228.0
2021-10-01,12980976.0,209845.0,712209.0,74761.0,710124.0,280083.0,474017.0,161428.0,345675.0,9033.0,5465.0,16484.0,2599.0,492983.0,87140.0,56712.0,6118.0
2021-10-04,13932200.0,473160.0,844645.0,76066.0,457963.0,201854.0,199704.0,174482.0,171271.0,159936.0,5981.0,86123.0,25427.0,113989.0,50487.0,158873.0,10669.0
2021-10-05,13280293.0,350210.0,4026866.0,36961.0,781395.0,328510.0,593319.0,1460643.0,277120.0,241119.0,171461.0,77130.0,73792.0,369931.0,51622.0,131648.0,38923.0
2021-10-06,7350961.0,221367.0,843570.0,110698.0,675141.0,152219.0,451237.0,901289.0,66675.0,109821.0,33370.0,165560.0,11772.0,97261.0,45906.0,84457.0,639998.0
2021-10-07,15713380.0,439569.0,664787.0,184610.0,1192420.0,154254.0,1042006.0,800889.0,422602.0,495726.0,78018.0,157306.0,2718.0,149470.0,35668.0,88130.0,44975.0
2021-10-08,8837314.0,181562.0,719981.0,94030.0,213301.0,137633.0,248476.0,217531.0,50720.0,19773.0,37625.0,86159.0,1918.0,121625.0,24926.0,22147.0,18060.0
2021-10-11,6445357.0,183170.0,1878647.0,41489.0,364965.0,213664.0,578252.0,440335.0,60105.0,26943.0,107828.0,274235.0,22270.0,84777.0,52945.0,61928.0,42545.0
2021-10-12,5264251.0,93242.0,913083.0,58064.0,376043.0,173375.0,220154.0,377308.0,64068.0,40950.0,1749.0,21358.0,2931.0,103522.0,33629.0,53552.0,17554.0
2021-10-13,8213428.0,168842.0,105365.0,111142.0,614065.0,147218.0,531269.0,1414053.0,56550.0,40950.0,9262.0,443175.0,1.0,237123.0,61871.0,101418.0,1316.0
2021-10-14,8191706.0,133058.0,910884.0,227152.0,795643.0,135281.0,1116265.0,415411.0,451510.0,33423.0,57601.0,528249.0,10887.0,44829.0,252772.0,126338.0,17032.0
2021-10-15,6910787.0,215473.0,345149.0,298462.0,364211.0,255327.0,256510.0,189668.0,66717.0,17475.0,12911.0,210537.0,5551.0,47846.0,37490.0,29102.0,9188.0
2021-10-19,6660039.0,223637.0,461852.0,89838.0,530896.0,369167.0,612311.0,322781.0,421819.0,7992.0,27964.0,105982.0,616.0,13605.0,56917.0,38420.0,17248.0
2021-10-20,3977754.0,337893.0,319869.0,69475.0,255504.0,161885.0,209538.0,339720.0,101660.0,8550.0,70628.0,95246.0,10529.0,59055.0,23156.0,21997.0,8545.0
2021-10-21,8166633.0,81915.0,322216.0,115180.0,541026.0,107853.0,123492.0,1083048.0,141470.0,47076.0,1993.0,61065.0,722.0,23828.0,24098.0,1887.0,9923.0
2021-10-22,5456653.0,151320.0,1350535.0,52734.0,320735.0,85306.0,58230.0,172959.0,40830.0,771.0,8854.0,76798.0,3261.0,36385.0,24230.0,152587.0,1654.0
2021-10-25,6206129.0,880418.0,761062.0,59084.0,308378.0,64726.0,57376.0,177805.0,246644.0,43140.0,2140.0,22585.0,21628.0,104034.0,24282.0,61877.0,3607.0
2021-10-26,9554915.0,386388.0,1661957.0,140736.0,890291.0,244116.0,214248.0,387812.0,48920.0,77100.0,12579.0,76135.0,13349.0,356256.0,186252.0,294280.0,5951.0
2021-10-27,11161810.0,336583.0,560878.0,117569.0,626427.0,171116.0,248707.0,104504.0,22022.0,114921.0,21361.0,54362.0,4000.0,291555.0,157889.0,57690.0,7742.0
2021-10-28,6982868.0,274989.0,1254624.0,91757.0,671742.0,417942.0,148147.0,619807.0,154645.0,39660.0,31849.0,126176.0,14801.0,50939.0,22897.0,114001.0,26642.0
2021-10-29,14648307.0,227863.0,626056.0,243681.0,1134236.0,322145.0,113668.0,220987.0,130404.0,67563.0,7723.0,37217.0,2085.0,98995.0,19076.0,14804.0,5393.0
2021-11-02,6747707.0,552155.0,1805468.0,113484.0,379774.0,188223.0,151069.0,402930.0,249863.0,10965.0,28775.0,188136.0,17787.0,196633.0,55678.0,37564.0,45217.0
2021-11-03,8941835.0,603171.0,1724855.0,142303.0,767687.0,313145.0,176979.0,385369.0,82085.0,30066.0,14855.0,36661.0,2115.0,109055.0,166228.0,64036.0,10027.0
2021-11-04,9498288.0,195110.0,2197131.0,78985.0,360349.0,281722.0,156211.0,714075.0,50854.0,50748.0,5227.0,43303.0,1473.0,88440.0,28421.0,53477.0,4482.0
2021-11-05,4637018.0,153697.0,1731315.0,116076.0,559068.0,41468.0,70960.0,1073895.0,71498.0,21243.0,5848.0,82224.0,9874.0,29055.0,32313.0,5546.0,9665.0
2021-11-08,5640906.0,107391.0,640336.0,97065.0,332452.0,204426.0,42838.0,155053.0,50433.0,101490.0,11856.0,77964.0,2772.0,20447.0,28328.0,82683.0,20361.0
2021-11-09,6463581.0,289517.0,1031818.0,197101.0,619136.0,376270.0,165265.0,483145.0,129479.0,34239.0,7808.0,93497.0,4241.0,101596.0,36318.0,246891.0,27655.0
2021-11-10,12135058.0,253991.0,1265137.0,53998.0,563379.0,362053.0,193440.0,963774.0,84756.0,12276.0,14675.0,3096010.0,3586.0,100428.0,17532.0,101812.0,18689.0
2021-11-11,4441965.0,130713.0,276295.0,125731.0,662837.0,1364105.0,236978.0,914448.0,84756.0,11916.0,19397.0,145038.0,587.0,96660.0,21308.0,64802.0,23619.0
2021-11-12,4057950.0,392139.0,273970.0,33624.0,489365.0,1058969.0,161112.0,163022.0,0.0,61416.0,10896.0,29388.0,554.0,40429.0,13307.0,478239.0,4215.0
2021-11-16,5613888.0,237602.0,1113703.0,82534.0,394898.0,159288.0,48604.0,70617.0,0.0,62535.0,6593.0,80042.0,1832.0,140870.0,117638.0,236565.0,12487.0
2021-11-17,6306844.0,206300.0,322844.0,859657.0,1133474.0,373617.0,143428.0,71842.0,0.0,23688.0,5978.0,473980.0,9512.0,108465.0,188559.0,120038.0,2267.0
2021-11-18,8222251.0,436986.0,573150.0,137326.0,525309.0,125406.0,122223.0,67375.0,0.0,5796.0,29180.0,28707.0,3810.0,25560.0,37913.0,376030.0,1737.0
2021-11-19,9313395.0,242065.0,1097109.0,59504.0,455214.0,236359.0,148534.0,746347.0,0.0,48297.0,12450.0,41310.0,1592.0,41816.0,32387.0,1410892.0,20884.0
2021-11-22,4203864.0,95406.0,990643.0,52026.0,297034.0,220127.0,253976.0,122607.0,730800.0,8667.0,3404.0,111540.0,10473.0,15341.0,37757.0,325227.0,6923.0
2021-11-23,3979993.0,360548.0,704929.0,26332.0,379463.0,124476.0,67362.0,567560.0,206509.0,855.0,249.0,9203.0,4480.0,43071.0,17203.0,144564.0,1679.0
2021-11-24,1700213.0,266428.0,349197.0,30213.0,373129.0,357410.0,193632.0,972863.0,392828.0,6063.0,9104.0,47869.0,3860.0,18760.0,18754.0,316556.0,7141.0
2021-11-25,624426.0,141165.0,273877.0,69408.0,192299.0,767094.0,156721.0,76919.0,157301.0,690.0,708.0,141298.0,2865.0,46816.0,31596.0,141700.0,6476.0
2021-11-26,11299503.0,292657.0,565183.0,91204.0,524257.0,525583.0,1042099.0,288611.0,357623.0,39630.0,15536.0,106865.0,1745.0,48288.0,13726.0,507949.0,12319.0
2021-11-29,19034738.0,484279.0,1028582.0,247784.0,845923.0,1672680.0,676967.0,81246.0,543892.0,8586.0,8794.0,415187.0,7511.0,99909.0,110657.0,313814.0,5918.0
2021-11-30,23596991.0,2925365.0,2112077.0,669008.0,1890304.0,3047007.0,944694.0,1581472.0,407214.0,66984.0,85973.0,267678.0,23073.0,535924.0,144796.0,131492.0,31262.0
2021-12-01,9450523.0,690382.0,689678.0,1127440.0,1605379.0,3047007.0,2913944.0,837446.0,398407.0,257619.0,53409.0,526071.0,22393.0,68610.0,214369.0,386228.0,124424.0
2021-12-02,6131027.0,460966.0,1070659.0,446521.0,1085440.0,0.0,1638310.0,906716.0,129028.0,59514.0,1105.0,221248.0,10955.0,30494.0,51870.0,69622.0,10211.0
2021-12-03,10709235.0,261620.0,538113.0,216790.0,991814.0,0.0,354874.0,526066.0,157966.0,9285.0,12325.0,212245.0,4228.0,61886.0,56598.0,143967.0,27770.0
2021-12-06,3074555.0,185726.0,305288.0,183638.0,396964.0,0.0,678420.0,332153.0,355259.0,112932.0,7470.0,54463.0,3042.0,53508.0,42781.0,82675.0,18315.0
2021-12-07,3416560.0,240218.0,257683.0,399598.0,638430.0,0.0,618689.0,883229.0,638317.0,19023.0,45456.0,30782.0,4283.0,61264.0,116318.0,90065.0,29740.0
2021-12-09,3482371.0,226161.0,417373.0,152735.0,538796.0,0.0,0.0,251879.0,727735.0,37095.0,6722.0,51341.0,11259.0,39414.0,51727.0,109652.0,42973.0
2021-12-10,3069361.0,208350.0,535784.0,50064.0,194619.0,0.0,246186.0,184591.0,339645.0,2610.0,8369.0,38676.0,3447.0,14480.0,14114.0,36909.0,4558.0
2021-12-13,2947731.0,409135.0,499439.0,49126.0,447433.0,0.0,108668.0,162844.0,120914.0,14739.0,5448.0,42552.0,8239.0,33961.0,38772.0,44443.0,28412.0
2021-12-14,2719016.0,121018.0,179110.0,102225.0,176358.0,0.0,201267.0,611141.0,576064.0,5565.0,7363.0,25566.0,211.0,22651.0,145918.0,61618.0,7124.0
2021-12-15,1950102.0,208443.0,351361.0,47246.0,651578.0,0.0,87468.0,299783.0,192689.0,1500.0,3332.0,17241.0,6823.0,11229.0,97196.0,17658.0,9403.0
2021-12-16,8036244.0,148660.0,1338671.0,159399.0,450188.0,0.0,247730.0,395276.0,846598.0,15477.0,14550.0,87848.0,9267.0,75960.0,124469.0,26750.0,35736.0
2021-12-17,14456509.0,1306795.0,2814084.0,618986.0,1405789.0,1634687.0,243379.0,660541.0,228089.0,74427.0,184221.0,188959.0,27341.0,159146.0,356698.0,88753.0,5915.0
2021-12-20,8685943.0,159494.0,532147.0,101610.0,266040.0,666138.0,173756.0,569957.0,161675.0,2400.0,25314.0,253324.0,4632.0,31211.0,245078.0,164012.0,13213.0
2021-12-21,3217651.0,64529.0,444373.0,264249.0,511568.0,484279.0,140148.0,188335.0,64218.0,834.0,18368.0,31152.0,10140.0,25755.0,31582.0,80753.0,32546.0
2021-12-22,2600757.0,87514.0,508857.0,76054.0,237839.0,247096.0,97220.0,120037.0,50279.0,10224.0,45418.0,166678.0,12345.0,19858.0,51476.0,60510.0,2744.0
2021-12-23,1044193.0,672849.0,303795.0,107979.0,152796.0,322149.0,36776.0,165902.0,79527.0,12996.0,31298.0,9338.0,6363.0,9514.0,28339.0,20568.0,106650.0
2021-12-24,103836.0,25557.0,17671.0,12961.0,12155.0,84665.0,10683.0,15114.0,5196.0,52869.0,480.0,2700.0,4.0,3919.0,634.0,1668.0,10652.0
2021-12-27,1568017.0,240750.0,166281.0,7806.0,69868.0,175852.0,14276.0,35163.0,15169.0,21456.0,4831.0,29212.0,5074.0,12177.0,24753.0,15696.0,23151.0
2021-12-28,1882670.0,76426.0,118649.0,34645.0,114171.0,475841.0,64032.0,123866.0,257953.0,20523.0,5677.0,47427.0,1108.0,12484.0,105008.0,16329.0,37186.0
2021-12-29,1240317.0,60299.0,113310.0,46846.0,115524.0,168334.0,24412.0,59137.0,64862.0,20523.0,11806.0,13780.0,3161.0,682.0,86973.0,9775.0,34307.0
2021-12-30,1872967.0,59060.0,214100.0,44945.0,154896.0,335547.0,49814.0,73402.0,40068.0,552.0,2529.0,19143.0,990.0,2971.0,5694.0,39188.0,35834.0
2022-01-03,1485217.0,35991.0,153596.0,8348.0,138577.0,154716.0,18802.0,74298.0,26410.0,0.0,5219.0,18530.0,118.0,11989.0,11094.0,15466.0,21177.0
2022-01-04,1835536.0,47146.0,77867.0,34987.0,139342.0,299898.0,9777.0,145173.0,72315.0,9297.0,6185.0,31766.0,1822.0,18739.0,4202.0,14551.0,18755.0
2022-01-05,3494795.0,291116.0,53562.0,31620.0,308068.0,599012.0,55164.0,398927.0,345685.0,81717.0,16619.0,18459.0,186.0,26671.0,87338.0,38086.0,29196.0
2022-01-06,2915271.0,195018.0,619564.0,53670.0,442994.0,785568.0,156230.0,124266.0,224237.0,29961.0,10957.0,18212.0,2790.0,4799.0,15286.0,79146.0,42964.0
2022-01-07,1891873.0,137339.0,348388.0,25317.0,191869.0,212202.0,229003.0,419373.0,959736.0,29961.0,4725.0,137055.0,654.0,10252.0,18536.0,24619.0,3606.0
2022-01-11,5376506.0,252133.0,69977.0,133625.0,696577.0,214427.0,109600.0,108514.0,111238.0,0.0,1384.0,20510.0,9494.0,9313.0,8007.0,24656.0,30954.0
2022-01-12,6445367.0,238890.0,680860.0,288535.0,775907.0,90637.0,564952.0,306083.0,38688.0,4857.0,40320.0,185681.0,4959.0,23865.0,38150.0,59201.0,48765.0
2022-01-13,12694470.0,644200.0,1464830.0,494868.0,1518636.0,161476.0,624917.0,258006.0,69482.0,4275.0,40579.0,275099.0,5476.0,55607.0,88978.0,142790.0,41048.0
2022-01-14,16307521.0,866718.0,5903660.0,950324.0,2031444.0,123120494.0,758043.0,1243985.0,119189.0,10845.0,61660.0,393979.0,28733.0,144581.0,91543.0,111014.0,27831.0
2022-01-20,8401319.0,145424.0,1481061.0,129712.0,824434.0,0.0,614823.0,705283.0,0.0,71592.0,232014.0,177397.0,23293.0,122568.0,58708.0,290039.0,88623.0
2022-01-21,13863443.0,255820.0,1431516.0,530934.0,765873.0,0.0,444021.0,499729.0,0.0,71592.0,33371.0,593955.0,30216.0,44846.0,60724.0,117639.0,32126.0
2022-01-24,13372595.0,116636.0,577395.0,106699.0,498920.0,0.0,562849.0,959281.0,0.0,7080.0,6913.0,195781.0,3569.0,29627.0,27219.0,41469.0,24067.0
2022-01-25,11362812.0,385021.0,830414.0,249517.0,516963.0,0.0,346693.0,206334.0,0.0,40191.0,10451.0,91462.0,1630.0,113889.0,34178.0,52978.0,79335.0
2022-01-26,11891193.0,308665.0,742791.0,72982.0,601242.0,0.0,256079.0,123923.0,0.0,3762.0,123187.0,182258.0,51122.0,90854.0,108244.0,243389.0,40287.0
2022-01-27,4163245.0,75783.0,2019938.0,75387.0,461552.0,0.0,176103.0,724664.0,0.0,13125.0,200985.0,209877.0,2116.0,71187.0,107069.0,65503.0,26434.0
2022-01-28,5774786.0,174568.0,327579.0,163917.0,983464.0,0.0,477779.0,118391.0,0.0,7944.0,27890.0,339164.0,10210.0,82184.0,38672.0,146252.0,16894.0
2022-01-31,6130784.0,152745.0,915927.0,145052.0,340040.0,0.0,210528.0,293451.0,0.0,45600.0,12164.0,130035.0,15376.0,53277.0,46298.0,23483.0,18956.0
2022-02-01,5063447.0,161727.0,981900.0,163990.0,420374.0,2864357.0,322920.0,299813.0,94465.0,33615.0,56409.0,139683.0,10053.0,72538.0,45098.0,103002.0,31226.0
2022-02-02,6617229.0,178719.0,1153110.0,373651.0,555812.0,593815.0,882876.0,965005.0,72554.0,39000.0,44094.0,206857.0,6533.0,57224.0,58755.0,84851.0,14583.0
2022-02-03,4880281.0,180701.0,692748.0,133889.0,356000.0,646338.0,205365.0,560596.0,197551.0,4830.0,28827.0,79576.0,2332.0,7102.0,8738.0,80461.0,26685.0
2022-02-04,9715789.0,345748.0,443455.0,145497.0,208492.0,1741271.0,2306146.0,223694.0,147393.0,17514.0,96006.0,325411.0,5942.0,12157.0,41551.0,61113.0,12186.0
2022-02-07,7396143.0,148097.0,490396.0,105203.0,313729.0,203219.0,316897.0,443171.0,85949.0,0.0,30851.0,140303.0,47702.0,27199.0,58174.0,35117.0,24612.0
2022-02-08,8901783.0,267419.0,386719.0,89717.0,313729.0,291721.0,314659.0,105570.0,52543.0,16749.0,21055.0,51288.0,17352.0,17075.0,61405.0,99225.0,2917.0
2022-02-09,2794938.0,818838.0,1189309.0,82708.0,310203.0,592357.0,189375.0,292390.0,92572.0,71847.0,7785.0,140291.0,3938.0,33990.0,73652.0,338837.0,15253.0
2022-02-10,7209811.0,415325.0,674672.0,324357.0,656601.0,233258.0,508061.0,463745.0,179313.0,3114.0,24912.0,230953.0,5399.0,46333.0,44544.0,232086.0,18318.0
2022-02-11,13695401.0,512196.0,735592.0,382612.0,805784.0,336761.0,3003831.0,555100.0,179313.0,900.0,17865.0,110636.0,5673.0,13681.0,13889.0,417689.0,26727.0
2022-02-14,11582281.0,511606.0,1105965.0,273689.0,269161.0,285402.0,244754.0,264144.0,132219.0,4893.0,2123.0,115150.0,3798.0,5865.0,89817.0,465945.0,3786.0
2022-02-15,15178169.0,189553.0,782387.0,203618.0,284308.0,230296.0,133408.0,298894.0,190180.0,42264.0,1493.0,90790.0,1745.0,42023.0,33329.0,211952.0,15142.0
2022-02-16,36605391.0,187602.0,1300059.0,258556.0,500467.0,125456.0,170547.0,719319.0,358762.0,20391.0,18431.0,140032.0,17049.0,40929.0,36240.0,197400.0,25188.0
2022-02-17,6267680.0,423048.0,829418.0,125900.0,192044.0,161195.0,173154.0,323415.0,47790.0,10380.0,31013.0,122598.0,2896.0,41273.0,85177.0,122269.0,47653.0
2022-02-18,4793160.0,663417.0,654903.0,129822.0,437081.0,170017.0,108195.0,961112.0,368347.0,133392.0,347265.0,146254.0,1633.0,54024.0,22714.0,500674.0,69846.0
2022-02-21,3813654.0,229398.0,219244.0,32996.0,159183.0,34466.0,211034.0,103367.0,562053.0,32202.0,3077.0,55420.0,3959.0,46571.0,34366.0,152994.0,8303.0
2022-02-22,13491882.0,326466.0,1454831.0,89904.0,692011.0,267240.0,370619.0,152633.0,523472.0,564909.0,11399.0,197047.0,3301.0,47791.0,45488.0,75680.0,42501.0
2022-02-23,5149743.0,622595.0,1523145.0,586068.0,1390587.0,316184.0,292990.0,221050.0,352062.0,88959.0,15950.0,258804.0,1339.0,21638.0,89295.0,368627.0,129300.0
2022-02-24,13387186.0,580290.0,1629188.0,309987.0,730115.0,76297.0,238563.0,313109.0,354906.0,68001.0,106650.0,380868.0,10652.0,37810.0,77331.0,198934.0,11542.0
2022-02-25,5739641.0,542094.0,321076.0,454285.0,449351.0,718347.0,107157.0,200283.0,4292245.0,204237.0,1542.0,152864.0,421.0,81873.0,202512.0,71343.0,7763.0
2022-02-28,34517449.0,4051613.0,1038331.0,385999.0,2322424.0,765059.0,324545.0,436829.0,31987.0,103782.0,9233.0,190403.0,14036.0,120382.0,50468.0,1412241.0,36442.0
2022-03-01,16216845.0,74999.0,2011345.0,326165.0,1357224.0,765059.0,308722.0,334177.0,31987.0,38031.0,27886.0,134694.0,4292.0,26739.0,70245.0,97407.0,31537.0
2022-03-02,10980706.0,248388.0,1179721.0,99596.0,936077.0,0.0,190968.0,514779.0,0.0,47403.0,21340.0,331223.0,13500.0,35291.0,31229.0,203240.0,11831.0
2022-03-03,12463616.0,320309.0,1018723.0,312980.0,1058014.0,0.0,537197.0,163866.0,0.0,6537.0,13895.0,211564.0,1994.0,57431.0,28932.0,301170.0,116131.0
2022-03-04,16244962.0,92011.0,815782.0,191932.0,586729.0,29244355.0,64146.0,234971.0,15377773.0,98004.0,293263.0,266092.0,814.0,47982.0,58058.0,237570.0,20409.0
2022-03-07,24658241.0,150257.0,903795.0,120236.0,529645.0,0.0,129204.0,444347.0,0.0,66189.0,40431.0,249275.0,2266.0,64297.0,75906.0,498962.0,41868.0
2022-03-08,19963431.0,232244.0,1363081.0,66710.0,507993.0,0.0,259376.0,160325.0,0.0,62832.0,69995.0,309366.0,12896.0,28967.0,34200.0,227130.0,79178.0
2022-03-09,15815327.0,326349.0,2457291.0,139843.0,1103911.0,0.0,921915.0,187943.0,0.0,299691.0,35216.0,213581.0,8808.0,46909.0,127683.0,206383.0,18814.0
2022-03-10,40710260840.0,4041404790.0,1858328028.0,4377285780.0,30159408390.0,0.0,3104210320.0,1520926360.0,0.0,3753470520.0,662800995.0,992865662.0,549256760.0,5548533630.0,547298900.0,566810275.0,579973730.0
2022-03-14,19354640.0,161586.0,511939.0,156747.0,1350888.0,0.0,295446.0,88862.0,0.0,27999.0,19181.0,88112.0,22633.0,12421.0,54662.0,146164.0,53253.0
2022-03-15,19914296.0,157520.0,1005566.0,84668.0,1129370.0,0.0,165142.0,100935.0,0.0,6426.0,11487.0,157093.0,2290.0,18786.0,13720.0,117833.0,88582.0
2022-03-16,9235072.0,236080.0,657206.0,166888.0,832669.0,0.0,503170.0,75954.0,0.0,71436.0,11631.0,1469035.0,14723.0,16498.0,16264.0,29996.0,76214.0
2022-03-17,12913446.0,179090.0,355618.0,170803.0,542081.0,0.0,526270.0,107491.0,0.0,97749.0,11442.0,58271.0,13019.0,79738.0,21812.0,63594.0,162337.0
2022-03-18,23470109.0,1726233.0,3143199.0,1174366.0,2939478.0,0.0,8678816.0,640844.0,0.0,91764.0,20848.0,247735.0,27345.0,38773.0,180172.0,33055.0,128682.0
2022-03-22,4465475.0,209615.0,406454.0,398529.0,1295826.0,0.0,545707.0,46264.0,0.0,59829.0,13232.0,43742.0,0.0,53044.0,167208.0,144082.0,34224.0
2022-03-23,23689512.0,289210.0,457251.0,409720.0,1733711.0,0.0,283014.0,196329.0,0.0,25749.0,13232.0,71427.0,0.0,15448.0,100265.0,19907.0,6117.0
2022-03-24,13642896.0,427957.0,808361.0,186117.0,1047416.0,0.0,877621.0,491792.0,0.0,141015.0,29572.0,1126436.0,0.0,15397.0,146772.0,87043.0,17613.0
2022-03-25,11197149.0,392069.0,985750.0,289982.0,896242.0,0.0,1188024.0,711585.0,0.0,77811.0,61377.0,269386.0,0.0,45613.0,120741.0,56621.0,23038.0
2022-03-28,6932464.0,223204.0,9155884.0,95472.0,924028.0,0.0,405465.0,715859.0,0.0,24000.0,16077.0,841628.0,0.0,20198.0,14257.0,39821.0,16194.0
2022-03-29,10327164.0,215707.0,2168478.0,97571.0,523407.0,0.0,804482.0,735074.0,0.0,3729.0,5448.0,252402.0,0.0,29880.0,31009.0,31796.0,33400.0
2022-03-30,10327164.0,215707.0,2168478.0,97571.0,523407.0,0.0,804482.0,735074.0,0.0,3729.0,5448.0,252402.0,0.0,29880.0,31009.0,31796.0,33400.0
2022-03-31,8624478.0,220034.0,480081.0,161602.0,797878.0,166459.0,352048.0,147355.0,10364.0,84057.0,9612.0,25485.0,24658.0,24280.0,18901.0,60840.0,10398.0
2022-04-01,9923633.0,356055.0,511340.0,213173.0,478336.0,543882.0,186484.0,502318.0,359645.0,46299.0,6332.0,118029.0,77150.0,29073.0,50099.0,6414.0,10795.0
2022-04-05,6643194.0,250702.0,554561.0,26098.0,451745.0,163275.0,737551.0,354120.0,73881.0,38940.0,38404.0,133040.0,70675.0,31792.0,108935.0,89049.0,39546.0
2022-04-06,12412293.0,345556.0,704051.0,219762.0,1083235.0,457120.0,1005934.0,730583.0,251764.0,777.0,33769.0,204758.0,20630.0,309355.0,138655.0,144562.0,22433.0
2022-04-07,5507741.0,342220.0,3388400.0,242777.0,753920.0,683766.0,329946.0,452218.0,489637.0,10674.0,40840.0,111180.0,101850.0,52482.0,76409.0,110336.0,41612.0
2022-04-08,12116893.0,1139135.0,7629529.0,264279.0,686543.0,1742067.0,1686666.0,1693086.0,210669.0,12000.0,1522792.0,957423.0,153854.0,212138.0,241264.0,103450.0,9398.0
2022-04-11,5125297.0,97603.0,197336.0,63569.0,464665.0,60584.0,140903.0,131579.0,62147.0,2190.0,227922.0,26260.0,5526.0,4223.0,12616.0,138247.0,14193.0
2022-04-12,5706343.0,132879.0,277957.0,192357.0,396835.0,50642.0,82141.0,139546.0,51021.0,67428.0,168060.0,26260.0,28837.0,28507.0,14796.0,175039.0,6615.0
2022-04-13,8603801.0,72886.0,64625.0,207916.0,191824.0,143011.0,27706.0,40704.0,19836.0,969.0,103178.0,58134.0,2778.0,10408.0,110.0,40142.0,5598.0
2022-04-18,9585332.0,452721.0,852854.0,75384.0,288429.0,274684.0,119800.0,628884.0,166228.0,54672.0,39276.0,72856.0,11021.0,23803.0,40282.0,89546.0,7060.0
2022-04-19,9382755.0,391611.0,1356355.0,231194.0,507853.0,98952.0,87898.0,259339.0,218678.0,144000.0,104382.0,310476.0,2574.0,153760.0,26194.0,36405.0,9120.0
2022-04-20,13838365.0,295783.0,1079692.0,222831.0,644202.0,105177.0,130103.0,152739.0,178172.0,11388.0,30797.0,53558.0,9573.0,258220.0,96798.0,270432.0,4750.0
2022-04-21,14071159.0,262444.0,1603287.0,183629.0,652310.0,254263.0,302900.0,197761.0,124760.0,14850.0,19606.0,735428.0,4570.0,158424.0,82817.0,179724.0,10181.0
2022-04-22,12121244.0,656563.0,1318750.0,358639.0,742706.0,142667.0,429853.0,863538.0,51481.0,37635.0,161997.0,189214.0,34350.0,165895.0,98713.0,288247.0,45529.0
2022-04-25,16781329.0,350000.0,3613970.0,322528.0,664648.0,138191.0,390957.0,543704.0,236454.0,17106.0,18962.0,424795.0,21745.0,44557.0,72714.0,45184.0,5211.0
2022-04-26,10587178.0,481338.0,1102398.0,361110.0,540569.0,96446.0,525733.0,228342.0,333306.0,5400.0,30757.0,160526.0,26751.0,157527.0,69761.0,202557.0,24510.0
2022-04-27,9823025.0,152884.0,1285838.0,83583.0,522373.0,91075.0,333653.0,233664.0,27825.0,97956.0,15430.0,170846.0,17884.0,39839.0,46973.0,80131.0,9291.0
2022-04-28,6758303.0,200942.0,510790.0,89147.0,243040.0,107630.0,203373.0,148855.0,49748.0,69456.0,8604.0,209098.0,16363.0,54628.0,32049.0,90544.0,4608.0
2022-05-02,6976007.0,89157.0,207911.0,132292.0,498829.0,72914.0,113542.0,474547.0,14157.0,270216.0,34108.0,137986.0,7462.0,32684.0,19630.0,206165.0,31195.0
2022-05-03,9994912.0,182436.0,1489979.0,135723.0,714009.0,61198.0,77759.0,112722.0,10105.0,536256.0,35278.0,193748.0,54660.0,20385.0,49492.0,452164.0,56596.0
2022-05-04,19448935.0,244484.0,1063366.0,119432.0,397860.0,58474.0,151232.0,309237.0,6994.0,76137.0,29806.0,85136.0,16024.0,39909.0,34406.0,208696.0,44903.0
2022-05-05,9724254.0,134162.0,868971.0,142200.0,313860.0,145325.0,130661.0,337002.0,7123.0,262494.0,21345.0,84828.0,6981.0,45368.0,17660.0,207880.0,12718.0
2022-05-06,3961668.0,345940.0,1161089.0,187462.0,425378.0,126314.0,123515.0,326571.0,25692.0,220224.0,49209.0,90264.0,86301.0,3420.0,50071.0,165014.0,10691.0
2022-05-09,14981554.0,211001.0,1425329.0,77515.0,442371.0,105617.0,208710.0,300336.0,9231.0,5857776.0,21433.0,71322.0,33122.0,18337.0,27699.0,221434.0,33544.0
2022-05-10,6817853.0,301522.0,1301133.0,344690.0,791737.0,62822.0,272485.0,276905.0,4667.0,1136877.0,49917.0,127080.0,9077.0,17280.0,16609.0,61966.0,20603.0
2022-05-11,15293357.0,201739.0,1419825.0,339282.0,575401.0,197961.0,66915.0,139694.0,451.0,257532.0,107584.0,54860.0,5273.0,17280.0,20440.0,89514.0,14813.0
2022-05-12,7438751.0,176808.0,928740.0,1228681.0,883550.0,34927.0,246657.0,116250.0,6614.0,133386.0,86632.0,213116.0,9407.0,37002.0,17063.0,43396.0,12793.0
2022-05-13,7706578.0,586037.0,703568.0,455830.0,808470.0,121444.0,716722.0,191313.0,17998.0,97752.0,8518.0,132918.0,20215.0,43123.0,188179.0,62716.0,5248.0
2022-05-16,9137923.0,402874.0,2226439.0,324333.0,602133.0,45037.0,603272.0,158412.0,3104.0,88149.0,244978.0,15902.0,36560.0,31166.0,63178.0,163541.0,195931.0
2022-05-17,9933418.0,440881.0,1858841.0,186275.0,564159.0,184622.0,759577.0,654632.0,346031.0,23541.0,34386.0,110697.0,26796.0,39626.0,187773.0,211812.0,16358.0
2022-05-18,15353061.0,193081.0,1819828.0,331872.0,837531.0,47060.0,785431.0,236848.0,13906.0,45684.0,65042.0,270920.0,14307.0,75666.0,86677.0,130479.0,10097.0
2022-05-19,10094070.0,271776.0,1008277.0,664243.0,1132509.0,163582.0,1068793.0,339664.0,16358.0,107088.0,30980.0,153505.0,25104.0,44012.0,96683.0,221764.0,8062.0
2022-05-20,7977121.0,564225.0,1340785.0,604119.0,1474069.0,20474.0,1068793.0,541527.0,22303.0,89664.0,27110.0,48040.0,887.0,35459.0,19748.0,46156.0,12854.0
2022-05-23,5337946.0,869442.0,0.0,264735.0,1122666.0,250394.0,0.0,195648.0,12934.0,44259.0,16696.0,80853.0,2070.0,31460.0,36132.0,53396.0,129183.0
2022-05-24,3297405.0,825554.0,0.0,277272.0,987951.0,61508.0,0.0,109661.0,12665.0,7053.0,10320.0,61551.0,17748.0,81873.0,20476.0,16934.0,4507.0
2022-05-25,5706392.0,804690.0,0.0,237528.0,798558.0,479567.0,0.0,124289.0,6755.0,55278.0,144508.0,109202.0,21409.0,23728.0,49472.0,26417.0,3765.0
2022-05-26,5791234.0,266769.0,0.0,224716.0,706940.0,73178.0,0.0,93951.0,12173.0,171246.0,8579.0,67362.0,27346.0,17312.0,61524.0,98355.0,6238.0
2022-05-27,4954261.0,583072.0,12497.0,337873.0,567369.0,262369.0,0.0,88946.0,6485.0,34551.0,38794.0,70222.0,6454.0,26421.0,170246.0,95504.0,5519.0
2022-05-31,46273560.0,3435387.0,135.0,3873377.0,6035461.0,14258374.0,0.0,881778.0,183444.0,50802.0,92498.0,415947.0,183588.0,113435.0,351891.0,709162.0,57071.0
2022-06-01,11246594.0,382202.0,416986.0,312718.0,795609.0,30841.0,0.0,660493.0,23604.0,24351.0,20179.0,61281.0,18050.0,67703.0,500714.0,104667.0,109729.0
2022-06-02,7132586.0,189360.0,262659.0,113908.0,557442.0,196598.0,0.0,641685.0,9461.0,23811.0,48123.0,48413.0,52709.0,174361.0,41975.0,1491228.0,40734.0
2022-06-03,11597736.0,92563.0,31711.0,63436.0,350516.0,292292.0,0.0,447489.0,24857.0,12339.0,61806.0,207695.0,9121.0,58629.0,63346.0,1089502.0,17398.0
2022-06-06,4598283.0,112136.0,195169.0,170323.0,502242.0,262868.0,0.0,190872.0,28627.0,21618.0,33114.0,109048.0,89682.0,56605.0,9334.0,129345.0,5700.0
2022-06-07,7170384.0,346648.0,413478.0,126821.0,570881.0,64320.0,0.0,399419.0,257341.0,1470.0,103385.0,246390.0,25478.0,38538.0,38210.0,70650.0,16223.0
2022-06-08,4921973.0,253497.0,297642.0,140675.0,231292.0,83957.0,0.0,398146.0,33111.0,24822.0,21479.0,180454.0,11969.0,20832.0,18914.0,66308.0,15389.0
2022-06-09,8733067.0,206522.0,117110.0,110667.0,406564.0,61349.0,0.0,204394.0,15301.0,255.0,28345.0,461233.0,9177.0,39502.0,67438.0,179853.0,27457.0
2022-06-10,6344693.0,454897.0,187193.0,193298.0,421532.0,332478.0,0.0,230621.0,5564.0,87603.0,57110.0,128910.0,12289.0,66051.0,45654.0,255366.0,41474.0
2022-06-13,9141484.0,513002.0,5222.0,102908.0,448702.0,20061.0,704986.0,194634.0,11824.0,44953806.0,33957.0,183116.0,17533.0,103060.0,43185.0,45156.0,12483.0
2022-06-14,6088210.0,307387.0,65633.0,144381.0,305284.0,25254.0,390798.0,144818.0,6899.0,13416.0,13203.0,132513.0,25044.0,43391.0,27095.0,140580.0,51125.0
2022-06-15,6088210.0,295701.0,219522.0,146848.0,859856.0,24580.0,593134.0,472908.0,21252.0,8412.0,42849.0,134325.0,13177.0,38101.0,20078.0,83841.0,18992.0
2022-06-16,11726058.0,455020.0,32214.0,99773.0,727912.0,161190.0,257620.0,78659.0,4731.0,3168.0,17675.0,97336.0,126.0,22089.0,17993.0,58606.0,2338.0
2022-06-17,39523174.0,2013926.0,67963.0,1057603.0,2904481.0,1685675.0,184384.0,684333.0,1480240.0,10524.0,36365.0,154643.0,8536.0,14548.0,35116.0,34676.0,16806.0
2022-06-21,25004815.0,339408.0,401606.0,97571.0,925004.0,110019.0,285478.0,298259.0,93307.0,6279.0,50613.0,434813.0,26739.0,22139.0,49755.0,322199.0,67648.0
2022-06-22,12483075.0,429162.0,236190.0,179818.0,548778.0,23890.0,148146.0,186335.0,30140.0,478974.0,50321.0,256469.0,12813.0,25265.0,149421.0,260732.0,41339.0
2022-06-23,26266483.0,536878.0,105104.0,189276.0,683808.0,30649.0,174891.0,124780.0,42941.0,133284.0,22377.0,172170.0,31241.0,36512.0,58836.0,178028.0,57723.0
2022-06-24,11747960.0,140284.0,47103.0,358513.0,616593.0,44774.0,381216.0,334009.0,1471.0,24240.0,226098.0,140936.0,12423.0,35090.0,25772.0,89305.0,99482.0
2022-06-30,9054237.0,573428.0,229705.0,679069.0,779175.0,37333.0,266451.0,118179.0,17430.0,10791.0,11357.0,95224.0,26454.0,338109.0,104401.0,28740.0,17277.0
2022-07-01,10699220.0,273642.0,1135161.0,742286.0,854332.0,7137.0,131609.0,66023.0,41819.0,1815.0,23058.0,180108.0,15618.0,48206.0,137531.0,171762.0,9637.0
2022-07-05,8613559.0,109135.0,592674.0,503843.0,365574.0,57316.0,79769.0,158494.0,225330.0,8448.0,17788.0,172031.0,4837.0,25359.0,16232.0,12135.0,21204.0
2022-07-07,4971410.0,562773.0,2963766.0,84953.0,473304.0,85898.0,1245641.0,94404.0,10566.0,22212.0,8339.0,108812.0,21421.0,53898.0,92310.0,133429.0,9891.0
2022-07-08,5030759.0,156579.0,1519359.0,41241.0,157732.0,6189.0,130540.0,203368.0,24662.0,13263.0,90777.0,68699.0,8550.0,28047.0,108977.0,135549.0,21519.0
2022-07-11,7095067.0,401916.0,578232.0,127825.0,280856.0,17604.0,343053.0,418273.0,39475.0,64902.0,5065.0,118609.0,11165.0,27491.0,54492.0,253189.0,12899.0
2022-07-12,19966931.0,131431.0,1377178.0,157861.0,341569.0,11353.0,391394.0,242341.0,53610.0,6465.0,24669.0,131178.0,14049.0,22903.0,30698.0,105778.0,15125.0
2022-07-13,5508819.0,134883.0,80516.0,53800.0,376366.0,12520.0,51523.0,78412.0,3431.0,29643.0,8287.0,104464.0,6697.0,5960.0,8453.0,26033.0,3826.0
2022-07-14,8270276.0,526640.0,464612.0,189363.0,614001.0,60394.0,145277.0,346406.0,30572.0,44391.0,13953.0,122554.0,24986.0,103479.0,76618.0,127060.0,28163.0
2022-07-15,5832165.0,119403.0,335852.0,112730.0,781179.0,10555.0,100097.0,221397.0,16791.0,55983.0,202042.0,24769.0,20277.0,125233.0,107486.0,59826.0,6640.0
2022-07-18,4644568.0,62233.0,260193.0,87668.0,254671.0,3415.0,121724.0,169525.0,4009.0,9897.0,6446.0,125255.0,27607.0,32518.0,213414.0,151630.0,4955.0
2022-07-19,5127802.0,142217.0,226548.0,140708.0,297027.0,13753.0,26729.0,236674.0,2056.0,1194.0,6013.0,7684.0,11749.0,19065.0,52648.0,22072.0,24974.0
2022-07-21,7409333.0,188088.0,565583.0,135308.0,576396.0,18928.0,216577.0,441598.0,13843.0,58617.0,9683.0,89484.0,8499.0,136726.0,159907.0,51283.0,8628.0
2022-07-22,4512408.0,220889.0,425083.0,313391.0,455720.0,10429.0,49166.0,177202.0,87614.0,11283.0,8142.0,53240.0,1482.0,9253.0,26312.0,62177.0,23838.0
2022-07-25,2817647.0,146341.0,382788.0,35374.0,140399.0,121196.0,73156.0,237720.0,16253.0,76797.0,507.0,126049.0,706.0,30572.0,39409.0,203483.0,5764.0
2022-07-26,2764700.0,27566.0,40580.0,27362.0,126796.0,7806.0,144187.0,112235.0,7220.0,12516.0,822.0,33882.0,600.0,9228.0,85945.0,182805.0,9896.0
2022-07-27,4067297.0,121242.0,943307.0,34860.0,293863.0,4791.0,183300.0,72722.0,5411.0,9333.0,1381.0,107824.0,1630.0,15354.0,32737.0,386119.0,8881.0
2022-07-28,3606294.0,150919.0,788622.0,76241.0,297497.0,17762.0,35505.0,408788.0,8860.0,65463.0,797.0,1926749.0,4014.0,2836.0,13431.0,255699.0,7921.0
2022-07-29,7960916.0,214123.0,568446.0,161309.0,694978.0,15939.0,115346.0,241678.0,10265.0,21327.0,12231.0,248464.0,4418.0,63070.0,32526.0,51315.0,3596.0
2022-08-01,3705747.0,283533.0,662189.0,137313.0,622520.0,5298.0,42934.0,133847.0,9006.0,42294.0,14896.0,165877.0,48034.0,59009.0,52824.0,44179.0,15211.0
2022-08-02,14759269.0,160971.0,1060498.0,232106.0,381077.0,5396.0,40160.0,267965.0,69038.0,17568.0,6010.0,153763.0,447.0,15290.0,20976.0,67923.0,22771.0
2022-08-03,9795816.0,374833.0,2105150.0,176169.0,421299.0,4892.0,83567.0,151005.0,9061.0,2373.0,10512.0,95015.0,3403.0,17912.0,35473.0,94183.0,8475.0
2022-08-04,12296777.0,140389.0,214631.0,406958.0,470879.0,9002.0,51434.0,50560.0,11175.0,45999.0,1940.0,61274.0,2414.0,16834.0,39299.0,132576.0,9951.0
2022-08-05,4967710.0,84091.0,1303645.0,54190.0,254502.0,2163.0,45762.0,78902.0,12523.0,60666.0,9790.0,49875.0,774.0,26444.0,2641.0,238654.0,26876.0
2022-08-08,5045596.0,230695.0,518585.0,127273.0,334126.0,11909.0,209599.0,359899.0,12276.0,38427.0,20478.0,904360.0,17844.0,147914.0,18732.0,168453.0,16300.0
2022-08-09,6248690.0,135111.0,495680.0,150898.0,304586.0,40959.0,216999.0,108808.0,20138.0,48987.0,25162.0,162677.0,4598.0,18116.0,49843.0,43072.0,60448.0
2022-08-10,4250261.0,95256.0,372675.0,153345.0,421611.0,21612.0,245647.0,174873.0,16400.0,6.0,13244.0,609487.0,3968.0,46145.0,29556.0,53741.0,17108.0
2022-08-11,3434744.0,82101.0,177351.0,152706.0,374720.0,21281.0,70215.0,320785.0,5863.0,351723.0,26926.0,124561.0,5535.0,31108.0,8780.0,45256.0,30576.0
2022-08-12,3481580.0,178059.0,225157.0,154254.0,302771.0,24475.0,81624.0,61744.0,4976.0,257337.0,16097.0,198827.0,2107.0,26072.0,46813.0,214673.0,17476.0
2022-08-17,4789225.0,295634.0,540244.0,61333.0,1163749.0,18216.0,237171.0,1710563.0,27052.0,28344.0,19124.0,611071.0,7172.0,47297.0,208163.0,364287.0,32003.0
2022-08-18,13500923.0,217418.0,837201.0,79014.0,493114.0,5122.0,84982.0,2122043.0,33665.0,20157.0,31180.0,728398.0,10514.0,30692.0,44944.0,176288.0,56627.0
2022-08-19,2992851.0,59697.0,367104.0,90628.0,216927.0,27572.0,96289.0,183089.0,5836.0,24627.0,22791.0,167341.0,6636.0,23149.0,99742.0,79996.0,20524.0
2022-08-22,3761761.0,348085.0,305129.0,63455.0,249302.0,52568.0,139233.0,108518.0,871.0,7569.0,67167.0,42505.0,4373.0,57395.0,4878.0,95513.0,39464.0
2022-08-23,13877097.0,189271.0,4015642.0,196546.0,443804.0,4573.0,517952.0,81401.0,954.0,22179.0,8172.0,54779.0,5559.0,51131.0,152054.0,88302.0,21565.0
2022-08-24,6358022.0,135331.0,364856.0,87514.0,183536.0,2004.0,236246.0,329426.0,7608.0,738.0,17064.0,103969.0,4389.0,17799.0,136969.0,59302.0,61025.0
2022-08-25,4671873.0,490515.0,4598567.0,141406.0,464984.0,22246.0,136941.0,222148.0,19320.0,933.0,22249.0,129869.0,6841.0,54589.0,204982.0,162107.0,9646.0
2022-08-26,9272266.0,91642.0,158328.0,128755.0,277118.0,2384.0,28237.0,254963.0,3.0,2523.0,13837.0,18003.0,2789.0,5296.0,54323.0,187528.0,82153.0
2022-08-29,9155932.0,160333.0,516622.0,168804.0,480824.0,8917.0,80912.0,199421.0,5262.0,240288.0,35167.0,88774.0,1345.0,35981.0,40306.0,31197.0,14055.0
2022-08-30,9900741.0,65913.0,170994.0,176957.0,446258.0,13116.0,85781.0,44803.0,3862.0,6528.0,25070.0,128377.0,766.0,214042.0,16545.0,94618.0,8576.0
2022-08-31,23852106.0,1814950.0,1484204.0,1182136.0,2048989.0,33332.0,125579.0,395031.0,33427.0,262455.0,184579.0,272374.0,17558.0,579904.0,220966.0,146669.0,37316.0
2022-09-01,7260050.0,334129.0,227172.0,196776.0,339692.0,11076.0,83209.0,111127.0,121525.0,669.0,4859.0,30041.0,3494.0,10353.0,3905.0,65514.0,8984.0
2022-09-02,4997266.0,220738.0,94327.0,91197.0,421199.0,29726.0,45633.0,122333.0,13102.0,120.0,4378.0,97497.0,996.0,5270.0,446455.0,94138.0,75563.0
2022-09-05,1089796.0,29256.0,72169.0,10324.0,39786.0,7624.0,50841.0,82448.0,6506.0,382368.0,22336.0,104212.0,1903.0,2474.0,341.0,46235.0,6484.0
2022-09-06,2978120.0,90927.0,866047.0,86701.0,219759.0,16010.0,22934.0,305774.0,9000.0,26508.0,11673.0,80455.0,1061.0,11313.0,45985.0,30470.0,2699.0
2022-09-07,4054581.0,77042.0,755829.0,78752.0,171806.0,34582.0,31644.0,96396.0,6357.0,2244.0,9156.0,58864.0,9751.0,11179.0,361331.0,34315.0,3223.0
2022-09-08,5573422.0,162935.0,212212.0,232274.0,380801.0,15134.0,35844.0,167464.0,5289.0,384738.0,4268.0,137690.0,1117.0,7587.0,48058.0,32337.0,47056.0
2022-09-09,5190574.0,82465.0,210210.0,80402.0,191160.0,57111.0,66591.0,698523.0,4951.0,396.0,17991.0,35842.0,601.0,19992.0,51488.0,14866.0,1017.0
2022-09-12,4305164.0,120408.0,134977.0,110973.0,193210.0,19455.0,48763.0,98190.0,178686.0,6408.0,3217.0,43664.0,2403.0,1153.0,1354.0,1186.0,10119.0
2022-09-13,5586669.0,100315.0,302859.0,153093.0,347503.0,34900.0,118143.0,867757.0,6374.0,1899.0,14708.0,51699.0,2128.0,4983.0,66838.0,6099.0,15726.0
2022-09-14,7384883.0,221713.0,264627.0,121517.0,334278.0,227921.0,67990.0,343388.0,27663.0,19038.0,6746.0,129306.0,622.0,10370.0,10854.0,15570.0,21878.0
2022-09-15,5064177.0,119871.0,2500947.0,35120.0,160069.0,63336.0,274816.0,897856.0,76322.0,6.0,4633.0,167333.0,3764.0,20458.0,165615.0,91551.0,6332.0
2022-09-16,21572838.0,959070.0,3007133.0,437652.0,1258692.0,732572.0,1646678.0,897856.0,314363.0,6045.0,3213.0,415306.0,50300.0,43146.0,119026.0,32676.0,2030.0
2022-09-19,2612146.0,108210.0,3114087.0,98503.0,355336.0,21286.0,101813.0,247461.0,16151.0,1935.0,5503.0,195680.0,5743.0,288368.0,38140.0,55462.0,6966.0
2022-09-20,7905464.0,176422.0,1069988.0,111588.0,361615.0,41349.0,36248.0,140947.0,13174.0,16119.0,2433.0,211462.0,10707.0,114744.0,99627.0,28248.0,8488.0
2022-09-21,7001838.0,192576.0,593348.0,468033.0,853273.0,54468.0,238025.0,195006.0,13174.0,6153.0,145933.0,269573.0,6879.0,19650.0,47425.0,25785.0,7945.0
2022-09-22,4102971.0,368748.0,6223450.0,243474.0,205022.0,9279.0,96027.0,88216.0,0.0,525.0,5587.0,367096.0,1366.0,9590.0,47346.0,12567.0,20854.0
2022-09-23,9944859.0,83414.0,182893.0,37115.0,294605.0,1532.0,132156.0,160306.0,0.0,7512864.0,7180.0,57974.0,7506.0,15348.0,47085.0,16364.0,6939.0
2022-09-26,5590268.0,182495.0,826340.0,53197.0,391150.0,23808.0,30652.0,124447.0,0.0,117.0,16288.0,76110.0,4294.0,39520.0,1205.0,90165.0,7279.0
2022-09-27,4025883.0,210232.0,957819.0,59249.0,250794.0,34053.0,165109.0,88251.0,0.0,30.0,22883.0,54955.0,8150.0,23768.0,6243.0,47668.0,5312.0
2022-09-28,3738569.0,208563.0,429061.0,80702.0,315003.0,11232.0,35757.0,26813.0,0.0,27255.0,15169.0,209848.0,70145.0,18466.0,42119.0,54245.0,5492.0
2022-09-29,2743619.0,746930.0,24891.0,72723.0,228282.0,10459.0,19156.0,150417.0,0.0,10746.0,9400.0,343223.0,1157.0,5193.0,7811.0,197910.0,4370.0
2022-09-30,3932254.0,247624.0,291694.0,160884.0,314007.0,46512.0,84366.0,199429.0,0.0,26799.0,3969.0,87787.0,1698.0,3643.0,41650.0,5265.0,13379.0
2022-10-03,6272451.0,93529.0,158908.0,82115.0,272825.0,3096.0,49335.0,25867.0,0.0,39993.0,5830.0,165595.0,755.0,4388.0,72633.0,37463.0,23398.0
2022-10-04,7237401.0,144636.0,774796.0,25195.0,236709.0,13017.0,97870.0,280550.0,0.0,6876.0,3530.0,208451.0,963.0,28609.0,137635.0,70868.0,24249.0
2022-10-05,10043541.0,110724.0,195879.0,42914.0,329826.0,37288.0,126203.0,256037.0,0.0,12474.0,18137.0,79180.0,2090.0,29441.0,110895.0,31688.0,15144.0
2022-10-06,10533768.0,123775.0,5091.0,45653.0,345822.0,10572.0,108281.0,145420.0,0.0,1962.0,16659.0,18047.0,533.0,2407.0,7196.0,39527.0,11829.0
2022-10-07,6702153.0,124015.0,105281.0,66670.0,283676.0,1791.0,13486.0,89994.0,0.0,6012.0,1388.0,41383.0,584.0,17360.0,19350.0,44109.0,21176.0
2022-10-10,4409461.0,76659.0,32709.0,48600.0,247631.0,87.0,23474.0,23479.0,0.0,8808.0,26019.0,24792.0,124.0,892.0,24141.0,32606.0,8535.0
2022-10-11,5892516.0,354837.0,24170.0,15268.0,215504.0,2430.0,43522.0,126018.0,0.0,3387.0,7952.0,28493.0,444.0,18392.0,153423.0,15989.0,9510.0
2022-10-12,4927800.0,156216.0,2275.0,53771.0,470262.0,6813.0,34393.0,7357.0,0.0,801.0,36015.0,107967.0,520.0,17837.0,20240.0,67032.0,2281.0
2022-10-13,6309464.0,278741.0,68619.0,75001.0,424962.0,7990.0,8099.0,193895.0,0.0,2334.0,23748.0,59009.0,1630.0,20478.0,25173.0,12094.0,38429.0
2022-10-14,4774223.0,171864.0,874268.0,100408.0,307438.0,67088.0,28692.0,256683.0,0.0,1422.0,10022.0,61774.0,916.0,25230.0,13813.0,63876.0,14028.0
2022-10-18,6116479.0,313803.0,203596.0,73407.0,485712.0,24947.0,97746.0,163196.0,0.0,61416.0,12525.0,160783.0,2033.0,29090.0,41322.0,46815.0,8573.0
2022-10-19,12400647.0,204710.0,270959.0,125926.0,319151.0,25500.0,133409.0,138839.0,0.0,1737.0,11417.0,137140.0,6074.0,30448.0,353705.0,54677.0,7826.0
2022-10-21,18944675.0,369219.0,405166.0,61939.0,526248.0,27293.0,49131.0,99669.0,35727.0,1116.0,6749.0,314620.0,4739.0,16606.0,40275.0,29813.0,1794.0
2022-10-24,7370038.0,190516.0,341893.0,73781.0,176275.0,53817.0,64943.0,202495.0,118609.0,255.0,17822.0,72055.0,3147.0,80360.0,37061.0,55814.0,14389.0
2022-10-25,6051687.0,295832.0,279442.0,133653.0,304128.0,18149.0,11386.0,78720.0,37932.0,1155.0,12853.0,75808.0,5129.0,8737.0,20698.0,115909.0,2523.0
2022-10-26,7506813.0,324061.0,154905.0,123119.0,181299.0,28892.0,165547.0,119272.0,28584.0,15828.0,7705.0,135879.0,2354.0,269998.0,148864.0,107708.0,23587.0
2022-10-27,9223454.0,214156.0,645679.0,102528.0,412252.0,20735.0,38580.0,138558.0,13750.0,165147.0,12122.0,86563.0,10997.0,322155.0,89323.0,37408.0,4374.0
2022-10-28,17374042.0,241497.0,435305.0,42929.0,962258.0,16108.0,86536.0,192105.0,10782.0,155289.0,9936.0,146481.0,7851.0,17364.0,45630.0,32432.0,7926.0
2022-10-31,9966124.0,199430.0,93320.0,170269.0,670489.0,2739.0,91124.0,57013.0,5597.0,174.0,50332.0,234979.0,3260.0,7576.0,10985.0,116579.0,12628.0
2022-11-01,15593405.0,215326.0,1780814.0,49953.0,833070.0,4088.0,241648.0,223701.0,9890.0,1842.0,22383.0,303928.0,7876.0,1093235.0,175420.0,231325.0,25448.0
2022-11-02,6792140.0,329445.0,212849.0,90156.0,937185.0,43529.0,62811.0,242945.0,26068.0,23382.0,5619.0,119112.0,9338.0,36017.0,197498.0,45622.0,8379.0
2022-11-03,4026780.0,241972.0,351663.0,95441.0,277022.0,27846.0,125642.0,33251.0,10695.0,1143.0,7772.0,84393.0,3054.0,23717.0,19711.0,58981.0,9641.0
2022-11-04,5616093.0,190469.0,106517.0,108287.0,293270.0,29673.0,106681.0,140826.0,10624.0,7638.0,16258.0,60489.0,4532.0,34152.0,197966.0,296035.0,18749.0
2022-11-08,3792341.0,231971.0,128767.0,108629.0,270724.0,22283.0,50183.0,108927.0,31243.0,747.0,17295.0,96623.0,4588.0,11533.0,158685.0,52221.0,29289.0
2022-11-09,8928254.0,325139.0,69248.0,164049.0,587797.0,11797.0,66824.0,257429.0,8639.0,77715.0,3492.0,145186.0,6884.0,41928.0,92038.0,4393.0,23211.0
2022-11-10,13999872.0,303031.0,621202.0,40020.0,485370.0,3094.0,177937.0,104255.0,32937.0,573.0,8483.0,52208.0,18329.0,126439.0,25505.0,81482.0,18512.0
2022-11-11,42656376.0,129953.0,454941.0,81811.0,259799.0,18404.0,61122.0,378982.0,13628.0,1797.0,15872.0,50946.0,10984.0,133820.0,14545.0,116327.0,28769.0
2022-11-15,28127413.0,275510.0,620029.0,243524.0,433095.0,11536.0,200973.0,369783.0,52825.0,24297.0,48399.0,164112.0,6380.0,103129.0,18397.0,114540.0,33230.0
2022-11-16,17874188.0,172241.0,131047.0,123180.0,276145.0,3285.0,278327.0,691912.0,11917.0,7671.0,8592.0,154654.0,8473.0,24015.0,24857.0,45957.0,10362.0
2022-11-17,10933896.0,95583.0,192661.0,240637.0,378603.0,10048.0,217637.0,165055.0,62149.0,20337.0,19481.0,69732.0,3922.0,99041.0,17408.0,29621.0,46000.0
2022-11-18,7813398.0,196407.0,112463.0,140962.0,221046.0,4063.0,42456.0,89337.0,6836.0,5580.0,48883.0,76552.0,5303.0,94739.0,568213.0,4600.0,2665.0
2022-11-21,13172050.0,221928.0,154365.0,211706.0,633114.0,9247.0,78221.0,12463.0,41128.0,3855.0,39885.0,105861.0,10071.0,32725.0,25659.0,50412.0,21106.0
2022-11-23,15320143413.0,3992980710.0,1491532571.0,6139264110.0,13087048290.0,433031850.0,806694080.0,355052655.0,516598061.0,97405794.0,127061918.0,386058539.0,1174152400.0,1446008190.0,1506885360.0,25642355.0,11270220.0
2022-11-28,18856433.0,10319.0,98189.0,108129.0,465005.0,129.0,41088.0,73873.0,403.0,6130.0,11852.0,103524.0,4461.0,54890.0,771.0,51663.0,1435.0
2022-11-29,16195668.0,107777.0,136570.0,112689.0,127315.0,7.0,92914.0,353015.0,8034.0,445.0,15279.0,41033.0,376.0,30860.0,1196.0,153803.0,6585.0
2022-11-30,308627836.0,2368992.0,2681032.0,1714388.0,2880901.0,3164142.0,966790.0,427832.0,98262.0,18729.0,89095.0,120509.0,92272.0,140651.0,219029.0,544430.0,33832.0
2022-12-01,147003134.0,675463.0,3831220.0,345913.0,627985.0,1388.0,47175.0,1598160.0,29042.0,9252.0,189286.0,757787.0,82904.0,247702.0,33638.0,242604.0,46067.0
2022-12-02,11840118.0,160909.0,261846.0,83287.0,141766.0,7305.0,53617.0,222323.0,17401.0,8530.0,3163.0,541599.0,13882.0,59994.0,699.0,14050.0,1075.0
2022-12-05,8478467.0,98390.0,255729.0,58671.0,320491.0,38139.0,45733.0,90547.0,90807.0,8160.0,29499.0,17288.0,164.0,107281.0,3497.0,13312.0,23084.0
2022-12-06,3484172.0,41231.0,4316.0,93434.0,134068.0,4838.0,36634.0,63051.0,2581.0,18079.0,522.0,7229.0,17.0,8442.0,34.0,38060.0,292.0
2022-12-07,11886847.0,294381.0,124013.0,131715.0,289962.0,7180.0,94300.0,314018.0,9385.0,8171.0,1003.0,66550.0,1188.0,8758.0,15339.0,72625.0,7124.0
2022-12-09,12477101.0,346559.0,122053.0,138962.0,389122.0,7693.0,99971.0,123912.0,2113.0,1341.0,650.0,44940.0,563.0,10217.0,91514.0,56674.0,8098.0
2022-12-12,2347822.0,130061.0,140285.0,106492.0,225862.0,15635.0,77992.0,119236.0,18297.0,2416.0,913.0,56087.0,920.0,33154.0,15463.0,4680.0,971.0
2022-12-13,5329134.0,259620.0,192691.0,725523.0,274407.0,412.0,82275.0,128392.0,681.0,7311.0,7059.0,57374.0,2538.0,34342.0,2864.0,52311.0,19900.0
2022-12-14,11606278.0,289377.0,132190.0,88613.0,545141.0,49732.0,53847.0,133450.0,6448.0,15019.0,6261.0,109251.0,27034.0,7666.0,29371.0,41834.0,5003.0
2022-12-15,4272355.0,207215.0,164596.0,59528.0,181267.0,11630.0,82759.0,75798.0,4766.0,25664.0,5760.0,135211.0,2274.0,9130.0,109679.0,23252.0,3761.0
2022-12-16,4650468.0,814245.0,105532.0,228322.0,412182.0,54016.0,53609.0,130980.0,22751.0,1447.0,1303.0,119223.0,9203.0,29034.0,102855.0,59551.0,3260.0
2022-12-19,16255879.0,870128.0,158451.0,125066.0,211721.0,11483.0,105651.0,40578.0,3390.0,1761.0,6231.0,208841.0,9455.0,27151.0,21826.0,44832.0,3863.0
2022-12-20,12021096.0,228311.0,95678.0,331891.0,367688.0,104277.0,83897.0,154505.0,921.0,1516.0,5514.0,123193.0,15944.0,28673.0,79992.0,26567.0,1811.0
2022-12-21,30554239.0,166112.0,129836.0,217987.0,273882.0,541.0,433691.0,83704.0,23158.0,15.0,3488.0,112741.0,6450.0,29291.0,1746.0,70451.0,5581.0
2022-12-22,2952942.0,908481.0,886239.0,14410.0,267083.0,7183.0,27354.0,13778.0,275.0,4139.0,980.0,125066.0,4990.0,13540.0,1815.0,15805.0,22526.0
2022-12-23,0.0,53925.0,1121609.0,110908.0,298624.0,2739.0,94433.0,4679.0,1338.0,14030.0,1212.0,28569.0,16457.0,46120.0,835.0,37518.0,796.0
2022-12-26,1135993.0,251422.0,336865.0,59656.0,109316.0,4461.0,14149.0,50695.0,1252.0,15382.0,2763.0,32582.0,552.0,11718.0,8437.0,30481.0,3600.0
2022-12-27,15275167.0,63442.0,170491.0,227466.0,83445.0,4249.0,190296.0,92628.0,1435.0,500.0,6164.0,51275.0,2214.0,27518.0,20330.0,18365.0,6879.0
2022-12-28,2433228.0,120598.0,55322.0,26197.0,199765.0,13043.0,110682.0,129928.0,2583.0,36194.0,4789.0,34078.0,7065.0,81357.0,39636.0,7140.0,2905.0
2022-12-29,6856768.0,227197.0,147610.0,726182.0,422465.0,34322.0,137956.0,100341.0,2427.0,52855.0,5477.0,100665.0,9941.0,14973.0,69555.0,40824.0,6352.0
2023-01-02,1474560.0,11412.0,130954.0,2917.0,11228.0,712.0,450.0,20133.0,1386.0,2899.0,8078.0,29951.0,424.0,1047.0,34003.0,74705.0,3618.0
2023-01-03,8883437.0,152085.0,307457.0,61995.0,200947.0,3511.0,90079.0,113306.0,4073.0,10882.0,3829.0,28911.0,1068.0,82180.0,5334.0,26049.0,2127.0
2023-01-04,14320260.0,112159.0,142462.0,338049.0,460998.0,1799.0,91678.0,80108.0,1526.0,6415.0,6803.0,54510.0,682.0,22266.0,6130.0,76390.0,3960.0
2023-01-05,9307020.0,244408.0,302741.0,360537.0,374626.0,11404.0,93975.0,140179.0,8055.0,26920.0,4447.0,48694.0,987.0,25540.0,5680.0,49425.0,2352.0
2023-01-06,21712400.0,50274.0,257049.0,145115.0,255784.0,7287.0,140382.0,45717.0,8222.0,10375.0,2400.0,49165.0,2279.0,20169.0,49937.0,43850.0,12126.0
2023-01-10,8389320.0,490146.0,184842.0,328741.0,544228.0,9624.0,117625.0,533110.0,1549.0,25367.0,4558.0,74236.0,1086.0,30754.0,28178.0,13750.0,24350.0
2023-01-11,10383564.0,126104.0,399089.0,118957.0,408673.0,6438.0,87964.0,365976.0,2649.0,3525.0,3088.0,188824.0,638.0,95932.0,40320.0,82780.0,4385.0
2023-01-12,16049836.0,165204.0,724519.0,131403.0,536383.0,13534.0,91520.0,577088.0,6659.0,19676.0,6847.0,68923.0,9650.0,91618.0,13341.0,121161.0,22621.0
2023-01-13,8619623.0,199822.0,221570.0,44952.0,639542.0,68.0,20876.0,13862.0,3735.0,1194.0,2145.0,20742.0,738.0,53347.0,3954.0,66343.0,8940.0
2023-01-16,400070.0,12422.0,4156213.0,6096.0,20964.0,806.0,13465.0,1102.0,1089.0,9643.0,5203.0,20655.0,145.0,1629.0,2124.0,11176.0,4295.0
2023-01-17,4391571.0,473694.0,3004121.0,347672.0,700146.0,19484.0,49911.0,56177.0,8123.0,7419.0,1903.0,12849.0,4488.0,3557.0,9425.0,34698.0,7109.0
2023-01-18,12467371.0,217793.0,1329498.0,115774.0,539450.0,6483.0,92081.0,362730.0,3203.0,84784.0,13960.0,75943.0,5951.0,56559.0,34950.0,17767.0,53325.0
2023-01-19,4342351.0,255714.0,935105.0,146932.0,324618.0,9599.0,140897.0,80700.0,638.0,13013.0,978.0,200745.0,275.0,26592.0,59577.0,26892.0,14387.0
2023-01-20,4671757.0,130762.0,1331305.0,68604.0,291891.0,1673.0,76078.0,36179.0,6569.0,17805.0,121739.0,81818.0,27.0,18341.0,19697.0,66274.0,1296.0
2023-01-23,6986901.0,162553.0,1450002.0,18856.0,288427.0,1216.0,171668.0,330166.0,7184.0,25129.0,5397.0,31843.0,3640.0,97736.0,4410.0,25918.0,7938.0
2023-01-24,9074076.0,134169.0,2107656.0,95736.0,632339.0,15970.0,60543.0,299807.0,11793.0,12463.0,7748.0,112065.0,3472.0,32942.0,29135.0,59050.0,9689.0
2023-01-25,11432596.0,239530.0,2479318.0,134066.0,475369.0,9200.0,45515.0,184601.0,9238.0,34912.0,17052.0,129197.0,8134.0,21967.0,106939.0,19598.0,13346.0
2023-01-26,4177451.0,251110.0,1242608.0,166167.0,708521.0,13233.0,104891.0,280826.0,14774.0,104546.0,551.0,111128.0,1141.0,27243.0,142960.0,15066.0,3931.0
2023-01-27,17102952.0,593402.0,1565654.0,123730.0,347630.0,5940.0,83205.0,186267.0,13976.0,361600.0,3613.0,183604.0,5749.0,43628.0,58493.0,62963.0,11696.0
2023-01-30,7138778.0,516668.0,1044804.0,287670.0,0.0,5453.0,40851.0,75801.0,8854.0,236460.0,698.0,173551.0,4447.0,17234.0,37462.0,31895.0,6027.0
2023-01-31,6765146.0,692967.0,2445921.0,370552.0,962559.0,51440.0,105269.0,334053.0,16669.0,5392.0,15647.0,51716.0,2624.0,67619.0,50614.0,58906.0,13288.0
2023-02-01,9267539.0,487316.0,224107.0,225780.0,552633.0,5637.0,96586.0,212669.0,3892.0,5382.0,18680.0,58870.0,12210.0,111819.0,57922.0,87585.0,3153.0
2023-02-02,7972438.0,311543.0,578481.0,187772.0,499183.0,7462.0,148509.0,167114.0,8247.0,33707.0,16902.0,264941.0,1046.0,124612.0,10143.0,27769.0,9361.0
2023-02-03,4054828.0,512250.0,1055832.0,191021.0,495514.0,6343.0,369087.0,622587.0,17890.0,26667.0,2000.0,113719.0,736.0,26081.0,20818.0,119764.0,3581.0
2023-02-06,4339228.0,84198.0,215173.0,72125.0,425198.0,10464.0,4406.0,26851.0,13102.0,10127.0,2737.0,102046.0,1389.0,38487.0,77159.0,139068.0,5935.0
2023-02-07,9271012.0,97442.0,149266.0,220844.0,387033.0,11198.0,476189.0,135672.0,13940.0,17779.0,2337.0,85978.0,5290.0,25745.0,31553.0,86956.0,1584.0
2023-02-08,6591305.0,208517.0,568445.0,81977.0,255320.0,17561.0,103921.0,1194620.0,28387.0,4328.0,10531.0,89033.0,8642.0,21837.0,23084.0,47332.0,1729.0
2023-02-09,15347845.0,131657.0,1521137.0,57721.0,221297.0,5692.0,36077.0,566252.0,14174.0,27125.0,351.0,72617.0,2702.0,28844.0,67426.0,11769.0,13585.0
2023-02-10,10479063.0,292967.0,5314950.0,31501.0,147493.0,6887.0,131378.0,78756.0,12175.0,278555.0,7944.0,58703.0,749.0,41430.0,129285.0,18974.0,14223.0
2023-02-13,3704363.0,147804.0,1090640.0,1694149.0,496989.0,15830.0,104221.0,105161.0,5760.0,37228.0,6422.0,117376.0,1514.0,638.0,3257.0,163988.0,15855.0
2023-02-14,3650026.0,279726.0,480580.0,109565.0,913233.0,20247.0,293831.0,1228727.0,2585.0,20578.0,1595.0,615451.0,7639.0,42607.0,47114.0,87520.0,5592.0
2023-02-15,5464723.0,276083.0,2005108.0,199794.0,622425.0,17977.0,217863.0,403720.0,1357.0,657151.0,15884.0,300065.0,2053.0,38280.0,37747.0,11720.0,22945.0
2023-02-16,6622766.0,502016.0,2851420.0,486796.0,632976.0,11573.0,129136.0,254650.0,6290.0,6186.0,8048.0,947299.0,355.0,46460.0,60457.0,24289.0,2951.0
2023-02-17,4895456.0,88061.0,212078.0,47359.0,369513.0,8654.0,158974.0,166960.0,2180.0,36350.0,3688.0,166842.0,343.0,50169.0,59184.0,17611.0,6447.0
2023-02-20,216139.0,40325.0,37353.0,5224.0,40263.0,10411.0,50995.0,231889.0,9742.0,66998.0,3631.0,76780.0,3583.0,1176.0,19976.0,49403.0,1440.0
2023-02-21,4331156.0,205592.0,351652.0,57098.0,217120.0,7744.0,159360.0,1105554.0,153.0,233763.0,39526.0,428165.0,2109.0,29057.0,10264.0,91803.0,1443.0
2023-02-22,4313119.0,78174.0,263918.0,173829.0,478912.0,1877.0,47015.0,231524.0,262.0,25387.0,3552.0,168884.0,275.0,17431.0,1310.0,10913.0,3650.0
2023-02-23,7625165.0,287719.0,130151.0,206201.0,400226.0,495.0,239372.0,393952.0,6090.0,1954570.0,4627.0,403649.0,4849.0,43111.0,1236.0,4287.0,16070.0
2023-02-24,4829578.0,186004.0,295876.0,45363.0,506089.0,22155.0,288968.0,260419.0,3563.0,4537.0,5843.0,61301.0,5947.0,54439.0,28359.0,150374.0,8316.0
2023-02-27,7412112.0,49264.0,482432.0,100023.0,391166.0,17115.0,285919.0,757718.0,1732.0,0.0,1686.0,777792.0,5912.0,79074.0,44606.0,0.0,7703.0
2023-02-28,10760292.0,834359.0,2135424.0,1150921.0,2046700.0,30521.0,240897.0,5625277.0,3711.0,62828.0,1568.0,244584.0,23462.0,3120498.0,44961.0,20303.0,7969.0
2023-03-01,20111742.0,90755.0,188711.0,63197.0,542743.0,7734.0,86151.0,3769799.0,2825.0,0.0,707.0,112978.0,130420.0,770528.0,29417.0,0.0,12534.0
2023-03-02,7299509.0,63989.0,566937.0,79190.0,255171.0,72091.0,143205.0,149257.0,5069.0,35823.0,12883.0,36034.0,15873.0,263827.0,33780.0,10791.0,4639.0
2023-03-03,4622687.0,115632.0,753978.0,175863.0,599367.0,25916.0,176213.0,131518.0,2641.0,0.0,28107.0,614219.0,11551.0,147471.0,53021.0,0.0,6115.0
2023-03-06,4586106.0,106521.0,1317600.0,190359.0,412605.0,14805.0,179335.0,116378.0,20770.0,0.0,24707.0,137316.0,7296.0,72796.0,21792.0,0.0,21462.0
2023-03-07,3520665.0,244753.0,326382.0,155386.0,262592.0,43472.0,576893.0,163197.0,34097.0,0.0,6646.0,189079.0,10295.0,119437.0,19347.0,0.0,11005.0
2023-03-08,2735097.0,132869.0,171138.0,86527.0,464671.0,313406.0,146765.0,280568.0,37853.0,0.0,8081.0,186258.0,39246.0,65228.0,54290.0,0.0,3392.0
2023-03-09,3896396.0,51498.0,379819.0,45772.0,303921.0,22375.0,184923.0,727890.0,18801.0,726.0,6977.0,122545.0,7545.0,160806.0,71970.0,253523.0,13015.0
2023-03-10,5144534.0,234544.0,1191615.0,95408.0,106825.0,31865.0,157646.0,194925.0,11115.0,2280.0,8047.0,98067.0,1474.0,50846.0,19081.0,50268.0,157.0
2023-03-13,4864747.0,221711.0,860832.0,120575.0,669886.0,121123.0,125553.0,199345.0,41904.0,0.0,2525.0,111130.0,45259.0,27684.0,80249.0,0.0,1649.0
2023-03-14,8010652.0,115324.0,172250.0,220381.0,459617.0,26240.0,145037.0,818696.0,6791.0,74.0,645.0,82310.0,86483.0,74811.0,93824.0,41884.0,51844.0
2023-03-15,15027576.0,332036.0,621361.0,186013.0,624376.0,68856.0,120840.0,993323.0,21227.0,48649.0,27589.0,835907.0,138046.0,85161.0,114219.0,3955.0,5702.0
2023-03-16,9236815.0,573747.0,1886471.0,253277.0,771252.0,70231.0,398198.0,174621.0,1729.0,1619.0,4105.0,2808407.0,20426.0,168106.0,36049.0,16695.0,4655.0
2023-03-17,7243872.0,2176660.0,5069042.0,894210.0,2054982.0,859288.0,402841.0,20089398.0,187369.0,2744.0,8330.0,678465.0,124351.0,170343.0,484247.0,136998.0,10485.0
2023-03-21,2656243.0,39248.0,156630.0,106336.0,415889.0,3930863.0,181893.0,1336107.0,122473.0,384.0,10775.0,69033.0,480.0,39177.0,85770.0,24762.0,7250.0
2023-03-22,4543865.0,364963.0,253688.0,94025.0,558502.0,19873.0,277631.0,336829.0,3329.0,3629.0,27046.0,56824.0,831.0,18498.0,8930.0,51895.0,35624.0
2023-03-23,8728507.0,79612.0,657906.0,157873.0,317102.0,16617.0,48792.0,115918.0,565235.0,250.0,3624.0,40386.0,628.0,25630.0,7268.0,55475.0,60596.0
2023-03-24,2886134.0,749724.0,196886.0,39770.0,287114.0,20415.0,147367.0,143366.0,11312.0,420.0,1212.0,2136811.0,77561.0,46194.0,244404.0,7859.0,20483.0
2023-03-27,3538882.0,176114.0,1282472.0,94281.0,440333.0,41190.0,125206.0,169486.0,226679.0,407.0,8558.0,246634.0,10470.0,13602.0,18854.0,33825.0,72692.0
2023-03-28,2498340.0,335922.0,179196.0,168816.0,481953.0,7009.0,15889.0,65160.0,4872.0,815.0,4765.0,442091.0,5723.0,144316.0,184878.0,8563.0,16543.0
2023-03-29,2167508.0,279957.0,289544.0,124717.0,613166.0,13469.0,81465.0,3026802.0,20623.0,350.0,496.0,142922.0,199270.0,29929.0,9781.0,43330.0,7731.0
2023-03-30,3071543.0,257571.0,1848562.0,35311.0,387705.0,26835.0,124012.0,4743855.0,6970.0,1250.0,11178.0,140681.0,3672.0,99116.0,13805.0,59356.0,13634.0
2023-03-31,3719322.0,184777.0,211965.0,195780.0,443479.0,31423.0,61758.0,431692.0,4592.0,33782.0,2973.0,162355.0,282.0,15256.0,3824.0,3204.0,10078.0
2023-04-03,9371127.0,101356.0,33900.0,23859.0,146448.0,4843.0,53692.0,297620.0,105890.0,3062.0,61010.0,131574.0,430.0,6634.0,22939.0,5919.0,18900.0
2023-04-04,4966824.0,182872.0,658709.0,78340.0,347406.0,11666.0,30638.0,490396.0,68679.0,1630.0,5104.0,48162.0,530.0,105719.0,1054.0,154180.0,9814.0
2023-04-05,1483413.0,203978.0,890554.0,267755.0,315587.0,7452.0,119219.0,252390.0,12919.0,295.0,53211.0,172385.0,3249.0,13346.0,18979.0,32348.0,25817.0
2023-04-10,2932430.0,168040.0,1199278.0,103130.0,345210.0,7409.0,45810.0,528457.0,23229.0,1994.0,52001.0,169997.0,3084.0,107920.0,62966.0,17223.0,19570.0
2023-04-11,5116689.0,476769.0,1514093.0,200750.0,447396.0,25510.0,303459.0,1112877.0,28859.0,19177.0,72131.0,857380.0,7501.0,68837.0,119693.0,114839.0,3319.0
2023-04-12,6354579.0,443275.0,2200434.0,102032.0,535901.0,12094.0,122893.0,66801.0,26907.0,1398.0,2358.0,76726.0,330.0,255733.0,223568.0,48403.0,21925.0
2023-04-13,1633921.0,212905.0,77947.0,131662.0,747668.0,5764360.0,139518.0,131977.0,22724.0,208296.0,152814.0,124938.0,4981.0,82377.0,574363.0,43834.0,19636.0
2023-04-17,4362363.0,168628.0,494552.0,223114.0,630361.0,5730.0,98098.0,576499.0,21615.0,8392.0,6749.0,171116.0,13417.0,29972.0,248394.0,114970.0,19164.0
2023-04-18,4410073.0,101103.0,384451.0,703042.0,384260.0,15710.0,43536.0,157652.0,6797.0,30840.0,157616.0,80796.0,5257.0,140533.0,350790.0,66510.0,6846.0
2023-04-19,2257821.0,177613.0,325185.0,181559.0,580632.0,401.0,23554.0,230417.0,12130.0,2053.0,4977.0,236076.0,1824.0,12187.0,10411.0,69814.0,13670.0
2023-04-20,6702508.0,50687.0,418249.0,117368.0,419326.0,16684.0,16528.0,135679.0,850.0,87912.0,1935.0,6339.0,2114.0,14843.0,26408.0,9174.0,9621.0
2023-04-21,4636042.0,132272.0,1450774.0,29925.0,437761.0,2368.0,58199.0,33170.0,2511.0,519.0,2532.0,330218.0,3085.0,16986.0,45045.0,9662.0,17741.0
2023-04-24,4944020.0,154885.0,213520.0,80880.0,304517.0,12344.0,52769.0,75018.0,3998.0,5108.0,26575.0,80564.0,3201.0,66720.0,43141.0,89457.0,5382.0
2023-04-25,13644209.0,158950.0,251322.0,40861.0,409572.0,5583.0,151956.0,80867.0,5513.0,141.0,47860.0,58330.0,4734.0,49046.0,1027341.0,2786.0,6955.0
2023-04-26,17871151.0,305162.0,185061.0,148337.0,663376.0,15562.0,47839.0,155350.0,29142.0,974.0,47950.0,94307.0,892.0,38211.0,14697.0,27384.0,3311.0
2023-04-27,7471579.0,279775.0,985614.0,38295.0,799171.0,7756.0,85560.0,244364.0,62916.0,117.0,40526.0,33622.0,34461.0,205655.0,12548.0,67210.0,12271.0
2023-04-28,5599669.0,240075.0,2272110.0,148049.0,436722.0,28178.0,67217.0,258935.0,112258.0,4589.0,73654.0,144976.0,20330.0,29150.0,115404.0,83711.0,20282.0
2023-05-02,13816971.0,323981.0,739586.0,65235.0,504034.0,63190.0,153623.0,255843.0,134367.0,3195.0,9194.0,121538.0,19760.0,99183.0,28384.0,6863.0,7889.0
2023-05-03,8038527.0,256830.0,809282.0,68196.0,281913.0,73066.0,117583.0,157557.0,29048.0,2262.0,7767.0,130867.0,32792.0,25567.0,47551.0,79947.0,5754.0
2023-05-04,9881513.0,215288.0,41779.0,148952.0,388848.0,34572.0,88864.0,151873.0,30406.0,1508.0,2489.0,107467.0,9092.0,77089.0,14801.0,393705.0,2093.0
2023-05-05,5986789.0,186284.0,425522.0,172145.0,224397.0,28124.0,34393.0,50900.0,42629.0,967.0,8495.0,39376.0,6527.0,3658.0,54514.0,269756.0,5114.0
2023-05-08,2877842.0,603058.0,112631.0,27690.0,139998.0,34029.0,14728.0,977516.0,4866.0,2219.0,15341.0,41297.0,11506.0,131651.0,35806.0,244763.0,8059.0
2023-05-09,3485287.0,171632.0,94462.0,30411.0,0.0,7720.0,29533.0,39265.0,5371.0,734.0,1229.0,54521.0,802.0,15274.0,17071.0,56667.0,5020.0
2023-05-10,1632876.0,201962.0,326441.0,54391.0,343493.0,245.0,190231.0,69408.0,1969.0,22.0,5292.0,2261.0,10453.0,230003.0,4935.0,398.0,780.0
2023-05-11,5735378.0,220495.0,252871.0,929701.0,1273798.0,2632.0,71672.0,736774.0,3403.0,381.0,6730.0,52085.0,1645.0,46134.0,20814.0,6217.0,2838.0
2023-05-12,4617782.0,178021.0,312317.0,365737.0,466002.0,96081.0,149060.0,184930.0,4641.0,117171.0,4217.0,124461.0,13005.0,31702.0,28143.0,1317.0,2637.0
2023-05-15,1896365.0,288445.0,183052.0,164257.0,383473.0,20792.0,334721.0,23034.0,3761.0,736.0,1154.0,3841.0,993.0,9281.0,27382.0,3446.0,10068.0
2023-05-16,2894034.0,100330.0,89888.0,263791.0,466568.0,5427.0,105915.0,65067.0,6265.0,57691.0,473.0,4153.0,56.0,46140.0,28879.0,14513.0,5908.0
2023-05-17,3505405.0,129600.0,125483.0,176171.0,470358.0,17582.0,28384.0,118041.0,433.0,546.0,1947.0,25814.0,188.0,3849.0,526991.0,4616.0,3697.0
2023-05-18,2979190.0,204110.0,375777.0,147700.0,344608.0,28761.0,237065.0,300594.0,3576.0,7325.0,1458.0,42389.0,1373.0,2739.0,139718.0,14185.0,1000.0
2023-05-19,2164202.0,45149.0,47842.0,119245.0,240956.0,118.0,22349.0,130405.0,599.0,597.0,397.0,26867.0,211.0,16738.0,53147.0,242.0,1776.0
2023-05-23,2039006.0,227737.0,55149.0,381718.0,666084.0,800.0,42799.0,86540.0,11240.0,436.0,5267.0,14736.0,1205.0,49630.0,15121.0,5935.0,1432.0
2023-05-24,1375488.0,56687.0,54018.0,60554.0,286634.0,1003.0,35509.0,20955.0,6139.0,39387.0,3181.0,27691.0,482.0,29096.0,20987.0,11675.0,7826.0
2023-05-25,1853350.0,181248.0,215777.0,191242.0,358343.0,0.0,0.0,58310.0,0.0,4302.0,4385.0,11846.0,117.0,11518.0,3625.0,94673.0,7543.0
2023-05-26,992708.0,120791.0,1199454.0,57625.0,282144.0,0.0,0.0,31753.0,0.0,3493.0,11028.0,32704.0,137.0,36933.0,2266.0,14029.0,4002.0
2023-05-29,294344.0,69246.0,48493.0,534908.0,551072.0,0.0,0.0,108118.0,0.0,3183.0,2084.0,4837.0,835.0,32449.0,10887.0,1113.0,5839.0
2023-05-30,5553440.0,208541.0,276091.0,122731.0,483303.0,0.0,0.0,271909.0,0.0,10638.0,10562.0,33679.0,983.0,36640.0,9928.0,17476.0,4387.0
2023-05-31,3241967.0,2527866.0,1320487.0,887804.0,2094950.0,0.0,0.0,1084947.0,0.0,600.0,316523.0,382727.0,22390.0,1043278.0,402132.0,357263.0,17502.0
2023-06-01,1730206.0,136384.0,388280.0,418482.0,627997.0,0.0,0.0,913329.0,0.0,13762.0,526603.0,113625.0,16534.0,85999.0,133677.0,407072.0,5749.0
2023-06-02,2059397.0,241778.0,436713.0,226658.0,579191.0,0.0,0.0,2517815.0,0.0,980.0,24143.0,469191.0,4355.0,25202.0,46166.0,242359.0,3408.0
2023-06-05,1646721.0,38513.0,501960.0,183759.0,271809.0,0.0,0.0,546660.0,0.0,33995.0,74494.0,69281.0,230849.0,29295.0,15600.0,37007.0,11248.0
2023-06-06,2777808.0,270244.0,2210299.0,106487.0,876642.0,0.0,0.0,1085969.0,0.0,18658.0,108648.0,419961.0,16537.0,103770.0,115189.0,125225.0,10788.0
2023-06-07,2716894.0,131662.0,716864.0,406409.0,660591.0,0.0,0.0,551580.0,0.0,50289.0,40049.0,414824.0,16768.0,57873.0,71360.0,30327.0,7190.0
2023-06-08,3050800.0,73353.0,270698.0,61145.0,186725.0,0.0,0.0,598101.0,0.0,7614.0,20488.0,47867.0,1153.0,33322.0,9817.0,20992.0,3453.0
2023-06-13,1997559.0,146051.0,308115.0,87650.0,382623.0,0.0,0.0,159263.0,0.0,1031.0,25176.0,102227.0,289.0,124109.0,146117.0,190124.0,18789.0
2023-06-14,1530465.0,472820.0,236368.0,140833.0,127344.0,0.0,0.0,1803795.0,0.0,4033.0,43452.0,50415.0,1374.0,177312.0,78196.0,113602.0,3692.0
2023-06-15,2787163.0,459949.0,102690.0,124502.0,372360.0,0.0,0.0,165304.0,0.0,12317.0,9529.0,48336.0,1335.0,12622.0,6435.0,244272.0,11156.0
2023-06-16,9259418.0,1071480.0,510777.0,366496.0,1052756.0,84643.0,1088877.0,96266.0,73692.0,31710.0,149663.0,39761.0,2887.0,8685.0,31777.0,44113.0,6389.0
2023-06-20,5475954.0,407777.0,275424.0,107515.0,457097.0,38448.0,614842.0,221063.0,10631.0,12770.0,45752.0,151399.0,269.0,8254.0,4895.0,2747.0,3874.0
2023-06-21,4023686.0,201950.0,785621.0,45712.0,182120.0,564.0,180443.0,86727.0,48575.0,78.0,4760.0,28878.0,4053.0,11101.0,12876.0,59869.0,2012.0
2023-06-22,2222590.0,100339.0,89438.0,66551.0,379296.0,6177.0,90539.0,575844.0,1853.0,3632.0,10662.0,33565.0,5.0,5631.0,4324.0,54849.0,2814.0
2023-06-23,2057088.0,173066.0,228560.0,37081.0,182681.0,41766.0,55268.0,52931.0,969.0,19.0,171.0,6942.0,2178.0,3912.0,13148.0,42657.0,2191.0
2023-06-26,1250225.0,146187.0,374201.0,54303.0,252702.0,13677.0,40683.0,3614.0,16023.0,62929.0,1375.0,7898.0,3869.0,11573.0,4217.0,100326.0,7109.0
2023-06-27,2534263.0,220394.0,505532.0,164050.0,544130.0,4731.0,53514.0,173823.0,20726.0,519.0,8935.0,86549.0,2427.0,63081.0,7369.0,47181.0,4109.0
2023-06-28,1729947.0,89459.0,116838.0,61578.0,182126.0,493.0,24831.0,14678.0,466.0,6470.0,1103.0,28577.0,351.0,10975.0,118513.0,430641.0,10103.0
2023-06-29,3885081.0,113308.0,652147.0,425622.0,399760.0,707.0,302571.0,272215.0,1898.0,51293.0,4461.0,9595.0,517.0,23615.0,40802.0,119466.0,1261.0
2023-06-30,2786231.0,122418.0,378974.0,410573.0,617216.0,11662.0,66245.0,300418.0,4886.0,24138.0,1131.0,61963.0,307.0,10040.0,10024.0,132049.0,2402.0
2023-07-04,242094.0,53473.0,212077.0,25749.0,55471.0,490.0,46970.0,51430.0,5475.0,12366.0,1308.0,28642.0,3467.0,956.0,7921.0,28688.0,1505.0
2023-07-05,1698983.0,834694.0,535183.0,1639697.0,1762695.0,917.0,77440.0,214317.0,36465.0,2639.0,424.0,65022.0,10242.0,3447.0,17589.0,49303.0,5346.0
2023-07-06,1362332.0,379541.0,81403.0,129682.0,475023.0,1464.0,105000.0,156153.0,3796.0,1840.0,48909.0,31055.0,2581.0,34147.0,45885.0,222012.0,3705.0
2023-07-07,4169861.0,279703.0,5398235.0,237536.0,265167.0,4838.0,92068.0,327086.0,13144.0,9987.0,9340.0,71193.0,2801.0,7436.0,12686.0,105917.0,3957.0
2023-07-10,2674017.0,129993.0,100117.0,38263.0,434431.0,12559.0,65470.0,240726.0,7849.0,8096.0,12088.0,48618.0,6979.0,3190.0,19280.0,15622.0,2667.0
2023-07-11,8395624.0,211684.0,1039755.0,77629.0,326973.0,26164.0,313918.0,377486.0,20448.0,31120.0,3042.0,244429.0,8945.0,61592.0,7554.0,146754.0,824.0
2023-07-12,2811015.0,470887.0,205747.0,89961.0,495275.0,5671.0,184290.0,114706.0,38833.0,17943.0,7828.0,162697.0,34644.0,13562.0,10318.0,523324.0,4061.0
2023-07-13,5176500.0,296298.0,360342.0,106683.0,532502.0,4246.0,100586.0,259281.0,3174.0,3327.0,3602.0,172335.0,13147.0,26472.0,32386.0,219193.0,3666.0
2023-07-14,3534854.0,512540.0,193999.0,82829.0,276103.0,1115.0,79942.0,127720.0,66754.0,2603.0,7922.0,32893.0,2029.0,18079.0,48302.0,6374.0,3316.0
2023-07-17,1900688.0,115754.0,169532.0,56803.0,304231.0,56833.0,134914.0,390828.0,5104.0,574.0,6052.0,62755.0,5203.0,5021.0,1955.0,56419.0,847.0
2023-07-18,974314.0,82071.0,567801.0,86186.0,321233.0,2624.0,181429.0,1302819.0,195.0,12808.0,5261.0,51881.0,1990.0,6659.0,455327.0,153300.0,14983.0
2023-07-19,3890027.0,247152.0,1629767.0,234138.0,592702.0,12555.0,128472.0,447840.0,13058.0,11134.0,9629.0,195784.0,7404.0,16559.0,83862.0,118071.0,3312.0
2023-07-21,2083141.0,192379.0,357963.0,106515.0,320913.0,15369.0,98397.0,206186.0,10262.0,15490.0,9196.0,104471.0,5292.0,86839.0,13230.0,5235.0,6416.0
2023-07-24,4709605.0,79294.0,224616.0,146605.0,290803.0,4869.0,100850.0,343243.0,385.0,46960.0,4682.0,54919.0,3851.0,20190.0,3141.0,28709.0,3388.0
2023-07-25,10164221.0,111484.0,251235.0,298797.0,219478.0,1240.0,99804.0,158622.0,1013.0,25475.0,115.0,31492.0,1773.0,45229.0,78966.0,49447.0,4986.0
2023-07-26,3579686.0,228514.0,824438.0,129924.0,216167.0,4005.0,95822.0,313723.0,3698.0,37344.0,3528.0,107190.0,9346.0,22655.0,128097.0,16404.0,7574.0
2023-07-27,2183614.0,199869.0,793603.0,127612.0,778142.0,2438.0,86991.0,1433562.0,3657.0,11131.0,481.0,80395.0,2991.0,19901.0,28861.0,26118.0,4148.0
2023-07-28,2395808.0,29441.0,451922.0,27792.0,561780.0,17223.0,265895.0,124864.0,14702.0,6618.0,1511.0,4348.0,1671.0,2900.0,3925.0,13330.0,4259.0
2023-08-01,2997101.0,76797.0,416118.0,103093.0,846854.0,10322.0,67684.0,119856.0,21296.0,14008.0,8290.0,26653.0,186.0,23989.0,22336.0,164085.0,3959.0
2023-08-02,2962515.0,196205.0,457106.0,88620.0,591585.0,577.0,228997.0,140495.0,1209.0,7362.0,1433.0,128756.0,254.0,9552.0,2135.0,15297.0,3785.0
2023-08-03,6699148.0,64767.0,189272.0,59472.0,317800.0,9189.0,145110.0,98031.0,3562.0,8950.0,4068.0,112597.0,3135.0,13392.0,1783.0,16919.0,5381.0
2023-08-08,2835644.0,161024.0,38799.0,72924.0,324749.0,6285.0,132391.0,128202.0,105.0,36205.0,1242.0,51675.0,2015.0,1602.0,647.0,88001.0,1000.0
2023-08-09,8513993.0,372041.0,969501.0,110517.0,788133.0,3807.0,65988.0,95004.0,6748.0,9838.0,11583.0,249361.0,8167.0,9669.0,6203.0,1060717.0,33908.0
2023-08-10,2157838.0,118139.0,385066.0,106031.0,1197657.0,11042.0,31162.0,285080.0,13605.0,11144.0,6694.0,91090.0,10362.0,18608.0,17945.0,81822.0,4291.0
2023-08-11,4085.0,687764106.0,431017026.0,1061780836.0,1012.0,124826280.0,973811570.0,511381808.0,406637989.0,135355816.0,59266628.0,320070719.0,116396330.0,406840620.0,367391160.0,57012740.0,21328930.0
2023-08-14,1327110.0,88118.0,632993.0,45792.0,194544.0,378.0,132435.0,203166.0,4828.0,32664.0,902.0,27505.0,4377.0,858.0,3813.0,83910.0,2562.0
2023-08-15,2308542.0,54953.0,319993.0,20621.0,354075.0,2129.0,125613.0,370333.0,9994.0,16070.0,9159.0,44609.0,837.0,70190.0,26594.0,1853.0,6062.0
2023-08-16,3670828.0,233167.0,587678.0,120729.0,442265.0,9723.0,83676.0,155545.0,33428.0,8572.0,4671.0,47109.0,1005.0,30051.0,22568.0,177076.0,10841.0
2023-08-17,589643.0,673660.0,123695.0,118218.0,184812.0,4209.0,105810.0,108509.0,1766.0,15399.0,3105.0,37970.0,1011.0,3314.0,1118.0,3746.0,3058.0
2023-08-18,1326201.0,147170.0,189255.0,67506.0,120063.0,1919.0,62674.0,188359.0,3234.0,37224.0,3932.0,60734.0,750.0,7764.0,10629.0,28064.0,2221.0
2023-08-22,2365736.0,296569.0,495058.0,172672.0,487665.0,10865.0,114690.0,234043.0,15871.0,14268.0,5684.0,55249.0,397.0,183186.0,90304.0,173149.0,4887.0
2023-08-23,1838690.0,266518.0,637611.0,176497.0,276451.0,1473.0,62099.0,201950.0,3180.0,47676.0,3347.0,78981.0,551.0,58048.0,38994.0,11479.0,893649.0
2023-08-24,4138161.0,142391.0,489664.0,195245.0,311990.0,4997.0,52138.0,197254.0,24377.0,34507.0,4752.0,36277.0,4812.0,31360.0,4017.0,2856.0,2573.0
2023-08-25,7548139.0,110793.0,166996.0,128030.0,304308.0,7896.0,75772.0,243904.0,21218.0,22692.0,13735.0,54457.0,3591.0,38310.0,25628.0,14590.0,20502.0
2023-08-28,5446812.0,76990.0,239763.0,101764.0,221143.0,3432.0,280785.0,233829.0,115.0,74003.0,7257.0,21640.0,201.0,25513.0,9525.0,2122.0,2930.0
2023-08-29,5360637.0,283968.0,433119.0,103718.0,275395.0,9244.0,161823.0,556351.0,34530.0,1027844.0,13385.0,511259.0,3373.0,32354.0,31532.0,52234.0,4641.0
2023-08-30,4698598.0,88387.0,284095.0,124669.0,280834.0,13421.0,137333.0,498012.0,4248.0,394216.0,7178.0,151276.0,7601.0,25873.0,42471.0,127858.0,6141.0
2023-08-31,8043923.0,899504.0,2157381.0,555977.0,1441109.0,22335.0,4346280.0,19385969.0,109023.0,776929.0,12748.0,460100.0,6234.0,885069.0,803958.0,286847.0,5968.0
2023-09-01,988501.0,660817.0,131564.0,73092.0,272273.0,36576.0,1265662.0,3845342.0,7324.0,70919.0,8109.0,127853.0,12223.0,409283.0,8481.0,4777.0,4754.0
2023-09-04,264509.0,32857.0,12499.0,4444.0,14081.0,34567.0,125444.0,252821.0,103.0,8283.0,4828.0,127321.0,3998.0,8693.0,1067.0,6860.0,1603.0
2023-09-05,3513747.0,409157.0,224864.0,65835.0,842266.0,21829.0,180583.0,220487.0,3125.0,387546.0,11203.0,104813.0,5896.0,16381.0,11482.0,15691.0,2307.0
2023-09-06,4406266.0,195294.0,414140.0,165074.0,328799.0,32877.0,151737.0,816033.0,7746.0,611681.0,53550.0,149773.0,13736.0,47513.0,14990.0,17443.0,12203.0
2023-09-07,3539191.0,179901.0,1264743.0,76983.0,492817.0,46254.0,1340490.0,9534074.0,13365.0,440873.0,26608.0,199065.0,8090.0,40242.0,27104.0,48480.0,9070.0
2023-09-08,3378947.0,118123.0,247171.0,21273.0,256433.0,7879.0,462335.0,1467550.0,3885.0,1361328.0,30257.0,105333.0,3061.0,16032.0,9010.0,18666.0,1593.0
2023-09-11,2430673.0,677189.0,82877.0,38746.0,307054.0,6204.0,202181.0,117670.0,153.0,557893.0,2337.0,92974.0,11133.0,64758.0,28509.0,5703.0,437.0
2023-09-12,5899237.0,1128022.0,440127.0,80507.0,431950.0,24140.0,362849.0,1089662.0,26844.0,481123.0,42727.0,104052.0,8490.0,99133.0,3401.0,171290.0,374.0
2023-09-13,2775262.0,636761.0,2641268.0,180752.0,336225.0,17646.0,4648023.0,528927.0,4495.0,574955.0,16042.0,45852.0,63960.0,77745.0,31398.0,10161.0,662.0
2023-09-14,4456154.0,62299.0,2156166.0,120478.0,382894.0,306658.0,174587.0,1495085.0,68751.0,678858.0,25130.0,76742.0,254169.0,341192.0,235439.0,4206.0,144.0
2023-09-15,8248170.0,2319191.0,5086238.0,2096475.0,2327700.0,262799.0,579481.0,2053445.0,160714.0,1147899.0,9154.0,783828.0,158150.0,356990.0,5553745.0,9022.0,10361.0
2023-09-18,2094746.0,59854.0,865160.0,495936.0,419316.0,254009.0,320140.0,265169.0,7798.0,582382.0,13234.0,83830.0,5732.0,102182.0,73106.0,5649.0,5693.0
2023-09-19,5320123.0,391767.0,238290.0,112171.0,438213.0,7765.0,99770.0,72565.0,4697.0,1058637.0,6045.0,242941.0,31923.0,23743.0,172213.0,10370.0,11912.0
2023-09-20,7651789.0,148699.0,130826.0,721794.0,233912.0,16745.0,342877.0,177721.0,565.0,479430.0,12860.0,117554.0,4263.0,24900.0,180193.0,11756.0,4217.0
2023-09-21,6845300.0,301972.0,213693.0,571621.0,561341.0,5670.0,169634.0,229250.0,87.0,463368.0,4050.0,95798.0,8460.0,4902.0,9127.0,17975.0,7705.0
2023-09-22,12185823.0,125067.0,1676746.0,182162.0,367017.0,8685.0,148180.0,341503.0,92.0,455263.0,6147.0,14234.0,8093.0,117.0,36809.0,58902.0,7200.0
2023-09-25,9026013.0,516277.0,87931.0,73588.0,780204.0,30381.0,137502.0,59072.0,39.0,447443.0,31604.0,99599.0,2495.0,4784.0,9539.0,72749.0,12388.0
2023-09-26,15081201.0,303486.0,490379.0,245518.0,753451.0,5436.0,340194.0,736494.0,52.0,973228.0,3897.0,111266.0,2681.0,32602.0,17260.0,15401.0,10169.0
2023-09-27,13683348.0,557509.0,766021.0,167018.0,529444.0,5933.0,346548.0,619562.0,21432.0,1736362.0,24589.0,305085.0,1657.0,43529.0,50015.0,8964.0,2994.0
2023-09-28,6752718.0,146385.0,187729.0,153479.0,372007.0,16484.0,484445.0,4004655.0,7878.0,1233004.0,11246.0,215516.0,4724.0,23150.0,136063.0,143960.0,12642.0
2023-09-29,5947252.0,178828.0,384957.0,270909.0,674486.0,32637.0,291574.0,3534921.0,3408.0,1211771.0,5107.0,299453.0,7231.0,32108.0,184307.0,102270.0,11754.0
2023-10-02,7263625.0,304565.0,30612.0,17691.0,138067.0,61930.0,121116.0,386382.0,5969.0,1096634.0,2466.0,136753.0,585.0,7341.0,26409.0,6802.0,7582.0
2023-10-03,3929995.0,275865.0,222561.0,131850.0,589387.0,6280.0,675222.0,834528.0,5234.0,500429.0,17154.0,54279.0,7727.0,27701.0,7162.0,174457.0,11771.0
2023-10-04,6808446.0,75374.0,115661.0,25970.0,367389.0,6381.0,611517.0,304041.0,66439.0,361877.0,2303.0,126324.0,2097.0,4569.0,45174.0,9372.0,4948.0
2023-10-05,2323044.0,181297.0,25183.0,58818.0,215761.0,30949.0,100712.0,254705.0,141406.0,128167.0,1127.0,245162.0,2038.0,9649.0,6485.0,40779.0,1475.0
2023-10-06,5006039.0,70602.0,983173.0,57533.0,204410.0,11079.0,104177.0,293794.0,10973.0,991108.0,1146.0,125173.0,1105.0,25693.0,8069.0,170456.0,45697.0
2023-10-09,9458486.0,48391.0,267045.0,15881.0,187890.0,3325.0,104811.0,988553.0,202.0,509493.0,3926.0,171753.0,1732.0,773.0,12305.0,125807.0,11347.0
2023-10-10,1472519.0,167572.0,119888.0,128294.0,249190.0,1185.0,137683.0,369258.0,603.0,1091891.0,335.0,426180.0,274.0,836.0,14206.0,35732.0,3071.0
2023-10-11,4191759.0,336706.0,326766.0,95879.0,366383.0,2092.0,106710.0,294743.0,143.0,625465.0,5203.0,226018.0,1642.0,4551.0,1438.0,54269.0,1557.0
2023-10-12,8764499.0,113166.0,353675.0,55765.0,438295.0,3234.0,178584.0,828533.0,714.0,99192.0,5397.0,263919.0,1323.0,33300.0,7456.0,110141.0,739.0
2023-10-13,6325395.0,118157.0,164295.0,32749.0,319217.0,4514.0,101247.0,175256.0,3890.0,1257737.0,1442.0,42071.0,1183.0,14068.0,4182.0,11998.0,3240.0
2023-10-17,1474056.0,109030.0,331664.0,112037.0,371750.0,18616.0,130146.0,891007.0,5846.0,1886859.0,12157.0,861603.0,2069.0,19006.0,11444.0,76105.0,14788.0
2023-10-18,3205582.0,200362.0,205616.0,60474.0,352772.0,8652.0,129188.0,1598866.0,15492.0,691343.0,5463.0,203125.0,2033.0,5838.0,19651.0,852954.0,2888.0
2023-10-19,5958099.0,150404.0,294720.0,77953.0,215074.0,15672.0,106976.0,891042.0,11527.0,163546.0,8874.0,257452.0,3526.0,12703.0,17086.0,152727.0,15275.0
2023-10-20,7005109.0,267701.0,396847.0,166473.0,354217.0,16920.0,129907.0,168603.0,27969.0,32905.0,10681.0,523266.0,2528.0,9554.0,31116.0,67731.0,10810.0
2023-10-23,2671569.0,75084.0,145881.0,76158.0,117145.0,10879.0,95001.0,529672.0,4815.0,1983970.0,13973.0,113991.0,4726.0,4641.0,5961.0,47529.0,4157.0
2023-10-24,2457161.0,45517.0,3059528.0,71420.0,115245.0,11447.0,101553.0,187575.0,185.0,942730.0,4049.0,29450.0,1668.0,6031.0,329545.0,72521.0,7677.0
2023-10-25,1636778.0,81564.0,137443.0,68615.0,227141.0,6078.0,50174.0,284610.0,22599.0,892837.0,1806.0,37828.0,2478.0,699.0,699.0,10759.0,3452.0
2023-10-26,3692565.0,280505.0,301394.0,101641.0,118849.0,4821.0,34994.0,1317792.0,37867.0,133736.0,3287.0,92407.0,1662.0,14553.0,6944.0,128807.0,2179.0
2023-10-27,1191949.0,325817.0,181358.0,29731.0,143291.0,5707.0,237333.0,55274.0,11395.0,24489.0,10499.0,88136.0,1123.0,24376.0,8020.0,109098.0,9600.0
2023-10-30,2829265.0,114894.0,242559.0,28540.0,252147.0,15302.0,48415.0,65909.0,14903.0,7505.0,2744.0,112962.0,7298.0,40334.0,67413.0,90607.0,2683.0
2023-10-31,5020434.0,147541.0,3632949.0,36451.0,424654.0,7775.0,36265.0,180029.0,77.0,25056.0,10448.0,8620.0,4348.0,1591.0,3318.0,115848.0,9095.0
2023-11-01,6001824.0,130996.0,208756.0,91972.0,383625.0,12201.0,220288.0,66364.0,2167.0,42993.0,65545.0,151646.0,3738.0,44769.0,13522.0,43669.0,1143.0
2023-11-02,1228867.0,54147.0,102171.0,93008.0,188192.0,7135.0,12728.0,163895.0,6094.0,28747.0,52330.0,25523.0,1278.0,709717.0,1839.0,133749.0,5061.0
2023-11-03,2410303.0,185328.0,221077.0,51978.0,94944.0,7516.0,23113.0,91883.0,30223.0,2194370.0,13469.0,22827.0,4812.0,66746.0,9645.0,53668.0,5128.0
2023-11-07,7028953.0,187673.0,185949.0,315806.0,161748.0,3613.0,303495.0,624381.0,5290.0,0.0,2682.0,56228.0,3001.0,2671.0,1803690.0,24319.0,4234.0
2023-11-08,3140392.0,65701.0,88386.0,74218.0,218642.0,6147.0,136305.0,396397.0,100.0,0.0,3678.0,30558.0,1320.0,9159.0,10725.0,31167.0,4627.0
2023-11-09,3248223.0,124274.0,13793.0,108004.0,264365.0,4709.0,150948.0,252343.0,211.0,0.0,714.0,57946.0,2978.0,4313.0,3968.0,35405.0,6818.0
2023-11-10,2714615.0,197106.0,52475.0,51282.0,182404.0,16852.0,633523.0,321402.0,3332.0,0.0,5847.0,86449.0,2169.0,8331.0,48851.0,64373.0,3560.0
2023-11-14,2136750.0,191875.0,93084.0,33248.0,288792.0,2347.0,440118.0,565722.0,3369.0,0.0,1167.0,37713.0,1126.0,6023.0,25783.0,103257.0,38550.0
2023-11-15,5642606.0,410070.0,114170.0,73794.0,592255.0,4774.0,137799.0,181724.0,5737.0,0.0,10060.0,120809.0,1183.0,4436.0,71261.0,104771.0,12364.0
2023-11-16,7083452.0,309314.0,75221.0,131991.0,482654.0,8407.0,195993.0,1642178.0,2518.0,0.0,134.0,59807.0,1908.0,19423.0,54974.0,55168.0,25637.0
2023-11-17,15778986.0,229176.0,976067.0,55757.0,502381.0,7432.0,523099.0,6335718.0,114432.0,0.0,39229.0,338030.0,11042.0,37104.0,113142.0,171731.0,11649.0
2023-11-20,4925112.0,213241.0,803456.0,47294.0,151313.0,13816.0,138008.0,697746.0,6669.0,0.0,61896.0,83496.0,8983.0,18868.0,12799.0,133353.0,3576.0
2023-11-21,3394906.0,117724.0,278800.0,33987.0,307602.0,21466.0,810349.0,631978.0,6489.0,0.0,650.0,257695.0,13518.0,23075.0,33485.0,90172.0,15829.0
2023-11-22,3351513.0,244624.0,479834.0,91316.0,608687.0,27430.0,483600.0,347862.0,1037.0,0.0,5129.0,226432.0,8773.0,220294.0,2584.0,53269.0,3663.0
2023-11-23,685504.0,252668.0,272520.0,11174.0,41296.0,5039.0,224151.0,541833.0,893.0,0.0,2148.0,77620.0,2498.0,9580.0,2073.0,113013.0,1251.0
2023-11-24,6234950.0,333701.0,270357.0,6239.0,116063.0,14022.0,115611.0,370130.0,192.0,0.0,7978.0,471498.0,1810.0,5671.0,6314.0,40548.0,325.0
2023-11-27,3056721.0,342329.0,625229.0,41246.0,289503.0,7020.0,235356.0,2730690.0,2394.0,0.0,13881.0,72330.0,2049.0,44632.0,9404.0,218606.0,8119.0
2023-11-28,1439171.0,171786.0,1879178.0,119309.0,231942.0,8457.0,355343.0,1329441.0,69249.0,0.0,47995.0,77970.0,2798.0,11296.0,14611.0,243835.0,11258.0
2023-11-29,2550560.0,568118.0,328147.0,129001.0,439782.0,33574.0,720024.0,684921.0,5431.0,0.0,22765.0,71059.0,7069.0,27935.0,102653.0,70925.0,2828.0
2023-11-30,2879024.0,2180442.0,274470.0,411738.0,976072.0,8124.0,469186.0,767056.0,106349.0,0.0,6179.0,2056271.0,2266.0,34897.0,388876.0,62335.0,16661.0
2023-12-01,1148199.0,236859.0,286701.0,62533.0,515045.0,8370.0,109301.0,2391705.0,0.0,0.0,6930.0,81621.0,1529.0,889.0,4312.0,68362.0,2422.0
2023-12-04,2766644.0,326892.0,306370.0,161699.0,316872.0,10734.0,413271.0,268325.0,0.0,0.0,14807.0,127784.0,3721.0,13340.0,28941.0,721715.0,8447.0
2023-12-05,4096468.0,315082.0,677026.0,100223.0,256710.0,5503.0,357290.0,199348.0,0.0,0.0,6800.0,150678.0,1691.0,6707.0,10851.0,48393.0,3182.0
2023-12-06,4633742.0,145288.0,485418.0,68929.0,268358.0,10312.0,254813.0,122992.0,580.0,0.0,7420.0,78868.0,3745.0,11669.0,205669.0,47923.0,2715.0
2023-12-07,3090924.0,279730.0,559692.0,121516.0,310101.0,2297.0,279409.0,333411.0,1700.0,0.0,10419.0,59847.0,330.0,21192.0,111653.0,334598.0,8580.0
2023-12-11,3834050.0,184309.0,439350.0,74021.0,150874.0,754.0,178374.0,1113638.0,2878.0,82283.0,9740.0,113570.0,6289.0,29160.0,15735.0,212420.0,2977.0
2023-12-12,3633423.0,152471.0,418158.0,25724.0,520704.0,10626.0,419964.0,582216.0,0.0,1125393.0,5238.0,349674.0,5153.0,33726.0,22035.0,207848.0,2845.0
2023-12-13,4871093.0,424543.0,715835.0,135564.0,1134826.0,13948.0,329773.0,1032331.0,0.0,338888.0,14913.0,965107.0,7266.0,20250.0,28116.0,69680.0,7103.0
2023-12-14,6758435.0,581016.0,1120828.0,221089.0,1557708.0,6612.0,375718.0,474545.0,0.0,73899.0,46965.0,822843.0,4217.0,56762.0,45204.0,66427.0,4381.0
2023-12-15,5102460.0,1411651.0,308605.0,706198.0,1881281.0,10682.0,289535.0,1234067.0,0.0,71484.0,43295.0,219113.0,2602.0,47406.0,48012.0,255724.0,7661.0
2023-12-18,2216390.0,126705.0,516670.0,79504.0,295534.0,1818.0,333420.0,589276.0,25229.0,1072432.0,2386.0,270199.0,584.0,30484.0,43342.0,41269.0,11991.0
2023-12-19,7175601.0,247873.0,1496306.0,109817.0,536510.0,28530.0,339800.0,1531138.0,39619.0,142601.0,38797.0,591701.0,13657.0,93563.0,74908.0,37049.0,11793.0
2023-12-20,5785343.0,310935.0,1485858.0,200978.0,555166.0,44068.0,326750.0,1149455.0,23622.0,40516.0,43115.0,1105754.0,27950.0,150408.0,163993.0,127837.0,23303.0
2023-12-21,6531896.0,343860.0,67941.0,137914.0,742327.0,13511.0,254479.0,452816.0,502.0,1031781.0,11923.0,327634.0,9475.0,25670.0,27671.0,145123.0,6083.0
2023-12-22,4392751.0,144570.0,457697.0,46846.0,326359.0,4826.0,227507.0,218285.0,8505.0,199973.0,6789.0,691341.0,2318.0,36204.0,28086.0,49913.0,6366.0
2023-12-26,2872866.0,45431.0,499245.0,62788.0,146469.0,2947.0,118411.0,352007.0,333.0,2826.0,2549.0,204720.0,3759.0,10469.0,63759.0,85732.0,21888.0
2023-12-27,1521621.0,462650.0,513758.0,127932.0,411545.0,7760.0,112503.0,108658.0,6891.0,4032.0,24331.0,387833.0,2002.0,30418.0,120291.0,239752.0,3856.0
2023-12-28,1282756.0,330634.0,235131.0,63783.0,207499.0,7668.0,257183.0,378592.0,6322.0,7937.0,24672.0,384268.0,3639.0,51060.0,31307.0,66596.0,4871.0
2024-01-02,740229.0,333946.0,94112.0,121437.0,344331.0,5137.0,148023.0,1043924.0,1935.0,17495.0,5308.0,199932.0,1943.0,8229.0,16712.0,198221.0,5539.0
2024-01-03,2824764.0,349464.0,348714.0,75774.0,208828.0,3462.0,132616.0,452270.0,1495.0,45787.0,38650.0,550471.0,4112.0,18496.0,123509.0,152673.0,10030.0
2024-01-04,7680764.0,590039.0,366735.0,138854.0,498310.0,9721.0,136806.0,335040.0,4861.0,26942.0,63093.0,473049.0,11647.0,47241.0,435599.0,160822.0,16968.0
2024-01-05,2593112.0,414704.0,1126284.0,80384.0,716198.0,16868.0,128557.0,454025.0,5072.0,14874.0,79454.0,859356.0,11216.0,64029.0,78672.0,193753.0,31454.0
2024-01-09,6205275.0,247113.0,1011299.0,76744.0,861419.0,7815.0,194769.0,557823.0,13790.0,3735585.0,27991.0,934033.0,5559.0,45073.0,43269.0,57242.0,26124.0
2024-01-10,3053737.0,209076.0,1211026.0,50834.0,506419.0,1330.0,475026.0,452794.0,6278.0,4613686.0,29319.0,275877.0,5529.0,26880.0,82528.0,45041.0,10892.0
2024-01-11,1809844.0,312386.0,453185.0,56377.0,382387.0,2421.0,88315.0,773873.0,2943.0,21286.0,6366.0,822312.0,2363.0,20493.0,20366.0,171417.0,9163.0
2024-01-12,2884748.0,305426.0,2467241.0,52884.0,229754.0,14035.0,291247.0,734346.0,37287.0,2279.0,3766.0,315311.0,8786.0,66034.0,46647.0,93471.0,5366.0
2024-01-15,427263.0,117841.0,38021.0,11821.0,86213.0,732.0,159203.0,390363.0,405.0,945788.0,10776.0,232454.0,284.0,2677.0,22833.0,119994.0,5719.0
2024-01-16,4253709.0,415951.0,874290.0,111911.0,652628.0,163535.0,393345.0,394522.0,4092.0,72281.0,27342.0,279868.0,13214.0,160370.0,327632.0,67672.0,16078.0
2024-01-17,5092743.0,554381.0,3894001.0,247677.0,445398.0,9478.0,208865.0,523435.0,11142.0,452863.0,285953.0,1120495.0,5941.0,21524.0,16970.0,48963.0,8038.0
2024-01-18,4888401.0,807275.0,4291230.0,135646.0,408206.0,137568.0,283493.0,432904.0,2756.0,194028.0,6661.0,332514.0,6304.0,94697.0,56823.0,112214.0,12458.0
2024-01-19,4223169.0,325771.0,316979.0,82579.0,789471.0,5803.0,182276.0,313464.0,802.0,61898.0,14493.0,328089.0,2566.0,15516.0,398596.0,113101.0,8121.0
2024-01-23,4438261.0,328638.0,865797.0,205953.0,440040.0,13852.0,420907.0,1349718.0,14693.0,110177.0,23182.0,268563.0,7490.0,107247.0,742176.0,193223.0,41715.0
2024-01-29,3334508.0,263521.0,124705.0,87246.0,170553.0,15268.0,217185.0,200462.0,14086.0,8900.0,14382.0,385906.0,813.0,3543.0,56816.0,65639.0,9583.0
2024-01-30,2041122.0,510066.0,375760.0,146320.0,176483.0,12485.0,187456.0,337403.0,20946.0,23443.0,16767.0,195598.0,9419.0,24805.0,25593.0,56327.0,11385.0
2024-01-31,5674933.0,315020.0,192533.0,70848.0,294370.0,7018.0,84102.0,447186.0,19059.0,63138.0,72735.0,139997.0,1941.0,13642.0,52999.0,76001.0,2862.0
2024-02-01,2856567.0,241892.0,180128.0,167764.0,353891.0,6622.0,73631.0,286459.0,5399.0,338081.0,13028.0,416908.0,2172.0,7334.0,1452348.0,82552.0,9239.0
2024-02-02,1329585.0,86731.0,97862.0,46288.0,277020.0,12081.0,84037.0,571108.0,29599.0,47455.0,21423.0,270846.0,849.0,5609.0,76213.0,111836.0,3778.0
2024-02-05,1307406.0,120010.0,59834.0,29266.0,111840.0,1170.0,68904.0,125419.0,5060.0,140142.0,7133.0,98182.0,1377.0,3769.0,6415.0,36327.0,15996.0
2024-02-06,1728880.0,133552.0,187934.0,156784.0,154635.0,469.0,54129.0,325956.0,2350.0,190122.0,7440.0,204555.0,3848.0,1376.0,56034.0,5348.0,3134.0
2024-02-07,1985107.0,228412.0,2865024.0,129117.0,402576.0,10264.0,64142.0,1360959.0,11793.0,128687.0,374.0,338277.0,2349.0,35699.0,29427.0,110488.0,4870.0
2024-02-08,7357052.0,269162.0,193793.0,60594.0,313380.0,22969.0,92437.0,390836.0,870.0,226537.0,20759.0,91690.0,6343.0,29149.0,55833.0,8547.0,6489.0
2024-02-09,3991935.0,235899.0,210400.0,112856.0,211062.0,10875.0,90635.0,265599.0,11560.0,295679.0,7525.0,104881.0,614.0,127721.0,22018.0,13950.0,4842.0
2024-02-12,3416185.0,0.0,2688533.0,13467.0,233783.0,12831.0,69258.0,559848.0,378.0,19721.0,7839.0,50189.0,1784.0,21672.0,21376.0,22829.0,1857.0
2024-02-13,3168712.0,312107.0,100036.0,20807.0,292442.0,11920.0,216449.0,56501.0,5060.0,10934.0,19351.0,274859.0,1178.0,10838.0,66261.0,4462.0,4972.0
2024-02-14,2353063.0,301394.0,340202.0,115681.0,455735.0,4549.0,70928.0,207512.0,1376.0,422622.0,2200.0,35646.0,8648.0,16973.0,25351.0,93272.0,2569.0
2024-02-15,4545594.0,77007.0,415423.0,27294.0,53869.0,949.0,53569.0,51877.0,47.0,242855.0,2913.0,191438.0,4685.0,16803.0,9344.0,287386.0,9567.0
2024-02-16,3215751.0,115617.0,92006.0,24929.0,268798.0,22359.0,646766.0,368021.0,350.0,419192.0,6491.0,368191.0,1013.0,28313.0,1592.0,158435.0,1478.0
2024-02-19,355978.0,228343.0,113104.0,551387.0,489237.0,6415.0,20853.0,129074.0,0.0,57761.0,11620.0,89312.0,6351.0,2160.0,10986.0,72522.0,4292.0
2024-02-20,2612608.0,177819.0,183590.0,737258.0,1674597.0,4872.0,52053.0,63336.0,0.0,176912.0,12450.0,914519.0,10107.0,7598.0,13968.0,418187.0,6342.0
2024-02-21,5196637.0,797793.0,1918769.0,1798505.0,2769508.0,4596.0,166870.0,1528633.0,0.0,82585.0,15663.0,460876.0,24673.0,49452.0,24459.0,644073.0,8789.0
2024-02-22,2135737.0,282119.0,1513121.0,689692.0,1240455.0,293.0,51672.0,350215.0,0.0,265992.0,27513.0,503339.0,9978.0,51636.0,9835.0,1541779.0,1614.0
2024-02-23,1395482.0,499888.0,198876.0,356482.0,769052.0,32557.0,397704.0,292022.0,0.0,300488.0,8827.0,605710.0,4484.0,19594.0,156402.0,121228.0,26297.0
2024-02-26,4085477.0,185033.0,394241.0,200636.0,726960.0,17964.0,53976.0,163261.0,0.0,44556.0,4699.0,1125804.0,30427.0,13744.0,28342.0,1124469.0,24653.0
2024-02-27,2181966.0,134540.0,446097.0,140231.0,208676.0,2462.0,85251.0,187329.0,0.0,254023.0,699.0,595622.0,8930.0,15681.0,19334.0,566157.0,9551.0
2024-02-28,4521562.0,192055.0,370617.0,100063.0,153383.0,11130.0,173304.0,198202.0,0.0,116169.0,27085.0,759255.0,403.0,10268.0,23836.0,998895.0,12611.0
2024-02-29,3385269.0,1369569.0,1795262.0,781405.0,1554245.0,61155.0,370195.0,848522.0,0.0,69884.0,4961.0,4398918.0,219036.0,67244.0,24648.0,4657502.0,6711.0
2024-03-01,9331162.0,210754.0,1103677.0,176651.0,482778.0,24656.0,596406.0,1557887.0,0.0,180808.0,38079.0,1395947.0,30353.0,124488.0,28590.0,2020928.0,19708.0
2024-03-04,19324407.0,153555.0,2511417.0,221872.0,564251.0,8485.0,1116339.0,1041698.0,0.0,145613.0,15031.0,515293.0,2025.0,222818.0,32437.0,135448.0,20946.0
2024-03-05,6639850.0,266136.0,6037623.0,192110.0,231996.0,4171.0,410408.0,1096151.0,0.0,114025.0,4291.0,327091.0,10181.0,117789.0,11315.0,187496.0,31702.0
2024-03-06,4092863.0,612659.0,1105959.0,216575.0,294557.0,4125.0,190150.0,944178.0,0.0,178327.0,15395.0,401568.0,4751.0,71921.0,47610.0,285270.0,11936.0
2024-03-07,5057413.0,461027.0,467802.0,189732.0,234340.0,12054.0,105833.0,504664.0,0.0,111823.0,17265.0,217631.0,6594.0,105276.0,30655.0,84373.0,2636.0
2024-03-08,5733447.0,840251.0,462742.0,134591.0,204818.0,12474.0,115838.0,462067.0,0.0,506678.0,3728.0,221878.0,1548.0,146002.0,23929.0,398170.0,8143.0
2024-03-11,7513846.0,293109.0,697896.0,111330.0,286178.0,4790.0,239683.0,866829.0,454.0,76110.0,4806.0,153741.0,50.0,20053.0,39052.0,78930.0,3557.0
2024-03-12,4786471.0,1339219.0,577564.0,355440.0,251216.0,2813.0,826171.0,960950.0,2207.0,55778.0,1498.0,191639.0,1397.0,13247.0,21044.0,65908.0,20276.0
2024-03-13,3251229.0,388119.0,4286299.0,219173.0,197150.0,503912.0,624155.0,249544.0,158362.0,213206.0,6827.0,122083.0,7297.0,10725.0,9105.0,25741.0,7978.0
2024-03-14,7189970.0,641999.0,14418710.0,366105.0,469918.0,1103.0,141642.0,1252889.0,76167.0,273389.0,9277.0,165578.0,1804.0,9867.0,46657.0,48888.0,14668.0
2024-03-15,46520253.0,2310908.0,16841510.0,13665895.0,4189714.0,850895.0,2254159.0,2272640.0,139076.0,130723.0,15941.0,3558941.0,37916.0,135828.0,450642.0,45884.0,31541.0
2024-03-18,4839131.0,510175.0,1321917.0,341879.0,741792.0,180494.0,301160.0,668893.0,197986.0,170508.0,9966.0,563291.0,46581.0,62695.0,286685.0,127103.0,15187.0
2024-03-19,1504884.0,120885.0,578082.0,204701.0,358823.0,4987.0,197159.0,826546.0,4155.0,189807.0,3198.0,745085.0,10302.0,12359.0,18886.0,51276.0,3479.0
2024-03-20,1157509.0,230860.0,337358.0,589421.0,639325.0,755.0,74678.0,392221.0,34990.0,38365.0,13307.0,275103.0,19863.0,15429.0,15804.0,37993.0,10200.0
2024-03-21,2224496.0,511136.0,1016259.0,305159.0,728935.0,4404.0,118537.0,113856.0,85377.0,44239.0,5575.0,251036.0,21710.0,17454.0,13854.0,324600.0,47538.0
2024-03-22,2823812.0,157004.0,727474.0,121178.0,352224.0,7222.0,104366.0,456604.0,1528.0,126339.0,21334.0,236674.0,32076.0,45699.0,41398.0,245380.0,34745.0
2024-03-26,9764642.0,162065.0,653147.0,153854.0,190378.0,2920.0,149904.0,805085.0,1224.0,38452.0,10830.0,350392.0,4711.0,36144.0,17098.0,154527.0,47912.0
2024-03-27,2506698.0,120625.0,908332.0,101624.0,353429.0,1173.0,158039.0,146521.0,88.0,65232.0,3343.0,348771.0,13340.0,7203.0,5073.0,279770.0,21677.0
2024-04-01,5859130.0,219905.0,900139.0,398103.0,511826.0,4330.0,210528.0,3477458.0,8594.0,68745.0,31830.0,275013.0,16470.0,36921.0,44745.0,312212.0,12665.0
2024-04-02,8688457.0,438854.0,2279287.0,217413.0,367644.0,58565.0,290915.0,1022543.0,8665.0,92718.0,63215.0,1668049.0,28216.0,68495.0,131462.0,831839.0,24456.0
2024-04-03,5243795.0,160918.0,781047.0,96802.0,520797.0,12932.0,210332.0,353352.0,537.0,139556.0,21949.0,564491.0,6518.0,73043.0,269249.0,135349.0,50368.0
2024-04-04,12176907.0,483991.0,3093268.0,364632.0,979130.0,8282.0,758070.0,2212648.0,269.0,60648.0,87787.0,852961.0,31171.0,45191.0,123747.0,159518.0,30116.0
2024-04-05,4071398.0,363594.0,558896.0,635322.0,1229298.0,16293.0,252518.0,209559.0,3317.0,109208.0,79469.0,375421.0,15739.0,129177.0,159835.0,198876.0,71530.0
2024-04-08,7340985.0,566399.0,1111590.0,437521.0,806650.0,7950.0,210499.0,260182.0,1256.0,37775.0,12182.0,247282.0,247503.0,276043.0,159589.0,86318.0,11501.0
2024-04-09,12903501.0,802037.0,2940976.0,1329104.0,1532034.0,118645.0,774435.0,1024348.0,1065.0,414277.0,39413.0,846842.0,100391.0,110741.0,36419.0,519150.0,77895.0
2024-04-10,16875100.0,1261186.0,1829104.0,355161.0,1231996.0,21573.0,2582626.0,831164.0,3126.0,175595.0,88902.0,518003.0,25417.0,143496.0,537637.0,191972.0,43084.0
2024-04-11,35746674.0,1671828.0,6277139.0,1760764.0,2111550.0,123848.0,1034476.0,2040158.0,3692.0,137245.0,56419.0,2164093.0,100396.0,515539.0,240968.0,223294.0,31258.0
2024-04-12,11415649.0,242744.0,2474641.0,435433.0,1199268.0,17786.0,2422034.0,428935.0,2452.0,135599.0,20907.0,225625.0,22899.0,300283.0,27231.0,213032.0,28572.0
2024-04-15,2029360.0,460631.0,2228384.0,294354.0,953778.0,932.0,162854.0,89092.0,1247.0,84995.0,23040.0,540385.0,7271.0,25686.0,310297.0,22898.0,10342.0
2024-04-16,2888028.0,397824.0,639527.0,263481.0,816740.0,4059.0,385281.0,288062.0,5042.0,92531.0,31875.0,546834.0,4277.0,27636.0,62291.0,151571.0,9077.0
2024-04-17,1793681.0,562475.0,1553507.0,452780.0,1052894.0,80826.0,710104.0,370982.0,1147.0,149090.0,24034.0,393891.0,17613.0,112386.0,130947.0,352989.0,73142.0
2024-04-18,6072825.0,402311.0,506752.0,247762.0,987501.0,9315.0,383070.0,686059.0,6309.0,110970.0,118447.0,335689.0,7782.0,105207.0,36721.0,126311.0,17841.0
2024-04-19,4595170.0,548947.0,372322.0,461176.0,811368.0,1548.0,112275.0,544511.0,1048.0,266211.0,440013.0,329979.0,13556.0,95486.0,4489.0,88950.0,33624.0
2024-04-22,2334478.0,345702.0,267812.0,276465.0,563657.0,10916.0,159957.0,309133.0,543.0,164652.0,12368.0,200425.0,8866.0,162395.0,75769.0,70071.0,2600.0
2024-04-23,3659440.0,269107.0,434331.0,73850.0,991600.0,8594.0,259300.0,277067.0,129.0,244511.0,50430.0,172414.0,2952.0,33971.0,34474.0,34277.0,15833.0
2024-04-24,3212078.0,1238924.0,217276.0,435766.0,1634383.0,955.0,1697931.0,214586.0,1944.0,105833.0,24653.0,70932.0,8099.0,179543.0,45646.0,32725.0,13768.0
2024-04-25,3233638.0,401738.0,869538.0,288485.0,628326.0,9463.0,347223.0,588044.0,386.0,70608.0,15944.0,175717.0,15583.0,79444.0,33125.0,66945.0,792.0
2024-04-26,3367269.0,474192.0,387818.0,157632.0,840401.0,6991.0,374534.0,420943.0,471.0,322075.0,41553.0,599038.0,9755.0,81288.0,266779.0,72378.0,20678.0
2024-04-29,1441847.0,443960.0,359459.0,450480.0,768650.0,5196.0,110796.0,448729.0,2179.0,309560.0,51392.0,276310.0,4485.0,71728.0,25799.0,374082.0,19932.0
2024-04-30,2532463.0,615670.0,1198710.0,173597.0,643039.0,30999.0,164600.0,651535.0,134.0,593735.0,49316.0,108703.0,11358.0,31115.0,28559.0,308553.0,6759.0
2024-05-02,2631900.0,757800.0,2704534.0,113690.0,430350.0,14849.0,239218.0,591337.0,2032.0,183352.0,15961.0,237313.0,3213.0,51651.0,95596.0,109496.0,18507.0
2024-05-03,19324407.0,153555.0,2511417.0,221872.0,564251.0,8485.0,1116339.0,1041698.0,350.0,145613.0,15031.0,515293.0,2025.0,222818.0,32437.0,135448.0,20946.0
2024-05-06,1538075.0,244289.0,182990.0,181439.0,507311.0,26230.0,88938.0,1339443.0,200.0,59923.0,43569.0,92607.0,2882.0,82394.0,10061.0,300604.0,15769.0
2024-05-07,1794703.0,473189.0,1365347.0,104858.0,674480.0,4414.0,145504.0,410728.0,813.0,124574.0,56381.0,195483.0,15146.0,69401.0,23419.0,130003.0,16215.0
2024-05-08,4268678.0,641427.0,2367811.0,94147.0,492715.0,3070.0,105480.0,684745.0,1524.0,274525.0,36732.0,195215.0,4286.0,36226.0,10290.0,87110.0,20084.0
2024-05-09,6212654.0,456948.0,581924.0,450779.0,536929.0,5326.0,114697.0,2476285.0,361.0,502947.0,60051.0,394389.0,4639.0,406594.0,13484.0,135827.0,20272.0
2024-05-10,1623748.0,389945.0,478325.0,87175.0,248237.0,28.0,338633.0,1275544.0,80.0,270106.0,230228.0,246003.0,6240.0,107304.0,55894.0,157399.0,25857.0
2024-05-14,2646558.0,453803.0,924866.0,175183.0,316090.0,21876.0,53749.0,1400980.0,490.0,278627.0,51698.0,352342.0,6843.0,87804.0,50899.0,54530.0,37202.0
2024-05-15,5450341.0,265723.0,316703.0,128571.0,353128.0,5414.0,316668.0,718351.0,2428.0,429899.0,19236.0,469256.0,23053.0,109928.0,58177.0,46660.0,53886.0
2024-05-16,2902612.0,418874.0,1125096.0,64525.0,570315.0,4271.0,207173.0,1399816.0,1687.0,173195.0,76163.0,225460.0,21634.0,119065.0,27871.0,109385.0,50246.0
2024-05-17,5087485.0,729299.0,1215416.0,129147.0,1003548.0,5207.0,270237.0,288753.0,1404.0,211775.0,17127.0,294376.0,16504.0,409120.0,395679.0,75607.0,129621.0
2024-05-20,4943778.0,891597.0,811622.0,111610.0,1096275.0,66317.0,162519.0,483544.0,2842.0,209873.0,18806.0,298398.0,19743.0,244740.0,64555.0,98741.0,53585.0
2024-05-21,4842768.0,260985.0,268612.0,162067.0,873867.0,35385.0,179505.0,597992.0,2861.0,252706.0,21708.0,265221.0,3365.0,54474.0,63984.0,75771.0,49638.0
2024-05-22,3575054.0,300968.0,1893464.0,248914.0,844635.0,560.0,109642.0,753363.0,1609.0,303557.0,36639.0,273564.0,23176.0,392217.0,24475.0,441570.0,43751.0
2024-05-24,3863187.0,194875.0,336682.0,166825.0,557016.0,14305.0,73136.0,359216.0,388.0,90696.0,29636.0,130525.0,4079.0,37959.0,43767.0,199951.0,24709.0
2024-05-27,617530.0,211783.0,230836.0,56141.0,375299.0,10564.0,141935.0,268726.0,1449.0,9115.0,46750.0,106058.0,5569.0,10025.0,28145.0,26270.0,44313.0
2024-05-28,12831748.0,414909.0,256779.0,120237.0,509543.0,40181.0,133090.0,204839.0,32300.0,119987.0,28208.0,171247.0,682.0,18290.0,24891.0,77765.0,31690.0
2024-05-29,3468339.0,181123.0,287862.0,183196.0,839033.0,16126.0,110377.0,287261.0,14725.0,148244.0,52433.0,215983.0,2124.0,12005.0,32152.0,258470.0,17678.0
2024-05-30,4044530.0,411322.0,583868.0,184968.0,755399.0,10721.0,565808.0,567185.0,10575.0,66763.0,40578.0,295091.0,6666.0,48222.0,39406.0,81894.0,9173.0
2024-05-31,24241779.0,3329019.0,7251943.0,1446608.0,3646984.0,389520.0,913288.0,2428791.0,22123.0,299743.0,271791.0,856227.0,60008.0,250104.0,294146.0,1711994.0,87862.0
2024-06-04,2807299.0,276882.0,267519.0,147294.0,548198.0,123302.0,71888.0,98709.0,19592.0,79750.0,30481.0,533172.0,1424.0,17207.0,9173.0,866105.0,6202.0
2024-06-05,2708666.0,420313.0,2497875.0,62846.0,532672.0,8242.0,181923.0,156621.0,3716.0,95021.0,10193.0,472715.0,20433.0,83013.0,8697.0,54814.0,5430.0
2024-06-06,4076719.0,192304.0,1008098.0,77740.0,278790.0,12778.0,297545.0,352036.0,4447.0,53911.0,52194.0,488687.0,3180.0,114510.0,11236.0,379819.0,3476.0
2024-06-07,2497038.0,169161.0,322396.0,60899.0,634250.0,5003.0,390724.0,368201.0,49988.0,161658.0,28052.0,279949.0,16341.0,18011.0,3402.0,606734.0,42661.0
2024-06-11,11030569.0,630125.0,114138.0,241001.0,833986.0,27401.0,109038.0,551493.0,10234.0,60908.0,50831.0,137522.0,22439.0,53002.0,34344.0,459842.0,20514.0
2024-06-12,2905209.0,265793.0,257153.0,139612.0,668049.0,19852.0,163299.0,290755.0,5915.0,30770.0,43661.0,408089.0,13922.0,38627.0,207942.0,255068.0,13269.0
2024-06-13,8104328.0,248231.0,281530.0,194117.0,690576.0,11366.0,71505.0,292512.0,3961.0,68758.0,28271.0,157841.0,18621.0,32063.0,8715.0,21126.0,24724.0
2024-06-14,3673384.0,191171.0,162772.0,62210.0,403641.0,6243.0,1279233.0,267852.0,1305.0,94820.0,48204.0,273521.0,25800.0,30669.0,1376633.0,104579.0,18409.0
2024-06-17,7160858.0,382291.0,345927.0,82714.0,255625.0,3763.0,47277.0,361525.0,1543.0,43249.0,14550.0,178166.0,3647.0,18162.0,23688.0,193499.0,42406.0
2024-06-18,10713094.0,167500.0,584147.0,81082.0,532609.0,2948.0,29844.0,387782.0,7647.0,21539.0,49871.0,160301.0,5040.0,46303.0,29189.0,89697.0,56950.0
2024-06-19,2262115.0,185060.0,71782.0,35908.0,63908.0,5576.0,38154.0,335835.0,3456.0,29739.0,1313.0,76045.0,4884.0,53359.0,6916.0,30618.0,15080.0
2024-06-20,14674196.0,364679.0,193551.0,248938.0,489492.0,2548.0,578673.0,426131.0,11536.0,94897.0,56935.0,136487.0,3562.0,60048.0,78095.0,695988.0,23418.0
2024-06-21,6947967.0,414186.0,230928.0,324594.0,1121731.0,8198.0,149780.0,543341.0,30682.0,88041.0,157097.0,350075.0,51371.0,49586.0,3169.0,68441.0,27823.0
2024-06-24,10451423.0,311647.0,1115759.0,166147.0,434534.0,4553.0,54649.0,441440.0,1139.0,103671.0,48549.0,144111.0,12735.0,33552.0,1750.0,54892.0,5481.0
2024-06-25,10609494.0,185931.0,375936.0,98856.0,777213.0,34329.0,103419.0,354265.0,4344.0,41997.0,57771.0,60224.0,12306.0,35191.0,5418.0,85547.0,11197.0
2024-06-26,4831613.0,408176.0,1080399.0,170442.0,388554.0,1525.0,38056.0,646397.0,1504.0,135088.0,49524.0,200137.0,803.0,46745.0,1181.0,108803.0,2331.0
2024-06-27,3107771.0,135684.0,1252924.0,151207.0,487230.0,3156.0,140621.0,351441.0,648.0,34983.0,43150.0,148878.0,525.0,15094.0,5772.0,44616.0,2144.0
2024-06-28,3160569.0,355884.0,1047755.0,203421.0,457099.0,4272.0,234030.0,327711.0,796.0,89190.0,49684.0,52081.0,7657.0,19988.0,14336.0,54281.0,3130.0
2024-07-02,5244266.0,369708.0,1381212.0,182008.0,403245.0,388.0,308117.0,201668.0,1128.0,115077.0,873.0,148569.0,352.0,96136.0,19961.0,29370.0,8227.0
2024-07-03,657438.0,140773.0,237851.0,88109.0,344459.0,6600.0,128597.0,534892.0,442.0,9516.0,44223.0,132394.0,3273.0,9761.0,8465.0,20364.0,1423.0
2024-07-04,576494.0,75726.0,57356.0,15367.0,26409.0,5286.0,49988.0,408502.0,2723.0,36124.0,27385.0,68856.0,249.0,1777.0,1150.0,65565.0,5069.0
2024-07-05,1181503.0,278229.0,240436.0,131328.0,328085.0,9368.0,102727.0,329590.0,912.0,234079.0,23575.0,98414.0,3164.0,14540.0,20106.0,185674.0,7440.0
2024-07-08,1759779.0,199408.0,253130.0,41380.0,222702.0,12821.0,93029.0,989615.0,505.0,52870.0,21900.0,152214.0,30164.0,21940.0,16165.0,271036.0,2390.0
2024-07-09,2124227.0,133964.0,427181.0,77439.0,438278.0,2641.0,64430.0,4152599.0,16100.0,37586.0,8733.0,142411.0,15100.0,20260.0,58746.0,89188.0,14512.0
2024-07-10,1432778.0,201467.0,2214032.0,74942.0,537402.0,1481.0,83221.0,1358863.0,8833.0,71288.0,54730.0,110615.0,9097.0,17369.0,9141.0,253385.0,6620.0
2024-07-11,2316263.0,136472.0,543680.0,88946.0,227503.0,9490.0,14721.0,625946.0,34.0,93815.0,43201.0,228470.0,10042.0,33983.0,16896.0,134340.0,1700.0
2024-07-12,1614329.0,180494.0,152393.0,104216.0,556545.0,3013.0,121845.0,505699.0,1836.0,88073.0,38136.0,209792.0,48357.0,52316.0,11185.0,380281.0,3156.0
2024-07-15,1884204.0,131728.0,490057.0,92442.0,222615.0,3470.0,67997.0,242819.0,1300.0,26629.0,5991.0,176510.0,3162.0,57819.0,11421.0,201168.0,18268.0
2024-07-16,1360136.0,147937.0,288686.0,67875.0,181565.0,4416.0,46176.0,401348.0,2293.0,56826.0,42148.0,158293.0,8101.0,46748.0,8333.0,472495.0,2852.0
2024-07-17,2822705.0,142496.0,620238.0,135483.0,242091.0,3854.0,267054.0,3786091.0,806.0,23312.0,44053.0,161076.0,2848.0,60816.0,97429.0,349871.0,23158.0
2024-07-18,2168709.0,120388.0,680366.0,44138.0,131945.0,6935.0,56474.0,1992360.0,6196.0,13870.0,12435.0,151053.0,4356.0,14413.0,40243.0,15286.0,18709.0
2024-07-19,703052.0,209263.0,383557.0,58081.0,315162.0,6074.0,33103.0,744996.0,1975.0,66021.0,9026.0,111058.0,3675.0,7048.0,2946.0,13142.0,16224.0
2024-07-22,1558937.0,232307.0,1343211.0,58266.0,251617.0,1768.0,1082835.0,335976.0,4679.0,59382.0,17111.0,99340.0,9168.0,2060.0,2937.0,6942.0,12820.0
2024-07-23,2484596.0,139601.0,2836279.0,236042.0,330354.0,4051.0,111436.0,640168.0,20934.0,44396.0,1760.0,101454.0,2636.0,7164.0,21352.0,181532.0,1561.0
2024-07-24,5984209.0,148480.0,580047.0,47835.0,274838.0,1687.0,53300.0,36947.0,5093.0,286931.0,11780.0,21856.0,3482.0,5215.0,6389.0,173972.0,1695.0
2024-07-25,2479672.0,47784.0,292584.0,202146.0,191848.0,337.0,73979.0,443899.0,2160.0,43044.0,11894.0,9235.0,3798.0,9036.0,847.0,50739.0,2361.0
2024-07-26,1136815.0,129374.0,567111.0,161138.0,321521.0,2430.0,206698.0,77151.0,1932.0,18104.0,47526.0,55793.0,4939.0,9937.0,20282.0,47638.0,9697.0
2024-07-29,1603264.0,133598.0,182734.0,90094.0,418300.0,20170.0,57427.0,474408.0,894.0,318995.0,30628.0,683862.0,3230.0,10452.0,3536.0,89032.0,3953.0
2024-07-30,3138473.0,99162.0,1833483.0,76240.0,102702.0,8825.0,65237.0,464471.0,1852.0,282691.0,69402.0,524535.0,14593.0,18678.0,12382.0,40433.0,3817.0
2024-07-31,3125676.0,281830.0,554503.0,213538.0,569104.0,7894.0,65057.0,795324.0,7201.0,110706.0,46334.0,430790.0,16646.0,60905.0,79414.0,58045.0,3021.0
2024-08-01,1339193.0,93585.0,149092.0,39517.0,279875.0,1532.0,3948.0,197287.0,6465.0,279220.0,42639.0,134450.0,10981.0,2314.0,87036.0,644953.0,2780.0
2024-08-02,2243567.0,225178.0,528232.0,119143.0,455916.0,17686.0,542295.0,111873.0,5866.0,127773.0,54324.0,42030.0,8858.0,8028.0,4767.0,901829.0,5273.0
2024-08-05,5015388.0,302902.0,477562.0,198050.0,405145.0,7577.0,140022.0,273506.0,3204.0,314142.0,91862.0,64816.0,11777.0,34516.0,6875.0,302299.0,30506.0
2024-08-06,2244090.0,538418.0,316723.0,167584.0,415877.0,1286.0,38408.0,210094.0,5625.0,176186.0,41789.0,125128.0,4163.0,16660.0,13624.0,89987.0,5537.0
2024-08-07,938096.0,222609.0,310403.0,113559.0,899814.0,7779.0,873968.0,358164.0,12494.0,162805.0,37406.0,129162.0,2620.0,19419.0,32059.0,90609.0,9422.0
2024-08-09,747871.0,270548.0,274129.0,84659.0,337016.0,1444.0,305706.0,261754.0,4231.0,73864.0,25472.0,197573.0,5707.0,6680.0,7570.0,65447.0,2949.0
2024-08-12,1442585.0,275699.0,249725.0,75915.0,437879.0,1160.0,119411.0,1339268.0,4460.0,88555.0,38460.0,237535.0,2400.0,5833.0,15560.0,93364.0,2000.0
2024-08-13,2087310.0,322768.0,286189.0,112690.0,341571.0,25989.0,67271.0,1867916.0,4407.0,669622.0,9904.0,167708.0,12584.0,11070.0,47305.0,32821.0,2592.0
2024-08-14,2125074.0,472118.0,1304526.0,74603.0,330459.0,18447.0,80270.0,3611858.0,3634.0,328470.0,25970.0,200562.0,7862.0,16159.0,40541.0,29990.0,11928.0
2024-08-15,2325725.0,382236.0,363201.0,111634.0,324741.0,940.0,31439.0,2115607.0,752.0,92383.0,25303.0,159425.0,7137.0,17242.0,29366.0,17203.0,24657.0
2024-08-16,475665.0,265174.0,1987479.0,55764.0,180792.0,11344.0,104664.0,912632.0,2119.0,51645.0,8443.0,119381.0,1799.0,25162.0,17236.0,32783.0,80191.0
2024-08-20,2147502.0,220234.0,43249.0,95782.0,514012.0,5416.0,292243.0,882825.0,10726.0,45894.0,4912.0,90713.0,1707.0,16615.0,2917.0,32255.0,11458.0
2024-08-21,4599954.0,90182.0,719441.0,22867.0,170428.0,86971.0,634774.0,497051.0,1499.0,32478.0,8770.0,77070.0,71679.0,31065.0,64054.0,117155.0,22361.0
2024-08-22,1785861.0,342861.0,1169630.0,106359.0,638772.0,40178.0,378442.0,708518.0,3317.0,34143.0,12023.0,473955.0,28161.0,8984.0,32819.0,29369.0,61852.0
2024-08-23,1636368.0,222757.0,249497.0,199092.0,397023.0,37855.0,58241.0,1057902.0,2455.0,8163.0,78387.0,129162.0,65540.0,8396.0,26798.0,192564.0,35928.0
2024-08-26,3993178.0,152954.0,329471.0,58591.0,260213.0,8635.0,45689.0,4129712.0,1516.0,190147.0,49073.0,86556.0,22000.0,8392.0,86216.0,141508.0,62379.0
2024-08-27,538198.0,211506.0,810735.0,35050.0,437376.0,16587.0,20164.0,1322364.0,5495.0,7229.0,64670.0,94933.0,5411.0,13653.0,11599.0,642109.0,11043.0
2024-08-28,4906030.0,217317.0,236033.0,79146.0,347686.0,7412.0,221828.0,1258772.0,4719.0,106187.0,38066.0,90891.0,13443.0,50268.0,9034.0,701033.0,13741.0
2024-08-29,1394222.0,168608.0,55153.0,85510.0,232220.0,10775.0,292725.0,1447394.0,1846.0,15511.0,41962.0,67276.0,1598.0,18255.0,5311.0,84728.0,28641.0
2024-08-30,4814784.0,1439352.0,1514244.0,815099.0,1832694.0,15591.0,147883.0,16565579.0,375.0,235345.0,29157.0,212349.0,320088.0,38991.0,238501.0,1978030.0,13454.0
2024-09-02,541167.0,224386.0,239278.0,64729.0,200405.0,458.0,5970.0,1727735.0,902.0,13792.0,24460.0,74777.0,929.0,22678.0,208820.0,22547.0,14340.0
2024-09-03,4664982.0,178043.0,142230.0,23822.0,814757.0,14065.0,36237.0,337074.0,27.0,13438.0,10119.0,116775.0,3319.0,58184.0,21288.0,77771.0,8779.0
2024-09-04,4184691.0,111500.0,644345.0,68893.0,771002.0,9987.0,402879.0,282546.0,99.0,17021.0,3440.0,209417.0,6462.0,181133.0,28768.0,122130.0,11283.0
2024-09-05,3050805.0,270427.0,1353708.0,140589.0,287276.0,12932.0,204982.0,375276.0,303.0,47117.0,2538.0,190614.0,13827.0,24435.0,21915.0,69835.0,41098.0
2024-09-06,2036101.0,183277.0,418573.0,101784.0,430680.0,14581.0,279658.0,555508.0,2442.0,39051.0,118.0,159259.0,1378.0,10445.0,13514.0,112450.0,1470713.0
2024-09-09,632904.0,125849.0,684920.0,50474.0,379905.0,12289.0,304855.0,987345.0,4033.0,10491.0,4907.0,105849.0,7466.0,15424.0,10034.0,103839.0,26147.0
2024-09-10,2647945.0,84146.0,67798.0,158708.0,573156.0,1481.0,415715.0,410910.0,145.0,6888.0,1111.0,103872.0,2718.0,34353.0,3067.0,86415.0,22556.0
2024-09-11,2824013.0,204849.0,1315970.0,190534.0,408269.0,5832.0,344223.0,1172467.0,586.0,1856.0,14972.0,84144.0,5660.0,21637.0,17471.0,48817.0,38380.0
2024-09-12,1878299.0,108359.0,242045.0,70980.0,684179.0,102134.0,60282.0,2392946.0,2476.0,2609.0,47647.0,143462.0,8787.0,9002.0,63369.0,158863.0,15069.0
2024-09-13,1802042.0,94773.0,1280006.0,26238.0,489182.0,2758.0,106586.0,627656.0,1825.0,55380.0,35080.0,289821.0,2300.0,19694.0,27826.0,232781.0,30415.0
2024-09-16,880390.0,86611.0,640642.0,87193.0,179507.0,265834.0,21405.0,588565.0,693.0,44593.0,13177.0,140218.0,7063.0,24247.0,31956.0,417963.0,46492.0
2024-09-17,1827731.0,68038.0,141304.0,64601.0,227187.0,207525.0,857801.0,342910.0,4825.0,122068.0,7997.0,126460.0,5018.0,18451.0,89262.0,127348.0,15478.0
2024-09-18,1175718.0,71678.0,368763.0,53598.0,509482.0,60622.0,53244.0,573217.0,1084.0,22807.0,55949.0,119911.0,5173.0,9299.0,53960.0,100925.0,33379.0
2024-09-19,2961596.0,108540.0,2972075.0,26345.0,621545.0,488569.0,338910.0,284960.0,369.0,164087.0,8792.0,470074.0,11040.0,12631.0,5865.0,1426335.0,3506.0
2024-09-20,13528138.0,1058189.0,6453093.0,439401.0,1622604.0,289637.0,1559630.0,20105682.0,3292.0,76998.0,9543.0,3518634.0,41550.0,256979.0,13628.0,6167893.0,5480.0
2024-09-23,1265822.0,521134.0,155850.0,48486.0,801244.0,65460.0,70387.0,1047259.0,162.0,68639.0,5518.0,94593.0,3596.0,33148.0,8118.0,315770.0,30700.0
2024-09-24,747060.0,258481.0,305500.0,301217.0,636802.0,33413.0,59979.0,687124.0,2582.0,103492.0,3116.0,97303.0,4015.0,18892.0,5912.0,951884.0,40579.0
2024-09-25,6687027.0,274753.0,154996.0,139948.0,656892.0,58157.0,40143.0,869014.0,2189.0,51394.0,2292.0,86365.0,3415.0,10115.0,11209.0,69875.0,16430.0
2024-09-26,428813.0,123316.0,225.0,93725.0,240222.0,2270.0,11950.0,1055685.0,2793.0,889.0,0.0,62494.0,0.0,98.0,0.0,860.0,0.0
2024-09-27,1126465.0,228914.0,107282.0,39304.0,298025.0,50074.0,56280.0,1588857.0,4149.0,112465.0,23986.0,144818.0,4445.0,27373.0,38853.0,9644.0,6676.0
2024-09-30,647242.0,200389.0,441231.0,126046.0,617934.0,46918.0,85006.0,592566.0,171.0,120073.0,9795.0,114757.0,4303.0,22381.0,14229.0,108559.0,6703.0
2024-10-01,4063372.0,149678.0,168600.0,17753.0,310632.0,17035.0,86681.0,431253.0,94.0,12320.0,21769.0,95603.0,16730.0,30511.0,8774.0,84996.0,2828.0
2024-10-02,3356663.0,209262.0,346111.0,253604.0,701168.0,50211.0,186574.0,512411.0,216.0,16100.0,10718.0,71968.0,3082.0,15787.0,6997.0,14509.0,19810.0
2024-10-03,6255158.0,251611.0,603252.0,22558.0,206897.0,76280.0,107382.0,648546.0,1544.0,55682.0,6626.0,141102.0,9958.0,133261.0,8315.0,36895.0,6674.0
2024-10-04,8587882.0,700999.0,139120.0,93606.0,434751.0,37699.0,106182.0,315046.0,236.0,61368.0,12197.0,93844.0,6508.0,16341.0,11537.0,167389.0,7663.0
2024-10-07,2953727.0,202116.0,60627.0,17841.0,164873.0,3314.0,130616.0,87187.0,126.0,668813.0,5297.0,88847.0,4512.0,4332.0,13970.0,122948.0,2254.0
2024-10-08,4439792.0,443634.0,73349.0,33139.0,686702.0,12902.0,84808.0,640653.0,10015.0,599975.0,1015.0,85793.0,7860.0,106164.0,6487.0,297785.0,2159.0
2024-10-09,716014.0,137874.0,1422486.0,53884.0,495692.0,2292.0,460468.0,586321.0,35.0,703575.0,4446.0,59900.0,7214.0,304404.0,256693.0,184032.0,6206.0
2024-10-10,563418.0,365912.0,122845.0,5634.0,156279.0,3430.0,209132.0,358271.0,4725.0,72896.0,3529.0,75984.0,2882.0,118865.0,6355.0,137016.0,38159.0
2024-10-11,661262.0,264507.0,69347.0,21049.0,448821.0,46547.0,28712.0,437616.0,40.0,97110.0,10138.0,93609.0,4212.0,79999.0,9149.0,42925.0,12024.0
2024-10-15,3092248.0,299367.0,191777.0,170672.0,538259.0,189372.0,170796.0,775394.0,413.0,68800.0,55935.0,100601.0,2287.0,184491.0,5038.0,51662.0,14748.0
2024-10-16,1938916.0,99540.0,459750.0,303454.0,512119.0,104399.0,253288.0,1827627.0,267.0,14781.0,16190.0,216022.0,20506.0,74494.0,24243.0,35074.0,8213.0
2024-10-17,1646150.0,146261.0,949744.0,36734.0,312955.0,125203.0,164227.0,292097.0,5060.0,10599.0,2204.0,174965.0,18892.0,111754.0,56723.0,0.0,12221.0
2024-10-18,1035365.0,277165.0,707320.0,107267.0,565811.0,41462.0,43230.0,431698.0,1989.0,142043.0,5363.0,145416.0,60215.0,152232.0,163024.0,0.0,70916.0
2024-10-21,1518111.0,143277.0,1257992.0,195112.0,830896.0,49618.0,60107.0,337512.0,503.0,235380.0,43359.0,47393.0,15966.0,43430.0,35960.0,0.0,14696.0
2024-10-22,597438.0,157400.0,195501.0,62862.0,229387.0,113286.0,61558.0,321259.0,58.0,64817.0,32791.0,139705.0,5145.0,16821.0,11926.0,0.0,2357.0
2024-10-23,747123.0,177590.0,437567.0,103202.0,721328.0,71794.0,166687.0,434653.0,293.0,58618.0,8632.0,119585.0,7092.0,52848.0,16594.0,0.0,3580.0
2024-10-24,646270.0,42417.0,279591.0,57656.0,240589.0,10062.0,32281.0,1202219.0,880.0,52249.0,1172.0,12224.0,527.0,3959.0,23576.0,0.0,7924.0
2024-10-25,4161780.0,151356.0,224497.0,84667.0,267131.0,50272.0,102397.0,6138097.0,760.0,52946.0,20269.0,31955.0,1739.0,12508.0,12467.0,0.0,3721.0
2024-10-28,1120545.0,161154.0,392403.0,59764.0,395237.0,84581.0,442616.0,1224041.0,1970.0,76003.0,42016.0,36200.0,25961.0,26901.0,39072.0,0.0,5600.0
2024-10-29,3534444.0,105196.0,341679.0,68258.0,100024.0,67218.0,149629.0,348280.0,1347.0,9430.0,40352.0,38554.0,3552.0,45684.0,19130.0,0.0,9465.0
2024-10-30,8237601.0,439985.0,1482657.0,417253.0,1242695.0,61869.0,745260.0,1333190.0,185.0,47130.0,52475.0,259642.0,6031.0,130816.0,25983.0,0.0,21535.0
2024-10-31,1906006.0,241433.0,370592.0,134737.0,436186.0,64546.0,475962.0,2511715.0,80.0,15218.0,41062.0,143943.0,23630.0,243148.0,70623.0,0.0,3799.0
2024-11-01,1279462.0,180410.0,264365.0,60595.0,224037.0,37297.0,74340.0,380947.0,459.0,167826.0,2187.0,51383.0,16273.0,18245.0,16386.0,0.0,8844.0
2024-11-05,1430781.0,266648.0,744153.0,102766.0,457692.0,29940.0,75676.0,467415.0,153.0,28808.0,28813.0,95851.0,9108.0,129254.0,20209.0,0.0,35274.0
2024-11-06,3067020.0,543311.0,1401136.0,87098.0,401083.0,7585.0,89934.0,275045.0,32.0,174444.0,16354.0,170937.0,6677.0,65689.0,34180.0,0.0,8364.0
2024-11-07,4492120.0,155378.0,479013.0,91411.0,378623.0,24848.0,84641.0,656684.0,3079.0,71455.0,6555.0,170044.0,4312.0,112263.0,23311.0,0.0,8475.0
2024-11-08,3504709.0,99744.0,789939.0,58615.0,399479.0,48875.0,281775.0,589190.0,91.0,30446.0,16319.0,117613.0,9313.0,54097.0,25956.0,0.0,4523.0
2024-11-12,4035537.0,251857.0,756019.0,96927.0,585309.0,171349.0,185496.0,714102.0,1154.0,28508.0,13860.0,126963.0,6412.0,50611.0,27948.0,0.0,11840.0
2024-11-13,3101555.0,179642.0,1717514.0,87147.0,549782.0,45196.0,267203.0,379458.0,70.0,682054.0,11815.0,110756.0,9556.0,90488.0,36165.0,0.0,4300.0
2024-11-14,7040349.0,226548.0,1556507.0,111404.0,845472.0,137700.0,72244.0,627969.0,68.0,150984.0,24249.0,129139.0,2989.0,107060.0,22603.0,317290.0,10785.0
2024-11-15,6779903.0,355957.0,387384.0,81855.0,370579.0,68824.0,93827.0,415226.0,135.0,31020.0,22091.0,165633.0,4523.0,82170.0,86993.0,163196.0,270371.0
2024-11-18,22336343.0,222505.0,553634.0,59588.0,654451.0,63962.0,133690.0,329641.0,2694.0,454574.0,33161.0,315526.0,11475.0,59907.0,46602.0,91147.0,12114.0
2024-11-19,2001199.0,246799.0,735196.0,73690.0,547136.0,112091.0,169878.0,699355.0,56.0,102293.0,9124.0,465640.0,5487.0,125735.0,24119.0,46622.0,17589.0
2024-11-20,1979812.0,461120.0,426664.0,119551.0,437762.0,242445.0,137063.0,305288.0,238.0,74208.0,1462.0,313613.0,15729.0,89962.0,32924.0,6124.0,8781.0
2024-11-21,4562757.0,345992.0,313839.0,154484.0,290867.0,72386.0,508098.0,2639640.0,204.0,174125.0,7816.0,235716.0,68065.0,24981.0,22328.0,90394.0,11391.0
2024-11-22,3612013.0,253322.0,727898.0,71510.0,146373.0,30481.0,410072.0,1177713.0,59.0,85384.0,7888.0,350704.0,19163.0,126751.0,26306.0,539370.0,48628.0
2024-11-25,6776122.0,3275998.0,3144530.0,619234.0,1940905.0,984804.0,572081.0,5475939.0,197.0,151925.0,82363.0,3120378.0,249030.0,1255306.0,114131.0,86762.0,1076218.0
2024-11-26,2917605.0,143427.0,71545.0,81301.0,228835.0,63911.0,99789.0,781918.0,32.0,83034.0,2241.0,821207.0,43278.0,4726.0,10184.0,109288.0,39052.0
2024-11-27,1754730.0,229225.0,326593.0,189764.0,361629.0,32763.0,130909.0,630772.0,38.0,132498.0,2157.0,171075.0,2219.0,90956.0,15451.0,131335.0,25607.0
2024-11-28,390661.0,98810.0,82899.0,56652.0,147470.0,15696.0,26142.0,767701.0,8521.0,35935.0,3273.0,264591.0,39238.0,32116.0,2095.0,30795.0,11937.0
2024-11-29,3718837.0,348018.0,349456.0,150327.0,192577.0,16399.0,112496.0,5869139.0,67.0,42175.0,10764.0,327243.0,4457.0,104505.0,9891.0,51565.0,8051.0
2024-12-02,4060471.0,163460.0,409334.0,79089.0,347813.0,26984.0,97696.0,643393.0,208.0,66992.0,14227.0,369136.0,998.0,148723.0,12266.0,248216.0,29394.0
2024-12-03,2344916.0,460885.0,521689.0,104937.0,286947.0,28971.0,97969.0,389412.0,138.0,29111.0,28578.0,262731.0,3741.0,13798.0,28802.0,101572.0,83597.0
2024-12-04,2169505.0,238521.0,188403.0,77323.0,393909.0,17545.0,56501.0,487481.0,21.0,60134.0,10941.0,466144.0,9416.0,22265.0,32866.0,38725.0,6069.0
2024-12-05,1427475.0,305117.0,451597.0,118692.0,264822.0,81314.0,99122.0,355045.0,34.0,48024.0,13069.0,156726.0,21791.0,72112.0,44520.0,34344.0,23063.0
2024-12-06,2833974.0,104920.0,663973.0,212995.0,328374.0,97193.0,85906.0,141163.0,1395.0,28197.0,4463.0,111610.0,504.0,24881.0,52004.0,87237.0,2720.0
2024-12-09,10208273.0,271768.0,690666.0,128619.0,454061.0,52219.0,892647.0,1016511.0,13.0,84289.0,16382.0,160469.0,14767.0,32673.0,250742.0,103641.0,15788.0
2024-12-10,2440404.0,221554.0,451438.0,159653.0,421283.0,5759.0,104082.0,440788.0,2.0,42424.0,23583.0,247406.0,7011.0,105336.0,27525.0,245309.0,6882.0
2024-12-11,1677639.0,341130.0,718089.0,118958.0,481063.0,9654.0,95963.0,272525.0,48.0,93379.0,24205.0,114322.0,10009.0,18197.0,27147.0,232004.0,5794.0
2024-12-12,958522.0,115655.0,297036.0,51145.0,92718.0,14917.0,70074.0,253008.0,35.0,137707.0,6430.0,87332.0,2598.0,13456.0,16031.0,35052.0,2015.0
2024-12-13,3068223.0,188860.0,1060128.0,51166.0,255559.0,31755.0,66184.0,393920.0,8142.0,21507.0,4237.0,275302.0,11950.0,33978.0,10477.0,60192.0,12097.0
2024-12-16,7011190.0,175549.0,418922.0,98127.0,551679.0,422.0,116717.0,1714219.0,20.0,22202.0,11871.0,104672.0,9634.0,10853.0,20374.0,135279.0,6449.0
2024-12-17,1890078.0,100813.0,154279.0,79332.0,453036.0,9855.0,82760.0,264658.0,827.0,17825.0,2379.0,98245.0,947.0,16212.0,7709.0,55336.0,4659.0
2024-12-18,1717497.0,659890.0,540082.0,40531.0,504227.0,10309.0,78274.0,476585.0,5046.0,23764.0,23484.0,193178.0,25221.0,7050.0,2540.0,93816.0,5946.0
2024-12-19,3845811.0,736196.0,779095.0,70343.0,816456.0,250988.0,301753.0,586812.0,3133.0,69721.0,10208.0,259271.0,11169.0,104162.0,26548.0,345361.0,7852.0
2024-12-20,8584660.0,824849.0,415719.0,556067.0,1456790.0,28992.0,89220.0,2965182.0,2216.0,140230.0,1549.0,255196.0,5192.0,59976.0,50406.0,45319.0,18132.0
2024-12-23,1414658.0,217773.0,466888.0,68198.0,1052698.0,10829.0,95164.0,832521.0,7980.0,80212.0,5465.0,209501.0,3512.0,26755.0,14294.0,30676.0,46734.0
2024-12-24,427333.0,6736.0,19536.0,12934.0,74689.0,3461.0,47204.0,46385.0,1500.0,116830.0,0.0,121032.0,600.0,250.0,1420.0,0.0,1581.0
2024-12-26,595134.0,29359.0,68757.0,66676.0,91610.0,6904.0,56601.0,103433.0,848.0,2979.0,1487.0,142021.0,961.0,1712.0,8243.0,126490.0,3003.0
2024-12-27,2455787.0,69021.0,108609.0,34085.0,135509.0,4959.0,14977.0,136211.0,1236.0,28888.0,2245.0,142174.0,3962.0,15817.0,11907.0,78857.0,1766.0
2024-12-30,796963.0,157139.0,131891.0,72141.0,320339.0,21875.0,75542.0,166737.0,17273.0,8639.0,1430.0,219306.0,3223.0,17084.0,15563.0,48313.0,6926.0
2025-01-02,5690478.0,41940.0,22408.0,52426.0,226007.0,7834.0,91352.0,127016.0,2833.0,413977.0,2030.0,124091.0,1726.0,2276.0,1139.0,24180.0,4629.0
2025-01-03,1991499.0,79565.0,90378.0,54848.0,301355.0,23992.0,58096.0,285823.0,36501.0,290527.0,1251.0,156136.0,7686.0,7412.0,23159.0,87884.0,11855.0
2025-01-07,6148714.0,788482.0,860642.0,106017.0,529560.0,16091.0,173749.0,630081.0,832.0,925546.0,26294.0,327845.0,12131.0,37348.0,350804.0,114391.0,12202.0
2025-01-08,1725998.0,685558.0,222483.0,131058.0,406980.0,11542.0,120797.0,1004633.0,185.0,410378.0,3821.0,223630.0,4586.0,16145.0,260833.0,48153.0,6305.0
2025-01-09,1112204.0,142370.0,1488389.0,50638.0,114115.0,6124.0,61241.0,149051.0,97.0,29886.0,6900.0,98769.0,14171.0,31865.0,114601.0,69982.0,7775.0
2025-01-10,4006996.0,128111.0,2693245.0,83186.0,448771.0,7984.0,109913.0,375081.0,119.0,105900.0,9348.0,134759.0,9583.0,14266.0,77872.0,87618.0,5656.0
2025-01-13,4788347.0,158572.0,943803.0,161231.0,309867.0,8158.0,88028.0,559535.0,227.0,399093.0,13152.0,305846.0,19364.0,18879.0,248067.0,85079.0,12217.0
2025-01-14,2406434.0,293171.0,313596.0,76334.0,243371.0,23857.0,56279.0,612739.0,404.0,693753.0,51112.0,77905.0,2157.0,40055.0,63423.0,111556.0,4800.0
2025-01-15,10338857.0,187763.0,808363.0,96055.0,936468.0,2467.0,39606.0,156926.0,326.0,92260.0,45947.0,138065.0,3168.0,42554.0,48342.0,60357.0,4568.0
2025-01-16,3936881.0,238639.0,547435.0,144831.0,577027.0,70591.0,42031.0,157086.0,374.0,153630.0,42487.0,178746.0,23400.0,33811.0,77682.0,101928.0,62470.0
2025-01-17,8482854.0,541860.0,49119.0,135149.0,219293.0,15268.0,33470.0,501459.0,775.0,208856.0,29091.0,77962.0,9546.0,118355.0,19275.0,146413.0,5544.0
2025-01-20,1641805.0,63601.0,1459879.0,132784.0,239754.0,3591.0,24783.0,66497.0,386.0,51201.0,46387.0,822393.0,16776.0,6893.0,8884.0,59191.0,6469.0
2025-01-22,5040785.0,198427.0,276895.0,135212.0,872847.0,395.0,40682.0,1592507.0,215.0,203894.0,107.0,172207.0,16694.0,69338.0,80943.0,53827.0,23730.0
2025-01-23,2638860.0,232562.0,1939211.0,188667.0,1174461.0,36802.0,72503.0,278371.0,17.0,225401.0,41510.0,41539.0,28929.0,48326.0,42754.0,75112.0,53708.0
2025-01-24,5654547.0,166652.0,762350.0,300448.0,1636972.0,20755.0,183356.0,2315654.0,97.0,136366.0,53024.0,230456.0,17585.0,106369.0,471861.0,67118.0,35801.0
2025-01-27,9959234.0,185763.0,513995.0,225253.0,1493864.0,6772.0,257740.0,994569.0,521.0,316514.0,43073.0,164854.0,18197.0,89160.0,30572.0,120323.0,25739.0
2025-01-28,8983614.0,308416.0,1316109.0,249046.0,1465218.0,305549.0,101048.0,1112426.0,244.0,184403.0,53028.0,242021.0,57594.0,91090.0,407931.0,0.0,122512.0
2025-01-29,12692696.0,1001901.0,1335741.0,343368.0,1361784.0,30305.0,2758704.0,1270237.0,34.0,746756.0,85584.0,420408.0,26042.0,52299.0,650316.0,0.0,41371.0
2025-01-30,22648361.0,926220.0,1865900.0,269910.0,885670.0,83357.0,294530.0,1911998.0,490.0,770507.0,104289.0,1745975.0,35424.0,167358.0,980745.0,0.0,61049.0
2025-01-31,17141900.0,705982.0,474929.0,203384.0,667644.0,23761.0,134791.0,480322.0,199.0,613820.0,66638.0,343411.0,85483.0,71299.0,143753.0,0.0,40500.0
2025-02-03,2920247.0,186139.0,446698.0,202837.0,730414.0,20017.0,630767.0,335944.0,316.0,756504.0,68316.0,235852.0,26903.0,102472.0,85655.0,0.0,11732.0
2025-02-04,5200889.0,284210.0,380113.0,156225.0,508122.0,14084.0,92542.0,445511.0,241.0,156239.0,12583.0,368690.0,12282.0,60967.0,39057.0,0.0,4866.0
2025-02-05,17537852.0,343844.0,627160.0,152171.0,765457.0,67786.0,357460.0,2548714.0,113.0,165617.0,18814.0,748441.0,20127.0,62143.0,118049.0,51662.0,34770.0
2025-02-06,5446841.0,219050.0,919692.0,73771.0,458917.0,7962.0,214609.0,346983.0,3709.0,57589.0,10886.0,251762.0,8355.0,48673.0,182166.0,0.0,6156.0
2025-02-07,3282657.0,242879.0,233253.0,132412.0,373545.0,40607.0,392241.0,357941.0,631.0,66710.0,16447.0,130916.0,36374.0,164003.0,39730.0,0.0,22648.0
2025-02-10,4444287.0,200394.0,780613.0,141280.0,276518.0,22181.0,135875.0,604158.0,262.0,119103.0,58139.0,342249.0,15926.0,35864.0,31671.0,0.0,18496.0
2025-02-11,3506718.0,157727.0,776985.0,307995.0,515774.0,55530.0,125751.0,1872041.0,5725.0,278795.0,24625.0,347695.0,10421.0,122127.0,70071.0,0.0,14490.0
2025-02-12,9519472.0,331169.0,1153395.0,249810.0,547806.0,84063.0,320509.0,961935.0,208.0,112735.0,65549.0,137936.0,16317.0,87624.0,128634.0,0.0,9963.0
2025-02-13,15457668.0,408589.0,1350053.0,219183.0,631436.0,88257.0,371842.0,468831.0,2149.0,68279.0,13267.0,98912.0,72174.0,96464.0,196982.0,0.0,3241.0
2025-02-14,3199198.0,74041.0,178586.0,59202.0,277082.0,232337.0,425685.0,114586.0,745.0,112999.0,18456.0,44048.0,18182.0,32724.0,87784.0,0.0,8999.0
2025-02-17,4441204.0,421008.0,892086.0,34458.0,233920.0,51820.0,156819.0,1471688.0,2245.0,237744.0,7064.0,162442.0,13141.0,31883.0,744553.0,1120194.0,33353.0
2025-02-18,17805153.0,508583.0,764455.0,154865.0,547334.0,38270.0,231495.0,343497.0,2465.0,83003.0,16051.0,226237.0,40377.0,107530.0,1116257.0,353645.0,91996.0
2025-02-19,5592990.0,162450.0,861661.0,140460.0,391879.0,11433.0,85588.0,410955.0,176.0,206228.0,41443.0,137934.0,6883.0,8593.0,54088.0,78130.0,8864.0
2025-02-20,12814092.0,612659.0,2371509.0,346440.0,1366878.0,102656.0,298096.0,658623.0,3609.0,164584.0,126074.0,1820094.0,32331.0,134356.0,674122.0,143144.0,124849.0
2025-02-21,9039781.0,482119.0,1234211.0,172765.0,614369.0,139599.0,358671.0,444811.0,4145.0,172926.0,2566.0,403305.0,17783.0,94014.0,173164.0,267347.0,45778.0
2025-02-24,4330893.0,292884.0,1106478.0,151666.0,463298.0,101679.0,269238.0,566038.0,8660.0,188325.0,9970.0,2022633.0,19417.0,61051.0,129459.0,0.0,32856.0
2025-02-25,8157125.0,240978.0,3398704.0,127558.0,740294.0,51072.0,155238.0,529520.0,10768.0,105687.0,67477.0,1084929.0,16037.0,153178.0,90276.0,0.0,28247.0
2025-02-26,10524933.0,209664.0,3564311.0,215053.0,546200.0,39838.0,1121613.0,365956.0,2866.0,89937.0,25625.0,744646.0,21778.0,139599.0,158270.0,0.0,29305.0
2025-02-27,8568866.0,429560.0,3995529.0,249609.0,1317956.0,92838.0,205854.0,423743.0,2696.0,413411.0,19931.0,319357.0,15616.0,347492.0,178147.0,0.0,23747.0
2025-02-28,25055930.0,1524817.0,10384601.0,831881.0,1791448.0,1656232.0,1761875.0,1875399.0,367.0,314098.0,126253.0,265355.0,34135.0,182542.0,120768.0,0.0,38395.0
2025-03-03,9521760.0,338519.0,627711.0,97169.0,585780.0,20993.0,133711.0,348051.0,381.0,54057.0,33033.0,306419.0,9748.0,86571.0,90237.0,202851.0,24043.0
2025-03-04,18968701.0,260197.0,671931.0,208702.0,713145.0,99421.0,132113.0,646369.0,1633.0,53071.0,3730.0,316477.0,11494.0,65789.0,82942.0,193840.0,19676.0
2025-03-05,8718919.0,240896.0,961019.0,128246.0,454252.0,36228.0,415056.0,321056.0,621.0,12982.0,1244.0,461001.0,6848.0,45297.0,65655.0,175334.0,57685.0
2025-03-06,9321401.0,232952.0,587094.0,191596.0,378762.0,51842.0,166877.0,417862.0,805.0,33834.0,48507.0,405306.0,9226.0,298796.0,81946.0,151068.0,41967.0
2025-03-07,7431758.0,400880.0,195023.0,118468.0,355622.0,273743.0,105866.0,654762.0,1003.0,61421.0,304644.0,643821.0,49555.0,85132.0,25854.0,261884.0,31920.0
2025-03-10,6324735.0,255480.0,517308.0,112119.0,703504.0,42915.0,173179.0,359025.0,1576.0,64617.0,46386.0,254229.0,41477.0,134141.0,110460.0,183170.0,32291.0
2025-03-11,15499528.0,342193.0,568844.0,224523.0,606079.0,66481.0,93672.0,599457.0,262.0,125765.0,54938.0,352202.0,24667.0,32510.0,169335.0,207400.0,29990.0
2025-03-12,13591930.0,123771.0,1638778.0,115837.0,533143.0,44205.0,78783.0,716285.0,245.0,228119.0,16783.0,199648.0,16623.0,100045.0,45285.0,150490.0,45604.0
2025-03-13,7539898.0,62557.0,429879.0,220175.0,748768.0,159942.0,381395.0,406911.0,97.0,94835.0,726.0,107557.0,8230.0,41060.0,24020.0,70409.0,40788.0
2025-03-14,9224946.0,116145.0,313275.0,104293.0,1062675.0,49649.0,97295.0,1055469.0,1580.0,50947.0,10257.0,285226.0,10516.0,87069.0,62610.0,140116.0,54664.0
2025-03-17,12412693.0,270684.0,1399653.0,530412.0,857269.0,43634.0,483506.0,1057125.0,4590.0,49726.0,1477.0,461472.0,10678.0,95024.0,56706.0,89991.0,56640.0
2025-03-18,12011148.0,93547.0,516307.0,233121.0,729752.0,541802.0,185205.0,583194.0,1018.0,69582.0,56172.0,162003.0,21124.0,34866.0,22948.0,288955.0,25051.0
2025-03-19,6555059.0,115536.0,494870.0,394969.0,812343.0,33767.0,184086.0,325521.0,2288.0,5275.0,6118.0,179741.0,11477.0,16032.0,19164.0,637696.0,16366.0
2025-03-20,17109325.0,77653.0,1056555.0,55733.0,689705.0,841418.0,87882.0,451134.0,6647.0,94351.0,64705.0,123995.0,43310.0,5974.0,22875.0,446131.0,33078.0
2025-03-25,9493281.0,636502.0,911055.0,493132.0,1131524.0,49359.0,127474.0,427289.0,6936.0,195018.0,37892.0,290088.0,28115.0,62288.0,130954.0,442900.0,96603.0
2025-03-26,10502581.0,175828.0,422569.0,191584.0,1000384.0,19939.0,149318.0,395613.0,5523.0,130429.0,65420.0,182272.0,41794.0,31518.0,131714.0,694002.0,97486.0
2025-03-27,12692383.0,123723.0,1250280.0,526191.0,781612.0,41648.0,142842.0,476144.0,2620.0,41879.0,9880.0,508837.0,3250.0,54368.0,44042.0,488137.0,362626.0
2025-03-28,28850075.0,909629.0,3025786.0,426848.0,1022343.0,50446.0,130763.0,388671.0,1015.0,110966.0,55010.0,303169.0,4447.0,327978.0,66681.0,1456722.0,263252.0
2025-03-31,19199615.0,535216.0,632261.0,271573.0,742914.0,35167.0,158763.0,358371.0,1293.0,92687.0,11490.0,516271.0,12790.0,67749.0,31003.0,952293.0,72051.0
2025-04-01,9610095.0,383177.0,2265408.0,212817.0,1038646.0,356748.0,258098.0,537535.0,3837.0,388902.0,13425.0,298533.0,14962.0,155035.0,82273.0,520254.0,39685.0
2025-04-02,9290128.0,984771.0,653164.0,239233.0,1059874.0,37816.0,339856.0,1064401.0,7835.0,260012.0,57553.0,1027915.0,36052.0,227596.0,90628.0,294356.0,92492.0
2025-04-03,20826287.0,263654.0,1844698.0,365252.0,1152597.0,37381.0,235698.0,608242.0,1882.0,216392.0,46760.0,343241.0,18437.0,132598.0,96371.0,274679.0,134923.0
2025-04-04,54501723.0,365574.0,765966.0,889460.0,2004937.0,98006.0,212177.0,510020.0,2666.0,162897.0,39547.0,708478.0,11225.0,70712.0,74904.0,80277.0,41096.0
2025-04-07,55479178.0,358509.0,460812.0,325266.0,1334206.0,31369.0,365681.0,709668.0,4277.0,91377.0,11723.0,402136.0,21270.0,56157.0,258848.0,124496.0,45189.0
2025-04-08,57471470.0,514458.0,1192222.0,319198.0,1277187.0,22887.0,201502.0,536073.0,4265.0,141301.0,41464.0,541019.0,24340.0,60830.0,89757.0,131675.0,62355.0
2025-04-09,74757896.0,180966.0,567571.0,218300.0,1476565.0,34487.0,243623.0,785523.0,12323.0,158956.0,79510.0,296812.0,22194.0,104554.0,54038.0,245885.0,95753.0
2025-04-10,49388670.0,731796.0,612345.0,227566.0,1389171.0,18955.0,171557.0,729675.0,1170.0,107239.0,132164.0,305734.0,20859.0,60131.0,55334.0,470373.0,27037.0
2025-04-11,32591354.0,119267.0,434991.0,108667.0,780906.0,20038.0,77175.0,427746.0,4465.0,147808.0,50614.0,181050.0,9252.0,152485.0,28449.0,334687.0,16021.0
2025-04-14,17479862.0,75871.0,188872.0,50475.0,601381.0,4524.0,94628.0,326409.0,3679.0,52276.0,9609.0,130880.0,4188.0,5575.0,16074.0,423043.0,4586.0
2025-04-15,20061010.0,98430.0,87683.0,73204.0,447808.0,58159.0,31343.0,385378.0,11501.0,116511.0,47339.0,283518.0,13874.0,32859.0,9809.0,103684.0,18414.0
2025-04-16,11657294.0,196789.0,93962.0,375638.0,506156.0,4192.0,19860.0,467811.0,4507.0,166624.0,4330.0,107056.0,2373.0,11110.0,9926.0,464561.0,8392.0
2025-04-21,14394503.0,79507.0,474263.0,273385.0,863050.0,27718.0,162445.0,479577.0,87.0,62759.0,16994.0,122654.0,3991.0,20070.0,56769.0,140839.0,15986.0
2025-04-22,29817440.0,171799.0,1421846.0,171780.0,855283.0,20278.0,364517.0,509439.0,132.0,117499.0,22206.0,134007.0,22336.0,24081.0,78279.0,45743.0,26458.0
2025-04-23,16845013.0,218263.0,1018046.0,122029.0,783710.0,234840.0,286224.0,399039.0,1091.0,11029140.0,22110.0,669191.0,16606.0,480120.0,67044.0,66925.0,14768.0
2025-04-24,12025099.0,181234.0,405391.0,238631.0,735517.0,57159.0,92164.0,748373.0,401.0,968905.0,20300.0,240531.0,10169.0,314988.0,96623.0,165699.0,13934.0
2025-04-25,5891954.0,108662.0,167988.0,320230.0,734096.0,3463.0,1078591.0,360242.0,426.0,176578.0,16636.0,241777.0,4899.0,8229.0,12974.0,179703.0,55855.0
2025-04-28,13686253.0,141204.0,973131.0,179408.0,784028.0,24082.0,32125.0,542505.0,149.0,107200.0,12797.0,114101.0,14086.0,43816.0,28549.0,94644.0,9114.0
2025-04-29,23774938.0,210006.0,370365.0,206662.0,742967.0,6600.0,282772.0,606737.0,3782.0,376765.0,89970.0,247543.0,20237.0,82176.0,138585.0,114128.0,60603.0
2025-04-30,18731262.0,547937.0,1955383.0,229166.0,744381.0,36743.0,504085.0,673953.0,2374.0,146047.0,429890.0,131932.0,31970.0,30225.0,44822.0,3758.0,7820.0
2025-05-02,28924414.0,84490.0,132996.0,64499.0,650921.0,11957.0,189820.0,205880.0,235.0,179368.0,3044.0,55816.0,9783.0,25320.0,26720.0,37621.0,53950.0
2025-05-05,14822939.0,118130.0,992084.0,114264.0,405702.0,3752.0,33081.0,1167034.0,235.0,62667.0,6351.0,275247.0,8839.0,17120.0,8363.0,99426.0,46621.0
2025-05-06,18731262.0,547937.0,1955383.0,229166.0,744381.0,36743.0,504085.0,673953.0,2374.0,146047.0,429890.0,131932.0,31970.0,30225.0,44822.0,3758.0,7820.0
2025-05-07,22627721.0,243588.0,1352794.0,129165.0,612419.0,45912.0,100183.0,106293.0,3637.0,147308.0,3995.0,572999.0,19292.0,139973.0,142815.0,555590.0,11116.0
2025-05-08,11248780.0,334640.0,696646.0,200555.0,419485.0,18195.0,75204.0,4285308.0,183.0,68381.0,648777.0,242004.0,33492.0,73001.0,162935.0,59397.0,33067.0
2025-05-09,10029601.0,187236.0,274970.0,66782.0,419937.0,8774.0,60075.0,305138.0,1342.0,470735.0,7870.0,278857.0,13861.0,79907.0,108091.0,974266.0,13658.0
2025-05-12,13208060.0,130958.0,396411.0,159340.0,452816.0,7662.0,23500.0,315355.0,253.0,422828.0,51212.0,235686.0,33800.0,105989.0,53840.0,77544.0,8300.0
2025-05-13,20816250.0,222284.0,766460.0,319297.0,656845.0,28921.0,60609.0,277973.0,2923.0,212622.0,167697.0,405008.0,20543.0,127390.0,111959.0,71008.0,20132.0
2025-05-14,7918073.0,248733.0,584021.0,167156.0,615075.0,36670.0,94690.0,369855.0,4260.0,1326272.0,82195.0,533045.0,13062.0,199292.0,177788.0,779995.0,64841.0
2025-05-15,10033855.0,264342.0,962920.0,229518.0,515927.0,41909.0,30539.0,300757.0,7664.0,2680181.0,41942.0,155049.0,7754.0,223624.0,25021.0,199046.0,54473.0
2025-05-16,10598864.0,478460.0,223035.0,133981.0,1077499.0,13748.0,47209.0,334266.0,274.0,270480.0,62395.0,258041.0,5398.0,13839.0,18776.0,353866.0,63269.0
2025-05-19,14194029.0,310040.0,202509.0,0.0,353190.0,34792.0,89446.0,297790.0,496.0,461019.0,65481.0,161574.0,7368.0,26388.0,36266.0,13704.0,33385.0
2025-05-20,3903816.0,155834.0,256834.0,0.0,665240.0,158493.0,164145.0,460960.0,181.0,124413.0,5769.0,104608.0,8188.0,46488.0,111227.0,158630.0,19219.0
2025-05-21,5591416.0,355298.0,1678326.0,0.0,411264.0,23297.0,123418.0,362510.0,266.0,126269.0,20542.0,98229.0,9666.0,12434.0,24884.0,409056.0,11888.0
2025-05-22,7506414.0,291057.0,325605.0,0.0,847502.0,29868.0,51202.0,419016.0,708.0,94605.0,22774.0,161519.0,14531.0,15833.0,24705.0,79659.0,40575.0
2025-05-23,6757212.0,552802.0,397508.0,0.0,704590.0,31020.0,161684.0,550990.0,202.0,347507.0,48367.0,208621.0,13399.0,27048.0,41019.0,82835.0,17249.0
2025-05-26,1454986.0,24457.0,101462.0,0.0,704590.0,190.0,24098.0,240457.0,1503.0,617078.0,48092.0,87520.0,7249.0,7564.0,33502.0,28636.0,16860.0
2025-05-27,10301724.0,574926.0,839402.0,0.0,704590.0,17757.0,35126.0,857712.0,244.0,31688574.0,10491.0,202697.0,8793.0,39060.0,19664.0,94927.0,22903.0
2025-05-28,4702661.0,271693.0,567346.0,0.0,390347.0,7067.0,170004.0,454002.0,59.0,459632.0,72605.0,280737.0,8672.0,28540.0,87268.0,0.0,9423.0
2025-05-29,11207441.0,417436.0,301715.0,0.0,414232.0,51586.0,79102.0,908402.0,5404.0,238952.0,28388.0,136547.0,6495.0,36384.0,46207.0,0.0,12917.0
2025-05-30,14594127.0,3197978.0,1877455.0,0.0,2429885.0,18794.0,166106.0,5941837.0,68741.0,241601.0,14807.0,632153.0,10564.0,71850.0,39001.0,0.0,10956.0
2025-06-03,8952279.0,297000.0,361404.0,0.0,1109210.0,21434.0,84229.0,466663.0,71434.0,171778.0,92327.0,159266.0,3424.0,9747.0,30768.0,0.0,15045.0
2025-06-04,17930722.0,433556.0,264290.0,0.0,573059.0,20098.0,44541.0,401424.0,171.0,705246.0,188359.0,123371.0,3657.0,17824.0,21168.0,0.0,21869.0
2025-06-05,4104641.0,342880.0,412052.0,0.0,530125.0,6069.0,127171.0,420785.0,55.0,914701.0,34611.0,438622.0,4073.0,96006.0,41920.0,0.0,5435.0
2025-06-06,22162751.0,158716.0,119611.0,0.0,396546.0,1864.0,30421.0,297091.0,243.0,1308713.0,3535.0,160232.0,14656.0,99746.0,45179.0,0.0,6614.0
2025-06-09,12510863.0,126851.0,282388.0,0.0,534545.0,14916.0,44600.0,257291.0,876.0,776772.0,65951.0,139388.0,3862.0,13730.0,78483.0,0.0,10246.0
2025-06-10,23720124.0,194298.0,238980.0,0.0,771050.0,14879.0,32805.0,522561.0,664.0,312551.0,2846.0,524785.0,11292.0,15768.0,11451.0,0.0,26729.0
2025-06-11,25064844.0,165325.0,806254.0,0.0,640399.0,62649.0,55101.0,531898.0,164.0,214715.0,15938.0,160104.0,6631.0,11350.0,19607.0,0.0,13862.0
2025-06-12,16235985.0,169455.0,286471.0,0.0,237586.0,22204.0,41236.0,254544.0,42.0,192087.0,42722.0,157277.0,5609.0,40086.0,4881.0,0.0,8919.0
2025-06-13,37469994.0,298451.0,493044.0,0.0,518525.0,35662.0,154300.0,430184.0,104.0,88609.0,20495.0,243437.0,7767.0,58021.0,144169.0,0.0,13972.0
2025-06-16,11664256.0,313847.0,337539.0,0.0,591617.0,24532.0,177620.0,316774.0,30.0,197257.0,78686.0,523501.0,9813.0,42050.0,217422.0,0.0,16830.0
2025-06-17,10186830.0,437726.0,354349.0,0.0,412003.0,13982.0,65747.0,392442.0,661.0,179445.0,22344.0,396847.0,24397.0,24401.0,361610.0,152841.0,13602.0
2025-06-18,20539485.0,334237.0,225717.0,0.0,235397.0,26799.0,165751.0,517364.0,72.0,331290.0,12552.0,128699.0,6093.0,23592.0,92485.0,540124.0,8130.0
2025-06-19,7736483.0,65049.0,165871.0,0.0,65978.0,9225.0,55847.0,241477.0,57.0,165072.0,53570.0,918011.0,9513.0,27103.0,38531.0,325226.0,10868.0
2025-06-20,41313399.0,2445852.0,296337.0,0.0,1015924.0,14452.0,59819.0,1530429.0,249.0,77264.0,27987.0,400618.0,3639.0,74251.0,46465.0,205778.0,18405.0
2025-06-24,34036422.0,451655.0,2007373.0,0.0,1583877.0,80850.0,153474.0,266917.0,1944.0,93175.0,69355.0,293320.0,12618.0,41269.0,1317851.0,1092644.0,15440.0
2025-06-25,16019508.0,251408.0,509709.0,0.0,701463.0,25275.0,175772.0,220749.0,323.0,116610.0,26851.0,238298.0,11092.0,69691.0,1113796.0,376067.0,19674.0
2025-06-26,12965965.0,357442.0,678984.0,0.0,309524.0,16509.0,144335.0,209905.0,2587.0,152028.0,65199.0,322478.0,7503.0,58566.0,418159.0,20127.0,13834.0
2025-06-27,19453795.0,233496.0,328989.0,0.0,575840.0,5301.0,77895.0,736519.0,456.0,118903.0,13987.0,151987.0,2613.0,22299.0,56083.0,42327.0,11261.0
2025-07-01,12641882.0,431512.0,243283.0,0.0,644737.0,5270.0,694530.0,377116.0,413.0,219337.0,59885.0,120768.0,15326.0,78128.0,46641.0,252814.0,12914.0
2025-07-02,10474713.0,357891.0,210224.0,0.0,579335.0,20040.0,319894.0,508173.0,132.0,133222.0,40777.0,333157.0,22399.0,66661.0,33440.0,86825.0,40451.0
2025-07-03,11210667.0,61513.0,556286.0,0.0,226100.0,32318.0,107801.0,287886.0,498.0,214485.0,49985.0,123677.0,108215.0,20869.0,93517.0,48004.0,14574.0
2025-07-04,2169661.0,36346.0,868884.0,30232.0,273225.0,26891.0,133459.0,394340.0,184.0,173070.0,6939.0,104235.0,12151.0,3175.0,9374.0,53195.0,23800.0
2025-07-07,14699819.0,164136.0,431478.0,53293.0,276374.0,41810.0,241547.0,0.0,176.0,146100.0,3753.0,162974.0,25715.0,48771.0,41392.0,61027.0,20271.0
2025-07-08,13015151.0,219965.0,232277.0,138328.0,327671.0,46456.0,147370.0,0.0,102.0,60447.0,1748779.0,145582.0,5185.0,17945.0,57109.0,23041.0,26606.0
2025-07-09,15000006.0,169685.0,720415.0,86884.0,308140.0,193930.0,116112.0,0.0,233.0,686144.0,5393.0,119776.0,5133.0,33931.0,43419.0,57509.0,17742.0
2025-07-10,8182177.0,187934.0,427827.0,56686.0,175732.0,282218.0,151265.0,0.0,2546.0,726345.0,24929.0,102177.0,16240.0,49097.0,43085.0,45225.0,9174.0
2025-07-11,17391676.0,264023.0,1134383.0,88614.0,364488.0,45939.0,401129.0,0.0,281.0,271208.0,51247.0,143420.0,13701.0,10974.0,65287.0,358035.0,10054.0
2025-07-14,27326362.0,294577.0,208555.0,99920.0,197531.0,515044.0,120818.0,688323.0,87.0,83966.0,20740.0,81754.0,961.0,17752.0,79296.0,61895.0,16305.0
2025-07-15,8167648.0,198630.0,1390519.0,68356.0,293510.0,937013.0,90103.0,854208.0,1305.0,215401.0,38037.0,178108.0,17089.0,54350.0,135659.0,48682.0,2024293.0
2025-07-16,25188417.0,494763.0,4570108.0,47945.0,497553.0,205368.0,43264.0,569403.0,107.0,144631.0,22923.0,180465.0,3045.0,63254.0,85534.0,62236.0,36961.0
2025-07-17,18975469.0,307824.0,1815164.0,223052.0,589140.0,285661.0,569161.0,621425.0,273.0,201838.0,19884.0,467144.0,7622.0,16343.0,330581.0,77595.0,53353.0
2025-07-18,13510896.0,346732.0,1144933.0,205347.0,568857.0,341914.0,451321.0,437152.0,146.0,177634.0,46185.0,150870.0,21314.0,60491.0,38957.0,67874.0,13258.0
2025-07-21,9557245.0,124040.0,540760.0,130524.0,391791.0,0.0,0.0,335182.0,62.0,173446.0,34279.0,143997.0,8670.0,162505.0,78594.0,466840.0,29323.0
2025-07-22,6280303.0,90358.0,406497.0,175330.0,332538.0,0.0,0.0,513336.0,775.0,70818.0,68418.0,89250.0,13477.0,16615.0,260310.0,328556.0,8738.0
2025-07-23,7691758.0,89802.0,718475.0,168193.0,448180.0,0.0,0.0,172436.0,117.0,255398.0,63769.0,111040.0,7539.0,55609.0,105125.0,43261.0,13816.0
2025-07-24,14286923.0,126943.0,243191.0,109768.0,174356.0,0.0,0.0,261022.0,266.0,183112.0,23517.0,89561.0,2076.0,30018.0,48151.0,84234.0,25731.0
2025-07-25,6705531.0,181587.0,425504.0,70198.0,227824.0,0.0,0.0,242340.0,642.0,159831.0,227839.0,194398.0,5475.0,51612.0,60358.0,81770.0,9923.0
2025-07-28,17814512.0,489179.0,4810397.0,171994.0,899917.0,2518172.0,5138725.0,843498.0,269.0,146204.0,101734.0,280738.0,20349.0,99036.0,122315.0,137777.0,15960.0
2025-07-29,9997563.0,499038.0,2142102.0,181404.0,778771.0,338310.0,1486495.0,863415.0,382.0,150603.0,66832.0,635691.0,6383.0,108867.0,1130159.0,310117.0,68093.0
2025-07-30,8656278.0,230421.0,455950.0,69821.0,222404.0,330822.0,1784465.0,561233.0,151.0,83933.0,11859.0,144693.0,4206.0,35068.0,60825.0,25740.0,28593.0
2025-07-31,6452690.0,189398.0,198808.0,136308.0,301783.0,143178.0,366509.0,296275.0,272.0,231227.0,51178.0,37079.0,6695.0,43959.0,56764.0,7907.0,33336.0
2025-08-01,17703513.0,178274.0,1079557.0,178949.0,1026550.0,73012.0,359225.0,390178.0,171.0,82594.0,34971.0,259141.0,19187.0,50382.0,234393.0,92642.0,27805.0
2025-08-05,5684723.0,458314.0,773346.0,177515.0,303187.0,31682.0,94982.0,405751.0,75.0,218679.0,18615.0,27402.0,10184.0,200882.0,95555.0,30780.0,54819.0
2025-08-06,12824633.0,274744.0,724570.0,183192.0,358494.0,190335.0,364233.0,925918.0,34.0,438667.0,54978.0,28381.0,3102.0,13297.0,119951.0,183742.0,22129.0
2025-08-08,15513990.0,418162.0,1504736.0,191769.0,1141720.0,371115.0,252322.0,941124.0,219.0,72077.0,47764.0,251065.0,13592.0,36696.0,255334.0,320346.0,65457.0
2025-08-11,748.0,472.0,191.0,236.0,792.0,136.0,229.0,277.0,26.0,141.0,118.0,253.0,113.0,38.0,243.0,134.0,245.0
2025-08-12,7430512.0,391304.0,727939.0,80862.0,408400.0,60086.0,155704.0,549790.0,179.0,403073.0,997690.0,176495.0,48724.0,22658.0,66945.0,123967.0,51095.0
2025-08-13,13821733.0,574570.0,720092.0,99375.0,346189.0,53370.0,278277.0,560513.0,111.0,653421.0,41261.0,93646.0,35686.0,57281.0,226537.0,416285.0,49699.0
2025-08-14,13691826.0,238144.0,793746.0,139234.0,581419.0,57959.0,83506.0,688840.0,319.0,54667250.0,116424.0,243663.0,31500.0,96954.0,299899.0,196644.0,6762.0
2025-08-15,11632096.0,86256.0,276680.0,77372.0,471668.0,303224.0,72098.0,789223.0,472.0,2041062.0,84793.0,148673.0,10149.0,39342.0,81195.0,69834.0,11860.0
2025-08-19,27060822.0,216013.0,2028565.0,135197.0,589480.0,204449.0,216381.0,958446.0,195.0,504823.0,23712.0,181256.0,29669.0,145370.0,58520.0,208766.0,18591.0
2025-08-20,13587474.0,575551.0,589792.0,313946.0,672642.0,62884.0,516012.0,322404.0,456.0,174332.0,36712.0,83034.0,27463.0,203797.0,280572.0,68080.0,37021.0
2025-08-21,14617813.0,289041.0,1027521.0,95834.0,428451.0,105278.0,118175.0,1243023.0,256.0,174495.0,24963.0,128657.0,37695.0,60299.0,105339.0,31373.0,19099.0
2025-08-22,16750708.0,560266.0,1801755.0,153764.0,499092.0,62519.0,257237.0,1236827.0,136.0,1040496.0,21309.0,90482.0,12548.0,20273.0,579957.0,379008.0,9141.0
2025-08-25,9215725.0,63020.0,906801.0,103427.0,458608.0,49616.0,149050.0,1433379.0,1409.0,43414.0,15709.0,327267.0,11973.0,15971.0,53320.0,445108.0,16970.0
2025-08-26,18809778.0,1268048.0,2248884.0,379946.0,1016509.0,696288.0,1174347.0,2261079.0,299.0,30158.0,35471.0,260113.0,11982.0,71823.0,53740.0,289485.0,37777.0
2025-08-27,6347502.0,222576.0,5386226.0,58307.0,376585.0,15316.0,93947.0,908822.0,45.0,189309.0,49917.0,77744.0,6391.0,26962.0,72173.0,43148.0,19161.0
2025-08-28,8132486.0,271373.0,1483341.0,72591.0,501918.0,35682.0,196564.0,980434.0,427.0,227939.0,40323.0,176547.0,18144.0,29889.0,70094.0,208266.0,10545.0
2025-08-29,6541200.0,196840.0,496538.0,220100.0,506785.0,52199.0,152531.0,582945.0,281.0,663870.0,14026.0,114681.0,10023.0,28653.0,17609.0,545615.0,30737.0
2025-09-01,1329622.0,105656.0,79967.0,74698.0,230824.0,8181.0,90020.0,356725.0,1018.0,197471.0,6475.0,107935.0,6340.0,7799.0,42969.0,103786.0,11735.0
2025-09-03,12739464.0,161421.0,264665.0,134871.0,441540.0,165012.0,105007.0,644317.0,347.0,183195.0,20180.0,111636.0,4150.0,25253.0,52851.0,114841.0,66140.0
2025-09-04,6641582.0,236552.0,1789024.0,199756.0,786263.0,58325.0,400594.0,728371.0,837.0,234412.0,5628.0,107846.0,1104.0,11894.0,403087.0,362527.0,53928.0
2025-09-05,6705355.0,598407.0,2035511.0,161853.0,592692.0,24666.0,351077.0,802950.0,1394.0,54589.0,20281.0,147965.0,2790.0,34389.0,72388.0,238425.0,38366.0
2025-09-08,6638944.0,216705.0,332077.0,88898.0,636510.0,105194.0,70484.0,643278.0,305.0,109009.0,11824.0,166819.0,5913.0,38419.0,44474.0,119526.0,35425.0
2025-09-09,8369030.0,249216.0,418504.0,134902.0,401140.0,32817.0,111069.0,604948.0,969.0,495222.0,22995.0,111728.0,7263.0,132613.0,117847.0,384377.0,46104.0
2025-09-10,9467784.0,403394.0,433510.0,116828.0,281108.0,428841.0,96927.0,1063298.0,1093.0,55972.0,13700.0,139530.0,11926.0,100666.0,93832.0,297100.0,13683.0
2025-09-11,5741612.0,335310.0,380224.0,141517.0,628872.0,68116.0,144186.0,450931.0,187.0,245720.0,20992.0,176378.0,5877.0,32727.0,40501.0,221922.0,15712.0
2025-09-12,14373281.0,314992.0,128412.0,114366.0,709862.0,38267.0,477713.0,476586.0,3593.0,118818.0,5576.0,134090.0,1024.0,10584.0,5933.0,59082.0,43505.0
2025-09-15,4010434.0,131831.0,120876.0,157498.0,354040.0,270182.0,245165.0,153271.0,509.0,392216.0,11803.0,894707.0,5104.0,37799.0,62826.0,58463.0,717148.0
2025-09-16,2586373.0,1240526.0,664143.0,132935.0,470333.0,35529.0,133738.0,264225.0,136.0,4239487.0,5758.0,319324.0,2947.0,49478.0,47479.0,82458.0,530466.0
2025-09-17,5548160.0,819549.0,104617.0,143059.0,740257.0,432447.0,733498.0,571456.0,110.0,42743971.0,962.0,590369.0,20697.0,732135.0,529211.0,130666.0,52190.0
2025-09-18,15158742.0,363954.0,5146851.0,59022.0,606948.0,28572.0,1049263.0,131997.0,118.0,335161.0,63368.0,1906086.0,60684.0,67584.0,53637.0,259581.0,266625.0
2025-09-19,19439275.0,1521443.0,12120555.0,640663.0,2359445.0,297854.0,1112949.0,7482965.0,14.0,652788.0,39023.0,2037922.0,169212.0,446783.0,842746.0,345879.0,370477.0
2025-09-22,5789552.0,97806.0,152130.0,46910.0,402434.0,56794.0,104278.0,977369.0,55.0,2861375.0,27301.0,370048.0,42591.0,32347.0,36945.0,115985.0,24700.0
2025-09-23,10934748.0,201799.0,453200.0,33325.0,289428.0,42308.0,149498.0,1092260.0,463.0,79266.0,31528.0,386427.0,14165.0,253899.0,131079.0,1651546.0,27441.0
2025-09-24,16344509.0,59743.0,295308.0,74597.0,235960.0,28744.0,266899.0,779233.0,117.0,373603.0,8479.0,372051.0,28895.0,47759.0,66754.0,398014.0,12351.0
2025-09-25,6744924.0,234757.0,875997.0,172841.0,544594.0,69467.0,322057.0,1760373.0,103.0,80013.0,10481.0,168790.0,6704.0,11327.0,37062.0,210813.0,11964.0
2025-09-26,5591379.0,47118.0,191088.0,41281.0,314968.0,30941.0,236342.0,776469.0,194.0,265945.0,8416.0,153737.0,3835.0,21585.0,33195.0,227150.0,13689.0
2025-09-29,5781929.0,83546.0,450169.0,157686.0,155545.0,17014.0,262350.0,732198.0,174.0,133572.0,3246.0,96623.0,2800.0,20733.0,207532.0,437159.0,19609.0
2025-09-30,1329622.0,105656.0,79967.0,74698.0,230824.0,8181.0,90020.0,356725.0,1018.0,197471.0,6475.0,107935.0,6340.0,7799.0,42969.0,103786.0,11735.0
2025-10-01,3781254.0,610297.0,351973.0,63281.0,554555.0,59408.0,333785.0,435612.0,244.0,62245.0,17661.0,59476.0,21435.0,73613.0,59967.0,185231.0,49400.0
2025-10-02,17196333.0,98440.0,832448.0,58829.0,301770.0,96296.0,395848.0,530924.0,159.0,42642.0,3436.0,43711.0,13810.0,244809.0,77435.0,126686.0,14461.0
2025-10-03,2862836.0,554177.0,337458.0,136853.0,272804.0,16600.0,125219.0,233776.0,45.0,62106.0,14666.0,152997.0,9973.0,11844.0,19391.0,223476.0,47524.0
2025-10-06,4489950.0,49369.0,395130.0,47819.0,169990.0,18489.0,431140.0,610364.0,621.0,49550.0,42215.0,147263.0,10546.0,5127.0,11582.0,429445.0,33962.0
2025-10-07,4938103.0,97859.0,80495.0,170984.0,374626.0,71485.0,80812.0,200093.0,1461.0,75203.0,19577.0,27899.0,4274.0,16439.0,37236.0,120989.0,11471.0
2025-10-08,5862519.0,179493.0,152209.0,184529.0,406746.0,42272.0,310079.0,253012.0,903.0,40253.0,26957.0,93213.0,10698.0,9296.0,19132.0,472160.0,17696.0
2025-10-09,4759757.0,65387.0,192816.0,138359.0,258892.0,100125.0,80071.0,188732.0,269.0,35798.0,72707.0,145841.0,50194.0,77266.0,101068.0,277922.0,13997.0
2025-10-10,14675375.0,533135.0,176015.0,156370.0,330523.0,19161.0,228607.0,271231.0,978.0,69336.0,14801.0,171454.0,12287.0,23467.0,135755.0,179533.0,6037.0
2025-10-14,19304487.0,219694.0,126190.0,66806.0,561371.0,123806.0,87893.0,147989.0,140.0,261228.0,28638.0,101410.0,4116.0,150103.0,421693.0,164966.0,17285.0
2025-10-15,9406431.0,239881.0,795091.0,235765.0,737506.0,22149.0,193926.0,420297.0,160.0,1487588.0,491106.0,461377.0,13332.0,36607.0,127247.0,176239.0,34047.0
2025-10-16,10040809.0,107976.0,1377237.0,260835.0,456549.0,23671.0,117134.0,572920.0,239.0,147233.0,1392781.0,166402.0,50375.0,145045.0,465971.0,378753.0,15958.0
2025-10-17,6298174.0,91045.0,851232.0,134579.0,425327.0,33272.0,89109.0,316632.0,2090.0,329612.0,63702.0,212830.0,3346.0,49478.0,260049.0,424664.0,11798.0
2025-10-20,9938686.0,268284.0,1026958.0,48840.0,613558.0,31764.0,235177.0,838185.0,1551.0,137214.0,25094.0,249155.0,11932.0,44901.0,118639.0,316606.0,16661.0
2025-10-21,11728233.0,143108.0,311481.0,53352.0,449089.0,25826.0,111357.0,591168.0,4164.0,882165.0,517559.0,109372.0,8243.0,128345.0,681388.0,290232.0,7198.0
2025-10-22,15778239.0,505844.0,263828.0,167589.0,386438.0,14508.0,58764.0,913981.0,3321.0,60465.0,6489.0,140201.0,8116.0,35662.0,145727.0,210616.0,6191.0
2025-10-23,9128441.0,200004.0,1190570.0,289452.0,328914.0,71803.0,120939.0,217910.0,1423.0,387125.0,13081.0,142851.0,52967.0,30994.0,56196.0,94984.0,14131.0
2025-10-24,7973784.0,312675.0,602170.0,159436.0,210947.0,133103.0,90636.0,937117.0,3807.0,111322.0,25074.0,249422.0,23246.0,39269.0,347299.0,33195.0,5191.0
2025-10-27,6892168.0,303576.0,1150336.0,120340.0,218268.0,186831.0,199645.0,362638.0,1979.0,2255778.0,55330.0,604418.0,28967.0,74529.0,101169.0,281974.0,12259.0
2025-10-28,11400668.0,432602.0,808842.0,166471.0,288070.0,45961.0,129440.0,660815.0,1419.0,3357379.0,87434.0,111713.0,43875.0,240890.0,189750.0,289341.0,46212.0
2025-10-29,7774299.0,266375.0,2479658.0,117089.0,357355.0,713678.0,442748.0,569743.0,3043.0,17006055.0,741290.0,296418.0,64066.0,218596.0,404728.0,144460.0,67250.0
2025-10-30,8262977.0,233531.0,1020070.0,98970.0,466150.0,69798.0,114987.0,233119.0,2336.0,812268.0,18821.0,62837.0,33143.0,51654.0,144445.0,108209.0,23526.0
2025-10-31,7245727.0,307513.0,436729.0,206003.0,398969.0,21889.0,44219.0,184138.0,1532.0,1380754.0,15722.0,70244.0,15560.0,44921.0,307182.0,53113.0,10668.0
2025-11-04,7895806.0,328226.0,198968.0,219227.0,702066.0,98689.0,162619.0,1071560.0,557.0,181244.0,45793.0,42165.0,4600.0,20615.0,130729.0,328539.0,12365.0
2025-11-05,7751893.0,209937.0,2676069.0,154090.0,462805.0,177129.0,232696.0,334359.0,4002.0,444937.0,813663.0,126343.0,15344.0,97547.0,232610.0,384832.0,18278.0
2025-11-06,13625023.0,258349.0,1090986.0,133276.0,459359.0,127241.0,246500.0,488825.0,1156.0,848023.0,21740.0,622981.0,12486.0,73662.0,275603.0,531211.0,18250.0
2025-11-07,15052886.0,264104.0,528445.0,138652.0,520937.0,102347.0,304692.0,335307.0,1280.0,479642.0,41060.0,97823.0,15737.0,134483.0,183750.0,131319.0,120002.0
2025-11-10,13478046.0,302016.0,257522.0,44502.0,437291.0,51412.0,206864.0,64138.0,1462.0,180986.0,68842.0,67697.0,9097.0,12770.0,166311.0,316539.0,14634.0
2025-11-11,16199484.0,286747.0,165161.0,54966.0,566295.0,46461.0,75153.0,111866.0,623.0,473639.0,11243.0,150267.0,9487.0,37000.0,139079.0,34028.0,119854.0
2025-11-12,6685620.0,1174335.0,739162.0,207032.0,548546.0,51071.0,414717.0,147467.0,1197.0,939223.0,66485.0,115105.0,35729.0,66545.0,214898.0,396342.0,100729.0
2025-11-13,9752243.0,1009029.0,503283.0,238552.0,623171.0,66159.0,175033.0,588952.0,1696.0,1145337.0,59890.0,124188.0,7988.0,95057.0,63936.0,220385.0,19794.0
2025-11-14,26794130.0,254178.0,699967.0,122117.0,500581.0,111064.0,255679.0,1103908.0,904.0,869978.0,107608.0,80088.0,30598.0,105892.0,170719.0,270756.0,22946.0
2025-11-18,12718659.0,405292.0,665825.0,189884.0,368133.0,86235.0,207287.0,625094.0,1336.0,1469303.0,61407.0,186840.0,8534.0,33551.0,25973.0,198208.0,30330.0
2025-11-19,15382037.0,233240.0,2409128.0,381751.0,517037.0,314503.0,305808.0,1115000.0,167.0,559390.0,146440.0,125313.0,9068.0,160849.0,44393.0,137146.0,26975.0
2025-11-20,15976147.0,523734.0,496453.0,437686.0,579023.0,49627.0,191676.0,986759.0,1191.0,517576.0,22386.0,202545.0,28806.0,142832.0,40943.0,31338.0,19443.0
2025-11-21,12754829.0,723227.0,670558.0,197695.0,432573.0,129418.0,265447.0,294387.0,1708.0,351158.0,36758.0,591345.0,21455.0,74930.0,18478.0,100689.0,14297.0
2025-11-24,14935664.0,3251632.0,1556995.0,1029070.0,2440049.0,477929.0,564566.0,977814.0,2976.0,11163138.0,80288.0,710395.0,30850.0,149728.0,26286.0,2419194.0,48575.0
2025-11-25,23141203.0,729243.0,8638501.0,235014.0,710448.0,447999.0,226223.0,1028327.0,2710.0,454837.0,35122.0,333445.0,15808.0,87693.0,13988.0,405550.0,15168.0
2025-11-26,18912032.0,127317.0,1594533.0,40656.0,229036.0,214610.0,218311.0,421254.0,650.0,127607.0,35381.0,171301.0,7970.0,58147.0,24907.0,276865.0,13200.0
2025-11-27,1034889.0,184187.0,1936979.0,10731.0,83248.0,19060.0,75029.0,238282.0,128.0,127271.0,39325.0,162961.0,17453.0,23713.0,17633.0,80609.0,16254.0
2025-11-28,7019293.0,768472.0,1272677.0,81084.0,229305.0,409241.0,187257.0,1192813.0,182.0,227641.0,48005.0,237828.0,6083.0,37069.0,12525.0,415462.0,9452.0
2025-12-01,9487910.0,220218.0,1141876.0,109830.0,241678.0,589884.0,99308.0,279252.0,1905.0,178635.0,93535.0,131675.0,7265.0,22699.0,7156.0,323173.0,30878.0
2025-12-02,8426480.0,326710.0,1915142.0,119839.0,503033.0,113340.0,145484.0,318903.0,986.0,123954.0,67940.0,187359.0,3095.0,24269.0,20529.0,163392.0,103954.0
2025-12-03,7895806.0,328226.0,198968.0,219227.0,702066.0,98689.0,162619.0,1071560.0,557.0,181244.0,45793.0,42165.0,4600.0,20615.0,130729.0,328539.0,12365.0
2025-12-04,5084424.0,806659.0,1020896.0,58591.0,378271.0,28551.0,202092.0,572335.0,342.0,94510.0,117240.0,222188.0,6012.0,19547.0,30261.0,81050.0,90423.0
2025-12-05,8608503.0,485391.0,1028315.0,108531.0,464641.0,17071.0,92730.0,219802.0,1810.0,94679.0,657876.0,221963.0,6185.0,41394.0,27593.0,32946.0,45088.0
2025-12-09,6333614.0,234201.0,1821823.0,136139.0,532937.0,133376.0,159343.0,324862.0,684.0,127498.0,80956.0,117842.0,10996.0,11276.0,4450.0,96513.0,22561.0
2025-12-10,10383207.0,141776.0,750300.0,98583.0,355458.0,70376.0,164296.0,180850.0,75.0,325691.0,100252.0,224257.0,20070.0,88009.0,2146.0,91961.0,17844.0
2025-12-11,10069244.0,130840.0,1729435.0,334201.0,814754.0,37601.0,117506.0,512581.0,1498.0,7117295.0,136696.0,280905.0,7671.0,273790.0,14453.0,107294.0,65188.0
2025-12-12,4023869.0,176860.0,460500.0,132524.0,528757.0,19227.0,122819.0,231160.0,248.0,58947.0,22600.0,125051.0,4001.0,158804.0,8964.0,222419.0,71409.0
2025-12-15,3279105.0,120953.0,803093.0,89958.0,341851.0,36254.0,201516.0,285863.0,151.0,142684.0,80749.0,122315.0,7902.0,241041.0,4002.0,116947.0,173035.0
2025-12-16,18821367.0,398537.0,747086.0,97570.0,420280.0,48665.0,275547.0,581070.0,55.0,122294.0,65671.0,204448.0,22076.0,43345.0,9488.0,215726.0,32973.0
2025-12-17,4913216.0,288342.0,756786.0,166209.0,764405.0,514141.0,468166.0,965991.0,1321.0,14367.0,51939.0,334805.0,9723.0,89634.0,21939.0,136851.0,31485.0
2025-12-18,5477837.0,126645.0,2423675.0,125546.0,536567.0,79090.0,404414.0,492949.0,1487.0,123140.0,40887.0,221365.0,3134.0,23348.0,17649.0,101097.0,37416.0
2025-12-19,16535275.0,2005617.0,2061494.0,423545.0,1675349.0,1084979.0,213141.0,850594.0,24.0,540338.0,171563.0,217258.0,24266.0,56843.0,20973.0,292802.0,69128.0
2025-12-22,6172153.0,127095.0,337453.0,83514.0,229311.0,172352.0,372194.0,302604.0,1347.0,260148.0,36276.0,168079.0,25887.0,28773.0,15767.0,516951.0,17183.0
2025-12-23,10114072.0,100569.0,703473.0,70484.0,299106.0,165948.0,95752.0,255937.0,1342.0,62362.0,158963.0,233504.0,23412.0,22976.0,3141.0,72023.0,16325.0
2025-12-24,2535156.0,84504.0,381489.0,17899.0,153808.0,1211.0,92100.0,216244.0,235.0,17915.0,56248.0,115091.0,693.0,8119.0,3311.0,10235.0,7682.0
2025-12-26,3687708.0,19546.0,254656.0,25501.0,66917.0,27484.0,165065.0,84225.0,298.0,35113.0,68998.0,366506.0,6928.0,7222.0,4740.0,28434.0,18177.0
2025-12-29,5404949.0,175488.0,217513.0,35723.0,174385.0,13301.0,121466.0,293395.0,140.0,34500.0,5102.0,162784.0,5402.0,33336.0,3984.0,118021.0,14630.0
2025-12-30,9273452.0,223989.0,296115.0,84792.0,307899.0,52907.0,115700.0,212396.0,88.0,27849338.0,25410.0,143090.0,20541.0,81495.0,34885.0,86922.0,7898775.0
2026-01-02,18162718.0,65786.0,498899.0,73400.0,165823.0,31353.0,69259.0,132195.0,320.0,178050.0,16215.0,82911.0,4356.0,75052.0,2347.0,24336.0,28232.0
2026-01-05,32326762.0,424280.0,1425503.0,347736.0,646847.0,88571.0,186706.0,444289.0,384.0,240253.0,148620.0,169272.0,19845.0,119855.0,25150.0,221430.0,21172.0
2026-01-06,49503750.0,334387.0,711216.0,554192.0,480985.0,63161.0,119776.0,953452.0,359.0,194688.0,91222.0,571999.0,33177.0,66333.0,15844.0,181516.0,26110.0
2026-01-07,16865223.0,1026595.0,312120.0,70733.0,239441.0,27843.0,106321.0,862019.0,331.0,420195.0,48730.0,98540.0,3689.0,40492.0,13399.0,140287.0,15849.0
2026-01-08,14465584.0,234749.0,514529.0,315013.0,570238.0,36513.0,79302.0,143298.0,265.0,49852.0,9657.0,70754.0,5455.0,28600.0,13083.0,68375.0,27877.0
2026-01-09,13980083.0,160902.0,359212.0,331203.0,570848.0,37104.0,136590.0,154479.0,166.0,72619.0,12933.0,170542.0,10699.0,7159.0,8176.0,227186.0,62832.0
2026-01-13,19520792.0,499948.0,846807.0,175770.0,563910.0,40594.0,239728.0,274380.0,205.0,194466.0,78298.0,325286.0,20426.0,34639.0,13430.0,137843.0,327737.0
2026-01-14,35481205.0,310863.0,971584.0,191616.0,721660.0,57880.0,144402.0,468541.0,617.0,324563.0,93256.0,269322.0,142500.0,40693.0,3122.0,155576.0,27271.0
2026-01-15,27999306.0,376572.0,2768642.0,190523.0,861608.0,56027.0,251916.0,1171466.0,1424.0,502405.0,34781.0,193666.0,17247.0,737234.0,8801.0,52309.0,44785.0
2026-01-16,40565445.0,421317.0,1495700.0,217825.0,866415.0,147481.0,587644.0,666458.0,191.0,488506.0,248067.0,204135.0,60603.0,72198.0,13041.0,118811.0,56824.0
2026-01-19,13149683.0,238966.0,2641776.0,131582.0,526044.0,207385.0,257197.0,408651.0,279.0,2007942.0,440769.0,145935.0,43115.0,93350.0,9127.0,186353.0,42467.0
2026-01-20,30208320.0,458572.0,7233428.0,178861.0,802013.0,181074.0,223608.0,879621.0,377.0,988934.0,548103.0,456442.0,22577.0,155527.0,10160.0,802867.0,226969.0
2026-01-21,37655167.0,941944.0,6922118.0,119879.0,703739.0,172369.0,607538.0,1500579.0,449.0,321584.0,381375.0,361211.0,25972.0,318821.0,6854.0,608330.0,50365.0
2026-01-22,32608607.0,809968.0,1012222.0,240476.0,778100.0,110150.0,281346.0,938018.0,118.0,241973.0,76683.0,238009.0,18440.0,40422.0,14112.0,93569.0,32249.0
2026-01-23,17696743.0,527700.0,1088218.0,301312.0,547776.0,63597.0,275536.0,530024.0,190.0,145987.0,46830.0,451808.0,14252.0,34130.0,11898.0,198986.0,102176.0
2026-01-26,19474997.0,515892.0,2721705.0,236335.0,665760.0,65798.0,299586.0,501551.0,493.0,348507.0,141371.0,469439.0,19766.0,158888.0,6165.0,122844.0,18180.0
2026-01-27,40595529.0,498403.0,1048917.0,198404.0,775438.0,122472.0,399936.0,408720.0,913.0,144434.0,191303.0,500619.0,35529.0,200093.0,33308.0,376689.0,32258.0
2026-01-28,33060616.0,551114.0,1419354.0,365772.0,742386.0,125439.0,276305.0,629737.0,239.0,244691.0,1141709.0,1314315.0,22160.0,136561.0,45975.0,275081.0,18444.0
2026-01-29,33141644.0,868655.0,552420.0,290281.0,673039.0,24261.0,135800.0,303169.0,729.0,209749.0,60598.0,304755.0,18337.0,57765.0,23792.0,322385.0,532328.0
2026-01-30,30194485.0,907981.0,1800022.0,352949.0,1001756.0,186123.0,446741.0,826213.0,389.0,154025.0,92802.0,238960.0,12937.0,66786.0,3628.0,694916.0,21075.0
2026-02-02,20824614.0,490580.0,3337008.0,184799.0,234445.0,59090.0,202642.0,601378.0,172.0,195733.0,67487.0,348805.0,25822.0,284991.0,9834.0,965634.0,33198.0
2026-02-03,26881236.0,625791.0,2086466.0,240317.0,920990.0,60532.0,591725.0,651930.0,978.0,134848.0,25749.0,176930.0,13270.0,90605.0,2927.0,285124.0,35181.0
2026-02-04,38376331.0,317596.0,4313483.0,434295.0,1117530.0,141781.0,496689.0,895690.0,326.0,435549.0,74208.0,274332.0,41320.0,76165.0,13743.0,231359.0,51157.0
2026-02-05,16500796.0,260052.0,3777177.0,238308.0,609355.0,85898.0,193170.0,592374.0,277.0,543975.0,42986.0,220814.0,13166.0,63729.0,24550.0,310753.0,38815.0
2026-02-06,14923038.0,579076.0,2296633.0,315247.0,674942.0,49371.0,213243.0,787134.0,181.0,802369.0,21220.0,85923.0,5612.0,46764.0,5253.0,73634.0,44080.0
2026-02-09,25356422.0,444407.0,921389.0,385752.0,670626.0,51077.0,123189.0,476568.0,169.0,568612.0,54234.0,425878.0,8131.0,31110.0,3293.0,79333.0,13187.0
2026-02-10,26631637.0,293302.0,979949.0,157786.0,599696.0,81996.0,150056.0,747265.0,130.0,169107.0,12560.0,80854.0,4026.0,4354.0,10321.0,149734.0,17721.0
2026-02-11,15795153.0,361036.0,1044615.0,367489.0,530201.0,274744.0,146562.0,1975678.0,692.0,543154.0,27813.0,343945.0,9854.0,64786.0,23469.0,338377.0,20039.0
2026-02-12,15282556.0,362189.0,665328.0,237967.0,561896.0,55744.0,76283.0,813715.0,2840.0,49745.0,84864.0,123242.0,16892.0,92373.0,17960.0,91405.0,14098.0
2026-02-13,6808892.0,194840.0,3122565.0,124170.0,440839.0,128885.0,202675.0,758743.0,340.0,152434.0,22147.0,206972.0,10776.0,87374.0,34300.0,166029.0,21361.0
2026-02-16,4873524.0,114906.0,1288671.0,24925.0,146547.0,23973.0,21170.0,386830.0,74.0,280279.0,113305.0,33801.0,1749.0,28519.0,1497.0,151726.0,38936.0
2026-02-17,28234661.0,99208.0,2273037.0,132793.0,441013.0,53298.0,212079.0,675855.0,323.0,58615.0,34901.0,91052.0,9403.0,21021.0,3490.0,105924.0,18570.0
2026-02-18,19195248.0,291265.0,2681725.0,139525.0,547481.0,128080.0,128298.0,628041.0,273.0,134714.0,21272.0,60928.0,17683.0,21107.0,4645.0,138595.0,61178.0
2026-02-19,28487144.0,227754.0,1819851.0,117038.0,419673.0,95734.0,81416.0,348482.0,183.0,1239058.0,24109.0,94205.0,17607.0,32268.0,9735.0,160316.0,129890.0
2026-02-20,24356129.0,270075.0,798421.0,109743.0,542584.0,80647.0,227779.0,1074319.0,108.0,612506.0,31634.0,518485.0,10425.0,48134.0,2822.0,482480.0,83323.0
2026-02-23,34174824.0,695839.0,1858899.0,446826.0,1010254.0,85584.0,197429.0,469317.0,347.0,211596.0,24780.0,1503428.0,13518.0,61696.0,43702.0,506574.0,28790.0
2026-02-24,18609383.0,429878.0,695316.0,588681.0,1752487.0,169762.0,103983.0,774738.0,47.0,1753307.0,29191.0,282477.0,9343.0,34344.0,11583.0,69163.0,24395.0
2026-02-25,27295823.0,253258.0,1670370.0,501107.0,1006302.0,97830.0,181653.0,447170.0,220.0,243848.0,39954.0,242304.0,3217.0,48309.0,12095.0,137663.0,72261.0
2026-02-26,18910787.0,276911.0,1171419.0,427044.0,1265715.0,166221.0,119372.0,479587.0,37.0,1794116.0,67596.0,1399850.0,87153.0,95357.0,46605.0,93705.0,87151.0
2026-02-27,24613295.0,1421516.0,6030807.0,990248.0,1911198.0,2934406.0,344751.0,4404160.0,202.0,1826203.0,57630.0,181679.0,204993.0,57523.0,8246.0,1358999.0,374072.0
2026-03-02,33105541.0,169806.0,1062491.0,229148.0,591216.0,187690.0,116245.0,504819.0,354.0,1793914.0,73322.0,192749.0,14177.0,267267.0,5816.0,183983.0,43982.0
2026-03-03,22509070.0,404081.0,2684357.0,491831.0,2032019.0,249171.0,262154.0,824618.0,1894.0,887050.0,104986.0,296945.0,26187.0,132136.0,23404.0,203571.0,82623.0
2026-03-05,48627921.0,314462.0,747630.0,248057.0,748615.0,81627.0,97979.0,444594.0,99.0,301276.0,25311.0,148018.0,5921.0,33807.0,1040.0,138172.0,44330.0
2026-03-06,45176352.0,466104.0,726139.0,322833.0,691488.0,506862.0,135043.0,379539.0,379.0,904212.0,14056.0,159850.0,12518.0,62845.0,4771.0,152727.0,42503.0
2026-03-09,45633557.0,146972.0,1521630.0,229393.0,703973.0,133148.0,211151.0,431792.0,137.0,268489.0,32139.0,161932.0,12252.0,33639.0,7899.0,91891.0,52002.0
2026-03-11,24699873.0,486117.0,865648.0,333147.0,609527.0,85886.0,152414.0,397331.0,79.0,231824.0,58644.0,45465.0,5227.0,35875.0,485.0,239298.0,29048.0
2026-03-12,48742761.0,181743.0,1003570.0,425994.0,1196745.0,129783.0,288071.0,342577.0,92.0,174424.0,33859.0,77385.0,17704.0,14609.0,2254.0,166413.0,38895.0
2026-03-13,20203764.0,174206.0,650026.0,313741.0,887044.0,40673.0,94240.0,285303.0,604.0,73719.0,27308.0,185502.0,8744.0,30706.0,431.0,265420.0,28545.0
2026-03-16,24488988.0,108205.0,619481.0,530290.0,624245.0,39963.0,178506.0,250897.0,419.0,59552.0,54498.0,47385.0,13103.0,29337.0,4167.0,215653.0,37563.0
2026-03-17,27083429.0,283970.0,432385.0,211677.0,589067.0,41498.0,107421.0,399933.0,53.0,80388.0,21291.0,474027.0,11628.0,44598.0,1561.0,213891.0,18077.0
2026-03-18,24508158.0,541112.0,3407065.0,414153.0,843787.0,46794.0,43590.0,706607.0,77.0,139415.0,1515749.0,129034.0,25734.0,29203.0,1269.0,353757.0,63290.0
2026-03-19,68504625.0,160239.0,333553.0,380444.0,594007.0,58948.0,168923.0,496966.0,37.0,97484.0,48457.0,313071.0,37484.0,31162.0,682.0,303261.0,34697.0
2026-03-20,105571194.0,1872810.0,7420009.0,10582532.0,4137974.0,381075.0,552811.0,679897.0,42.0,316285.0,2009674.0,1032321.0,70550.0,204628.0,19017.0,362548.0,347873.0
2026-03-24,13163461.0,354144.0,723343.0,583724.0,706020.0,168136.0,276454.0,435634.0,2186.0,165949.0,33072.0,3970593.0,39153.0,62435.0,32556.0,240951.0,21774.0
2026-03-25,23937313.0,377131.0,842017.0,541362.0,1192668.0,318950.0,159602.0,431719.0,320.0,120639.0,30515.0,1111419.0,12730.0,96310.0,18581.0,493405.0,234283.0
2026-03-26,18840377.0,266380.0,373459.0,630436.0,540857.0,111237.0,62064.0,244421.0,231.0,78527.0,12528.0,637920.0,8238.0,38081.0,4483.0,120627.0,62446.0
2026-03-27,35924355.0,339785.0,1086296.0,198765.0,682173.0,100092.0,254644.0,366059.0,25.0,357231.0,41226.0,616679.0,20876.0,89506.0,15503.0,239565.0,51848.0
2026-03-30,9906195.0,215432.0,284464.0,81964.0,402011.0,38224.0,89062.0,157136.0,37.0,185882.0,9169.0,78855.0,5432.0,8131.0,8143.0,87090.0,8100.0
2026-03-31,13522981.0,656415.0,275476.0,377072.0,1041807.0,169803.0,272477.0,216880.0,37.0,655399.0,3315.0,78668.0,6967.0,14990.0,5593.0,70360.0,23002.0
2026-04-01,25228429.0,164833.0,157714.0,230848.0,420718.0,60785.0,161031.0,230772.0,895.0,87802.0,6197.0,131983.0,12273.0,9474.0,5579.0,313886.0,13731.0
2026-04-06,17764081.0,182112.0,404876.0,351489.0,403780.0,56403.0,43435.0,361198.0,358.0,61179.0,13641.0,324002.0,10334.0,28637.0,5258.0,121301.0,18145.0
2026-04-07,20028673.0,172737.0,550350.0,295206.0,447080.0,73779.0,35820.0,446580.0,118.0,164529.0,14259.0,181615.0,9639.0,50688.0,7601.0,124112.0,15719.0
2026-04-08,32754171.0,295253.0,1781533.0,237264.0,661054.0,253285.0,141067.0,393466.0,1020.0,128434.0,21549.0,443970.0,13756.0,37586.0,5700.0,308972.0,23010.0
2026-04-09,18896838.0,280411.0,2521186.0,162500.0,936663.0,85235.0,235937.0,355612.0,23.0,68034.0,22005.0,428301.0,11991.0,39139.0,7704.0,194418.0,13502.0
2026-04-15,13805937.0,228379.0,537110.0,189844.0,509725.0,53140.0,107196.0,173076.0,43.0,139279.0,34863.0,513479.0,10948.0,36676.0,2010.0,85122.0,27961.0
2026-04-16,32149364.0,175558.0,960743.0,272369.0,815491.0,52042.0,206407.0,383359.0,342.0,118075.0,36722.0,484269.0,15268.0,70075.0,2665.0,70168.0,25877.0
2026-04-17,42410630.0,156217.0,1180221.0,120450.0,968135.0,117151.0,159398.0,371895.0,464.0,51587.0,28704.0,288121.0,5750.0,28601.0,6371.0,144683.0,18448.0
2026-04-20,18116545.0,234349.0,663797.0,175040.0,783347.0,63107.0,205045.0,527715.0,23.0,191000.0,33661.0,330886.0,4950.0,43184.0,3911.0,43683.0,11226.0
2026-04-21,21990909.0,81343.0,2297035.0,67866.0,225158.0,40540.0,75289.0,322277.0,42.0,50531.0,21741.0,277562.0,1604.0,80667.0,1849.0,157948.0,8758.0
2026-04-22,19234485.0,152605.0,572815.0,145249.0,390627.0,98965.0,64708.0,123347.0,18.0,64333.0,13283.0,195283.0,1871.0,62310.0,636.0,59678.0,3700.0
2026-04-23,29356907.0,96883.0,643657.0,96031.0,876436.0,74903.0,88333.0,198287.0,872.0,83911.0,1467.0,149920.0,10131.0,51583.0,2514.0,73432.0,7816.0
2026-04-24,11123116.0,103418.0,480037.0,69423.0,240674.0,106631.0,60571.0,231214.0,77.0,33744.0,7019.0,219016.0,4124.0,121977.0,7202.0,17702.0,3119.0
2026-04-27,23785885.0,118220.0,890336.0,110755.0,510597.0,28687.0,171193.0,177027.0,651.0,90274.0,21473.0,34870.0,8694.0,23251.0,4103.0,85927.0,26873.0
2026-04-28,17293611.0,145460.0,1281262.0,167755.0,564399.0,77917.0,97935.0,587243.0,463.0,60659.0,207181.0,114142.0,10745.0,261997.0,1795.0,53871.0,45046.0
2026-04-29,35831214.0,202917.0,1052641.0,251193.0,761406.0,76757.0,107766.0,197897.0,241.0,49202.0,46221.0,1033111.0,13161.0,54353.0,29367.0,237114.0,67212.0
2026-04-30,30182854.0,225284.0,294896.0,161703.0,526927.0,26555.0,129477.0,274194.0,55.0,33939.0,8299.0,169902.0,1543.0,54284.0,14372.0,63450.0,13166.0
2026-05-04,18233609.0,104877.0,358570.0,234906.0,361272.0,16341.0,52903.0,532704.0,81.0,46613.0,38410.0,206026.0,22432.0,59992.0,5680.0,26313.0,50138.0
2026-05-06,22960432.0,236401.0,836866.0,160509.0,758438.0,75795.0,157984.0,304860.0,1406.0,332634.0,23620.0,255999.0,2027.0,39451.0,60114.0,262629.0,7565.0
2026-05-07,26205934.0,320811.0,1880655.0,116624.0,678109.0,209804.0,284855.0,978605.0,818.0,296765.0,34287.0,288046.0,11027.0,56123.0,20847.0,597832.0,36282.0
2026-05-08,25958660.0,228769.0,873404.0,97589.0,489603.0,78757.0,150479.0,262832.0,793.0,175367.0,23626.0,461852.0,8285.0,64233.0,22160.0,272186.0,19339.0
2026-05-11,16379805.0,99955.0,576138.0,66399.0,569979.0,46078.0,128114.0,309338.0,4059.0,312271.0,15963.0,270992.0,7740.0,46432.0,29406.0,153383.0,17264.0
2026-05-12,23570760.0,580453.0,1020508.0,184254.0,610852.0,41874.0,123604.0,820267.0,1351.0,90232.0,5330.0,437833.0,8670.0,39464.0,6469.0,42937.0,21624.0
2026-05-13,34446802.0,308770.0,448072.0,141196.0,659528.0,57737.0,231863.0,734400.0,10146.0,2493323.0,11872.0,178996.0,9512.0,16160.0,9312.0,48637.0,15237.0
2026-05-14,33853293.0,304554.0,1210333.0,503387.0,1106772.0,206330.0,330785.0,659730.0,1431.0,168717.0,85222.0,445829.0,15728.0,73706.0,26164.0,138722.0,64012.0
2026-05-15,24761299.0,141108.0,620419.0,85697.0,617443.0,78612.0,90433.0,326409.0,646.0,64081.0,10925.0,211804.0,2720.0,21677.0,6369.0,52795.0,8911.0
2026-05-19,43920976.0,316479.0,429687.0,177367.0,514070.0,60837.0,235060.0,314642.0,841.0,28212.0,15966.0,156858.0,3101.0,23771.0,4423.0,125110.0,510716.0
2026-05-20,42277401.0,252428.0,988441.0,188638.0,623805.0,108256.0,124746.0,668459.0,1322.0,27323.0,28480.0,419018.0,17553.0,157199.0,3000.0,42562.0,19839.0
2026-05-21,21791696.0,253612.0,661776.0,93156.0,486507.0,87965.0,181665.0,536860.0,451.0,76997.0,27925.0,281043.0,5909.0,8572.0,665.0,260472.0,232919.0
2026-05-22,22640950.0,191703.0,714932.0,171700.0,614506.0,114372.0,226807.0,443732.0,697.0,284150.0,4408.0,131399.0,2910.0,9380.0,2814.0,195491.0,6819.0
2026-05-25,5555571.0,127989.0,824810.0,209386.0,398407.0,78450.0,388507.0,511394.0,2369.0,232115.0,59974.0,418033.0,9870.0,37376.0,15451.0,140811.0,34393.0
2026-05-26,67086408.0,669803.0,3085644.0,296962.0,946215.0,184314.0,270597.0,943421.0,2833.0,274562.0,18206.0,502788.0,26488.0,110042.0,14419.0,114642.0,27030.0
2026-05-27,36136049.0,178497.0,1533366.0,365689.0,745307.0,51418.0,169758.0,599973.0,64.0,68375.0,34432.0,317653.0,3459.0,101741.0,7248.0,157297.0,12207.0
2026-05-28,35063550.0,137222.0,996526.0,182501.0,741638.0,23218.0,156374.0,375773.0,495.0,155673.0,19516.0,179691.0,6979.0,32816.0,1667.0,159677.0,8944.0
2026-06-01,24066210.0,344103.0,589543.0,232576.0,638308.0,49802.0,153997.0,525814.0,267.0,142494.0,27716.0,443315.0,8239.0,52315.0,10135.0,214271.0,44347.0
2026-06-03,19327979.0,185571.0,313730.0,304163.0,743713.0,132940.0,40332.0,217141.0,32.0,119888.0,14803.0,553649.0,11937.0,13414.0,6079.0,142751.0,30397.0
2026-06-04,28274108.0,183357.0,538935.0,110446.0,226233.0,137874.0,116165.0,345539.0,20.0,62571.0,20732.0,328095.0,12189.0,22113.0,7977.0,101135.0,21859.0
2026-06-05,29381978.0,203787.0,971607.0,160374.0,1004002.0,111601.0,148537.0,431629.0,429.0,50306.0,18774.0,466674.0,5323.0,60226.0,27194.0,230320.0,21145.0
2026-06-09,55541842.0,292342.0,930972.0,209391.0,1274488.0,80588.0,370462.0,984480.0,488.0,205930.0,5831.0,680750.0,1799.0,16752.0,55516.0,504942.0,2412.0
2026-06-10,43982499.0,240891.0,676983.0,130108.0,897447.0,496472.0,132848.0,528466.0,428.0,200600.0,7008.0,228521.0,4476.0,32973.0,18197.0,284928.0,12778.0
2026-06-11,33614551.0,186974.0,1158572.0,248588.0,1194502.0,180073.0,194818.0,647348.0,431.0,105197.0,11191.0,717439.0,15911.0,249607.0,8099.0,178503.0,8299.0
2026-06-16,45031731.0,199254.0,1135589.0,150753.0,705827.0,92607.0,113522.0,607628.0,542.0,81404.0,10693.0,262702.0,18418.0,64732.0,8796.0,428056.0,15263.0
2026-06-17,43338793.0,320120.0,1380300.0,168236.0,493401.0,152040.0,220009.0,456083.0,32.0,139361.0,50575.0,0.0,8760.0,75715.0,5960.0,199950.0,20224.0
2026-06-22,103685107.0,178540.0,2237550.0,61464.0,761476.0,88716.0,186054.0,400663.0,228.0,611810.0,79205.0,819647.0,37810.0,296760.0,35625.0,167406.0,51625.0
2026-06-23,27675388.0,1501970.0,2618983.0,162918.0,622901.0,37380.0,137492.0,758709.0,236.0,36435.0,20568.0,222134.0,22387.0,134519.0,3468.0,130705.0,17629.0
2026-06-24,72935359.0,387832.0,840638.0,150866.0,561748.0,115930.0,229630.0,486384.0,1498.0,38088.0,17868.0,355738.0,7464.0,60592.0,14177.0,142981.0,17187.0
2026-06-25,29325185.0,212564.0,1254010.0,122003.0,437269.0,38781.0,94054.0,510692.0,653.0,60769.0,10714.0,313333.0,7113.0,147264.0,2775.0,73771.0,7672.0
2026-06-26,52408561.0,74332.0,1084782.0,98662.0,194484.0,53082.0,67452.0,367452.0,210.0,30329.0,5700.0,199430.0,555.0,72565.0,13446.0,150520.0,8712.0
2026-06-30,22320212.0,426402.0,418122.0,221969.0,537754.0,47982.0,94468.0,484161.0,52.0,73484.0,6733.0,245443.0,9170.0,26544.0,1853.0,56313.0,23787.0
2026-07-01,27562214.0,311864.0,795144.0,70527.0,233297.0,5522.0,116959.0,278670.0,8.0,33535.0,11667.0,190699.0,6192.0,29779.0,1953.0,82833.0,5788.0
2026-07-02,21477157.0,212649.0,851278.0,118849.0,354063.0,40352.0,104567.0,528157.0,189.0,40414.0,49668.0,260445.0,9219.0,101910.0,1868.0,81254.0,20300.0
