coherence_vol,coherence_ret
0.928571428570618,0.8571428571421089
