noise_sd,mean_consistency,p05,p95
0.01,0.986031746031746,0.9661904761904762,1.0
0.05,0.9374603174603174,0.8942857142857142,0.9671428571428571
0.1,0.8761904761904763,0.8276190476190476,0.9385714285714285
