coherence_vol,coherence_ret
0.9999999999991271,0.9761904761896241
