noise_sd,mean_consistency,p05,p95
0.01,0.9929999999999998,0.9866666666666667,0.9985
0.05,0.9668888888888889,0.95,0.9818333333333333
0.1,0.9344444444444445,0.91,0.9551666666666667
