,rmse,mae,mape,ndcg_at_k,mrr,ordinal_consistency
Guardian,0.1318211186570286,0.11101343852777927,30.429326021932866,0.8683434596471086,1.0,0.6333333333333333
Sentinel,0.12152077380600813,0.09775432034764185,24.38393099846448,0.9007139128545961,1.0,0.6933333333333334
Pragmatist,0.11514188252291903,0.08750103322939676,19.864415619394734,0.9344303683957411,1.0,0.7266666666666667
Analyst,0.1111808547495953,0.07852702982461217,16.30588707672925,0.9401411825934881,1.0,0.74
Strategist,0.1093804770908157,0.07503773366160482,14.394868678923595,0.9546550998156694,1.0,0.76
Adventurer,0.10979283767067868,0.07388463853024596,13.004317839202814,0.9600309435335863,1.0,0.7733333333333333
Innovator,0.11247019422973226,0.07249182151802673,11.75764055436339,0.9702434152232309,1.0,0.7866666666666666
Visionary,0.11736262924184415,0.07113439285647388,10.660053151276196,0.9394992746879569,1.0,0.75
