Date,close,adjclose,volume
2014-12-01,44.31999969482422,35.2923469543457,5340400
2014-12-02,45.220001220703125,36.00901794433594,10949300
2014-12-03,45.68000030517578,36.375335693359375,4993000
2014-12-04,45.4900016784668,36.224021911621094,6377200
2014-12-05,45.29999923706055,36.07271957397461,4179500
2014-12-08,45.709999084472656,36.39921569824219,4220000
2014-12-09,45.439998626708984,36.184200286865234,3554000
2014-12-10,44.369998931884766,35.3321533203125,5489800
2014-12-11,44.459999084472656,35.4038200378418,3954300
2014-12-12,43.689998626708984,34.79067611694336,5191400
2014-12-15,43.459999084472656,34.60752487182617,4993800
2014-12-16,43.400001525878906,34.559749603271484,6186500
2014-12-17,44.2599983215332,35.244564056396484,5045700
2014-12-18,45.77000045776367,36.446990966796875,6703700
2014-12-19,46.04999923706055,36.669952392578125,11329200
2014-12-22,46.369998931884766,36.924774169921875,4831400
2014-12-23,45.720001220703125,36.40717697143555,4078900
2014-12-24,45.70000076293945,36.39125061035156,2527200
2014-12-26,45.849998474121094,36.51069259643555,2057700
2014-12-29,45.599998474121094,36.311614990234375,2580900
2014-12-30,45.689998626708984,36.38328170776367,2950400
2014-12-31,45.02000045776367,35.84977340698242,3418600
2015-01-02,44.900001525878906,35.754207611083984,3216600
2015-01-05,44.90999984741211,35.762168884277344,5735900
2015-01-06,44.400001525878906,35.35605239868164,6584300
2015-01-07,44.7599983215332,35.64271926879883,4609500
2015-01-08,45.68000030517578,36.375335693359375,4883000
2015-01-09,45.20000076293945,35.993099212646484,4742200
2015-01-12,45.58000183105469,36.29569625854492,6178800
2015-01-13,44.61000061035156,35.7113151550293,6745000
2015-01-14,44.279998779296875,35.44715118408203,5865900
2015-01-15,43.95000076293945,35.18296432495117,3916200
2015-01-16,44.4900016784668,35.615257263183594,4564200
2015-01-20,44.220001220703125,35.399105072021484,5159900
2015-01-21,44.060001373291016,35.27102279663086,5328200
2015-01-22,44.4900016784668,35.615257263183594,5329100
2015-01-23,43.86000061035156,35.11091995239258,6664000
2015-01-26,44.150001525878906,35.34306716918945,4376200
2015-01-27,43.68000030517578,34.96681594848633,4847400
2015-01-28,43.40999984741211,34.750667572021484,7641000
2015-01-29,45.2599983215332,36.23164367675781,10054600
2015-01-30,44.7599983215332,35.831382751464844,9613300
2015-02-02,45.22999954223633,36.20763397216797,7312900
2015-02-03,45.83000183105469,36.68794631958008,8380300
2015-02-04,45.16999816894531,36.15959930419922,8231200
2015-02-05,45.650001525878906,36.54384994506836,6374400
2015-02-06,45.5,36.42376708984375,5601600
2015-02-09,44.52000045776367,35.6392707824707,6585900
2015-02-10,44.91999816894531,35.959468841552734,5210500
2015-02-11,44.93000030517578,35.96748352050781,4302900
2015-02-12,45.220001220703125,36.199642181396484,4683700
2015-02-13,46.09000015258789,36.896080017089844,6524900
2015-02-17,46.40999984741211,37.152252197265625,6366400
2015-02-18,46.40999984741211,37.152252197265625,4051400
2015-02-19,46.61000061035156,37.312355041503906,6590300
2015-02-20,47.47999954223633,38.008819580078125,6512400
2015-02-23,47.31999969482422,37.8807258605957,5608100
2015-02-24,47.470001220703125,38.00080490112305,4789000
2015-02-25,47.400001525878906,37.944766998291016,4777400
2015-02-26,47.61000061035156,38.11286926269531,5112300
2015-02-27,47.369998931884766,37.92074966430664,5805800
2015-03-02,47.220001220703125,37.80067825317383,7016300
2015-03-03,47.09000015258789,37.69660949707031,6018900
2015-03-04,47.0099983215332,37.632564544677734,5558500
2015-03-05,47.439998626708984,37.9767951965332,4842600
2015-03-06,46.5,37.22430419921875,7264900
2015-03-09,46.83000183105469,37.48847579956055,4465200
2015-03-10,46.16999816894531,36.96012878417969,5106100
2015-03-11,46.29999923706055,37.06420135498047,5030800
2015-03-12,47.25,37.824684143066406,5209700
2015-03-13,46.880001068115234,37.52849197387695,4744100
2015-03-16,47.83000183105469,38.289005279541016,4763600
2015-03-17,47.09000015258789,37.69660949707031,5609100
2015-03-18,47.38999938964844,37.936767578125,6656700
2015-03-19,47.439998626708984,37.9767951965332,4013600
2015-03-20,47.470001220703125,38.00080490112305,7563000
2015-03-23,47.470001220703125,38.00080490112305,3931100
2015-03-24,47.0,37.62456130981445,4595800
2015-03-25,46.529998779296875,37.248313903808594,5061100
2015-03-26,46.5,37.22430419921875,4367400
2015-03-27,46.779998779296875,37.44844436645508,3444400
2015-03-30,47.08000183105469,37.68860626220703,2967200
2015-03-31,46.33000183105469,37.08821487426758,5358100
2015-04-01,45.88999938964844,36.73597717285156,6369000
2015-04-02,46.130001068115234,36.92810821533203,3974000
2015-04-06,46.29999923706055,37.06420135498047,4083500
2015-04-07,46.189998626708984,36.97614288330078,3161100
2015-04-08,46.61000061035156,37.312355041503906,6011800
2015-04-09,47.0,37.62456130981445,4337300
2015-04-10,47.150001525878906,37.74464416503906,3759900
2015-04-13,46.529998779296875,37.43888854980469,3064500
2015-04-14,46.70000076293945,37.5756721496582,3244000
2015-04-15,46.83000183105469,37.680259704589844,4046600
2015-04-16,46.52000045776367,37.43083190917969,3769000
2015-04-17,46.25,37.21358108520508,4312000
2015-04-20,46.630001068115234,37.519344329833984,3371900
2015-04-21,47.119998931884766,37.91359329223633,8616000
2015-04-22,48.349998474121094,38.90328598022461,7638400
2015-04-23,48.459999084472656,38.991790771484375,6401900
2015-04-24,48.31999969482422,38.879146575927734,3451000
2015-04-27,47.4900016784668,38.21132278442383,5254500
2015-04-28,47.59000015258789,38.29177474975586,3788400
2015-04-29,47.16999816894531,37.95383071899414,3566600
2015-04-30,46.41999816894531,37.35036849975586,5963600
2015-05-01,46.689998626708984,37.567623138427734,3410100
2015-05-04,47.0,37.817054748535156,3126900
2015-05-05,46.849998474121094,37.696353912353516,4377700
2015-05-06,46.540000915527344,37.446937561035156,3832700
2015-05-07,46.5,37.41474914550781,4488900
2015-05-08,47.56999969482422,38.27568817138672,4296400
2015-05-11,47.33000183105469,38.08258056640625,3551400
2015-05-12,47.130001068115234,37.92163848876953,3520500
2015-05-13,47.029998779296875,37.8411865234375,2651400
2015-05-14,48.66999816894531,39.1607551574707,8225900
2015-05-15,48.709999084472656,39.19295120239258,5179000
2015-05-18,48.84000015258789,39.29755783081055,4221400
2015-05-19,49.0099983215332,39.43433380126953,4137800
2015-05-20,49.13999938964844,39.53892517089844,3682300
2015-05-21,49.34000015258789,39.69984817504883,4193700
2015-05-22,49.029998779296875,39.4504280090332,3454700
2015-05-26,48.599998474121094,39.104434967041016,3879600
2015-05-27,49.0099983215332,39.43433380126953,4348600
2015-05-28,49.2599983215332,39.63548278808594,5980600
2015-05-29,48.599998474121094,39.104434967041016,8667200
2015-06-01,48.939998626708984,39.37800598144531,5055100
2015-06-02,48.939998626708984,39.37800598144531,5138100
2015-06-03,48.86000061035156,39.31364059448242,3309600
2015-06-04,48.68000030517578,39.1688117980957,4687000
2015-06-05,48.45000076293945,38.98375701904297,3542400
2015-06-08,48.439998626708984,38.975704193115234,4353000
2015-06-09,48.18000030517578,38.766502380371094,3402000
2015-06-10,48.5,39.02397537231445,5614900
2015-06-11,49.060001373291016,39.47456741333008,7101200
2015-06-12,48.66999816894531,39.1607551574707,3692100
2015-06-15,48.06999969482422,38.67799758911133,4807100
2015-06-16,48.47999954223633,39.00788116455078,3919700
2015-06-17,48.56999969482422,39.08029556274414,3724400
2015-06-18,49.939998626708984,40.182640075683594,7971800
2015-06-19,49.88999938964844,40.14240264892578,9367200
2015-06-22,50.029998779296875,40.25503921508789,4627000
2015-06-23,49.880001068115234,40.13434600830078,3258300
2015-06-24,49.5,39.82858657836914,4572400
2015-06-25,49.33000183105469,39.691810607910156,3607900
2015-06-26,49.970001220703125,40.20677947998047,6780500
2015-06-29,49.0099983215332,39.43433380126953,5364300
2015-06-30,49.08000183105469,39.49064254760742,4514700
2015-07-01,49.52000045776367,39.84467697143555,3378200
2015-07-02,49.40999984741211,39.75619125366211,2740300
2015-07-06,49.7400016784668,40.021697998046875,5783800
2015-07-07,50.209999084472656,40.39986038208008,6069400
2015-07-08,49.25,39.62743377685547,5839600
2015-07-09,49.189998626708984,39.579158782958984,5604800
2015-07-10,49.93000030517578,40.174583435058594,5028200
2015-07-13,49.720001220703125,40.19883346557617,5519900
2015-07-14,50.20000076293945,40.58692169189453,4253700
2015-07-15,49.310001373291016,39.86735153198242,6612000
2015-07-16,49.77000045776367,40.2392578125,3830400
2015-07-17,49.900001525878906,40.34437561035156,5408700
2015-07-20,50.060001373291016,40.473731994628906,5416600
2015-07-21,49.7599983215332,40.23118209838867,6399800
2015-07-22,50.97999954223633,41.21755599975586,10392300
2015-07-23,51.20000076293945,41.39543533325195,6098500
2015-07-24,51.04999923706055,41.27415466308594,5982700
2015-07-27,50.689998626708984,40.98308181762695,5484200
2015-07-28,50.939998626708984,41.185218811035156,5734900
2015-07-29,51.060001373291016,41.28223419189453,3530700
2015-07-30,50.77000045776367,41.04777908325195,3665000
2015-07-31,50.689998626708984,40.98308181762695,5573500
2015-08-03,50.5,40.82948303222656,3506600
2015-08-04,50.5099983215332,40.83755111694336,3487700
2015-08-05,50.47999954223633,40.81329345703125,5032800
2015-08-06,50.31999969482422,40.68392562866211,6213200
2015-08-07,50.11000061035156,40.51415252685547,4351800
2015-08-10,50.65999984741211,40.95882797241211,3729300
2015-08-11,50.38999938964844,40.74053192138672,4033300
2015-08-12,50.09000015258789,40.49799728393555,5395100
2015-08-13,49.84000015258789,40.29584884643555,4130000
2015-08-14,50.22999954223633,40.61117935180664,3776400
2015-08-17,50.380001068115234,40.73244857788086,3216600
2015-08-18,50.439998626708984,40.78095626831055,3288200
2015-08-19,49.84000015258789,40.29584884643555,6000600
2015-08-20,48.529998779296875,39.236717224121094,5977400
2015-08-21,47.130001068115234,38.10480499267578,9305900
2015-08-24,43.70000076293945,35.33163833618164,18430700
2015-08-25,42.900001525878906,34.684837341308594,14575400
2015-08-26,43.97999954223633,35.55802536010742,12675400
2015-08-27,45.63999938964844,36.900142669677734,14260400
2015-08-28,46.02000045776367,37.2073860168457,9191600
2015-08-31,45.290000915527344,36.61716842651367,7470200
2015-09-01,43.56999969482422,35.22653579711914,9000500
2015-09-02,44.2400016784668,35.76823806762695,7517600
2015-09-03,44.13999938964844,35.687381744384766,6426200
2015-09-04,43.06999969482422,34.822296142578125,7057100
2015-09-08,44.040000915527344,35.606536865234375,5452400
2015-09-09,43.22999954223633,34.95164108276367,5251200
2015-09-10,43.119998931884766,34.86271286010742,6952400
2015-09-11,43.40999984741211,35.097164154052734,5699500
2015-09-14,43.16999816894531,34.90312957763672,4461300
2015-09-15,43.810001373291016,35.42058563232422,5105600
2015-09-16,43.86000061035156,35.46100616455078,4982300
2015-09-17,44.2400016784668,35.76823806762695,7323700
2015-09-18,43.33000183105469,35.032493591308594,9063900
2015-09-21,43.29999923706055,35.00823211669922,5052100
2015-09-22,42.47999954223633,34.345272064208984,7283400
2015-09-23,42.20000076293945,34.1188850402832,6280300
2015-09-24,41.939998626708984,33.908660888671875,7322100
2015-09-25,40.86000061035156,33.035491943359375,10025100
2015-09-28,39.060001373291016,31.580188751220703,17219300
2015-09-29,39.5,31.93592071533203,12287500
2015-09-30,40.220001220703125,32.51805114746094,10750300
2015-10-01,40.7599983215332,32.95463180541992,7897000
2015-10-02,41.380001068115234,33.455902099609375,8457500
2015-10-05,41.38999938964844,33.46398162841797,8789300
2015-10-06,39.88999938964844,32.2512321472168,11689300
2015-10-07,40.630001068115234,32.84952926635742,9158500
2015-10-08,41.15999984741211,33.27804946899414,9859100
2015-10-09,41.88999938964844,33.868263244628906,10400200
2015-10-12,41.56999969482422,33.609527587890625,6067700
2015-10-13,40.91999816894531,33.27611541748047,5527100
2015-10-14,40.720001220703125,33.11347961425781,6417200
2015-10-15,41.869998931884766,34.048648834228516,7822000
2015-10-16,42.220001220703125,34.33326721191406,6163500
2015-10-19,42.150001525878906,34.276344299316406,5531200
2015-10-20,41.7400016784668,33.94295120239258,5882700
2015-10-21,42.20000076293945,34.317012786865234,8858800
2015-10-22,43.5,35.37416458129883,12440000
2015-10-23,43.599998474121094,35.45548629760742,9582700
2015-10-26,43.61000061035156,35.46363067626953,5716400
2015-10-27,43.880001068115234,35.68317794799805,5743600
2015-10-28,44.7599983215332,36.398799896240234,6158300
2015-10-29,45.2400016784668,36.78913879394531,6887700
2015-10-30,44.79999923706055,36.431331634521484,8442300
2015-11-02,45.43000030517578,36.94365310668945,5477800
2015-11-03,45.5099983215332,37.008705139160156,3933800
2015-11-04,45.18000030517578,36.74033737182617,6506600
2015-11-05,45.18000030517578,36.74033737182617,5107000
2015-11-06,45.630001068115234,37.106285095214844,6586300
2015-11-09,45.04999923706055,36.6346321105957,5946000
2015-11-10,45.7599983215332,37.212005615234375,5520600
2015-11-11,45.06999969482422,36.65089797973633,4298600
2015-11-12,44.189998626708984,35.935279846191406,6013900
2015-11-13,43.959999084472656,35.74824523925781,6797500
2015-11-16,44.880001068115234,36.496395111083984,6362900
2015-11-17,44.77000045776367,36.40693283081055,5794300
2015-11-18,45.79999923706055,37.24452590942383,5691000
2015-11-19,45.72999954223633,37.18760299682617,6830300
2015-11-20,46.0099983215332,37.415306091308594,7140700
2015-11-23,45.439998626708984,36.95176315307617,4593800
2015-11-24,45.45000076293945,36.95989990234375,4638600
2015-11-25,45.40999984741211,36.9273681640625,3080700
2015-11-27,45.41999816894531,36.935508728027344,1678000
2015-11-30,44.91999816894531,36.52891540527344,7827000
2015-12-01,45.459999084472656,36.96803283691406,5593200
2015-12-02,45.220001220703125,36.77287292480469,4840400
2015-12-03,44.150001525878906,35.90275573730469,6857400
2015-12-04,45.29999923706055,36.83793258666992,6438500
2015-12-07,45.560001373291016,37.049354553222656,5559900
2015-12-08,45.54999923706055,37.04123306274414,5199000
2015-12-09,44.959999084472656,36.56144332885742,5544400
2015-12-10,45.310001373291016,36.84605407714844,4953200
2015-12-11,44.36000061035156,36.073524475097656,5236400
2015-12-14,44.810001373291016,36.439453125,6173500
2015-12-15,45.59000015258789,37.07376480102539,5828000
2015-12-16,46.04999923706055,37.44782638549805,7576500
2015-12-17,45.2599983215332,36.805397033691406,5792200
2015-12-18,43.70000076293945,35.53681564331055,13044400
2015-12-21,44.040000915527344,35.81330108642578,5453300
2015-12-22,44.47999954223633,36.171104431152344,4367300
2015-12-23,45.099998474121094,36.675296783447266,4353000
2015-12-24,45.099998474121094,36.675296783447266,1462900
2015-12-28,45.029998779296875,36.618370056152344,2742900
2015-12-29,45.81999969482422,37.26078796386719,4071200
2015-12-30,45.27000045776367,36.81352996826172,4912000
2015-12-31,44.90999984741211,36.520782470703125,4192400
2016-01-04,42.93000030517578,34.91064453125,12227500
2016-01-05,42.91999816894531,34.90251159667969,8245200
2016-01-06,42.560001373291016,34.6097526550293,5906000
2016-01-07,41.540000915527344,33.780311584472656,7151400
2016-01-08,40.66999816894531,33.072811126708984,7477700
2016-01-11,40.72999954223633,33.12160873413086,7839700
2016-01-12,41.459999084472656,33.71524429321289,7328900
2016-01-13,40.279998779296875,32.96236801147461,5754400
2016-01-14,41.099998474121094,33.63340377807617,7326800
2016-01-15,40.540000915527344,33.175140380859375,10464800
2016-01-19,40.43000030517578,33.085113525390625,7997300
2016-01-20,39.959999084472656,32.70050048828125,11279900
2016-01-21,39.47999954223633,32.307708740234375,10089500
2016-01-22,40.029998779296875,32.75779342651367,8854600
2016-01-25,39.65999984741211,32.455013275146484,5304600
2016-01-26,40.15999984741211,32.864173889160156,5360400
2016-01-27,40.470001220703125,33.11785888671875,10530700
2016-01-28,36.709999084472656,30.040939331054688,23544400
2016-01-29,37.849998474121094,30.973834991455078,16124300
2016-02-01,38.45000076293945,31.464839935302734,14252500
2016-02-02,37.880001068115234,30.998394012451172,9632400
2016-02-03,38.02000045776367,31.112953186035156,6914000
2016-02-04,38.0099983215332,31.104774475097656,5103800
2016-02-05,37.40999984741211,30.613759994506836,5750200
2016-02-08,37.459999084472656,30.654680252075195,7802000
2016-02-09,37.0,30.278249740600586,8691600
2016-02-10,37.209999084472656,30.450090408325195,7909400
2016-02-11,36.34000015258789,29.738149642944336,7724000
2016-02-12,37.130001068115234,30.3846378326416,6424800
2016-02-16,37.9900016784668,31.088396072387695,7960200
2016-02-17,38.45000076293945,31.464839935302734,6358900
2016-02-18,38.310001373291016,31.35026741027832,5617800
2016-02-19,38.529998779296875,31.530292510986328,5735000
2016-02-22,39.15999984741211,32.045841217041016,4946300
2016-02-23,38.38999938964844,31.41573715209961,6144300
2016-02-24,39.20000076293945,32.078582763671875,7054800
2016-02-25,39.630001068115234,32.43046569824219,7608300
2016-02-26,39.52000045776367,32.34044647216797,8741400
2016-02-29,38.7400016784668,31.702144622802734,8463400
2016-03-01,39.33000183105469,32.184967041015625,9693900
2016-03-02,39.34000015258789,32.19314193725586,7498100
2016-03-03,38.81999969482422,31.76760482788086,13516200
2016-03-04,39.18000030517578,32.06222152709961,7419200
2016-03-07,39.18000030517578,32.06222152709961,5955800
2016-03-08,39.16999816894531,32.054039001464844,7704200
2016-03-09,39.279998779296875,32.14404296875,6196000
2016-03-10,39.029998779296875,31.939462661743164,8716900
2016-03-11,40.369998931884766,33.036033630371094,11786400
2016-03-14,40.5,33.14240264892578,5707800
2016-03-15,39.900001525878906,32.651405334472656,5309200
2016-03-16,40.18000030517578,32.88055419921875,5393000
2016-03-17,40.290000915527344,32.970558166503906,6089900
2016-03-18,40.790000915527344,33.379722595214844,10143900
2016-03-21,40.7599983215332,33.35517501831055,4054800
2016-03-22,41.029998779296875,33.57612609863281,6652300
2016-03-23,40.779998779296875,33.37155532836914,4087600
2016-03-24,40.75,33.34699249267578,4261000
2016-03-28,40.880001068115234,33.453372955322266,3328000
2016-03-29,41.470001220703125,33.93620300292969,4127000
2016-03-30,41.650001525878906,34.08348846435547,3433000
2016-03-31,41.83000183105469,34.23078155517578,5168400
2016-04-01,42.189998626708984,34.525390625,3972900
2016-04-04,42.31999969482422,34.631778717041016,4407800
2016-04-05,42.040000915527344,34.40264129638672,6582700
2016-04-06,43.04999923706055,35.22914505004883,6261000
2016-04-07,42.61000061035156,34.86909484863281,4901300
2016-04-08,42.369998931884766,34.67268753051758,4920300
2016-04-11,42.47999954223633,34.76270294189453,3948800
2016-04-12,42.81999969482422,35.040931701660156,5100200
2016-04-13,43.349998474121094,35.69137191772461,4140700
2016-04-14,43.5099983215332,35.823097229003906,3118700
2016-04-15,43.40999984741211,35.74076461791992,3620400
2016-04-18,43.95000076293945,36.18536376953125,4268800
2016-04-19,43.849998474121094,36.10303497314453,7786600
2016-04-20,43.970001220703125,36.20183181762695,8693500
2016-04-21,43.880001068115234,36.12773513793945,6171500
2016-04-22,44.08000183105469,36.29240417480469,4691800
2016-04-25,44.0099983215332,36.234771728515625,4136800
2016-04-26,43.880001068115234,36.12773513793945,3372700
2016-04-27,43.83000183105469,36.086570739746094,5035100
2016-04-28,40.41999816894531,33.27900695800781,54527700
2016-04-29,38.900001525878906,32.027549743652344,30646800
2016-05-02,38.849998474121094,31.986387252807617,21292300
2016-05-03,38.54999923706055,31.739383697509766,18241600
2016-05-04,38.099998474121094,31.36888885498047,13975300
2016-05-05,38.5,31.698225021362305,16531000
2016-05-06,37.970001220703125,31.261850357055664,11399900
2016-05-09,37.97999954223633,31.27008819580078,11156200
2016-05-10,38.099998474121094,31.36888885498047,11228200
2016-05-11,38.0099983215332,31.294782638549805,10598300
2016-05-12,38.0,31.286561965942383,10395400
2016-05-13,37.599998474121094,30.95722198486328,9337900
2016-05-16,38.25,31.492393493652344,10178500
2016-05-17,37.709999084472656,31.047788619995117,8357100
2016-05-18,37.75,31.080718994140625,10603000
2016-05-19,37.2400016784668,30.660823822021484,8221300
2016-05-20,37.599998474121094,30.95722198486328,7807600
2016-05-23,37.369998931884766,30.767852783203125,7126700
2016-05-24,37.97999954223633,31.27008819580078,8678000
2016-05-25,38.68000030517578,31.84642791748047,16141100
2016-05-26,38.88999938964844,32.01932907104492,12446000
2016-05-27,39.29999923706055,32.35688018798828,12339400
2016-05-31,39.630001068115234,32.62857437133789,15887000
2016-06-01,39.5,32.52154541015625,11554800
2016-06-02,39.529998779296875,32.54624938964844,12758500
2016-06-03,39.18000030517578,32.258079528808594,10841200
2016-06-06,39.16999816894531,32.249847412109375,9157100
2016-06-07,38.93000030517578,32.0522575378418,10202700
2016-06-08,38.90999984741211,32.03578567504883,9134000
2016-06-09,38.869998931884766,32.00285339355469,10093100
2016-06-10,38.400001525878906,31.615890502929688,7926100
2016-06-13,37.86000061035156,31.171279907226562,11065900
2016-06-14,37.65999984741211,31.006608963012695,9613200
2016-06-15,37.43000030517578,30.8172550201416,7716300
2016-06-16,37.5,30.874889373779297,10267500
2016-06-17,37.38999938964844,30.78432273864746,9900000
2016-06-20,37.75,31.080718994140625,7707300
2016-06-21,37.72999954223633,31.064254760742188,8841100
2016-06-22,38.7400016784668,31.895832061767578,10868100
2016-06-23,39.630001068115234,32.62857437133789,10755500
2016-06-24,37.90999984741211,31.212448120117188,16525000
2016-06-27,36.95000076293945,30.42205238342285,12802100
2016-06-28,37.560001373291016,30.924293518066406,8379700
2016-06-29,38.56999969482422,31.75584602355957,8366500
2016-06-30,39.310001373291016,32.365108489990234,10425000
2016-07-01,39.540000915527344,32.55448913574219,6904600
2016-07-05,39.439998626708984,32.472137451171875,10029300
2016-07-06,40.83000183105469,33.616573333740234,13177200
2016-07-07,41.36000061035156,34.052947998046875,17624400
2016-07-08,41.88999938964844,34.48931121826172,11071800
2016-07-11,42.119998931884766,34.678680419921875,9052300
2016-07-12,42.470001220703125,34.96684265136719,8266200
2016-07-13,41.970001220703125,34.76802444458008,7920200
2016-07-14,42.279998779296875,35.024837493896484,9011900
2016-07-15,42.099998474121094,34.87572479248047,7693500
2016-07-18,42.09000015258789,34.867435455322266,7524200
2016-07-19,41.79999923706055,34.627193450927734,8462800
2016-07-20,42.650001525878906,35.33134078979492,13686500
2016-07-21,43.040000915527344,35.6544189453125,11456400
2016-07-22,43.16999816894531,35.762107849121094,10204500
2016-07-25,43.40999984741211,35.96091842651367,11525900
2016-07-26,43.599998474121094,36.118324279785156,8664800
2016-07-27,43.66999816894531,36.17630386352539,15188200
2016-07-28,44.45000076293945,36.822479248046875,18284700
2016-07-29,44.75,37.070987701416016,13423200
2016-08-01,45.290000915527344,37.51832580566406,12152400
2016-08-02,45.06999969482422,37.33607482910156,10352700
2016-08-03,44.95000076293945,37.23666763305664,7783100
2016-08-04,44.810001373291016,37.12069320678711,6583500
2016-08-05,45.2599983215332,37.49345779418945,6555300
2016-08-08,45.02000045776367,37.294639587402344,7657900
2016-08-09,45.08000183105469,37.34435272216797,6486200
2016-08-10,44.810001373291016,37.12069320678711,6026000
2016-08-11,45.04999923706055,37.31950759887695,5756200
2016-08-12,45.040000915527344,37.31121826171875,6686300
2016-08-15,45.150001525878906,37.402339935302734,6525600
2016-08-16,44.91999816894531,37.2118034362793,7584400
2016-08-17,44.68000030517578,37.01300048828125,8630300
2016-08-18,44.36000061035156,36.74790954589844,6548800
2016-08-19,44.2400016784668,36.648502349853516,9439100
2016-08-22,44.16999816894531,36.59049987792969,6518400
2016-08-23,43.900001525878906,36.36684799194336,7400600
2016-08-24,43.16999816894531,35.762107849121094,7578500
2016-08-25,42.84000015258789,35.48871994018555,38568600
2016-08-26,42.97999954223633,35.604713439941406,18670500
2016-08-29,43.25,35.828369140625,9223200
2016-08-30,42.83000183105469,35.48045349121094,12176200
2016-08-31,42.02000045776367,34.8094367980957,12445800
2016-09-01,42.29999923706055,35.04138946533203,10739200
2016-09-02,42.09000015258789,34.867435455322266,7208200
2016-09-06,42.15999984741211,34.92542266845703,7079100
2016-09-07,41.900001525878906,34.71003723144531,11063600
2016-09-08,41.849998474121094,34.66861343383789,7694300
2016-09-09,41.0099983215332,33.97275924682617,10977900
2016-09-12,41.41999816894531,34.3123893737793,7759600
2016-09-13,40.63999938964844,33.66624450683594,6930000
2016-09-14,40.810001373291016,33.807090759277344,7707800
2016-09-15,41.119998931884766,34.063880920410156,6099900
2016-09-16,41.869998931884766,34.6851921081543,15790200
2016-09-19,41.68000030517578,34.52778625488281,7552700
2016-09-20,41.58000183105469,34.4449348449707,4866700
2016-09-21,41.91999816894531,34.72659683227539,5461300
2016-09-22,42.220001220703125,34.975120544433594,5829700
2016-09-23,42.189998626708984,34.95027160644531,6912300
2016-09-26,41.68000030517578,34.52778625488281,6378200
2016-09-27,42.33000183105469,35.06625747680664,5964900
2016-09-28,42.290000915527344,35.033119201660156,5228300
2016-09-29,41.439998626708984,34.3289794921875,6785700
2016-09-30,42.290000915527344,35.033119201660156,7451000
2016-10-03,42.54999923706055,35.24848556518555,5947400
2016-10-04,42.099998474121094,34.87572479248047,5870700
2016-10-05,42.7400016784668,35.40589141845703,7218700
2016-10-06,42.970001220703125,35.5964241027832,7250200
2016-10-07,42.970001220703125,35.5964241027832,7249800
2016-10-10,43.5,36.035484313964844,8285100
2016-10-11,41.15999984741211,34.097015380859375,23896100
2016-10-12,40.97999954223633,34.163719177246094,6403900
2016-10-13,40.97999954223633,34.163719177246094,6544700
2016-10-14,40.790000915527344,34.00532531738281,8819000
2016-10-17,40.59000015258789,33.838592529296875,7252700
2016-10-18,41.16999816894531,34.32209777832031,9604900
2016-10-19,40.0099983215332,33.35505676269531,19299600
2016-10-20,40.7400016784668,33.9636344909668,8725900
2016-10-21,40.5,33.763545989990234,7276400
2016-10-24,40.40999984741211,33.68852233886719,6998800
2016-10-25,40.189998626708984,33.505126953125,6598400
2016-10-26,39.959999084472656,33.313377380371094,7196700
2016-10-27,40.290000915527344,33.58848571777344,6583200
2016-10-28,39.540000915527344,32.963226318359375,12519600
2016-10-31,39.2400016784668,32.713134765625,8241700
2016-11-01,39.04999923706055,32.55473709106445,8078500
2016-11-02,38.70000076293945,32.26294708251953,6323200
2016-11-03,38.380001068115234,31.996191024780273,7529400
2016-11-04,39.09000015258789,32.58807373046875,8748100
2016-11-07,39.86000061035156,33.230010986328125,6458800
2016-11-08,39.83000183105469,33.204986572265625,6654400
2016-11-09,40.06999969482422,33.40507507324219,13102900
2016-11-10,40.61000061035156,33.855262756347656,9716400
2016-11-11,40.13999938964844,33.46342849731445,5729000
2016-11-14,39.20000076293945,32.67978286743164,11193400
2016-11-15,39.810001373291016,33.18831253051758,9264700
2016-11-16,39.95000076293945,33.30503845214844,8894100
2016-11-17,40.38999938964844,33.67184066772461,6582600
2016-11-18,39.84000015258789,33.21332550048828,7015100
2016-11-21,39.7599983215332,33.146636962890625,8614700
2016-11-22,38.099998474121094,31.762752532958984,16242500
2016-11-23,38.97999954223633,32.496368408203125,9568900
2016-11-25,39.15999984741211,32.64643859863281,2733000
2016-11-28,38.7400016784668,32.296302795410156,5727800
2016-11-29,38.72999954223633,32.287967681884766,7338500
2016-11-30,38.06999969482422,31.73774528503418,14916800
2016-12-01,37.599998474121094,31.345911026000977,9008500
2016-12-02,37.900001525878906,31.596023559570312,7252800
2016-12-05,38.43000030517578,32.037864685058594,9514700
2016-12-06,38.41999816894531,32.0295295715332,6136100
2016-12-07,38.47999954223633,32.07954788208008,10888600
2016-12-08,38.68000030517578,32.246273040771484,7046900
2016-12-09,39.20000076293945,32.67978286743164,7802500
2016-12-12,39.20000076293945,32.67978286743164,7771700
2016-12-13,39.439998626708984,32.87986373901367,7483300
2016-12-14,38.81999969482422,32.36298370361328,11284100
2016-12-15,38.93000030517578,32.45468521118164,9229400
2016-12-16,38.099998474121094,31.762752532958984,15107500
2016-12-19,38.34000015258789,31.962825775146484,10153500
2016-12-20,38.189998626708984,31.837778091430664,6992900
2016-12-21,38.2400016784668,31.87946891784668,9190600
2016-12-22,38.290000915527344,31.921146392822266,7980900
2016-12-23,38.41999816894531,32.0295295715332,4625600
2016-12-27,38.599998474121094,32.179588317871094,6633700
2016-12-28,38.220001220703125,31.862796783447266,6828500
2016-12-29,38.310001373291016,31.937814712524414,7050800
2016-12-30,38.40999984741211,32.02119445800781,10445600
2017-01-03,39.04999923706055,32.55473709106445,9677300
2017-01-04,39.36000061035156,32.81317901611328,22644500
2017-01-05,39.70000076293945,33.096622467041016,12080100
2017-01-06,40.779998779296875,33.996971130371094,14628900
2017-01-09,40.7400016784668,33.9636344909668,10992500
2017-01-10,41.290000915527344,34.422149658203125,9256300
2017-01-11,41.08000183105469,34.46830368041992,10699400
2017-01-12,40.720001220703125,34.1662483215332,8633400
2017-01-13,40.93000030517578,34.34244155883789,9533300
2017-01-17,40.900001525878906,34.3172721862793,8272700
2017-01-18,40.7599983215332,34.199790954589844,7195100
2017-01-19,40.400001525878906,33.89773941040039,7160200
2017-01-20,40.459999084472656,33.94809341430664,5908000
2017-01-23,40.34000015258789,33.84739303588867,7351900
2017-01-24,40.310001373291016,33.82221984863281,7773700
2017-01-25,40.310001373291016,33.82221984863281,16890200
2017-01-26,40.959999084472656,34.36760711669922,9410200
2017-01-27,41.0,34.40117645263672,7033600
2017-01-30,41.0099983215332,34.40956115722656,13811600
2017-01-31,41.77000045776367,35.047237396240234,12318200
2017-02-01,42.33000183105469,35.517112731933594,11948800
2017-02-02,42.75,35.86951446533203,11836900
2017-02-03,42.779998779296875,35.89469528198242,11642200
2017-02-06,42.43000030517578,35.60102081298828,8735200
2017-02-07,42.88999938964844,35.98698806762695,8697300
2017-02-08,42.400001525878906,35.57585525512695,6731400
2017-02-09,42.540000915527344,35.69332504272461,5138400
2017-02-10,42.7400016784668,35.861122131347656,3692400
2017-02-13,43.220001220703125,36.26387023925781,5672400
2017-02-14,43.650001525878906,36.624664306640625,8458800
2017-02-15,44.0,36.9183349609375,7946400
2017-02-16,44.20000076293945,37.08614730834961,8975500
2017-02-17,44.689998626708984,37.49727249145508,9632000
2017-02-21,45.0099983215332,37.765769958496094,11387800
2017-02-22,45.0099983215332,37.765769958496094,7534600
2017-02-23,45.400001525878906,38.09299850463867,9459400
2017-02-24,45.68000030517578,38.32794952392578,7608600
2017-02-27,45.459999084472656,38.14333724975586,6142600
2017-02-28,45.08000183105469,37.82451248168945,14211400
2017-03-01,45.59000015258789,38.252418518066406,8886300
2017-03-02,45.689998626708984,38.33633804321289,11164100
2017-03-03,45.25,37.96715545654297,6789600
2017-03-06,45.130001068115234,37.866458892822266,6001300
2017-03-07,45.0,37.75739288330078,6476300
2017-03-08,45.36000061035156,38.059452056884766,6398500
2017-03-09,45.630001068115234,38.28599166870117,5691000
2017-03-10,45.720001220703125,38.36149978637695,6105900
2017-03-13,45.529998779296875,38.202083587646484,7040500
2017-03-14,44.79999923706055,37.589569091796875,7504500
2017-03-15,45.31999969482422,38.02587127685547,6844400
2017-03-16,44.97999954223633,37.7406005859375,6704200
2017-03-17,45.189998626708984,37.916805267333984,12277400
2017-03-20,44.97999954223633,37.7406005859375,3521600
2017-03-21,44.79999923706055,37.589569091796875,5567100
2017-03-22,44.810001373291016,37.59797668457031,5198900
2017-03-23,44.77000045776367,37.56441116333008,3952800
2017-03-24,44.72999954223633,37.530845642089844,4753200
2017-03-27,44.70000076293945,37.505653381347656,6914700
2017-03-28,44.70000076293945,37.505653381347656,5377400
2017-03-29,44.66999816894531,37.480491638183594,4186900
2017-03-30,44.54999923706055,37.379798889160156,4411600
2017-03-31,44.40999984741211,37.26234436035156,7146500
2017-04-03,44.470001220703125,37.312686920166016,7955000
2017-04-04,44.18000030517578,37.069358825683594,5399200
2017-04-05,43.79999923706055,36.750518798828125,7762300
2017-04-06,43.66999816894531,36.64144515991211,6067300
2017-04-07,43.83000183105469,36.77568817138672,5327800
2017-04-10,43.59000015258789,36.57431411743164,4321300
2017-04-11,43.58000183105469,36.78958511352539,4871900
2017-04-12,43.47999954223633,36.705162048339844,4778900
2017-04-13,42.66999816894531,36.02138137817383,11427000
2017-04-17,43.310001373291016,36.5616569519043,8068500
2017-04-18,43.43000030517578,36.66295623779297,10131200
2017-04-19,43.59000015258789,36.79802703857422,13454600
2017-04-20,43.97999954223633,37.12727355957031,5871900
2017-04-21,43.529998779296875,36.74736022949219,7519800
2017-04-24,44.130001068115234,37.2538948059082,6727000
2017-04-25,43.7599983215332,36.9415397644043,6793100
2017-04-26,43.79999923706055,36.975311279296875,5591200
2017-04-27,43.650001525878906,36.84867858886719,7487300
2017-04-28,43.63999938964844,36.840248107910156,6014100
2017-05-01,43.47999954223633,36.705162048339844,5119100
2017-05-02,43.599998474121094,36.806453704833984,6166100
2017-05-03,43.720001220703125,36.90776443481445,4579700
2017-05-04,44.59000015258789,37.64222717285156,6551400
2017-05-05,44.63999938964844,37.68442916870117,5893200
2017-05-08,44.68000030517578,37.71818542480469,6320100
2017-05-09,44.66999816894531,37.70973587036133,4943100
2017-05-10,44.5,37.56623458862305,5253300
2017-05-11,43.86000061035156,37.02596664428711,7071600
2017-05-12,43.959999084472656,37.110374450683594,5775800
2017-05-15,44.040000915527344,37.17790985107422,4223500
2017-05-16,43.689998626708984,36.88245391845703,7159300
2017-05-17,43.08000183105469,36.367496490478516,5989300
2017-05-18,42.97999954223633,36.28306198120117,5225100
2017-05-19,43.15999984741211,36.43502426147461,5883000
2017-05-22,43.72999954223633,36.916202545166016,5802200
2017-05-23,43.68000030517578,36.87400436401367,4672400
2017-05-24,43.529998779296875,36.74736022949219,4585400
2017-05-25,43.95000076293945,37.1019401550293,4473400
2017-05-26,44.709999084472656,37.74351501464844,8624100
2017-05-30,45.0,37.988338470458984,8119700
2017-05-31,45.65999984741211,38.545494079589844,10449800
2017-06-01,46.099998474121094,38.91694641113281,7385500
2017-06-02,46.5,39.25461196899414,6885700
2017-06-05,46.619998931884766,39.355899810791016,7810600
2017-06-06,46.36000061035156,39.136417388916016,6048300
2017-06-07,46.560001373291016,39.30526351928711,4358400
2017-06-08,46.720001220703125,39.440330505371094,8364400
2017-06-09,47.290000915527344,39.9215202331543,9117300
2017-06-12,47.16999816894531,39.820213317871094,7365500
2017-06-13,47.459999084472656,40.065032958984375,7163700
2017-06-14,47.63999938964844,40.216983795166016,6076900
2017-06-15,48.119998931884766,40.622188568115234,9366700
2017-06-16,48.209999084472656,40.69816207885742,9902200
2017-06-19,48.88999938964844,41.27219009399414,7409500
2017-06-20,48.77000045776367,41.17091751098633,8500700
2017-06-21,48.56999969482422,41.0020637512207,8271800
2017-06-22,49.27000045776367,41.59300994873047,8714100
2017-06-23,49.08000183105469,41.4326057434082,9343900
2017-06-26,48.90999984741211,41.28908920288086,5302600
2017-06-27,48.66999816894531,41.08649444580078,3893200
2017-06-28,48.47999954223633,40.926090240478516,8366300
2017-06-29,48.72999954223633,41.13713073730469,6048500
2017-06-30,48.61000061035156,41.03583908081055,4723300
2017-07-03,48.709999084472656,41.12025833129883,2454800
2017-07-05,49.0,41.36508560180664,5637200
2017-07-06,47.939998626708984,40.47023391723633,5665300
2017-07-07,48.439998626708984,40.8923225402832,4354300
2017-07-10,48.22999954223633,40.715049743652344,3479900
2017-07-11,48.150001525878906,40.647525787353516,4084400
2017-07-12,48.43000030517578,41.110130310058594,3906900
2017-07-13,48.08000183105469,40.81303787231445,7016600
2017-07-14,48.90999984741211,41.5175895690918,4111000
2017-07-17,48.7599983215332,41.39026641845703,3358400
2017-07-18,48.7400016784668,41.3732795715332,4163600
2017-07-19,49.43000030517578,41.959007263183594,6485000
2017-07-20,50.849998474121094,43.16438293457031,12331200
2017-07-21,50.84000015258789,43.15589141845703,7980300
2017-07-24,50.79999923706055,43.1219367980957,8584300
2017-07-25,50.83000183105469,43.14739227294922,5692800
2017-07-26,50.400001525878906,42.78238296508789,6057100
2017-07-27,50.11000061035156,42.53622817993164,7370900
2017-07-28,49.61000061035156,42.11180114746094,5688300
2017-07-31,49.18000030517578,41.74679183959961,6036200
2017-08-01,49.150001525878906,41.72132110595703,5098000
2017-08-02,49.22999954223633,41.78923416137695,4841500
2017-08-03,49.15999984741211,41.72980880737305,4365700
2017-08-04,49.2599983215332,41.81468963623047,3334700
2017-08-07,49.29999923706055,41.84865188598633,2898300
2017-08-08,48.880001068115234,41.49211883544922,3390700
2017-08-09,48.77000045776367,41.39875411987305,4102900
2017-08-10,48.060001373291016,40.79604721069336,4652200
2017-08-11,48.540000915527344,41.203514099121094,3978900
2017-08-14,49.08000183105469,41.66189956665039,3248400
2017-08-15,48.81999969482422,41.441192626953125,2922100
2017-08-16,49.810001373291016,42.281558990478516,6492100
2017-08-17,49.290000915527344,41.84016418457031,6633100
2017-08-18,48.7400016784668,41.3732795715332,4810800
2017-08-21,48.880001068115234,41.49211883544922,4282000
2017-08-22,49.709999084472656,42.19667434692383,4018800
2017-08-23,49.63999938964844,42.13725280761719,4559000
2017-08-24,49.380001068115234,41.916542053222656,3871800
2017-08-25,49.349998474121094,41.891090393066406,4852400
2017-08-28,50.2599983215332,42.663551330566406,6126900
2017-08-29,50.150001525878906,42.57016372680664,4117300
2017-08-30,50.11000061035156,42.53622817993164,2926200
2017-08-31,50.939998626708984,43.240760803222656,6207800
2017-09-01,51.18000030517578,43.444488525390625,4599400
2017-09-05,51.029998779296875,43.31715393066406,4027200
2017-09-06,51.189998626708984,43.45298385620117,7719500
2017-09-07,51.4900016784668,43.7076301574707,4631700
2017-09-08,52.02000045776367,44.15753936767578,6221800
2017-09-11,52.45000076293945,44.522544860839844,3668800
2017-09-12,52.25,44.352779388427734,3759600
2017-09-13,52.0,44.14055252075195,4214100
2017-09-14,51.689998626708984,43.87741470336914,5568300
2017-09-15,51.7599983215332,43.936832427978516,6699700
2017-09-18,52.08000183105469,44.208473205566406,3371000
2017-09-19,51.40999984741211,43.63973617553711,3790900
2017-09-20,51.88999938964844,44.04718780517578,4967000
2017-09-21,51.43000030517578,43.656700134277344,5737600
2017-09-22,52.5099983215332,44.5734748840332,7979000
2017-09-25,52.61000061035156,44.658363342285156,9778100
2017-09-26,52.849998474121094,44.862083435058594,6960100
2017-09-27,52.150001525878906,44.26788330078125,8025600
2017-09-28,53.63999938964844,45.53268814086914,14861100
2017-09-29,53.36000061035156,45.29500961303711,8459000
2017-10-02,53.68000030517578,45.56664276123047,8681900
2017-10-03,53.75,45.626060485839844,4464900
2017-10-04,54.34000015258789,46.126895904541016,5629700
2017-10-05,54.91999816894531,46.61921310424805,5143100
2017-10-06,55.0,46.6871337890625,4302100
2017-10-09,54.65999984741211,46.398521423339844,3985600
2017-10-10,55.400001525878906,47.026668548583984,4943100
2017-10-11,54.439998626708984,46.21176528930664,6940000
2017-10-12,54.709999084472656,46.66811752319336,4405000
2017-10-13,54.650001525878906,46.6169548034668,4951800
2017-10-16,54.630001068115234,46.59989547729492,3725500
2017-10-17,55.060001373291016,46.9666862487793,5433000
2017-10-18,55.77000045776367,47.572322845458984,9043700
2017-10-19,56.0,47.76851272583008,4864800
2017-10-20,56.31999969482422,48.04147720336914,5528700
2017-10-23,56.08000183105469,47.836761474609375,4709000
2017-10-24,55.380001068115234,47.23965072631836,7201000
2017-10-25,55.4900016784668,47.33347702026367,6113200
2017-10-26,55.47999954223633,47.32494354248047,5032600
2017-10-27,55.369998931884766,47.23112106323242,4724300
2017-10-30,54.290000915527344,46.30986785888672,7542500
2017-10-31,54.22999954223633,46.25869369506836,7676200
2017-11-01,54.0,46.0624885559082,7641900
2017-11-02,54.369998931884766,46.37810516357422,6953200
2017-11-03,55.470001220703125,47.31641387939453,4567100
2017-11-06,55.0099983215332,46.92404556274414,3133500
2017-11-07,55.15999984741211,47.0519905090332,4844000
2017-11-08,55.25,47.12876510620117,3712600
2017-11-09,55.45000076293945,47.29935836791992,3644000
2017-11-10,54.79999923706055,46.74490737915039,5032600
2017-11-13,55.29999923706055,47.1713981628418,3854500
2017-11-14,55.0099983215332,46.92404556274414,6180400
2017-11-15,54.83000183105469,46.77048873901367,4999800
2017-11-16,55.540000915527344,47.37612533569336,6866900
2017-11-17,55.560001373291016,47.393184661865234,6284200
2017-11-20,55.290000915527344,47.162872314453125,3699400
2017-11-21,56.119998931884766,47.870880126953125,4613000
2017-11-22,55.79999923706055,47.59791564941406,3552100
2017-11-24,56.130001068115234,47.8794059753418,2148300
2017-11-27,56.150001525878906,47.89645004272461,4518300
2017-11-28,56.02000045776367,47.78557586669922,6841700
2017-11-29,55.58000183105469,47.41024398803711,7277900
2017-11-30,56.369998931884766,48.0841178894043,10086300
2017-12-01,55.97999954223633,47.7514533996582,5322300
2017-12-04,54.709999084472656,46.66811752319336,4589100
2017-12-05,54.790000915527344,46.73637390136719,4321100
2017-12-06,54.65999984741211,46.6254768371582,7828600
2017-12-07,54.689998626708984,46.651065826416016,4421900
2017-12-08,54.63999938964844,46.60841369628906,5103900
2017-12-11,54.939998626708984,46.86433029174805,4273000
2017-12-12,55.70000076293945,47.512611389160156,9860700
2017-12-13,55.060001373291016,46.9666862487793,9962300
2017-12-14,54.72999954223633,46.685184478759766,5935200
2017-12-15,55.5,47.342010498046875,14655500
2017-12-18,56.400001525878906,48.109718322753906,6053900
2017-12-19,56.79999923706055,48.45092010498047,7116800
2017-12-20,57.02000045776367,48.63858413696289,11948400
2017-12-21,56.93000030517578,48.56181335449219,6154700
2017-12-22,56.93000030517578,48.56181335449219,5449300
2017-12-26,57.0,48.621524810791016,3187900
2017-12-27,57.470001220703125,49.02243423461914,5243900
2017-12-28,57.459999084472656,49.0139045715332,3387100
2017-12-29,57.06999969482422,48.68122863769531,3995200
2018-01-02,58.790000915527344,50.14840316772461,10112800
2018-01-03,58.91999816894531,50.25929260253906,5683700
2018-01-04,58.81999969482422,50.17400360107422,6240000
2018-01-05,58.9900016784668,50.319007873535156,5836900
2018-01-08,58.81999969482422,50.17400360107422,5411500
2018-01-09,58.91999816894531,50.25929260253906,7466900
2018-01-10,58.83000183105469,50.18252182006836,4340800
2018-01-11,58.95000076293945,50.525367736816406,4240900
2018-01-12,58.84000015258789,50.431095123291016,6320900
2018-01-16,58.439998626708984,50.08824920654297,7175000
2018-01-17,58.9900016784668,50.55964279174805,5037500
2018-01-18,59.06999969482422,50.62821578979492,5658600
2018-01-19,59.310001373291016,50.83391571044922,7362300
2018-01-22,59.56999969482422,51.056758880615234,6841900
2018-01-23,59.22999954223633,50.765357971191406,8122100
2018-01-24,61.720001220703125,52.899497985839844,11704900
2018-01-25,63.220001220703125,54.185123443603516,15261900
2018-01-26,63.41999816894531,54.35654830932617,10242800
2018-01-29,63.310001373291016,54.26226806640625,8638500
2018-01-30,62.439998626708984,53.51659393310547,6497600
2018-01-31,62.15999984741211,53.27661895751953,7804400
2018-02-01,62.18000030517578,53.29375076293945,8101600
2018-02-02,61.689998626708984,52.8737907409668,12346500
2018-02-05,58.72999954223633,50.33680725097656,11548200
2018-02-06,58.86000061035156,50.44823455810547,15214700
2018-02-07,58.66999816894531,50.28538131713867,6872700
2018-02-08,56.27000045776367,48.22836685180664,6874500
2018-02-09,57.16999816894531,48.9997444152832,8028400
2018-02-12,57.40999984741211,49.2054557800293,8234200
2018-02-13,57.63999938964844,49.40258026123047,5816600
2018-02-14,58.279998779296875,49.95111846923828,3728900
2018-02-15,59.5,50.996761322021484,3871900
2018-02-16,60.16999816894531,51.57100296020508,7849200
2018-02-20,59.119998931884766,50.67107391357422,8182500
2018-02-21,58.9900016784668,50.55964279174805,4793800
2018-02-22,58.9900016784668,50.55964279174805,5539900
2018-02-23,59.709999084472656,51.1767463684082,5190400
2018-02-26,60.529998779296875,51.87957000732422,5364200
2018-02-27,60.54999923706055,51.89670944213867,6747700
2018-02-28,60.33000183105469,51.70814895629883,8325700
2018-03-01,58.790000915527344,50.38823318481445,9711900
2018-03-02,59.459999084472656,50.96247863769531,7979200
2018-03-05,60.369998931884766,51.742431640625,9000400
2018-03-06,60.880001068115234,52.17954635620117,6620000
2018-03-07,61.290000915527344,52.53094482421875,7726500
2018-03-08,61.869998931884766,53.02806854248047,5245800
2018-03-09,63.599998474121094,54.51081466674805,8184400
2018-03-12,63.619998931884766,54.52796173095703,8858500
2018-03-13,63.20000076293945,54.167999267578125,6428500
2018-03-14,62.86000061035156,53.87659454345703,5162100
2018-03-15,62.59000015258789,53.645164489746094,3364900
2018-03-16,63.18000030517578,54.15084457397461,11840900
2018-03-19,62.2599983215332,53.36232376098633,5286200
2018-03-20,62.650001525878906,53.696590423583984,3943000
2018-03-21,62.41999816894531,53.49946594238281,3478300
2018-03-22,60.93000030517578,52.2224006652832,5345300
2018-03-23,59.5,50.996761322021484,6000800
2018-03-26,61.06999969482422,52.342376708984375,5694700
2018-03-27,60.279998779296875,51.6652946472168,6365300
2018-03-28,59.22999954223633,50.765357971191406,8128800
2018-03-29,59.91999816894531,51.35674285888672,6656600
2018-04-02,58.209999084472656,49.89111328125,6686500
2018-04-03,59.0,50.568214416503906,6113500
2018-04-04,59.459999084472656,50.96247863769531,7405200
2018-04-05,59.86000061035156,51.30531311035156,6644500
2018-04-06,57.56999969482422,49.34257888793945,7447100
2018-04-09,58.220001220703125,49.89969253540039,5712300
2018-04-10,59.13999938964844,50.68821334838867,5178400
2018-04-11,58.45000076293945,50.096824645996094,4044900
2018-04-12,58.83000183105469,50.66522216796875,4572300
2018-04-13,58.4900016784668,50.372406005859375,8223700
2018-04-16,59.27000045776367,51.04415512084961,6807500
2018-04-17,59.79999923706055,51.50060272216797,5604600
2018-04-18,59.52000045776367,51.259464263916016,12648500
2018-04-19,59.880001068115234,51.569496154785156,7675500
2018-04-20,59.189998626708984,50.97525405883789,5867500
2018-04-23,58.84000015258789,50.673831939697266,4516100
2018-04-24,58.310001373291016,50.21739196777344,7480300
2018-04-25,58.650001525878906,50.51020431518555,5910000
2018-04-26,59.5,51.24222946166992,7372800
2018-04-27,59.560001373291016,51.29389953613281,4135400
2018-04-30,58.130001068115234,50.0623664855957,6096100
2018-05-01,58.81999969482422,50.656612396240234,6406400
2018-05-02,57.849998474121094,49.821231842041016,4519900
2018-05-03,57.93000030517578,49.8901252746582,5641000
2018-05-04,58.7400016784668,50.587711334228516,5833200
2018-05-07,59.31999969482422,51.08721160888672,5656100
2018-05-08,58.709999084472656,50.56187438964844,6778500
2018-05-09,59.400001525878906,51.156124114990234,4103400
2018-05-10,60.560001373291016,52.15512466430664,4791100
2018-05-11,61.2599983215332,52.75798416137695,5768100
2018-05-14,62.02000045776367,53.412506103515625,7705700
2018-05-15,60.540000915527344,52.13789749145508,5333500
2018-05-16,60.77000045776367,52.335968017578125,3588600
2018-05-17,61.060001373291016,52.585731506347656,4157900
2018-05-18,61.709999084472656,53.145511627197266,6357700
2018-05-21,62.11000061035156,53.49000549316406,4610100
2018-05-22,61.38999938964844,52.86992645263672,6802200
2018-05-23,61.84000015258789,53.25748062133789,4318000
2018-05-24,62.5099983215332,53.83448028564453,5783900
2018-05-25,62.369998931884766,53.71392822265625,3839100
2018-05-29,61.29999923706055,52.79241943359375,4967400
2018-05-30,62.06999969482422,53.45555877685547,5954100
2018-05-31,61.529998779296875,52.99049758911133,6322200
2018-06-01,62.40999984741211,53.74837112426758,3595800
2018-06-04,63.02000045776367,54.27370834350586,4063300
2018-06-05,63.029998779296875,54.28232192993164,4469400
2018-06-06,63.540000915527344,54.721534729003906,4064400
2018-06-07,63.18000030517578,54.41149139404297,3834300
2018-06-08,63.27000045776367,54.48902130126953,4674900
2018-06-11,63.130001068115234,54.36845016479492,5339300
2018-06-12,62.91999816894531,54.187591552734375,4869100
2018-06-13,62.630001068115234,53.93783187866211,6189100
2018-06-14,62.959999084472656,54.2220458984375,3980800
2018-06-15,62.90999984741211,54.17897033691406,11859400
2018-06-18,62.81999969482422,54.10145950317383,3672700
2018-06-19,62.34000015258789,53.68808364868164,5302300
2018-06-20,62.13999938964844,53.51584243774414,5121300
2018-06-21,61.75,53.17995834350586,4065600
2018-06-22,61.939998626708984,53.343589782714844,4389700
2018-06-25,60.77000045776367,52.335968017578125,6012600
2018-06-26,60.810001373291016,52.37043762207031,4303800
2018-06-27,60.4900016784668,52.09484100341797,6665200
2018-06-28,61.27000045776367,52.76658248901367,4237200
2018-06-29,60.9900016784668,52.52544403076172,5807300
2018-07-02,61.0,52.534061431884766,4365200
2018-07-03,60.810001373291016,52.37043762207031,2245200
2018-07-05,61.33000183105469,52.81827163696289,4065200
2018-07-06,62.15999984741211,53.53306579589844,3647900
2018-07-09,62.439998626708984,53.77420425415039,3654900
2018-07-10,62.810001373291016,54.09284210205078,3963600
2018-07-11,62.56999969482422,53.88616180419922,3414100
2018-07-12,62.7400016784668,54.275447845458984,3736500
2018-07-13,63.060001373291016,54.55228042602539,5326800
2018-07-16,61.779998779296875,53.44496154785156,5764400
2018-07-17,62.79999923706055,54.32735061645508,7946200
2018-07-18,64.75,56.0142707824707,10650600
2018-07-19,63.779998779296875,55.175132751464844,6761100
2018-07-20,63.31999969482422,54.77720260620117,5763700
2018-07-23,63.20000076293945,54.673397064208984,4790900
2018-07-24,64.4000015258789,55.71150207519531,6545400
2018-07-25,65.2300033569336,56.42952346801758,5863900
2018-07-26,65.66000366210938,56.80150604248047,5517000
2018-07-27,65.26000213623047,56.455467224121094,4299000
2018-07-30,65.16999816894531,56.37760925292969,5108300
2018-07-31,65.54000091552734,56.69768524169922,5399400
2018-08-01,64.77999877929688,56.04022216796875,4162900
2018-08-02,64.58000183105469,55.867218017578125,4706200
2018-08-03,65.2300033569336,56.42952346801758,3945000
2018-08-06,65.23999786376953,56.438167572021484,3690700
2018-08-07,64.73999786376953,56.005611419677734,3329000
2018-08-08,64.83999633789062,56.09212112426758,4103100
2018-08-09,64.63999938964844,55.91912078857422,2578500
2018-08-10,64.02999877929688,55.39141845703125,3841200
2018-08-13,63.43000030517578,54.87236022949219,4407400
2018-08-14,63.630001068115234,55.045387268066406,3246400
2018-08-15,63.470001220703125,54.90695571899414,3724900
2018-08-16,64.16000366210938,55.503875732421875,3714900
2018-08-17,64.72000122070312,55.98832702636719,4768200
2018-08-20,64.63999938964844,55.91912078857422,5075400
2018-08-21,64.75,56.0142707824707,4045500
2018-08-22,65.66999816894531,56.810142517089844,5203300
2018-08-23,65.83000183105469,56.94856643676758,4428500
2018-08-24,66.0999984741211,57.1821174621582,3831200
2018-08-27,66.83999633789062,57.822288513183594,3498900
2018-08-28,66.79000091552734,57.77904510498047,4089300
2018-08-29,67.12999725341797,58.07316970825195,4446000
2018-08-30,67.0199966430664,57.97800827026367,4140500
2018-08-31,66.83999633789062,57.822288513183594,5893900
2018-09-04,67.11000061035156,58.055885314941406,4898900
2018-09-05,66.0,57.09562683105469,6545100
2018-09-06,65.83000183105469,56.94856643676758,7269700
2018-09-07,66.20999908447266,57.27730178833008,4060700
2018-09-10,66.55000305175781,57.57141876220703,3483300
2018-09-11,66.5999984741211,57.614688873291016,3185100
2018-09-12,66.97000122070312,57.934757232666016,3233600
2018-09-13,68.5,59.25835037231445,6052400
2018-09-14,68.41999816894531,59.18912887573242,4217000
2018-09-17,67.66999816894531,58.540321350097656,4255500
2018-09-18,68.41000366210938,59.18049621582031,5018000
2018-09-19,68.5,59.25835037231445,3424200
2018-09-20,68.79000091552734,59.50922775268555,5036700
2018-09-21,69.05000305175781,59.73414993286133,9331100
2018-09-24,71.44000244140625,61.801700592041016,10111900
2018-09-25,72.19999694824219,62.45915603637695,8257300
2018-09-26,72.83999633789062,63.012821197509766,8854900
2018-09-27,73.0199966430664,63.168521881103516,5493900
2018-09-28,73.36000061035156,63.462650299072266,6572100
2018-10-01,74.12000274658203,64.12012481689453,7208800
2018-10-02,73.80999755859375,63.85194396972656,6251200
2018-10-03,72.04000091552734,62.320743560791016,7477900
2018-10-04,71.81999969482422,62.13041305541992,6166700
2018-10-05,71.58000183105469,61.922828674316406,5426200
2018-10-08,71.44000244140625,61.801700592041016,5520500
2018-10-09,71.29000091552734,61.67194366455078,4812300
2018-10-10,68.91999816894531,59.6216926574707,10559200
2018-10-11,68.37999725341797,59.154537200927734,11932300
2018-10-12,69.33000183105469,60.22295379638672,10431300
2018-10-15,68.69999694824219,59.67570877075195,6674700
2018-10-16,70.94999694824219,61.63015365600586,7638700
2018-10-17,70.2300033569336,61.00475311279297,11014700
2018-10-18,68.13999938964844,59.189273834228516,10959400
2018-10-19,67.58999633789062,58.71151351928711,7351600
2018-10-22,68.5199966430664,59.51935958862305,6924900
2018-10-23,68.56999969482422,59.562801361083984,7446400
2018-10-24,66.94000244140625,58.14691162109375,8126500
2018-10-25,67.66999816894531,58.78102493286133,9062300
2018-10-26,66.98999786376953,58.190338134765625,8379000
2018-10-29,67.30999755859375,58.46829605102539,7530600
2018-10-30,68.0,59.067665100097656,7994400
2018-10-31,68.94000244140625,59.88419723510742,7795000
2018-11-01,70.1500015258789,60.93524932861328,6250800
2018-11-02,70.19000244140625,60.970001220703125,5314600
2018-11-05,70.38999938964844,61.143733978271484,8558700
2018-11-06,70.95999908447266,61.63883590698242,3676400
2018-11-07,72.5,62.976585388183594,6404500
2018-11-08,72.95999908447266,63.376121520996094,4676100
2018-11-09,72.79000091552734,63.22846603393555,4247600
2018-11-12,70.55999755859375,61.2913818359375,6272700
2018-11-13,69.48999786376953,60.361942291259766,6570300
2018-11-14,69.41000366210938,60.2924690246582,5400800
2018-11-15,70.7300033569336,61.43906784057617,6849000
2018-11-16,72.04000091552734,62.57697677612305,9860800
2018-11-19,70.54000091552734,61.27400588989258,7224400
2018-11-20,69.05999755859375,59.988426208496094,8222500
2018-11-21,68.52999877929688,59.52805709838867,5789400
2018-11-23,68.11000061035156,59.163211822509766,3262200
2018-11-26,68.80999755859375,59.771270751953125,6129400
2018-11-27,69.70999908447266,60.553035736083984,6759000
2018-11-28,72.83000183105469,63.26319885253906,7915900
2018-11-29,73.26000213623047,63.636741638183594,6447700
2018-11-30,74.05000305175781,64.32295227050781,8030500
2018-12-03,74.2699966430664,64.51403045654297,6430400
2018-12-04,71.5,62.10789489746094,7620100
2018-12-06,71.54000091552734,62.142669677734375,10269100
2018-12-07,69.94999694824219,60.761512756347656,7945500
2018-12-10,70.91999816894531,61.60411834716797,5828600
2018-12-11,71.83999633789062,62.40327072143555,7567000
2018-12-12,72.52999877929688,63.00260925292969,6883600
2018-12-13,72.18000030517578,62.69861602783203,6264900
2018-12-14,70.76000213623047,61.465118408203125,5670300
2018-12-17,69.75,60.58780288696289,7257500
2018-12-18,70.08000183105469,60.87444305419922,8392400
2018-12-19,69.0,59.936302185058594,7339700
2018-12-20,68.37999725341797,59.397762298583984,11689700
2018-12-21,67.2699966430664,58.43356704711914,14240800
2018-12-24,65.55999755859375,56.94816970825195,4026200
2018-12-26,69.62000274658203,60.474876403808594,7576500
2018-12-27,70.62999725341797,61.35218811035156,6713000
2018-12-28,71.08999633789062,61.75176239013672,6209600
2018-12-31,72.33000183105469,62.82889938354492,6094300
2019-01-02,69.5,60.37062454223633,8737200
2019-01-03,66.22000122070312,57.521484375,10570700
2019-01-04,68.11000061035156,59.163211822509766,8299100
2019-01-07,69.12999725341797,60.04924774169922,9503000
2019-01-08,68.30000305175781,59.328269958496094,8905100
2019-01-09,69.44000244140625,60.31852340698242,6091000
2019-01-10,69.08000183105469,60.00579833984375,8051200
2019-01-11,69.33000183105469,60.22295379638672,6583000
2019-01-14,68.2699966430664,59.577178955078125,5122900
2019-01-15,70.47000122070312,61.4970703125,6306900
2019-01-16,69.81999969482422,60.92983627319336,6357300
2019-01-17,70.5199966430664,61.54069519042969,5427800
2019-01-18,71.41999816894531,62.32609939575195,9404500
2019-01-22,71.48999786376953,62.38717269897461,6541600
2019-01-23,69.91000366210938,61.00836181640625,10196300
2019-01-24,70.86000061035156,61.837406158447266,6437600
2019-01-25,71.1500015258789,62.09046173095703,4824100
2019-01-28,69.05000305175781,60.257869720458984,5942500
2019-01-29,69.69000244140625,60.81639099121094,5981600
2019-01-30,71.68000030517578,62.553001403808594,8145000
2019-01-31,72.9800033569336,63.6874885559082,10421900
2019-02-01,72.36000061035156,63.14639663696289,5016500
2019-02-04,72.5,63.26860046386719,5278300
2019-02-05,73.11000061035156,63.800907135009766,4302400
2019-02-06,73.48999786376953,64.13253784179688,4851900
2019-02-07,72.73999786376953,63.47804260253906,6863600
2019-02-08,73.33000183105469,63.992889404296875,6063700
2019-02-11,73.54000091552734,64.1761703491211,4782700
2019-02-12,75.05999755859375,65.50263214111328,7039700
2019-02-13,74.37999725341797,64.90919494628906,5696300
2019-02-14,73.97000122070312,64.55139923095703,4864500
2019-02-15,75.25,65.66841125488281,8083200
2019-02-19,75.0,65.45023345947266,4503500
2019-02-20,75.54000091552734,65.92150115966797,6316700
2019-02-21,75.13999938964844,65.57242584228516,5607000
2019-02-22,76.12999725341797,66.43639373779297,5296600
2019-02-25,76.86000061035156,67.07343292236328,5709600
2019-02-26,76.75,66.9774398803711,5295400
2019-02-27,77.2300033569336,67.39629364013672,5706500
2019-02-28,77.62000274658203,67.73665618896484,6762700
2019-03-01,78.58999633789062,68.58313751220703,5390100
2019-03-04,78.62000274658203,68.60933685302734,5962800
2019-03-05,78.22000122070312,68.26024627685547,6547500
2019-03-06,77.69999694824219,67.80648040771484,4182100
2019-03-07,76.80000305175781,67.02106475830078,5292600
2019-03-08,76.62999725341797,66.8727035522461,3895400
2019-03-11,77.80999755859375,67.90248107910156,4254600
2019-03-12,78.23999786376953,68.2777099609375,4241200
2019-03-13,78.62000274658203,68.60933685302734,6479200
2019-03-14,78.9800033569336,68.9234848022461,5734500
2019-03-15,79.86000061035156,69.6914291381836,11989400
2019-03-18,78.83000183105469,68.79257202148438,7671100
2019-03-19,79.95999908447266,69.77869415283203,6048600
2019-03-20,79.94000244140625,69.76123809814453,5388800
2019-03-21,80.05999755859375,69.86595916748047,5899100
2019-03-22,77.97000122070312,68.04208374023438,7532900
2019-03-25,78.2300033569336,68.26896667480469,3844500
2019-03-26,79.0,68.94093322753906,3596400
2019-03-27,78.7300033569336,68.70530700683594,4101900
2019-03-28,79.44000244140625,69.3249282836914,5675900
2019-03-29,79.94000244140625,69.76123809814453,5891200
2019-04-01,79.66000366210938,69.51690673828125,4842000
2019-04-02,79.62000274658203,69.48200225830078,3717900
2019-04-03,79.5,69.37727355957031,3973700
2019-04-04,78.62000274658203,68.60933685302734,4671200
2019-04-05,79.0,68.94093322753906,3434500
2019-04-08,78.5199966430664,68.52206420898438,5178900
2019-04-09,78.66999816894531,68.65296173095703,4836700
2019-04-10,78.97000122070312,68.91474151611328,5604600
2019-04-11,78.51000213623047,68.51331329345703,4432100
2019-04-12,78.01000213623047,68.35559844970703,5482000
2019-04-15,77.5,67.90872955322266,6095100
2019-04-16,76.37999725341797,66.92732238769531,6227800
2019-04-17,72.87999725341797,63.86048126220703,11212400
2019-04-18,73.91999816894531,64.77174377441406,9712200
2019-04-22,74.51000213623047,65.28875732421875,5810700
2019-04-23,76.0999984741211,66.6819839477539,6823500
2019-04-24,76.75,67.25154876708984,6238400
2019-04-25,78.11000061035156,68.44322204589844,6011700
2019-04-26,78.55999755859375,68.83753967285156,4286500
2019-04-29,78.2699966430664,68.58343505859375,4355000
2019-04-30,79.55999755859375,69.7137680053711,5514100
2019-05-01,78.73999786376953,68.99524688720703,6702300
2019-05-02,78.77999877929688,69.03031158447266,5112200
2019-05-03,78.69000244140625,68.95146942138672,5452700
2019-05-06,79.06999969482422,69.284423828125,4006700
2019-05-07,76.91000366210938,67.39176177978516,5322500
2019-05-08,76.22000122070312,66.78715515136719,4362800
2019-05-09,76.41999816894531,66.96237182617188,3736700
2019-05-10,76.44999694824219,66.98866271972656,3993500
2019-05-13,75.5,66.15623474121094,5166700
2019-05-14,76.02999877929688,66.62066650390625,5319300
2019-05-15,76.51000213623047,67.04125213623047,4385500
2019-05-16,76.5999984741211,67.1200942993164,6098100
2019-05-17,75.97000122070312,66.56806945800781,5169300
2019-05-20,75.7699966430664,66.39281463623047,4493100
2019-05-21,76.02999877929688,66.62066650390625,3819700
2019-05-22,76.26000213623047,66.82218933105469,3062700
2019-05-23,75.62999725341797,66.27014923095703,5507000
2019-05-24,76.9800033569336,67.45306396484375,4866300
2019-05-28,75.70999908447266,66.34024047851562,5418600
2019-05-29,75.66999816894531,66.30519104003906,4013100
2019-05-30,76.5199966430664,67.05000305175781,3600300
2019-05-31,76.12999725341797,66.70829010009766,6570800
2019-06-03,75.70999908447266,66.34024047851562,6286500
2019-06-04,77.45999908447266,67.87369537353516,5836000
2019-06-05,78.69000244140625,68.95146942138672,5286200
2019-06-06,80.08999633789062,70.17817687988281,5966700
2019-06-07,80.73999786376953,70.74771881103516,5136400
2019-06-10,81.2699966430664,71.21214294433594,3927100
2019-06-11,81.12000274658203,71.08072662353516,3905500
2019-06-12,81.94999694824219,71.80799102783203,3332300
2019-06-13,82.29000091552734,72.10592651367188,5220400
2019-06-14,82.22000122070312,72.04459381103516,4771100
2019-06-17,82.05000305175781,71.89564514160156,4095900
2019-06-18,83.41999816894531,73.0960693359375,6253000
2019-06-19,84.33000183105469,73.8934555053711,4113400
2019-06-20,84.94000244140625,74.42794036865234,6436400
2019-06-21,85.0,74.48049926757812,8855400
2019-06-24,84.70999908447266,74.22640991210938,4531600
2019-06-25,84.23999786376953,73.81461334228516,4915300
2019-06-26,82.95999908447266,72.69297790527344,5731400
2019-06-27,83.69000244140625,73.33263397216797,4111600
2019-06-28,84.0999984741211,73.69189453125,16436700
2019-07-01,84.48999786376953,74.03363037109375,4527600
2019-07-02,84.94999694824219,74.43672180175781,4023300
2019-07-03,85.63999938964844,75.04132080078125,2437500
2019-07-05,85.41999816894531,74.84854888916016,3784700
2019-07-08,85.08999633789062,74.55938720703125,3591100
2019-07-09,85.2699966430664,74.71711730957031,3126000
2019-07-10,85.37999725341797,74.8134994506836,4315900
2019-07-11,85.7699966430664,75.15524291992188,3653600
2019-07-12,83.91999816894531,73.8095703125,5667200
2019-07-15,83.80999755859375,73.71282958984375,5177700
2019-07-16,83.16000366210938,73.14112091064453,3886700
2019-07-17,85.76000213623047,75.42790222167969,9381400
2019-07-18,87.76000213623047,77.18695068359375,8311600
2019-07-19,87.48999786376953,76.94945526123047,5824000
2019-07-22,88.06999969482422,77.45957946777344,6566100
2019-07-23,88.73999786376953,78.0488510131836,4049100
2019-07-24,88.58999633789062,77.91695404052734,3879100
2019-07-25,88.0,77.39803314208984,4671200
2019-07-26,87.75,77.17814636230469,4177700
2019-07-29,88.55000305175781,77.88175964355469,3623900
2019-07-30,88.30999755859375,77.67066955566406,2864700
2019-07-31,87.0999984741211,76.60646057128906,6197200
2019-08-01,86.08000183105469,75.70934295654297,7022000
2019-08-02,85.81999969482422,75.48065948486328,4756400
2019-08-05,83.16000366210938,73.14112091064453,6253800
2019-08-06,84.86000061035156,74.63630676269531,4422500
2019-08-07,84.5999984741211,74.40764617919922,5502600
2019-08-08,85.55999755859375,75.25198364257812,6439300
2019-08-09,86.62000274658203,76.18427276611328,5102700
2019-08-12,84.66000366210938,74.4604263305664,3650800
2019-08-13,86.88999938964844,76.4217529296875,4808300
2019-08-14,83.94000244140625,73.82714080810547,4106200
2019-08-15,83.94000244140625,73.82714080810547,4952600
2019-08-16,84.77999877929688,74.5659408569336,5786300
2019-08-19,85.55999755859375,75.25198364257812,4579800
2019-08-20,84.54000091552734,74.3548812866211,3322400
2019-08-21,84.9000015258789,74.67150115966797,3894300
2019-08-22,84.37000274658203,74.2053451538086,3207000
2019-08-23,81.93000030517578,72.05933380126953,6228400
2019-08-26,83.12000274658203,73.10594940185547,3521200
2019-08-27,83.6500015258789,73.57210540771484,4845200
2019-08-28,84.22000122070312,74.07344818115234,3889500
2019-08-29,84.81999969482422,74.60113525390625,3758600
2019-08-30,85.31999969482422,75.0408935546875,3627900
2019-09-03,84.05999755859375,73.93270111083984,4060600
2019-09-04,84.22000122070312,74.07344818115234,3673100
2019-09-05,85.9000015258789,75.55104064941406,4356400
2019-09-06,86.04000091552734,75.67417907714844,4451300
2019-09-09,84.22000122070312,74.07344818115234,4444600
2019-09-10,83.20999908447266,73.18509674072266,5613100
2019-09-11,84.5199966430664,74.33729553222656,4458900
2019-09-12,85.20999908447266,74.94414520263672,3517500
2019-09-13,84.2699966430664,74.1174087524414,3633200
2019-09-16,83.36000061035156,73.31703186035156,3991200
2019-09-17,83.58000183105469,73.51051330566406,3578300
2019-09-18,83.63999938964844,73.56330108642578,2767500
2019-09-19,83.2300033569336,73.20270538330078,3392900
2019-09-20,83.58000183105469,73.51051330566406,7130100
2019-09-23,83.16000366210938,73.14112091064453,2279900
2019-09-24,82.44000244140625,72.50788116455078,3525400
2019-09-25,82.86000061035156,72.87727355957031,2795100
2019-09-26,82.66000366210938,72.70136260986328,3265200
2019-09-27,81.83999633789062,71.98014831542969,3396600
2019-09-30,83.66999816894531,73.58967590332031,4340900
2019-10-01,81.83999633789062,71.98014831542969,4436700
2019-10-02,79.52999877929688,69.94847106933594,5547100
2019-10-03,81.06999969482422,71.30291748046875,3956000
2019-10-04,81.98999786376953,72.11209106445312,3390100
2019-10-07,81.04000091552734,71.27655029296875,2673200
2019-10-08,78.51000213623047,69.05136108398438,5924200
2019-10-09,79.5,69.92207336425781,4008500
2019-10-10,80.13999938964844,70.4849624633789,5085000
2019-10-11,79.62999725341797,70.31718444824219,4423000
2019-10-14,79.81999969482422,70.48495483398438,4228500
2019-10-15,81.9800033569336,72.3923568725586,6429100
2019-10-16,81.77999877929688,72.21573638916016,10707400
2019-10-17,82.37999725341797,72.74556732177734,4172800
2019-10-18,82.79000091552734,73.10762786865234,5219800
2019-10-21,81.6500015258789,72.10094451904297,5487900
2019-10-22,80.54000091552734,71.12076568603516,4764000
2019-10-23,81.2699966430664,71.76538848876953,4308300
2019-10-24,81.36000061035156,71.84484100341797,4470900
2019-10-25,81.6500015258789,72.10094451904297,4872800
2019-10-28,82.66000366210938,72.99282836914062,4768800
2019-10-29,83.44999694824219,73.6904296875,4614900
2019-10-30,84.01000213623047,74.1849365234375,3534800
2019-10-31,83.61000061035156,73.83171844482422,4614000
2019-11-01,82.66000366210938,72.99282836914062,5119100
2019-11-04,82.22000122070312,72.60430145263672,5508000
2019-11-05,82.33999633789062,72.71026611328125,8238800
2019-11-06,83.12000274658203,73.39905548095703,4489000
2019-11-07,83.38999938964844,73.63745880126953,6020400
2019-11-08,83.73999786376953,73.94652557373047,3462800
2019-11-11,83.76000213623047,73.96417999267578,3139100
2019-11-12,84.33999633789062,74.47635650634766,3701400
2019-11-13,84.22000122070312,74.37039947509766,3976900
2019-11-14,84.12000274658203,74.28206634521484,4474200
2019-11-15,85.70999908447266,75.6861343383789,5453500
2019-11-18,84.26000213623047,74.40573120117188,5812300
2019-11-19,84.29000091552734,74.43218994140625,4152100
2019-11-20,83.88999938964844,74.0789794921875,5416200
2019-11-21,83.68000030517578,73.89354705810547,5211400
2019-11-22,83.73999786376953,73.94652557373047,3964600
2019-11-25,84.48999786376953,74.60880279541016,5704000
2019-11-26,85.41999816894531,75.43006134033203,8764100
2019-11-27,85.41999816894531,75.43006134033203,2865400
2019-11-29,85.44999694824219,75.45652770996094,2410900
2019-12-02,84.51000213623047,74.62648010253906,3801100
2019-12-03,84.36000061035156,74.4939956665039,2912400
2019-12-04,85.18000030517578,75.21813201904297,3953400
2019-12-05,85.23999786376953,75.27108764648438,3279900
2019-12-06,85.4800033569336,75.4830322265625,4104600
2019-12-09,83.87000274658203,74.06131744384766,4227000
2019-12-10,84.55999755859375,74.67062377929688,3904900
2019-12-11,84.91000366210938,74.97969055175781,2937500
2019-12-12,85.97000122070312,75.91571044921875,4155200
2019-12-13,86.3499984741211,76.25128173828125,3872000
2019-12-16,86.4000015258789,76.29546356201172,3843700
2019-12-17,87.05999755859375,76.87825775146484,5368500
2019-12-18,86.93000030517578,76.76344299316406,5831100
2019-12-19,87.3499984741211,77.13432312011719,4643700
2019-12-20,86.66000366210938,76.52500915527344,11606500
2019-12-23,87.3499984741211,77.13432312011719,4067800
2019-12-24,87.27999877929688,77.07252502441406,1067700
2019-12-26,87.27999877929688,77.07252502441406,2033100
2019-12-27,87.4000015258789,77.1784896850586,2508100
2019-12-30,86.80000305175781,76.64866638183594,2706100
2019-12-31,86.86000061035156,76.70164489746094,3261100
2020-01-02,86.94999694824219,76.78109741210938,4969000
2020-01-03,85.88999938964844,75.84508514404297,4747000
2020-01-06,86.33999633789062,76.2424545288086,5631700
2020-01-07,85.86000061035156,75.81859588623047,3408100
2020-01-08,86.20999908447266,76.1276626586914,5693900
2020-01-09,86.44000244140625,76.33077239990234,6432500
2020-01-10,85.36000061035156,75.37706756591797,4680400
2020-01-13,85.12000274658203,75.16513061523438,5571500
2020-01-14,85.73999786376953,76.03418731689453,8751400
2020-01-15,87.37999725341797,77.4885482788086,5389700
2020-01-16,88.27999877929688,78.28666687011719,5023300
2020-01-17,89.0,78.92515563964844,5879700
2020-01-21,89.7300033569336,79.57251739501953,7458100
2020-01-22,91.86000061035156,81.46138763427734,9841200
2020-01-23,90.7300033569336,80.4593276977539,7418400
2020-01-24,90.4000015258789,80.16668701171875,4218700
2020-01-27,89.58999633789062,79.4483642578125,4482200
2020-01-28,89.54000091552734,79.4040298461914,4983700
2020-01-29,89.13999938964844,79.04930877685547,3914300
2020-01-30,89.16000366210938,79.06705474853516,5248100
2020-01-31,87.13999938964844,77.27571105957031,5914100
2020-02-03,87.05999755859375,77.20477294921875,4675900
2020-02-04,88.2300033569336,78.24232482910156,3904600
2020-02-05,89.55999755859375,79.4217529296875,3565700
2020-02-06,89.47000122070312,79.34196472167969,4270700
2020-02-07,87.87000274658203,77.92306518554688,4472300
2020-02-10,88.30000305175781,78.30440521240234,4219400
2020-02-11,89.16999816894531,79.07591247558594,2661900
2020-02-12,88.79000091552734,78.73894500732422,3389400
2020-02-13,88.68000030517578,78.64138793945312,4448800
2020-02-14,89.66000366210938,79.51044464111328,3919800
2020-02-18,88.87999725341797,78.81874084472656,4492300
2020-02-19,89.36000061035156,79.24440002441406,3464900
2020-02-20,88.45999908447266,78.4462890625,3657500
2020-02-21,87.44999694824219,77.55062103271484,5570900
2020-02-24,84.62999725341797,75.04985046386719,5667200
2020-02-25,81.12999725341797,71.946044921875,7021800
2020-02-26,81.36000061035156,72.14999389648438,7380100
2020-02-27,79.19000244140625,70.22566223144531,8657200
2020-02-28,77.02999877929688,68.3101577758789,16671900
2020-03-02,81.61000061035156,72.37171173095703,11483600
2020-03-03,77.98999786376953,69.16148376464844,9510600
2020-03-04,82.08999633789062,72.79737091064453,8660000
2020-03-05,80.5199966430664,71.40508270263672,9288700
2020-03-06,81.73999786376953,72.48698425292969,10647600
2020-03-09,77.0199966430664,68.30130767822266,10285000
2020-03-10,80.87999725341797,71.72434997558594,9417400
2020-03-11,78.08999633789062,69.25019073486328,11534200
2020-03-12,74.73999786376953,66.27938842773438,13876300
2020-03-13,81.6500015258789,72.40718078613281,18316900
2020-03-16,73.66000366210938,65.3216552734375,14358900
2020-03-17,79.48999786376953,70.49171447753906,13315300
2020-03-18,79.26000213623047,70.2877197265625,17541100
2020-03-19,74.5,66.06656646728516,14476000
2020-03-20,68.0,60.302371978759766,15131400
2020-03-23,62.81999969482422,55.70874786376953,13037100
2020-03-24,69.69000244140625,61.801055908203125,10903700
2020-03-25,70.75,62.74106979370117,9351000
2020-03-26,75.80999755859375,67.22825622558594,10530500
2020-03-27,74.55999755859375,66.1197738647461,8360600
2020-03-30,79.33999633789062,70.35869598388672,47540200
2020-03-31,78.91000366210938,69.97737884521484,23792300
2020-04-01,76.56999969482422,67.9022445678711,12208300
2020-04-02,79.44000244140625,70.4473648071289,10167900
2020-04-03,79.44999694824219,70.45622253417969,9139400
2020-04-06,82.7300033569336,73.36492156982422,12373800
2020-04-07,81.93000030517578,72.65547943115234,10872100
2020-04-08,84.94999694824219,75.33361053466797,9266400
2020-04-09,86.04000091552734,76.30023956298828,10466800
2020-04-13,85.8499984741211,76.1317367553711,6665800
2020-04-14,89.13999938964844,79.3821792602539,9861300
2020-04-15,90.94000244140625,80.98515319824219,14128000
2020-04-16,96.0,85.49124908447266,27036500
2020-04-17,96.01000213623047,85.50016021728516,16074800
2020-04-20,98.0,87.27232360839844,17251400
2020-04-21,94.05000305175781,83.75470733642578,12030300
2020-04-22,95.4800033569336,85.02815246582031,8369000
2020-04-23,93.94000244140625,83.65674591064453,10567500
2020-04-24,94.05999755859375,83.76360321044922,9016100
2020-04-27,94.94999694824219,84.55619812011719,6838200
2020-04-28,91.45999908447266,81.4482192993164,7805500
2020-04-29,92.27999877929688,82.17845153808594,7068300
2020-04-30,92.08999633789062,82.0092544555664,7978300
2020-05-01,89.8499984741211,80.01447296142578,6839800
2020-05-04,89.83000183105469,79.99664306640625,5036800
2020-05-05,93.02999877929688,82.84635162353516,6747900
2020-05-06,91.08000183105469,81.1098403930664,4248400
2020-05-07,93.98999786376953,83.70128631591797,7255000
2020-05-08,93.69999694824219,83.44303131103516,6167600
2020-05-11,96.06999969482422,85.55358123779297,7239100
2020-05-12,93.80000305175781,83.5320816040039,5384200
2020-05-13,92.16000366210938,82.07162475585938,11622500
2020-05-14,91.77999877929688,81.73320007324219,8189200
2020-05-15,89.88999938964844,80.05009460449219,13609400
2020-05-18,90.2699966430664,80.38849639892578,7646500
2020-05-19,88.22000122070312,78.56289672851562,7693100
2020-05-20,90.08999633789062,80.22818756103516,7488800
2020-05-21,90.38999938964844,80.49535369873047,6148300
2020-05-22,91.47000122070312,81.45714569091797,5184500
2020-05-26,89.4800033569336,79.68497467041016,6243800
2020-05-27,90.76000213623047,80.8248519897461,5420600
2020-05-28,92.0999984741211,82.01815795898438,5316300
2020-05-29,94.91999816894531,84.52947235107422,10138500
2020-06-01,93.01000213623047,82.82855224609375,5451600
2020-06-02,92.62000274658203,82.48126983642578,6394100
2020-06-03,91.4000015258789,81.39481353759766,8056300
2020-06-04,88.25,78.58963012695312,9113600
2020-06-05,89.86000061035156,80.02339935302734,11874500
2020-06-08,92.55999755859375,82.42781066894531,5426800
2020-06-09,90.2699966430664,80.38849639892578,4857400
2020-06-10,92.16000366210938,82.07162475585938,5829100
2020-06-11,87.77999877929688,78.17106628417969,8168300
2020-06-12,89.0199966430664,79.27532958984375,5590400
2020-06-15,89.55000305175781,79.74730682373047,5666000
2020-06-16,89.73999786376953,79.9165267944336,6143400
2020-06-17,90.9000015258789,80.94953918457031,4359100
2020-06-18,90.27999877929688,80.39741516113281,6022900
2020-06-19,90.68000030517578,80.75360870361328,9473300
2020-06-22,90.33999633789062,80.4508285522461,5072800
2020-06-23,91.30000305175781,81.30574798583984,4156900
2020-06-24,87.30000305175781,77.74360656738281,6141900
2020-06-25,89.62000274658203,79.80966186523438,5781100
2020-06-26,88.70999908447266,78.9992446899414,8522500
2020-06-29,89.01000213623047,79.26644134521484,4669300
2020-06-30,91.43000030517578,81.4215316772461,5220900
2020-07-01,91.63999938964844,81.6085205078125,3389600
2020-07-02,92.2300033569336,82.13394165039062,3845300
2020-07-06,92.97000122070312,82.7929458618164,5919100
2020-07-07,92.45999908447266,82.33873748779297,3389200
2020-07-08,92.58000183105469,82.44563293457031,3815300
2020-07-09,93.66999816894531,83.41630554199219,4576800
2020-07-10,93.04000091552734,82.85527801513672,2923200
2020-07-13,93.08999633789062,82.8998031616211,4297300
2020-07-14,94.81999969482422,84.76825714111328,4122800
2020-07-15,96.7300033569336,86.47576141357422,6205000
2020-07-16,96.4000015258789,86.18072509765625,7582200
2020-07-17,99.25,88.7286148071289,8315500
2020-07-20,99.08000183105469,88.5766372680664,5677900
2020-07-21,98.19000244140625,87.781005859375,5063500
2020-07-22,100.19000244140625,89.56897735595703,4662000
2020-07-23,100.81999969482422,90.13218688964844,5905800
2020-07-24,98.94999694824219,88.4604263305664,4534400
2020-07-27,99.98999786376953,89.39019012451172,3717900
2020-07-28,99.86000061035156,89.27397155761719,4114200
2020-07-29,102.5199966430664,91.65196990966797,4744200
2020-07-30,101.52999877929688,90.76691436767578,3176900
2020-07-31,100.63999938964844,89.97126007080078,4604000
2020-08-03,100.68000030517578,90.00702667236328,3670900
2020-08-04,99.93000030517578,89.33653259277344,2730600
2020-08-05,102.13999938964844,91.312255859375,4415300
2020-08-06,101.75,90.9636001586914,3943000
2020-08-07,101.2300033569336,90.49871063232422,3141900
2020-08-10,100.04000091552734,89.43489074707031,2776300
2020-08-11,99.05999755859375,88.55877685546875,4823000
2020-08-12,100.6500015258789,89.9802017211914,2668900
2020-08-13,101.0999984741211,90.38250732421875,2951700
2020-08-14,99.98999786376953,89.39019012451172,2739900
2020-08-17,100.70999908447266,90.03384399414062,4657400
2020-08-18,100.95999908447266,90.2573471069336,3777600
2020-08-19,100.4800033569336,89.8282241821289,2716800
2020-08-20,101.62999725341797,90.85631561279297,3548600
2020-08-21,102.4000015258789,91.5447006225586,3585000
2020-08-24,101.38999938964844,90.64177703857422,3212700
2020-08-25,102.47000122070312,91.6072769165039,2626400
2020-08-26,103.19000244140625,92.25093078613281,2968800
2020-08-27,111.29000091552734,99.49227905273438,36319000
2020-08-28,110.79000091552734,99.04528045654297,17204000
2020-08-31,109.47000122070312,97.86520385742188,6943200
2020-09-01,106.55000305175781,95.25476837158203,7963100
2020-09-02,109.44000244140625,97.83839416503906,5843700
2020-09-03,105.52999877929688,94.34288024902344,6096900
2020-09-04,104.16000366210938,93.11811065673828,5027700
2020-09-08,102.83999633789062,91.93804931640625,5217700
2020-09-09,105.80999755859375,94.59320068359375,4365100
2020-09-10,104.0,92.97509002685547,4271200
2020-09-11,104.69999694824219,93.60086822509766,4111000
2020-09-14,105.69000244140625,94.4859390258789,3824100
2020-09-15,106.58000183105469,95.28155517578125,3654900
2020-09-16,105.69999694824219,94.49485778808594,4242500
2020-09-17,106.66000366210938,95.35308074951172,4283500
2020-09-18,106.86000061035156,95.5318832397461,7622400
2020-09-21,105.94999694824219,94.7183609008789,4559800
2020-09-22,104.80000305175781,93.69027709960938,4180300
2020-09-23,102.7300033569336,91.83971405029297,4040100
2020-09-24,100.91999816894531,90.22161102294922,7604000
2020-09-25,103.44999694824219,92.4833755493164,5060300
2020-09-28,104.44000244140625,93.36845397949219,5515500
2020-09-29,105.19000244140625,94.0389404296875,4464300
2020-09-30,108.83000183105469,97.2930679321289,9487000
2020-10-01,108.63999938964844,97.1231918334961,7242100
2020-10-02,106.5,95.2100601196289,5590500
2020-10-05,108.55999755859375,97.05167388916016,3603400
2020-10-06,106.25,94.98655700683594,3992600
2020-10-07,107.73999786376953,96.31861114501953,4162400
2020-10-08,108.54000091552734,97.03378295898438,4168400
2020-10-09,109.6500015258789,98.02613830566406,3060700
2020-10-12,111.05000305175781,99.27770233154297,4201800
2020-10-13,108.37000274658203,96.88180541992188,4773600
2020-10-14,107.75,96.64862060546875,4191600
2020-10-15,107.31999969482422,96.26292419433594,3518500
2020-10-16,109.66999816894531,98.37080383300781,4363500
2020-10-19,108.04000091552734,96.9087142944336,4228500
2020-10-20,108.36000061035156,97.19574737548828,3873500
2020-10-21,105.93000030517578,95.01612854003906,5716000
2020-10-22,109.4800033569336,98.20037078857422,4953800
2020-10-23,107.79000091552734,96.68447875976562,3573000
2020-10-26,109.0,97.76980590820312,7298000
2020-10-27,108.58000183105469,97.39308166503906,4518000
2020-10-28,106.41999816894531,95.45564270019531,7104700
2020-10-29,105.0,94.18193054199219,4237600
2020-10-30,105.11000061035156,94.2806167602539,4433200
2020-11-02,107.4800033569336,96.40642547607422,5907100
2020-11-03,109.55999755859375,98.27212524414062,3870100
2020-11-04,111.52999877929688,100.03914642333984,7421200
2020-11-05,113.52999877929688,101.83309936523438,5139900
2020-11-06,114.41999816894531,102.63138580322266,5644100
2020-11-09,109.38999938964844,98.11963653564453,13990700
2020-11-10,110.80999755859375,99.39334106445312,5243500
2020-11-11,112.6500015258789,101.04375457763672,3994000
2020-11-12,111.94999694824219,100.41588592529297,2816800
2020-11-13,112.5999984741211,100.99890899658203,3918900
2020-11-16,113.66999816894531,101.95865631103516,4144900
2020-11-17,113.05999755859375,101.41151428222656,3793000
2020-11-18,109.7699966430664,98.46047973632812,4545700
2020-11-19,111.0,99.56376647949219,3548100
2020-11-20,110.88999938964844,99.46509552001953,4075300
2020-11-23,109.2699966430664,98.01199340820312,4105500
2020-11-24,107.61000061035156,96.52302551269531,7316300
2020-11-25,106.41000366210938,95.4466552734375,6224100
2020-11-27,107.62000274658203,96.53201293945312,1979000
2020-11-30,108.22000122070312,97.0701904296875,5702300
2020-12-01,108.48999786376953,97.31237030029297,4265200
2020-12-02,108.1500015258789,97.00739288330078,3444700
2020-12-03,107.52999877929688,96.45127868652344,3846300
2020-12-04,107.9000015258789,96.78315734863281,4686800
2020-12-07,107.18000030517578,96.13734436035156,6928000
2020-12-08,106.80000305175781,95.7964859008789,6643500
2020-12-09,106.31999969482422,95.36592102050781,5742400
2020-12-10,106.5199966430664,95.54532623291016,4828500
2020-12-11,107.0199966430664,95.99381256103516,4719000
2020-12-14,106.79000091552734,95.78752899169922,6250000
2020-12-15,107.44999694824219,96.37950897216797,5256600
2020-12-16,107.33999633789062,96.28087615966797,4458700
2020-12-17,108.77999877929688,97.57249450683594,3924300
2020-12-18,108.97000122070312,97.742919921875,10669800
2020-12-21,108.08999633789062,96.95357513427734,4544000
2020-12-22,108.27999877929688,97.1240005493164,3426400
2020-12-23,107.44999694824219,96.37950897216797,3149500
2020-12-24,108.3499984741211,97.18678283691406,1451500
2020-12-28,107.79000091552734,96.68447875976562,2034200
2020-12-29,108.33000183105469,97.16886901855469,2834400
2020-12-30,108.44000244140625,97.26751708984375,2415800
2020-12-31,109.48999786376953,98.20933532714844,2982200
2021-01-04,109.11000061035156,97.86849212646484,6192000
2021-01-05,110.45999908447266,99.07940673828125,4322800
2021-01-06,110.2300033569336,98.87308502197266,5539600
2021-01-07,111.30000305175781,99.8328628540039,5568800
2021-01-08,111.61000061035156,100.11089324951172,4242200
2021-01-11,110.83999633789062,99.42024993896484,3177400
2021-01-12,108.83999633789062,97.62630462646484,5777100
2021-01-13,112.1500015258789,100.59526824951172,6047100
2021-01-14,110.04000091552734,99.10030364990234,4391000
2021-01-15,111.30000305175781,100.23505401611328,4480100
2021-01-19,112.56999969482422,101.37877655029297,6820300
2021-01-20,112.88999938964844,101.66697692871094,2952100
2021-01-21,112.94999694824219,101.72101593017578,5028100
2021-01-22,112.83999633789062,101.62194061279297,4163900
2021-01-25,114.72000122070312,103.31504821777344,4689300
2021-01-26,114.7300033569336,103.32405090332031,4142400
2021-01-27,114.29000091552734,102.92779541015625,9104900
2021-01-28,120.38999938964844,108.4213638305664,11296300
2021-01-29,123.58999633789062,111.30322265625,10995100
2021-02-01,122.54000091552734,110.35760498046875,8337100
2021-02-02,120.23999786376953,108.28626251220703,7277000
2021-02-03,120.22000122070312,108.26827239990234,4991900
2021-02-04,119.73999786376953,107.83597564697266,4377900
2021-02-05,124.02999877929688,111.6994857788086,5803400
2021-02-08,124.5,112.12274932861328,3456000
2021-02-09,125.1500015258789,112.70812225341797,3424500
2021-02-10,125.29000091552734,112.834228515625,4195400
2021-02-11,126.83999633789062,114.2301254272461,3697400
2021-02-12,128.22999572753906,115.48193359375,3658700
2021-02-16,128.02000427246094,115.29280853271484,5174000
2021-02-17,127.23999786376953,114.59034729003906,3161800
2021-02-18,125.41000366210938,112.94229888916016,5427900
2021-02-19,123.04000091552734,110.80790710449219,6204200
2021-02-22,122.55000305175781,110.36661529541016,4842000
2021-02-23,120.80000305175781,108.79060363769531,5565900
2021-02-24,122.37999725341797,110.21349334716797,4127400
2021-02-25,121.58000183105469,109.4930648803711,3468900
2021-02-26,119.77999877929688,107.87200164794922,5197500
2021-03-01,122.20999908447266,110.06041717529297,3858600
2021-03-02,122.52999877929688,110.34860229492188,4908100
2021-03-03,119.18000030517578,107.33163452148438,5239500
2021-03-04,116.01000213623047,104.47681427001953,6699600
2021-03-05,117.25,105.5935287475586,4859500
2021-03-08,115.62999725341797,104.13455963134766,3931600
2021-03-09,116.69999694824219,105.09819030761719,5176100
2021-03-10,115.87999725341797,104.35971069335938,7640200
2021-03-11,117.5199966430664,105.8366928100586,4915700
2021-03-12,116.70999908447266,105.10720825195312,3714000
2021-03-15,118.0999984741211,106.35902404785156,4651800
2021-03-16,118.22000122070312,106.46710205078125,3870500
2021-03-17,117.62000274658203,105.92674255371094,3797200
2021-03-18,118.11000061035156,106.3680191040039,4253000
2021-03-19,120.25,108.29528045654297,11275200
2021-03-22,121.47000122070312,109.39398956298828,5173100
2021-03-23,120.48999786376953,108.51140594482422,3788500
2021-03-24,118.0199966430664,106.2869644165039,6521300
2021-03-25,119.05000305175781,107.21459197998047,5320100
2021-03-26,122.06999969482422,109.9343490600586,4857000
2021-03-29,122.2300033569336,110.07843780517578,4810100
2021-03-30,119.75,107.8449935913086,5054400
2021-03-31,119.83999633789062,107.92604064941406,5792800
2021-04-01,118.94000244140625,107.11552429199219,4015100
2021-04-05,119.86000061035156,107.94406127929688,6314600
2021-04-06,119.97000122070312,108.04309844970703,5146400
2021-04-07,120.11000061035156,108.16920471191406,4313000
2021-04-08,119.77999877929688,107.87200164794922,3768800
2021-04-09,120.9000015258789,108.88064575195312,4102500
2021-04-12,121.04000091552734,109.0067367553711,2915900
2021-04-13,123.01000213623047,110.78089141845703,4944600
2021-04-14,121.5,109.82275390625,4726500
2021-04-15,123.94000244140625,112.02825164794922,4510900
2021-04-16,124.3499984741211,112.39884185791016,6243100
2021-04-19,124.52999877929688,112.5615463256836,6853100
2021-04-20,120.0,108.46692657470703,9908200
2021-04-21,122.5999984741211,110.81705474853516,7040300
2021-04-22,123.5,111.63053894042969,6366900
2021-04-23,123.30999755859375,111.45880126953125,5227000
2021-04-26,122.58000183105469,110.79896545410156,4377500
2021-04-27,121.69999694824219,110.0035400390625,3384900
2021-04-28,121.44999694824219,109.77754974365234,3755900
2021-04-29,121.01000213623047,109.37984466552734,3889200
2021-04-30,120.08000183105469,108.53924560546875,4773500
2021-05-03,119.52999877929688,108.04209899902344,4917600
2021-05-04,117.54000091552734,106.24335479736328,9221800
2021-05-05,118.51000213623047,107.12012481689453,5632400
2021-05-06,118.79000091552734,107.37322235107422,4305300
2021-05-07,118.94999694824219,107.51783752441406,4076600
2021-05-10,118.94000244140625,107.50881958007812,3923200
2021-05-11,118.38999938964844,107.01165771484375,5520800
2021-05-12,116.3499984741211,105.16773986816406,4745500
2021-05-13,117.44999694824219,106.1619873046875,4519500
2021-05-14,118.30999755859375,106.9393539428711,3800500
2021-05-17,116.73999786376953,105.52024841308594,3732400
2021-05-18,116.9800033569336,105.7371826171875,3398400
2021-05-19,116.37999725341797,105.1948471069336,3430800
2021-05-20,117.80000305175781,106.47836303710938,2858200
2021-05-21,117.12999725341797,105.87275695800781,4629300
2021-05-24,117.29000091552734,106.01738739013672,3096000
2021-05-25,118.4000015258789,107.02068328857422,4704500
2021-05-26,116.75,105.52926635742188,6692900
2021-05-27,115.69000244140625,104.5711441040039,10358900
2021-05-28,116.6500015258789,105.43888092041016,4813000
2021-06-01,105.79000091552734,95.62264251708984,25124100
2021-06-02,106.9000015258789,96.6259536743164,19215100
2021-06-03,109.19999694824219,98.70490264892578,12118000
2021-06-04,109.29000091552734,98.78626251220703,7197200
2021-06-07,110.0,99.42801666259766,7933600
2021-06-08,107.9000015258789,97.52984619140625,8173900
2021-06-09,109.05000305175781,98.56932067871094,13780400
2021-06-10,110.1500015258789,99.56359100341797,8012600
2021-06-11,109.91000366210938,99.34667205810547,6517500
2021-06-14,110.4800033569336,99.8619155883789,4888700
2021-06-15,110.41000366210938,99.7986068725586,5398800
2021-06-16,110.05999755859375,99.48222351074219,7051500
2021-06-17,111.62999725341797,100.90135955810547,5967400
2021-06-18,110.33000183105469,99.72630310058594,8831800
2021-06-21,111.44000244140625,100.72962188720703,4743300
2021-06-22,110.95999908447266,100.29574584960938,6519400
2021-06-23,110.83999633789062,100.1872787475586,4356100
2021-06-24,111.69999694824219,100.96463775634766,9718600
2021-06-25,112.72000122070312,101.8865966796875,8750400
2021-06-28,115.69999694824219,104.58018493652344,9567200
2021-06-29,117.20999908447266,105.945068359375,8150200
2021-06-30,115.93000030517578,104.7880859375,5844600
2021-07-01,117.16000366210938,105.89986419677734,4739600
2021-07-02,118.04000091552734,106.69529724121094,4787000
2021-07-06,118.81999969482422,107.40032958984375,5040400
2021-07-07,119.87000274658203,108.34941864013672,4068700
2021-07-08,119.26000213623047,107.79804229736328,3908900
2021-07-09,119.73999786376953,108.2319107055664,4353600
2021-07-12,118.80999755859375,107.39128875732422,3905200
2021-07-13,118.6500015258789,107.24666595458984,3877100
2021-07-14,117.16999816894531,106.3121109008789,4660300
2021-07-15,116.66000366210938,105.8493881225586,5761200
2021-07-16,117.51000213623047,106.62062072753906,3977600
2021-07-19,118.79000091552734,107.78199768066406,6739700
2021-07-20,118.7300033569336,107.72757720947266,4678400
2021-07-21,118.9800033569336,107.95438385009766,4285300
2021-07-22,118.25,107.29203796386719,6958000
2021-07-23,120.80000305175781,109.6057357788086,4736100
2021-07-26,119.5199966430664,108.44434356689453,4954800
2021-07-27,119.80999755859375,108.70746612548828,5630800
2021-07-28,120.5199966430664,109.35167694091797,3796100
2021-07-29,121.08999633789062,109.86884307861328,3925500
2021-07-30,120.9800033569336,109.76905822753906,4688800
2021-08-02,120.91999816894531,109.71460723876953,3646100
2021-08-03,122.12000274658203,110.80340576171875,3696200
2021-08-04,121.56999969482422,110.30439758300781,3513400
2021-08-05,122.20999908447266,110.88506317138672,3258100
2021-08-06,122.16999816894531,110.84878540039062,3550300
2021-08-09,123.16000366210938,111.74703216552734,4271200
2021-08-10,122.69999694824219,111.32966613769531,4356900
2021-08-11,121.45999908447266,110.20457458496094,3683100
2021-08-12,122.80999755859375,111.42947387695312,3023600
2021-08-13,123.05999755859375,111.65632629394531,3476600
2021-08-16,124.66000366210938,113.10806274414062,4601900
2021-08-17,125.69000244140625,114.04258728027344,4609700
2021-08-18,123.93000030517578,112.44566345214844,3585200
2021-08-19,125.72000122070312,114.0698013305664,4283800
2021-08-20,126.31999969482422,114.61419677734375,5485800
2021-08-23,125.83999633789062,114.1786880493164,3906700
2021-08-24,125.5,113.87018585205078,3945700
2021-08-25,124.73999786376953,113.18061828613281,4379000
2021-08-26,125.47000122070312,113.84297180175781,3991900
2021-08-27,124.58999633789062,113.04451751708984,4094300
2021-08-30,125.94000244140625,114.26942443847656,3151800
2021-08-31,126.37000274658203,114.6595687866211,6190300
2021-09-01,127.4000015258789,115.59413146972656,3484200
2021-09-02,128.49000549316406,116.5831298828125,3402700
2021-09-03,128.94000244140625,116.99142456054688,2463300
2021-09-07,128.38999938964844,116.49237823486328,2765500
2021-09-08,129.05999755859375,117.10028076171875,3121200
2021-09-09,127.9800033569336,116.12037658691406,4546900
2021-09-10,128.8000030517578,116.86437225341797,4127400
2021-09-13,126.62000274658203,114.88640594482422,5811000
2021-09-14,127.05000305175781,115.27655792236328,4197400
2021-09-15,127.48999786376953,115.67578125,4803200
2021-09-16,127.44000244140625,115.63042449951172,3317100
2021-09-17,126.79000091552734,115.0406723022461,10045200
2021-09-20,124.87000274658203,113.29857635498047,5262200
2021-09-21,125.12999725341797,113.53445434570312,4918600
2021-09-22,124.6500015258789,113.09896087646484,6553400
2021-09-23,125.30000305175781,113.68873596191406,4161500
2021-09-24,124.37000274658203,112.84490966796875,3045700
2021-09-27,120.58000183105469,109.4061279296875,6481200
2021-09-28,118.73999786376953,107.73662567138672,5855200
2021-09-29,119.45999908447266,108.3899154663086,4511300
2021-09-30,118.12999725341797,107.18315887451172,4786200
2021-10-01,117.20999908447266,106.34841918945312,8173200
2021-10-04,115.52999877929688,104.82408905029297,5903500
2021-10-05,115.87999725341797,105.14164733886719,4238400
2021-10-06,116.48999786376953,105.69512176513672,5498900
2021-10-07,117.91000366210938,106.98355102539062,4505800
2021-10-08,118.38999938964844,107.41905975341797,7193200
2021-10-11,116.87999725341797,106.04898834228516,3873200
2021-10-12,117.31999969482422,106.4482192993164,4599200
2021-10-13,117.0,106.15789031982422,3935100
2021-10-14,117.56999969482422,107.08692169189453,4977400
2021-10-15,117.48999786376953,107.01404571533203,6012400
2021-10-18,116.81999969482422,106.4037857055664,5275800
2021-10-19,119.33999633789062,108.6990966796875,5880000
2021-10-20,123.30999755859375,112.31512451171875,8401900
2021-10-21,125.05000305175781,113.89999389648438,4984000
2021-10-22,126.72000122070312,115.42107391357422,5742300
2021-10-25,126.58000183105469,115.29354858398438,4426900
2021-10-26,128.1300048828125,116.7053451538086,3994000
2021-10-27,127.70999908447266,116.32282257080078,4128600
2021-10-28,127.70999908447266,116.32282257080078,3645300
2021-10-29,128.88999938964844,117.39757537841797,4692200
2021-11-01,128.94000244140625,117.44312286376953,3494700
2021-11-02,127.70999908447266,116.32282257080078,8069600
2021-11-03,128.6999969482422,117.22453308105469,5110600
2021-11-04,129.08999633789062,117.57974243164062,4675900
2021-11-05,124.37000274658203,113.28060913085938,7989800
2021-11-08,126.80000305175781,115.49393463134766,4930000
2021-11-09,126.43000030517578,115.15692138671875,5130300
2021-11-10,127.81999969482422,116.42298126220703,5358900
2021-11-11,127.25,115.90382385253906,5054800
2021-11-12,128.4499969482422,116.99681091308594,6462200
2021-11-15,129.44000244140625,117.89855194091797,4565800
2021-11-16,130.88999938964844,119.21925354003906,4141300
2021-11-17,128.6199951171875,117.15164947509766,4759900
2021-11-18,127.63999938964844,116.25904083251953,4466100
2021-11-19,126.83999633789062,115.53038024902344,6867700
2021-11-22,125.26000213623047,114.09122467041016,4205400
2021-11-23,124.4800033569336,113.38079071044922,4873700
2021-11-24,125.06999969482422,113.91819763183594,3729500
2021-11-26,125.87999725341797,114.65594482421875,4671400
2021-11-29,128.02999877929688,116.61425018310547,5648200
2021-11-30,125.7699966430664,114.55577087402344,7269900
2021-12-01,126.73999786376953,115.43928527832031,4816700
2021-12-02,128.3800048828125,116.93306732177734,5090800
2021-12-03,130.27000427246094,118.654541015625,5254500
2021-12-06,132.47000122070312,120.65836334228516,6601600
2021-12-07,132.4199981689453,120.61282348632812,5143600
2021-12-08,132.3699951171875,120.5672836303711,5389400
2021-12-09,132.52999877929688,120.71302795410156,2663300
2021-12-10,134.3699951171875,122.38894653320312,4371800
2021-12-13,135.9600067138672,123.83720397949219,5094800
2021-12-14,132.94000244140625,121.08646392822266,8193300
2021-12-15,135.55999755859375,123.47283935546875,6422300
2021-12-16,136.08999633789062,123.95558166503906,6984100
2021-12-17,137.11000061035156,124.88463592529297,12146000
2021-12-20,134.97999572753906,122.94456481933594,6501200
2021-12-21,135.27000427246094,123.2087173461914,7153800
2021-12-22,138.99000549316406,126.59698486328125,6768900
2021-12-23,139.16000366210938,126.75183868408203,3491800
2021-12-27,141.4600067138672,128.8468017578125,3801700
2021-12-28,140.47000122070312,127.9450454711914,3296000
2021-12-29,141.19000244140625,128.60086059570312,2848900
2021-12-30,141.0,128.4278106689453,2809100
2021-12-31,140.74000549316406,128.19097900390625,3271800
2022-01-03,139.0399932861328,126.6425552368164,6688100
2022-01-04,135.77000427246094,123.66413116455078,8241200
2022-01-05,135.16000366210938,123.1084976196289,5948200
2022-01-06,135.13999938964844,123.09030151367188,5710200
2022-01-07,135.55999755859375,123.47283935546875,4367500
2022-01-10,135.25999450683594,123.19956970214844,5975600
2022-01-11,135.6999969482422,123.60034942626953,5709400
2022-01-12,133.72000122070312,121.79689025878906,8416000
2022-01-13,129.64999389648438,118.50634002685547,7174500
2022-01-14,128.16000366210938,117.1444091796875,9256900
2022-01-18,126.56999969482422,115.69107055664062,5850100
2022-01-19,126.05000305175781,115.21576690673828,3996400
2022-01-20,124.70999908447266,113.9909439086914,8652600
2022-01-21,125.83000183105469,115.01469421386719,10132700
2022-01-24,123.81999969482422,113.17743682861328,10864500
2022-01-25,123.2699966430664,112.67471313476562,9126600
2022-01-26,120.06999969482422,109.749755859375,14753100
2022-01-27,120.44000244140625,110.08797454833984,9179500
2022-01-28,125.3499984741211,114.57594299316406,8286500
2022-01-31,127.45999908447266,116.50459289550781,7210000
2022-02-01,127.19999694824219,116.26692199707031,5602000
2022-02-02,130.0399932861328,118.8628158569336,7450500
2022-02-03,130.11000061035156,118.92681121826172,5613300
2022-02-04,129.7100067138672,118.56121063232422,4149700
2022-02-07,128.0500030517578,117.04387664794922,4035200
2022-02-08,128.64999389648438,117.59227752685547,3890900
2022-02-09,130.49000549316406,119.27415466308594,3434200
2022-02-10,127.76000213623047,116.77877044677734,5917700
2022-02-11,125.48999786376953,114.70389556884766,4803200
2022-02-14,122.77999877929688,112.22683715820312,7433900
2022-02-15,123.9800033569336,113.32369232177734,5298000
2022-02-16,123.68000030517578,113.04948425292969,5078100
2022-02-17,120.58000183105469,110.2159194946289,3688300
2022-02-18,116.79000091552734,106.75167846679688,12376100
2022-02-22,117.51000213623047,107.40979766845703,8372800
2022-02-23,117.25,107.17216491699219,5184200
2022-02-24,118.72000122070312,108.51580047607422,6252600
2022-02-25,122.41000366210938,111.8886489868164,5837700
2022-02-28,120.62000274658203,110.25250244140625,6828400
2022-03-01,118.16999816894531,108.01306915283203,6697700
2022-03-02,120.36000061035156,110.01484680175781,6419800
2022-03-03,120.97000122070312,110.57239532470703,5223100
2022-03-04,121.41000366210938,110.974609375,5911400
2022-03-07,118.86000061035156,108.64375305175781,6632000
2022-03-08,116.11000061035156,106.1301498413086,6694000
2022-03-09,118.38999938964844,108.21414947509766,5004700
2022-03-10,117.0,106.9436264038086,4377600
2022-03-11,114.0199966430664,104.21976470947266,8012400
2022-03-14,115.5199966430664,105.59083557128906,5527500
2022-03-15,117.4800033569336,107.38238525390625,5041200
2022-03-16,119.4800033569336,109.21046447753906,4441800
2022-03-17,121.19999694824219,110.78263092041016,3998900
2022-03-18,122.44999694824219,111.92520904541016,7823800
2022-03-21,121.76000213623047,111.29450988769531,4135100
2022-03-22,121.88999938964844,111.413330078125,4479600
2022-03-23,116.91999816894531,106.87051391601562,5656000
2022-03-24,117.81999969482422,107.69316101074219,4505800
2022-03-25,118.94999694824219,108.72602844238281,2896300
2022-03-28,119.98999786376953,109.67664337158203,5350900
2022-03-29,120.19000244140625,109.85945129394531,5126100
2022-03-30,120.37999725341797,110.03311920166016,4064800
2022-03-31,118.36000061035156,108.18673706054688,5432600
2022-04-01,118.58000183105469,108.3878173828125,4314000
2022-04-04,118.87999725341797,108.66204071044922,4037200
2022-04-05,119.4800033569336,109.21046447753906,6113400
2022-04-06,119.94000244140625,109.63093566894531,5485100
2022-04-07,123.37000274658203,112.76612091064453,5863500
2022-04-08,123.25,112.65644836425781,5093900
2022-04-11,120.04000091552734,109.72233581542969,4071100
2022-04-12,118.38999938964844,108.21414947509766,4432300
2022-04-13,119.4800033569336,109.6457748413086,4407900
2022-04-14,117.69000244140625,108.0030746459961,3140000
2022-04-18,116.29000091552734,106.71833038330078,4115900
2022-04-19,119.9800033569336,110.10460662841797,5120900
2022-04-20,122.63999938964844,112.54566955566406,8334200
2022-04-21,123.37000274658203,113.21558380126953,7321100
2022-04-22,119.63999938964844,109.79258728027344,6710100
2022-04-25,120.01000213623047,110.13214111328125,4503500
2022-04-26,116.97000122070312,107.34235382080078,3366300
2022-04-27,116.72000122070312,107.11293029785156,4178700
2022-04-28,118.01000213623047,108.29676055908203,4960000
2022-04-29,113.5,104.15798950195312,6815900
2022-05-02,112.83000183105469,103.54312133789062,4905000
2022-05-03,112.43000030517578,103.176025390625,4491500
2022-05-04,115.69999694824219,106.17689514160156,5347400
2022-05-05,113.01000213623047,103.70829772949219,5703300
2022-05-06,112.2699966430664,103.02920532226562,4966800
2022-05-09,107.38999938964844,98.55085754394531,6478200
2022-05-10,106.75,97.96354675292969,6248300
2022-05-11,105.83999633789062,97.12843322753906,6636100
2022-05-12,107.97000122070312,99.0831298828125,8516100
2022-05-13,109.87999725341797,100.8359146118164,6159300
2022-05-16,109.70999908447266,100.67990112304688,7459000
2022-05-17,114.54000091552734,105.11238098144531,9172000
2022-05-18,112.73999786376953,103.46052551269531,6933900
2022-05-19,112.44000244140625,103.1852035522461,6304800
2022-05-20,113.23999786376953,103.91936492919922,4509600
2022-05-23,115.02999877929688,105.56201934814453,4357000
2022-05-24,113.7699966430664,104.40575408935547,5272600
2022-05-25,113.19000244140625,103.87347412109375,3921700
2022-05-26,114.87000274658203,105.41519927978516,4027800
2022-05-27,116.69000244140625,107.08538818359375,3884800
2022-05-31,117.45999908447266,107.79203033447266,10563500
2022-06-01,115.08000183105469,105.60792541503906,4890200
2022-06-02,117.51000213623047,107.83790588378906,3856600
2022-06-03,116.56999969482422,106.97526550292969,3778200
2022-06-06,116.41999816894531,106.83761596679688,4205600
2022-06-07,116.87999725341797,107.25975036621094,3285600
2022-06-08,114.69000244140625,105.2500228881836,3683400
2022-06-09,112.70999908447266,103.43299865722656,3424700
2022-06-10,109.62999725341797,100.60649871826172,4805600
2022-06-13,105.91000366210938,97.19267272949219,5215300
2022-06-14,102.94000244140625,94.46713256835938,5890100
2022-06-15,104.80000305175781,96.1740493774414,5278100
2022-06-16,102.06999969482422,93.66873168945312,4793600
2022-06-17,102.52999877929688,94.09088134765625,10249200
2022-06-21,104.41000366210938,95.81615447998047,5338300
2022-06-22,105.44000244140625,96.76136779785156,5511600
2022-06-23,106.20999908447266,97.4679946899414,5064800
2022-06-24,109.44999694824219,100.44129943847656,14301600
2022-06-27,109.08000183105469,100.1017837524414,3804100
2022-06-28,106.97000122070312,98.16544342041016,4185500
2022-06-29,109.0999984741211,100.12012481689453,4552100
2022-06-30,108.6500015258789,99.70716094970703,6070900
2022-07-01,110.22000122070312,101.14794158935547,3291700
2022-07-05,109.30000305175781,100.30366516113281,4752300
2022-07-06,108.69000244140625,99.74388122558594,3975300
2022-07-07,109.48999786376953,100.47802734375,4149000
2022-07-08,109.26000213623047,100.26695251464844,3115500
2022-07-11,108.88999938964844,99.9273910522461,4041100
2022-07-12,108.30000305175781,99.38597869873047,5756300
2022-07-13,106.20999908447266,97.4679946899414,5087700
2022-07-14,105.70999908447266,97.44034576416016,4993600
2022-07-15,108.81999969482422,100.30704498291016,4617900
2022-07-18,107.0199966430664,98.64785766601562,4499900
2022-07-19,109.93000030517578,101.3302001953125,5788400
2022-07-20,108.2300033569336,99.76319122314453,7300200
2022-07-21,110.69000244140625,102.03075408935547,5698000
2022-07-22,109.19999694824219,100.6573257446289,4733900
2022-07-25,108.5,100.0120849609375,3905600
2022-07-26,109.08999633789062,100.55591583251953,4824000
2022-07-27,109.98999786376953,101.38552856445312,3303500
2022-07-28,110.36000061035156,101.7265853881836,4736100
2022-07-29,108.83999633789062,100.32547760009766,4922900
2022-08-01,109.5199966430664,100.95228576660156,3871900
2022-08-02,108.63999938964844,100.14112854003906,3093800
2022-08-03,109.61000061035156,101.03524017333984,3866200
2022-08-04,109.72000122070312,101.13662719726562,2794000
2022-08-05,109.25,100.70339965820312,2789600
2022-08-08,109.0,100.47295379638672,2283800
2022-08-09,107.91000366210938,99.46824645996094,3943500
2022-08-10,110.2699966430664,101.64362335205078,3960900
2022-08-11,110.48999786376953,101.84642028808594,3281400
2022-08-12,111.4800033569336,102.75894927978516,2813300
2022-08-15,111.9000015258789,103.1460952758789,2949500
2022-08-16,112.02999877929688,103.26592254638672,2897400
2022-08-17,110.55000305175781,101.9017105102539,3053500
2022-08-18,109.95999908447266,101.35785675048828,4143600
2022-08-19,110.05999755859375,101.45004272460938,5092700
2022-08-22,107.44999694824219,99.04422760009766,3496800
2022-08-23,106.01000213623047,97.71687316894531,4203000
2022-08-24,105.44000244140625,97.19145965576172,4278200
2022-08-25,105.88999938964844,97.60625457763672,5249200
2022-08-26,101.9000015258789,93.92838287353516,5440700
2022-08-29,101.83999633789062,93.87308502197266,4229900
2022-08-30,102.19999694824219,94.20491790771484,4629700
2022-08-31,102.6500015258789,94.6197280883789,7600700
2022-09-01,104.83999633789062,96.63838958740234,4397900
2022-09-02,102.5,94.4814453125,4103200
2022-09-06,102.70999908447266,94.6750259399414,4670400
2022-09-07,104.69999694824219,96.50934600830078,5100800
2022-09-08,106.98999786376953,98.62020874023438,8700700
2022-09-09,108.4800033569336,99.99364471435547,5781200
2022-09-12,109.29000091552734,100.74028015136719,4358100
2022-09-13,105.83999633789062,97.5601577758789,5300800
2022-09-14,105.77999877929688,97.50487518310547,3264200
2022-09-15,105.05999755859375,96.8411865234375,4237000
2022-09-16,104.0,95.86410522460938,8898200
2022-09-19,104.08999633789062,95.94707489013672,3816000
2022-09-20,102.30999755859375,94.30632781982422,4617100
2022-09-21,100.6500015258789,92.77618408203125,4720500
2022-09-22,101.06999969482422,93.163330078125,5567500
2022-09-23,100.68000030517578,92.80382537841797,6214600
2022-09-26,99.83999633789062,92.029541015625,6037800
2022-09-27,98.33000183105469,90.63768005371094,6377800
2022-09-28,98.72000122070312,90.9971694946289,7206900
2022-09-29,98.29000091552734,90.60081481933594,6698800
2022-09-30,96.76000213623047,89.19049835205078,6728400
2022-10-03,99.5199966430664,91.73458099365234,4817600
2022-10-04,103.08000183105469,95.01608276367188,5710800
2022-10-05,103.37999725341797,95.29261016845703,3803400
2022-10-06,102.44999694824219,94.43537139892578,6348100
2022-10-07,101.79000091552734,93.82701873779297,8485900
2022-10-10,101.12999725341797,93.21863555908203,4044600
2022-10-11,101.75,93.79012298583984,5304800
2022-10-12,100.08000183105469,92.25077056884766,4106200
2022-10-13,102.47000122070312,94.89948272705078,6250900
2022-10-14,100.91000366210938,93.4547348022461,6087200
2022-10-17,103.5199966430664,95.87190246582031,7315800
2022-10-18,104.9800033569336,97.22402954101562,8943900
2022-10-19,98.11000061035156,90.8615951538086,18525200
2022-10-20,95.20999908447266,88.17584228515625,12651200
2022-10-21,95.05999755859375,88.03692626953125,9859000
2022-10-24,98.29000091552734,91.0282974243164,8118000
2022-10-25,97.94999694824219,90.71341705322266,7114400
2022-10-26,98.41999816894531,91.1487045288086,8290100
2022-10-27,96.93000030517578,89.76876068115234,6610000
2022-10-28,99.48999786376953,92.1396255493164,5768100
2022-10-31,98.94000244140625,91.63028717041016,5885600
2022-11-01,99.30999755859375,91.97294616699219,5249400
2022-11-02,98.04000091552734,90.79676818847656,5196700
2022-11-03,96.44999694824219,89.32421875,4873400
2022-11-04,98.06999969482422,90.82454681396484,4902800
2022-11-07,99.5,92.1489028930664,4903700
2022-11-08,99.63999938964844,92.278564453125,5708200
2022-11-09,99.45999908447266,92.11184692382812,5339600
2022-11-10,104.2300033569336,96.52944946289062,5907400
2022-11-11,104.08999633789062,96.39981079101562,7106900
2022-11-14,102.01000213623047,94.47345733642578,5661600
2022-11-15,103.13999938964844,95.51998138427734,5262900
2022-11-16,103.61000061035156,95.95525360107422,3292800
2022-11-17,102.55999755859375,94.98283386230469,3332900
2022-11-18,103.87000274658203,96.196044921875,3931800
2022-11-21,103.87999725341797,96.20529174804688,4148800
2022-11-22,104.87000274658203,97.12216186523438,4511700
2022-11-23,106.0199966430664,98.18720245361328,4617500
2022-11-25,106.95999908447266,99.05774688720703,2558100
2022-11-28,105.38999938964844,97.60374450683594,4149700
2022-11-29,105.0,97.24254608154297,4832300
2022-11-30,107.58000183105469,99.6319580078125,12737300
2022-12-01,107.93000030517578,99.95608520507812,5076200
2022-12-02,108.08999633789062,100.104248046875,4944100
2022-12-05,105.41000366210938,97.62227630615234,4687100
2022-12-06,103.86000061035156,96.1867904663086,4175700
2022-12-07,104.80999755859375,97.06659698486328,3592400
2022-12-08,106.91999816894531,99.02069854736328,4607700
2022-12-09,107.51000213623047,99.56712341308594,5346400
2022-12-12,109.48999786376953,101.40082550048828,4752500
2022-12-13,111.52999877929688,103.29010772705078,6246000
2022-12-14,111.26000213623047,103.04006958007812,5614900
2022-12-15,108.5199966430664,100.50251770019531,4947800
2022-12-16,106.91000366210938,99.0114517211914,7976100
2022-12-19,106.58999633789062,98.71508026123047,4352000
2022-12-20,106.48999786376953,98.62247467041016,3673000
2022-12-21,108.13999938964844,100.15055084228516,3228600
2022-12-22,108.02999877929688,100.0487060546875,3311100
2022-12-23,108.18000030517578,100.1876220703125,2618400
2022-12-27,108.56999969482422,100.54881286621094,2927400
2022-12-28,107.83000183105469,99.86349487304688,3265200
2022-12-29,110.30999755859375,102.1602554321289,3047800
2022-12-30,109.79000091552734,101.67866516113281,3471000
2023-01-03,109.58000183105469,101.48419189453125,4171900
2023-01-04,111.20999908447266,102.99376678466797,4395500
2023-01-05,110.80000305175781,102.61404418945312,4896900
2023-01-06,112.33000183105469,104.03101348876953,3800400
2023-01-09,112.1500015258789,103.86431121826172,7277700
2023-01-10,113.8499984741211,105.43871307373047,5591700
2023-01-11,113.1500015258789,104.79043579101562,5350300
2023-01-12,111.36000061035156,103.59963989257812,4697700
2023-01-13,113.51000213623047,105.59981536865234,5348700
2023-01-17,113.38999938964844,105.4881591796875,5711000
2023-01-18,111.51000213623047,103.73917388916016,4288500
2023-01-19,111.80000305175781,104.00896453857422,6157700
2023-01-20,112.81999969482422,104.95789337158203,5078300
2023-01-23,114.01000213623047,106.06495666503906,6115300
2023-01-24,112.52999877929688,104.68810272216797,4662000
2023-01-25,111.0,103.26472473144531,6070800
2023-01-26,111.06999969482422,103.32984924316406,4159500
2023-01-27,109.94999694824219,102.28787994384766,4860600
2023-01-30,109.80999755859375,102.15763092041016,4434800
2023-01-31,110.55000305175781,102.84609985351562,5698300
2023-02-01,111.81999969482422,104.02758026123047,4532300
2023-02-02,112.25,104.4276123046875,5051800
2023-02-03,111.79000091552734,103.99967193603516,3754500
2023-02-06,110.75,103.03214263916016,4145600
2023-02-07,111.98999786376953,104.18572998046875,3401600
2023-02-08,110.19999694824219,102.52046966552734,4222300
2023-02-09,108.06999969482422,100.53890228271484,3912700
2023-02-10,108.16000366210938,100.62263488769531,4186300
2023-02-13,108.5199966430664,100.9575424194336,3711000
2023-02-14,107.26000213623047,99.78535461425781,4244000
2023-02-15,107.27999877929688,99.803955078125,4060300
2023-02-16,106.08000183105469,98.68759155273438,3299000
2023-02-17,106.73999786376953,99.30160522460938,3564100
2023-02-21,103.6500015258789,96.42692565917969,5204300
2023-02-22,102.69000244140625,95.5338363647461,8900900
2023-02-23,102.55000305175781,95.4035873413086,4611100
2023-02-24,100.45999908447266,93.45923614501953,5476800
2023-02-27,99.7699966430664,92.81729125976562,4489800
2023-02-28,101.72000122070312,94.63142395019531,7877000
2023-03-01,100.83000183105469,93.80343627929688,3963500
2023-03-02,102.62999725341797,95.47801208496094,5209900
2023-03-03,104.44999694824219,97.17118072509766,4982400
2023-03-06,102.75,95.58963775634766,5005100
2023-03-07,99.9800033569336,93.0126724243164,6349000
2023-03-08,99.4000015258789,92.47309112548828,6252600
2023-03-09,97.8499984741211,91.03108978271484,5146000
2023-03-10,96.95999908447266,90.20313262939453,7042400
2023-03-13,98.19000244140625,91.34741973876953,6553000
2023-03-14,98.55000305175781,91.68232727050781,5093900
2023-03-15,97.80000305175781,90.98458862304688,5712100
2023-03-16,99.02999877929688,92.12886810302734,5289100
2023-03-17,97.01000213623047,90.24964904785156,10848100
2023-03-20,97.87000274658203,91.04971313476562,6075700
2023-03-21,98.33000183105469,91.4776611328125,4475000
2023-03-22,96.86000061035156,90.11009979248047,3606700
2023-03-23,97.04000091552734,90.27754211425781,4525000
2023-03-24,98.05000305175781,91.21717834472656,5269100
2023-03-27,98.45999908447266,91.5986099243164,4627700
2023-03-28,97.11000061035156,90.3426742553711,4815400
2023-03-29,98.62000274658203,91.74744415283203,6780200
2023-03-30,99.08000183105469,92.17539978027344,5199300
2023-03-31,101.26000213623047,94.2034683227539,6442400
2023-04-03,101.58999633789062,94.51046752929688,5432400
2023-04-04,102.80000305175781,95.63617706298828,7979000
2023-04-05,104.20999908447266,96.94790649414062,7298300
2023-04-06,104.93000030517578,97.61772918701172,5065000
2023-04-10,103.69999694824219,96.47342681884766,4900200
2023-04-11,103.29000091552734,96.09201049804688,4658000
2023-04-12,102.55999755859375,95.41287231445312,4560700
2023-04-13,103.61000061035156,96.87142944335938,4778700
2023-04-14,103.95999908447266,97.19865417480469,5043700
2023-04-17,104.5199966430664,97.72223663330078,4806400
2023-04-18,104.1500015258789,97.37630462646484,6552100
2023-04-19,112.29000091552734,104.98689270019531,12425400
2023-04-20,110.3499984741211,103.17305755615234,7413200
2023-04-21,111.66000366210938,104.39785766601562,6301100
2023-04-24,110.4000015258789,103.21981048583984,5341900
2023-04-25,109.97000122070312,102.81776428222656,5636700
2023-04-26,108.75,101.67710876464844,4240000
2023-04-27,109.5,102.37835693359375,4257200
2023-04-28,110.47000122070312,103.2852554321289,4835900
2023-05-01,111.11000061035156,103.8836441040039,3722900
2023-05-02,111.5,104.24827575683594,4998000
2023-05-03,111.76000213623047,104.49136352539062,5602000
2023-05-04,110.86000061035156,103.64990234375,4070700
2023-05-05,111.26000213623047,104.02388763427734,4025000
2023-05-08,110.9000015258789,103.68730163574219,2445500
2023-05-09,110.25,103.07958221435547,3274300
2023-05-10,110.69000244140625,103.4909439086914,3129100
2023-05-11,110.05000305175781,102.892578125,3879400
2023-05-12,110.48999786376953,103.30396270751953,3325000
2023-05-15,109.83999633789062,102.69622802734375,3020000
2023-05-16,109.38999938964844,102.27550506591797,3393800
2023-05-17,108.81999969482422,101.74256896972656,3801000
2023-05-18,108.47000122070312,101.41533660888672,3481600
2023-05-19,108.93000030517578,101.84541320800781,4487700
2023-05-22,108.25,101.20964050292969,2809500
2023-05-23,105.73999786376953,98.86287689208984,4337800
2023-05-24,104.04000091552734,97.27345275878906,4507600
2023-05-25,102.13999938964844,95.49701690673828,6734500
2023-05-26,102.87000274658203,96.17955017089844,4911800
2023-05-30,101.70999908447266,95.09500122070312,5168700
2023-05-31,102.0,95.36611938476562,7063400
2023-06-01,102.81999969482422,96.13279724121094,4603900
2023-06-02,104.19999694824219,97.42304992675781,6024300
2023-06-05,103.76000213623047,97.01166534423828,3565900
2023-06-06,102.62000274658203,95.94581604003906,4044300
2023-06-07,101.66000366210938,95.04824829101562,6231200
2023-06-08,100.77999877929688,94.22547149658203,5159000
2023-06-09,101.69000244140625,95.0762939453125,4276000
2023-06-12,101.4000015258789,94.80513763427734,3629100
2023-06-13,101.86000061035156,95.23524475097656,4642200
2023-06-14,103.25,96.53484344482422,5020600
2023-06-15,105.0199966430664,98.18971252441406,6378600
2023-06-16,106.19999694824219,99.29297637939453,10020900
2023-06-20,106.69999694824219,99.76044464111328,6573100
2023-06-21,106.25,99.33972930908203,4428600
2023-06-22,108.25,101.20964050292969,5480300
2023-06-23,108.05000305175781,101.02265167236328,5647000
2023-06-26,108.51000213623047,101.45274353027344,6134700
2023-06-27,107.79000091552734,100.77955627441406,4849700
2023-06-28,107.61000061035156,100.61126708984375,3900000
2023-06-29,107.66000366210938,100.65801239013672,3417400
2023-06-30,109.0199966430664,101.92955780029297,4449200
2023-07-03,107.22000122070312,100.24662017822266,2268000
2023-07-05,107.37000274658203,100.38687896728516,4968600
2023-07-06,107.19999694824219,100.22792053222656,5325000
2023-07-07,106.3499984741211,99.43321228027344,5053700
2023-07-10,107.0199966430664,100.05965423583984,5259500
2023-07-11,107.5,100.5084228515625,3899700
2023-07-12,106.8499984741211,99.90070343017578,4845300
2023-07-13,107.73999786376953,101.2159194946289,4936800
2023-07-14,107.93000030517578,101.3944091796875,4016000
2023-07-17,107.0,100.52072143554688,4580800
2023-07-18,106.94999694824219,100.47376251220703,3913900
2023-07-19,107.27999877929688,100.78377532958984,6225900
2023-07-20,111.83000183105469,105.0582504272461,8768600
2023-07-21,114.29000091552734,107.36929321289062,7062700
2023-07-24,114.62000274658203,107.67930603027344,5665900
2023-07-25,112.93000030517578,106.0916519165039,4732500
2023-07-26,114.08000183105469,107.17201232910156,3682500
2023-07-27,112.6500015258789,105.82859802246094,4762900
2023-07-28,112.7300033569336,105.90374755859375,3409200
2023-07-31,111.33000183105469,104.58853149414062,3930800
2023-08-01,110.52999877929688,103.83697509765625,3733700
2023-08-02,108.62000274658203,102.04264831542969,4699400
2023-08-03,107.54000091552734,101.02803802490234,4947700
2023-08-04,107.6500015258789,101.1313705444336,3231100
2023-08-07,108.44999694824219,101.8829116821289,3632500
2023-08-08,105.58000183105469,99.18671417236328,7544300
2023-08-09,105.30000305175781,98.9236831665039,5135200
2023-08-10,104.73999786376953,98.3975830078125,4708200
2023-08-11,105.30999755859375,98.93307495117188,3478600
2023-08-14,106.0999984741211,99.67522430419922,3076100
2023-08-15,104.94000244140625,98.58547973632812,3150600
2023-08-16,104.52999877929688,98.20030212402344,4086400
2023-08-17,104.93000030517578,98.57608795166016,4175200
2023-08-18,103.70999908447266,97.42994689941406,4809700
2023-08-21,103.87000274658203,97.58027648925781,2954700
2023-08-22,105.1500015258789,98.78274536132812,4840100
2023-08-23,105.12999725341797,98.76397705078125,3403300
2023-08-24,103.75,97.467529296875,3529500
2023-08-25,104.20999908447266,97.8996810913086,3000800
2023-08-28,102.79000091552734,96.56566619873047,5862500
2023-08-29,103.87000274658203,97.58027648925781,4515600
2023-08-30,104.41000366210938,98.08756256103516,3711300
2023-08-31,102.9000015258789,96.66900634765625,4042300
2023-09-01,102.8499984741211,96.62202453613281,2641100
2023-09-05,100.87999725341797,94.77131652832031,4284000
2023-09-06,101.55999755859375,95.41014099121094,5094400
2023-09-07,100.66999816894531,94.57403564453125,3863200
2023-09-08,100.7300033569336,94.6303939819336,3521300
2023-09-11,102.44999694824219,96.24624633789062,4891100
2023-09-12,102.4000015258789,96.19929504394531,3531400
2023-09-13,102.69000244140625,96.47172546386719,3192500
2023-09-14,102.6500015258789,96.43415069580078,4086600
2023-09-15,101.73999786376953,95.57923126220703,8303300
2023-09-18,101.0,94.8840560913086,3652600
2023-09-19,100.66999816894531,94.57403564453125,4090800
2023-09-20,100.27999877929688,94.20764923095703,3966000
2023-09-21,98.93000030517578,92.93940734863281,3943700
2023-09-22,98.1500015258789,92.20663452148438,4357800
2023-09-25,97.47000122070312,91.56781005859375,4096300
2023-09-26,96.2300033569336,90.40290069580078,3967700
2023-09-27,95.52999877929688,89.74528503417969,5391000
2023-09-28,98.12000274658203,92.17845153808594,6092800
2023-09-29,96.8499984741211,90.9853515625,5150500
2023-10-02,95.7300033569336,89.93317413330078,4349200
2023-10-03,95.79000091552734,89.98954010009766,4597500
2023-10-04,95.6500015258789,89.8580093383789,4336100
2023-10-05,96.19999694824219,90.37470245361328,5708300
2023-10-06,96.87999725341797,91.01354217529297,4790500
2023-10-09,96.76000213623047,90.90081024169922,3958300
2023-10-10,97.55999755859375,91.65235900878906,4352200
2023-10-11,92.63999938964844,87.0302734375,9269300
2023-10-12,90.19000244140625,85.19766998291016,7387000
2023-10-13,90.87000274658203,85.84002685546875,5623600
2023-10-16,92.18000030517578,87.07752227783203,6452300
2023-10-17,92.13999938964844,87.03971862792969,8288600
2023-10-18,95.55999755859375,90.27042388916016,16482600
2023-10-19,95.44000244140625,90.15705108642578,8537800
2023-10-20,96.77999877929688,91.42288970947266,11517800
2023-10-23,95.77999877929688,90.4782485961914,6178800
2023-10-24,94.80999755859375,89.56194305419922,6677000
2023-10-25,93.56999969482422,88.39056396484375,8157700
2023-10-26,93.9800033569336,88.77788543701172,6838100
2023-10-27,92.8499984741211,87.7104263305664,5934100
2023-10-30,93.0,87.85213470458984,7168900
2023-10-31,94.55000305175781,89.31632232666016,7452300
2023-11-01,95.01000213623047,89.7508773803711,6985000
2023-11-02,95.95999908447266,90.64827728271484,4683100
2023-11-03,95.83999633789062,90.5349349975586,5652600
2023-11-06,95.0,89.74142456054688,6137400
2023-11-07,94.80000305175781,89.55250549316406,4466500
2023-11-08,94.73999786376953,89.49581146240234,4416000
2023-11-09,93.55000305175781,88.3716812133789,5007900
2023-11-10,93.97000122070312,88.76844024658203,5479100
2023-11-13,95.79000091552734,90.4876937866211,6894800
2023-11-14,97.08000183105469,91.70628356933594,5527100
2023-11-15,98.0,92.57535552978516,5370500
2023-11-16,100.26000213623047,94.71025848388672,7603200
2023-11-17,99.55000305175781,94.0395736694336,6069100
2023-11-20,101.19999694824219,95.59822845458984,6869100
2023-11-21,101.91000366210938,96.26892852783203,7111600
2023-11-22,102.69999694824219,97.01519775390625,6470600
2023-11-24,102.87000274658203,97.17578125,2166800
2023-11-27,102.70999908447266,97.024658203125,4572500
2023-11-28,102.05999755859375,96.4106216430664,3607600
2023-11-29,103.62999725341797,97.89372253417969,5458700
2023-11-30,104.29000091552734,98.5171890258789,16766200
2023-12-01,104.87999725341797,99.07452392578125,4682300
2023-12-04,105.19000244140625,99.36737823486328,4717700
2023-12-05,104.3499984741211,98.57386779785156,4315500
2023-12-06,104.94000244140625,99.13121795654297,4296000
2023-12-07,104.05000305175781,98.29046630859375,5199000
2023-12-08,104.51000213623047,98.72501373291016,3426800
2023-12-11,106.22000122070312,100.3403549194336,5208200
2023-12-12,106.68000030517578,100.77490234375,5354500
2023-12-13,107.25,101.31333923339844,6534800
2023-12-14,108.5999984741211,102.58861541748047,6611600
2023-12-15,107.29000091552734,101.35111236572266,13316300
2023-12-18,108.05999755859375,102.07849884033203,5142800
2023-12-19,108.41999816894531,102.41857147216797,4675100
2023-12-20,107.4000015258789,101.45503234863281,5666200
2023-12-21,108.4800033569336,102.47525787353516,3555600
2023-12-22,109.02999877929688,102.99481964111328,2565700
2023-12-26,109.2300033569336,103.18374633789062,2513400
2023-12-27,109.79000091552734,103.71273803710938,2471800
2023-12-28,110.4000015258789,104.28898620605469,3206100
2023-12-29,110.06999969482422,103.97725677490234,3550200
2024-01-02,109.8499984741211,103.76941680908203,5058600
2024-01-03,109.5199966430664,103.45768737792969,4239600
2024-01-04,110.9800033569336,104.83687591552734,5296100
2024-01-05,110.80000305175781,104.66683197021484,4127700
2024-01-08,112.4000015258789,106.17826080322266,5030400
2024-01-09,112.7300033569336,106.48999786376953,3802100
2024-01-10,114.4000015258789,108.06757354736328,4672100
2024-01-11,113.5,107.73533630371094,5163900
2024-01-12,113.91999816894531,108.13401794433594,3884800
2024-01-16,113.76000213623047,107.98214721679688,5876000
2024-01-17,113.93000030517578,108.14350128173828,4672000
2024-01-18,114.0199966430664,108.22893524169922,5098000
2024-01-19,114.69000244140625,108.86489868164062,6843100
2024-01-22,114.19000244140625,108.39029693603516,5062500
2024-01-23,114.0,108.20994567871094,5037300
2024-01-24,110.7699966430664,105.14398193359375,8710800
2024-01-25,112.44999694824219,106.73866271972656,5648600
2024-01-26,112.01000213623047,106.32102966308594,5176600
2024-01-29,113.44999694824219,107.6878890991211,6480600
2024-01-30,113.4800033569336,107.71637725830078,4768400
2024-01-31,113.1500015258789,107.40311431884766,8325200
2024-02-01,114.48999786376953,108.675048828125,4520300
2024-02-02,112.11000061035156,106.41593933105469,7575700
2024-02-05,111.6500015258789,105.97930145263672,5670000
2024-02-06,114.0,108.20994567871094,4734600
2024-02-07,113.30999755859375,107.55499267578125,4757500
2024-02-08,112.43000030517578,106.7197036743164,6980500
2024-02-09,111.80999755859375,106.13117218017578,5947500
2024-02-12,112.52999877929688,106.81461334228516,4232100
2024-02-13,111.33999633789062,105.68504333496094,4263400
2024-02-14,112.05999755859375,106.36848449707031,3991100
2024-02-15,113.63999938964844,107.86822509765625,5450700
2024-02-16,114.01000213623047,108.21943664550781,7161100
2024-02-20,116.63999938964844,110.71585845947266,9601100
2024-02-21,117.87000274658203,111.88338470458984,6144600
2024-02-22,119.0199966430664,112.97498321533203,4916100
2024-02-23,119.45999908447266,113.39263153076172,4261300
2024-02-26,118.69000244140625,112.6617431640625,3483100
2024-02-27,119.4000015258789,113.335693359375,3203300
2024-02-28,120.05000305175781,113.95266723632812,3383800
2024-02-29,118.63999938964844,112.61427307128906,6135200
2024-03-01,118.62000274658203,112.59530639648438,3899400
2024-03-04,120.04000091552734,113.94316101074219,3164000
2024-03-05,118.4800033569336,112.46241760253906,3502300
2024-03-06,119.33999633789062,113.27872467041016,3388700
2024-03-07,120.91999816894531,114.7784652709961,4200800
2024-03-08,120.95999908447266,114.81645202636719,3357400
2024-03-11,120.19000244140625,114.08555603027344,3886000
2024-03-12,120.76000213623047,114.62661743164062,3079700
2024-03-13,120.16000366210938,114.05708312988281,3421700
2024-03-14,118.8499984741211,112.81362915039062,4952200
2024-03-15,115.48999786376953,109.624267578125,22415700
2024-03-18,112.44000244140625,106.72917175292969,12991000
2024-03-19,113.16000366210938,107.41260528564453,8299200
2024-03-20,111.5,105.83692169189453,8317300
2024-03-21,111.51000213623047,105.84640502929688,9722700
2024-03-22,110.56999969482422,104.95414733886719,5387700
2024-03-25,110.01000213623047,104.422607421875,6622400
2024-03-26,111.5,105.83692169189453,7770600
2024-03-27,113.4800033569336,107.71637725830078,7533400
2024-03-28,113.66000366210938,107.88722229003906,5278000
2024-04-01,112.08999633789062,106.39696502685547,3964000
2024-04-02,112.0199966430664,106.33050537109375,4560700
2024-04-03,111.27999877929688,105.62808990478516,4409900
2024-04-04,110.11000061035156,104.51752471923828,4799700
2024-04-05,111.19999694824219,105.55216979980469,5591200
2024-04-08,110.5199966430664,104.90670013427734,5810500
2024-04-09,112.44000244140625,106.72917175292969,4235700
2024-04-10,111.16999816894531,105.523681640625,3965500
2024-04-11,111.44999694824219,105.7894515991211,4321500
2024-04-12,109.11000061035156,104.08194732666016,4041500
2024-04-15,108.88999938964844,103.87207794189453,4595600
2024-04-16,109.20999908447266,104.1773452758789,7283900
2024-04-17,105.9000015258789,101.01988220214844,12002900
2024-04-18,105.2699966430664,100.41889953613281,7306400
2024-04-19,107.27999877929688,102.33628845214844,10533600
2024-04-22,107.06999969482422,102.13595581054688,4948300
2024-04-23,107.58999633789062,102.63199615478516,3849600
2024-04-24,106.88999938964844,101.96424865722656,5052700
2024-04-25,106.86000061035156,101.9356460571289,3112300
2024-04-26,107.52999877929688,102.57476043701172,3575600
2024-04-29,107.2699966430664,102.32673645019531,3305100
2024-04-30,105.97000122070312,101.086669921875,5074000
2024-05-01,106.29000091552734,101.39189910888672,4096800
2024-05-02,105.91999816894531,101.03895568847656,3708500
2024-05-03,105.9000015258789,101.01988220214844,3610300
2024-05-06,105.63999938964844,100.77185821533203,3789500
2024-05-07,106.16999816894531,101.2774429321289,6556400
2024-05-08,104.94000244140625,100.10411834716797,6234700
2024-05-09,104.66999816894531,99.84654998779297,5902000
2024-05-10,104.73999786376953,99.91332244873047,7349600
2024-05-13,104.7699966430664,99.94194793701172,5459200
2024-05-14,104.01000213623047,99.21697998046875,7035100
2024-05-15,104.58999633789062,99.7702407836914,5443200
2024-05-16,104.87000274658203,100.03733825683594,8708300
2024-05-17,104.08999633789062,99.29328918457031,7004600
2024-05-20,103.20999908447266,98.45384216308594,7165900
2024-05-21,102.95999908447266,98.2153549194336,4391600
2024-05-22,104.81999969482422,99.9896469116211,5933400
2024-05-23,104.2300033569336,99.42684173583984,5862200
2024-05-24,103.94999694824219,99.15972900390625,4455600
2024-05-28,101.94999694824219,97.25189971923828,4771100
2024-05-29,100.7300033569336,96.08811950683594,4960900
2024-05-30,101.73999786376953,97.05158233642578,5124000
2024-05-31,102.19000244140625,97.4808578491211,7915700
2024-06-03,102.87000274658203,98.12950897216797,4915100
2024-06-04,103.43000030517578,98.66368865966797,3880400
2024-06-05,103.2300033569336,98.47291564941406,3302300
2024-06-06,104.2699966430664,99.4649887084961,9835500
2024-06-07,107.58000183105469,102.6224594116211,8666600
2024-06-10,107.48999786376953,102.5365982055664,8555900
2024-06-11,105.80999755859375,100.93402099609375,7536000
2024-06-12,104.37999725341797,99.56991577148438,4569000
2024-06-13,103.44999694824219,98.68277740478516,4719500
2024-06-14,103.68000030517578,98.90218353271484,3683100
2024-06-17,103.44999694824219,98.68277740478516,3936200
2024-06-18,103.98999786376953,99.19789123535156,4501000
2024-06-20,106.56999969482422,101.65900421142578,9154900
2024-06-21,105.72000122070312,100.84818267822266,10324700
2024-06-24,105.30000305175781,100.4475326538086,5201300
2024-06-25,105.48999786376953,100.62876892089844,4637400
2024-06-26,104.87999725341797,100.04686737060547,5406600
2024-06-27,104.6500015258789,99.82746887207031,4137600
2024-06-28,103.91000366210938,99.12158203125,8283600
2024-07-01,103.19999694824219,98.44429016113281,4588900
2024-07-02,103.19999694824219,98.44429016113281,3650500
2024-07-03,102.33000183105469,97.61439514160156,2017800
2024-07-05,104.0199966430664,99.22650909423828,6582700
2024-07-08,102.12000274658203,97.4140625,4542000
2024-07-09,101.63999938964844,96.9561767578125,6268500
2024-07-10,103.05000305175781,98.30121612548828,6598900
2024-07-11,104.18000030517578,99.37913513183594,5025300
2024-07-12,104.22000122070312,99.41729736328125,4277600
2024-07-15,102.95999908447266,98.73641204833984,4970800
2024-07-16,102.72000122070312,98.50626373291016,7656900
2024-07-17,104.68000030517578,100.38587188720703,13438300
2024-07-18,100.06999969482422,95.96495819091797,13078800
2024-07-19,102.02999877929688,97.84456634521484,11963600
2024-07-22,103.72000122070312,99.46524810791016,7880300
2024-07-23,103.91999816894531,99.65703582763672,5894500
2024-07-24,107.26000213623047,102.86002349853516,8680900
2024-07-25,105.95999908447266,101.61334991455078,6356600
2024-07-26,105.23999786376953,100.92288970947266,8611600
2024-07-29,104.7699966430664,100.47216033935547,19452700
2024-07-30,105.31999969482422,100.99960327148438,9126300
2024-07-31,105.94000244140625,101.59417724609375,8238400
2024-08-01,110.1500015258789,105.63147735595703,9069200
2024-08-02,111.30999755859375,106.74388885498047,9885700
2024-08-05,108.62999725341797,104.17382049560547,7121400
2024-08-06,109.5,105.00814056396484,5634800
2024-08-07,109.94000244140625,105.43009948730469,6365100
2024-08-08,109.76000213623047,105.25747680664062,5476600
2024-08-09,108.70999908447266,104.25054168701172,5435000
2024-08-12,107.80000305175781,103.37787628173828,4795900
2024-08-13,108.23999786376953,103.79981231689453,4920400
2024-08-14,109.88999938964844,105.38214111328125,5822900
2024-08-15,110.94000244140625,106.3890609741211,7458500
2024-08-16,111.0,106.44660949707031,4643300
2024-08-19,111.9000015258789,107.30968475341797,3495800
2024-08-20,110.7699966430664,106.22602844238281,5822400
2024-08-21,111.38999938964844,106.82060241699219,4081400
2024-08-22,112.0999984741211,107.50148010253906,3690400
2024-08-23,112.69000244140625,108.0672836303711,4511600
2024-08-26,112.69999694824219,108.07686614990234,3212700
2024-08-27,113.0999984741211,108.46045684814453,2705300
2024-08-28,112.9000015258789,108.26866912841797,3836700
2024-08-29,112.76000213623047,108.13440704345703,3375800
2024-08-30,113.2699966430664,108.62348937988281,4320100
2024-09-03,114.66000366210938,109.95647430419922,4436900
2024-09-04,114.4000015258789,109.70712280273438,3659200
2024-09-05,113.0999984741211,108.46045684814453,2928000
2024-09-06,113.86000061035156,109.18929290771484,3802200
2024-09-09,116.43000030517578,111.65386962890625,5101000
2024-09-10,117.11000061035156,112.30596160888672,4963700
2024-09-11,116.5999984741211,111.81687927246094,6535600
2024-09-12,116.83000183105469,112.0374526977539,4349300
2024-09-13,116.4000015258789,111.62509155273438,3350100
2024-09-16,117.62999725341797,112.80462646484375,3637100
2024-09-17,118.12999725341797,113.28411865234375,4982500
2024-09-18,114.87999725341797,110.16744232177734,5990200
2024-09-19,114.1500015258789,109.46737670898438,8144100
2024-09-20,113.69999694824219,109.03584289550781,8403400
2024-09-23,114.80999755859375,110.10029602050781,5005200
2024-09-24,113.33999633789062,108.69061279296875,5029800
2024-09-25,112.61000061035156,107.99057006835938,5159100
2024-09-26,112.7300033569336,108.10563659667969,3508700
2024-09-27,112.43000030517578,107.81794738769531,3566400
2024-09-30,114.01000213623047,109.33313751220703,5035600
2024-10-01,113.55999755859375,108.9015884399414,4264000
2024-10-02,113.63999938964844,108.97830200195312,3454000
2024-10-03,112.2300033569336,107.62615203857422,3472100
2024-10-04,112.63999938964844,108.01933288574219,4366300
2024-10-07,113.36000061035156,108.70980072021484,6912900
2024-10-08,114.62999725341797,109.92769622802734,4341500
2024-10-09,115.94999694824219,111.19354248046875,4256900
2024-10-10,115.62000274658203,110.87708282470703,4068300
2024-10-11,116.12000274658203,111.35658264160156,3471300
2024-10-14,117.25,112.44022369384766,3674100
2024-10-15,116.05000305175781,111.8139419555664,6544900
2024-10-16,117.81999969482422,113.51933288574219,7356200
2024-10-17,117.88999938964844,113.58678436279297,5046900
2024-10-18,119.38999938964844,115.03202819824219,6741800
2024-10-21,116.98999786376953,112.71963500976562,8303300
2024-10-22,116.12000274658203,111.88139343261719,5360000
2024-10-23,117.01000213623047,112.73889923095703,3655600
2024-10-24,116.54000091552734,112.28606414794922,3768000
2024-10-25,114.22000122070312,110.05075073242188,5989600
2024-10-28,114.06999969482422,109.90621185302734,4104700
2024-10-29,113.4000015258789,109.26068878173828,4543600
2024-10-30,114.44999694824219,110.27234649658203,5188000
2024-10-31,113.37000274658203,109.23178100585938,5323200
2024-11-01,118.5999984741211,114.27085876464844,10149300
2024-11-04,117.6500015258789,113.35554504394531,5604000
2024-11-05,117.7300033569336,113.43262481689453,4059200
2024-11-06,116.80000305175781,112.53657531738281,5256100
2024-11-07,115.30000305175781,111.09132385253906,5519000
2024-11-08,116.58999633789062,112.33423614501953,5685700
2024-11-11,116.80000305175781,112.53657531738281,5301100
2024-11-12,116.44000244140625,112.18971252441406,4598900
2024-11-13,115.73999786376953,111.5152587890625,4760800
2024-11-14,115.02999877929688,110.83116912841797,3812300
2024-11-15,115.9000015258789,111.66941833496094,6898600
2024-11-18,117.36000061035156,113.07612609863281,6086500
2024-11-19,117.12999725341797,112.8545150756836,4542800
2024-11-20,115.93000030517578,111.69832611083984,5624400
2024-11-21,117.26000213623047,112.97977447509766,5561900
2024-11-22,117.76000213623047,113.4615249633789,5349500
2024-11-25,118.12999725341797,113.81802368164062,6879000
2024-11-26,117.95999908447266,113.65422821044922,4056800
2024-11-27,118.94999694824219,114.60808563232422,3510300
2024-11-29,118.7699966430664,114.43465423583984,2523200
2024-12-02,116.80999755859375,112.54621124267578,5338900
2024-12-03,116.29000091552734,112.0451889038086,4794900
2024-12-04,115.97000122070312,111.73686981201172,3557100
2024-12-05,115.58999633789062,111.37073516845703,3269800
2024-12-06,115.5999984741211,111.38037109375,5300300
2024-12-09,114.9000015258789,110.7059326171875,4868000
2024-12-10,115.5,111.28401947021484,4072100
2024-12-11,114.13999938964844,109.9736557006836,4747700
2024-12-12,113.86000061035156,109.7038803100586,3764700
2024-12-13,113.37999725341797,109.24140167236328,4550500
2024-12-16,112.62000274658203,108.5091552734375,5047200
2024-12-17,113.29000091552734,109.15469360351562,5805600
2024-12-18,111.93000030517578,107.84434509277344,6454600
2024-12-19,112.41999816894531,108.31645202636719,7738700
2024-12-20,114.2300033569336,110.06038665771484,12311900
2024-12-23,114.30999755859375,110.137451171875,4028200
2024-12-24,114.76000213623047,110.571044921875,1480000
2024-12-26,115.2699966430664,111.06241607666016,2960500
2024-12-27,114.98999786376953,110.79263305664062,2829500
2024-12-30,112.80000305175781,108.68257904052734,3475800
2024-12-31,113.11000061035156,108.98126220703125,3519900
2025-01-02,113.44000244140625,109.29920959472656,3569100
2025-01-03,113.83000183105469,109.67498779296875,4416700
2025-01-06,113.04000091552734,108.913818359375,6037200
2025-01-07,113.4000015258789,109.26068878173828,5300100
2025-01-08,114.25,110.07965087890625,4455800
2025-01-10,112.30999755859375,108.21046447753906,5108700
2025-01-13,113.19000244140625,109.05833435058594,4409700
2025-01-14,113.0199966430664,108.8945541381836,3972400
2025-01-15,111.0999984741211,107.60636901855469,6543700
2025-01-16,113.91000366210938,110.32801055908203,5598700
2025-01-17,113.4800033569336,109.9115219116211,6459800
2025-01-21,116.79000091552734,113.11744689941406,8486300
2025-01-22,117.77999877929688,114.07630157470703,13200700
2025-01-23,123.22000122070312,119.3452377319336,13089400
2025-01-24,125.02999877929688,121.09832763671875,9960200
2025-01-27,129.42999267578125,125.3599624633789,11845100
2025-01-28,127.38999938964844,123.38410949707031,11948500
2025-01-29,127.86000061035156,123.8393325805664,7609800
2025-01-30,128.80999755859375,124.75946044921875,6340400
2025-01-31,127.93000030517578,123.90713500976562,7129400
2025-02-03,128.4499969482422,124.41078186035156,5720600
2025-02-04,129.10000610351562,125.04034423828125,6957400
2025-02-05,132.05999755859375,127.90727233886719,8680100
2025-02-06,128.22000122070312,124.18801879882812,6469200
2025-02-07,129.07000732421875,125.01129150390625,6455200
2025-02-10,131.30999755859375,127.18083953857422,5503600
2025-02-11,131.44000244140625,127.30677032470703,5314100
2025-02-12,130.49000549316406,126.38663482666016,4703700
2025-02-13,131.7899932861328,127.645751953125,4168400
2025-02-14,130.61000061035156,126.50287628173828,3733900
2025-02-18,130.17999267578125,126.08637237548828,5116200
2025-02-19,132.1300048828125,127.9750747680664,3806800
2025-02-20,133.1699981689453,128.9823455810547,5046900
2025-02-21,134.9199981689453,130.67733764648438,7160100
2025-02-24,134.9499969482422,130.7063751220703,5947200
2025-02-25,135.82000732421875,131.54904174804688,6385700
2025-02-26,135.9600067138672,131.6846160888672,5388000
2025-02-27,135.8699951171875,131.59744262695312,4890700
2025-02-28,138.00999450683594,133.670166015625,8756100
2025-03-03,140.22000122070312,135.8106689453125,7589800
2025-03-04,137.5800018310547,133.25367736816406,8356300
2025-03-05,137.7100067138672,133.3795928955078,8156700
2025-03-06,135.0800018310547,130.83230590820312,9184200
2025-03-07,137.13999938964844,132.8275146484375,8254800
2025-03-10,137.36000061035156,133.04058837890625,7028000
2025-03-11,132.66000366210938,128.48838806152344,9313500
2025-03-12,130.27999877929688,126.18323516845703,6771000
2025-03-13,129.88999938964844,125.80548858642578,9012900
2025-03-14,126.70999908447266,122.72550964355469,9537900
2025-03-17,127.63999938964844,123.62625122070312,6662800
2025-03-18,126.30000305175781,122.3283920288086,7959600
2025-03-19,127.41999816894531,123.41316986083984,5098500
2025-03-20,126.77999877929688,122.79329681396484,5158500
2025-03-21,126.33999633789062,122.36713409423828,8857100
2025-03-24,127.20999908447266,123.20977783203125,5283000
2025-03-25,125.5999984741211,121.65038299560547,6726800
2025-03-26,126.61000061035156,122.6286392211914,6053700
2025-03-27,131.35000610351562,127.21959686279297,8441400
2025-03-28,130.82000732421875,126.70625305175781,6708300
2025-03-31,132.64999389648438,128.4786834716797,9669600
2025-04-01,131.69000244140625,127.54890441894531,4228800
2025-04-02,131.92999267578125,127.78135681152344,4236200
2025-04-03,131.6300048828125,127.49079132080078,6239200
2025-04-04,124.44000244140625,120.5268783569336,10776900
2025-04-07,124.86000061035156,120.93367767333984,10371300
2025-04-08,123.94999694824219,120.05229187011719,9880100
2025-04-09,127.04000091552734,123.04512023925781,10179200
2025-04-10,124.5,120.58499145507812,11089400
2025-04-11,126.87999725341797,122.89015197753906,7357000
2025-04-14,127.95999908447266,123.93618774414062,6988500
2025-04-15,126.22000122070312,122.81719970703125,8639400
2025-04-16,129.6999969482422,126.20337677001953,13483200
2025-04-17,130.97999572753906,127.4488754272461,10474500
2025-04-21,129.88999938964844,126.38825988769531,6046700
2025-04-22,131.72999572753906,128.17861938476562,5837100
2025-04-23,129.83999633789062,126.33960723876953,8777100
2025-04-24,129.3800048828125,125.89200592041016,6595500
2025-04-25,128.85000610351562,125.37629699707031,4849100
2025-04-28,129.52999877929688,126.03794860839844,3843300
2025-04-29,130.5,126.98181915283203,4315300
2025-04-30,130.75,127.22506713867188,8510500
2025-05-01,130.8800048828125,127.3515625,6769100
2025-05-02,132.82000732421875,129.2392578125,9801400
2025-05-05,132.60000610351562,129.0252227783203,5752000
2025-05-06,133.05999755859375,129.4727783203125,6290500
2025-05-07,133.9499969482422,130.33880615234375,4924900
2025-05-08,134.0,130.38746643066406,5994500
2025-05-09,133.24000549316406,129.64793395996094,4976100
2025-05-12,131.99000549316406,128.43165588378906,5958300
2025-05-13,129.0500030517578,125.5708999633789,6344700
2025-05-14,128.55999755859375,125.09410095214844,5266900
2025-05-15,133.35000610351562,129.75497436523438,8406400
2025-05-16,134.8000030517578,131.1658935546875,7128700
2025-05-19,135.5500030517578,131.89566040039062,8012800
2025-05-20,135.1999969482422,131.5550994873047,6455300
2025-05-21,133.0500030517578,129.46307373046875,7209100
2025-05-22,131.5,127.9548568725586,6277100
2025-05-23,131.3000030517578,127.76023864746094,6145000
2025-05-27,132.94000244140625,129.3560333251953,5591000
2025-05-28,132.02000427246094,128.46083068847656,3622100
2025-05-29,132.85000610351562,129.26846313476562,3078200
2025-05-30,133.5800018310547,129.97879028320312,14236800
2025-06-02,133.57000732421875,129.96905517578125,4464000
2025-06-03,133.7100067138672,130.10525512695312,5914900
2025-06-04,132.9600067138672,129.37548828125,4057000
2025-06-05,133.94000244140625,130.32908630371094,5581500
2025-06-06,133.5800018310547,129.97879028320312,3867700
2025-06-09,133.39999389648438,129.80361938476562,6630100
2025-06-10,134.1300048828125,130.51394653320312,3579400
2025-06-11,135.27999877929688,131.63294982910156,4100500
2025-06-12,136.4499969482422,132.7714080810547,5089100
2025-06-13,135.6199951171875,131.96376037597656,3928900
2025-06-16,134.00999450683594,130.39718627929688,5084100
2025-06-17,132.27999877929688,128.71380615234375,5010800
2025-06-18,132.41000366210938,128.84033203125,4950400
2025-06-20,132.99000549316406,129.40469360351562,11338200
2025-06-23,133.25999450683594,129.66738891601562,4887200
2025-06-24,138.0800018310547,134.35745239257812,9894700
2025-06-25,137.39999389648438,133.69578552246094,5507500
2025-06-26,133.6699981689453,130.06634521484375,9452900
2025-06-27,134.3800048828125,130.7572021484375,9513500
2025-06-30,136.00999450683594,132.34324645996094,5749700
2025-07-01,136.25999450683594,132.58651733398438,5337600
2025-07-02,134.11000061035156,130.49449157714844,4319600
2025-07-03,134.44000244140625,130.81561279296875,3114300
2025-07-07,133.6999969482422,130.0955352783203,8927400
2025-07-08,133.36000061035156,129.76470947265625,4782600
2025-07-09,133.22000122070312,129.62847900390625,4613700
2025-07-10,133.60000610351562,129.9982452392578,4857100
2025-07-11,132.02000427246094,128.46083068847656,4661200
2025-07-14,132.02999877929688,128.47056579589844,4881700
2025-07-15,131.49000549316406,128.5194549560547,5084800
2025-07-16,131.74000549316406,128.76380920410156,9893000
2025-07-17,120.51000213623047,117.78748321533203,27560600
2025-07-18,123.66999816894531,120.8760986328125,19571900
2025-07-21,124.41999816894531,121.6091537475586,10308000
2025-07-22,125.7300033569336,122.88956451416016,7098400
2025-07-23,125.83000183105469,122.98729705810547,6439600
2025-07-24,125.63999938964844,122.80159759521484,4708000
2025-07-25,126.54000091552734,123.68125915527344,4741200
2025-07-28,126.3499984741211,123.49555206298828,8168400
2025-07-29,128.00999450683594,125.1180419921875,5834100
2025-07-30,128.5500030517578,125.6458511352539,5359700
2025-07-31,126.19000244140625,123.33917236328125,6722600
2025-08-01,127.29000091552734,124.41431427001953,5453300
2025-08-04,129.92999267578125,126.99466705322266,5671400
2025-08-05,130.69000244140625,127.73751068115234,5355400
2025-08-06,130.92999267578125,127.97208404541016,5170100
2025-08-07,132.05999755859375,129.0765380859375,4690600
2025-08-08,134.27999877929688,131.2464141845703,4985400
2025-08-11,131.36000061035156,128.39236450195312,7125600
2025-08-12,131.02000427246094,128.06004333496094,5657500
2025-08-13,129.39999389648438,126.47664642333984,6723700
2025-08-14,129.27999877929688,126.35935974121094,9688300
2025-08-15,131.75,128.77357482910156,6784500
2025-08-18,130.27000427246094,127.3270034790039,3831400
2025-08-19,131.25,128.2848663330078,4845700
2025-08-20,132.44000244140625,129.44798278808594,3639800
2025-08-21,132.0,129.01791381835938,3980000
2025-08-22,132.58999633789062,129.59457397460938,4130200
2025-08-25,131.8699951171875,128.89083862304688,4705800
2025-08-26,131.58999633789062,128.61715698242188,6076500
2025-08-27,131.4600067138672,128.49012756347656,4759200
2025-08-28,131.3699951171875,128.40213012695312,4674700
2025-08-29,132.66000366210938,129.6630096435547,4430700
2025-09-02,131.4600067138672,128.49012756347656,5779200
2025-09-03,132.17999267578125,129.19384765625,4806500
2025-09-04,132.80999755859375,129.8096160888672,5073800
2025-09-05,132.94000244140625,129.93667602539062,3286900
2025-09-08,132.1999969482422,129.21339416503906,5070200
2025-09-09,131.9499969482422,128.9690399169922,4641400
2025-09-10,129.36000061035156,126.43754577636719,7397200
2025-09-11,132.64999389648438,129.65321350097656,5578300
2025-09-12,133.72999572753906,130.7088165283203,5700300
2025-09-15,131.3300018310547,128.36305236816406,4057700
2025-09-16,132.75999450683594,129.7607421875,5401600
2025-09-17,134.1699981689453,131.13888549804688,5113300
2025-09-18,134.57000732421875,131.5298614501953,5891700
2025-09-19,136.0399932861328,132.96664428710938,11547400
2025-09-22,136.6199951171875,133.53353881835938,4837000
2025-09-23,135.88999938964844,132.82003784179688,5136400
2025-09-24,133.88999938964844,130.86520385742188,3932400
2025-09-25,133.30999755859375,130.29830932617188,4963400
2025-09-26,133.5500030517578,130.53289794921875,4182100
2025-09-29,133.11000061035156,130.1028289794922,4351900
2025-09-30,133.94000244140625,130.91409301757812,7538300
2025-10-01,133.47000122070312,130.45469665527344,10613900
2025-10-02,132.99000549316406,129.9855499267578,5916700
2025-10-03,134.58999633789062,131.54940795898438,5362200
2025-10-06,133.74000549316406,130.71859741210938,6745900
2025-10-07,133.02000427246094,130.01487731933594,4816100
2025-10-08,134.27000427246094,131.2366485595703,6654800
2025-10-09,133.30999755859375,130.29830932617188,3237600
2025-10-10,132.57000732421875,129.57501220703125,5654100
2025-10-13,131.3800048828125,128.41192626953125,4008100
2025-10-14,133.27000427246094,130.2592315673828,8147900
2025-10-15,129.4499969482422,127.08815002441406,14906400
2025-10-16,127.62999725341797,125.30134582519531,9768100
2025-10-17,128.5399932861328,126.19474792480469,6806800
2025-10-20,129.50999450683594,127.14705657958984,5810000
2025-10-21,127.54000091552734,125.21299743652344,4934700
2025-10-22,127.94999694824219,125.61550903320312,6186800
2025-10-23,126.33999633789062,124.0348892211914,6700600
2025-10-24,126.8499984741211,124.53558349609375,5071100
2025-10-27,127.18000030517578,124.85956573486328,6254200
2025-10-28,126.61000061035156,124.29996490478516,4763000
2025-10-29,124.43000030517578,122.15973663330078,5182000
2025-10-30,124.66999816894531,122.3953628540039,4877400
2025-10-31,123.62000274658203,121.3645248413086,7044900
2025-11-03,123.83999633789062,121.58049774169922,5833000
2025-11-04,125.80000305175781,123.50474548339844,5607700
2025-11-05,124.54000091552734,122.26773834228516,4597100
2025-11-06,124.94999694824219,122.67024230957031,4714700
2025-11-07,126.36000061035156,124.05451965332031,5458500
2025-11-10,125.88999938964844,123.59310913085938,4251600
2025-11-11,127.0,124.68284606933594,5293900
2025-11-12,128.82000732421875,126.46965026855469,4979700
2025-11-13,129.25999450683594,126.901611328125,5182400
2025-11-14,130.58999633789062,128.2073516845703,6998900
2025-11-17,130.02999877929688,127.65756225585938,5816600
2025-11-18,130.0,127.62811279296875,6775000
2025-11-19,126.1500015258789,123.84835815429688,10296100
2025-11-20,123.97000122070312,121.70813751220703,11654000
2025-11-21,128.11000061035156,125.77259826660156,9401000
2025-11-24,127.19000244140625,124.869384765625,14041300
2025-11-25,128.0500030517578,125.71369934082031,8035500
2025-11-26,128.5399932861328,126.19474792480469,5473800
2025-11-28,128.89999389648438,126.54817962646484,2572400
2025-12-01,128.00999450683594,125.67442321777344,5766900
2025-12-02,126.31999969482422,124.01525115966797,5479700
2025-12-03,125.29000091552734,123.0040512084961,4918800
2025-12-04,125.4000015258789,123.1120376586914,5226900
2025-12-05,125.08000183105469,122.79788208007812,4361100
2025-12-08,122.08999633789062,119.86243438720703,6391900
2025-12-09,121.25,119.03776550292969,5229100
2025-12-10,122.55000305175781,120.31404876708984,6716200
2025-12-11,123.27999877929688,121.03071594238281,5390000
2025-12-12,125.45999908447266,123.17095184326172,4765300
2025-12-15,128.47000122070312,126.12602996826172,7716000
2025-12-16,126.86000061035156,124.54540252685547,5764200
2025-12-17,126.70999908447266,124.39813232421875,8048900
2025-12-18,125.12000274658203,122.837158203125,5891700
2025-12-19,125.44999694824219,123.16112518310547,14795700
2025-12-22,125.19999694824219,122.91568756103516,5058000
2025-12-23,124.54000091552734,122.26773834228516,7534900
2025-12-24,124.80999755859375,122.53280639648438,1632200
2025-12-26,124.83999633789062,122.562255859375,2120700
2025-12-29,124.56999969482422,122.29718780517578,4468700
2025-12-30,125.77999877929688,123.485107421875,5271100
2025-12-31,125.29000091552734,123.0040512084961,3157100
2026-01-02,124.19000244140625,121.92412567138672,5014200
2026-01-05,126.44999694824219,124.14288330078125,6548500
2026-01-06,127.77999877929688,125.44861602783203,8327500
2026-01-07,127.04000091552734,124.72212219238281,6632300
2026-01-08,126.18000030517578,123.8778076171875,4344600
2026-01-09,125.91999816894531,123.62255096435547,4317600
2026-01-12,124.63999938964844,122.36590576171875,5524300
2026-01-13,124.30000305175781,122.03211212158203,5169800
2026-01-14,125.0,122.71934509277344,7187800
2026-01-15,123.52999877929688,121.89048767089844,7079500
2026-01-16,121.76000213623047,120.14398193359375,10418200
2026-01-20,121.13999938964844,119.53221130371094,12634000
2026-01-21,120.7300033569336,119.12765502929688,12557300
2026-01-22,108.61000061035156,107.16850280761719,37099400
2026-01-23,107.41999816894531,105.99430084228516,21813100
2026-01-26,108.7699966430664,107.32638549804688,19094200
2026-01-27,108.2699966430664,106.83301544189453,16594500
2026-01-28,106.05000305175781,104.64249420166016,15120500
2026-01-29,106.08999633789062,104.68194580078125,15687900
2026-01-30,109.30000305175781,107.84935760498047,17531400
2026-02-02,109.41000366210938,107.95789337158203,11447200
2026-02-03,109.0199966430664,107.57306671142578,14645400
2026-02-04,108.19999694824219,106.76394653320312,13163500
2026-02-05,109.08000183105469,107.63227081298828,13555100
2026-02-06,110.83000183105469,109.35904693603516,9919600
2026-02-09,111.06999969482422,109.59585571289062,11719900
2026-02-10,112.27999877929688,110.78980255126953,10513000
2026-02-11,113.58999633789062,112.08241271972656,9306500
2026-02-12,111.47000122070312,109.99055480957031,11541000
2026-02-13,112.68000030517578,111.18448638916016,7696700
2026-02-17,112.26000213623047,110.77006530761719,6568900
2026-02-18,113.29000091552734,111.78639221191406,7824400
2026-02-19,112.19000244140625,110.70099639892578,6988400
2026-02-20,112.20999908447266,110.72073364257812,7099000
2026-02-23,115.29000091552734,113.75984954833984,9144500
2026-02-24,114.58000183105469,113.05928039550781,9017200
2026-02-25,114.76000213623047,113.23688507080078,6529600
2026-02-26,116.26000213623047,114.71697235107422,7855600
2026-02-27,116.3499984741211,114.80577850341797,13233300
2026-03-02,114.12000274658203,112.60538482666016,7700200
2026-03-03,113.61000061035156,112.1021499633789,6708000
2026-03-04,113.0999984741211,111.59891510009766,4613500
2026-03-05,111.04000091552734,109.5662612915039,8008900
2026-03-06,109.55999755859375,108.10590362548828,11100400
2026-03-09,112.6500015258789,111.15489196777344,13560800
2026-03-10,110.55000305175781,109.082763671875,8746100
2026-03-11,110.25,108.7867431640625,8002200
2026-03-12,108.13999938964844,106.70475006103516,10839800
2026-03-13,108.02999877929688,106.59620666503906,8828900
2026-03-16,109.94999694824219,108.49071502685547,7442200
2026-03-17,110.70999908447266,109.24063873291016,9452200
2026-03-18,108.48999786376953,107.05010223388672,8241400
2026-03-19,107.19000244140625,105.7673568725586,10466000
2026-03-20,105.45999908447266,104.06031036376953,81271300
2026-03-23,104.8499984741211,103.45840454101562,8227800
2026-03-24,104.05999755859375,102.67889404296875,11794300
2026-03-25,104.83000183105469,103.43868255615234,6377000
2026-03-26,104.56999969482422,103.18212127685547,6212300
2026-03-27,103.98999786376953,102.60982513427734,10915000
2026-03-30,101.87999725341797,100.52782440185547,10476700
2026-03-31,102.66999816894531,101.30734252929688,12442100
2026-04-01,102.37999725341797,101.02118682861328,7452500
2026-04-02,102.87000274658203,101.50469207763672,5453400
2026-04-06,102.30000305175781,100.94225311279297,7125800
2026-04-07,101.83000183105469,100.47850036621094,13311000
2026-04-08,103.55999755859375,102.18553161621094,9379300
2026-04-09,102.72000122070312,101.356689453125,6198700
2026-04-10,100.30000305175781,98.96880340576172,11944800
2026-04-13,100.69000244140625,99.35363006591797,11199500
2026-04-14,101.05000305175781,99.70885467529297,11689900
2026-04-15,101.55999755859375,100.84076690673828,12657200
2026-04-16,95.47000122070312,94.79389953613281,27791200
2026-04-17,96.80999755859375,96.12440490722656,17559900
2026-04-20,96.0,95.32014465332031,9412700
2026-04-21,92.72000122070312,92.0633773803711,17164300
2026-04-22,91.69999694824219,91.05059814453125,11984000
2026-04-23,92.4800033569336,91.82508087158203,13008000
2026-04-24,91.12999725341797,90.48463439941406,12802000
2026-04-27,92.80000305175781,92.14281463623047,15203900
2026-04-28,93.86000061035156,93.19530487060547,11550800
2026-04-29,91.33000183105469,90.68321990966797,9010500
2026-04-30,90.79000091552734,90.14704132080078,19655500
2026-05-01,89.45999908447266,88.82646179199219,12860900
2026-05-04,87.54000091552734,86.92005920410156,14722500
2026-05-05,87.16999816894531,86.55267333984375,17193400
2026-05-06,86.30000305175781,85.6888427734375,12456300
2026-05-07,87.01000213623047,86.39381408691406,13272900
2026-05-08,84.31999969482422,83.72286224365234,10913500
2026-05-11,82.55999755859375,81.97532653808594,16460500
2026-05-12,84.3499984741211,83.75264739990234,16392500
2026-05-13,83.83000183105469,83.23633575439453,11826700
2026-05-14,84.9000015258789,84.29875946044922,11018400
2026-05-15,84.47000122070312,83.8718032836914,13208600
2026-05-18,87.91000366210938,87.28744506835938,12347000
2026-05-19,88.81999969482422,88.19099426269531,11693500
2026-05-20,88.37999725341797,87.75410461425781,7834400
2026-05-21,87.7699966430664,87.14842987060547,8524200
2026-05-22,87.41000366210938,86.79098510742188,9516400
2026-05-26,86.66999816894531,86.05622100830078,10249200
2026-05-27,85.68000030517578,85.07323455810547,10813900
2026-05-28,86.30000305175781,85.6888427734375,10151700
2026-05-29,85.5999984741211,84.9937973022461,21143600
2026-06-01,87.77999877929688,87.15835571289062,10561100
2026-06-02,86.97000122070312,86.35409545898438,10283600
2026-06-03,86.98999786376953,86.37395477294922,10448100
2026-06-04,90.77999877929688,90.13711547851562,14153200
2026-06-05,91.06999969482422,90.42505645751953,11933700
2026-06-08,90.5,89.85909271240234,13308700
2026-06-09,91.25,90.6037826538086,14109600
2026-06-10,89.16999816894531,88.53851318359375,11853100
2026-06-11,89.6500015258789,89.0151138305664,15088900
2026-06-12,88.18000030517578,87.55552673339844,13758700
2026-06-15,88.66999816894531,88.04205322265625,10950100
2026-06-16,90.62000274658203,89.9782485961914,12740700
2026-06-17,88.5,87.87326049804688,13053000
2026-06-18,88.41000366210938,87.78389739990234,41964800
2026-06-22,87.83000183105469,87.2080078125,11458200
2026-06-23,90.52999877929688,89.88888549804688,12201500
2026-06-24,90.48999786376953,89.84916687011719,13201600
2026-06-25,93.23999786376953,92.5796890258789,16707400
2026-06-26,94.12000274658203,93.45346069335938,16465100
2026-06-29,92.70999908447266,92.0534439086914,10314400
2026-06-30,90.73999786376953,90.09739685058594,10021100
2026-07-01,92.18000030517578,91.5271987915039,13935800
2026-07-02,95.4000015258789,94.72439575195312,10643900
2026-07-06,95.62999725341797,94.95276641845703,15257000
2026-07-07,95.83999633789062,95.1612777709961,10262200
2026-07-08,95.18000030517578,94.50595092773438,10102300
2026-07-09,94.4000015258789,93.73147583007812,8357800
2026-07-10,93.93000030517578,93.26480865478516,6913100
2026-07-13,92.11000061035156,91.45769500732422,11756200
2026-07-14,88.95999908447266,88.33000183105469,12473900
2026-07-15,89.2699966430664,89.2699966430664,16415300
2026-07-16,98.83000183105469,98.83000183105469,32755800
2026-07-17,100.68000030517578,100.68000030517578,19913800
2026-07-20,101.66000366210938,101.66000366210938,14390600
2026-07-21,99.66999816894531,99.66999816894531,11656500
2026-07-22,100.56999969482422,100.56999969482422,10257500
2026-07-23,100.75,100.75,9959500
2026-07-24,103.05999755859375,103.05999755859375,10366700
2026-07-27,104.48999786376953,104.48999786376953,11619300
2026-07-28,107.2699966430664,107.2699966430664,12665500
2026-07-29,108.0,108.0,12157300
2026-07-30,105.61000061035156,105.61000061035156,8149900
2026-07-31,105.69999694824219,105.69999694824219,9610100
2026-08-03,107.12000274658203,107.12000274658203,7409600
2026-08-04,105.45999908447266,105.45999908447266,8157100
2026-08-05,105.70999908447266,105.70999908447266,9313000
2026-08-06,107.95999908447266,107.95999908447266,9801200
2026-08-07,107.80999755859375,107.80999755859375,6606600
2026-08-10,108.62000274658203,108.62000274658203,5603200
2026-08-11,109.72000122070312,109.72000122070312,6744400
2026-08-12,110.91000366210938,110.91000366210938,6613700
2026-08-13,111.2699966430664,111.2699966430664,5523400
2026-08-14,111.25,111.25,5575400
2026-08-17,110.37000274658203,110.37000274658203,11462000
2026-08-18,112.68000030517578,112.68000030517578,9781600
2026-08-19,114.43000030517578,114.43000030517578,7403300
2026-08-20,114.13999938964844,114.13999938964844,5784800
2026-08-21,116.63999938964844,116.63999938964844,9931500
2026-08-24,116.66999816894531,116.66999816894531,5916600
2026-08-25,116.12999725341797,116.12999725341797,7503200
2026-08-26,114.0999984741211,114.0999984741211,6957100
2026-08-27,111.58999633789062,111.58999633789062,8351700
2026-08-28,112.47000122070312,112.47000122070312,7545100
2026-08-31,110.36000061035156,110.36000061035156,10691200
2026-09-01,108.93000030517578,108.93000030517578,7229100
2026-09-02,110.47000122070312,110.47000122070312,8458800
2026-09-03,108.79000091552734,108.79000091552734,5297500
2026-09-04,108.33000183105469,108.33000183105469,7029300
2026-09-08,105.5199966430664,105.5199966430664,11397200
2026-09-09,105.2300033569336,105.2300033569336,6470800
2026-09-10,103.36000061035156,103.36000061035156,7844700
2026-09-11,101.94999694824219,101.94999694824219,8397400
2026-09-14,103.08999633789062,103.08999633789062,7791900
2026-09-15,102.02999877929688,102.02999877929688,7418000
2026-09-16,102.36000061035156,102.36000061035156,5229600
2026-09-17,102.2300033569336,102.2300033569336,8423800
2026-09-18,102.61000061035156,102.61000061035156,27075300
2026-09-21,102.9800033569336,102.9800033569336,5017600
2026-09-22,103.69000244140625,103.69000244140625,8383100
2026-09-23,103.48999786376953,103.48999786376953,12183900
2026-09-24,101.06999969482422,101.06999969482422,6216200
