Date,close,adjclose,volume
2014-12-01,16.299999237060547,16.299999237060547,98898000
2014-12-02,16.315500259399414,16.315500259399414,55806000
2014-12-03,15.824999809265137,15.824999809265137,113620000
2014-12-04,15.846500396728516,15.846500396728516,65806000
2014-12-05,15.631500244140625,15.631500244140625,65304000
2014-12-08,15.331999778747559,15.331999778747559,72784000
2014-12-09,15.625,15.625,80990000
2014-12-10,15.291999816894531,15.291999816894531,64918000
2014-12-11,15.368000030517578,15.368000030517578,65258000
2014-12-12,15.366000175476074,15.366000175476074,63070000
2014-12-15,15.303500175476074,15.303500175476074,76832000
2014-12-16,14.753000259399414,14.753000259399414,130026000
2014-12-17,14.944000244140625,14.944000244140625,88670000
2014-12-18,14.886500358581543,14.886500358581543,154762000
2014-12-19,14.994999885559082,14.994999885559082,174182000
2014-12-22,15.32699966430664,15.32699966430664,80076000
2014-12-23,15.314499855041504,15.314499855041504,54274000
2014-12-24,15.15149974822998,15.15149974822998,30276000
2014-12-26,15.454500198364258,15.454500198364258,57876000
2014-12-29,15.60200023651123,15.60200023651123,60180000
2014-12-30,15.515000343322754,15.515000343322754,41860000
2014-12-31,15.517499923706055,15.517499923706055,40960000
2015-01-02,15.425999641418457,15.425999641418457,55664000
2015-01-05,15.10949993133545,15.10949993133545,55484000
2015-01-06,14.76449966430664,14.76449966430664,70380000
2015-01-07,14.920999526977539,14.920999526977539,52806000
2015-01-08,15.02299976348877,15.02299976348877,61768000
2015-01-09,14.846500396728516,14.846500396728516,51848000
2015-01-12,14.570500373840332,14.570500373840332,68428000
2015-01-13,14.737000465393066,14.737000465393066,82728000
2015-01-14,14.66349983215332,14.66349983215332,110774000
2015-01-15,14.34749984741211,14.34749984741211,88384000
2015-01-16,14.536999702453613,14.536999702453613,69564000
2015-01-20,14.472000122070312,14.472000122070312,61502000
2015-01-21,14.862500190734863,14.862500190734863,201302000
2015-01-22,15.515999794006348,15.515999794006348,107252000
2015-01-23,15.619500160217285,15.619500160217285,89928000
2015-01-26,15.482999801635742,15.482999801635742,63394000
2015-01-27,15.337499618530273,15.337499618530273,58406000
2015-01-28,15.195500373840332,15.195500373840332,61276000
2015-01-29,15.58899974822998,15.58899974822998,173132000
2015-01-30,17.726499557495117,17.726499557495117,477122000
2015-02-02,18.223499298095703,18.223499298095703,204638000
2015-02-03,18.177499771118164,18.177499771118164,124252000
2015-02-04,18.237499237060547,18.237499237060547,83398000
2015-02-05,18.694499969482422,18.694499969482422,144952000
2015-02-06,18.714000701904297,18.714000701904297,77848000
2015-02-09,18.527999877929688,18.527999877929688,54492000
2015-02-10,18.649999618530273,18.649999618530273,45744000
2015-02-11,18.756999969482422,18.756999969482422,55730000
2015-02-12,18.85849952697754,18.85849952697754,55822000
2015-02-13,19.09149932861328,19.09149932861328,69502000
2015-02-17,18.771499633789062,18.771499633789062,73464000
2015-02-18,18.668500900268555,18.668500900268555,53012000
2015-02-19,18.950000762939453,18.950000762939453,59076000
2015-02-20,19.183000564575195,19.183000564575195,65160000
2015-02-23,19.006999969482422,19.006999969482422,43540000
2015-02-24,18.929500579833984,18.929500579833984,38416000
2015-02-25,19.26849937438965,19.26849937438965,63490000
2015-02-26,19.239999771118164,19.239999771118164,53742000
2015-02-27,19.007999420166016,19.007999420166016,50646000
2015-03-02,19.283000946044922,19.283000946044922,42784000
2015-03-03,19.230499267578125,19.230499267578125,38930000
2015-03-04,19.13599967956543,19.13599967956543,45182000
2015-03-05,19.39150047302246,19.39150047302246,53870000
2015-03-06,19.004499435424805,19.004499435424805,52540000
2015-03-09,18.92799949645996,18.92799949645996,46228000
2015-03-10,18.475500106811523,18.475500106811523,62420000
2015-03-11,18.318500518798828,18.318500518798828,49902000
2015-03-12,18.711999893188477,18.711999893188477,56200000
2015-03-13,18.52899932861328,18.52899932861328,52234000
2015-03-16,18.667499542236328,18.667499542236328,47082000
2015-03-17,18.59600067138672,18.59600067138672,40740000
2015-03-18,18.756999969482422,18.756999969482422,53082000
2015-03-19,18.66200065612793,18.66200065612793,38314000
2015-03-20,18.92449951171875,18.92449951171875,75272000
2015-03-23,18.75550079345703,18.75550079345703,44786000
2015-03-24,18.704500198364258,18.704500198364258,44564000
2015-03-25,18.54800033569336,18.54800033569336,68590000
2015-03-26,18.36750030517578,18.36750030517578,58600000
2015-03-27,18.527999877929688,18.527999877929688,52196000
2015-03-30,18.72949981689453,18.72949981689453,36418000
2015-03-31,18.604999542236328,18.604999542236328,50122000
2015-04-01,18.51300048828125,18.51300048828125,49162000
2015-04-02,18.612499237060547,18.612499237060547,37506000
2015-04-06,18.851999282836914,18.851999282836914,61014000
2015-04-07,18.720500946044922,18.720500946044922,39098000
2015-04-08,19.059999465942383,19.059999465942383,52728000
2015-04-09,19.177000045776367,19.177000045776367,47846000
2015-04-10,19.13249969482422,19.13249969482422,51470000
2015-04-13,19.118000030517578,19.118000030517578,37890000
2015-04-14,19.25550079345703,19.25550079345703,51672000
2015-04-15,19.172500610351562,19.172500610351562,38664000
2015-04-16,19.302000045776367,19.302000045776367,41608000
2015-04-17,18.777999877929688,18.777999877929688,76794000
2015-04-20,19.475500106811523,19.475500106811523,100322000
2015-04-21,19.55900001525879,19.55900001525879,92870000
2015-04-22,19.489999771118164,19.489999771118164,69494000
2015-04-23,19.499500274658203,19.499500274658203,159600000
2015-04-24,22.2549991607666,22.2549991607666,343538000
2015-04-27,21.92799949645996,21.92799949645996,108618000
2015-04-28,21.465499877929688,21.465499877929688,82810000
2015-04-29,21.4685001373291,21.4685001373291,72434000
2015-04-30,21.089000701904297,21.089000701904297,72958000
2015-05-01,21.14349937438965,21.14349937438965,71316000
2015-05-04,21.152000427246094,21.152000427246094,45408000
2015-05-05,21.059499740600586,21.059499740600586,57128000
2015-05-06,20.954999923706055,20.954999923706055,51050000
2015-05-07,21.3439998626709,21.3439998626709,55322000
2015-05-08,21.684499740600586,21.684499740600586,58176000
2015-05-11,21.642499923706055,21.642499923706055,47874000
2015-05-12,21.551000595092773,21.551000595092773,38956000
2015-05-13,21.3435001373291,21.3435001373291,39926000
2015-05-14,21.61400032043457,21.61400032043457,37770000
2015-05-15,21.299999237060547,21.299999237060547,84806000
2015-05-18,21.261999130249023,21.261999130249023,47804000
2015-05-19,21.085500717163086,21.085500717163086,49284000
2015-05-20,21.19300079345703,21.19300079345703,43924000
2015-05-21,21.581499099731445,21.581499099731445,82428000
2015-05-22,21.381500244140625,21.381500244140625,40412000
2015-05-26,21.273500442504883,21.273500442504883,44884000
2015-05-27,21.570999145507812,21.570999145507812,44622000
2015-05-28,21.328500747680664,21.328500747680664,38248000
2015-05-29,21.46150016784668,21.46150016784668,60322000
2015-06-01,21.54599952697754,21.54599952697754,45066000
2015-06-02,21.54949951171875,21.54949951171875,33378000
2015-06-03,21.829500198364258,21.829500198364258,54558000
2015-06-04,21.538999557495117,21.538999557495117,50216000
2015-06-05,21.34749984741211,21.34749984741211,38158000
2015-06-08,21.174999237060547,21.174999237060547,43450000
2015-06-09,21.27400016784668,21.27400016784668,45774000
2015-06-10,21.53849983215332,21.53849983215332,43446000
2015-06-11,21.648500442504883,21.648500442504883,58450000
2015-06-12,21.496000289916992,21.496000289916992,41088000
2015-06-15,21.183500289916992,21.183500289916992,41020000
2015-06-16,21.363000869750977,21.363000869750977,45928000
2015-06-17,21.390499114990234,21.390499114990234,43718000
2015-06-18,21.969499588012695,21.969499588012695,67568000
2015-06-19,21.746000289916992,21.746000289916992,89902000
2015-06-22,21.81450080871582,21.81450080871582,36472000
2015-06-23,22.29949951171875,22.29949951171875,64900000
2015-06-24,22.04199981689453,22.04199981689453,52416000
2015-06-25,22.0049991607666,22.0049991607666,44750000
2015-06-26,21.905000686645508,21.905000686645508,52490000
2015-06-29,21.493000030517578,21.493000030517578,55064000
2015-06-30,21.704500198364258,21.704500198364258,51938000
2015-07-01,21.86949920654297,21.86949920654297,39742000
2015-07-02,21.885499954223633,21.885499954223633,26868000
2015-07-06,21.802000045776367,21.802000045776367,38064000
2015-07-07,21.836000442504883,21.836000442504883,69084000
2015-07-08,21.485000610351562,21.485000610351562,47662000
2015-07-09,21.719499588012695,21.719499588012695,45428000
2015-07-10,22.175500869750977,22.175500869750977,48020000
2015-07-13,22.778499603271484,22.778499603271484,79136000
2015-07-14,23.278499603271484,23.278499603271484,94724000
2015-07-15,23.059499740600586,23.059499740600586,59748000
2015-07-16,23.77400016784668,23.77400016784668,81912000
2015-07-17,24.15049934387207,24.15049934387207,98644000
2015-07-20,24.405000686645508,24.405000686645508,95050000
2015-07-21,24.399999618530273,24.399999618530273,63636000
2015-07-22,24.41349983215332,24.41349983215332,62298000
2015-07-23,24.108999252319336,24.108999252319336,187488000
2015-07-24,26.47100067138672,26.47100067138672,438188000
2015-07-27,26.570499420166016,26.570499420166016,149820000
2015-07-28,26.30150032043457,26.30150032043457,105462000
2015-07-29,26.450000762939453,26.450000762939453,75052000
2015-07-30,26.83799934387207,26.83799934387207,74862000
2015-07-31,26.8075008392334,26.8075008392334,60512000
2015-08-03,26.75149917602539,26.75149917602539,60284000
2015-08-04,26.594999313354492,26.594999313354492,58692000
2015-08-05,26.850500106811523,26.850500106811523,57788000
2015-08-06,26.472999572753906,26.472999572753906,76410000
2015-08-07,26.131000518798828,26.131000518798828,79384000
2015-08-10,26.200000762939453,26.200000762939453,52318000
2015-08-11,26.37299919128418,26.37299919128418,53532000
2015-08-12,26.295499801635742,26.295499801635742,79246000
2015-08-13,26.482999801635742,26.482999801635742,57904000
2015-08-14,26.576000213623047,26.576000213623047,39896000
2015-08-17,26.76099967956543,26.76099967956543,51634000
2015-08-18,26.750999450683594,26.750999450683594,41426000
2015-08-19,26.645999908447266,26.645999908447266,46480000
2015-08-20,25.788999557495117,25.788999557495117,88160000
2015-08-21,24.723499298095703,24.723499298095703,134130000
2015-08-24,23.168500900268555,23.168500900268555,201952000
2015-08-25,23.318500518798828,23.318500518798828,113586000
2015-08-26,25.03849983215332,25.03849983215332,127172000
2015-08-27,25.918500900268555,25.918500900268555,122290000
2015-08-28,25.90049934387207,25.90049934387207,54934000
2015-08-31,25.644500732421875,25.644500732421875,60046000
2015-09-01,24.82699966430664,24.82699966430664,77290000
2015-09-02,25.52750015258789,25.52750015258789,74142000
2015-09-03,25.236000061035156,25.236000061035156,62994000
2015-09-04,24.950000762939453,24.950000762939453,53850000
2015-09-08,25.87700080871582,25.87700080871582,76214000
2015-09-09,25.844499588012695,25.844499588012695,87414000
2015-09-10,26.11199951171875,26.11199951171875,51520000
2015-09-11,26.472000122070312,26.472000122070312,64558000
2015-09-14,26.069000244140625,26.069000244140625,62604000
2015-09-15,26.118499755859375,26.118499755859375,57318000
2015-09-16,26.36949920654297,26.36949920654297,45056000
2015-09-17,26.943500518798828,26.943500518798828,83390000
2015-09-18,27.01300048828125,27.01300048828125,123202000
2015-09-21,27.41950035095215,27.41950035095215,65666000
2015-09-22,26.920000076293945,26.920000076293945,76834000
2015-09-23,26.803499221801758,26.803499221801758,44752000
2015-09-24,26.6875,26.6875,70020000
2015-09-25,26.212499618530273,26.212499618530273,80620000
2015-09-28,25.202999114990234,25.202999114990234,108690000
2015-09-29,24.803499221801758,24.803499221801758,89150000
2015-09-30,25.594499588012695,25.594499588012695,80094000
2015-10-01,26.035999298095703,26.035999298095703,75370000
2015-10-02,26.62700080871582,26.62700080871582,91956000
2015-10-05,27.18400001525879,27.18400001525879,67828000
2015-10-06,26.874000549316406,26.874000549316406,90056000
2015-10-07,27.097000122070312,27.097000122070312,76242000
2015-10-08,26.658000946044922,26.658000946044922,93528000
2015-10-09,26.989999771118164,26.989999771118164,70748000
2015-10-12,27.50950050354004,27.50950050354004,55522000
2015-10-13,27.44499969482422,27.44499969482422,58760000
2015-10-14,27.241500854492188,27.241500854492188,71642000
2015-10-15,28.121999740600586,28.121999740600586,98740000
2015-10-16,28.538000106811523,28.538000106811523,86316000
2015-10-19,28.657499313354492,28.657499313354492,87508000
2015-10-20,28.04400062561035,28.04400062561035,86924000
2015-10-21,27.78849983215332,27.78849983215332,66872000
2015-10-22,28.195499420166016,28.195499420166016,155588000
2015-10-23,29.951499938964844,29.951499938964844,213854000
2015-10-26,30.430500030517578,30.430500030517578,85394000
2015-10-27,30.550500869750977,30.550500869750977,75742000
2015-10-28,30.854999542236328,30.854999542236328,78524000
2015-10-29,31.327499389648438,31.327499389648438,77920000
2015-10-30,31.295000076293945,31.295000076293945,77488000
2015-11-02,31.417499542236328,31.417499542236328,56330000
2015-11-03,31.265499114990234,31.265499114990234,64938000
2015-11-04,32.04750061035156,32.04750061035156,96810000
2015-11-05,32.782501220703125,32.782501220703125,94476000
2015-11-06,32.96849822998047,32.96849822998047,81844000
2015-11-09,32.77450180053711,32.77450180053711,80976000
2015-11-10,32.98400115966797,32.98400115966797,69790000
2015-11-11,33.662498474121094,33.662498474121094,107746000
2015-11-12,33.279998779296875,33.279998779296875,85694000
2015-11-13,32.11750030517578,32.11750030517578,125222000
2015-11-16,32.390499114990234,32.390499114990234,148718000
2015-11-17,32.165000915527344,32.165000915527344,86404000
2015-11-18,33.176998138427734,33.176998138427734,89396000
2015-11-19,33.063499450683594,33.063499450683594,94104000
2015-11-20,33.42250061035156,33.42250061035156,77922000
2015-11-23,33.949501037597656,33.949501037597656,87702000
2015-11-24,33.557498931884766,33.557498931884766,90868000
2015-11-25,33.766998291015625,33.766998291015625,53958000
2015-11-27,33.66299819946289,33.66299819946289,39336000
2015-11-30,33.2400016784668,33.2400016784668,113864000
2015-12-01,33.952999114990234,33.952999114990234,95024000
2015-12-02,33.800498962402344,33.800498962402344,85470000
2015-12-03,33.3125,33.3125,101294000
2015-12-04,33.63199996948242,33.63199996948242,90696000
2015-12-07,33.49150085449219,33.49150085449219,74656000
2015-12-08,33.86650085449219,33.86650085449219,73038000
2015-12-09,33.239498138427734,33.239498138427734,103164000
2015-12-10,33.11600112915039,33.11600112915039,69110000
2015-12-11,32.00749969482422,32.00749969482422,109488000
2015-12-14,32.89550018310547,32.89550018310547,86594000
2015-12-15,32.93199920654297,32.93199920654297,95068000
2015-12-16,33.78850173950195,33.78850173950195,79290000
2015-12-17,33.532501220703125,33.532501220703125,73632000
2015-12-18,33.207000732421875,33.207000732421875,136826000
2015-12-21,33.22549819946289,33.22549819946289,65018000
2015-12-22,33.157501220703125,33.157501220703125,53356000
2015-12-23,33.185001373291016,33.185001373291016,54458000
2015-12-24,33.13949966430664,33.13949966430664,21824000
2015-12-28,33.7599983215332,33.7599983215332,75672000
2015-12-29,34.69850158691406,34.69850158691406,114700000
2015-12-30,34.45349884033203,34.45349884033203,70380000
2015-12-31,33.794498443603516,33.794498443603516,74992000
2016-01-04,31.84950065612793,31.84950065612793,186290000
2016-01-05,31.68950080871582,31.68950080871582,116452000
2016-01-06,31.63249969482422,31.63249969482422,106584000
2016-01-07,30.39699935913086,30.39699935913086,141498000
2016-01-08,30.352500915527344,30.352500915527344,110258000
2016-01-11,30.886999130249023,30.886999130249023,97832000
2016-01-12,30.894500732421875,30.894500732421875,94482000
2016-01-13,29.090499877929688,29.090499877929688,153104000
2016-01-14,29.649999618530273,29.649999618530273,144760000
2016-01-15,28.509000778198242,28.509000778198242,155690000
2016-01-19,28.724000930786133,28.724000930786133,96144000
2016-01-20,28.588499069213867,28.588499069213867,159328000
2016-01-21,28.750999450683594,28.750999450683594,99044000
2016-01-22,29.819000244140625,29.819000244140625,102402000
2016-01-25,29.826499938964844,29.826499938964844,87922000
2016-01-26,30.0625,30.0625,75314000
2016-01-27,29.167499542236328,29.167499542236328,103058000
2016-01-28,31.767499923706055,31.767499923706055,280304000
2016-01-29,29.350000381469727,29.350000381469727,293552000
2016-02-01,28.74049949645996,28.74049949645996,127102000
2016-02-02,27.604999542236328,27.604999542236328,126240000
2016-02-03,26.553499221801758,26.553499221801758,200974000
2016-02-04,26.812999725341797,26.812999725341797,123982000
2016-02-05,25.10650062561035,25.10650062561035,194178000
2016-02-08,24.405000686645508,24.405000686645508,196510000
2016-02-09,24.103500366210938,24.103500366210938,141558000
2016-02-10,24.52400016784668,24.52400016784668,135724000
2016-02-11,25.19099998474121,25.19099998474121,147948000
2016-02-12,25.354000091552734,25.354000091552734,107696000
2016-02-16,26.05500030517578,26.05500030517578,102370000
2016-02-17,26.704999923706055,26.704999923706055,96480000
2016-02-18,26.25,26.25,94700000
2016-02-19,26.7450008392334,26.7450008392334,99494000
2016-02-22,27.975000381469727,27.975000381469727,111332000
2016-02-23,27.64699935913086,27.64699935913086,81016000
2016-02-24,27.70199966430664,27.70199966430664,124634000
2016-02-25,27.75749969482422,27.75749969482422,90510000
2016-02-26,27.761499404907227,27.761499404907227,97540000
2016-02-29,27.625999450683594,27.625999450683594,82908000
2016-03-01,28.95199966430664,28.95199966430664,100770000
2016-03-02,29.010499954223633,29.010499954223633,91644000
2016-03-03,28.874500274658203,28.874500274658203,54826000
2016-03-04,28.756999969482422,28.756999969482422,68330000
2016-03-07,28.139999389648438,28.139999389648438,98538000
2016-03-08,28.01300048828125,28.01300048828125,94600000
2016-03-09,27.973499298095703,27.973499298095703,87546000
2016-03-10,27.946500778198242,27.946500778198242,78398000
2016-03-11,28.480499267578125,28.480499267578125,75426000
2016-03-14,28.668500900268555,28.668500900268555,69084000
2016-03-15,28.85099983215332,28.85099983215332,77536000
2016-03-16,28.713499069213867,28.713499069213867,70754000
2016-03-17,27.972000122070312,27.972000122070312,118562000
2016-03-18,27.604000091552734,27.604000091552734,145938000
2016-03-21,27.698999404907227,27.698999404907227,103114000
2016-03-22,28.02400016784668,28.02400016784668,80012000
2016-03-23,28.48150062561035,28.48150062561035,79674000
2016-03-24,29.147499084472656,29.147499084472656,103710000
2016-03-28,28.993499755859375,28.993499755859375,62430000
2016-03-29,29.69300079345703,29.69300079345703,87852000
2016-03-30,29.934499740600586,29.934499740600586,77810000
2016-03-31,29.68199920654297,29.68199920654297,53636000
2016-04-01,29.924999237060547,29.924999237060547,58348000
2016-04-04,29.659500122070312,29.659500122070312,49416000
2016-04-05,29.30699920654297,29.30699920654297,46178000
2016-04-06,30.104000091552734,30.104000091552734,56998000
2016-04-07,29.571500778198242,29.571500778198242,63780000
2016-04-08,29.729999542236328,29.729999542236328,51838000
2016-04-11,29.796499252319336,29.796499252319336,54086000
2016-04-12,30.15850067138672,30.15850067138672,52822000
2016-04-13,30.740999221801758,30.740999221801758,84566000
2016-04-14,31.037500381469727,31.037500381469727,70242000
2016-04-15,31.29450035095215,31.29450035095215,57754000
2016-04-18,31.767499923706055,31.767499923706055,87218000
2016-04-19,31.395000457763672,31.395000457763672,81118000
2016-04-20,31.649499893188477,31.649499893188477,52188000
2016-04-21,31.549999237060547,31.549999237060547,51926000
2016-04-22,31.024999618530273,31.024999618530273,101678000
2016-04-25,31.309999465942383,31.309999465942383,53658000
2016-04-26,30.8439998626709,30.8439998626709,50428000
2016-04-27,30.328500747680664,30.328500747680664,81376000
2016-04-28,30.100000381469727,30.100000381469727,157452000
2016-04-29,32.97949981689453,32.97949981689453,206214000
2016-05-02,34.192501068115234,34.192501068115234,131570000
2016-05-03,33.566001892089844,33.566001892089844,98468000
2016-05-04,33.54499816894531,33.54499816894531,92710000
2016-05-05,32.954498291015625,32.954498291015625,97682000
2016-05-06,33.6974983215332,33.6974983215332,87306000
2016-05-09,33.98749923706055,33.98749923706055,79644000
2016-05-10,35.153499603271484,35.153499603271484,122112000
2016-05-11,35.6614990234375,35.6614990234375,146764000
2016-05-12,35.89649963378906,35.89649963378906,100964000
2016-05-13,35.49599838256836,35.49599838256836,95268000
2016-05-16,35.53300094604492,35.53300094604492,108658000
2016-05-17,34.76350021362305,34.76350021362305,102428000
2016-05-18,34.872501373291016,34.872501373291016,85664000
2016-05-19,34.92599868774414,34.92599868774414,60512000
2016-05-20,35.13999938964844,35.13999938964844,58324000
2016-05-23,34.837501525878906,34.837501525878906,51902000
2016-05-24,35.209999084472656,35.209999084472656,60676000
2016-05-25,35.41749954223633,35.41749954223633,65354000
2016-05-26,35.74549865722656,35.74549865722656,48934000
2016-05-27,35.61199951171875,35.61199951171875,44984000
2016-05-31,36.13949966430664,36.13949966430664,72366000
2016-06-01,35.97200012207031,35.97200012207031,65262000
2016-06-02,36.4119987487793,36.4119987487793,60532000
2016-06-03,36.277000427246094,36.277000427246094,67346000
2016-06-06,36.33649826049805,36.33649826049805,54096000
2016-06-07,36.1870002746582,36.1870002746582,54650000
2016-06-08,36.332000732421875,36.332000732421875,44468000
2016-06-09,36.38249969482422,36.38249969482422,43406000
2016-06-10,35.89550018310547,35.89550018310547,68514000
2016-06-13,35.762001037597656,35.762001037597656,67044000
2016-06-14,35.96500015258789,35.96500015258789,50138000
2016-06-15,35.7130012512207,35.7130012512207,54188000
2016-06-16,35.8754997253418,35.8754997253418,61960000
2016-06-17,35.31949996948242,35.31949996948242,117956000
2016-06-20,35.70050048828125,35.70050048828125,73544000
2016-06-21,35.79100036621094,35.79100036621094,42750000
2016-06-22,35.529998779296875,35.529998779296875,45210000
2016-06-23,36.104000091552734,36.104000091552734,56500000
2016-06-24,34.948001861572266,34.948001861572266,152650000
2016-06-27,34.56800079345703,34.56800079345703,111360000
2016-06-28,35.397499084472656,35.397499084472656,80740000
2016-06-29,35.779998779296875,35.779998779296875,61402000
2016-06-30,35.78099822998047,35.78099822998047,57102000
2016-07-01,36.284000396728516,36.284000396728516,58408000
2016-07-05,36.404998779296875,36.404998779296875,48628000
2016-07-06,36.88050079345703,36.88050079345703,78764000
2016-07-07,36.82849884033203,36.82849884033203,58916000
2016-07-08,37.29050064086914,37.29050064086914,68584000
2016-07-11,37.68899917602539,37.68899917602539,63906000
2016-07-12,37.410499572753906,37.410499572753906,112474000
2016-07-13,37.131500244140625,37.131500244140625,82846000
2016-07-14,37.060001373291016,37.060001373291016,47810000
2016-07-15,36.77199935913086,36.77199935913086,62428000
2016-07-18,36.80350112915039,36.80350112915039,59098000
2016-07-19,36.997501373291016,36.997501373291016,44336000
2016-07-20,37.2859992980957,37.2859992980957,44280000
2016-07-21,37.221500396728516,37.221500396728516,46342000
2016-07-22,37.24300003051758,37.24300003051758,45554000
2016-07-25,36.980499267578125,36.980499267578125,53586000
2016-07-26,36.77949905395508,36.77949905395508,50594000
2016-07-27,36.833499908447266,36.833499908447266,58262000
2016-07-28,37.63050079345703,37.63050079345703,152352000
2016-07-29,37.94049835205078,37.94049835205078,135542000
2016-08-01,38.387001037597656,38.387001037597656,71564000
2016-08-02,38.02899932861328,38.02899932861328,72066000
2016-08-03,37.731998443603516,37.731998443603516,71630000
2016-08-04,38.03850173950195,38.03850173950195,63564000
2016-08-05,38.29899978637695,38.29899978637695,54088000
2016-08-08,38.327999114990234,38.327999114990234,39726000
2016-08-09,38.41550064086914,38.41550064086914,37522000
2016-08-10,38.428001403808594,38.428001403808594,32086000
2016-08-11,38.5620002746582,38.5620002746582,40394000
2016-08-12,38.62799835205078,38.62799835205078,31266000
2016-08-15,38.42449951171875,38.42449951171875,42370000
2016-08-16,38.20199966430664,38.20199966430664,32092000
2016-08-17,38.23149871826172,38.23149871826172,37822000
2016-08-18,38.222999572753906,38.222999572753906,29176000
2016-08-19,37.865501403808594,37.865501403808594,46864000
2016-08-22,37.9739990234375,37.9739990234375,33586000
2016-08-23,38.122501373291016,38.122501373291016,30482000
2016-08-24,37.86249923706055,37.86249923706055,34882000
2016-08-25,37.96099853515625,37.96099853515625,32460000
2016-08-26,38.45000076293945,38.45000076293945,55536000
2016-08-29,38.56449890136719,38.56449890136719,43972000
2016-08-30,38.37900161743164,38.37900161743164,34184000
2016-08-31,38.45800018310547,38.45800018310547,32676000
2016-09-01,38.53099822998047,38.53099822998047,35846000
2016-09-02,38.62200164794922,38.62200164794922,43636000
2016-09-06,39.44350051879883,39.44350051879883,74396000
2016-09-07,39.2239990234375,39.2239990234375,48492000
2016-09-08,39.202999114990234,39.202999114990234,40610000
2016-09-09,38.00699996948242,38.00699996948242,85146000
2016-09-12,38.574501037597656,38.574501037597656,62494000
2016-09-13,38.050498962402344,38.050498962402344,62344000
2016-09-14,38.054500579833984,38.054500579833984,50460000
2016-09-15,38.484500885009766,38.484500885009766,60680000
2016-09-16,38.92599868774414,38.92599868774414,109984000
2016-09-19,38.755001068115234,38.755001068115234,45944000
2016-09-20,39.01100158691406,39.01100158691406,38744000
2016-09-21,39.48699951171875,39.48699951171875,54372000
2016-09-22,40.23500061035156,40.23500061035156,81578000
2016-09-23,40.287498474121094,40.287498474121094,47070000
2016-09-26,39.95800018310547,39.95800018310547,53028000
2016-09-27,40.80550003051758,40.80550003051758,76392000
2016-09-28,41.43600082397461,41.43600082397461,88442000
2016-09-29,41.45249938964844,41.45249938964844,98444000
2016-09-30,41.865501403808594,41.865501403808594,88612000
2016-10-03,41.83700180053711,41.83700180053711,55388000
2016-10-04,41.701499938964844,41.701499938964844,59006000
2016-10-05,42.21799850463867,42.21799850463867,69382000
2016-10-06,42.08300018310547,42.08300018310547,53680000
2016-10-07,41.971500396728516,41.971500396728516,48524000
2016-10-10,42.08549880981445,42.08549880981445,36542000
2016-10-11,41.54999923706055,41.54999923706055,71764000
2016-10-12,41.704498291015625,41.704498291015625,47608000
2016-10-13,41.4640007019043,41.4640007019043,61828000
2016-10-14,41.14799880981445,41.14799880981445,59996000
2016-10-17,40.647499084472656,40.647499084472656,67230000
2016-10-18,40.88249969482422,40.88249969482422,50250000
2016-10-19,40.884498596191406,40.884498596191406,41814000
2016-10-20,40.51599884033203,40.51599884033203,63040000
2016-10-21,40.949501037597656,40.949501037597656,55860000
2016-10-24,41.90449905395508,41.90449905395508,81218000
2016-10-25,41.75899887084961,41.75899887084961,64968000
2016-10-26,41.12950134277344,41.12950134277344,79962000
2016-10-27,40.917999267578125,40.917999267578125,148128000
2016-10-28,38.816001892089844,38.816001892089844,216822000
2016-10-31,39.49100112915039,39.49100112915039,108266000
2016-11-01,39.27050018310547,39.27050018310547,106108000
2016-11-02,38.27799987792969,38.27799987792969,100530000
2016-11-03,38.35150146484375,38.35150146484375,77450000
2016-11-04,37.752498626708984,37.752498626708984,102442000
2016-11-07,39.246498107910156,39.246498107910156,119688000
2016-11-08,39.38750076293945,39.38750076293945,68252000
2016-11-09,38.59400177001953,38.59400177001953,171258000
2016-11-10,37.11899948120117,37.11899948120117,254940000
2016-11-11,36.95050048828125,36.95050048828125,132456000
2016-11-14,35.95349884033203,35.95349884033203,146426000
2016-11-15,37.1619987487793,37.1619987487793,135116000
2016-11-16,37.324501037597656,37.324501037597656,72976000
2016-11-17,37.81999969482422,37.81999969482422,73802000
2016-11-18,38.007999420166016,38.007999420166016,87468000
2016-11-21,39.0,39.0,92292000
2016-11-22,39.26649856567383,39.26649856567383,106226000
2016-11-23,39.00600051879883,39.00600051879883,70806000
2016-11-25,39.01850128173828,39.01850128173828,36742000
2016-11-28,38.3385009765625,38.3385009765625,88776000
2016-11-29,38.125999450683594,38.125999450683594,65446000
2016-11-30,37.528499603271484,37.528499603271484,92518000
2016-12-01,37.182498931884766,37.182498931884766,93320000
2016-12-02,37.016998291015625,37.016998291015625,71226000
2016-12-05,37.96799850463867,37.96799850463867,86294000
2016-12-06,38.236000061035156,38.236000061035156,75894000
2016-12-07,38.520999908447266,38.520999908447266,73698000
2016-12-08,38.36650085449219,38.36650085449219,63792000
2016-12-09,38.43299865722656,38.43299865722656,49418000
2016-12-12,38.00600051879883,38.00600051879883,59278000
2016-12-13,38.71699905395508,38.71699905395508,105706000
2016-12-14,38.441001892089844,38.441001892089844,109096000
2016-12-15,38.04999923706055,38.04999923706055,76038000
2016-12-16,37.88850021362305,37.88850021362305,96964000
2016-12-19,38.29999923706055,38.29999923706055,62264000
2016-12-20,38.56100082397461,38.56100082397461,54072000
2016-12-21,38.529998779296875,38.529998779296875,40892000
2016-12-22,38.31700134277344,38.31700134277344,50872000
2016-12-23,38.02949905395508,38.02949905395508,39632000
2016-12-27,38.56999969482422,38.56999969482422,52774000
2016-12-28,38.60649871826172,38.60649871826172,66020000
2016-12-29,38.25749969482422,38.25749969482422,63166000
2016-12-30,37.493499755859375,37.493499755859375,82788000
2017-01-03,37.68349838256836,37.68349838256836,70422000
2017-01-04,37.85900115966797,37.85900115966797,50210000
2017-01-05,39.022499084472656,39.022499084472656,116602000
2017-01-06,39.79949951171875,39.79949951171875,119724000
2017-01-09,39.84600067138672,39.84600067138672,68922000
2017-01-10,39.79499816894531,39.79499816894531,51168000
2017-01-11,39.95100021362305,39.95100021362305,59856000
2017-01-12,40.68199920654297,40.68199920654297,97478000
2017-01-13,40.856998443603516,40.856998443603516,75838000
2017-01-17,40.486000061035156,40.486000061035156,73410000
2017-01-18,40.374000549316406,40.374000549316406,47084000
2017-01-19,40.45199966430664,40.45199966430664,50816000
2017-01-20,40.416500091552734,40.416500091552734,67524000
2017-01-23,40.89400100708008,40.89400100708008,55950000
2017-01-24,41.12200164794922,41.12200164794922,59434000
2017-01-25,41.82600021362305,41.82600021362305,78452000
2017-01-26,41.95750045776367,41.95750045776367,71726000
2017-01-27,41.78850173950195,41.78850173950195,59974000
2017-01-30,41.51900100708008,41.51900100708008,74946000
2017-01-31,41.17399978637695,41.17399978637695,62744000
2017-02-01,41.61750030517578,41.61750030517578,77004000
2017-02-02,41.997501373291016,41.997501373291016,147010000
2017-02-03,40.5099983215332,40.5099983215332,217376000
2017-02-06,40.38199996948242,40.38199996948242,77946000
2017-02-07,40.625,40.625,69322000
2017-02-08,40.98550033569336,40.98550033569336,57160000
2017-02-09,41.06800079345703,41.06800079345703,49698000
2017-02-10,41.37300109863281,41.37300109863281,48592000
2017-02-13,41.826499938964844,41.826499938964844,83452000
2017-02-14,41.81949996948242,41.81949996948242,55848000
2017-02-15,42.1349983215332,42.1349983215332,59378000
2017-02-16,42.207000732421875,42.207000732421875,54294000
2017-02-17,42.253501892089844,42.253501892089844,62246000
2017-02-21,42.821998596191406,42.821998596191406,70154000
2017-02-22,42.78049850463867,42.78049850463867,52340000
2017-02-23,42.609500885009766,42.609500885009766,69240000
2017-02-24,42.262001037597656,42.262001037597656,73760000
2017-02-27,42.43199920654297,42.43199920654297,54272000
2017-02-28,42.25199890136719,42.25199890136719,55874000
2017-03-01,42.65399932861328,42.65399932861328,55202000
2017-03-02,42.445499420166016,42.445499420166016,42642000
2017-03-03,42.49399948120117,42.49399948120117,38822000
2017-03-06,42.330501556396484,42.330501556396484,52208000
2017-03-07,42.30099868774414,42.30099868774414,44952000
2017-03-08,42.525001525878906,42.525001525878906,45730000
2017-03-09,42.650001525878906,42.650001525878906,40964000
2017-03-10,42.62300109863281,42.62300109863281,48728000
2017-03-13,42.72949981689453,42.72949981689453,38194000
2017-03-14,42.62649917602539,42.62649917602539,42612000
2017-03-15,42.64849853515625,42.64849853515625,51244000
2017-03-16,42.67100143432617,42.67100143432617,36846000
2017-03-17,42.615501403808594,42.615501403808594,67688000
2017-03-20,42.8484992980957,42.8484992980957,45654000
2017-03-21,42.15999984741211,42.15999984741211,87658000
2017-03-22,42.40299987792969,42.40299987792969,53174000
2017-03-23,42.36899948120117,42.36899948120117,39060000
2017-03-24,42.28049850463867,42.28049850463867,42766000
2017-03-27,42.340999603271484,42.340999603271484,55116000
2017-03-28,42.79999923706055,42.79999923706055,60832000
2017-03-29,43.715999603271484,43.715999603271484,89716000
2017-03-30,43.81700134277344,43.81700134277344,55254000
2017-03-31,44.32699966430664,44.32699966430664,79152000
2017-04-03,44.57550048828125,44.57550048828125,68446000
2017-04-04,45.34149932861328,45.34149932861328,99694000
2017-04-05,45.4640007019043,45.4640007019043,150168000
2017-04-06,44.91400146484375,44.91400146484375,126882000
2017-04-07,44.74399948120117,44.74399948120117,74218000
2017-04-10,45.35200119018555,45.35200119018555,63686000
2017-04-11,45.11800003051758,45.11800003051758,60254000
2017-04-12,44.811500549316406,44.811500549316406,49122000
2017-04-13,44.23350143432617,44.23350143432617,63492000
2017-04-17,45.0994987487793,45.0994987487793,57094000
2017-04-18,45.18899917602539,45.18899917602539,59984000
2017-04-19,44.959999084472656,44.959999084472656,57404000
2017-04-20,45.10300064086914,45.10300064086914,56288000
2017-04-21,44.92649841308594,44.92649841308594,48410000
2017-04-24,45.37049865722656,45.37049865722656,62458000
2017-04-25,45.38100051879883,45.38100051879883,67612000
2017-04-26,45.464500427246094,45.464500427246094,52178000
2017-04-27,45.91899871826172,45.91899871826172,106110000
2017-04-28,46.2495002746582,46.2495002746582,147294000
2017-05-01,47.4114990234375,47.4114990234375,109330000
2017-05-02,47.34700012207031,47.34700012207031,76976000
2017-05-03,47.05149841308594,47.05149841308594,71654000
2017-05-04,46.87649917602539,46.87649917602539,48368000
2017-05-05,46.70750045776367,46.70750045776367,57328000
2017-05-08,47.45199966430664,47.45199966430664,68314000
2017-05-09,47.64099884033203,47.64099884033203,65242000
2017-05-10,47.4474983215332,47.4474983215332,41930000
2017-05-11,47.38100051879883,47.38100051879883,43882000
2017-05-12,48.067501068115234,48.067501068115234,72518000
2017-05-15,47.89849853515625,47.89849853515625,85412000
2017-05-16,48.30350112915039,48.30350112915039,62522000
2017-05-17,47.237998962402344,47.237998962402344,102912000
2017-05-18,47.92449951171875,47.92449951171875,78786000
2017-05-19,47.992000579833984,47.992000579833984,79442000
2017-05-22,48.53350067138672,48.53350067138672,52844000
2017-05-23,48.57699966430664,48.57699966430664,48312000
2017-05-24,49.01750183105469,49.01750183105469,48920000
2017-05-25,49.66899871826172,49.66899871826172,96440000
2017-05-26,49.78900146484375,49.78900146484375,69384000
2017-05-30,49.834999084472656,49.834999084472656,65262000
2017-05-31,49.73099899291992,49.73099899291992,78262000
2017-06-01,49.79750061035156,49.79750061035156,49096000
2017-06-02,50.33649826049805,50.33649826049805,75046000
2017-06-05,50.56700134277344,50.56700134277344,54398000
2017-06-06,50.150001525878906,50.150001525878906,66928000
2017-06-07,50.503501892089844,50.503501892089844,56460000
2017-06-08,50.51350021362305,50.51350021362305,55358000
2017-06-09,48.91550064086914,48.91550064086914,152954000
2017-06-12,48.24549865722656,48.24549865722656,188944000
2017-06-13,49.03950119018555,49.03950119018555,91600000
2017-06-14,48.82350158691406,48.82350158691406,79498000
2017-06-15,48.208499908447266,48.208499908447266,107478000
2017-06-16,49.385501861572266,49.385501861572266,229454000
2017-06-19,49.75849914550781,49.75849914550781,100868000
2017-06-20,49.62950134277344,49.62950134277344,81536000
2017-06-21,50.11149978637695,50.11149978637695,58450000
2017-06-22,50.064998626708984,50.064998626708984,45068000
2017-06-23,50.1870002746582,50.1870002746582,57582000
2017-06-26,49.69900131225586,49.69900131225586,67724000
2017-06-27,48.8390007019043,48.8390007019043,75648000
2017-06-28,49.51649856567383,49.51649856567383,74752000
2017-06-29,48.79650115966797,48.79650115966797,86060000
2017-06-30,48.400001525878906,48.400001525878906,67806000
2017-07-03,47.68299865722656,47.68299865722656,58182000
2017-07-05,48.56999969482422,48.56999969482422,73060000
2017-07-06,48.25699996948242,48.25699996948242,65192000
2017-07-07,48.9379997253418,48.9379997253418,52868000
2017-07-10,49.82350158691406,49.82350158691406,70926000
2017-07-11,49.70650100708008,49.70650100708008,59654000
2017-07-12,50.32550048828125,50.32550048828125,72172000
2017-07-13,50.03150177001953,50.03150177001953,57616000
2017-07-14,50.09049987792969,50.09049987792969,42050000
2017-07-17,50.50199890136719,50.50199890136719,74252000
2017-07-18,51.22249984741211,51.22249984741211,80152000
2017-07-19,51.34349822998047,51.34349822998047,59280000
2017-07-20,51.435001373291016,51.435001373291016,61950000
2017-07-21,51.28350067138672,51.28350067138672,54692000
2017-07-24,51.9474983215332,51.9474983215332,65760000
2017-07-25,51.993499755859375,51.993499755859375,48952000
2017-07-26,52.63999938964844,52.63999938964844,58426000
2017-07-27,52.29999923706055,52.29999923706055,219834000
2017-07-28,51.00199890136719,51.00199890136719,154188000
2017-07-31,49.388999938964844,49.388999938964844,147042000
2017-08-01,49.80950164794922,49.80950164794922,91452000
2017-08-02,49.794498443603516,49.794498443603516,81400000
2017-08-03,49.34600067138672,49.34600067138672,65116000
2017-08-04,49.37900161743164,49.37900161743164,54606000
2017-08-07,49.61349868774414,49.61349868774414,53532000
2017-08-08,49.492000579833984,49.492000579833984,58056000
2017-08-09,49.10049819946289,49.10049819946289,71394000
2017-08-10,47.84600067138672,47.84600067138672,113682000
2017-08-11,48.39950180053711,48.39950180053711,69360000
2017-08-14,49.165000915527344,49.165000915527344,63458000
2017-08-15,49.137001037597656,49.137001037597656,50986000
2017-08-16,48.909000396728516,48.909000396728516,62642000
2017-08-17,48.028499603271484,48.028499603271484,70248000
2017-08-18,47.923500061035156,47.923500061035156,65696000
2017-08-21,47.66450119018555,47.66450119018555,63290000
2017-08-22,48.345001220703125,48.345001220703125,55000000
2017-08-23,47.900001525878906,47.900001525878906,53366000
2017-08-24,47.622501373291016,47.622501373291016,103914000
2017-08-25,47.26300048828125,47.26300048828125,66496000
2017-08-28,47.30099868774414,47.30099868774414,51934000
2017-08-29,47.702999114990234,47.702999114990234,57486000
2017-08-30,48.37950134277344,48.37950134277344,58092000
2017-08-31,49.029998779296875,49.029998779296875,66630000
2017-09-01,48.912498474121094,48.912498474121094,50718000
2017-09-05,48.26350021362305,48.26350021362305,57664000
2017-09-06,48.38999938964844,48.38999938964844,42598000
2017-09-07,48.9734992980957,48.9734992980957,51336000
2017-09-08,48.29499816894531,48.29499816894531,52106000
2017-09-11,48.89799880981445,48.89799880981445,43734000
2017-09-12,49.12900161743164,49.12900161743164,49622000
2017-09-13,49.97999954223633,49.97999954223633,67494000
2017-09-14,49.61050033569336,49.61050033569336,78266000
2017-09-15,49.339500427246094,49.339500427246094,75204000
2017-09-18,48.70949935913086,48.70949935913086,68226000
2017-09-19,48.49300003051758,48.49300003051758,53422000
2017-09-20,48.660499572753906,48.660499572753906,57776000
2017-09-21,48.23249816894531,48.23249816894531,46752000
2017-09-22,47.755001068115234,47.755001068115234,52836000
2017-09-25,46.989498138427734,46.989498138427734,102480000
2017-09-26,46.93000030517578,46.93000030517578,71296000
2017-09-27,47.54349899291992,47.54349899291992,62978000
2017-09-28,47.81999969482422,47.81999969482422,50452000
2017-09-29,48.067501068115234,48.067501068115234,50876000
2017-10-02,47.95949935913086,47.95949935913086,48858000
2017-10-03,47.85499954223633,47.85499954223633,53332000
2017-10-04,48.272499084472656,48.272499084472656,50548000
2017-10-05,49.04249954223633,49.04249954223633,64584000
2017-10-06,49.479000091552734,49.479000091552734,75642000
2017-10-09,49.54949951171875,49.54949951171875,58772000
2017-10-10,49.36000061035156,49.36000061035156,61698000
2017-10-11,49.75,49.75,46742000
2017-10-12,50.04650115966797,50.04650115966797,81346000
2017-10-13,50.14699935913086,50.14699935913086,48630000
2017-10-16,50.31700134277344,50.31700134277344,40178000
2017-10-17,50.45650100708008,50.45650100708008,46394000
2017-10-18,49.849998474121094,49.849998474121094,49994000
2017-10-19,49.330501556396484,49.330501556396484,62164000
2017-10-20,49.14550018310547,49.14550018310547,47302000
2017-10-23,48.314998626708984,48.314998626708984,69882000
2017-10-24,48.79499816894531,48.79499816894531,54478000
2017-10-25,48.64550018310547,48.64550018310547,60662000
2017-10-26,48.621498107910156,48.621498107910156,112374000
2017-10-27,55.04750061035156,55.04750061035156,331300000
2017-10-30,55.54249954223633,55.54249954223633,132262000
2017-10-31,55.263999938964844,55.263999938964844,69540000
2017-11-01,55.183998107910156,55.183998107910156,75110000
2017-11-02,54.71099853515625,54.71099853515625,73698000
2017-11-03,55.58000183105469,55.58000183105469,75030000
2017-11-06,56.03300094604492,56.03300094604492,67622000
2017-11-07,56.15850067138672,56.15850067138672,53780000
2017-11-08,56.64400100708008,56.64400100708008,51630000
2017-11-09,56.45650100708008,56.45650100708008,74654000
2017-11-10,56.26750183105469,56.26750183105469,43598000
2017-11-13,56.458499908447266,56.458499908447266,58368000
2017-11-14,56.84199905395508,56.84199905395508,62768000
2017-11-15,56.33449935913086,56.33449935913086,78574000
2017-11-16,56.864498138427734,56.864498138427734,44266000
2017-11-17,56.49399948120117,56.49399948120117,48268000
2017-11-20,56.31549835205078,56.31549835205078,43278000
2017-11-21,56.9744987487793,56.9744987487793,49588000
2017-11-22,57.80799865722656,57.80799865722656,71106000
2017-11-24,59.29999923706055,59.29999923706055,70560000
2017-11-27,59.791500091552734,59.791500091552734,134880000
2017-11-28,59.68000030517578,59.68000030517578,91188000
2017-11-29,58.063499450683594,58.063499450683594,185150000
2017-11-30,58.837501525878906,58.837501525878906,90184000
2017-12-01,58.11750030517578,58.11750030517578,82142000
2017-12-04,56.6974983215332,56.6974983215332,118638000
2017-12-05,57.07849884033203,57.07849884033203,81596000
2017-12-06,57.61750030517578,57.61750030517578,57066000
2017-12-07,57.989498138427734,57.989498138427734,50232000
2017-12-08,58.099998474121094,58.099998474121094,61002000
2017-12-11,58.44599914550781,58.44599914550781,47270000
2017-12-12,58.25400161743164,58.25400161743164,44718000
2017-12-13,58.20650100708008,58.20650100708008,52336000
2017-12-14,58.7130012512207,58.7130012512207,64286000
2017-12-15,58.957000732421875,58.957000732421875,95572000
2017-12-18,59.52899932861328,59.52899932861328,58952000
2017-12-19,59.36899948120117,59.36899948120117,51756000
2017-12-20,58.88100051879883,58.88100051879883,47424000
2017-12-21,58.737998962402344,58.737998962402344,42462000
2017-12-22,58.417999267578125,58.417999267578125,31702000
2017-12-26,58.8380012512207,58.8380012512207,40104000
2017-12-27,59.112998962402344,59.112998962402344,37344000
2017-12-28,59.30500030517578,59.30500030517578,36834000
2017-12-29,58.4734992980957,58.4734992980957,53768000
2018-01-02,59.45050048828125,59.45050048828125,53890000
2018-01-03,60.209999084472656,60.209999084472656,62176000
2018-01-04,60.47949981689453,60.47949981689453,60442000
2018-01-05,61.457000732421875,61.457000732421875,70894000
2018-01-08,62.34349822998047,62.34349822998047,85590000
2018-01-09,62.6349983215332,62.6349983215332,73226000
2018-01-10,62.71649932861328,62.71649932861328,53720000
2018-01-11,63.83399963378906,63.83399963378906,62500000
2018-01-12,65.26000213623047,65.26000213623047,108874000
2018-01-16,65.24299621582031,65.24299621582031,144414000
2018-01-17,64.75,64.75,105076000
2018-01-18,64.66600036621094,64.66600036621094,80538000
2018-01-19,64.72899627685547,64.72899627685547,91570000
2018-01-22,66.3655014038086,66.3655014038086,82802000
2018-01-23,68.12699890136719,68.12699890136719,103386000
2018-01-24,67.87550354003906,67.87550354003906,136150000
2018-01-25,68.89749908447266,68.89749908447266,95060000
2018-01-26,70.10250091552734,70.10250091552734,97146000
2018-01-29,70.88400268554688,70.88400268554688,114038000
2018-01-30,71.89099884033203,71.89099884033203,117438000
2018-01-31,72.54450225830078,72.54450225830078,128494000
2018-02-01,69.5,69.5,182276000
2018-02-02,71.49749755859375,71.49749755859375,222514000
2018-02-05,69.5,69.5,229900000
2018-02-06,72.14199829101562,72.14199829101562,221336000
2018-02-07,70.83899688720703,70.83899688720703,143254000
2018-02-08,67.5250015258789,67.5250015258789,171572000
2018-02-09,66.9800033569336,66.9800033569336,282830000
2018-02-12,69.3115005493164,69.3115005493164,134778000
2018-02-13,70.72550201416016,70.72550201416016,118358000
2018-02-14,72.55249786376953,72.55249786376953,119184000
2018-02-15,73.08799743652344,73.08799743652344,113054000
2018-02-16,72.43450164794922,72.43450164794922,89452000
2018-02-20,73.4175033569336,73.4175033569336,129984000
2018-02-21,74.14600372314453,74.14600372314453,126088000
2018-02-22,74.26699829101562,74.26699829101562,97162000
2018-02-23,75.0,75.0,88362000
2018-02-26,76.09750366210938,76.09750366210938,99100000
2018-02-27,75.5989990234375,75.5989990234375,96176000
2018-02-28,75.62249755859375,75.62249755859375,90300000
2018-03-01,74.67250061035156,74.67250061035156,136704000
2018-03-02,75.01249694824219,75.01249694824219,131752000
2018-03-05,76.18049621582031,76.18049621582031,104678000
2018-03-06,76.88200378417969,76.88200378417969,91234000
2018-03-07,77.25,77.25,83482000
2018-03-08,77.59300231933594,77.59300231933594,77252000
2018-03-09,78.94450378417969,78.94450378417969,90686000
2018-03-12,79.91950225830078,79.91950225830078,103484000
2018-03-13,79.40899658203125,79.40899658203125,130638000
2018-03-14,79.55000305175781,79.55000305175781,85188000
2018-03-15,79.11599731445312,79.11599731445312,81394000
2018-03-16,78.58399963378906,78.58399963378906,108500000
2018-03-19,77.24649810791016,77.24649810791016,131616000
2018-03-20,79.32550048828125,79.32550048828125,91632000
2018-03-21,79.09300231933594,79.09300231933594,95016000
2018-03-22,77.24600219726562,77.24600219726562,126412000
2018-03-23,74.77799987792969,74.77799987792969,160120000
2018-03-26,77.79299926757812,77.79299926757812,112494000
2018-03-27,74.85250091552734,74.85250091552734,139992000
2018-03-28,71.57099914550781,71.57099914550781,274106000
2018-03-29,72.36699676513672,72.36699676513672,251622000
2018-04-02,68.59950256347656,68.59950256347656,209272000
2018-04-03,69.60250091552734,69.60250091552734,204624000
2018-04-04,70.52850341796875,70.52850341796875,139646000
2018-04-05,72.5875015258789,72.5875015258789,128270000
2018-04-06,70.2614974975586,70.2614974975586,117646000
2018-04-09,70.30400085449219,70.30400085449219,84164000
2018-04-10,71.81099700927734,71.81099700927734,85082000
2018-04-11,71.35250091552734,71.35250091552734,71650000
2018-04-12,72.42500305175781,72.42500305175781,62700000
2018-04-13,71.53949737548828,71.53949737548828,73706000
2018-04-16,72.07499694824219,72.07499694824219,56172000
2018-04-17,75.19149780273438,75.19149780273438,102288000
2018-04-18,76.39199829101562,76.39199829101562,104550000
2018-04-19,77.84549713134766,77.84549713134766,130474000
2018-04-20,76.37449645996094,76.37449645996094,110832000
2018-04-23,75.89299774169922,75.89299774169922,89308000
2018-04-24,73.00450134277344,73.00450134277344,149894000
2018-04-25,73.00849914550781,73.00849914550781,131746000
2018-04-26,75.89800262451172,75.89800262451172,176022000
2018-04-27,78.63099670410156,78.63099670410156,261064000
2018-04-30,78.30650329589844,78.30650329589844,109282000
2018-05-01,79.11299896240234,79.11299896240234,91442000
2018-05-02,78.48400115966797,78.48400115966797,87206000
2018-05-03,78.60399627685547,78.60399627685547,85038000
2018-05-04,79.04750061035156,79.04750061035156,68872000
2018-05-07,80.00700378417969,80.00700378417969,76038000
2018-05-08,79.61949920654297,79.61949920654297,61358000
2018-05-09,80.4000015258789,80.4000015258789,72746000
2018-05-10,80.4540023803711,80.4540023803711,56350000
2018-05-11,80.14550018310547,80.14550018310547,45278000
2018-05-14,80.0770034790039,80.0770034790039,50190000
2018-05-15,78.80599975585938,78.80599975585938,101550000
2018-05-16,79.36399841308594,79.36399841308594,51412000
2018-05-17,79.08799743652344,79.08799743652344,42952000
2018-05-18,78.71849822998047,78.71849822998047,52852000
2018-05-21,79.27300262451172,79.27300262451172,58504000
2018-05-22,79.06999969482422,79.06999969482422,42312000
2018-05-23,80.09300231933594,80.09300231933594,67238000
2018-05-24,80.15350341796875,80.15350341796875,68600000
2018-05-25,80.50749969482422,80.50749969482422,53968000
2018-05-29,80.64350128173828,80.64350128173828,76930000
2018-05-30,81.24449920654297,81.24449920654297,58148000
2018-05-31,81.48100280761719,81.48100280761719,63326000
2018-06-01,82.0770034790039,82.0770034790039,66268000
2018-06-04,83.26349639892578,83.26349639892578,63754000
2018-06-05,84.81749725341797,84.81749725341797,95644000
2018-06-06,84.7874984741211,84.7874984741211,109464000
2018-06-07,84.46499633789062,84.46499633789062,75314000
2018-06-08,84.19950103759766,84.19950103759766,59102000
2018-06-11,84.45600128173828,84.45600128173828,46710000
2018-06-12,84.9375,84.9375,45184000
2018-06-13,85.24299621582031,85.24299621582031,66550000
2018-06-14,86.19300079345703,86.19300079345703,63488000
2018-06-15,85.79850006103516,85.79850006103516,95552000
2018-06-18,86.18949890136719,86.18949890136719,62154000
2018-06-19,86.73899841308594,86.73899841308594,85802000
2018-06-20,87.50399780273438,87.50399780273438,86652000
2018-06-21,86.51100158691406,86.51100158691406,98822000
2018-06-22,85.78350067138672,85.78350067138672,81502000
2018-06-25,83.15750122070312,83.15750122070312,150224000
2018-06-26,84.55449676513672,84.55449676513672,87732000
2018-06-27,83.02549743652344,83.02549743652344,97444000
2018-06-28,85.07250213623047,85.07250213623047,90594000
2018-06-29,84.98999786376953,84.98999786376953,90870000
2018-07-02,85.68900299072266,85.68900299072266,63714000
2018-07-03,84.697998046875,84.697998046875,43546000
2018-07-05,84.98650360107422,84.98650360107422,59662000
2018-07-06,85.53150177001953,85.53150177001953,53006000
2018-07-09,86.95099639892578,86.95099639892578,60240000
2018-07-10,87.15350341796875,87.15350341796875,60058000
2018-07-11,87.75,87.75,64196000
2018-07-12,89.83100128173828,89.83100128173828,90654000
2018-07-13,90.65149688720703,90.65149688720703,87664000
2018-07-16,91.12449645996094,91.12449645996094,109324000
2018-07-17,92.19650268554688,92.19650268554688,113658000
2018-07-18,92.14600372314453,92.14600372314453,97238000
2018-07-19,90.64849853515625,90.64849853515625,93538000
2018-07-20,90.68499755859375,90.68499755859375,77688000
2018-07-23,90.0999984741211,90.0999984741211,77770000
2018-07-24,91.46199798583984,91.46199798583984,85574000
2018-07-25,93.18049621582031,93.18049621582031,74764000
2018-07-26,90.4000015258789,90.4000015258789,198488000
2018-07-27,90.8635025024414,90.8635025024414,193620000
2018-07-30,88.96099853515625,88.96099853515625,131246000
2018-07-31,88.87200164794922,88.87200164794922,114774000
2018-08-01,89.8584976196289,89.8584976196289,83062000
2018-08-02,91.71649932861328,91.71649932861328,87094000
2018-08-03,91.16449737548828,91.16449737548828,69210000
2018-08-06,92.38749694824219,92.38749694824219,67836000
2018-08-07,93.1240005493164,93.1240005493164,67550000
2018-08-08,94.32599639892578,94.32599639892578,79260000
2018-08-09,94.9260025024414,94.9260025024414,97208000
2018-08-10,94.31500244140625,94.31500244140625,72798000
2018-08-13,94.80999755859375,94.80999755859375,110630000
2018-08-14,95.98249816894531,95.98249816894531,79722000
2018-08-15,94.13099670410156,94.13099670410156,154014000
2018-08-16,94.32599639892578,94.32599639892578,79142000
2018-08-17,94.11100006103516,94.11100006103516,82086000
2018-08-20,93.83550262451172,93.83550262451172,57240000
2018-08-21,94.1709976196289,94.1709976196289,62112000
2018-08-22,95.24500274658203,95.24500274658203,61610000
2018-08-23,95.1449966430664,95.1449966430664,71260000
2018-08-24,95.26950073242188,95.26950073242188,56018000
2018-08-27,96.38400268554688,96.38400268554688,71380000
2018-08-28,96.64099884033203,96.64099884033203,62014000
2018-08-29,99.90499877929688,99.90499877929688,130636000
2018-08-30,100.11900329589844,100.11900329589844,145546000
2018-08-31,100.635498046875,100.635498046875,84088000
2018-09-04,101.97550201416016,101.97550201416016,114422000
2018-09-05,99.74099731445312,99.74099731445312,164412000
2018-09-06,97.91549682617188,97.91549682617188,149774000
2018-09-07,97.60350036621094,97.60350036621094,97852000
2018-09-10,96.95050048828125,96.95050048828125,90896000
2018-09-11,99.35749816894531,99.35749816894531,100672000
2018-09-12,99.5,99.5,88280000
2018-09-13,99.49349975585938,99.49349975585938,72430000
2018-09-14,98.5094985961914,98.5094985961914,72840000
2018-09-17,95.40149688720703,95.40149688720703,141004000
2018-09-18,97.05249786376953,97.05249786376953,85374000
2018-09-19,96.32099914550781,96.32099914550781,81136000
2018-09-20,97.21499633789062,97.21499633789062,63098000
2018-09-21,95.75050354003906,95.75050354003906,137118000
2018-09-24,96.71800231933594,96.71800231933594,84274000
2018-09-25,98.72750091552734,98.72750091552734,90768000
2018-09-26,98.74250030517578,98.74250030517578,86270000
2018-09-27,100.64900207519531,100.64900207519531,86588000
2018-09-28,100.1500015258789,100.1500015258789,81702000
2018-10-01,100.21800231933594,100.21800231933594,69210000
2018-10-02,98.56549835205078,98.56549835205078,108014000
2018-10-03,97.63800048828125,97.63800048828125,105062000
2018-10-04,95.47100067138672,95.47100067138672,145140000
2018-10-05,94.48249816894531,94.48249816894531,136446000
2018-10-08,93.22100067138672,93.22100067138672,147864000
2018-10-09,93.51599884033203,93.51599884033203,95458000
2018-10-10,87.76249694824219,87.76249694824219,219778000
2018-10-11,85.96800231933594,85.96800231933594,278718000
2018-10-12,89.43049621582031,89.43049621582031,188892000
2018-10-15,88.04750061035156,88.04750061035156,128744000
2018-10-16,90.99800109863281,90.99800109863281,117198000
2018-10-17,91.58650207519531,91.58650207519531,105904000
2018-10-18,88.53600311279297,88.53600311279297,117480000
2018-10-19,88.20149993896484,88.20149993896484,118144000
2018-10-22,89.46499633789062,89.46499633789062,90000000
2018-10-23,88.43499755859375,88.43499755859375,134478000
2018-10-24,83.20999908447266,83.20999908447266,138568000
2018-10-25,89.1084976196289,89.1084976196289,205714000
2018-10-26,82.1405029296875,82.1405029296875,299276000
2018-10-29,76.94400024414062,76.94400024414062,277322000
2018-10-30,76.52100372314453,76.52100372314453,249202000
2018-10-31,79.90049743652344,79.90049743652344,187804000
2018-11-01,83.27649688720703,83.27649688720703,162710000
2018-11-02,83.27649688720703,83.27649688720703,139110000
2018-11-05,81.38999938964844,81.38999938964844,112494000
2018-11-06,82.1405029296875,82.1405029296875,85148000
2018-11-07,87.77449798583984,87.77449798583984,163844000
2018-11-08,87.74549865722656,87.74549865722656,130698000
2018-11-09,85.62149810791016,85.62149810791016,118044000
2018-11-12,81.84249877929688,81.84249877929688,136124000
2018-11-13,81.55850219726562,81.55850219726562,118666000
2018-11-14,79.95050048828125,79.95050048828125,129738000
2018-11-15,80.97200012207031,80.97200012207031,168546000
2018-11-16,79.67050170898438,79.67050170898438,121322000
2018-11-19,75.614501953125,75.614501953125,155800000
2018-11-20,74.77300262451172,74.77300262451172,217576000
2018-11-21,75.83650207519531,75.83650207519531,114336000
2018-11-23,75.10299682617188,75.10299682617188,54152000
2018-11-26,79.06649780273438,79.06649780273438,125154000
2018-11-27,79.07099914550781,79.07099914550781,115664000
2018-11-28,83.88749694824219,83.88749694824219,169174000
2018-11-29,83.67849731445312,83.67849731445312,132264000
2018-11-30,84.50849914550781,84.50849914550781,115236000
2018-12-03,88.61799621582031,88.61799621582031,137246000
2018-12-04,83.41999816894531,83.41999816894531,173890000
2018-12-06,84.95950317382812,84.95950317382812,175788000
2018-12-07,81.45649719238281,81.45649719238281,151522000
2018-12-10,82.05149841308594,82.05149841308594,149896000
2018-12-11,82.16200256347656,82.16200256347656,124894000
2018-12-12,83.177001953125,83.177001953125,131960000
2018-12-13,82.91899871826172,82.91899871826172,105426000
2018-12-14,79.59549713134766,79.59549713134766,127344000
2018-12-17,76.04550170898438,76.04550170898438,176596000
2018-12-18,77.5739974975586,77.5739974975586,130460000
2018-12-19,74.75399780273438,74.75399780273438,175844000
2018-12-20,73.04149627685547,73.04149627685547,199836000
2018-12-21,68.87249755859375,68.87249755859375,272806000
2018-12-24,67.197998046875,67.197998046875,144400000
2018-12-26,73.54499816894531,73.54499816894531,208236000
2018-12-27,73.08200073242188,73.08200073242188,194440000
2018-12-28,73.9010009765625,73.9010009765625,176580000
2018-12-31,75.09850311279297,75.09850311279297,139090000
2019-01-02,76.95649719238281,76.95649719238281,159662000
2019-01-03,75.01399993896484,75.01399993896484,139512000
2019-01-04,78.76950073242188,78.76950073242188,183652000
2019-01-07,81.47550201416016,81.47550201416016,159864000
2019-01-08,82.8290023803711,82.8290023803711,177628000
2019-01-09,82.97100067138672,82.97100067138672,126976000
2019-01-10,82.81099700927734,82.81099700927734,130154000
2019-01-11,82.02799987792969,82.02799987792969,93724000
2019-01-14,80.8604965209961,80.8604965209961,120118000
2019-01-15,83.72799682617188,83.72799682617188,119970000
2019-01-16,84.18900299072266,84.18900299072266,127338000
2019-01-17,84.66100311279297,84.66100311279297,84178000
2019-01-18,84.80999755859375,84.80999755859375,120410000
2019-01-22,81.6084976196289,81.6084976196289,128336000
2019-01-23,82.0009994506836,82.0009994506836,104504000
2019-01-24,82.74649810791016,82.74649810791016,81798000
2019-01-25,83.52850341796875,83.52850341796875,98918000
2019-01-28,81.89450073242188,81.89450073242188,96754000
2019-01-29,79.69400024414062,79.69400024414062,92656000
2019-01-30,83.52149963378906,83.52149963378906,115676000
2019-01-31,85.9365005493164,85.9365005493164,218206000
2019-02-01,81.3115005493164,81.3115005493164,230124000
2019-02-04,81.66549682617188,81.66549682617188,98582000
2019-02-05,82.94049835205078,82.94049835205078,89062000
2019-02-06,82.01300048828125,82.01300048828125,78798000
2019-02-07,80.71849822998047,80.71849822998047,92532000
2019-02-08,79.41100311279297,79.41100311279297,113150000
2019-02-11,79.55000305175781,79.55000305175781,66346000
2019-02-12,81.90049743652344,81.90049743652344,97172000
2019-02-13,82.0,82.0,71206000
2019-02-14,81.13249969482422,81.13249969482422,82410000
2019-02-15,80.39749908447266,80.39749908447266,86878000
2019-02-19,81.37899780273438,81.37899780273438,73634000
2019-02-20,81.1050033569336,81.1050033569336,66752000
2019-02-21,80.97200012207031,80.97200012207031,69668000
2019-02-22,81.5780029296875,81.5780029296875,61924000
2019-02-25,81.6500015258789,81.6500015258789,63690000
2019-02-26,81.81999969482422,81.81999969482422,53316000
2019-02-27,82.05449676513672,82.05449676513672,62976000
2019-02-28,81.99150085449219,81.99150085449219,60518000
2019-03-01,83.58650207519531,83.58650207519531,99498000
2019-03-04,84.80850219726562,84.80850219726562,123348000
2019-03-05,84.62149810791016,84.62149810791016,73630000
2019-03-06,83.44750213623047,83.44750213623047,79920000
2019-03-07,81.29750061035156,81.29750061035156,99140000
2019-03-08,81.04000091552734,81.04000091552734,93340000
2019-03-11,83.53099822998047,83.53099822998047,77528000
2019-03-12,83.65499877929688,83.65499877929688,72290000
2019-03-13,84.54049682617188,84.54049682617188,71040000
2019-03-14,84.31099700927734,84.31099700927734,58932000
2019-03-15,85.61799621582031,85.61799621582031,151018000
2019-03-18,87.10749816894531,87.10749816894531,108582000
2019-03-19,88.09249877929688,88.09249877929688,127284000
2019-03-20,89.8635025024414,89.8635025024414,125312000
2019-03-21,90.96299743652344,90.96299743652344,115356000
2019-03-22,88.2385025024414,88.2385025024414,127260000
2019-03-25,88.71299743652344,88.71299743652344,102076000
2019-03-26,89.18800354003906,89.18800354003906,97318000
2019-03-27,88.28500366210938,88.28500366210938,86496000
2019-03-28,88.6709976196289,88.6709976196289,60860000
2019-03-29,89.0374984741211,89.0374984741211,66416000
2019-04-01,90.70950317382812,90.70950317382812,84776000
2019-04-02,90.6989974975586,90.6989974975586,68962000
2019-04-03,91.03500366210938,91.03500366210938,78522000
2019-04-04,90.94300079345703,90.94300079345703,72478000
2019-04-05,91.86399841308594,91.86399841308594,72810000
2019-04-08,92.49299621582031,92.49299621582031,75056000
2019-04-09,91.79199981689453,91.79199981689453,74288000
2019-04-10,92.36650085449219,92.36650085449219,59280000
2019-04-11,92.20349884033203,92.20349884033203,53096000
2019-04-12,92.15299987792969,92.15299987792969,62288000
2019-04-15,92.24349975585938,92.24349975585938,74488000
2019-04-16,93.1520004272461,93.1520004272461,60892000
2019-04-17,93.24099731445312,93.24099731445312,57870000
2019-04-18,93.08450317382812,93.08450317382812,54998000
2019-04-22,94.3655014038086,94.3655014038086,67476000
2019-04-23,96.1884994506836,96.1884994506836,92808000
2019-04-24,95.0875015258789,95.0875015258789,73516000
2019-04-25,95.11250305175781,95.11250305175781,121982000
2019-04-26,97.53150177001953,97.53150177001953,168652000
2019-04-29,96.92150115966797,96.92150115966797,80426000
2019-04-30,96.32599639892578,96.32599639892578,70120000
2019-05-01,95.57599639892578,95.57599639892578,62340000
2019-05-02,95.04100036621094,95.04100036621094,79258000
2019-05-03,98.12300109863281,98.12300109863281,127632000
2019-05-06,97.52749633789062,97.52749633789062,108356000
2019-05-07,96.05000305175781,96.05000305175781,118042000
2019-05-08,95.88849639892578,95.88849639892578,81572000
2019-05-09,94.99349975585938,94.99349975585938,106166000
2019-05-10,94.4990005493164,94.4990005493164,114360000
2019-05-13,91.13400268554688,91.13400268554688,115668000
2019-05-14,92.00599670410156,92.00599670410156,92582000
2019-05-15,93.55750274658203,93.55750274658203,93852000
2019-05-16,95.37850189208984,95.37850189208984,94156000
2019-05-17,93.44999694824219,93.44999694824219,94732000
2019-05-20,92.94850158691406,92.94850158691406,75964000
2019-05-21,92.8759994506836,92.8759994506836,80102000
2019-05-22,92.98400115966797,92.98400115966797,58732000
2019-05-23,90.77400207519531,90.77400207519531,88486000
2019-05-24,91.16400146484375,91.16400146484375,67394000
2019-05-28,91.82150268554688,91.82150268554688,64000000
2019-05-29,90.95950317382812,90.95950317382812,85580000
2019-05-30,90.81600189208984,90.81600189208984,62938000
2019-05-31,88.75350189208984,88.75350189208984,92376000
2019-06-03,84.6344985961914,84.6344985961914,181974000
2019-06-04,86.47799682617188,86.47799682617188,113582000
2019-06-05,86.92500305175781,86.92500305175781,84796000
2019-06-06,87.71800231933594,87.71800231933594,73786000
2019-06-07,90.20149993896484,90.20149993896484,96164000
2019-06-10,93.03150177001953,93.03150177001953,107420000
2019-06-11,93.18499755859375,93.18499755859375,80854000
2019-06-12,92.76599884033203,92.76599884033203,53566000
2019-06-13,93.51499938964844,93.51499938964844,55916000
2019-06-14,93.4834976196289,93.4834976196289,57024000
2019-06-17,94.30149841308594,94.30149841308594,52686000
2019-06-18,95.06849670410156,95.06849670410156,77914000
2019-06-19,95.43949890136719,95.43949890136719,57906000
2019-06-20,95.90950012207031,95.90950012207031,64344000
2019-06-21,95.56500244140625,95.56500244140625,78672000
2019-06-24,95.69499969482422,95.69499969482422,45660000
2019-06-25,93.91349792480469,93.91349792480469,60246000
2019-06-26,94.8915023803711,94.8915023803711,48838000
2019-06-27,95.21399688720703,95.21399688720703,42834000
2019-06-28,94.68150329589844,94.68150329589844,60748000
2019-07-01,96.1094970703125,96.1094970703125,63842000
2019-07-02,96.71549987792969,96.71549987792969,52918000
2019-07-03,96.94999694824219,96.94999694824219,33806000
2019-07-05,97.14550018310547,97.14550018310547,52568000
2019-07-08,97.61599731445312,97.61599731445312,57668000
2019-07-09,99.41500091552734,99.41500091552734,86914000
2019-07-10,100.87049865722656,100.87049865722656,98638000
2019-07-11,100.05349731445312,100.05349731445312,86356000
2019-07-12,100.55000305175781,100.55000305175781,50186000
2019-07-15,101.04949951171875,101.04949951171875,59626000
2019-07-16,100.49500274658203,100.49500274658203,52364000
2019-07-17,99.60150146484375,99.60150146484375,51176000
2019-07-18,98.8949966430664,98.8949966430664,69738000
2019-07-19,98.22599792480469,98.22599792480469,63712000
2019-07-22,99.28150177001953,99.28150177001953,58000000
2019-07-23,99.72450256347656,99.72450256347656,54070000
2019-07-24,100.04049682617188,100.04049682617188,52626000
2019-07-25,98.69100189208984,98.69100189208984,82730000
2019-07-26,97.15249633789062,97.15249633789062,98542000
2019-07-29,95.62249755859375,95.62249755859375,89864000
2019-07-30,94.92649841308594,94.92649841308594,58218000
2019-07-31,93.33899688720703,93.33899688720703,89414000
2019-08-01,92.76599884033203,92.76599884033203,94266000
2019-08-02,91.16200256347656,91.16200256347656,99124000
2019-08-05,88.25650024414062,88.25650024414062,121164000
2019-08-06,89.3915023803711,89.3915023803711,101406000
2019-08-07,89.66999816894531,89.66999816894531,90538000
2019-08-08,91.64450073242188,91.64450073242188,74024000
2019-08-09,90.37899780273438,90.37899780273438,57596000
2019-08-12,89.24600219726562,89.24600219726562,58110000
2019-08-13,91.21700286865234,91.21700286865234,79880000
2019-08-14,88.14800262451172,88.14800262451172,97872000
2019-08-15,88.80599975585938,88.80599975585938,75182000
2019-08-16,89.62850189208984,89.62850189208984,60360000
2019-08-19,90.80599975585938,90.80599975585938,56326000
2019-08-20,90.06900024414062,90.06900024414062,38590000
2019-08-21,91.177001953125,91.177001953125,40636000
2019-08-22,90.23300170898438,90.23300170898438,53070000
2019-08-23,87.48100280761719,87.48100280761719,105416000
2019-08-26,88.44349670410156,88.44349670410156,61600000
2019-08-27,88.09149932861328,88.09149932861328,60394000
2019-08-28,88.2125015258789,88.2125015258789,48394000
2019-08-29,89.31999969482422,89.31999969482422,60302000
2019-08-30,88.81449890136719,88.81449890136719,61174000
2019-09-03,89.49199676513672,89.49199676513672,70860000
2019-09-04,90.03099822998047,90.03099822998047,46482000
2019-09-05,92.03600311279297,92.03600311279297,66216000
2019-09-06,91.67549896240234,91.67549896240234,49938000
2019-09-09,91.56749725341797,91.56749725341797,59990000
2019-09-10,91.02749633789062,91.02749633789062,52278000
2019-09-11,91.14949798583984,91.14949798583984,48656000
2019-09-12,92.17749786376953,92.17749786376953,56470000
2019-09-13,91.96700286865234,91.96700286865234,39426000
2019-09-16,90.39199829101562,90.39199829101562,73510000
2019-09-17,91.12750244140625,91.12750244140625,39648000
2019-09-18,90.87300109863281,90.87300109863281,50112000
2019-09-19,91.07499694824219,91.07499694824219,40630000
2019-09-20,89.70800018310547,89.70800018310547,106838000
2019-09-23,89.26499938964844,89.26499938964844,58446000
2019-09-24,87.08049774169922,87.08049774169922,92320000
2019-09-25,88.41649627685547,88.41649627685547,69864000
2019-09-26,86.99199676513672,86.99199676513672,70736000
2019-09-27,86.27249908447266,86.27249908447266,78144000
2019-09-30,86.79550170898438,86.79550170898438,52894000
2019-10-01,86.78250122070312,86.78250122070312,61690000
2019-10-02,85.6614990234375,85.6614990234375,66022000
2019-10-03,86.22100067138672,86.22100067138672,69364000
2019-10-04,86.98249816894531,86.98249816894531,49438000
2019-10-07,86.63300323486328,86.63300323486328,43094000
2019-10-08,85.27549743652344,85.27549743652344,50840000
2019-10-09,86.09950256347656,86.09950256347656,40870000
2019-10-10,86.01300048828125,86.01300048828125,51504000
2019-10-11,86.59600067138672,86.59600067138672,65100000
2019-10-14,86.82150268554688,86.82150268554688,38204000
2019-10-15,88.36900329589844,88.36900329589844,62234000
2019-10-16,88.87149810791016,88.87149810791016,55268000
2019-10-17,89.3740005493164,89.3740005493164,52948000
2019-10-18,87.87550354003906,87.87550354003906,67250000
2019-10-21,89.28299713134766,89.28299713134766,42608000
2019-10-22,88.2864990234375,88.2864990234375,42234000
2019-10-23,88.1084976196289,88.1084976196289,42764000
2019-10-24,89.03900146484375,89.03900146484375,88922000
2019-10-25,88.06649780273438,88.06649780273438,192528000
2019-10-28,88.85399627685547,88.85399627685547,74178000
2019-10-29,88.135498046875,88.135498046875,45538000
2019-10-30,88.99949645996094,88.99949645996094,48988000
2019-10-31,88.83300018310547,88.83300018310547,55624000
2019-11-01,89.5719985961914,89.5719985961914,55808000
2019-11-04,90.23300170898438,90.23300170898438,55438000
2019-11-05,90.08550262451172,90.08550262451172,37710000
2019-11-06,89.78849792480469,89.78849792480469,40596000
2019-11-07,89.41000366210938,89.41000366210938,53022000
2019-11-08,89.29399871826172,89.29399871826172,42466000
2019-11-11,88.5824966430664,88.5824966430664,38920000
2019-11-12,88.9000015258789,88.9000015258789,40752000
2019-11-13,87.65550231933594,87.65550231933594,59790000
2019-11-14,87.7300033569336,87.7300033569336,45296000
2019-11-15,86.97450256347656,86.97450256347656,78552000
2019-11-18,87.62650299072266,87.62650299072266,56790000
2019-11-19,87.6395034790039,87.6395034790039,45416000
2019-11-20,87.27649688720703,87.27649688720703,55800000
2019-11-21,86.7354965209961,86.7354965209961,53258000
2019-11-22,87.28600311279297,87.28600311279297,49582000
2019-11-25,88.69200134277344,88.69200134277344,69724000
2019-11-26,89.84700012207031,89.84700012207031,63624000
2019-11-27,90.92549896240234,90.92549896240234,60512000
2019-11-29,90.04000091552734,90.04000091552734,38468000
2019-12-02,89.08000183105469,89.08000183105469,78512000
2019-12-03,88.49800109863281,88.49800109863281,67618000
2019-12-04,88.03450012207031,88.03450012207031,53402000
2019-12-05,87.02400207519531,87.02400207519531,56476000
2019-12-06,87.58000183105469,87.58000183105469,62348000
2019-12-09,87.47550201416016,87.47550201416016,48856000
2019-12-10,86.96050262451172,86.96050262451172,50286000
2019-12-11,87.43599700927734,87.43599700927734,41952000
2019-12-12,88.0165023803711,88.0165023803711,61918000
2019-12-13,88.0469970703125,88.0469970703125,54914000
2019-12-16,88.46050262451172,88.46050262451172,62904000
2019-12-17,89.53299713134766,89.53299713134766,72888000
2019-12-18,89.20149993896484,89.20149993896484,67028000
2019-12-19,89.61399841308594,89.61399841308594,53056000
2019-12-20,89.32499694824219,89.32499694824219,103016000
2019-12-23,89.6500015258789,89.6500015258789,42728000
2019-12-24,89.46050262451172,89.46050262451172,17626000
2019-12-26,93.4384994506836,93.4384994506836,120108000
2019-12-27,93.48999786376953,93.48999786376953,123732000
2019-12-30,92.34449768066406,92.34449768066406,73494000
2019-12-31,92.39199829101562,92.39199829101562,50130000
2020-01-02,94.90049743652344,94.90049743652344,80580000
2020-01-03,93.74849700927734,93.74849700927734,75288000
2020-01-06,95.14399719238281,95.14399719238281,81236000
2020-01-07,95.34300231933594,95.34300231933594,80898000
2020-01-08,94.59850311279297,94.59850311279297,70160000
2020-01-09,95.05249786376953,95.05249786376953,63346000
2020-01-10,94.15799713134766,94.15799713134766,57074000
2020-01-13,94.56500244140625,94.56500244140625,55616000
2020-01-14,93.47200012207031,93.47200012207031,68818000
2020-01-15,93.10099792480469,93.10099792480469,57932000
2020-01-16,93.89700317382812,93.89700317382812,53190000
2020-01-17,93.23600006103516,93.23600006103516,79946000
2020-01-21,94.5999984741211,94.5999984741211,74156000
2020-01-22,94.37300109863281,94.37300109863281,64326000
2020-01-23,94.22899627685547,94.22899627685547,49692000
2020-01-24,93.08200073242188,93.08200073242188,75324000
2020-01-27,91.41699981689453,91.41699981689453,70570000
2020-01-28,92.6624984741211,92.6624984741211,56160000
2020-01-29,92.9000015258789,92.9000015258789,41760000
2020-01-30,93.53399658203125,93.53399658203125,126548000
2020-01-31,100.43599700927734,100.43599700927734,311346000
2020-02-03,100.20999908447266,100.20999908447266,117834000
2020-02-04,102.4834976196289,102.4834976196289,105786000
2020-02-05,101.99349975585938,101.99349975585938,87524000
2020-02-06,102.5114974975586,102.5114974975586,63660000
2020-02-07,103.96399688720703,103.96399688720703,101906000
2020-02-10,106.69550323486328,106.69550323486328,101124000
2020-02-11,107.54000091552734,107.54000091552734,114920000
2020-02-12,108.0,108.0,66686000
2020-02-13,107.49349975585938,107.49349975585938,60636000
2020-02-14,106.74349975585938,106.74349975585938,52124000
2020-02-18,107.78350067138672,107.78350067138672,58912000
2020-02-19,108.51100158691406,108.51100158691406,51224000
2020-02-20,107.65499877929688,107.65499877929688,62626000
2020-02-21,104.79850006103516,104.79850006103516,92926000
2020-02-24,100.4645004272461,100.4645004272461,130940000
2020-02-25,98.63700103759766,98.63700103759766,124382000
2020-02-26,98.97949981689453,98.97949981689453,104492000
2020-02-27,94.21499633789062,94.21499633789062,162880000
2020-02-28,94.1875,94.1875,189620000
2020-03-02,97.69750213623047,97.69750213623047,135234000
2020-03-03,95.44950103759766,95.44950103759766,150690000
2020-03-04,98.79149627685547,98.79149627685547,95458000
2020-03-05,96.20149993896484,96.20149993896484,94964000
2020-03-06,95.05449676513672,95.05449676513672,105472000
2020-03-09,90.03050231933594,90.03050231933594,156264000
2020-03-10,94.59100341796875,94.59100341796875,142666000
2020-03-11,91.04299926757812,91.04299926757812,112496000
2020-03-12,83.83049774169922,83.83049774169922,226924000
2020-03-13,89.25,89.25,176194000
2020-03-16,84.4574966430664,84.4574966430664,178346000
2020-03-17,90.39199829101562,90.39199829101562,218342000
2020-03-18,91.5,91.5,192904000
2020-03-19,94.04650115966797,94.04650115966797,207998000
2020-03-20,92.30449676513672,92.30449676513672,196358000
2020-03-23,95.1415023803711,95.1415023803711,156170000
2020-03-24,97.00499725341797,97.00499725341797,142942000
2020-03-25,94.29199981689453,94.29199981689453,129582000
2020-03-26,97.77449798583984,97.77449798583984,124426000
2020-03-27,95.00499725341797,95.00499725341797,107758000
2020-03-30,98.19750213623047,98.19750213623047,122522000
2020-03-31,97.48600006103516,97.48600006103516,102472000
2020-04-01,95.38500213623047,95.38500213623047,82438000
2020-04-02,95.94149780273438,95.94149780273438,86720000
2020-04-03,95.32949829101562,95.32949829101562,72198000
2020-04-06,99.87950134277344,99.87950134277344,115464000
2020-04-07,100.58000183105469,100.58000183105469,102280000
2020-04-08,102.1500015258789,102.1500015258789,79546000
2020-04-09,102.13800048828125,102.13800048828125,92930000
2020-04-13,108.44349670410156,108.44349670410156,134334000
2020-04-14,114.16600036621094,114.16600036621094,161744000
2020-04-15,115.38400268554688,115.38400268554688,137332000
2020-04-16,120.40950012207031,120.40950012207031,240764000
2020-04-17,118.75,118.75,158600000
2020-04-20,119.68049621582031,119.68049621582031,115414000
2020-04-21,116.40599822998047,116.40599822998047,149534000
2020-04-22,118.17449951171875,118.17449951171875,84244000
2020-04-23,119.97250366210938,119.97250366210938,101332000
2020-04-24,120.51100158691406,120.51100158691406,76498000
2020-04-27,118.80000305175781,118.80000305175781,112912000
2020-04-28,115.7040023803711,115.7040023803711,105388000
2020-04-29,118.635498046875,118.635498046875,91832000
2020-04-30,123.69999694824219,123.69999694824219,190692000
2020-05-01,114.302001953125,114.302001953125,195452000
2020-05-04,115.79949951171875,115.79949951171875,97318000
2020-05-05,115.88999938964844,115.88999938964844,64850000
2020-05-06,117.56300354003906,117.56300354003906,62356000
2020-05-07,118.38050079345703,118.38050079345703,67928000
2020-05-08,118.98049926757812,118.98049926757812,64132000
2020-05-11,120.44999694824219,120.44999694824219,65184000
2020-05-12,117.84750366210938,117.84750366210938,61498000
2020-05-13,118.39600372314453,118.39600372314453,95658000
2020-05-14,119.44249725341797,119.44249725341797,72962000
2020-05-15,120.48899841308594,120.48899841308594,84700000
2020-05-18,121.31300354003906,121.31300354003906,87144000
2020-05-19,122.46649932861328,122.46649932861328,86410000
2020-05-20,124.89700317382812,124.89700317382812,79962000
2020-05-21,122.33699798583984,122.33699798583984,102288000
2020-05-22,121.84400177001953,121.84400177001953,57342000
2020-05-26,121.09300231933594,121.09300231933594,71364000
2020-05-27,120.51950073242188,120.51950073242188,101138000
2020-05-28,120.05500030517578,120.05500030517578,63804000
2020-05-29,122.11849975585938,122.11849975585938,70198000
2020-06-01,123.552001953125,123.552001953125,58578000
2020-06-02,123.62049865722656,123.62049865722656,50598000
2020-06-03,123.91999816894531,123.91999816894531,53420000
2020-06-04,123.02999877929688,123.02999877929688,58974000
2020-06-05,124.1500015258789,124.1500015258789,66128000
2020-06-08,126.2030029296875,126.2030029296875,79414000
2020-06-09,130.04299926757812,130.04299926757812,103520000
2020-06-10,132.37249755859375,132.37249755859375,98920000
2020-06-11,127.89800262451172,127.89800262451172,116002000
2020-06-12,127.2509994506836,127.2509994506836,108722000
2020-06-15,128.63400268554688,128.63400268554688,77302000
2020-06-16,130.7635040283203,130.7635040283203,71712000
2020-06-17,132.0489959716797,132.0489959716797,59186000
2020-06-18,132.69900512695312,132.69900512695312,49756000
2020-06-19,133.75050354003906,133.75050354003906,115540000
2020-06-22,135.6909942626953,135.6909942626953,64176000
2020-06-23,138.2205047607422,138.2205047607422,84634000
2020-06-24,136.72000122070312,136.72000122070312,90532000
2020-06-25,137.72900390625,137.72900390625,59374000
2020-06-26,134.64349365234375,134.64349365234375,130016000
2020-06-29,134.0189971923828,134.0189971923828,84468000
2020-06-30,137.9409942626953,137.9409942626953,75394000
2020-07-01,143.93499755859375,143.93499755859375,127268000
2020-07-02,144.51499938964844,144.51499938964844,131868000
2020-07-06,152.8520050048828,152.8520050048828,137612000
2020-07-07,150.00599670410156,150.00599670410156,105150000
2020-07-08,154.0554962158203,154.0554962158203,100752000
2020-07-09,159.13150024414062,159.13150024414062,127774000
2020-07-10,160.0,160.0,109720000
2020-07-13,155.1999969482422,155.1999969482422,154408000
2020-07-14,154.1999969482422,154.1999969482422,144638000
2020-07-15,150.44349670410156,150.44349670410156,115778000
2020-07-16,149.9949951171875,149.9949951171875,127884000
2020-07-17,148.09849548339844,148.09849548339844,95226000
2020-07-20,159.8419952392578,159.8419952392578,151964000
2020-07-21,156.9145050048828,156.9145050048828,122426000
2020-07-22,154.99549865722656,154.99549865722656,82084000
2020-07-23,149.32749938964844,149.32749938964844,113138000
2020-07-24,150.44549560546875,150.44549560546875,112648000
2020-07-27,152.760498046875,152.760498046875,83410000
2020-07-28,150.01649475097656,150.01649475097656,62534000
2020-07-29,151.67649841308594,151.67649841308594,59482000
2020-07-30,152.593994140625,152.593994140625,122566000
2020-07-31,158.23399353027344,158.23399353027344,161710000
2020-08-03,155.59449768066406,155.59449768066406,101494000
2020-08-04,156.94149780273438,156.94149780273438,93886000
2020-08-05,160.25149536132812,160.25149536132812,78330000
2020-08-06,161.25,161.25,78812000
2020-08-07,158.3730010986328,158.3730010986328,78722000
2020-08-10,157.4080047607422,157.4080047607422,63346000
2020-08-11,154.0334930419922,154.0334930419922,74362000
2020-08-12,158.11199951171875,158.11199951171875,70442000
2020-08-13,158.05099487304688,158.05099487304688,62980000
2020-08-14,157.4010009765625,157.4010009765625,55034000
2020-08-17,159.12049865722656,159.12049865722656,53824000
2020-08-18,165.62449645996094,165.62449645996094,106920000
2020-08-19,163.0240020751953,163.0240020751953,83702000
2020-08-20,164.86849975585938,164.86849975585938,66650000
2020-08-21,164.23599243164062,164.23599243164062,71518000
2020-08-24,165.3730010986328,165.3730010986328,93326000
2020-08-25,167.32449340820312,167.32449340820312,79856000
2020-08-26,172.09249877929688,172.09249877929688,130174000
2020-08-27,170.0,170.0,85296000
2020-08-28,170.08999633789062,170.08999633789062,57940000
2020-08-31,172.54800415039062,172.54800415039062,83718000
2020-09-01,174.95599365234375,174.95599365234375,68644000
2020-09-02,176.57249450683594,176.57249450683594,78630000
2020-09-03,168.39999389648438,168.39999389648438,163222000
2020-09-04,164.7310028076172,164.7310028076172,175636000
2020-09-08,157.49200439453125,157.49200439453125,121884000
2020-09-09,163.4304962158203,163.4304962158203,103774000
2020-09-10,158.7554931640625,158.7554931640625,106614000
2020-09-11,155.81100463867188,155.81100463867188,101880000
2020-09-14,155.14849853515625,155.14849853515625,90592000
2020-09-15,157.80650329589844,157.80650329589844,80430000
2020-09-16,153.90499877929688,153.90499877929688,90244000
2020-09-17,150.43649291992188,150.43649291992188,128982000
2020-09-18,147.74549865722656,147.74549865722656,177852000
2020-09-21,148.02349853515625,148.02349853515625,122358000
2020-09-22,156.44949340820312,156.44949340820312,138976000
2020-09-23,149.9929962158203,149.9929962158203,113054000
2020-09-24,150.989501953125,150.989501953125,110588000
2020-09-25,154.75650024414062,154.75650024414062,92304000
2020-09-28,158.70249938964844,158.70249938964844,84484000
2020-09-29,157.24400329589844,157.24400329589844,69916000
2020-09-30,157.43649291992188,157.43649291992188,97922000
2020-10-01,161.06300354003906,161.06300354003906,99438000
2020-10-02,156.25,156.25,112262000
2020-10-05,159.9600067138672,159.9600067138672,75506000
2020-10-06,154.9980010986328,154.9980010986328,101738000
2020-10-07,159.7845001220703,159.7845001220703,86188000
2020-10-08,159.52749633789062,159.52749633789062,63482000
2020-10-09,164.33250427246094,164.33250427246094,98158000
2020-10-12,172.14649963378906,172.14649963378906,167284000
2020-10-13,172.18150329589844,172.18150329589844,114894000
2020-10-14,168.1855010986328,168.1855010986328,116254000
2020-10-15,166.9324951171875,166.9324951171875,104468000
2020-10-16,163.635498046875,163.635498046875,129488000
2020-10-19,160.36050415039062,160.36050415039062,104472000
2020-10-20,160.85049438476562,160.85049438476562,90194000
2020-10-21,159.2469940185547,159.2469940185547,91854000
2020-10-22,158.82000732421875,158.82000732421875,84240000
2020-10-23,160.22000122070312,160.22000122070312,69334000
2020-10-26,160.3520050048828,160.3520050048828,118024000
2020-10-27,164.31649780273438,164.31649780273438,85820000
2020-10-28,158.13900756835938,158.13900756835938,111766000
2020-10-29,160.55050659179688,160.55050659179688,131930000
2020-10-30,151.8074951171875,151.8074951171875,167728000
2020-11-02,150.2239990234375,150.2239990234375,145148000
2020-11-03,152.42050170898438,152.42050170898438,97958000
2020-11-04,162.05799865722656,162.05799865722656,136780000
2020-11-05,166.10000610351562,166.10000610351562,115786000
2020-11-06,165.56849670410156,165.56849670410156,92946000
2020-11-09,157.18699645996094,157.18699645996094,143808000
2020-11-10,151.75100708007812,151.75100708007812,131820000
2020-11-11,156.8695068359375,156.8695068359375,87338000
2020-11-12,155.51400756835938,155.51400756835938,87240000
2020-11-13,156.4405059814453,156.4405059814453,75124000
2020-11-16,156.55299377441406,156.55299377441406,76174000
2020-11-17,156.7830047607422,156.7830047607422,68894000
2020-11-18,155.2729949951172,155.2729949951172,58336000
2020-11-19,155.8509979248047,155.8509979248047,60206000
2020-11-20,154.97000122070312,154.97000122070312,67488000
2020-11-23,154.91949462890625,154.91949462890625,94178000
2020-11-24,155.9029998779297,155.9029998779297,72042000
2020-11-25,159.2534942626953,159.2534942626953,75808000
2020-11-27,159.76699829101562,159.76699829101562,47858000
2020-11-30,158.40199279785156,158.40199279785156,81278000
2020-12-01,161.00399780273438,161.00399780273438,90740000
2020-12-02,160.17649841308594,160.17649841308594,62586000
2020-12-03,159.3365020751953,159.3365020751953,57840000
2020-12-04,158.12899780273438,158.12899780273438,58272000
2020-12-07,157.89999389648438,157.89999389648438,55026000
2020-12-08,158.864501953125,158.864501953125,65726000
2020-12-09,155.2100067138672,155.2100067138672,82016000
2020-12-10,155.07449340820312,155.07449340820312,60604000
2020-12-11,155.8209991455078,155.8209991455078,61294000
2020-12-14,157.84849548339844,157.84849548339844,83116000
2020-12-15,158.25599670410156,158.25599670410156,66390000
2020-12-16,162.04800415039062,162.04800415039062,88552000
2020-12-17,161.8040008544922,161.8040008544922,69486000
2020-12-18,160.08250427246094,160.08250427246094,119914000
2020-12-21,160.3090057373047,160.3090057373047,76736000
2020-12-22,160.3260040283203,160.3260040283203,47388000
2020-12-23,159.2635040283203,159.2635040283203,41876000
2020-12-24,158.63450622558594,158.63450622558594,29038000
2020-12-28,164.197998046875,164.197998046875,113736000
2020-12-29,166.10000610351562,166.10000610351562,97458000
2020-12-30,164.29249572753906,164.29249572753906,64186000
2020-12-31,162.84649658203125,162.84649658203125,59144000
2021-01-04,159.3314971923828,159.3314971923828,88228000
2021-01-05,160.92550659179688,160.92550659179688,53110000
2021-01-06,156.91900634765625,156.91900634765625,87896000
2021-01-07,158.10800170898438,158.10800170898438,70290000
2021-01-08,159.13499450683594,159.13499450683594,70754000
2021-01-11,155.7104949951172,155.7104949951172,73668000
2021-01-12,156.04150390625,156.04150390625,70292000
2021-01-13,158.29449462890625,158.29449462890625,66424000
2021-01-14,156.37350463867188,156.37350463867188,61418000
2021-01-15,155.21249389648438,155.21249389648438,84880000
2021-01-19,156.03799438476562,156.03799438476562,66102000
2021-01-20,163.16900634765625,163.16900634765625,106196000
2021-01-21,165.34950256347656,165.34950256347656,98722000
2021-01-22,164.6114959716797,164.6114959716797,56438000
2021-01-25,164.6999969482422,164.6999969482422,74996000
2021-01-26,166.30650329589844,166.30650329589844,59104000
2021-01-27,161.62899780273438,161.62899780273438,93204000
2021-01-28,161.88099670410156,161.88099670410156,62984000
2021-01-29,160.30999755859375,160.30999755859375,85872000
2021-02-01,167.1439971923828,167.1439971923828,83204000
2021-02-02,169.0,169.0,141972000
2021-02-03,165.62649536132812,165.62649536132812,141776000
2021-02-04,166.5500030517578,166.5500030517578,73414000
2021-02-05,167.6074981689453,167.6074981689453,72416000
2021-02-08,166.14700317382812,166.14700317382812,65148000
2021-02-09,165.25,165.25,44070000
2021-02-10,164.32899475097656,164.32899475097656,63032000
2021-02-11,163.10650634765625,163.10650634765625,46028000
2021-02-12,163.885498046875,163.885498046875,46706000
2021-02-16,163.44749450683594,163.44749450683594,51494000
2021-02-17,165.4320068359375,165.4320068359375,65950000
2021-02-18,166.4114990234375,166.4114990234375,60548000
2021-02-19,162.4949951171875,162.4949951171875,86104000
2021-02-22,159.03700256347656,159.03700256347656,70314000
2021-02-23,159.72500610351562,159.72500610351562,93544000
2021-02-24,157.97650146484375,157.97650146484375,60226000
2021-02-25,152.85800170898438,152.85800170898438,90676000
2021-02-26,154.64649963378906,154.64649963378906,85518000
2021-03-01,157.3070068359375,157.3070068359375,54582000
2021-03-02,154.72650146484375,154.72650146484375,51916000
2021-03-03,150.25,150.25,79774000
2021-03-04,148.8784942626953,148.8784942626953,109632000
2021-03-05,150.0229949951172,150.0229949951172,107772000
2021-03-08,147.59750366210938,147.59750366210938,83700000
2021-03-09,153.1425018310547,153.1425018310547,80600000
2021-03-10,152.8820037841797,152.8820037841797,60250000
2021-03-11,155.67950439453125,155.67950439453125,55528000
2021-03-12,154.47450256347656,154.47450256347656,48438000
2021-03-15,154.08399963378906,154.08399963378906,58272000
2021-03-16,154.59300231933594,154.59300231933594,50776000
2021-03-17,156.7864990234375,156.7864990234375,62372000
2021-03-18,151.39950561523438,151.39950561523438,72992000
2021-03-19,153.7480010986328,153.7480010986328,92508000
2021-03-22,155.5435028076172,155.5435028076172,58044000
2021-03-23,156.875,156.875,76346000
2021-03-24,154.35350036621094,154.35350036621094,59180000
2021-03-25,152.31300354003906,152.31300354003906,71270000
2021-03-26,152.60150146484375,152.60150146484375,66258000
2021-03-29,153.7864990234375,153.7864990234375,54920000
2021-03-30,152.76449584960938,152.76449584960938,46752000
2021-03-31,154.70399475097656,154.70399475097656,61878000
2021-04-01,158.0500030517578,158.0500030517578,58806000
2021-04-05,161.3365020751953,161.3365020751953,66698000
2021-04-06,161.1909942626953,161.1909942626953,50756000
2021-04-07,163.96949768066406,163.96949768066406,66924000
2021-04-08,164.96499633789062,164.96499633789062,56242000
2021-04-09,168.61000061035156,168.61000061035156,86830000
2021-04-12,168.96949768066406,168.96949768066406,65636000
2021-04-13,170.0,170.0,66316000
2021-04-14,166.64999389648438,166.64999389648438,62904000
2021-04-15,168.95449829101562,168.95449829101562,64672000
2021-04-16,169.9720001220703,169.9720001220703,63720000
2021-04-19,168.60049438476562,168.60049438476562,54508000
2021-04-20,166.7344970703125,166.7344970703125,52460000
2021-04-21,168.1009979248047,168.1009979248047,44224000
2021-04-22,165.45199584960938,165.45199584960938,51612000
2021-04-23,167.04400634765625,167.04400634765625,63856000
2021-04-26,170.4499969482422,170.4499969482422,97614000
2021-04-27,170.8715057373047,170.8715057373047,76542000
2021-04-28,172.9250030517578,172.9250030517578,92638000
2021-04-29,173.5655059814453,173.5655059814453,153648000
2021-04-30,173.37100219726562,173.37100219726562,140186000
2021-05-03,169.32449340820312,169.32449340820312,117510000
2021-05-04,165.593505859375,165.593505859375,108788000
2021-05-05,163.52699279785156,163.52699279785156,74226000
2021-05-06,165.31849670410156,165.31849670410156,88954000
2021-05-07,164.58050537109375,164.58050537109375,94206000
2021-05-10,159.52450561523438,159.52450561523438,116772000
2021-05-11,161.19549560546875,161.19549560546875,92396000
2021-05-12,157.5970001220703,157.5970001220703,98728000
2021-05-13,158.07350158691406,158.07350158691406,67018000
2021-05-14,161.14500427246094,161.14500427246094,66500000
2021-05-17,163.51950073242188,163.51950073242188,74478000
2021-05-18,161.61399841308594,161.61399841308594,56568000
2021-05-19,161.58999633789062,161.58999633789062,53594000
2021-05-20,162.38400268554688,162.38400268554688,52664000
2021-05-21,160.1540069580078,160.1540069580078,82098000
2021-05-24,162.24949645996094,162.24949645996094,48456000
2021-05-25,162.95249938964844,162.95249938964844,65222000
2021-05-26,163.25799560546875,163.25799560546875,47680000
2021-05-27,161.5054931640625,161.5054931640625,51224000
2021-05-28,161.15350341796875,161.15350341796875,46596000
2021-06-01,160.9324951171875,160.9324951171875,48600000
2021-06-02,161.69949340820312,161.69949340820312,40290000
2021-06-03,159.35049438476562,159.35049438476562,47966000
2021-06-04,160.31100463867188,160.31100463867188,44994000
2021-06-07,159.90049743652344,159.90049743652344,44316000
2021-06-08,163.20550537109375,163.20550537109375,68334000
2021-06-09,164.0574951171875,164.0574951171875,49110000
2021-06-10,167.4824981689453,167.4824981689453,69530000
2021-06-11,167.3415069580078,167.3415069580078,56348000
2021-06-14,169.19349670410156,169.19349670410156,51394000
2021-06-15,169.156494140625,169.156494140625,48524000
2021-06-16,170.7624969482422,170.7624969482422,84056000
2021-06-17,174.46200561523438,174.46200561523438,102730000
2021-06-18,174.34500122070312,174.34500122070312,104954000
2021-06-21,172.697998046875,172.697998046875,65542000
2021-06-22,175.27200317382812,175.27200317382812,66902000
2021-06-23,175.1909942626953,175.1909942626953,56266000
2021-06-24,172.45399475097656,172.45399475097656,76640000
2021-06-25,170.072998046875,170.072998046875,78820000
2021-06-28,172.1945037841797,172.1945037841797,44856000
2021-06-29,172.40699768066406,172.40699768066406,41968000
2021-06-30,172.00799560546875,172.00799560546875,48080000
2021-07-01,171.64849853515625,171.64849853515625,40742000
2021-07-02,175.5489959716797,175.5489959716797,63388000
2021-07-06,183.78700256347656,183.78700256347656,134896000
2021-07-07,184.82899475097656,184.82899475097656,106562000
2021-07-08,186.57049560546875,186.57049560546875,103612000
2021-07-09,185.9669952392578,185.9669952392578,74964000
2021-07-12,185.92750549316406,185.92750549316406,51432000
2021-07-13,183.8679962158203,183.8679962158203,76918000
2021-07-14,184.08399963378906,184.08399963378906,65932000
2021-07-15,181.55999755859375,181.55999755859375,63706000
2021-07-16,178.68150329589844,178.68150329589844,80874000
2021-07-19,177.47950744628906,177.47950744628906,75692000
2021-07-20,178.6595001220703,178.6595001220703,65114000
2021-07-21,179.25999450683594,179.25999450683594,46380000
2021-07-22,181.90150451660156,181.90150451660156,65308000
2021-07-23,182.83200073242188,182.83200073242188,48726000
2021-07-26,184.99099731445312,184.99099731445312,58002000
2021-07-27,181.3195037841797,181.3195037841797,82638000
2021-07-28,181.51600646972656,181.51600646972656,59988000
2021-07-29,179.99600219726562,179.99600219726562,110400000
2021-07-30,166.37950134277344,166.37950134277344,199312000
2021-08-02,166.57400512695312,166.57400512695312,67078000
2021-08-03,168.31199645996094,168.31199645996094,83146000
2021-08-04,167.73599243164062,167.73599243164062,43678000
2021-08-05,168.79949951171875,168.79949951171875,48670000
2021-08-06,167.2469940185547,167.2469940185547,52752000
2021-08-09,167.093505859375,167.093505859375,42964000
2021-08-10,166.03399658203125,166.03399658203125,48252000
2021-08-11,164.60549926757812,164.60549926757812,58944000
2021-08-12,165.1750030517578,165.1750030517578,46282000
2021-08-13,164.69850158691406,164.69850158691406,41134000
2021-08-16,164.94949340820312,164.94949340820312,66394000
2021-08-17,162.09800720214844,162.09800720214844,67758000
2021-08-18,160.06100463867188,160.06100463867188,56086000
2021-08-19,159.3874969482422,159.3874969482422,75658000
2021-08-20,159.99749755859375,159.99749755859375,67168000
2021-08-23,163.2935028076172,163.2935028076172,65362000
2021-08-24,165.28900146484375,165.28900146484375,51036000
2021-08-25,164.95899963378906,164.95899963378906,33606000
2021-08-26,165.8000030517578,165.8000030517578,41976000
2021-08-27,167.48150634765625,167.48150634765625,48048000
2021-08-30,171.07850646972656,171.07850646972656,63844000
2021-08-31,173.5395050048828,173.5395050048828,87128000
2021-09-01,173.9499969482422,173.9499969482422,72598000
2021-09-02,173.156005859375,173.156005859375,58474000
2021-09-03,173.90249633789062,173.90249633789062,51514000
2021-09-07,175.46449279785156,175.46449279785156,54758000
2021-09-08,176.27499389648438,176.27499389648438,61068000
2021-09-09,174.20799255371094,174.20799255371094,54384000
2021-09-10,173.45750427246094,173.45750427246094,47946000
2021-09-13,172.85850524902344,172.85850524902344,51380000
2021-09-14,172.5,172.5,38738000
2021-09-15,173.7895050048828,173.7895050048828,59150000
2021-09-16,174.41200256347656,174.41200256347656,51672000
2021-09-17,173.12600708007812,173.12600708007812,92332000
2021-09-20,167.7864990234375,167.7864990234375,93382000
2021-09-21,167.18150329589844,167.18150329589844,55618000
2021-09-22,169.00250244140625,169.00250244140625,48228000
2021-09-23,170.8000030517578,170.8000030517578,47588000
2021-09-24,171.2760009765625,171.2760009765625,42324000
2021-09-27,170.2899932861328,170.2899932861328,72690000
2021-09-28,165.79800415039062,165.79800415039062,88616000
2021-09-29,165.05599975585938,165.05599975585938,51246000
2021-09-30,164.2519989013672,164.2519989013672,56848000
2021-10-01,164.16299438476562,164.16299438476562,56712000
2021-10-04,159.48899841308594,159.48899841308594,90462000
2021-10-05,161.0500030517578,161.0500030517578,65384000
2021-10-06,163.10049438476562,163.10049438476562,50660000
2021-10-07,165.1215057373047,165.1215057373047,48182000
2021-10-08,164.43099975585938,164.43099975585938,39964000
2021-10-11,162.31500244140625,162.31500244140625,40684000
2021-10-12,162.3665008544922,162.3665008544922,36392000
2021-10-13,164.21400451660156,164.21400451660156,48402000
2021-10-14,164.9929962158203,164.9929962158203,42190000
2021-10-15,170.4510040283203,170.4510040283203,103598000
2021-10-18,172.33700561523438,172.33700561523438,63482000
2021-10-19,172.20750427246094,172.20750427246094,47722000
2021-10-20,170.7530059814453,170.7530059814453,42796000
2021-10-21,171.75050354003906,171.75050354003906,37628000
2021-10-22,166.77749633789062,166.77749633789062,62782000
2021-10-25,166.01849365234375,166.01849365234375,44520000
2021-10-26,168.80349731445312,168.80349731445312,53966000
2021-10-27,169.62449645996094,169.62449645996094,54044000
2021-10-28,172.32850646972656,172.32850646972656,114174000
2021-10-29,168.6215057373047,168.6215057373047,129722000
2021-11-01,165.90550231933594,165.90550231933594,72178000
2021-11-02,165.6374969482422,165.6374969482422,52552000
2021-11-03,169.1999969482422,169.1999969482422,67944000
2021-11-04,173.85000610351562,173.85000610351562,107060000
2021-11-05,175.94949340820312,175.94949340820312,99940000
2021-11-08,174.44900512695312,174.44900512695312,61480000
2021-11-09,178.81149291992188,178.81149291992188,85898000
2021-11-10,174.1024932861328,174.1024932861328,80548000
2021-11-11,173.625,173.625,45288000
2021-11-12,176.25750732421875,176.25750732421875,53788000
2021-11-15,177.28399658203125,177.28399658203125,58594000
2021-11-16,177.03500366210938,177.03500366210938,44342000
2021-11-17,177.4499969482422,177.4499969482422,51206000
2021-11-18,184.80299377441406,184.80299377441406,114070000
2021-11-19,183.82850646972656,183.82850646972656,98734000
2021-11-22,178.6284942626953,178.6284942626953,96844000
2021-11-23,179.0019989013672,179.0019989013672,73804000
2021-11-24,179.02049255371094,179.02049255371094,46560000
2021-11-26,175.22799682617188,175.22799682617188,59826000
2021-11-29,178.07850646972656,178.07850646972656,65312000
2021-11-30,175.35350036621094,175.35350036621094,80022000
2021-12-01,172.18600463867188,172.18600463867188,74916000
2021-12-02,171.8679962158203,171.8679962158203,64726000
2021-12-03,169.489501953125,169.489501953125,80712000
2021-12-06,171.36849975585938,171.36849975585938,68860000
2021-12-07,176.1645050048828,176.1645050048828,66410000
2021-12-08,176.1580047607422,176.1580047607422,45254000
2021-12-09,174.17100524902344,174.17100524902344,46062000
2021-12-10,172.21200561523438,172.21200561523438,60690000
2021-12-13,169.5675048828125,169.5675048828125,62170000
2021-12-14,169.0915069580078,169.0915069580078,55976000
2021-12-15,173.31500244140625,173.31500244140625,75794000
2021-12-16,168.87100219726562,168.87100219726562,60876000
2021-12-17,170.0175018310547,170.0175018310547,85542000
2021-12-20,167.07899475097656,167.07899475097656,57372000
2021-12-21,170.41700744628906,170.41700744628906,55956000
2021-12-22,171.03700256347656,171.03700256347656,55036000
2021-12-23,171.06849670410156,171.06849670410156,36788000
2021-12-27,169.66949462890625,169.66949462890625,58688000
2021-12-28,170.66099548339844,170.66099548339844,54638000
2021-12-29,169.2010040283203,169.2010040283203,35754000
2021-12-30,168.64450073242188,168.64450073242188,37584000
2021-12-31,166.7169952392578,166.7169952392578,47830000
2022-01-03,170.4044952392578,170.4044952392578,63520000
2022-01-04,167.52200317382812,167.52200317382812,70726000
2022-01-05,164.35699462890625,164.35699462890625,64302000
2022-01-06,163.25399780273438,163.25399780273438,51958000
2022-01-07,162.5540008544922,162.5540008544922,46606000
2022-01-10,161.48599243164062,161.48599243164062,87798000
2022-01-11,165.36199951171875,165.36199951171875,62806000
2022-01-12,165.20700073242188,165.20700073242188,50030000
2022-01-13,161.21400451660156,161.21400451660156,52188000
2022-01-14,162.13800048828125,162.13800048828125,45974000
2022-01-18,158.91749572753906,158.91749572753906,67292000
2022-01-19,156.2989959716797,156.2989959716797,53242000
2022-01-20,151.66749572753906,151.66749572753906,71974000
2022-01-21,142.64300537109375,142.64300537109375,163972000
2022-01-24,144.54400634765625,144.54400634765625,155624000
2022-01-25,139.98599243164062,139.98599243164062,90824000
2022-01-26,138.87249755859375,138.87249755859375,95602000
2022-01-27,139.6374969482422,139.6374969482422,77516000
2022-01-28,143.97799682617188,143.97799682617188,74392000
2022-01-31,149.57350158691406,149.57350158691406,78308000
2022-02-01,151.19349670410156,151.19349670410156,59220000
2022-02-02,150.6125030517578,150.6125030517578,87330000
2022-02-03,138.8455047607422,138.8455047607422,225532000
2022-02-04,157.63949584960938,157.63949584960938,253456000
2022-02-07,157.9355010986328,157.9355010986328,102624000
2022-02-08,161.4134979248047,161.4134979248047,76040000
2022-02-09,161.1894989013672,161.1894989013672,68786000
2022-02-10,159.0034942626953,159.0034942626953,68268000
2022-02-11,153.2935028076172,153.2935028076172,77100000
2022-02-14,155.16700744628906,155.16700744628906,83230000
2022-02-15,156.510498046875,156.510498046875,56440000
2022-02-16,158.10049438476562,158.10049438476562,52704000
2022-02-17,154.65249633789062,154.65249633789062,64032000
2022-02-18,152.60150146484375,152.60150146484375,63604000
2022-02-22,150.19749450683594,150.19749450683594,66128000
2022-02-23,144.82699584960938,144.82699584960938,64244000
2022-02-24,151.35800170898438,151.35800170898438,100786000
2022-02-25,153.7884979248047,153.7884979248047,62396000
2022-02-28,153.56300354003906,153.56300354003906,57684000
2022-03-01,151.14199829101562,151.14199829101562,44874000
2022-03-02,152.05250549316406,152.05250549316406,47334000
2022-03-03,147.89849853515625,147.89849853515625,65198000
2022-03-04,145.64100646972656,145.64100646972656,60934000
2022-03-07,137.4530029296875,137.4530029296875,86934000
2022-03-08,136.01449584960938,136.01449584960938,91662000
2022-03-09,139.2790069580078,139.2790069580078,82656000
2022-03-10,146.8175048828125,146.8175048828125,135062000
2022-03-11,145.52450561523438,145.52450561523438,68900000
2022-03-14,141.85299682617188,141.85299682617188,74086000
2022-03-15,147.3665008544922,147.3665008544922,75584000
2022-03-16,153.10400390625,153.10400390625,84958000
2022-03-17,157.23899841308594,157.23899841308594,72934000
2022-03-18,161.25050354003906,161.25050354003906,102962000
2022-03-21,161.4915008544922,161.4915008544922,66538000
2022-03-22,164.88900756835938,164.88900756835938,64086000
2022-03-23,163.4080047607422,163.4080047607422,55812000
2022-03-24,163.64950561523438,163.64950561523438,56798000
2022-03-25,164.77349853515625,164.77349853515625,49032000
2022-03-28,168.99049377441406,168.99049377441406,59854000
2022-03-29,169.31500244140625,169.31500244140625,66154000
2022-03-30,166.30099487304688,166.30099487304688,56168000
2022-03-31,162.99749755859375,162.99749755859375,59966000
2022-04-01,163.55999755859375,163.55999755859375,57090000
2022-04-04,168.34649658203125,168.34649658203125,49882000
2022-04-05,164.05499267578125,164.05499267578125,53728000
2022-04-06,158.75599670410156,158.75599670410156,79056000
2022-04-07,157.7845001220703,157.7845001220703,68136000
2022-04-08,154.4604949951172,154.4604949951172,46002000
2022-04-11,151.1219940185547,151.1219940185547,52112000
2022-04-12,150.78750610351562,150.78750610351562,55178000
2022-04-13,155.54100036621094,155.54100036621094,53390000
2022-04-14,151.7064971923828,151.7064971923828,51598000
2022-04-18,152.78500366210938,152.78500366210938,46514000
2022-04-19,158.11549377441406,158.11549377441406,54926000
2022-04-20,153.9980010986328,153.9980010986328,59630000
2022-04-21,148.29600524902344,148.29600524902344,63970000
2022-04-22,144.35000610351562,144.35000610351562,73078000
2022-04-25,146.07400512695312,146.07400512695312,61874000
2022-04-26,139.39100646972656,139.39100646972656,77530000
2022-04-27,138.16700744628906,138.16700744628906,71336000
2022-04-28,144.59649658203125,144.59649658203125,117316000
2022-04-29,124.28150177001953,124.28150177001953,272662000
2022-05-02,124.5,124.5,148788000
2022-05-03,124.25350189208984,124.25350189208984,79134000
2022-05-04,125.92849731445312,125.92849731445312,110746000
2022-05-05,116.40699768066406,116.40699768066406,144392000
2022-05-06,114.77249908447266,114.77249908447266,124260000
2022-05-09,108.78900146484375,108.78900146484375,128124000
2022-05-10,108.85900115966797,108.85900115966797,105434000
2022-05-11,105.37200164794922,105.37200164794922,109704000
2022-05-12,106.93049621582031,106.93049621582031,132026000
2022-05-13,113.05500030517578,113.05500030517578,93684000
2022-05-16,110.81050109863281,110.81050109863281,74566000
2022-05-17,115.36849975585938,115.36849975585938,76448000
2022-05-18,107.11250305175781,107.11250305175781,108380000
2022-05-19,107.31900024414062,107.31900024414062,88142000
2022-05-20,107.59100341796875,107.59100341796875,99500000
2022-05-23,107.55699920654297,107.55699920654297,107798000
2022-05-24,104.0999984741211,104.0999984741211,102934000
2022-05-25,106.7750015258789,106.7750015258789,93120000
2022-05-26,111.07749938964844,111.07749938964844,93002000
2022-05-27,115.14649963378906,115.14649963378906,93660000
2022-05-31,120.20950317382812,120.20950317382812,144634000
2022-06-01,121.68399810791016,121.68399810791016,127528000
2022-06-02,125.51100158691406,125.51100158691406,100560000
2022-06-03,122.3499984741211,122.3499984741211,97604000
2022-06-06,124.79000091552734,124.79000091552734,135269000
2022-06-07,123.0,123.0,85156700
2022-06-08,121.18000030517578,121.18000030517578,64926600
2022-06-09,116.1500015258789,116.1500015258789,67029800
2022-06-10,109.6500015258789,109.6500015258789,87266000
2022-06-13,103.66999816894531,103.66999816894531,99277700
2022-06-14,102.30999755859375,102.30999755859375,69728800
2022-06-15,107.66999816894531,107.66999816894531,85011100
2022-06-16,103.66000366210938,103.66000366210938,82186300
2022-06-17,106.22000122070312,106.22000122070312,99772100
2022-06-21,108.68000030517578,108.68000030517578,70901200
2022-06-22,108.94999694824219,108.94999694824219,60040100
2022-06-23,112.44000244140625,112.44000244140625,64345300
2022-06-24,116.45999908447266,116.45999908447266,69867600
2022-06-27,113.22000122070312,113.22000122070312,62133200
2022-06-28,107.4000015258789,107.4000015258789,74942900
2022-06-29,108.91999816894531,108.91999816894531,66375300
2022-06-30,106.20999908447266,106.20999908447266,97679400
2022-07-01,109.55999755859375,109.55999755859375,73021200
2022-07-05,113.5,113.5,76583700
2022-07-06,114.33000183105469,114.33000183105469,66958900
2022-07-07,116.33000183105469,116.33000183105469,57872300
2022-07-08,115.54000091552734,115.54000091552734,45719700
2022-07-11,111.75,111.75,53487600
2022-07-12,109.22000122070312,109.22000122070312,54280300
2022-07-13,110.4000015258789,110.4000015258789,61353800
2022-07-14,110.62999725341797,110.62999725341797,51163100
2022-07-15,113.55000305175781,113.55000305175781,84317800
2022-07-18,113.76000213623047,113.76000213623047,59115400
2022-07-19,118.20999908447266,118.20999908447266,60990000
2022-07-20,122.7699966430664,122.7699966430664,71268300
2022-07-21,124.62999725341797,124.62999725341797,60239900
2022-07-22,122.41999816894531,122.41999816894531,51463800
2022-07-25,121.13999938964844,121.13999938964844,50221300
2022-07-26,114.80999755859375,114.80999755859375,67075100
2022-07-27,120.97000122070312,120.97000122070312,61582000
2022-07-28,122.27999877929688,122.27999877929688,82245500
2022-07-29,134.9499969482422,134.9499969482422,148892900
2022-08-01,135.38999938964844,135.38999938964844,76846900
2022-08-02,134.16000366210938,134.16000366210938,61922400
2022-08-03,139.52000427246094,139.52000427246094,71827800
2022-08-04,142.57000732421875,142.57000732421875,70585000
2022-08-05,140.8000030517578,140.8000030517578,50686900
2022-08-08,139.41000366210938,139.41000366210938,52229000
2022-08-09,137.8300018310547,137.8300018310547,40434700
2022-08-10,142.69000244140625,142.69000244140625,54773800
2022-08-11,140.63999938964844,140.63999938964844,44867300
2022-08-12,143.5500030517578,143.5500030517578,47643500
2022-08-15,143.17999267578125,143.17999267578125,39014600
2022-08-16,144.77999877929688,144.77999877929688,59102900
2022-08-17,142.10000610351562,142.10000610351562,48149800
2022-08-18,142.3000030517578,142.3000030517578,37458700
2022-08-19,138.22999572753906,138.22999572753906,47792800
2022-08-22,133.22000122070312,133.22000122070312,50461500
2022-08-23,133.6199951171875,133.6199951171875,36252100
2022-08-24,133.8000030517578,133.8000030517578,38627000
2022-08-25,137.27999877929688,137.27999877929688,37496300
2022-08-26,130.75,130.75,53322700
2022-08-29,129.7899932861328,129.7899932861328,48101600
2022-08-30,128.72999572753906,128.72999572753906,49203000
2022-08-31,126.7699966430664,126.7699966430664,53648700
2022-09-01,127.81999969482422,127.81999969482422,56636100
2022-09-02,127.51000213623047,127.51000213623047,57429800
2022-09-06,126.11000061035156,126.11000061035156,43888600
2022-09-07,129.47999572753906,129.47999572753906,47900300
2022-09-08,129.82000732421875,129.82000732421875,43988500
2022-09-09,133.27000427246094,133.27000427246094,49387600
2022-09-12,136.4499969482422,136.4499969482422,53826900
2022-09-13,126.81999969482422,126.81999969482422,72694000
2022-09-14,128.5500030517578,128.5500030517578,45316800
2022-09-15,126.27999877929688,126.27999877929688,52887200
2022-09-16,123.52999877929688,123.52999877929688,115667800
2022-09-19,124.66000366210938,124.66000366210938,47279700
2022-09-20,122.19000244140625,122.19000244140625,47698400
2022-09-21,118.54000091552734,118.54000091552734,58498900
2022-09-22,117.30999755859375,117.30999755859375,55229200
2022-09-23,113.77999877929688,113.77999877929688,65126700
2022-09-26,115.1500015258789,115.1500015258789,62723300
2022-09-27,114.41000366210938,114.41000366210938,60094700
2022-09-28,118.01000213623047,118.01000213623047,55763800
2022-09-29,114.80000305175781,114.80000305175781,58969700
2022-09-30,113.0,113.0,59479600
2022-10-03,115.87999725341797,115.87999725341797,50941900
2022-10-04,121.08999633789062,121.08999633789062,62812600
2022-10-05,120.94999694824219,120.94999694824219,48217500
2022-10-06,120.30000305175781,120.30000305175781,42253800
2022-10-07,114.55999755859375,114.55999755859375,54678000
2022-10-10,113.66999816894531,113.66999816894531,42339700
2022-10-11,112.20999908447266,112.20999908447266,56432200
2022-10-12,112.9000015258789,112.9000015258789,45728700
2022-10-13,112.52999877929688,112.52999877929688,86868100
2022-10-14,106.9000015258789,106.9000015258789,67737300
2022-10-17,113.79000091552734,113.79000091552734,62782000
2022-10-18,116.36000061035156,116.36000061035156,65607400
2022-10-19,115.06999969482422,115.06999969482422,47198100
2022-10-20,115.25,115.25,48795100
2022-10-21,119.31999969482422,119.31999969482422,55660500
2022-10-24,119.81999969482422,119.81999969482422,49531500
2022-10-25,120.5999984741211,120.5999984741211,50934600
2022-10-26,115.66000366210938,115.66000366210938,68802300
2022-10-27,110.95999908447266,110.95999908447266,129605400
2022-10-28,103.41000366210938,103.41000366210938,223133400
2022-10-31,102.44000244140625,102.44000244140625,99251400
2022-11-01,96.79000091552734,96.79000091552734,153370000
2022-11-02,92.12000274658203,92.12000274658203,135761800
2022-11-03,89.30000305175781,89.30000305175781,136683300
2022-11-04,90.9800033569336,90.9800033569336,129101300
2022-11-07,90.52999877929688,90.52999877929688,77495700
2022-11-08,89.9800033569336,89.9800033569336,88703400
2022-11-09,86.13999938964844,86.13999938964844,90796200
2022-11-10,96.62999725341797,96.62999725341797,173414900
2022-11-11,100.79000091552734,100.79000091552734,111590500
2022-11-14,98.48999786376953,98.48999786376953,99533100
2022-11-15,98.94000244140625,98.94000244140625,111336300
2022-11-16,97.12000274658203,97.12000274658203,87958800
2022-11-17,94.8499984741211,94.8499984741211,82617900
2022-11-18,94.13999938964844,94.13999938964844,72428200
2022-11-21,92.45999908447266,92.45999908447266,84330300
2022-11-22,93.19999694824219,93.19999694824219,62192000
2022-11-23,94.12999725341797,94.12999725341797,59414700
2022-11-25,93.41000366210938,93.41000366210938,35088600
2022-11-28,93.94999694824219,93.94999694824219,74943100
2022-11-29,92.41999816894531,92.41999816894531,65567300
2022-11-30,96.54000091552734,96.54000091552734,102805800
2022-12-01,95.5,95.5,68488000
2022-12-02,94.12999725341797,94.12999725341797,72496400
2022-12-05,91.01000213623047,91.01000213623047,71535500
2022-12-06,88.25,88.25,75503600
2022-12-07,88.45999908447266,88.45999908447266,68086900
2022-12-08,90.3499984741211,90.3499984741211,73305900
2022-12-09,89.08999633789062,89.08999633789062,67398500
2022-12-12,90.55000305175781,90.55000305175781,61999800
2022-12-13,92.48999786376953,92.48999786376953,100212000
2022-12-14,91.58000183105469,91.58000183105469,70298000
2022-12-15,88.44999694824219,88.44999694824219,84802900
2022-12-16,87.86000061035156,87.86000061035156,146144100
2022-12-19,84.91999816894531,84.91999816894531,83531500
2022-12-20,85.19000244140625,85.19000244140625,74348300
2022-12-21,86.7699966430664,86.7699966430664,59267200
2022-12-22,83.79000091552734,83.79000091552734,81431300
2022-12-23,85.25,85.25,57433700
2022-12-27,83.04000091552734,83.04000091552734,57284000
2022-12-28,81.81999969482422,81.81999969482422,58228600
2022-12-29,84.18000030517578,84.18000030517578,54995900
2022-12-30,84.0,84.0,62401200
2023-01-03,85.81999969482422,85.81999969482422,76706000
2023-01-04,85.13999938964844,85.13999938964844,68885100
2023-01-05,83.12000274658203,83.12000274658203,67930800
2023-01-06,86.08000183105469,86.08000183105469,83303400
2023-01-09,87.36000061035156,87.36000061035156,65266100
2023-01-10,89.87000274658203,89.87000274658203,67756600
2023-01-11,95.08999633789062,95.08999633789062,103126200
2023-01-12,95.2699966430664,95.2699966430664,85254800
2023-01-13,98.12000274658203,98.12000274658203,85549400
2023-01-17,96.05000305175781,96.05000305175781,72755000
2023-01-18,95.45999908447266,95.45999908447266,79570400
2023-01-19,93.68000030517578,93.68000030517578,69002700
2023-01-20,97.25,97.25,67481500
2023-01-23,97.5199966430664,97.5199966430664,76501100
2023-01-24,96.31999969482422,96.31999969482422,66929500
2023-01-25,97.18000030517578,97.18000030517578,94261600
2023-01-26,99.22000122070312,99.22000122070312,68523600
2023-01-27,102.23999786376953,102.23999786376953,87775600
2023-01-30,100.55000305175781,100.55000305175781,70691900
2023-01-31,103.12999725341797,103.12999725341797,66527300
2023-02-01,105.1500015258789,105.1500015258789,80450100
2023-02-02,112.91000366210938,112.91000366210938,158154200
2023-02-03,103.38999938964844,103.38999938964844,144374800
2023-02-06,102.18000030517578,102.18000030517578,81945200
2023-02-07,102.11000061035156,102.11000061035156,119501300
2023-02-08,100.05000305175781,100.05000305175781,75878300
2023-02-09,98.23999786376953,98.23999786376953,64622500
2023-02-10,97.61000061035156,97.61000061035156,52740100
2023-02-13,99.54000091552734,99.54000091552734,52841500
2023-02-14,99.69999694824219,99.69999694824219,56202900
2023-02-15,101.16000366210938,101.16000366210938,47957600
2023-02-16,98.1500015258789,98.1500015258789,56339200
2023-02-17,97.19999694824219,97.19999694824219,60029400
2023-02-21,94.58000183105469,94.58000183105469,56580400
2023-02-22,95.79000091552734,95.79000091552734,59534100
2023-02-23,95.81999969482422,95.81999969482422,48467000
2023-02-24,93.5,93.5,57053800
2023-02-27,93.76000213623047,93.76000213623047,47470300
2023-02-28,94.2300033569336,94.2300033569336,43959300
2023-03-01,92.16999816894531,92.16999816894531,52299500
2023-03-02,92.12999725341797,92.12999725341797,55509400
2023-03-03,94.9000015258789,94.9000015258789,55759600
2023-03-06,93.75,93.75,52112400
2023-03-07,93.55000305175781,93.55000305175781,49100700
2023-03-08,93.91999816894531,93.91999816894531,44899100
2023-03-09,92.25,92.25,56218700
2023-03-10,90.7300033569336,90.7300033569336,69827500
2023-03-13,92.43000030517578,92.43000030517578,72397100
2023-03-14,94.87999725341797,94.87999725341797,60912700
2023-03-15,96.19999694824219,96.19999694824219,70731800
2023-03-16,100.04000091552734,100.04000091552734,84446900
2023-03-17,98.94999694824219,98.94999694824219,87300200
2023-03-20,97.70999908447266,97.70999908447266,62388900
2023-03-21,100.61000061035156,100.61000061035156,58597300
2023-03-22,98.69999694824219,98.69999694824219,57475400
2023-03-23,98.70999908447266,98.70999908447266,57559300
2023-03-24,98.12999725341797,98.12999725341797,56095400
2023-03-27,98.04000091552734,98.04000091552734,46721300
2023-03-28,97.23999786376953,97.23999786376953,38720100
2023-03-29,100.25,100.25,49783300
2023-03-30,102.0,102.0,53633400
2023-03-31,103.29000091552734,103.29000091552734,56750300
2023-04-03,102.41000366210938,102.41000366210938,41135700
2023-04-04,103.94999694824219,103.94999694824219,48662500
2023-04-05,101.0999984741211,101.0999984741211,45175400
2023-04-06,102.05999755859375,102.05999755859375,43808000
2023-04-10,102.16999816894531,102.16999816894531,37261200
2023-04-11,99.91999816894531,99.91999816894531,60417800
2023-04-12,97.83000183105469,97.83000183105469,56735000
2023-04-13,102.4000015258789,102.4000015258789,67925100
2023-04-14,102.51000213623047,102.51000213623047,51450500
2023-04-17,102.73999786376953,102.73999786376953,39919500
2023-04-18,102.30000305175781,102.30000305175781,39790500
2023-04-19,104.30000305175781,104.30000305175781,58398900
2023-04-20,103.80999755859375,103.80999755859375,57696900
2023-04-21,106.95999908447266,106.95999908447266,86774200
2023-04-24,106.20999908447266,106.20999908447266,69575600
2023-04-25,102.56999969482422,102.56999969482422,65026800
2023-04-26,104.9800033569336,104.9800033569336,73803800
2023-04-27,109.81999969482422,109.81999969482422,149961200
2023-04-28,105.44999694824219,105.44999694824219,130715900
2023-05-01,102.05000305175781,102.05000305175781,74728100
2023-05-02,103.62999725341797,103.62999725341797,73469400
2023-05-03,103.6500015258789,103.6500015258789,65051900
2023-05-04,104.0,104.0,45345500
2023-05-05,105.66000366210938,105.66000366210938,56951700
2023-05-08,105.83000183105469,105.83000183105469,49430900
2023-05-09,106.62000274658203,106.62000274658203,44089400
2023-05-10,110.19000244140625,110.19000244140625,78627600
2023-05-11,112.18000030517578,112.18000030517578,74924800
2023-05-12,110.26000213623047,110.26000213623047,49852700
2023-05-15,111.19999694824219,111.19999694824219,53011100
2023-05-16,113.4000015258789,113.4000015258789,71472900
2023-05-17,115.5,115.5,65655200
2023-05-18,118.1500015258789,118.1500015258789,73174100
2023-05-19,116.25,116.25,55056300
2023-05-22,115.01000213623047,115.01000213623047,70741100
2023-05-23,114.98999786376953,114.98999786376953,67576300
2023-05-24,116.75,116.75,63487900
2023-05-25,115.0,115.0,66496700
2023-05-26,120.11000061035156,120.11000061035156,96779900
2023-05-30,121.66000366210938,121.66000366210938,64314800
2023-05-31,120.58000183105469,120.58000183105469,72800800
2023-06-01,122.7699966430664,122.7699966430664,54375100
2023-06-02,124.25,124.25,61264400
2023-06-05,125.30000305175781,125.30000305175781,47950100
2023-06-06,126.61000061035156,126.61000061035156,45695200
2023-06-07,121.2300033569336,121.2300033569336,95663300
2023-06-08,124.25,124.25,62159300
2023-06-09,123.43000030517578,123.43000030517578,51396000
2023-06-12,126.56999969482422,126.56999969482422,51338000
2023-06-13,126.66000366210938,126.66000366210938,50564800
2023-06-14,126.41999816894531,126.41999816894531,52422500
2023-06-15,127.11000061035156,127.11000061035156,60458500
2023-06-16,125.48999786376953,125.48999786376953,84247100
2023-06-20,125.77999877929688,125.77999877929688,56930100
2023-06-21,124.83000183105469,124.83000183105469,52137700
2023-06-22,130.14999389648438,130.14999389648438,90354600
2023-06-23,129.3300018310547,129.3300018310547,71927800
2023-06-26,127.33000183105469,127.33000183105469,59989300
2023-06-27,129.17999267578125,129.17999267578125,46801000
2023-06-28,129.0399932861328,129.0399932861328,52149500
2023-06-29,127.9000015258789,127.9000015258789,40761000
2023-06-30,130.36000061035156,130.36000061035156,54350700
2023-07-03,130.22000122070312,130.22000122070312,28264800
2023-07-05,130.3800048828125,130.3800048828125,35895400
2023-07-06,128.36000061035156,128.36000061035156,40639900
2023-07-07,129.77999877929688,129.77999877929688,41992300
2023-07-10,127.12999725341797,127.12999725341797,61889300
2023-07-11,128.77999877929688,128.77999877929688,49951500
2023-07-12,130.8000030517578,130.8000030517578,54022800
2023-07-13,134.3000030517578,134.3000030517578,61170900
2023-07-14,134.67999267578125,134.67999267578125,54487100
2023-07-17,133.55999755859375,133.55999755859375,48450200
2023-07-18,132.8300018310547,132.8300018310547,54882900
2023-07-19,135.36000061035156,135.36000061035156,54531000
2023-07-20,129.9600067138672,129.9600067138672,59820600
2023-07-21,130.0,130.0,133307300
2023-07-24,128.8000030517578,128.8000030517578,45591100
2023-07-25,129.1300048828125,129.1300048828125,39236700
2023-07-26,128.14999389648438,128.14999389648438,53910100
2023-07-27,128.25,128.25,52610700
2023-07-28,132.2100067138672,132.2100067138672,46317400
2023-07-31,133.67999267578125,133.67999267578125,41901500
2023-08-01,131.69000244140625,131.69000244140625,42098500
2023-08-02,128.2100067138672,128.2100067138672,51027600
2023-08-03,128.91000366210938,128.91000366210938,88585200
2023-08-04,139.57000732421875,139.57000732421875,153128500
2023-08-07,142.22000122070312,142.22000122070312,71213100
2023-08-08,139.94000244140625,139.94000244140625,51710500
2023-08-09,137.85000610351562,137.85000610351562,50017300
2023-08-10,138.55999755859375,138.55999755859375,58928400
2023-08-11,138.41000366210938,138.41000366210938,42905800
2023-08-14,140.57000732421875,140.57000732421875,47148700
2023-08-15,137.6699981689453,137.6699981689453,42781500
2023-08-16,135.07000732421875,135.07000732421875,41675900
2023-08-17,133.97999572753906,133.97999572753906,48354100
2023-08-18,133.22000122070312,133.22000122070312,48497700
2023-08-21,134.67999267578125,134.67999267578125,41442500
2023-08-22,134.25,134.25,32905400
2023-08-23,135.52000427246094,135.52000427246094,42801000
2023-08-24,131.83999633789062,131.83999633789062,43646300
2023-08-25,133.25999450683594,133.25999450683594,44147500
2023-08-28,133.13999938964844,133.13999938964844,34108400
2023-08-29,134.91000366210938,134.91000366210938,38646100
2023-08-30,135.07000732421875,135.07000732421875,36137000
2023-08-31,138.00999450683594,138.00999450683594,58781300
2023-09-01,138.1199951171875,138.1199951171875,40991500
2023-09-05,137.27000427246094,137.27000427246094,40636700
2023-09-06,135.36000061035156,135.36000061035156,41785500
2023-09-07,137.85000610351562,137.85000610351562,48498900
2023-09-08,138.22999572753906,138.22999572753906,38348200
2023-09-11,143.10000610351562,143.10000610351562,56764500
2023-09-12,141.22999572753906,141.22999572753906,42668500
2023-09-13,144.85000610351562,144.85000610351562,60465200
2023-09-14,144.72000122070312,144.72000122070312,64033600
2023-09-15,140.38999938964844,140.38999938964844,102909300
2023-09-18,139.97999572753906,139.97999572753906,42823500
2023-09-19,137.6300048828125,137.6300048828125,61482500
2023-09-20,135.2899932861328,135.2899932861328,46263700
2023-09-21,129.3300018310547,129.3300018310547,70343300
2023-09-22,129.1199951171875,129.1199951171875,59904300
2023-09-25,131.27000427246094,131.27000427246094,46017800
2023-09-26,125.9800033569336,125.9800033569336,73048200
2023-09-27,125.9800033569336,125.9800033569336,66553400
2023-09-28,125.9800033569336,125.9800033569336,54555000
2023-09-29,127.12000274658203,127.12000274658203,62411700
2023-10-02,129.4600067138672,129.4600067138672,48029700
2023-10-03,124.72000122070312,124.72000122070312,51565000
2023-10-04,127.0,127.0,44203900
2023-10-05,125.95999908447266,125.95999908447266,39660600
2023-10-06,127.95999908447266,127.95999908447266,46836700
2023-10-09,128.25999450683594,128.25999450683594,38773700
2023-10-10,129.47999572753906,129.47999572753906,42178600
2023-10-11,131.8300018310547,131.8300018310547,40741800
2023-10-12,132.3300018310547,132.3300018310547,55528600
2023-10-13,129.7899932861328,129.7899932861328,45786600
2023-10-16,132.5500030517578,132.5500030517578,42832900
2023-10-17,131.47000122070312,131.47000122070312,49344600
2023-10-18,128.1300048828125,128.1300048828125,42699500
2023-10-19,128.39999389648438,128.39999389648438,60961400
2023-10-20,125.16999816894531,125.16999816894531,56406400
2023-10-23,126.55999755859375,126.55999755859375,48260000
2023-10-24,128.55999755859375,128.55999755859375,46477400
2023-10-25,121.38999938964844,121.38999938964844,74577500
2023-10-26,119.56999969482422,119.56999969482422,100419500
2023-10-27,127.73999786376953,127.73999786376953,125309300
2023-10-30,132.7100067138672,132.7100067138672,72485500
2023-10-31,133.08999633789062,133.08999633789062,51589400
2023-11-01,137.0,137.0,61529400
2023-11-02,138.07000732421875,138.07000732421875,52236700
2023-11-03,138.60000610351562,138.60000610351562,44059800
2023-11-06,139.74000549316406,139.74000549316406,44970400
2023-11-07,142.7100067138672,142.7100067138672,53553500
2023-11-08,142.0800018310547,142.0800018310547,44521700
2023-11-09,140.60000610351562,140.60000610351562,36235400
2023-11-10,143.55999755859375,143.55999755859375,49287800
2023-11-13,142.58999633789062,142.58999633789062,35680600
2023-11-14,145.8000030517578,145.8000030517578,56674600
2023-11-15,143.1999969482422,143.1999969482422,63875700
2023-11-16,142.8300018310547,142.8300018310547,49653500
2023-11-17,145.17999267578125,145.17999267578125,49636700
2023-11-20,146.1300048828125,146.1300048828125,41951200
2023-11-21,143.89999389648438,143.89999389648438,71226000
2023-11-22,146.7100067138672,146.7100067138672,45669100
2023-11-24,146.74000549316406,146.74000549316406,22378400
2023-11-27,147.72999572753906,147.72999572753906,53762400
2023-11-28,147.02999877929688,147.02999877929688,42711700
2023-11-29,146.32000732421875,146.32000732421875,40610900
2023-11-30,146.08999633789062,146.08999633789062,65814000
2023-12-01,147.02999877929688,147.02999877929688,39951800
2023-12-04,144.83999633789062,144.83999633789062,48294200
2023-12-05,146.8800048828125,146.8800048828125,46822400
2023-12-06,144.52000427246094,144.52000427246094,39679000
2023-12-07,146.8800048828125,146.8800048828125,52352800
2023-12-08,147.4199981689453,147.4199981689453,41906000
2023-12-11,145.88999938964844,145.88999938964844,50907300
2023-12-12,147.47999572753906,147.47999572753906,44944300
2023-12-13,148.83999633789062,148.83999633789062,52766200
2023-12-14,147.4199981689453,147.4199981689453,58400800
2023-12-15,149.97000122070312,149.97000122070312,110089300
2023-12-18,154.07000732421875,154.07000732421875,62512800
2023-12-19,153.7899932861328,153.7899932861328,43171300
2023-12-20,152.1199951171875,152.1199951171875,50322100
2023-12-21,153.83999633789062,153.83999633789062,36305700
2023-12-22,153.4199981689453,153.4199981689453,29514100
2023-12-26,153.41000366210938,153.41000366210938,25067200
2023-12-27,153.33999633789062,153.33999633789062,31434700
2023-12-28,153.3800048828125,153.3800048828125,27057000
2023-12-29,151.94000244140625,151.94000244140625,39823200
2024-01-02,149.92999267578125,149.92999267578125,47339400
2024-01-03,148.47000122070312,148.47000122070312,49425500
2024-01-04,144.57000732421875,144.57000732421875,56039800
2024-01-05,145.24000549316406,145.24000549316406,45153100
2024-01-08,149.10000610351562,149.10000610351562,46757100
2024-01-09,151.3699951171875,151.3699951171875,43812600
2024-01-10,153.72999572753906,153.72999572753906,44421800
2024-01-11,155.17999267578125,155.17999267578125,49072700
2024-01-12,154.6199951171875,154.6199951171875,40484200
2024-01-16,153.16000366210938,153.16000366210938,41384600
2024-01-17,151.7100067138672,151.7100067138672,34953400
2024-01-18,153.5,153.5,37850200
2024-01-19,155.33999633789062,155.33999633789062,51651600
2024-01-22,154.77999877929688,154.77999877929688,43687500
2024-01-23,156.02000427246094,156.02000427246094,37986000
2024-01-24,156.8699951171875,156.8699951171875,48547300
2024-01-25,157.75,157.75,43638600
2024-01-26,159.1199951171875,159.1199951171875,51047400
2024-01-29,161.25999450683594,161.25999450683594,45270400
2024-01-30,159.0,159.0,45207400
2024-01-31,155.1999969482422,155.1999969482422,50284400
2024-02-01,159.27999877929688,159.27999877929688,76542400
2024-02-02,171.80999755859375,171.80999755859375,117218300
2024-02-05,170.30999755859375,170.30999755859375,55081300
2024-02-06,169.14999389648438,169.14999389648438,42505500
2024-02-07,170.52999877929688,170.52999877929688,47174100
2024-02-08,169.83999633789062,169.83999633789062,42316500
2024-02-09,174.4499969482422,174.4499969482422,56986000
2024-02-12,172.33999633789062,172.33999633789062,51050400
2024-02-13,168.63999938964844,168.63999938964844,56345100
2024-02-14,170.97999572753906,170.97999572753906,42815500
2024-02-15,169.8000030517578,169.8000030517578,49855200
2024-02-16,169.50999450683594,169.50999450683594,48107700
2024-02-20,167.0800018310547,167.0800018310547,41980300
2024-02-21,168.58999633789062,168.58999633789062,44420100
2024-02-22,174.5800018310547,174.5800018310547,55392400
2024-02-23,174.99000549316406,174.99000549316406,59715200
2024-02-26,174.72999572753906,174.72999572753906,44368600
2024-02-27,173.5399932861328,173.5399932861328,31141700
2024-02-28,173.16000366210938,173.16000366210938,28180500
2024-02-29,176.75999450683594,176.75999450683594,53805400
2024-03-01,178.22000122070312,178.22000122070312,31981200
2024-03-04,177.5800018310547,177.5800018310547,37381500
2024-03-05,174.1199951171875,174.1199951171875,37228300
2024-03-06,173.50999450683594,173.50999450683594,32090900
2024-03-07,176.82000732421875,176.82000732421875,34063300
2024-03-08,175.35000610351562,175.35000610351562,37893200
2024-03-11,171.9600067138672,171.9600067138672,28484800
2024-03-12,175.38999938964844,175.38999938964844,36610600
2024-03-13,176.55999755859375,176.55999755859375,30772600
2024-03-14,178.75,178.75,43705800
2024-03-15,174.4199981689453,174.4199981689453,72147400
2024-03-18,174.47999572753906,174.47999572753906,31250700
2024-03-19,175.89999389648438,175.89999389648438,26880900
2024-03-20,178.14999389648438,178.14999389648438,29947200
2024-03-21,178.14999389648438,178.14999389648438,32824300
2024-03-22,178.8699951171875,178.8699951171875,27995400
2024-03-25,179.7100067138672,179.7100067138672,29815500
2024-03-26,178.3000030517578,178.3000030517578,29659000
2024-03-27,179.8300018310547,179.8300018310547,33272600
2024-03-28,180.3800048828125,180.3800048828125,38051600
2024-04-01,180.97000122070312,180.97000122070312,29174500
2024-04-02,180.69000244140625,180.69000244140625,32611500
2024-04-03,182.41000366210938,182.41000366210938,31046600
2024-04-04,180.0,180.0,41624300
2024-04-05,185.07000732421875,185.07000732421875,42374000
2024-04-08,185.19000244140625,185.19000244140625,39221300
2024-04-09,185.6699981689453,185.6699981689453,36520100
2024-04-10,185.9499969482422,185.9499969482422,35879200
2024-04-11,189.0500030517578,189.0500030517578,40020700
2024-04-12,186.1300048828125,186.1300048828125,38608800
2024-04-15,183.6199951171875,183.6199951171875,48052400
2024-04-16,183.32000732421875,183.32000732421875,32891300
2024-04-17,181.27999877929688,181.27999877929688,31359700
2024-04-18,179.22000122070312,179.22000122070312,30723800
2024-04-19,174.6300048828125,174.6300048828125,56000700
2024-04-22,177.22999572753906,177.22999572753906,37924900
2024-04-23,179.5399932861328,179.5399932861328,37046500
2024-04-24,176.58999633789062,176.58999633789062,34185100
2024-04-25,173.6699981689453,173.6699981689453,49249400
2024-04-26,179.6199951171875,179.6199951171875,43919800
2024-04-29,180.9600067138672,180.9600067138672,54063900
2024-04-30,175.0,175.0,94639800
2024-05-01,179.0,179.0,94645100
2024-05-02,184.72000122070312,184.72000122070312,54303500
2024-05-03,186.2100067138672,186.2100067138672,39172000
2024-05-06,188.6999969482422,188.6999969482422,34725300
2024-05-07,188.75999450683594,188.75999450683594,34048900
2024-05-08,188.0,188.0,26136400
2024-05-09,189.5,189.5,43368400
2024-05-10,187.47999572753906,187.47999572753906,34141800
2024-05-13,186.57000732421875,186.57000732421875,24898600
2024-05-14,187.07000732421875,187.07000732421875,38698200
2024-05-15,185.99000549316406,185.99000549316406,75459900
2024-05-16,183.6300048828125,183.6300048828125,38834500
2024-05-17,184.6999969482422,184.6999969482422,33175700
2024-05-20,183.5399932861328,183.5399932861328,30511800
2024-05-21,183.14999389648438,183.14999389648438,50839100
2024-05-22,183.1300048828125,183.1300048828125,28148800
2024-05-23,181.0500030517578,181.0500030517578,33670200
2024-05-24,180.75,180.75,27471600
2024-05-28,182.14999389648438,182.14999389648438,29927000
2024-05-29,182.02000427246094,182.02000427246094,32009300
2024-05-30,179.32000732421875,179.32000732421875,29184700
2024-05-31,176.44000244140625,176.44000244140625,58903900
2024-06-03,178.33999633789062,178.33999633789062,30786600
2024-06-04,179.33999633789062,179.33999633789062,27198400
2024-06-05,181.27999877929688,181.27999877929688,32116400
2024-06-06,185.0,185.0,31371200
2024-06-07,184.3000030517578,184.3000030517578,28021500
2024-06-10,187.05999755859375,187.05999755859375,34445600
2024-06-11,187.22999572753906,187.22999572753906,27265100
2024-06-12,186.88999938964844,186.88999938964844,33984200
2024-06-13,183.8300018310547,183.8300018310547,39721500
2024-06-14,183.66000366210938,183.66000366210938,25456400
2024-06-17,184.05999755859375,184.05999755859375,35601900
2024-06-18,182.80999755859375,182.80999755859375,36659200
2024-06-20,186.10000610351562,186.10000610351562,44726800
2024-06-21,189.0800018310547,189.0800018310547,70792500
2024-06-24,185.57000732421875,185.57000732421875,50610400
2024-06-25,186.33999633789062,186.33999633789062,45366400
2024-06-26,193.61000061035156,193.61000061035156,65103900
2024-06-27,197.85000610351562,197.85000610351562,74397500
2024-06-28,193.25,193.25,76930200
2024-07-01,197.1999969482422,197.1999969482422,41192000
2024-07-02,200.0,200.0,45600000
2024-07-03,197.58999633789062,197.58999633789062,31597900
2024-07-05,200.0,200.0,39858900
2024-07-08,199.2899932861328,199.2899932861328,34767300
2024-07-09,199.33999633789062,199.33999633789062,32700100
2024-07-10,199.7899932861328,199.7899932861328,32883800
2024-07-11,195.0500030517578,195.0500030517578,44565000
2024-07-12,194.49000549316406,194.49000549316406,30598500
2024-07-15,192.72000122070312,192.72000122070312,40683200
2024-07-16,193.02000427246094,193.02000427246094,33994700
2024-07-17,187.92999267578125,187.92999267578125,48076100
2024-07-18,183.75,183.75,51043600
2024-07-19,183.1300048828125,183.1300048828125,43081800
2024-07-22,182.5500030517578,182.5500030517578,39931900
2024-07-23,186.41000366210938,186.41000366210938,47537700
2024-07-24,180.8300018310547,180.8300018310547,41532400
2024-07-25,179.85000610351562,179.85000610351562,44464200
2024-07-26,182.5,182.5,29506000
2024-07-29,183.1999969482422,183.1999969482422,33270100
2024-07-30,181.7100067138672,181.7100067138672,39508600
2024-07-31,186.97999572753906,186.97999572753906,41667300
2024-08-01,184.07000732421875,184.07000732421875,70435600
2024-08-02,167.89999389648438,167.89999389648438,141448400
2024-08-05,161.02000427246094,161.02000427246094,83149400
2024-08-06,161.92999267578125,161.92999267578125,59950800
2024-08-07,162.77000427246094,162.77000427246094,48408200
2024-08-08,165.8000030517578,165.8000030517578,44616200
2024-08-09,166.94000244140625,166.94000244140625,36401000
2024-08-12,166.8000030517578,166.8000030517578,30072800
2024-08-13,170.22999572753906,170.22999572753906,39237900
2024-08-14,170.10000610351562,170.10000610351562,28843800
2024-08-15,177.58999633789062,177.58999633789062,51698500
2024-08-16,177.05999755859375,177.05999755859375,31489200
2024-08-19,178.22000122070312,178.22000122070312,31129800
2024-08-20,178.8800048828125,178.8800048828125,26255200
2024-08-21,180.11000061035156,180.11000061035156,35599100
2024-08-22,176.1300048828125,176.1300048828125,32047500
2024-08-23,177.0399932861328,177.0399932861328,29150100
2024-08-26,175.5,175.5,22366200
2024-08-27,173.1199951171875,173.1199951171875,29842000
2024-08-28,170.8000030517578,170.8000030517578,29045000
2024-08-29,172.1199951171875,172.1199951171875,26407800
2024-08-30,178.5,178.5,43429400
2024-09-03,176.25,176.25,37817500
2024-09-04,173.3300018310547,173.3300018310547,30309200
2024-09-05,177.88999938964844,177.88999938964844,40170500
2024-09-06,171.38999938964844,171.38999938964844,41466500
2024-09-09,175.39999389648438,175.39999389648438,29037400
2024-09-10,179.5500030517578,179.5500030517578,36233800
2024-09-11,184.52000427246094,184.52000427246094,42564700
2024-09-12,187.0,187.0,33544200
2024-09-13,186.49000549316406,186.49000549316406,26495400
2024-09-16,184.88999938964844,184.88999938964844,26065500
2024-09-17,186.8800048828125,186.8800048828125,26091700
2024-09-18,186.42999267578125,186.42999267578125,34448100
2024-09-19,189.8699951171875,189.8699951171875,39543200
2024-09-20,191.60000610351562,191.60000610351562,100378600
2024-09-23,193.8800048828125,193.8800048828125,36993100
2024-09-24,193.9600067138672,193.9600067138672,43478900
2024-09-25,192.52999877929688,192.52999877929688,26391100
2024-09-26,191.16000366210938,191.16000366210938,36334900
2024-09-27,187.97000122070312,187.97000122070312,36002300
2024-09-30,186.3300018310547,186.3300018310547,41583900
2024-10-01,185.1300048828125,185.1300048828125,36044900
2024-10-02,184.75999450683594,184.75999450683594,23704100
2024-10-03,181.9600067138672,181.9600067138672,30204300
2024-10-04,186.50999450683594,186.50999450683594,40890300
2024-10-07,180.8000030517578,180.8000030517578,42364200
2024-10-08,182.72000122070312,182.72000122070312,26372100
2024-10-09,185.1699981689453,185.1699981689453,26343100
2024-10-10,186.64999389648438,186.64999389648438,27785000
2024-10-11,188.82000732421875,188.82000732421875,25751600
2024-10-14,187.5399932861328,187.5399932861328,22614400
2024-10-15,187.69000244140625,187.69000244140625,32178900
2024-10-16,186.88999938964844,186.88999938964844,23456800
2024-10-17,187.52999877929688,187.52999877929688,25039400
2024-10-18,188.99000549316406,188.99000549316406,37417700
2024-10-21,189.07000732421875,189.07000732421875,24639400
2024-10-22,189.6999969482422,189.6999969482422,29650600
2024-10-23,184.7100067138672,184.7100067138672,31937100
2024-10-24,186.3800048828125,186.3800048828125,21647400
2024-10-25,187.8300018310547,187.8300018310547,29362100
2024-10-28,188.38999938964844,188.38999938964844,27930800
2024-10-29,190.8300018310547,190.8300018310547,35690200
2024-10-30,192.72999572753906,192.72999572753906,37707600
2024-10-31,186.39999389648438,186.39999389648438,75146800
2024-11-01,197.92999267578125,197.92999267578125,99687800
2024-11-04,195.77999877929688,195.77999877929688,38492100
2024-11-05,199.5,199.5,30564800
2024-11-06,207.08999633789062,207.08999633789062,72292200
2024-11-07,210.0500030517578,210.0500030517578,52878400
2024-11-08,208.17999267578125,208.17999267578125,36075800
2024-11-11,206.83999633789062,206.83999633789062,35456000
2024-11-12,208.91000366210938,208.91000366210938,38942900
2024-11-13,214.10000610351562,214.10000610351562,46212900
2024-11-14,211.47999572753906,211.47999572753906,42620300
2024-11-15,202.61000061035156,202.61000061035156,86591100
2024-11-18,201.6999969482422,201.6999969482422,36409900
2024-11-19,204.61000061035156,204.61000061035156,31197900
2024-11-20,202.8800048828125,202.8800048828125,32769000
2024-11-21,198.3800048828125,198.3800048828125,58800000
2024-11-22,197.1199951171875,197.1199951171875,31530800
2024-11-25,201.4499969482422,201.4499969482422,40685700
2024-11-26,207.86000061035156,207.86000061035156,41673700
2024-11-27,205.74000549316406,205.74000549316406,28061600
2024-11-29,207.88999938964844,207.88999938964844,24892400
2024-12-02,210.7100067138672,210.7100067138672,39523200
2024-12-03,213.44000244140625,213.44000244140625,32214800
2024-12-04,218.16000366210938,218.16000366210938,48745700
2024-12-05,220.5500030517578,220.5500030517578,41140200
2024-12-06,227.02999877929688,227.02999877929688,44178100
2024-12-09,226.08999633789062,226.08999633789062,46819400
2024-12-10,225.0399932861328,225.0399932861328,31199900
2024-12-11,230.25999450683594,230.25999450683594,35385800
2024-12-12,228.97000122070312,228.97000122070312,28204100
2024-12-13,227.4600067138672,227.4600067138672,28768100
2024-12-16,232.92999267578125,232.92999267578125,37552100
2024-12-17,231.14999389648438,231.14999389648438,35948100
2024-12-18,220.52000427246094,220.52000427246094,43281400
2024-12-19,223.2899932861328,223.2899932861328,39918700
2024-12-20,224.9199981689453,224.9199981689453,88279200
2024-12-23,225.05999755859375,225.05999755859375,28070000
2024-12-24,229.0500030517578,229.0500030517578,15007500
2024-12-26,227.0500030517578,227.0500030517578,16146700
2024-12-27,223.75,223.75,27367100
2024-12-30,221.3000030517578,221.3000030517578,28321200
2024-12-31,219.38999938964844,219.38999938964844,24819700
2025-01-02,220.22000122070312,220.22000122070312,33956600
2025-01-03,224.19000244140625,224.19000244140625,27515600
2025-01-06,227.61000061035156,227.61000061035156,31849800
2025-01-07,222.11000061035156,222.11000061035156,28084200
2025-01-08,222.1300048828125,222.1300048828125,25033300
2025-01-10,218.94000244140625,218.94000244140625,36811500
2025-01-13,218.4600067138672,218.4600067138672,27262700
2025-01-14,217.75999450683594,217.75999450683594,24711700
2025-01-15,223.35000610351562,223.35000610351562,31291300
2025-01-16,220.66000366210938,220.66000366210938,24757300
2025-01-17,225.94000244140625,225.94000244140625,42370100
2025-01-21,230.7100067138672,230.7100067138672,39951500
2025-01-22,235.00999450683594,235.00999450683594,41448200
2025-01-23,235.4199981689453,235.4199981689453,26404400
2025-01-24,234.85000610351562,234.85000610351562,25890700
2025-01-27,235.4199981689453,235.4199981689453,49428300
2025-01-28,238.14999389648438,238.14999389648438,41587200
2025-01-29,237.07000732421875,237.07000732421875,26091700
2025-01-30,234.63999938964844,234.63999938964844,32020700
2025-01-31,237.67999267578125,237.67999267578125,36110200
2025-02-03,237.4199981689453,237.4199981689453,37285900
2025-02-04,242.05999755859375,242.05999755859375,29713800
2025-02-05,236.1699981689453,236.1699981689453,38727300
2025-02-06,238.8300018310547,238.8300018310547,60897100
2025-02-07,229.14999389648438,229.14999389648438,77539300
2025-02-10,233.13999938964844,233.13999938964844,35419900
2025-02-11,232.75999450683594,232.75999450683594,23713700
2025-02-12,228.92999267578125,228.92999267578125,32285200
2025-02-13,230.3699951171875,230.3699951171875,31346500
2025-02-14,228.67999267578125,228.67999267578125,27031100
2025-02-18,226.64999389648438,226.64999389648438,42975100
2025-02-19,226.6300048828125,226.6300048828125,28566700
2025-02-20,222.8800048828125,222.8800048828125,30001700
2025-02-21,216.5800018310547,216.5800018310547,55323900
2025-02-24,212.7100067138672,212.7100067138672,42387600
2025-02-25,212.8000030517578,212.8000030517578,58958000
2025-02-26,214.35000610351562,214.35000610351562,39120600
2025-02-27,208.74000549316406,208.74000549316406,40548600
2025-02-28,212.27999877929688,212.27999877929688,51771700
2025-03-03,205.02000427246094,205.02000427246094,42948400
2025-03-04,203.8000030517578,203.8000030517578,60853100
2025-03-05,208.36000061035156,208.36000061035156,38610100
2025-03-06,200.6999969482422,200.6999969482422,49863800
2025-03-07,199.25,199.25,59802800
2025-03-10,194.5399932861328,194.5399932861328,62350900
2025-03-11,196.58999633789062,196.58999633789062,54002900
2025-03-12,198.88999938964844,198.88999938964844,43679300
2025-03-13,193.88999938964844,193.88999938964844,41270800
2025-03-14,197.9499969482422,197.9499969482422,38096700
2025-03-17,195.74000549316406,195.74000549316406,47341800
2025-03-18,192.82000732421875,192.82000732421875,40414900
2025-03-19,195.5399932861328,195.5399932861328,39442900
2025-03-20,194.9499969482422,194.9499969482422,38921100
2025-03-21,196.2100067138672,196.2100067138672,60056900
2025-03-24,203.25999450683594,203.25999450683594,41625400
2025-03-25,205.7100067138672,205.7100067138672,31171200
2025-03-26,201.1300048828125,201.1300048828125,32855300
2025-03-27,201.36000061035156,201.36000061035156,27317700
2025-03-28,192.72000122070312,192.72000122070312,52548200
2025-03-31,190.25999450683594,190.25999450683594,63547600
2025-04-01,192.1699981689453,192.1699981689453,41267300
2025-04-02,196.00999450683594,196.00999450683594,53679200
2025-04-03,178.41000366210938,178.41000366210938,95553600
2025-04-04,171.0,171.0,123159400
2025-04-07,175.25999450683594,175.25999450683594,109327100
2025-04-08,170.66000366210938,170.66000366210938,87710400
2025-04-09,191.10000610351562,191.10000610351562,116804300
2025-04-10,181.22000122070312,181.22000122070312,68302000
2025-04-11,184.8699951171875,184.8699951171875,50594300
2025-04-14,182.1199951171875,182.1199951171875,48002500
2025-04-15,179.58999633789062,179.58999633789062,43642000
2025-04-16,174.3300018310547,174.3300018310547,51875300
2025-04-17,172.61000061035156,172.61000061035156,44726500
2025-04-21,167.32000732421875,167.32000732421875,48126100
2025-04-22,173.17999267578125,173.17999267578125,56607200
2025-04-23,180.60000610351562,180.60000610351562,63470100
2025-04-24,186.5399932861328,186.5399932861328,43763200
2025-04-25,188.99000549316406,188.99000549316406,36414300
2025-04-28,187.6999969482422,187.6999969482422,33224700
2025-04-29,187.38999938964844,187.38999938964844,41667300
2025-04-30,184.4199981689453,184.4199981689453,55176500
2025-05-01,190.1999969482422,190.1999969482422,74266000
2025-05-02,189.97999572753906,189.97999572753906,77903500
2025-05-05,186.35000610351562,186.35000610351562,35217500
2025-05-06,185.00999450683594,185.00999450683594,29314100
2025-05-07,188.7100067138672,188.7100067138672,43948600
2025-05-08,192.0800018310547,192.0800018310547,41043600
2025-05-09,193.05999755859375,193.05999755859375,29663100
2025-05-12,208.63999938964844,208.63999938964844,75205000
2025-05-13,211.3699951171875,211.3699951171875,56193700
2025-05-14,210.25,210.25,38492100
2025-05-15,205.1699981689453,205.1699981689453,64347300
2025-05-16,205.58999633789062,205.58999633789062,43318500
2025-05-19,206.16000366210938,206.16000366210938,34314800
2025-05-20,204.07000732421875,204.07000732421875,29470400
2025-05-21,201.1199951171875,201.1199951171875,42460900
2025-05-22,203.10000610351562,203.10000610351562,38938900
2025-05-23,200.99000549316406,200.99000549316406,33393500
2025-05-27,206.02000427246094,206.02000427246094,34892000
2025-05-28,204.72000122070312,204.72000122070312,28549800
2025-05-29,205.6999969482422,205.6999969482422,34650000
2025-05-30,205.00999450683594,205.00999450683594,51679400
2025-06-02,206.64999389648438,206.64999389648438,29113300
2025-06-03,205.7100067138672,205.7100067138672,33139100
2025-06-04,207.22999572753906,207.22999572753906,29915600
2025-06-05,207.91000366210938,207.91000366210938,51864200
2025-06-06,213.57000732421875,213.57000732421875,39832500
2025-06-09,216.97999572753906,216.97999572753906,38102500
2025-06-10,217.61000061035156,217.61000061035156,31303300
2025-06-11,213.1999969482422,213.1999969482422,39326000
2025-06-12,213.24000549316406,213.24000549316406,27640000
2025-06-13,212.10000610351562,212.10000610351562,29337800
2025-06-16,216.10000610351562,216.10000610351562,33284200
2025-06-17,214.82000732421875,214.82000732421875,32086300
2025-06-18,212.52000427246094,212.52000427246094,44360500
2025-06-20,209.69000244140625,209.69000244140625,75350700
2025-06-23,208.47000122070312,208.47000122070312,37311700
2025-06-24,212.77000427246094,212.77000427246094,38378800
2025-06-25,211.99000549316406,211.99000549316406,31755700
2025-06-26,217.1199951171875,217.1199951171875,50480800
2025-06-27,223.3000030517578,223.3000030517578,119217100
2025-06-30,219.38999938964844,219.38999938964844,58887800
2025-07-01,220.4600067138672,220.4600067138672,39256800
2025-07-02,219.9199981689453,219.9199981689453,30894200
2025-07-03,223.41000366210938,223.41000366210938,29632400
2025-07-07,223.47000122070312,223.47000122070312,36604100
2025-07-08,219.36000061035156,219.36000061035156,45692000
2025-07-09,222.5399932861328,222.5399932861328,38155100
2025-07-10,222.25999450683594,222.25999450683594,30370600
2025-07-11,225.02000427246094,225.02000427246094,50518300
2025-07-14,225.69000244140625,225.69000244140625,35702600
2025-07-15,226.35000610351562,226.35000610351562,34907300
2025-07-16,223.19000244140625,223.19000244140625,39535900
2025-07-17,223.8800048828125,223.8800048828125,31855800
2025-07-18,226.1300048828125,226.1300048828125,37833800
2025-07-21,229.3000030517578,229.3000030517578,40297600
2025-07-22,227.47000122070312,227.47000122070312,37483700
2025-07-23,228.2899932861328,228.2899932861328,28294900
2025-07-24,232.22999572753906,232.22999572753906,42902300
2025-07-25,231.44000244140625,231.44000244140625,28712100
2025-07-28,232.7899932861328,232.7899932861328,26300100
2025-07-29,231.00999450683594,231.00999450683594,33716200
2025-07-30,230.19000244140625,230.19000244140625,32993300
2025-07-31,234.11000061035156,234.11000061035156,104357300
2025-08-01,214.75,214.75,122258800
2025-08-04,211.64999389648438,211.64999389648438,77890100
2025-08-05,213.75,213.75,51505100
2025-08-06,222.30999755859375,222.30999755859375,54823000
2025-08-07,223.1300048828125,223.1300048828125,40603500
2025-08-08,222.69000244140625,222.69000244140625,32970500
2025-08-11,221.3000030517578,221.3000030517578,31646200
2025-08-12,221.47000122070312,221.47000122070312,37185800
2025-08-13,224.55999755859375,224.55999755859375,36508300
2025-08-14,230.97999572753906,230.97999572753906,61545800
2025-08-15,231.02999877929688,231.02999877929688,39649200
2025-08-18,231.49000549316406,231.49000549316406,25248900
2025-08-19,228.00999450683594,228.00999450683594,29891000
2025-08-20,223.80999755859375,223.80999755859375,36604300
2025-08-21,221.9499969482422,221.9499969482422,32140500
2025-08-22,228.83999633789062,228.83999633789062,37315300
2025-08-25,227.94000244140625,227.94000244140625,22633700
2025-08-26,228.7100067138672,228.7100067138672,26105400
2025-08-27,229.1199951171875,229.1199951171875,21254500
2025-08-28,231.60000610351562,231.60000610351562,33679600
2025-08-29,229.0,229.0,26199200
2025-09-02,225.33999633789062,225.33999633789062,38843900
2025-09-03,225.99000549316406,225.99000549316406,29223100
2025-09-04,235.67999267578125,235.67999267578125,59391800
2025-09-05,232.3300018310547,232.3300018310547,36721800
2025-09-08,235.83999633789062,235.83999633789062,33947100
2025-09-09,238.24000549316406,238.24000549316406,27033800
2025-09-10,230.3300018310547,230.3300018310547,60907700
2025-09-11,229.9499969482422,229.9499969482422,37485600
2025-09-12,228.14999389648438,228.14999389648438,38496200
2025-09-15,231.42999267578125,231.42999267578125,33243300
2025-09-16,234.0500030517578,234.0500030517578,38203900
2025-09-17,231.6199951171875,231.6199951171875,42815200
2025-09-18,231.22999572753906,231.22999572753906,37931700
2025-09-19,231.47999572753906,231.47999572753906,97943200
2025-09-22,227.6300048828125,227.6300048828125,45914500
2025-09-23,220.7100067138672,220.7100067138672,70956200
2025-09-24,220.2100067138672,220.2100067138672,49509000
2025-09-25,218.14999389648438,218.14999389648438,52226300
2025-09-26,219.77999877929688,219.77999877929688,41650100
2025-09-29,222.1699981689453,222.1699981689453,44259200
2025-09-30,219.57000732421875,219.57000732421875,48396400
2025-10-01,220.6300048828125,220.6300048828125,43933800
2025-10-02,222.41000366210938,222.41000366210938,41258600
2025-10-03,219.50999450683594,219.50999450683594,43639000
2025-10-06,220.89999389648438,220.89999389648438,43690900
2025-10-07,221.77999877929688,221.77999877929688,31194700
2025-10-08,225.22000122070312,225.22000122070312,46686000
2025-10-09,227.74000549316406,227.74000549316406,46412100
2025-10-10,216.3699951171875,216.3699951171875,72367500
2025-10-13,220.07000732421875,220.07000732421875,37809700
2025-10-14,216.38999938964844,216.38999938964844,45665600
2025-10-15,215.57000732421875,215.57000732421875,45909500
2025-10-16,214.47000122070312,214.47000122070312,42414600
2025-10-17,213.0399932861328,213.0399932861328,45986900
2025-10-20,216.47999572753906,216.47999572753906,38882800
2025-10-21,222.02999877929688,222.02999877929688,50494600
2025-10-22,217.9499969482422,217.9499969482422,44308500
2025-10-23,221.08999633789062,221.08999633789062,31540000
2025-10-24,224.2100067138672,224.2100067138672,38685100
2025-10-27,226.97000122070312,226.97000122070312,38267000
2025-10-28,229.25,229.25,47100000
2025-10-29,230.3000030517578,230.3000030517578,52036200
2025-10-30,222.86000061035156,222.86000061035156,102252900
2025-10-31,244.22000122070312,244.22000122070312,166340800
2025-11-03,254.0,254.0,95997800
2025-11-04,249.32000732421875,249.32000732421875,51546300
2025-11-05,250.1999969482422,250.1999969482422,40610700
2025-11-06,243.0399932861328,243.0399932861328,46004200
2025-11-07,244.41000366210938,244.41000366210938,46374300
2025-11-10,248.39999389648438,248.39999389648438,36476500
2025-11-11,249.10000610351562,249.10000610351562,23564100
2025-11-12,244.1999969482422,244.1999969482422,31190100
2025-11-13,237.5800018310547,237.5800018310547,41401700
2025-11-14,234.69000244140625,234.69000244140625,38956700
2025-11-17,232.8699951171875,232.8699951171875,59919000
2025-11-18,222.5500030517578,222.5500030517578,60608400
2025-11-19,222.69000244140625,222.69000244140625,58335600
2025-11-20,217.13999938964844,217.13999938964844,50309000
2025-11-21,220.69000244140625,220.69000244140625,68490500
2025-11-24,226.27999877929688,226.27999877929688,54318400
2025-11-25,229.6699981689453,229.6699981689453,39379300
2025-11-26,229.16000366210938,229.16000366210938,38497900
2025-11-28,233.22000122070312,233.22000122070312,20292300
2025-12-01,233.8800048828125,233.8800048828125,42904000
2025-12-02,234.4199981689453,234.4199981689453,45785400
2025-12-03,232.3800048828125,232.3800048828125,35495100
2025-12-04,229.11000061035156,229.11000061035156,45683200
2025-12-05,229.52999877929688,229.52999877929688,33117400
2025-12-08,226.88999938964844,226.88999938964844,35019200
2025-12-09,227.9199981689453,227.9199981689453,25841700
2025-12-10,231.77999877929688,231.77999877929688,38790700
2025-12-11,230.27999877929688,230.27999877929688,28249600
2025-12-12,226.19000244140625,226.19000244140625,35639100
2025-12-15,222.5399932861328,222.5399932861328,47286100
2025-12-16,222.55999755859375,222.55999755859375,39298900
2025-12-17,221.27000427246094,221.27000427246094,44034400
2025-12-18,226.75999450683594,226.75999450683594,50272400
2025-12-19,227.35000610351562,227.35000610351562,85544400
2025-12-22,228.42999267578125,228.42999267578125,32261300
2025-12-23,232.13999938964844,232.13999938964844,29230200
2025-12-24,232.3800048828125,232.3800048828125,11420500
2025-12-26,232.52000427246094,232.52000427246094,15994700
2025-12-29,232.07000732421875,232.07000732421875,19797900
2025-12-30,232.52999877929688,232.52999877929688,21910500
2025-12-31,230.82000732421875,230.82000732421875,24383700
2026-01-02,226.5,226.5,51456200
2026-01-05,233.05999755859375,233.05999755859375,49733300
2026-01-06,240.92999267578125,240.92999267578125,53764700
2026-01-07,241.55999755859375,241.55999755859375,42236500
2026-01-08,246.2899932861328,246.2899932861328,39509800
2026-01-09,247.3800048828125,247.3800048828125,34560000
2026-01-12,246.47000122070312,246.47000122070312,35867800
2026-01-13,242.60000610351562,242.60000610351562,38371800
2026-01-14,236.64999389648438,236.64999389648438,41410600
2026-01-15,238.17999267578125,238.17999267578125,43003600
2026-01-16,239.1199951171875,239.1199951171875,45888300
2026-01-20,231.0,231.0,47737900
2026-01-21,231.30999755859375,231.30999755859375,47276100
2026-01-22,234.33999633789062,234.33999633789062,31913300
2026-01-23,239.16000366210938,239.16000366210938,33778500
2026-01-26,238.4199981689453,238.4199981689453,32825500
2026-01-27,244.67999267578125,244.67999267578125,38029200
2026-01-28,243.00999450683594,243.00999450683594,40882700
2026-01-29,241.72999572753906,241.72999572753906,47229600
2026-01-30,239.3000030517578,239.3000030517578,46585000
2026-02-02,242.9600067138672,242.9600067138672,37546100
2026-02-03,238.6199951171875,238.6199951171875,53831300
2026-02-04,232.99000549316406,232.99000549316406,51299900
2026-02-05,222.69000244140625,222.69000244140625,103509200
2026-02-06,210.32000732421875,210.32000732421875,179210900
2026-02-09,208.72000122070312,208.72000122070312,91178400
2026-02-10,206.9600067138672,206.9600067138672,67175000
2026-02-11,204.0800018310547,204.0800018310547,65545500
2026-02-12,199.60000610351562,199.60000610351562,83975400
2026-02-13,198.7899932861328,198.7899932861328,66321600
2026-02-17,201.14999389648438,201.14999389648438,69879200
2026-02-18,204.7899932861328,204.7899932861328,51003300
2026-02-19,204.86000061035156,204.86000061035156,35669600
2026-02-20,210.11000061035156,210.11000061035156,65881600
2026-02-23,205.27000427246094,205.27000427246094,53581500
2026-02-24,208.55999755859375,208.55999755859375,41137200
2026-02-25,210.63999938964844,210.63999938964844,41346400
2026-02-26,207.9199981689453,207.9199981689453,47756800
2026-02-27,210.0,210.0,57422800
2026-03-02,208.38999938964844,208.38999938964844,46001000
2026-03-03,208.72999572753906,208.72999572753906,43184900
2026-03-04,216.82000732421875,216.82000732421875,54731100
2026-03-05,218.94000244140625,218.94000244140625,60943400
2026-03-06,213.2100067138672,213.2100067138672,51152700
2026-03-09,213.49000549316406,213.49000549316406,54642900
2026-03-10,214.3300018310547,214.3300018310547,35678800
2026-03-11,212.64999389648438,212.64999389648438,34199300
2026-03-12,209.52999877929688,209.52999877929688,44349500
2026-03-13,207.6699981689453,207.6699981689453,35662100
2026-03-16,211.74000549316406,211.74000549316406,42209300
2026-03-17,215.1999969482422,215.1999969482422,44969900
2026-03-18,209.8699951171875,209.8699951171875,37846600
2026-03-19,208.75999450683594,208.75999450683594,36440600
2026-03-20,205.3699951171875,205.3699951171875,63694600
2026-03-23,210.13999938964844,210.13999938964844,44277400
2026-03-24,207.24000549316406,207.24000549316406,35351400
2026-03-25,211.7100067138672,211.7100067138672,36388800
2026-03-26,207.5399932861328,207.5399932861328,46746000
2026-03-27,199.33999633789062,199.33999633789062,56009800
2026-03-30,200.9499969482422,200.9499969482422,46373800
2026-03-31,208.27000427246094,208.27000427246094,58470100
2026-04-01,210.57000732421875,210.57000732421875,45955400
2026-04-02,209.77000427246094,209.77000427246094,31453000
2026-04-06,212.7899932861328,212.7899932861328,25385500
2026-04-07,213.77000427246094,213.77000427246094,28154600
2026-04-08,221.25,221.25,51092700
2026-04-09,233.64999389648438,233.64999389648438,65964200
2026-04-10,238.3800048828125,238.3800048828125,56912800
2026-04-13,239.88999938964844,239.88999938964844,42166200
2026-04-14,249.02000427246094,249.02000427246094,72685000
2026-04-15,248.5,248.5,43045200
2026-04-16,249.6999969482422,249.6999969482422,41895700
2026-04-17,250.55999755859375,250.55999755859375,52029300
2026-04-20,248.27999877929688,248.27999877929688,39463100
2026-04-21,249.91000366210938,249.91000366210938,42922400
2026-04-22,255.36000061035156,255.36000061035156,36065100
2026-04-23,255.0800018310547,255.0800018310547,39091400
2026-04-24,263.989990234375,263.989990234375,53777400
2026-04-27,261.1199951171875,261.1199951171875,44906800
2026-04-28,259.70001220703125,259.70001220703125,42204400
2026-04-29,263.0400085449219,263.0400085449219,72367900
2026-04-30,265.05999755859375,265.05999755859375,100974900
2026-05-01,268.260009765625,268.260009765625,50825200
2026-05-04,272.04998779296875,272.04998779296875,49083700
2026-05-05,273.54998779296875,273.54998779296875,41908500
2026-05-06,274.989990234375,274.989990234375,44552000
2026-05-07,271.1700134277344,271.1700134277344,35892900
2026-05-08,272.67999267578125,272.67999267578125,34732700
2026-05-11,268.989990234375,268.989990234375,38176700
2026-05-12,265.82000732421875,265.82000732421875,36776200
2026-05-13,270.1300048828125,270.1300048828125,39670900
2026-05-14,267.2200012207031,267.2200012207031,31338400
2026-05-15,264.1400146484375,264.1400146484375,40770300
2026-05-18,264.8599853515625,264.8599853515625,33690800
2026-05-19,259.3399963378906,259.3399963378906,40340700
2026-05-20,265.010009765625,265.010009765625,34933200
2026-05-21,268.4599914550781,268.4599914550781,36591700
2026-05-22,266.32000732421875,266.32000732421875,27535500
2026-05-26,265.2900085449219,265.2900085449219,38028100
2026-05-27,271.8500061035156,271.8500061035156,40061900
2026-05-28,274.0,274.0,40630400
2026-05-29,270.6400146484375,270.6400146484375,54749600
2026-06-01,261.260009765625,261.260009765625,53604400
2026-06-02,256.5199890136719,256.5199890136719,41811000
2026-06-03,250.02000427246094,250.02000427246094,51394200
2026-06-04,253.7899932861328,253.7899932861328,35609800
2026-06-05,246.02999877929688,246.02999877929688,55607800
2026-06-08,245.22000122070312,245.22000122070312,33899500
2026-06-09,244.19000244140625,244.19000244140625,44425400
2026-06-10,238.0,238.0,38590200
2026-06-11,241.50999450683594,241.50999450683594,41335400
2026-06-12,238.5500030517578,238.5500030517578,51186600
2026-06-15,246.02000427246094,246.02000427246094,41711600
2026-06-16,246.0,246.0,35187400
2026-06-17,237.5,237.5,44780800
2026-06-18,244.38999938964844,244.38999938964844,75624400
2026-06-22,232.7899932861328,232.7899932861328,68388500
2026-06-23,234.11000061035156,234.11000061035156,60492600
2026-06-24,234.27000427246094,234.27000427246094,70282600
2026-06-25,227.00999450683594,227.00999450683594,77674100
2026-06-26,232.69000244140625,232.69000244140625,248372100
2026-06-29,240.13999938964844,240.13999938964844,77619200
2026-06-30,238.33999633789062,238.33999633789062,66228300
2026-07-01,241.6999969482422,241.6999969482422,53829900
2026-07-02,242.6699981689453,242.6699981689453,48246400
2026-07-06,244.16000366210938,244.16000366210938,40044000
2026-07-07,245.97999572753906,245.97999572753906,40579600
2026-07-08,243.6199951171875,243.6199951171875,29653000
2026-07-09,247.0399932861328,247.0399932861328,38091700
2026-07-10,245.33999633789062,245.33999633789062,31654000
2026-07-13,247.30999755859375,247.30999755859375,34636100
2026-07-14,247.49000549316406,247.49000549316406,30108100
2026-07-15,254.9600067138672,254.9600067138672,45240600
2026-07-16,249.88999938964844,249.88999938964844,45343700
2026-07-17,247.22999572753906,247.22999572753906,43572400
2026-07-20,249.99000549316406,249.99000549316406,32406500
2026-07-21,247.5500030517578,247.5500030517578,27732100
2026-07-22,244.85000610351562,244.85000610351562,34112700
2026-07-23,233.66000366210938,233.66000366210938,47465300
2026-07-24,232.11000061035156,232.11000061035156,35017400
2026-07-27,231.38999938964844,231.38999938964844,34999500
2026-07-28,230.86000061035156,230.86000061035156,44521600
2026-07-29,226.64999389648438,226.64999389648438,44957500
2026-07-30,235.5,235.5,101839800
2026-07-31,271.5799865722656,271.5799865722656,129054800
2026-08-03,284.0199890136719,284.0199890136719,90830200
2026-08-04,277.4200134277344,277.4200134277344,69748100
2026-08-05,272.6499938964844,272.6499938964844,45119800
2026-08-06,272.260009765625,272.260009765625,30672900
2026-08-07,274.4800109863281,274.4800109863281,33861400
2026-08-10,278.0899963378906,278.0899963378906,35731900
2026-08-11,272.2699890136719,272.2699890136719,31895700
2026-08-12,267.2799987792969,267.2799987792969,29941100
2026-08-13,265.1300048828125,265.1300048828125,32170200
2026-08-14,262.6499938964844,262.6499938964844,27251700
2026-08-17,261.30999755859375,261.30999755859375,43896500
2026-08-18,259.45001220703125,259.45001220703125,33171300
2026-08-19,265.8399963378906,265.8399963378906,35762400
2026-08-20,260.1099853515625,260.1099853515625,28374100
2026-08-21,258.6300048828125,258.6300048828125,35723000
2026-08-24,262.07000732421875,262.07000732421875,28070500
2026-08-25,261.05999755859375,261.05999755859375,25550200
2026-08-26,260.2799987792969,260.2799987792969,21528400
2026-08-27,256.260009765625,256.260009765625,35927800
2026-08-28,266.42999267578125,266.42999267578125,49547400
2026-08-31,259.7699890136719,259.7699890136719,46089400
2026-09-01,254.9199981689453,254.9199981689453,31700100
2026-09-02,254.97999572753906,254.97999572753906,24013300
2026-09-03,258.8999938964844,258.8999938964844,26891500
2026-09-04,258.510009765625,258.510009765625,30749900
2026-09-08,256.9700012207031,256.9700012207031,29398000
2026-09-09,252.39999389648438,252.39999389648438,33055500
2026-09-10,251.88999938964844,251.88999938964844,25484800
2026-09-11,256.7799987792969,256.7799987792969,26724100
2026-09-14,253.5399932861328,253.5399932861328,34352800
2026-09-15,248.4199981689453,248.4199981689453,36275400
2026-09-16,245.9600067138672,245.9600067138672,33488500
2026-09-17,251.19000244140625,251.19000244140625,30438800
2026-09-18,253.7100067138672,253.7100067138672,52274700
2026-09-21,258.45001220703125,258.45001220703125,42979400
2026-09-22,254.97999572753906,254.97999572753906,41982600
2026-09-23,249.27000427246094,249.27000427246094,44209200
2026-09-24,249.3800048828125,249.3800048828125,33040100
