Date,close,adjclose,volume
2014-12-01,3874.4296875,2077.64892578125,0.0
2014-12-02,3867.510986328125,2073.938232421875,886783.0
2014-12-03,3805.243408203125,2040.5477294921875,4769699.0
2014-12-04,3791.40625,2033.1275634765625,676362.0
2014-12-05,3874.4296875,2077.64892578125,898412.0
2014-12-08,4012.80224609375,2151.85009765625,0.0
2014-12-09,3805.243408203125,2040.5477294921875,70024.0
2014-12-10,3805.243408203125,2040.5477294921875,70024.0
2014-12-11,3784.487548828125,2029.417236328125,822023.0
2014-12-12,3694.54541015625,1981.1866455078125,523659.0
2014-12-15,3535.417236328125,1895.8543701171875,366814.0
2014-12-16,3535.417236328125,1895.8543701171875,366814.0
2014-12-17,3659.952392578125,1962.6358642578125,223356.0
2014-12-18,3812.162109375,2044.258544921875,111363.0
2014-12-19,3874.4296875,2077.64892578125,148246.0
2014-12-22,3874.4296875,2077.64892578125,0.0
2014-12-23,4081.988525390625,2188.950927734375,647232.0
2014-12-24,4088.906982421875,2192.6611328125,830513.0
2014-12-25,4185.76806640625,2244.60302734375,859163.0
2014-12-26,4081.988525390625,2188.950927734375,406351.0
2014-12-29,4081.988525390625,2188.950927734375,0.0
2014-12-30,4068.151123046875,2181.53076171875,450413.0
2014-12-31,4061.232666015625,2177.82080078125,3546953.0
2015-01-01,4061.232666015625,2177.82080078125,0.0
2015-01-02,3943.615966796875,2114.749267578125,20720.0
2015-01-05,3736.05712890625,2003.44677734375,95192.0
2015-01-06,3736.05712890625,2003.44677734375,0.0
2015-01-07,3673.78955078125,1980.3245849609375,88231.0
2015-01-08,3625.359130859375,1954.2186279296875,193109.0
2015-01-09,3646.115234375,1965.406494140625,665653.0
2015-01-12,3943.615966796875,2125.77197265625,0.0
2015-01-13,3729.138671875,2010.15966796875,147947.0
2015-01-14,3729.138671875,2010.15966796875,147947.0
2015-01-15,3680.708251953125,1984.053955078125,181747.0
2015-01-16,3701.464111328125,1995.2418212890625,51560.0
2015-01-19,3701.464111328125,1995.2418212890625,0.0
2015-01-20,3639.196533203125,1961.6771240234375,31519.0
2015-01-21,3625.359130859375,1954.2186279296875,194113.0
2015-01-22,3632.27783203125,1957.947509765625,160047.0
2015-01-23,3846.755126953125,2073.5595703125,319550.0
2015-01-26,3653.03369140625,1969.13623046875,164902.0
2015-01-27,3653.03369140625,1969.13623046875,164902.0
2015-01-28,3653.03369140625,1969.13623046875,202155.0
2015-01-29,3736.05712890625,2013.8895263671875,106896.0
2015-01-30,3680.708251953125,1984.053955078125,99973.0
2015-02-02,3611.52197265625,1946.7596435546875,64151.0
2015-02-03,3611.52197265625,1946.7596435546875,64151.0
2015-02-04,3715.30126953125,2002.700927734375,398583.0
2015-02-05,3777.569091796875,2036.2655029296875,117185.0
2015-02-06,3763.731689453125,2028.8067626953125,89497.0
2015-02-09,3784.487548828125,2039.995361328125,152851.0
2015-02-10,3784.487548828125,2039.995361328125,152851.0
2015-02-11,3749.89453125,2021.3480224609375,410795.0
2015-02-12,3729.138671875,2010.15966796875,96113.0
2015-02-13,3666.87109375,1976.5950927734375,264840.0
2015-02-16,3639.196533203125,1961.6771240234375,22790.0
2015-02-17,3639.196533203125,1961.6771240234375,22790.0
2015-02-18,3653.03369140625,1969.13623046875,82627.0
2015-02-19,3639.196533203125,1961.6771240234375,95485.0
2015-02-20,3563.091552734375,1920.6539306640625,542078.0
2015-02-23,3459.312255859375,1864.71240234375,200700.0
2015-02-24,3459.312255859375,1864.71240234375,200700.0
2015-02-25,3424.71923828125,1846.06494140625,143899.0
2015-02-26,3459.312255859375,1864.71240234375,450369.0
2015-02-27,3493.9052734375,1883.359619140625,114389.0
2015-03-02,3445.47509765625,1857.2532958984375,42298.0
2015-03-03,3445.47509765625,1857.2532958984375,42298.0
2015-03-04,3320.939697265625,1790.1239013671875,164411.0
2015-03-05,3265.5908203125,1760.287841796875,304877.0
2015-03-06,3320.939697265625,1790.1239013671875,338255.0
2015-03-09,3230.99755859375,1741.6412353515625,122389.0
2015-03-10,3230.99755859375,1741.6412353515625,122389.0
2015-03-11,3220.61962890625,1736.04638671875,100548.0
2015-03-12,3210.24169921875,1730.4530029296875,179026.0
2015-03-13,3213.701171875,1732.3175048828125,362285.0
2015-03-16,3320.939697265625,1790.1239013671875,480654.0
2015-03-17,3320.939697265625,1790.1239013671875,480654.0
2015-03-18,3369.3701171875,1816.2298583984375,179912.0
2015-03-19,3455.85302734375,1862.84716796875,198415.0
2015-03-20,3459.312255859375,1864.71240234375,980645.0
2015-03-23,3459.312255859375,1864.71240234375,0.0
2015-03-24,3459.312255859375,1864.71240234375,1593751.0
2015-03-25,3459.312255859375,1864.71240234375,1593751.0
2015-03-26,3455.85302734375,1862.84716796875,150392.0
2015-03-27,3459.312255859375,1864.71240234375,0.0
2015-03-30,3390.1259765625,1827.4180908203125,10413.0
2015-03-31,3390.1259765625,1827.4180908203125,10413.0
2015-04-01,3341.695556640625,1801.3116455078125,141695.0
2015-04-02,3341.695556640625,1801.3116455078125,4868.0
2015-04-03,3459.312255859375,1864.71240234375,0.0
2015-04-06,3390.1259765625,1827.4180908203125,279637.0
2015-04-07,3390.1259765625,1827.4180908203125,279637.0
2015-04-08,3403.96337890625,1846.1802978515625,262608.0
2015-04-09,3386.666748046875,1836.79931640625,149451.0
2015-04-10,3358.9921875,1821.789306640625,306835.0
2015-04-13,3334.777099609375,1808.6558837890625,104269.0
2015-04-14,3334.777099609375,1808.6558837890625,104269.0
2015-04-15,3251.75341796875,1763.6270751953125,709496.0
2015-04-16,3244.8349609375,1759.8746337890625,531604.0
2015-04-17,3265.5908203125,1771.1322021484375,109666.0
2015-04-20,3244.8349609375,1759.8746337890625,65015.0
2015-04-21,3244.8349609375,1759.8746337890625,65015.0
2015-04-22,3154.892822265625,1711.093505859375,121451.0
2015-04-23,3265.5908203125,1771.1322021484375,246083.0
2015-04-24,3293.265380859375,1786.141357421875,490695.0
2015-04-27,3383.207275390625,1834.9228515625,298832.0
2015-04-28,3383.207275390625,1834.9228515625,298832.0
2015-04-29,3507.74267578125,1902.4661865234375,659980.0
2015-04-30,3500.823974609375,1898.713623046875,748138.0
2015-05-01,3493.9052734375,1894.961181640625,426197.0
2015-05-04,3493.9052734375,1894.961181640625,0.0
2015-05-05,3514.661376953125,1906.21875,215383.0
2015-05-06,3597.684814453125,1951.2469482421875,91959.0
2015-05-07,3459.312255859375,1876.19873046875,164652.0
2015-05-08,3438.556396484375,1864.94189453125,338749.0
2015-05-11,3355.532958984375,1819.9134521484375,84314.0
2015-05-12,3355.532958984375,1819.9134521484375,84314.0
2015-05-13,3327.8583984375,1804.9036865234375,128421.0
2015-05-14,3320.939697265625,1801.151123046875,46648.0
2015-05-15,3355.532958984375,1819.9134521484375,57725.0
2015-05-18,3355.532958984375,1819.9134521484375,0.0
2015-05-19,3345.155029296875,1814.2847900390625,119792.0
2015-05-20,3345.155029296875,1814.2847900390625,119792.0
2015-05-21,3279.427978515625,1778.636962890625,79926.0
2015-05-22,3300.183837890625,1789.8939208984375,77200.0
2015-05-25,3320.939697265625,1801.151123046875,113467.0
2015-05-26,3320.939697265625,1801.151123046875,113467.0
2015-05-27,3320.939697265625,1801.151123046875,0.0
2015-05-28,3251.75341796875,1763.6270751953125,505682.0
2015-05-29,3220.61962890625,1746.7415771484375,445104.0
2015-06-01,3120.299560546875,1692.3314208984375,191879.0
2015-06-02,3120.299560546875,1692.3314208984375,191879.0
2015-06-03,3044.19482421875,1651.0555419921875,276520.0
2015-06-04,3044.19482421875,1651.0555419921875,177150.0
2015-06-05,3026.898193359375,1641.673828125,351577.0
2015-06-08,3120.299560546875,1692.3314208984375,0.0
2015-06-09,2975.008544921875,1613.5313720703125,308502.0
2015-06-10,2975.008544921875,1613.5313720703125,308502.0
2015-06-11,3019.9794921875,1637.9222412109375,1326604.0
2015-06-12,3030.357421875,1643.550537109375,250490.0
2015-06-15,2975.008544921875,1613.5313720703125,0.0
2015-06-16,3030.357421875,1643.550537109375,132112.0
2015-06-17,3030.357421875,1643.550537109375,132112.0
2015-06-18,3040.735595703125,1649.17919921875,588988.0
2015-06-19,3023.43896484375,1639.7982177734375,197900.0
2015-06-22,2975.008544921875,1613.5313720703125,0.0
2015-06-23,2850.473388671875,1545.98828125,240370.0
2015-06-24,2947.333984375,1598.521728515625,321182.0
2015-06-25,2975.008544921875,1613.5313720703125,393526.0
2015-06-26,3009.6015625,1632.2928466796875,133444.0
2015-06-29,2975.008544921875,1613.5313720703125,0.0
2015-06-30,2930.03759765625,1589.140869140625,76625.0
2015-07-01,2930.03759765625,1589.140869140625,76625.0
2015-07-02,2947.333984375,1598.521728515625,209686.0
2015-07-03,3006.142333984375,1630.4168701171875,278225.0
2015-07-06,2975.008544921875,1613.5313720703125,91643.0
2015-07-07,2975.008544921875,1613.5313720703125,91643.0
2015-07-08,2947.333984375,1609.7525634765625,369285.0
2015-07-09,2947.333984375,1609.7525634765625,269776.0
2015-07-10,2950.79345703125,1611.6419677734375,147968.0
2015-07-13,2981.92724609375,1628.646728515625,365295.0
2015-07-14,2981.92724609375,1628.646728515625,365295.0
2015-07-15,3061.491455078125,1672.102294921875,532167.0
2015-07-16,3040.735595703125,1660.7659912109375,158544.0
2015-07-17,2995.764404296875,1636.203857421875,137138.0
2015-07-20,2988.845703125,1632.4248046875,0.0
2015-07-21,2919.65966796875,1594.6373291015625,114910.0
2015-07-22,2919.65966796875,1594.6373291015625,114910.0
2015-07-23,2919.65966796875,1594.6373291015625,142159.0
2015-07-24,2905.822265625,1587.080322265625,106713.0
2015-07-27,2770.9091796875,1513.393798828125,398876.0
2015-07-28,2770.9091796875,1513.393798828125,398876.0
2015-07-29,2788.20556640625,1522.840576171875,271579.0
2015-07-30,2888.525634765625,1577.632568359375,249575.0
2015-07-31,2902.363037109375,1585.190673828125,108726.0
2015-08-03,2860.851318359375,1562.5179443359375,127359.0
2015-08-04,2860.851318359375,1562.5179443359375,127359.0
2015-08-05,2808.961669921875,1534.1773681640625,108874.0
2015-08-06,2767.44970703125,1511.50439453125,343439.0
2015-08-07,2767.44970703125,1511.50439453125,46246.0
2015-08-10,2732.856689453125,1492.61083984375,94984.0
2015-08-11,2732.856689453125,1492.61083984375,94984.0
2015-08-12,2767.44970703125,1511.50439453125,453273.0
2015-08-13,2757.07177734375,1505.8365478515625,214506.0
2015-08-14,2732.856689453125,1492.61083984375,274894.0
2015-08-17,2767.44970703125,1511.50439453125,0.0
2015-08-18,2725.93798828125,1488.8323974609375,303418.0
2015-08-19,2725.93798828125,1488.8323974609375,303418.0
2015-08-20,2719.01953125,1485.0535888671875,847568.0
2015-08-21,2698.263671875,1473.7174072265625,23686.0
2015-08-24,2397.303466796875,1309.3409423828125,170280.0
2015-08-25,2397.303466796875,1309.3409423828125,170280.0
2015-08-26,2296.9833984375,1254.549072265625,820462.0
2015-08-27,2200.12255859375,1201.646484375,1392344.0
2015-08-28,2317.7392578125,1265.8851318359375,856496.0
2015-08-31,2386.925537109375,1303.6727294921875,568579.0
2015-09-01,2386.925537109375,1303.6727294921875,568579.0
2015-09-02,2421.5185546875,1322.5667724609375,245210.0
2015-09-03,2456.11181640625,1341.46044921875,605633.0
2015-09-04,2587.565673828125,1413.2569580078125,382493.0
2015-09-07,2629.077392578125,1435.9295654296875,49585.0
2015-09-08,2629.077392578125,1435.9295654296875,49585.0
2015-09-09,2608.321533203125,1424.593017578125,548198.0
2015-09-10,2597.943603515625,1418.9246826171875,250831.0
2015-09-11,2708.6416015625,1479.385009765625,293775.0
2015-09-14,2691.344970703125,1469.938232421875,371768.0
2015-09-15,2691.344970703125,1469.938232421875,371768.0
2015-09-16,2698.263671875,1473.7174072265625,411753.0
2015-09-17,2698.263671875,1473.7174072265625,132678.0
2015-09-18,2719.01953125,1485.0535888671875,258580.0
2015-09-21,2597.943603515625,1418.9246826171875,108144.0
2015-09-22,2597.943603515625,1418.9246826171875,108144.0
2015-09-23,2594.484130859375,1417.035400390625,43747.0
2015-09-24,2559.89111328125,1398.1419677734375,111402.0
2015-09-25,2559.89111328125,1398.1419677734375,72961.0
2015-09-28,2559.89111328125,1398.1419677734375,3877.0
2015-09-29,2559.89111328125,1398.1419677734375,3877.0
2015-09-30,2528.75732421875,1381.137451171875,95737.0
2015-10-01,2469.948974609375,1349.0179443359375,33615.0
2015-10-02,2449.193115234375,1337.68212890625,8047.0
2015-10-05,2421.5185546875,1322.5667724609375,162332.0
2015-10-06,2421.5185546875,1322.5667724609375,162332.0
2015-10-07,2469.948974609375,1360.6810302734375,37845.0
2015-10-08,2487.24560546875,1370.2095947265625,7877.0
2015-10-09,2483.7861328125,1368.303955078125,590151.0
2015-10-12,2483.7861328125,1368.303955078125,0.0
2015-10-13,2490.704833984375,1372.115234375,88591.0
2015-10-14,2490.704833984375,1372.115234375,88591.0
2015-10-15,2449.193115234375,1349.2469482421875,56863.0
2015-10-16,2428.437255859375,1337.8126220703125,92720.0
2015-10-19,2303.90185546875,1269.2066650390625,121016.0
2015-10-20,2303.90185546875,1269.2066650390625,121016.0
2015-10-21,2269.308837890625,1250.1494140625,373110.0
2015-10-22,2269.308837890625,1250.1494140625,1403.0
2015-10-23,2279.686767578125,1255.86669921875,1340483.0
2015-10-26,2179.36669921875,1200.6009521484375,132910.0
2015-10-27,2179.36669921875,1200.6009521484375,132910.0
2015-10-28,2075.58740234375,1143.4293212890625,735864.0
2015-10-29,2103.261962890625,1158.67529296875,582644.0
2015-10-30,2065.20947265625,1137.712646484375,45647.0
2015-11-02,2068.668701171875,1139.617919921875,0.0
2015-11-03,2044.4534912109375,1126.27783203125,159392.0
2015-11-04,2044.4534912109375,1126.27783203125,159392.0
2015-11-05,2044.4534912109375,1126.27783203125,6567.0
2015-11-06,2030.6163330078125,1118.6551513671875,16591.0
2015-11-09,1843.8134765625,1015.7467651367188,92834.0
2015-11-10,1843.8134765625,1015.7467651367188,92834.0
2015-11-11,1971.8079833984375,1086.2576904296875,335305.0
2015-11-12,1968.3486328125,1084.3521728515625,174929.0
2015-11-13,1951.0521240234375,1074.823486328125,389135.0
2015-11-16,1874.947265625,1032.89794921875,0.0
2015-11-17,1798.8424072265625,990.97216796875,167724.0
2015-11-18,1798.8424072265625,990.97216796875,167724.0
2015-11-19,1798.8424072265625,990.97216796875,361710.0
2015-11-20,1729.6561279296875,952.8577270507812,154410.0
2015-11-23,1743.493408203125,960.4808349609375,210001.0
2015-11-24,1743.493408203125,960.4808349609375,210001.0
2015-11-25,1740.0340576171875,958.57470703125,103250.0
2015-11-26,1660.4698486328125,914.743408203125,803902.0
2015-11-27,1632.79541015625,899.4979248046875,132189.0
2015-11-30,1826.516845703125,1006.2176513671875,111118.0
2015-12-01,1826.516845703125,1006.2176513671875,111118.0
2015-12-02,1798.8424072265625,990.97216796875,1089933.0
2015-12-03,1798.8424072265625,990.97216796875,59313.0
2015-12-04,1785.005126953125,983.3489379882812,87990.0
2015-12-07,1691.6036376953125,931.89501953125,46786.0
2015-12-08,1691.6036376953125,931.89501953125,46786.0
2015-12-09,1695.06298828125,933.8008422851562,195258.0
2015-12-10,1695.06298828125,933.8008422851562,195258.0
2015-12-11,1660.4698486328125,914.743408203125,104361.0
2015-12-14,1591.28369140625,876.6293334960938,166407.0
2015-12-15,1591.28369140625,876.6293334960938,166407.0
2015-12-16,1688.1444091796875,929.9893188476562,265976.0
2015-12-17,1833.435546875,1010.0294189453125,113834.0
2015-12-18,1833.435546875,1010.0294189453125,277691.0
2015-12-21,1757.3306884765625,968.1038208007812,74530.0
2015-12-22,1757.3306884765625,968.1038208007812,74530.0
2015-12-23,1826.516845703125,1006.2176513671875,237256.0
2015-12-24,1937.21484375,1067.2005615234375,544324.0
2015-12-25,2006.401123046875,1105.315185546875,66614.0
2015-12-28,2006.401123046875,1105.315185546875,49488.0
2015-12-29,2006.401123046875,1105.315185546875,49488.0
2015-12-30,1954.511474609375,1076.729248046875,142587.0
2015-12-31,1937.21484375,1067.2005615234375,47438.0
2016-01-01,1937.21484375,1067.2005615234375,0.0
2016-01-04,1937.21484375,1067.2005615234375,31821.0
2016-01-05,1937.21484375,1067.2005615234375,31821.0
2016-01-06,2075.58740234375,1143.4293212890625,506911.0
2016-01-07,2047.912841796875,1139.57958984375,222415.0
2016-01-08,2075.58740234375,1154.9791259765625,1249015.0
2016-01-11,2054.83154296875,1143.429443359375,0.0
2016-01-12,1978.7265625,1101.080078125,242260.0
2016-01-13,1978.7265625,1101.080078125,242260.0
2016-01-14,2068.668701171875,1151.1292724609375,554907.0
2016-01-15,2099.802490234375,1168.45361328125,500100.0
2016-01-18,2079.046630859375,1156.9039306640625,308091.0
2016-01-19,2079.046630859375,1156.9039306640625,308091.0
2016-01-20,2079.046630859375,1156.9039306640625,11739.0
2016-01-21,2096.34326171875,1166.5289306640625,610689.0
2016-01-22,2113.639892578125,1176.1539306640625,130189.0
2016-01-25,2054.83154296875,1143.429443359375,612037.0
2016-01-26,2054.83154296875,1143.429443359375,612037.0
2016-01-27,2124.017822265625,1181.9288330078125,134434.0
2016-01-28,2127.47705078125,1183.8536376953125,66409.0
2016-01-29,2137.85498046875,1189.6285400390625,309366.0
2016-02-01,2120.558349609375,1180.0035400390625,79495.0
2016-02-02,2120.558349609375,1180.0035400390625,79495.0
2016-02-03,2096.34326171875,1166.5289306640625,100522.0
2016-02-04,2096.34326171875,1166.5289306640625,156525.0
2016-02-05,2189.74462890625,1218.503173828125,1206489.0
2016-02-08,2248.552978515625,1251.2271728515625,226621.0
2016-02-09,2248.552978515625,1251.2271728515625,226621.0
2016-02-10,2307.361328125,1283.95166015625,623704.0
2016-02-11,2345.413818359375,1305.126708984375,593487.0
2016-02-12,2376.547607421875,1322.451416015625,254968.0
2016-02-15,2386.925537109375,1328.225830078125,24215.0
2016-02-16,2386.925537109375,1328.225830078125,24215.0
2016-02-17,2352.332275390625,1308.976318359375,2072748.0
2016-02-18,2397.303466796875,1334.000732421875,481621.0
2016-02-19,2397.303466796875,1334.000732421875,244083.0
2016-02-22,2390.384765625,1330.1512451171875,291805.0
2016-02-23,2390.384765625,1330.1512451171875,291805.0
2016-02-24,2390.384765625,1330.1512451171875,147280.0
2016-02-25,2407.681396484375,1339.77587890625,958041.0
2016-02-26,2525.2978515625,1405.2247314453125,540876.0
2016-02-29,2546.0537109375,1416.774169921875,1332490.0
2016-03-01,2546.0537109375,1416.774169921875,1332490.0
2016-03-02,2469.948974609375,1374.4251708984375,2210861.0
2016-03-03,2546.0537109375,1416.774169921875,954838.0
2016-03-04,2490.704833984375,1385.9749755859375,781026.0
2016-03-07,2508.00146484375,1395.5997314453125,252229.0
2016-03-08,2508.00146484375,1395.5997314453125,252229.0
2016-03-09,2469.948974609375,1374.4251708984375,194725.0
2016-03-10,2435.355712890625,1355.17529296875,181048.0
2016-03-11,2418.059326171875,1345.5509033203125,542552.0
2016-03-14,2501.082763671875,1391.7498779296875,259000.0
2016-03-15,2501.082763671875,1391.7498779296875,259000.0
2016-03-16,2539.13525390625,1412.9244384765625,355950.0
2016-03-17,2483.7861328125,1382.12548828125,344249.0
2016-03-18,2449.193115234375,1362.8756103515625,574361.0
2016-03-21,2428.437255859375,1351.3258056640625,0.0
2016-03-22,2525.2978515625,1405.2247314453125,399458.0
2016-03-23,2525.2978515625,1405.2247314453125,399458.0
2016-03-24,2525.2978515625,1405.2247314453125,623715.0
2016-03-25,2525.2978515625,1405.2247314453125,0.0
2016-03-28,2518.37939453125,1401.374755859375,1445374000.0
2016-03-29,2490.704833984375,1385.9749755859375,236601.0
2016-03-30,2490.704833984375,1385.9749755859375,236601.0
2016-03-31,2649.833251953125,1474.5235595703125,1562067.0
2016-04-01,2691.344970703125,1497.622802734375,1025511.0
2016-04-04,2698.263671875,1501.4730224609375,443658.0
2016-04-05,2698.263671875,1501.4730224609375,443658.0
2016-04-06,2698.263671875,1501.4730224609375,383709.0
2016-04-07,2725.93798828125,1516.8726806640625,1202707.0
2016-04-08,2712.100830078125,1509.1728515625,498380.0
2016-04-11,2691.344970703125,1544.916259765625,2073654.0
2016-04-12,2691.344970703125,1544.916259765625,2073654.0
2016-04-13,2677.507568359375,1536.973388671875,550885.0
2016-04-14,2708.6416015625,1554.8447265625,941455.0
2016-04-15,2767.44970703125,1588.602783203125,1449659.0
2016-04-18,2757.07177734375,1582.6453857421875,342416.0
2016-04-19,2757.07177734375,1582.6453857421875,342416.0
2016-04-20,2795.124267578125,1604.489013671875,607010.0
2016-04-21,2843.5546875,1632.2896728515625,502498.0
2016-04-22,2805.502197265625,1610.446044921875,489163.0
2016-04-25,2698.263671875,1548.8880615234375,759794.0
2016-04-26,2698.263671875,1548.8880615234375,759794.0
2016-04-27,2770.9091796875,1590.58837890625,242225.0
2016-04-28,2767.44970703125,1588.602783203125,624015.0
2016-04-29,2739.775390625,1572.7169189453125,1420707.0
2016-05-02,2767.44970703125,1588.602783203125,74562.0
2016-05-03,2767.44970703125,1588.602783203125,74562.0
2016-05-04,2663.67041015625,1529.029541015625,530076.0
2016-05-05,2629.077392578125,1509.1728515625,1895365.0
2016-05-06,2584.106201171875,1483.35791015625,218489.0
2016-05-09,2646.373779296875,1519.1015625,0.0
2016-05-10,2715.56005859375,1558.8165283203125,2502422.0
2016-05-11,2715.56005859375,1558.8165283203125,2502422.0
2016-05-12,2708.6416015625,1554.8447265625,6961586.0
2016-05-13,2750.1533203125,1578.674072265625,1391672.0
2016-05-16,2753.612548828125,1580.66015625,419099.0
2016-05-17,2753.612548828125,1580.66015625,419099.0
2016-05-18,2712.100830078125,1556.830810546875,530437.0
2016-05-19,2684.42626953125,1540.9449462890625,337392.0
2016-05-20,2642.91455078125,1517.1160888671875,188339.0
2016-05-23,2698.263671875,1548.8880615234375,99813.0
2016-05-24,2698.263671875,1548.8880615234375,99813.0
2016-05-25,2677.507568359375,1536.973388671875,367938.0
2016-05-26,2684.42626953125,1540.9449462890625,2092608.0
2016-05-27,2698.263671875,1548.8880615234375,550777.0
2016-05-30,2694.80419921875,1546.90185546875,0.0
2016-05-31,2663.67041015625,1529.029541015625,448612.0
2016-06-01,2663.67041015625,1529.029541015625,448612.0
2016-06-02,2674.04833984375,1534.987548828125,22933.0
2016-06-03,2663.67041015625,1529.029541015625,134850.0
2016-06-06,2642.91455078125,1517.1160888671875,0.0
2016-06-07,2680.967041015625,1538.9591064453125,93677.0
2016-06-08,2680.967041015625,1538.9591064453125,93677.0
2016-06-09,2656.751708984375,1525.058837890625,168552.0
2016-06-10,2715.56005859375,1558.8165283203125,793717.0
2016-06-13,2760.53125,1584.632080078125,189693.0
2016-06-14,2760.53125,1584.632080078125,0.0
2016-06-15,2715.56005859375,1558.8165283203125,745165.0
2016-06-16,2701.722900390625,1550.873291015625,1956633.0
2016-06-17,2701.722900390625,1550.873291015625,87713.0
2016-06-20,2719.01953125,1560.802001953125,476984.0
2016-06-21,2719.01953125,1560.802001953125,476984.0
2016-06-22,2722.478759765625,1562.7879638671875,283083.0
2016-06-23,2722.478759765625,1562.7879638671875,231522.0
2016-06-24,2722.478759765625,1562.7879638671875,322350.0
2016-06-27,2656.751708984375,1525.058837890625,91977.0
2016-06-28,2656.751708984375,1525.058837890625,91977.0
2016-06-29,2656.751708984375,1525.058837890625,131948.0
2016-06-30,2670.589111328125,1533.0013427734375,41482.0
2016-07-01,2663.67041015625,1529.029541015625,30529.0
2016-07-04,2670.589111328125,1533.0013427734375,0.0
2016-07-05,2642.91455078125,1517.1160888671875,31394.0
2016-07-06,2642.91455078125,1517.1160888671875,31394.0
2016-07-07,2667.129638671875,1531.015625,77073.0
2016-07-08,2663.67041015625,1529.029541015625,203103.0
2016-07-11,2670.589111328125,1533.0013427734375,215532.0
2016-07-12,2670.589111328125,1533.0013427734375,215532.0
2016-07-13,2708.6416015625,1554.8447265625,99378.0
2016-07-14,2705.18212890625,1552.859375,161650.0
2016-07-15,2684.42626953125,1540.9449462890625,75838.0
2016-07-18,2687.8857421875,1542.9310302734375,94883.0
2016-07-19,2687.8857421875,1542.9310302734375,94883.0
2016-07-20,2684.42626953125,1540.9449462890625,0.0
2016-07-21,2684.42626953125,1540.9449462890625,41457.0
2016-07-22,2684.42626953125,1540.9449462890625,41457.0
2016-07-25,2694.80419921875,1546.90185546875,220435.0
2016-07-26,2694.80419921875,1546.90185546875,220435.0
2016-07-27,2642.91455078125,1517.1160888671875,88623.0
2016-07-28,2642.91455078125,1517.1160888671875,415497.0
2016-07-29,2642.91455078125,1517.1160888671875,344377.0
2016-08-01,2629.077392578125,1509.1728515625,593047.0
2016-08-02,2629.077392578125,1509.1728515625,593047.0
2016-08-03,2635.995849609375,1513.144287109375,370314.0
2016-08-04,2639.455322265625,1515.1304931640625,233579.0
2016-08-05,2629.077392578125,1509.1728515625,428579.0
2016-08-08,2629.077392578125,1509.1728515625,206043.0
2016-08-09,2629.077392578125,1509.1728515625,206043.0
2016-08-10,2629.077392578125,1509.1728515625,130338.0
2016-08-11,2649.833251953125,1521.0872802734375,1179620.0
2016-08-12,2663.67041015625,1529.029541015625,74141.0
2016-08-15,2684.42626953125,1540.9449462890625,0.0
2016-08-16,2708.6416015625,1554.8447265625,1732006.0
2016-08-17,2708.6416015625,1554.8447265625,1732006.0
2016-08-18,2732.856689453125,1568.74560546875,1767452.0
2016-08-19,2795.124267578125,1604.489013671875,3978751.0
2016-08-22,2767.44970703125,1588.602783203125,311297.0
2016-08-23,2767.44970703125,1588.602783203125,311297.0
2016-08-24,2798.583740234375,1606.474609375,1559759.0
2016-08-25,2802.04296875,1608.460693359375,2164298.0
2016-08-26,2812.4208984375,1614.4176025390625,330341.0
2016-08-29,2808.961669921875,1612.4320068359375,184299.0
2016-08-30,2808.961669921875,1612.4320068359375,184299.0
2016-08-31,2767.44970703125,1588.602783203125,708419.0
2016-09-01,2774.368408203125,1592.57421875,1838455.0
2016-09-02,2774.368408203125,1592.57421875,400688.0
2016-09-05,2795.124267578125,1604.489013671875,85587.0
2016-09-06,2795.124267578125,1604.489013671875,85587.0
2016-09-07,2826.258056640625,1622.3607177734375,607914.0
2016-09-08,2836.635986328125,1628.3177490234375,1394665.0
2016-09-09,2874.6884765625,1650.1611328125,1247133.0
2016-09-12,2836.635986328125,1628.3177490234375,85235.0
2016-09-13,2836.635986328125,1628.3177490234375,85235.0
2016-09-14,2781.287109375,1596.54638671875,527813.0
2016-09-15,2812.4208984375,1614.4176025390625,729220.0
2016-09-16,2791.6650390625,1602.5030517578125,223236.0
2016-09-19,2847.013916015625,1634.27490234375,69737.0
2016-09-20,2847.013916015625,1634.27490234375,69737.0
2016-09-21,2795.124267578125,1604.489013671875,146758.0
2016-09-22,2795.124267578125,1604.489013671875,35278.0
2016-09-23,2812.4208984375,1614.4176025390625,234587.0
2016-09-26,2822.798828125,1620.3746337890625,151502.0
2016-09-27,2822.798828125,1620.3746337890625,151502.0
2016-09-28,2788.20556640625,1600.517333984375,161873.0
2016-09-29,2788.20556640625,1600.517333984375,17214.0
2016-09-30,2774.368408203125,1592.57421875,68270.0
2016-10-03,2753.612548828125,1580.66015625,71345.0
2016-10-04,2753.612548828125,1580.66015625,71345.0
2016-10-05,2763.990478515625,1586.616943359375,202650.0
2016-10-06,2763.990478515625,1586.616943359375,55863.0
2016-10-07,2767.44970703125,1588.602783203125,590344.0
2016-10-10,2767.44970703125,1588.602783203125,62321.0
2016-10-11,2767.44970703125,1588.602783203125,62321.0
2016-10-12,2774.368408203125,1592.57421875,31574.0
2016-10-13,2798.583740234375,1606.474609375,154497.0
2016-10-14,2808.961669921875,1612.4320068359375,182422.0
2016-10-17,2808.961669921875,1612.4320068359375,0.0
2016-10-18,2760.53125,1584.632080078125,403627.0
2016-10-19,2760.53125,1584.632080078125,403627.0
2016-10-20,2788.20556640625,1600.517333984375,740061.0
2016-10-21,2795.124267578125,1604.489013671875,25361.0
2016-10-24,2788.20556640625,1600.517333984375,30170.0
2016-10-25,2788.20556640625,1600.517333984375,30170.0
2016-10-26,2808.961669921875,1612.4320068359375,344597.0
2016-10-27,2802.04296875,1608.460693359375,193602.0
2016-10-28,2815.880126953125,1616.403076171875,334326.0
2016-10-31,2805.502197265625,1610.446044921875,250688.0
2016-11-01,2805.502197265625,1610.446044921875,250688.0
2016-11-02,2812.4208984375,1614.4176025390625,71900.0
2016-11-03,2812.4208984375,1614.4176025390625,858273.0
2016-11-04,2777.82763671875,1594.56005859375,839071.0
2016-11-07,2774.368408203125,1592.57421875,0.0
2016-11-08,2802.04296875,1608.460693359375,18860.0
2016-11-09,2802.04296875,1608.460693359375,18860.0
2016-11-10,2802.04296875,1608.460693359375,20300.0
2016-11-11,2694.80419921875,1546.90185546875,488390.0
2016-11-14,2715.56005859375,1558.8165283203125,0.0
2016-11-15,2715.56005859375,1558.8165283203125,64774.0
2016-11-16,2763.990478515625,1586.616943359375,127721.0
2016-11-17,2795.124267578125,1604.489013671875,682667.0
2016-11-18,2746.69384765625,1576.6878662109375,292101.0
2016-11-21,2802.04296875,1608.460693359375,145570.0
2016-11-22,2802.04296875,1608.460693359375,138964.0
2016-11-23,2767.44970703125,1588.602783203125,411325.0
2016-11-24,2781.287109375,1596.54638671875,12272.0
2016-11-25,2746.69384765625,1576.6878662109375,317576.0
2016-11-28,2725.93798828125,1564.774169921875,349614.0
2016-11-29,2708.6416015625,1554.8447265625,72515.0
2016-11-30,2698.263671875,1548.8880615234375,666685.0
2016-12-01,2715.56005859375,1558.8165283203125,56225.0
2016-12-02,2746.69384765625,1576.6878662109375,194761.0
2016-12-05,2732.856689453125,1568.74560546875,382583.0
2016-12-06,2722.478759765625,1562.7879638671875,119901.0
2016-12-07,2725.93798828125,1564.774169921875,439679.0
2016-12-08,2725.93798828125,1564.774169921875,0.0
2016-12-09,2739.775390625,1572.7169189453125,189215.0
2016-12-12,2743.234619140625,1574.7022705078125,182891.0
2016-12-13,2767.44970703125,1588.602783203125,121492.0
2016-12-14,2750.1533203125,1578.674072265625,174716.0
2016-12-15,2763.990478515625,1586.616943359375,206353.0
2016-12-16,2767.44970703125,1588.602783203125,123520.0
2016-12-19,2763.990478515625,1586.616943359375,76390.0
2016-12-20,2795.124267578125,1604.489013671875,198652.0
2016-12-21,2791.6650390625,1602.5030517578125,281044.0
2016-12-22,2784.746337890625,1598.5316162109375,170990.0
2016-12-23,2750.1533203125,1578.674072265625,75734.0
2016-12-26,2788.20556640625,1600.517333984375,49376.0
2016-12-27,2784.746337890625,1598.5316162109375,63894.0
2016-12-28,2757.07177734375,1582.6453857421875,111945.0
2016-12-29,2784.746337890625,1598.5316162109375,48310.0
2016-12-30,2784.746337890625,1598.5316162109375,0.0
2017-01-02,2774.368408203125,1592.57421875,5680.0
2017-01-03,2774.368408203125,1592.57421875,24185.0
2017-01-04,2781.287109375,1596.54638671875,69441.0
2017-01-05,2812.4208984375,1614.4176025390625,241019.0
2017-01-06,2808.961669921875,1612.4320068359375,50674.0
2017-01-09,2808.961669921875,1612.4320068359375,0.0
2017-01-10,2836.635986328125,1628.3177490234375,232992.0
2017-01-11,2860.851318359375,1642.218017578125,1622136.0
2017-01-12,2923.118896484375,1677.961181640625,2970334.0
2017-01-13,2923.118896484375,1677.961181640625,372552.0
2017-01-16,2930.03759765625,1681.9334716796875,18321.0
2017-01-17,2916.2001953125,1673.9903564453125,1022318.0
2017-01-18,2895.4443359375,1662.07568359375,343591.0
2017-01-19,2902.363037109375,1666.0474853515625,560267.0
2017-01-20,2923.118896484375,1677.961181640625,1207114.0
2017-01-23,2912.740966796875,1672.004638671875,211436.0
2017-01-24,2936.9560546875,1685.90478515625,1108341.0
2017-01-25,2936.9560546875,1685.90478515625,503831.0
2017-01-26,2926.578125,1679.9476318359375,774461.0
2017-01-27,2964.630615234375,1701.790771484375,2053980.0
2017-01-30,2926.578125,1679.9476318359375,537249.0
2017-01-31,2940.41552734375,1687.890625,711032.0
2017-02-01,2992.30517578125,1717.677001953125,712852.0
2017-02-02,2975.008544921875,1707.7481689453125,383008.0
2017-02-03,3006.142333984375,1725.61962890625,192552.0
2017-02-06,2968.08984375,1703.776611328125,25704.0
2017-02-07,2995.764404296875,1719.6627197265625,654336.0
2017-02-08,3023.43896484375,1735.5484619140625,328662.0
2017-02-09,3044.19482421875,1747.4632568359375,1088609.0
2017-02-10,3009.6015625,1727.605712890625,531141.0
2017-02-13,3002.68310546875,1723.634033203125,418693.0
2017-02-14,2981.92724609375,1711.7198486328125,580106.0
2017-02-15,2995.764404296875,1719.6627197265625,185380.0
2017-02-16,3006.142333984375,1725.61962890625,277305.0
2017-02-17,3006.142333984375,1725.61962890625,235502.0
2017-02-20,3013.06103515625,1729.5916748046875,185856.0
2017-02-21,3002.68310546875,1723.634033203125,341700.0
2017-02-22,3019.9794921875,1733.5625,453778.0
2017-02-23,3096.08447265625,1777.24951171875,1197278.0
2017-02-24,3099.543701171875,1779.235107421875,2095032.0
2017-02-27,3026.898193359375,1737.5343017578125,251813.0
2017-02-28,3064.95068359375,1759.3778076171875,246731.0
2017-03-01,3092.625244140625,1775.2633056640625,264455.0
2017-03-02,3099.543701171875,1779.235107421875,290848.0
2017-03-03,3096.08447265625,1777.24951171875,152260.0
2017-03-06,3085.70654296875,1771.29248046875,199104.0
2017-03-07,3044.19482421875,1747.4632568359375,593534.0
2017-03-08,3044.19482421875,1747.4632568359375,58677.0
2017-03-09,3061.491455078125,1757.392333984375,357504.0
2017-03-10,3068.409912109375,1761.3634033203125,167640.0
2017-03-13,3051.113525390625,1751.4342041015625,111405.0
2017-03-14,3026.898193359375,1737.5343017578125,586902.0
2017-03-15,3044.19482421875,1747.4632568359375,367399.0
2017-03-16,3061.491455078125,1757.392333984375,546769.0
2017-03-17,3044.19482421875,1747.4632568359375,1288318.0
2017-03-20,3044.19482421875,1747.4632568359375,0.0
2017-03-21,3006.142333984375,1725.61962890625,173382.0
2017-03-22,2981.92724609375,1711.7198486328125,424980.0
2017-03-23,2981.92724609375,1711.7198486328125,633929.0
2017-03-24,2985.386474609375,1713.704833984375,59957.0
2017-03-27,2985.386474609375,1713.704833984375,340785.0
2017-03-28,2995.764404296875,1719.6627197265625,759528.0
2017-03-29,2995.764404296875,1719.6627197265625,271017.0
2017-03-30,3030.357421875,1739.5206298828125,326350.0
2017-03-31,3030.357421875,1739.5206298828125,284839.0
2017-04-03,3023.43896484375,1735.5484619140625,415294.0
2017-04-04,3009.6015625,1727.605712890625,248615.0
2017-04-05,3002.68310546875,1723.634033203125,237550.0
2017-04-06,3006.142333984375,1725.61962890625,252967.0
2017-04-07,3019.9794921875,1733.5625,191548.0
2017-04-10,3023.43896484375,1735.5484619140625,191470.0
2017-04-11,3040.735595703125,1745.4771728515625,199536.0
2017-04-12,3037.276123046875,1756.480224609375,36857.0
2017-04-13,3037.276123046875,1756.480224609375,0.0
2017-04-14,3037.276123046875,1756.480224609375,0.0
2017-04-17,3044.19482421875,1760.4814453125,250064.0
2017-04-18,3030.357421875,1752.479736328125,183428.0
2017-04-19,3026.898193359375,1750.478515625,539201.0
2017-04-20,3030.357421875,1752.479736328125,1419799.0
2017-04-21,3023.43896484375,1748.47802734375,34490.0
2017-04-24,3009.6015625,1740.4764404296875,102886.0
2017-04-25,3030.357421875,1752.479736328125,417447.0
2017-04-26,3075.32861328125,1778.4864501953125,253332.0
2017-04-27,3071.869384765625,1776.4859619140625,22433.0
2017-04-28,3099.543701171875,1792.4901123046875,403659.0
2017-05-01,3099.543701171875,1792.4901123046875,0.0
2017-05-02,3078.787841796875,1780.4873046875,236679.0
2017-05-03,3082.247314453125,1782.4881591796875,196906.0
2017-05-04,3113.381103515625,1800.4925537109375,932994.0
2017-05-05,3109.921630859375,1798.4918212890625,696645.0
2017-05-08,3106.46240234375,1796.4912109375,1757665.0
2017-05-09,3075.32861328125,1778.4864501953125,548220.0
2017-05-10,3103.003173828125,1794.491455078125,446700.0
2017-05-11,3103.003173828125,1794.491455078125,181121.0
2017-05-12,3175.648681640625,1836.502685546875,2897823.0
2017-05-16,3217.160400390625,1860.5089111328125,894158.0
2017-05-17,3206.782470703125,1854.507080078125,433471.0
2017-05-18,3182.5673828125,1840.5032958984375,510256.0
2017-05-19,3203.3232421875,1852.5067138671875,437319.0
2017-05-22,3213.701171875,1858.50830078125,64674.0
2017-05-23,3251.75341796875,1880.51416015625,639897.0
2017-05-24,3251.75341796875,1880.51416015625,1218542.0
2017-05-25,3255.212890625,1882.5146484375,160936.0
2017-05-26,3217.160400390625,1860.5089111328125,687525.0
2017-05-29,3217.160400390625,1860.5089111328125,0.0
2017-05-30,3182.5673828125,1840.5032958984375,374742.0
2017-05-31,3137.59619140625,1814.49658203125,435812.0
2017-06-01,3123.759033203125,1806.4935302734375,143300.0
2017-06-02,3120.299560546875,1804.49365234375,104348.0
2017-06-05,3175.648681640625,1836.502685546875,127205.0
2017-06-06,3186.026611328125,1842.504150390625,300991.0
2017-06-07,3199.86376953125,1850.5057373046875,407657.0
2017-06-08,3210.24169921875,1856.5074462890625,379569.0
2017-06-09,3182.5673828125,1840.5032958984375,161600.0
2017-06-12,3206.782470703125,1854.507080078125,6362.0
2017-06-13,3182.5673828125,1840.5032958984375,23831.0
2017-06-14,3182.5673828125,1840.5032958984375,251870.0
2017-06-15,3203.3232421875,1852.5067138671875,566410.0
2017-06-16,3217.160400390625,1860.5089111328125,528936.0
2017-06-19,3217.160400390625,1860.5089111328125,0.0
2017-06-20,3141.055419921875,1816.4969482421875,173553.0
2017-06-21,3161.8115234375,1828.5,24202.0
2017-06-22,3123.759033203125,1806.4935302734375,106951.0
2017-06-23,3158.35205078125,1826.4996337890625,126663.0
2017-06-26,3158.35205078125,1826.4996337890625,0.0
2017-06-27,3134.136962890625,1812.495849609375,30702.0
2017-06-28,3182.5673828125,1840.5032958984375,61400.0
2017-06-29,3165.270751953125,1830.5006103515625,549323.0
2017-06-30,3182.5673828125,1840.5032958984375,177133.0
2017-07-03,3182.5673828125,1840.5032958984375,0.0
2017-07-04,3196.404541015625,1848.505859375,67076.0
2017-07-06,3182.5673828125,1840.5032958984375,360729.0
2017-07-07,3130.677490234375,1810.4949951171875,80900.0
2017-07-10,3161.8115234375,1828.5,53929.0
2017-07-11,3154.892822265625,1824.4991455078125,98791.0
2017-07-12,3179.10791015625,1838.5030517578125,205847.0
2017-07-13,3161.8115234375,1828.5,246851.0
2017-07-14,3196.404541015625,1861.7457275390625,132624.0
2017-07-17,3196.404541015625,1861.7457275390625,49850.0
2017-07-18,3192.9453125,1859.7313232421875,86413.0
2017-07-19,3189.48583984375,1857.715576171875,112289.0
2017-07-20,3189.48583984375,1857.715576171875,0.0
2017-07-21,3189.48583984375,1857.715576171875,25042.0
2017-07-24,3189.48583984375,1857.715576171875,130242.0
2017-07-25,3179.10791015625,1851.6710205078125,236818.0
2017-07-26,3182.5673828125,1853.686279296875,244560.0
2017-07-27,3203.3232421875,1865.775146484375,690416.0
2017-07-28,3262.13134765625,1900.027587890625,1314170.0
2017-07-31,3279.427978515625,1910.1029052734375,610540.0
2017-08-01,3265.5908203125,1902.0428466796875,158537.0
2017-08-02,3279.427978515625,1910.1029052734375,372302.0
2017-08-03,3279.427978515625,1910.1029052734375,4392.0
2017-08-04,3272.50927734375,1906.072509765625,382656.0
2017-08-07,3272.50927734375,1906.072509765625,0.0
2017-08-08,3293.265380859375,1918.1619873046875,137920.0
2017-08-09,3345.155029296875,1948.3853759765625,975410.0
2017-08-10,3314.021240234375,1930.25146484375,8387.0
2017-08-11,3320.939697265625,1934.2813720703125,89481.0
2017-08-14,3307.1025390625,1926.22216796875,246984.0
2017-08-15,3282.887451171875,1912.116943359375,53438.0
2017-08-16,3286.3466796875,1914.1319580078125,341134.0
2017-08-17,3310.561767578125,1928.2364501953125,264308.0
2017-08-18,3314.021240234375,1930.25146484375,166508.0
2017-08-21,3314.021240234375,1930.25146484375,0.0
2017-08-22,3317.48046875,1932.2664794921875,233861.0
2017-08-23,3310.561767578125,1928.2364501953125,154542.0
2017-08-24,3310.561767578125,1928.2364501953125,33642.0
2017-08-25,3300.183837890625,1922.1915283203125,82361.0
2017-08-28,3293.265380859375,1918.1619873046875,288360.0
2017-08-29,3279.427978515625,1910.1029052734375,323914.0
2017-08-30,3279.427978515625,1910.1029052734375,106172.0
2017-08-31,3251.75341796875,1893.9842529296875,559706.0
2017-09-01,3251.75341796875,1893.9842529296875,0.0
2017-09-04,3286.3466796875,1914.1319580078125,147750.0
2017-09-05,3314.021240234375,1930.25146484375,412112.0
2017-09-06,3286.3466796875,1914.1319580078125,94687.0
2017-09-07,3310.561767578125,1928.2364501953125,62867.0
2017-09-08,3300.183837890625,1922.1915283203125,472472.0
2017-09-11,3317.48046875,1932.2664794921875,256202.0
2017-09-12,3314.021240234375,1930.25146484375,577781.0
2017-09-13,3310.561767578125,1928.2364501953125,125348.0
2017-09-14,3279.427978515625,1910.1029052734375,228976.0
2017-09-15,3241.37548828125,1887.93896484375,627104.0
2017-09-18,3241.37548828125,1887.93896484375,174161.0
2017-09-19,3251.75341796875,1893.9842529296875,152317.0
2017-09-20,3224.0791015625,1877.8648681640625,96166.0
2017-09-21,3269.050048828125,1904.0592041015625,168052.0
2017-09-22,3251.75341796875,1893.9842529296875,280469.0
2017-09-25,3230.99755859375,1881.894287109375,15183.0
2017-09-26,3234.45703125,1883.9097900390625,496183.0
2017-09-27,3244.8349609375,1889.953857421875,199139.0
2017-09-28,3234.45703125,1883.9097900390625,171516.0
2017-09-29,3241.37548828125,1887.93896484375,332031.0
2017-10-02,3241.37548828125,1887.93896484375,70352.0
2017-10-03,3210.24169921875,1869.80517578125,58539.0
2017-10-04,3217.160400390625,1873.835205078125,116446.0
2017-10-05,3217.160400390625,1873.835205078125,192902.0
2017-10-06,3248.294189453125,1891.9688720703125,82100.0
2017-10-09,3248.294189453125,1891.9688720703125,94358.0
2017-10-10,3237.916259765625,1885.92431640625,137814.0
2017-10-11,3244.8349609375,1889.953857421875,134325.0
2017-10-12,3237.916259765625,1885.92431640625,180061.0
2017-10-13,3237.916259765625,1899.112548828125,180061.0
2017-10-16,3237.916259765625,1899.112548828125,0.0
2017-10-17,3220.61962890625,1888.967529296875,194579.0
2017-10-18,3217.160400390625,1886.93896484375,200664.0
2017-10-19,3220.61962890625,1888.967529296875,127958.0
2017-10-20,3227.538330078125,1893.0255126953125,212178.0
2017-10-23,3230.99755859375,1895.054443359375,243928.0
2017-10-24,3234.45703125,1897.0838623046875,391480.0
2017-10-25,3244.8349609375,1903.1702880859375,583257.0
2017-10-26,3230.99755859375,1895.054443359375,989488.0
2017-10-27,3224.0791015625,1890.9967041015625,370027.0
2017-10-30,3161.8115234375,1854.474609375,754386.0
2017-10-31,3106.46240234375,1822.011962890625,918361.0
2017-11-01,3113.381103515625,1826.06982421875,1179295.0
2017-11-02,3147.97412109375,1846.3592529296875,26782.0
2017-11-03,3071.869384765625,1801.722412109375,63836.0
2017-11-06,3071.869384765625,1801.722412109375,0.0
2017-11-07,3078.787841796875,1805.780029296875,113285.0
2017-11-08,3106.46240234375,1822.011962890625,122105.0
2017-11-09,3147.97412109375,1846.3592529296875,181273.0
2017-11-10,3147.97412109375,1846.3592529296875,46121.0
2017-11-13,3147.97412109375,1846.3592529296875,0.0
2017-11-14,3147.97412109375,1846.3592529296875,135888.0
2017-11-15,3172.189453125,1860.562255859375,222908.0
2017-11-16,3217.160400390625,1886.93896484375,91635.0
2017-11-17,3196.404541015625,1874.764892578125,121498.0
2017-11-20,3210.24169921875,1882.8807373046875,139010.0
2017-11-21,3203.3232421875,1878.8223876953125,110055.0
2017-11-22,3203.3232421875,1878.8223876953125,375959.0
2017-11-23,3186.026611328125,1868.677734375,35147.0
2017-11-24,3217.160400390625,1886.93896484375,666362.0
2017-11-27,3272.50927734375,1919.401611328125,26143.0
2017-11-28,3355.532958984375,1968.09716796875,309682.0
2017-11-29,3334.777099609375,1955.923583984375,30751.0
2017-11-30,3320.939697265625,1947.8077392578125,475506.0
2017-12-01,3286.3466796875,1927.517333984375,409392.0
2017-12-04,3296.724609375,1933.6051025390625,211397.0
2017-12-05,3286.3466796875,1927.517333984375,178701.0
2017-12-06,3296.724609375,1933.6051025390625,215683.0
2017-12-07,3289.805908203125,1929.5467529296875,330465.0
2017-12-08,3289.805908203125,1929.5467529296875,0.0
2017-12-12,3296.724609375,1933.6051025390625,178833.0
2017-12-13,3289.805908203125,1929.5467529296875,518860.0
2017-12-14,3289.805908203125,1929.5467529296875,0.0
2017-12-15,3206.782470703125,1880.8515625,479442.0
2017-12-18,3251.75341796875,1907.228759765625,162220.0
2017-12-19,3251.75341796875,1907.228759765625,858781.0
2017-12-20,3251.75341796875,1907.228759765625,552313.0
2017-12-21,3282.887451171875,1925.4884033203125,2746022.0
2017-12-22,3317.48046875,1945.77880859375,361855.0
2017-12-25,3317.48046875,1945.77880859375,0.0
2017-12-26,3293.265380859375,1931.57568359375,81309.0
2017-12-27,3320.939697265625,1947.8077392578125,77417.0
2017-12-28,3293.265380859375,1931.57568359375,241363.0
2017-12-29,3293.265380859375,1931.57568359375,241363.0
2018-01-01,3293.265380859375,1931.57568359375,0.0
2018-01-02,3258.672119140625,1911.2860107421875,18059.0
2018-01-03,3265.5908203125,1915.34375,11630.0
2018-01-04,3265.5908203125,1915.34375,0.0
2018-01-05,3227.538330078125,1893.0255126953125,73649.0
2018-01-08,3227.538330078125,1893.0255126953125,0.0
2018-01-09,3244.8349609375,1903.1702880859375,151362.0
2018-01-10,3251.75341796875,1907.228759765625,271783.0
2018-01-11,3251.75341796875,1907.228759765625,266509.0
2018-01-12,3251.75341796875,1907.228759765625,266509.0
2018-01-15,3296.724609375,1933.6051025390625,102622.0
2018-01-16,3251.75341796875,1920.325439453125,212218.0
2018-01-17,3251.75341796875,1920.325439453125,212218.0
2018-01-18,3251.75341796875,1920.325439453125,0.0
2018-01-19,3376.288818359375,1993.8702392578125,834729.0
2018-01-22,3393.58544921875,2004.0850830078125,451793.0
2018-01-23,3400.50390625,2008.170654296875,1175550.0
2018-01-24,4670.0,2757.8720703125,1611089.0
2018-01-25,4640.0,2740.156494140625,757920.0
2018-01-26,4645.0,2743.109130859375,158867.0
2018-01-29,4695.0,2772.63671875,872440.0
2018-01-30,4660.0,2751.966552734375,327804.0
2018-01-31,4680.0,2763.7783203125,721094.0
2018-02-01,4850.0,2864.172119140625,890492.0
2018-02-02,4825.0,2849.408203125,187296.0
2018-02-05,4720.0,2787.400634765625,247111.0
2018-02-06,4745.0,2802.16455078125,386683.0
2018-02-07,4730.0,2793.305419921875,520988.0
2018-02-08,4730.0,2793.305419921875,1167402.0
2018-02-09,4780.0,2822.83349609375,844613.0
2018-02-12,4850.0,2864.172119140625,602265.0
2018-02-13,4760.0,2811.021728515625,506938.0
2018-02-14,4735.0,2796.258544921875,1305570.0
2018-02-15,4670.0,2757.8720703125,1603890.0
2018-02-16,4690.0,2769.68408203125,514848.0
2018-02-19,4595.0,2713.580810546875,1228053.0
2018-02-20,4590.0,2710.62841796875,1653996.0
2018-02-21,4645.0,2743.109130859375,772939.0
2018-02-22,4650.0,2746.06201171875,135714.0
2018-02-23,4650.0,2746.06201171875,804888.0
2018-02-26,4655.0,2749.01513671875,113756.0
2018-02-27,4600.0,2716.533935546875,469755.0
2018-02-28,4545.0,2684.053955078125,401294.0
2018-03-01,4575.0,2701.770751953125,687760.0
2018-03-02,4500.0,2657.479248046875,160026.0
2018-03-05,4545.0,2684.053955078125,159387.0
2018-03-06,4530.0,2675.1953125,35615.0
2018-03-07,4525.0,2672.243408203125,304536.0
2018-03-08,4520.0,2669.290283203125,142892.0
2018-03-09,4545.0,2684.053955078125,288261.0
2018-03-12,4545.0,2684.053955078125,16683.0
2018-03-14,4565.0,2695.864501953125,45395.0
2018-03-15,4580.0,2704.722900390625,69884.0
2018-03-16,4580.0,2704.722900390625,69884.0
2018-03-19,4580.0,2704.722900390625,0.0
2018-03-20,4525.0,2672.243408203125,128591.0
2018-03-21,4560.0,2692.912109375,741068.0
2018-03-22,4530.0,2675.1953125,1187856.0
2018-03-23,4530.0,2675.1953125,1187856.0
2018-03-26,4440.0,2622.04541015625,127724.0
2018-03-27,4475.0,2642.71533203125,265153.0
2018-03-28,4475.0,2642.71533203125,265153.0
2018-03-29,4475.0,2642.71533203125,0.0
2018-03-30,4475.0,2642.71533203125,0.0
2018-04-02,4535.0,2678.1484375,95584.0
2018-04-03,4570.0,2698.817138671875,431928.0
2018-04-04,4670.0,2757.8720703125,455502.0
2018-04-05,4690.0,2769.68408203125,686655.0
2018-04-06,4690.0,2769.68408203125,686655.0
2018-04-09,4700.0,2775.588134765625,425526.0
2018-04-10,4695.0,2772.63671875,113883.0
2018-04-11,4685.0,2766.7314453125,598173.0
2018-04-12,4680.0,2763.7783203125,367338.0
2018-04-13,4680.0,2763.7783203125,367338.0
2018-04-16,4600.0,2741.429931640625,168313.0
2018-04-17,4620.0,2753.34814453125,371857.0
2018-04-18,4615.0,2750.368408203125,198155.0
2018-04-19,4615.0,2750.368408203125,267419.0
2018-04-20,4615.0,2750.368408203125,267419.0
2018-04-23,4585.0,2732.490234375,299274.0
2018-04-24,4580.0,2729.509521484375,328819.0
2018-04-25,4600.0,2741.429931640625,388770.0
2018-04-26,4580.0,2729.509521484375,240751.0
2018-04-27,4580.0,2729.509521484375,240751.0
2018-04-30,4630.0,2759.307861328125,935863.0
2018-05-01,4630.0,2759.307861328125,0.0
2018-05-02,4650.0,2771.2275390625,2776344.0
2018-05-03,4600.0,2741.429931640625,50624.0
2018-05-04,4600.0,2741.429931640625,50624.0
2018-05-07,4500.0,2681.833740234375,613196.0
2018-05-08,4500.0,2681.833740234375,151305.0
2018-05-09,4585.0,2732.490234375,218588.0
2018-05-10,4625.0,2756.32861328125,213531.0
2018-05-11,4625.0,2756.32861328125,213531.0
2018-05-14,4625.0,2756.32861328125,0.0
2018-05-15,4610.0,2747.38916015625,36622.0
2018-05-16,4580.0,2729.509521484375,372076.0
2018-05-17,4590.0,2735.46923828125,130435.0
2018-05-18,4590.0,2735.46923828125,130435.0
2018-05-21,4570.0,2723.55029296875,126669.0
2018-05-22,4515.0,2690.77294921875,292595.0
2018-05-23,4575.0,2726.53076171875,155357.0
2018-05-24,4600.0,2741.429931640625,66215.0
2018-05-25,4600.0,2741.429931640625,66215.0
2018-05-28,4550.0,2711.631103515625,63135.0
2018-05-29,4585.0,2732.490234375,111317.0
2018-05-30,4620.0,2753.34814453125,374215.0
2018-05-31,4600.0,2741.429931640625,403356.0
2018-06-01,4600.0,2741.429931640625,403356.0
2018-06-04,4600.0,2741.429931640625,0.0
2018-06-05,4630.0,2759.307861328125,53631.0
2018-06-06,4675.0,2786.126708984375,809780.0
2018-06-07,4695.0,2798.04638671875,1371258.0
2018-06-08,4695.0,2798.04638671875,1371258.0
2018-06-11,4695.0,2798.04638671875,0.0
2018-06-12,4675.0,2786.126708984375,104947.0
2018-06-13,4600.0,2741.429931640625,205759.0
2018-06-14,4655.0,2774.2080078125,209268.0
2018-06-15,4655.0,2774.2080078125,209268.0
2018-06-18,4670.0,2783.146240234375,305670.0
2018-06-19,4565.0,2720.5703125,179819.0
2018-06-20,4650.0,2771.2275390625,285970.0
2018-06-21,4630.0,2759.307861328125,387349.0
2018-06-22,4630.0,2759.307861328125,387349.0
2018-06-25,4640.0,2765.268310546875,275688.0
2018-06-26,4650.0,2771.2275390625,160496.0
2018-06-27,4635.0,2762.2880859375,394464.0
2018-06-28,4640.0,2765.268310546875,165121.0
2018-06-29,4640.0,2765.268310546875,165121.0
2018-07-02,4640.0,2765.268310546875,0.0
2018-07-03,4650.0,2771.2275390625,7768.0
2018-07-04,4645.0,2768.247802734375,37745.0
2018-07-05,4640.0,2765.268310546875,271675.0
2018-07-06,4640.0,2765.268310546875,271675.0
2018-07-09,4625.0,2756.32861328125,85640.0
2018-07-10,4565.0,2720.5703125,327134.0
2018-07-11,4540.0,2705.672119140625,330186.0
2018-07-12,4535.0,2702.692138671875,255418.0
2018-07-13,4535.0,2702.692138671875,255418.0
2018-07-16,4590.0,2761.34765625,345889.0
2018-07-17,4580.0,2755.331787109375,275338.0
2018-07-18,4535.0,2728.260498046875,408402.0
2018-07-19,4535.0,2728.260498046875,408402.0
2018-07-20,4535.0,2728.260498046875,0.0
2018-07-23,4530.0,2725.251708984375,399042.0
2018-07-24,4535.0,2728.260498046875,1162129.0
2018-07-25,4510.0,2713.220703125,629762.0
2018-07-26,4510.0,2713.220703125,286775.0
2018-07-27,4510.0,2713.220703125,286775.0
2018-07-30,4525.0,2722.244140625,87705.0
2018-07-31,4490.0,2701.18798828125,930430.0
2018-08-01,4505.0,2710.2119140625,126427.0
2018-08-02,4480.0,2695.17236328125,101663.0
2018-08-03,4480.0,2695.17236328125,101663.0
2018-08-06,4485.0,2698.18017578125,2102.0
2018-08-07,4485.0,2698.18017578125,0.0
2018-08-08,4500.0,2707.204345703125,202044.0
2018-08-09,4505.0,2710.2119140625,965871.0
2018-08-10,4505.0,2710.2119140625,965871.0
2018-08-13,4480.0,2695.17236328125,1692704.0
2018-08-14,4500.0,2707.204345703125,52608.0
2018-08-15,4500.0,2707.204345703125,210716.0
2018-08-16,4505.0,2710.2119140625,150280.0
2018-08-17,4505.0,2710.2119140625,150280.0
2018-08-20,4505.0,2710.2119140625,0.0
2018-08-21,4510.0,2713.220703125,54172.0
2018-08-22,4515.0,2716.227783203125,1116128.0
2018-08-23,4505.0,2710.2119140625,1103435.0
2018-08-24,4505.0,2710.2119140625,1103435.0
2018-08-27,4510.0,2713.220703125,111370.0
2018-08-28,4520.0,2719.236083984375,167234.0
2018-08-29,4520.0,2719.236083984375,98864.0
2018-08-30,4525.0,2722.244140625,762728.0
2018-08-31,4525.0,2722.244140625,762728.0
2018-09-03,4495.0,2704.19580078125,9279.0
2018-09-04,4515.0,2716.227783203125,1193909.0
2018-09-05,4495.0,2704.19580078125,59415.0
2018-09-06,4500.0,2707.204345703125,178977.0
2018-09-07,4500.0,2707.204345703125,178977.0
2018-09-10,4480.0,2695.17236328125,107104.0
2018-09-11,4495.0,2704.19580078125,262123.0
2018-09-12,4480.0,2695.17236328125,502970.0
2018-09-13,4480.0,2695.17236328125,56944.0
2018-09-14,4480.0,2695.17236328125,56944.0
2018-09-17,4430.0,2665.09130859375,905343.0
2018-09-18,4400.0,2647.0439453125,38315.0
2018-09-19,4400.0,2647.0439453125,683920.0
2018-09-20,4405.0,2650.052978515625,80060.0
2018-09-21,4405.0,2650.052978515625,80060.0
2018-09-24,4460.0,2683.140380859375,40829.0
2018-09-25,4435.0,2668.099853515625,837090.0
2018-09-26,4500.0,2707.204345703125,2018163.0
2018-09-27,4410.0,2653.059814453125,68190.0
2018-09-28,4410.0,2653.059814453125,68190.0
2018-10-01,4345.0,2613.955810546875,500055.0
2018-10-02,4345.0,2613.955810546875,500055.0
2018-10-03,4345.0,2613.955810546875,396850.0
2018-10-04,4370.0,2628.995849609375,152267.0
2018-10-05,4400.0,2647.0439453125,86731.0
2018-10-10,4310.0,2592.899658203125,44520.0
2018-10-11,4310.0,2592.899658203125,44520.0
2018-10-12,4315.0,2595.908203125,254553.0
2018-10-15,4315.0,2595.908203125,0.0
2018-10-16,4110.0,2497.175537109375,252092.0
2018-10-17,4110.0,2497.175537109375,252092.0
2018-10-18,4215.0,2560.9716796875,47628.0
2018-10-19,4220.0,2564.009765625,421123.0
2018-10-22,4265.0,2591.3515625,284630.0
2018-10-23,4265.0,2591.3515625,284630.0
2018-10-24,4240.0,2576.161376953125,707739.0
2018-10-25,4110.0,2497.175537109375,796668.0
2018-10-26,4000.0,2430.341064453125,84617.0
2018-10-29,4020.0,2442.4921875,141629.0
2018-10-30,4020.0,2442.4921875,141629.0
2018-10-31,4100.0,2491.09912109375,246554.0
2018-11-01,3980.0,2418.188720703125,649443.0
2018-11-02,4040.0,2454.644287109375,478216.0
2018-11-05,4040.0,2454.644287109375,0.0
2018-11-06,4145.0,2518.44091796875,135645.0
2018-11-07,4145.0,2518.44091796875,135645.0
2018-11-08,4145.0,2518.44091796875,152143.0
2018-11-09,4195.0,2548.8193359375,132986.0
2018-11-12,4195.0,2548.8193359375,0.0
2018-11-13,4200.0,2551.85791015625,270060.0
2018-11-14,4200.0,2551.85791015625,270060.0
2018-11-15,4250.0,2582.2373046875,42291.0
2018-11-16,4165.0,2530.592041015625,70323.0
2018-11-19,4100.0,2491.09912109375,11271.0
2018-11-20,4020.0,2442.4921875,127310.0
2018-11-21,4000.0,2430.341064453125,198699.0
2018-11-22,4000.0,2430.341064453125,40002.0
2018-11-23,3990.0,2424.26513671875,25795.0
2018-11-26,3930.0,2387.809814453125,226145.0
2018-11-27,3930.0,2387.809814453125,130437.0
2018-11-28,4000.0,2430.341064453125,643029.0
2018-11-29,3935.0,2390.847900390625,197973.0
2018-11-30,4000.0,2430.341064453125,158202.0
2018-12-03,4075.0,2475.90966796875,237215.0
2018-12-04,4000.0,2430.341064453125,84810.0
2018-12-05,4000.0,2430.341064453125,25000.0
2018-12-06,3985.0,2421.2275390625,58575.0
2018-12-07,3995.0,2427.302734375,201898.0
2018-12-10,3980.0,2418.188720703125,342970.0
2018-12-11,3970.0,2412.11376953125,79807.0
2018-12-12,3950.0,2399.961669921875,553583.0
2018-12-13,3930.0,2387.809814453125,73055.0
2018-12-14,3895.0,2366.544921875,169243.0
2018-12-17,3850.0,2339.203125,250631.0
2018-12-18,3835.0,2330.089599609375,52789.0
2018-12-19,3855.0,2342.2412109375,478075.0
2018-12-20,3875.0,2354.392578125,87902.0
2018-12-21,3900.0,2369.58203125,311889.0
2018-12-24,3900.0,2369.58203125,13583.0
2018-12-25,3900.0,2369.58203125,0.0
2018-12-26,4000.0,2430.341064453125,20792.0
2018-12-27,4000.0,2430.341064453125,18595.0
2018-12-28,4000.0,2430.341064453125,34982.0
2018-12-31,4000.0,2430.341064453125,0.0
2019-01-01,4000.0,2430.341064453125,0.0
2019-01-02,4000.0,2430.341064453125,0.0
2019-01-03,3900.0,2369.58203125,15987.0
2019-01-04,3920.0,2381.734130859375,84175.0
2019-01-07,3920.0,2381.734130859375,0.0
2019-01-08,3990.0,2424.26513671875,189628.0
2019-01-09,3920.0,2381.734130859375,63785.0
2019-01-10,3945.0,2396.923828125,120876.0
2019-01-11,3960.0,2406.037109375,397501.0
2019-01-14,3950.0,2399.961669921875,71499.0
2019-01-15,3940.0,2419.923095703125,190538.0
2019-01-16,4000.0,2456.77490234375,321908.0
2019-01-17,3975.0,2441.41943359375,15000.0
2019-01-18,3955.0,2429.135986328125,2262457.0
2019-01-21,3960.0,2432.20654296875,25193.0
2019-01-22,4010.0,2462.91650390625,1247912.0
2019-01-23,4070.0,2499.7685546875,971786.0
2019-01-24,4080.0,2505.91015625,1220953.0
2019-01-25,4090.0,2512.0517578125,1813476.0
2019-01-28,4190.0,2573.471435546875,347273.0
2019-01-29,4280.0,2628.748779296875,687358.0
2019-01-30,4325.0,2656.38720703125,409512.0
2019-01-31,4285.0,2631.8203125,1363959.0
2019-02-01,4260.0,2616.4638671875,40100.0
2019-02-04,4350.0,2671.7421875,101112.0
2019-02-05,4390.0,2696.3095703125,548477.0
2019-02-06,4305.0,2644.103515625,536516.0
2019-02-07,4300.0,2641.032470703125,459477.0
2019-02-08,4300.0,2641.032470703125,149337.0
2019-02-11,4275.0,2625.677001953125,16358.0
2019-02-12,4315.0,2650.24609375,54314.0
2019-02-13,4295.0,2637.961181640625,148152.0
2019-02-14,4295.0,2637.961181640625,288777.0
2019-02-15,4315.0,2650.24609375,73541.0
2019-02-18,4345.0,2668.671142578125,183171.0
2019-02-19,4360.0,2677.88427734375,86509.0
2019-02-20,4360.0,2677.88427734375,400786.0
2019-02-21,4375.0,2687.096923828125,195935.0
2019-02-22,4385.0,2693.239013671875,221605.0
2019-02-25,4350.0,2671.7421875,18506.0
2019-02-26,4440.0,2727.01953125,402871.0
2019-02-27,4395.0,2699.380615234375,637814.0
2019-02-28,4400.0,2702.4521484375,2878383.0
2019-03-01,4400.0,2702.4521484375,73884.0
2019-03-04,4400.0,2702.4521484375,106212.0
2019-03-05,4365.0,2680.95458984375,112471.0
2019-03-06,4365.0,2680.95458984375,113325.0
2019-03-07,4365.0,2680.95458984375,1033402.0
2019-03-08,4365.0,2680.95458984375,87833.0
2019-03-11,4395.0,2699.380615234375,256479.0
2019-03-12,4395.0,2699.380615234375,194281.0
2019-03-13,4400.0,2702.4521484375,377384.0
2019-03-14,4440.0,2727.01953125,306792.0
2019-03-15,4450.0,2733.16162109375,678687.0
2019-03-18,4600.0,2825.290771484375,558827.0
2019-03-19,4585.0,2816.078125,87325.0
2019-03-20,4600.0,2825.290771484375,322715.0
2019-03-21,4595.0,2822.21923828125,197928.0
2019-03-22,4535.0,2785.36865234375,157668.0
2019-03-25,4535.0,2785.36865234375,0.0
2019-03-26,4580.0,2813.00634765625,48553.0
2019-03-27,4480.0,2751.58740234375,308372.0
2019-03-28,4465.0,2742.374755859375,298569.0
2019-03-29,4430.0,2720.877685546875,91461.0
2019-04-01,4320.0,2653.31640625,76519.0
2019-04-02,4370.0,2684.0263671875,336613.0
2019-04-03,4440.0,2727.01953125,323890.0
2019-04-04,4440.0,2727.01953125,132919.0
2019-04-05,4575.0,2809.935546875,206684.0
2019-04-08,4560.0,2800.722900390625,290505.0
2019-04-09,4600.0,2825.290771484375,762197.0
2019-04-10,4640.0,2849.85791015625,1654719.0
2019-04-11,4600.0,2825.290771484375,184803.0
2019-04-12,4600.0,2825.290771484375,184803.0
2019-04-15,4545.0,2819.707275390625,55663.0
2019-04-16,4545.0,2819.707275390625,55663.0
2019-04-17,4575.0,2838.319580078125,368531.0
2019-04-18,4575.0,2838.319580078125,0.0
2019-04-19,4575.0,2838.319580078125,0.0
2019-04-22,4540.0,2816.604736328125,28037.0
2019-04-23,4540.0,2816.604736328125,28037.0
2019-04-24,4550.0,2822.80908203125,302227.0
2019-04-25,4595.0,2850.72705078125,630246.0
2019-04-26,4600.0,2853.829345703125,312577.0
2019-04-29,4620.0,2866.2373046875,195948.0
2019-04-30,4620.0,2866.2373046875,195948.0
2019-05-01,4620.0,2866.2373046875,0.0
2019-05-02,4540.0,2816.604736328125,241980.0
2019-05-03,4540.0,2816.604736328125,241980.0
2019-05-06,4465.0,2770.0751953125,67846.0
2019-05-07,4465.0,2770.0751953125,67846.0
2019-05-08,4415.0,2739.055419921875,19458.0
2019-05-09,4365.0,2708.03466796875,115150.0
2019-05-10,4365.0,2708.03466796875,107820.0
2019-05-13,4300.0,2667.709716796875,70957.0
2019-05-14,4300.0,2667.709716796875,70957.0
2019-05-15,4390.0,2723.545166015625,243901.0
2019-05-16,4310.0,2673.91357421875,48222.0
2019-05-17,4305.0,2670.811767578125,242888.0
2019-05-20,4280.0,2655.30224609375,37804.0
2019-05-21,4280.0,2655.30224609375,37804.0
2019-05-22,4280.0,2655.30224609375,224208.0
2019-05-23,4155.0,2577.751708984375,170592.0
2019-05-24,4200.0,2605.669921875,57658.0
2019-05-27,4365.0,2708.03466796875,21782.0
2019-05-28,4365.0,2708.03466796875,21782.0
2019-05-29,4300.0,2667.709716796875,155104.0
2019-05-30,4225.0,2621.1796875,103968.0
2019-05-31,4240.0,2630.485595703125,67482.0
2019-06-03,4240.0,2630.485595703125,0.0
2019-06-04,4130.0,2562.24169921875,239725.0
2019-06-05,4130.0,2562.24169921875,239725.0
2019-06-06,4075.0,2528.120361328125,38899.0
2019-06-07,4100.0,2543.63037109375,177400.0
2019-06-11,4165.0,2583.956787109375,44731.0
2019-06-12,4235.0,2627.384033203125,15485.0
2019-06-13,4215.0,2614.976318359375,95752.0
2019-06-14,4250.0,2636.689697265625,139202.0
2019-06-17,4225.0,2621.1796875,73019.0
2019-06-18,4235.0,2627.384033203125,188190.0
2019-06-19,4220.0,2618.07763671875,52759.0
2019-06-20,4265.0,2645.995361328125,41659.0
2019-06-21,4270.0,2649.097412109375,139735.0
2019-06-24,4270.0,2649.097412109375,0.0
2019-06-25,4255.0,2639.792236328125,68244.0
2019-06-26,4275.0,2652.198974609375,80938.0
2019-06-27,4315.0,2677.015625,63726.0
2019-06-28,4345.0,2695.627685546875,34581.0
2019-07-01,4345.0,2695.627685546875,0.0
2019-07-02,4395.0,2726.6474609375,100378.0
2019-07-03,4395.0,2726.6474609375,100378.0
2019-07-04,4355.0,2701.831298828125,109330.0
2019-07-05,4355.0,2701.831298828125,37122.0
2019-07-08,4425.0,2745.25927734375,421710.0
2019-07-09,4425.0,2745.25927734375,421710.0
2019-07-10,4500.0,2791.7890625,236409.0
2019-07-11,4555.0,2825.9111328125,365528.0
2019-07-12,4555.0,2825.9111328125,133853.0
2019-07-15,4560.0,2829.012939453125,50372.0
2019-07-16,4560.0,2829.012939453125,50372.0
2019-07-17,4570.0,2864.109375,329954.0
2019-07-18,4510.0,2826.506103515625,104726.0
2019-07-19,4500.0,2820.23876953125,1728841.0
2019-07-22,4445.0,2785.76953125,49174.0
2019-07-23,4445.0,2785.76953125,49174.0
2019-07-24,4490.0,2813.971923828125,157462.0
2019-07-25,4485.0,2810.838623046875,239754.0
2019-07-26,4495.0,2817.105712890625,261882.0
2019-07-29,4500.0,2820.23876953125,43986.0
2019-07-30,4500.0,2820.23876953125,43986.0
2019-07-31,4500.0,2820.23876953125,1110005.0
2019-08-01,4450.0,2788.90234375,560771.0
2019-08-02,4350.0,2726.23095703125,77733.0
2019-08-05,4145.0,2597.753662109375,131166.0
2019-08-06,4145.0,2597.753662109375,131166.0
2019-08-07,4145.0,2597.753662109375,0.0
2019-08-08,4380.0,2745.032470703125,61811.0
2019-08-09,4380.0,2745.032470703125,61811.0
2019-08-12,4450.0,2788.90234375,67000.0
2019-08-13,4450.0,2788.90234375,67000.0
2019-08-14,4470.0,2801.437255859375,154031.0
2019-08-15,4370.0,2738.765380859375,82127.0
2019-08-16,4345.0,2723.097412109375,314274.0
2019-08-19,4345.0,2723.097412109375,0.0
2019-08-20,4385.0,2748.166015625,81287.0
2019-08-21,4385.0,2748.166015625,81287.0
2019-08-22,4360.0,2732.49853515625,708318.0
2019-08-23,4355.0,2729.36474609375,57405.0
2019-08-26,4285.0,2685.494140625,47363.0
2019-08-27,4285.0,2685.494140625,47363.0
2019-08-28,4250.0,2663.55859375,65126.0
2019-08-29,4300.0,2694.894775390625,104982.0
2019-08-30,4300.0,2694.894775390625,178740.0
2019-09-02,4350.0,2726.23095703125,49482.0
2019-09-03,4350.0,2726.23095703125,49482.0
2019-09-04,4360.0,2732.49853515625,253483.0
2019-09-05,4360.0,2732.49853515625,133.0
2019-09-06,4330.0,2713.696533203125,231131.0
2019-09-09,4385.0,2748.166015625,75874.0
2019-09-10,4385.0,2748.166015625,75874.0
2019-09-11,4375.0,2741.8984375,42558.0
2019-09-12,4290.0,2688.6279296875,58382.0
2019-09-13,4385.0,2748.166015625,1538840.0
2019-09-16,4350.0,2726.23095703125,225335.0
2019-09-17,4350.0,2726.23095703125,225335.0
2019-09-18,4380.0,2745.032470703125,458076.0
2019-09-19,4350.0,2726.23095703125,70955.0
2019-09-20,4345.0,2723.097412109375,429908.0
2019-09-23,4330.0,2713.696533203125,192174.0
2019-09-24,4330.0,2713.696533203125,192174.0
2019-09-25,4310.0,2701.161865234375,476688.0
2019-09-26,4350.0,2726.23095703125,55264.0
2019-09-27,4490.0,2813.971923828125,326867.0
2019-09-30,4350.0,2726.23095703125,95882.0
2019-10-01,4350.0,2726.23095703125,95882.0
2019-10-02,4380.0,2745.032470703125,177916.0
2019-10-03,4320.0,2707.429443359375,201509.0
2019-10-04,4350.0,2726.23095703125,158881.0
2019-10-07,4365.0,2735.631103515625,43818.0
2019-10-08,4365.0,2735.631103515625,43818.0
2019-10-09,4360.0,2732.49853515625,6790.0
2019-10-10,4355.0,2729.36474609375,82100.0
2019-10-11,4310.0,2701.161865234375,147859.0
2019-10-14,4310.0,2701.161865234375,0.0
2019-10-15,4340.0,2719.963623046875,97824.0
2019-10-16,4340.0,2719.963623046875,97824.0
2019-10-17,4340.0,2749.10205078125,548.0
2019-10-18,4305.0,2726.931884765625,464123.0
2019-10-21,4345.0,2752.268798828125,156247.0
2019-10-22,4345.0,2752.268798828125,156247.0
2019-10-23,4335.0,2745.9345703125,71322.0
2019-10-24,4300.0,2723.764404296875,171802.0
2019-10-25,4310.0,2730.0986328125,98099.0
2019-10-28,4330.0,2742.767333984375,100790.0
2019-10-29,4330.0,2742.767333984375,100790.0
2019-10-30,4390.0,2780.77294921875,955981.0
2019-10-31,4350.0,2755.43603515625,299829.0
2019-11-01,4350.0,2755.43603515625,299829.0
2019-11-04,4350.0,2755.43603515625,0.0
2019-11-05,4450.0,2818.779541015625,106620.0
2019-11-06,4430.0,2806.110595703125,108140.0
2019-11-07,4320.0,2736.43359375,103267.0
2019-11-08,4380.0,2774.4384765625,119773.0
2019-11-11,4380.0,2774.4384765625,0.0
2019-11-12,4400.0,2787.108154296875,91671.0
2019-11-13,4320.0,2736.43359375,62798.0
2019-11-14,4350.0,2755.43603515625,29781.0
2019-11-15,4340.0,2749.10205078125,29669.0
2019-11-18,4340.0,2749.10205078125,75697.0
2019-11-19,4320.0,2736.43359375,11367.0
2019-11-20,4345.0,2752.268798828125,51458.0
2019-11-21,4395.0,2783.940185546875,62243.0
2019-11-22,4400.0,2787.108154296875,307131.0
2019-11-25,4400.0,2787.108154296875,3162813.0
2019-11-26,4420.0,2799.77685546875,524596.0
2019-11-27,4390.0,2780.77294921875,83374.0
2019-11-28,4400.0,2787.108154296875,137004.0
2019-11-29,4400.0,2787.108154296875,137004.0
2019-12-02,4405.0,2790.275146484375,236745.0
2019-12-03,4420.0,2799.77685546875,267984.0
2019-12-04,4350.0,2755.43603515625,116557.0
2019-12-05,4380.0,2774.4384765625,30851.0
2019-12-06,4420.0,2799.77685546875,84873.0
2019-12-09,4400.0,2787.108154296875,154186.0
2019-12-10,4410.0,2793.44189453125,66582.0
2019-12-11,4415.0,2796.609130859375,72445.0
2019-12-12,4415.0,2796.609130859375,632733.0
2019-12-13,4400.0,2787.108154296875,206319.0
2019-12-16,4430.0,2806.110595703125,249970.0
2019-12-17,4425.0,2802.94287109375,38434.0
2019-12-18,4400.0,2787.108154296875,707027.0
2019-12-19,4390.0,2780.77294921875,107777.0
2019-12-20,4380.0,2774.4384765625,296714.0
2019-12-23,4500.0,2850.451171875,264381.0
2019-12-24,4480.0,2837.78271484375,110643.0
2019-12-25,4480.0,2837.78271484375,0.0
2019-12-26,4410.0,2793.44189453125,6000.0
2019-12-27,4470.0,2831.448486328125,22629.0
2019-12-30,4410.0,2793.44189453125,47324.0
2019-12-31,4410.0,2793.44189453125,0.0
2020-01-01,4410.0,2793.44189453125,0.0
2020-01-02,4410.0,2793.44189453125,0.0
2020-01-03,4490.0,2844.116943359375,18024.0
2020-01-06,4490.0,2844.116943359375,0.0
2020-01-07,4480.0,2837.78271484375,63027.0
2020-01-08,4475.0,2834.615966796875,48427.0
2020-01-09,4480.0,2837.78271484375,87446.0
2020-01-10,4515.0,2859.953125,285957.0
2020-01-13,4460.0,2825.1142578125,169406.0
2020-01-14,4415.0,2796.609130859375,139082.0
2020-01-15,4380.0,2774.4384765625,148170.0
2020-01-16,4385.0,2777.606689453125,49211.0
2020-01-17,4385.0,2807.053466796875,49211.0
2020-01-20,4350.0,2784.64794921875,10562.0
2020-01-21,4420.0,2829.458740234375,88680.0
2020-01-22,4480.0,2867.867431640625,39604.0
2020-01-23,4535.0,2903.07568359375,391853.0
2020-01-24,4465.0,2858.264892578125,195439.0
2020-01-27,4490.0,2874.268798828125,219571.0
2020-01-28,4500.0,2880.670166015625,307667.0
2020-01-29,4530.0,2899.87451171875,233004.0
2020-01-30,4530.0,2899.87451171875,113421.0
2020-01-31,4535.0,2903.07568359375,667960.0
2020-02-03,4525.0,2896.674072265625,60989.0
2020-02-04,4500.0,2880.670166015625,148308.0
2020-02-05,4520.0,2893.47314453125,97497.0
2020-02-06,4535.0,2903.07568359375,130523.0
2020-02-07,4450.0,2848.66259765625,113743.0
2020-02-10,4425.0,2832.658447265625,63147.0
2020-02-11,4415.0,2826.25732421875,152463.0
2020-02-12,4440.0,2842.26123046875,253356.0
2020-02-13,4460.0,2855.06494140625,66618.0
2020-02-14,4490.0,2874.268798828125,123323.0
2020-02-17,4475.0,2864.6669921875,76499.0
2020-02-18,4540.0,2906.275634765625,203087.0
2020-02-19,4535.0,2903.07568359375,151099.0
2020-02-20,4575.0,2928.681396484375,1214259.0
2020-02-21,4700.0,3008.7001953125,1459869.0
2020-02-24,4750.0,3040.707763671875,440989.0
2020-02-25,4805.0,3075.915771484375,785390.0
2020-02-26,4700.0,3008.7001953125,289609.0
2020-02-27,4580.0,2931.8818359375,502930.0
2020-02-28,4500.0,2880.670166015625,224707.0
2020-03-02,4590.0,2938.283203125,139913.0
2020-03-03,4570.0,2925.480712890625,279167.0
2020-03-04,4650.0,2976.693115234375,365326.0
2020-03-05,4600.0,2944.685791015625,274847.0
2020-03-06,4565.0,2922.279052734375,452799.0
2020-03-09,4410.0,2823.056640625,1569232.0
2020-03-10,4510.0,2887.072021484375,933283.0
2020-03-11,4375.0,2800.6513671875,370902.0
2020-03-12,4100.0,2624.610595703125,512331.0
2020-03-13,4100.0,2624.610595703125,512331.0
2020-03-16,3520.0,2253.324462890625,611147.0
2020-03-17,3620.0,2317.33935546875,41906.0
2020-03-18,3450.0,2208.513916015625,196685.0
2020-03-19,3700.0,2368.551025390625,204795.0
2020-03-20,3655.0,2339.743896484375,756430.0
2020-03-23,3655.0,2339.743896484375,0.0
2020-03-24,3905.0,2499.78125,13193.0
2020-03-25,4100.0,2624.610595703125,195052.0
2020-03-26,4100.0,2624.610595703125,195052.0
2020-03-27,4200.0,2688.6259765625,174645.0
2020-03-30,4000.0,2560.595703125,121350.0
2020-03-31,4290.0,2746.238525390625,172689.0
2020-04-01,4120.0,2637.413818359375,427465.0
2020-04-02,4000.0,2560.595703125,315196.0
2020-04-03,4120.0,2637.413818359375,32886.0
2020-04-06,4165.0,2666.22021484375,15648.0
2020-04-07,4105.0,2627.811279296875,431020.0
2020-04-08,4180.0,2675.82275390625,26466.0
2020-04-09,4180.0,2675.82275390625,0.0
2020-04-10,4180.0,2675.82275390625,0.0
2020-04-13,4180.0,2675.82275390625,2983.0
2020-04-14,4290.0,2746.238525390625,238442.0
2020-04-15,4290.0,2746.238525390625,148860.0
2020-04-16,4290.0,2746.238525390625,55099.0
2020-04-17,4300.0,2784.77197265625,76530.0
2020-04-20,4450.0,2881.915771484375,20240.0
2020-04-21,4170.0,2700.581298828125,76808.0
2020-04-22,4200.0,2720.010009765625,675967.0
2020-04-23,4260.0,2758.8671875,55725.0
2020-04-24,4300.0,2784.77197265625,247782.0
2020-04-27,4170.0,2700.581298828125,36617.0
2020-04-28,4310.0,2791.248291015625,72733.0
2020-04-29,4290.0,2778.2958984375,323406.0
2020-04-30,4200.0,2720.010009765625,63795.0
2020-05-01,4200.0,2720.010009765625,0.0
2020-05-04,4175.0,2703.81982421875,96928.0
2020-05-05,4175.0,2703.81982421875,19547.0
2020-05-06,4200.0,2720.010009765625,332159.0
2020-05-07,4345.0,2813.915771484375,93832.0
2020-05-08,4265.0,2762.10546875,82927.0
2020-05-11,4170.0,2700.581298828125,106735.0
2020-05-12,4125.0,2671.439208984375,46795.0
2020-05-13,4100.0,2655.248291015625,226252.0
2020-05-14,4040.0,2616.390869140625,52100.0
2020-05-15,4040.0,2616.390869140625,20476.0
2020-05-18,4100.0,2655.248291015625,82630.0
2020-05-19,4040.0,2616.390869140625,33896.0
2020-05-20,4040.0,2616.390869140625,44826.0
2020-05-21,4000.0,2590.486083984375,49636.0
2020-05-22,4130.0,2674.677001953125,2500.0
2020-05-25,4130.0,2674.677001953125,0.0
2020-05-26,4100.0,2655.248291015625,48195.0
2020-05-27,4060.0,2629.34326171875,39556.0
2020-05-28,4120.0,2668.2001953125,212922.0
2020-05-29,4080.0,2642.2958984375,274838.0
2020-06-01,4000.0,2590.486083984375,141387.0
2020-06-02,4050.0,2622.866943359375,72184.0
2020-06-03,4050.0,2622.866943359375,72184.0
2020-06-04,4250.0,2752.390869140625,177514.0
2020-06-05,4200.0,2720.010009765625,177422.0
2020-06-08,4220.0,2732.962158203125,99008.0
2020-06-09,4255.0,2755.629638671875,356332.0
2020-06-10,4305.0,2788.01025390625,420881.0
2020-06-11,4185.0,2710.295654296875,127627.0
2020-06-12,4195.0,2716.77197265625,159947.0
2020-06-15,4195.0,2716.77197265625,0.0
2020-06-16,4190.0,2713.533935546875,88894.0
2020-06-17,4100.0,2655.248291015625,1062680.0
2020-06-18,4155.0,2690.8671875,424853.0
2020-06-19,4070.0,2635.819580078125,2492396.0
2020-06-22,4070.0,2635.819580078125,0.0
2020-06-23,4060.0,2629.34326171875,805898.0
2020-06-24,4050.0,2622.866943359375,88081.0
2020-06-25,4060.0,2629.34326171875,30475.0
2020-06-26,4060.0,2629.34326171875,5247.0
2020-06-29,4060.0,2629.34326171875,0.0
2020-06-30,4115.0,2664.9619140625,61749.0
2020-07-01,4075.0,2639.0576171875,58675.0
2020-07-02,4080.0,2642.2958984375,742122.0
2020-07-03,4115.0,2664.9619140625,29123.0
2020-07-06,4100.0,2655.248291015625,493196.0
2020-07-07,4110.0,2661.724365234375,122895.0
2020-07-08,4145.0,2684.39111328125,61837.0
2020-07-09,4165.0,2697.34326171875,309247.0
2020-07-10,4200.0,2720.010009765625,398449.0
2020-07-13,4225.0,2736.20068359375,254247.0
2020-07-14,4180.0,2707.057373046875,288991.0
2020-07-15,4265.0,2762.10546875,323422.0
2020-07-16,4235.0,2806.169677734375,58966.0
2020-07-17,4290.0,2842.61328125,328679.0
2020-07-20,4290.0,2842.61328125,0.0
2020-07-21,4300.0,2849.239013671875,276292.0
2020-07-22,4270.0,2829.361328125,245718.0
2020-07-23,4385.0,2905.5615234375,150674.0
2020-07-24,4310.0,2855.865234375,91343.0
2020-07-27,4325.0,2865.804931640625,91374.0
2020-07-28,4280.0,2835.987060546875,539371.0
2020-07-29,4280.0,2835.987060546875,83036.0
2020-07-30,4280.0,2835.987060546875,33240.0
2020-07-31,4205.0,2786.291015625,1792938.0
2020-08-03,4140.0,2743.22119140625,73902.0
2020-08-04,4205.0,2786.291015625,327067.0
2020-08-05,4250.0,2816.10791015625,56179.0
2020-08-06,4295.0,2845.92578125,32217.0
2020-08-07,4295.0,2845.92578125,0.0
2020-08-10,4220.0,2796.230224609375,10363.0
2020-08-11,4275.0,2832.673583984375,522068.0
2020-08-12,4315.0,2859.1787109375,172762.0
2020-08-13,4285.0,2839.30029296875,146354.0
2020-08-14,4325.0,2865.804931640625,42529.0
2020-08-17,4325.0,2865.804931640625,0.0
2020-08-18,4380.0,2902.248779296875,109183.0
2020-08-19,4375.0,2898.935302734375,106924.0
2020-08-20,4420.0,2928.7529296875,227897.0
2020-08-21,4440.0,2942.00537109375,331890.0
2020-08-24,4440.0,2942.00537109375,0.0
2020-08-25,4590.0,3041.39697265625,239214.0
2020-08-26,4650.0,3081.154296875,226360.0
2020-08-27,4655.0,3084.468017578125,119901.0
2020-08-28,4630.0,3067.90185546875,124245.0
2020-08-31,4640.0,3074.52783203125,267677.0
2020-09-01,4670.0,3094.406005859375,1186439.0
2020-09-02,4655.0,3084.468017578125,290264.0
2020-09-03,4640.0,3074.52783203125,94952.0
2020-09-04,4600.0,3048.0234375,144362.0
2020-09-07,4550.0,3014.89306640625,39794.0
2020-09-08,4500.0,2981.76220703125,134966.0
2020-09-09,4480.0,2968.51025390625,164840.0
2020-09-10,4490.0,2975.135498046875,63648.0
2020-09-11,4515.0,2991.70166015625,53598.0
2020-09-14,4510.0,2988.388427734375,163795.0
2020-09-15,4480.0,2968.51025390625,72761.0
2020-09-16,4530.0,3001.64013671875,128265.0
2020-09-17,4520.0,2995.013916015625,176609.0
2020-09-18,4545.0,3011.579345703125,279693.0
2020-09-21,4680.0,3101.03271484375,111456.0
2020-09-22,4520.0,2995.013916015625,62816.0
2020-09-23,4475.0,2965.197265625,62042.0
2020-09-24,4500.0,2981.76220703125,131374.0
2020-09-25,4430.0,2935.379150390625,14360.0
2020-09-28,4560.0,3021.51953125,52036.0
2020-09-29,4525.0,2998.327392578125,35835.0
2020-09-30,4620.0,3061.27587890625,68560.0
2020-10-01,4520.0,2995.013916015625,49810.0
2020-10-02,4645.0,3077.841064453125,28435.0
2020-10-05,4570.0,3028.14501953125,6644.0
2020-10-06,4640.0,3074.52783203125,73552.0
2020-10-07,4630.0,3067.90185546875,93896.0
2020-10-08,4630.0,3067.90185546875,93896.0
2020-10-09,4640.0,3074.52783203125,150681.0
2020-10-12,4640.0,3074.52783203125,0.0
2020-10-13,4600.0,3048.0234375,12685.0
2020-10-14,4640.0,3074.52783203125,712634.0
2020-10-15,4541.0,3008.93017578125,32558.0
2020-10-16,4600.0,3081.615234375,63449.0
2020-10-19,4600.0,3081.615234375,18060.0
2020-10-20,4630.0,3101.713134765625,96636.0
2020-10-21,4615.0,3091.6640625,144404.0
2020-10-22,4610.0,3088.31396484375,101235.0
2020-10-23,4609.0,3087.644775390625,24412.0
2020-10-26,4550.0,3048.119384765625,61602.0
2020-10-27,4501.0,3015.293212890625,42095.0
2020-10-28,4450.0,2981.127685546875,25370.0
2020-10-29,4480.0,3001.22509765625,50631.0
2020-10-30,4206.0,2817.668212890625,1496526.0
2020-11-02,4206.0,2817.668212890625,0.0
2020-11-03,4316.0,2891.359375,185821.0
2020-11-04,4355.0,2917.48583984375,127477.0
2020-11-05,4335.0,2904.0869140625,142822.0
2020-11-06,4335.0,2904.0869140625,142822.0
2020-11-09,4430.0,2967.729248046875,146160.0
2020-11-10,4300.0,2880.640380859375,41109.0
2020-11-11,4381.0,2934.904052734375,199544.0
2020-11-12,4315.0,2890.689208984375,274373.0
2020-11-13,4350.0,2914.13623046875,116674.0
2020-11-16,4350.0,2914.13623046875,0.0
2020-11-17,4380.0,2934.234130859375,108026.0
2020-11-18,4420.0,2961.03076171875,173801.0
2020-11-19,4440.0,2974.42822265625,47132.0
2020-11-20,4401.0,2948.301513671875,131272.0
2020-11-23,4400.0,2947.6318359375,108130.0
2020-11-24,4437.0,2972.4189453125,537684.0
2020-11-25,4476.0,2998.5458984375,67789.0
2020-11-26,4480.0,3001.22509765625,69879.0
2020-11-27,4500.0,3014.6240234375,40834.0
2020-11-30,4500.0,3014.6240234375,491199.0
2020-12-01,4619.0,3094.343994140625,812080.0
2020-12-02,4600.0,3081.615234375,298318.0
2020-12-03,4620.0,3095.013916015625,1123413.0
2020-12-04,4620.0,3095.013916015625,1123413.0
2020-12-07,4738.0,3174.063720703125,424115.0
2020-12-08,4738.0,3174.063720703125,0.0
2020-12-09,4712.0,3156.64599609375,254304.0
2020-12-10,4610.0,3088.31396484375,177022.0
2020-12-11,4601.0,3082.285400390625,204416.0
2020-12-14,4603.0,3083.624755859375,171345.0
2020-12-15,4693.0,3143.916748046875,80406.0
2020-12-16,4670.0,3128.50927734375,667460.0
2020-12-17,4705.0,3151.9560546875,220582.0
2020-12-18,4779.0,3201.530517578125,410487.0
2020-12-21,4750.0,3182.10205078125,147618.0
2020-12-22,4670.0,3128.50927734375,99831.0
2020-12-23,4690.0,3141.90771484375,140883.0
2020-12-24,4690.0,3141.90771484375,140883.0
2020-12-25,4690.0,3141.90771484375,0.0
2020-12-28,4830.0,3235.695556640625,128565.0
2020-12-29,4870.0,3262.4931640625,92472.0
2020-12-30,4738.0,3174.063720703125,91600.0
2020-12-31,4738.0,3174.063720703125,0.0
2021-01-01,4738.0,3174.063720703125,0.0
2021-01-04,4820.0,3228.9970703125,51970.0
2021-01-05,4820.0,3228.9970703125,57969.0
2021-01-06,4819.0,3228.3271484375,156107.0
2021-01-07,4820.0,3228.9970703125,38232.0
2021-01-08,4780.0,3202.19970703125,36097.0
2021-01-11,4780.0,3202.19970703125,0.0
2021-01-12,4773.0,3197.5107421875,53679.0
2021-01-13,4800.0,3215.598876953125,59757.0
2021-01-14,4780.0,3202.19970703125,292419.0
2021-01-15,4670.0,3192.969482421875,96573.0
2021-01-18,4698.0,3212.114013671875,47580.0
2021-01-19,4685.0,3203.2255859375,161271.0
2021-01-20,4753.0,3249.71826171875,74934.0
2021-01-21,4814.0,3291.425048828125,158315.0
2021-01-22,4800.0,3281.85400390625,333513.0
2021-01-25,4795.0,3278.43505859375,64974.0
2021-01-26,4800.0,3281.85400390625,168631.0
2021-01-27,4790.0,3275.015869140625,67273.0
2021-01-28,4742.0,3242.197265625,163131.0
2021-01-29,4800.0,3281.85400390625,1606658.0
2021-02-01,4800.0,3281.85400390625,0.0
2021-02-02,4702.0,3214.8486328125,207873.0
2021-02-03,4702.0,3214.8486328125,46073.0
2021-02-04,4708.0,3218.951416015625,69305.0
2021-02-05,4807.0,3286.639404296875,246287.0
2021-02-08,4819.0,3294.844482421875,305779.0
2021-02-09,4770.0,3261.342041015625,330295.0
2021-02-10,4754.0,3250.40185546875,46240.0
2021-02-11,4740.0,3240.83056640625,86796.0
2021-02-12,4721.0,3227.83935546875,235681.0
2021-02-15,4738.0,3239.462646484375,36584.0
2021-02-16,4750.0,3247.6669921875,269930.0
2021-02-17,4735.0,3237.4111328125,80200.0
2021-02-18,4730.0,3233.992919921875,547341.0
2021-02-19,4700.0,3213.481201171875,153083.0
2021-02-22,4686.0,3203.909423828125,40653.0
2021-02-23,4700.0,3213.481201171875,163167.0
2021-02-24,4800.0,3281.85400390625,148112.0
2021-02-25,4780.0,3268.1787109375,132695.0
2021-02-26,4701.0,3214.166015625,40531.0
2021-03-01,4740.0,3240.83056640625,43688.0
2021-03-02,4710.0,3220.318603515625,355101.0
2021-03-03,4656.0,3183.39794921875,1079831.0
2021-03-04,4690.0,3206.644775390625,38903.0
2021-03-05,4622.0,3160.150634765625,135260.0
2021-03-08,4698.0,3212.114013671875,60355.0
2021-03-09,4719.0,3226.472412109375,63634.0
2021-03-10,4719.0,3226.472412109375,48113.0
2021-03-11,4799.0,3281.16943359375,230127.0
2021-03-12,4820.0,3295.5283203125,191217.0
2021-03-15,4830.0,3302.36474609375,101876.0
2021-03-16,4820.0,3295.5283203125,110057.0
2021-03-17,4811.0,3289.374755859375,787074.0
2021-03-18,4796.0,3279.118408203125,53657.0
2021-03-19,4780.0,3268.1787109375,1385282.0
2021-03-22,4780.0,3268.1787109375,0.0
2021-03-23,4782.0,3269.546142578125,1563243.0
2021-03-24,4723.0,3229.20751953125,39446.0
2021-03-25,4730.0,3233.992919921875,62217.0
2021-03-26,4732.0,3235.36083984375,103295.0
2021-03-29,4700.0,3213.481201171875,36132.0
2021-03-30,4730.0,3233.992919921875,30696.0
2021-03-31,4651.0,3179.9794921875,20348.0
2021-04-01,4651.0,3179.9794921875,0.0
2021-04-02,4651.0,3179.9794921875,0.0
2021-04-05,4729.0,3233.310302734375,1234090.0
2021-04-06,4714.0,3223.053955078125,346553.0
2021-04-07,4714.0,3223.053955078125,17236.0
2021-04-08,4673.0,3195.02099609375,47494.0
2021-04-09,4652.0,3180.662841796875,6244.0
2021-04-12,4697.0,3211.43017578125,45490.0
2021-04-13,4630.0,3165.62109375,163301.0
2021-04-14,4630.0,3165.62109375,163301.0
2021-04-15,4613.0,3153.998291015625,40712.0
2021-04-16,4600.0,3180.61865234375,99821.0
2021-04-19,4542.0,3140.513916015625,66573.0
2021-04-20,4525.0,3128.7607421875,97074.0
2021-04-21,4523.0,3127.37744140625,142490.0
2021-04-22,4500.0,3111.474609375,282100.0
2021-04-23,4406.0,3046.479248046875,100230.0
2021-04-26,4454.0,3079.6689453125,69537.0
2021-04-27,4429.0,3062.382080078125,394908.0
2021-04-28,4401.0,3043.02197265625,242288.0
2021-04-29,4370.0,3021.587890625,128827.0
2021-04-30,4310.0,2980.10107421875,104214.0
2021-05-03,4150.0,2869.47119140625,115716.0
2021-05-04,4197.0,2901.96826171875,225263.0
2021-05-05,4212.0,2912.33984375,62885.0
2021-05-06,4394.0,3038.18212890625,216296.0
2021-05-07,4360.0,3014.67333984375,80862.0
2021-05-10,4410.0,3049.24462890625,101248.0
2021-05-11,4489.0,3103.868896484375,28330.0
2021-05-12,4350.0,3007.7587890625,139031.0
2021-05-13,4404.0,3045.096923828125,127563.0
2021-05-14,4400.0,3042.330810546875,61636.0
2021-05-17,4400.0,3042.330810546875,0.0
2021-05-18,4370.0,3021.587890625,24239.0
2021-05-19,4450.0,3076.90234375,113519.0
2021-05-20,4360.0,3014.67333984375,217998.0
2021-05-21,4363.0,3016.746826171875,40724.0
2021-05-24,4230.0,2924.78564453125,120173.0
2021-05-25,4180.0,2890.2138671875,166494.0
2021-05-26,4070.0,2814.15576171875,155044.0
2021-05-27,3765.0,2603.26708984375,1594011.0
2021-05-28,4176.0,2887.4482421875,1627126.0
2021-05-31,4176.0,2887.4482421875,1829.0
2021-06-01,4245.0,2935.157470703125,614321.0
2021-06-02,4190.0,2897.12841796875,20472.0
2021-06-03,4197.0,2901.96826171875,73779.0
2021-06-04,4250.0,2938.614501953125,80134.0
2021-06-07,4250.0,2938.614501953125,0.0
2021-06-08,4299.0,2972.495361328125,228363.0
2021-06-09,4300.0,2973.18701171875,256615.0
2021-06-10,4303.0,2975.260986328125,35181.0
2021-06-11,4302.0,2974.569580078125,148607.0
2021-06-14,4302.0,2974.569580078125,0.0
2021-06-15,4351.0,3008.449951171875,6685.0
2021-06-16,4350.0,3007.7587890625,310298.0
2021-06-17,4310.0,2980.10107421875,213708.0
2021-06-18,4246.0,2935.84912109375,63597.0
2021-06-21,4153.0,2871.544921875,50213.0
2021-06-22,4080.0,2821.070068359375,159368.0
2021-06-23,4122.0,2850.111083984375,237627.0
2021-06-24,4210.0,2910.95703125,135963.0
2021-06-25,4210.0,2910.95703125,73165.0
2021-06-28,4200.0,2904.042724609375,31785.0
2021-06-29,4150.0,2869.47119140625,134869.0
2021-06-30,4250.0,2938.614501953125,87339.0
2021-07-01,4166.0,2880.53369140625,292775.0
2021-07-02,4170.0,2883.299560546875,24570.0
2021-07-05,4170.0,2883.299560546875,0.0
2021-07-06,4190.0,2897.12841796875,33384.0
2021-07-07,4127.0,2853.567138671875,133326.0
2021-07-08,4179.0,2889.522705078125,307025.0
2021-07-09,4159.0,2875.694091796875,36071.0
2021-07-12,4159.0,2875.694091796875,0.0
2021-07-13,4202.0,2905.42578125,3520.0
2021-07-14,4200.0,2904.042724609375,18409.0
2021-07-15,4150.0,2924.834228515625,19987.0
2021-07-16,4149.0,2924.129150390625,77607.0
2021-07-19,4050.0,2854.355712890625,68950.0
2021-07-20,4050.0,2854.355712890625,0.0
2021-07-21,4076.0,2872.679931640625,191916.0
2021-07-22,4078.0,2874.089599609375,98360.0
2021-07-23,4079.0,2874.794921875,36883.0
2021-07-26,4097.0,2887.48046875,151824.0
2021-07-27,4075.0,2871.9755859375,592100.0
2021-07-28,4050.0,2854.355712890625,32322.0
2021-07-29,4085.0,2879.02294921875,35702.0
2021-07-30,4042.0,2848.717529296875,41450.0
2021-08-02,4110.0,2896.64306640625,64420.0
2021-08-03,4082.0,2876.908935546875,6879.0
2021-08-04,4087.0,2880.432861328125,43459.0
2021-08-05,4080.0,2875.49951171875,148746.0
2021-08-06,4080.0,2875.49951171875,912.0
2021-08-09,4060.0,2861.40380859375,21800.0
2021-08-10,4021.0,2833.91748046875,152193.0
2021-08-11,4085.0,2879.02294921875,45582.0
2021-08-12,4139.0,2917.081298828125,77746.0
2021-08-13,4100.0,2889.59521484375,64599.0
2021-08-16,4100.0,2889.59521484375,0.0
2021-08-17,4198.0,2958.662841796875,484414.0
2021-08-18,4201.0,2960.777587890625,374832.0
2021-08-19,4170.0,2938.929443359375,108945.0
2021-08-20,4270.0,3009.407470703125,455399.0
2021-08-23,4320.0,3044.646240234375,120955.0
2021-08-24,4297.0,3028.436279296875,34060.0
2021-08-25,4370.0,3079.885498046875,83501.0
2021-08-26,4290.0,3023.50341796875,55373.0
2021-08-27,4250.0,2995.311279296875,81180.0
2021-08-30,4300.0,3030.55078125,49007.0
2021-08-31,4310.0,3037.5986328125,369665.0
2021-09-01,4250.0,2995.311279296875,31477.0
2021-09-02,4338.0,3057.331787109375,58188.0
2021-09-03,4334.0,3054.513427734375,5001.0
2021-09-06,4247.0,2993.197509765625,21160.0
2021-09-07,4250.0,2995.311279296875,41845.0
2021-09-08,4226.0,2978.396728515625,41784.0
2021-09-09,4241.0,2988.96875,112618.0
2021-09-10,4203.0,2962.1875,56305.0
2021-09-13,4203.0,2962.1875,6069.0
2021-09-14,4150.0,2924.834228515625,270838.0
2021-09-15,4172.0,2940.338623046875,419274.0
2021-09-16,4175.0,2942.45361328125,429920.0
2021-09-17,4260.0,3002.359130859375,918011.0
2021-09-20,4150.0,2924.834228515625,259497.0
2021-09-21,4155.0,2928.357666015625,164168.0
2021-09-22,4180.0,2945.977294921875,70367.0
2021-09-23,4290.0,3023.50341796875,142342.0
2021-09-24,4190.0,2953.025146484375,25946.0
2021-09-27,4259.0,3001.6552734375,80475.0
2021-09-28,4240.0,2988.263916015625,69529.0
2021-09-29,4226.0,2978.396728515625,117065.0
2021-09-30,4229.0,2980.511474609375,47741.0
2021-10-01,4231.0,2981.92138671875,16484.0
2021-10-04,4257.0,3000.24560546875,86123.0
2021-10-05,4295.0,3027.02685546875,77130.0
2021-10-06,4270.0,3009.407470703125,165560.0
2021-10-07,4325.0,3048.17041015625,157306.0
2021-10-08,4338.0,3057.331787109375,86159.0
2021-10-11,4410.0,3108.076171875,274235.0
2021-10-12,4380.0,3086.933349609375,21358.0
2021-10-13,4370.0,3079.885498046875,443175.0
2021-10-14,4380.0,3144.132568359375,528249.0
2021-10-15,4300.0,3086.705078125,210537.0
2021-10-18,4300.0,3086.705078125,0.0
2021-10-19,4300.0,3086.705078125,105982.0
2021-10-20,4330.0,3108.239990234375,95246.0
2021-10-21,4329.0,3107.5224609375,61065.0
2021-10-22,4312.0,3095.318603515625,76798.0
2021-10-25,4274.0,3068.040771484375,22585.0
2021-10-26,4290.0,3079.526123046875,76135.0
2021-10-27,4299.0,3085.98681640625,54362.0
2021-10-28,4289.0,3078.808837890625,126176.0
2021-10-29,4284.0,3075.219482421875,37217.0
2021-11-01,4284.0,3075.219482421875,0.0
2021-11-02,4230.0,3036.4560546875,188136.0
2021-11-03,4280.0,3072.348388671875,36661.0
2021-11-04,4280.0,3072.348388671875,43303.0
2021-11-05,4265.0,3061.5810546875,82224.0
2021-11-08,4300.0,3086.705078125,77964.0
2021-11-09,4300.0,3086.705078125,93497.0
2021-11-10,4255.0,3054.402099609375,3096010.0
2021-11-11,4245.0,3047.223388671875,145038.0
2021-11-12,4250.0,3050.81298828125,29388.0
2021-11-15,4250.0,3050.81298828125,0.0
2021-11-16,4240.0,3043.63427734375,80042.0
2021-11-17,4228.0,3035.020263671875,473980.0
2021-11-18,4259.0,3057.2734375,28707.0
2021-11-19,4120.0,2957.494140625,41310.0
2021-11-22,4100.0,2943.136962890625,111540.0
2021-11-23,4099.0,2942.419677734375,9203.0
2021-11-24,4110.0,2950.3154296875,47869.0
2021-11-25,4220.0,3029.27783203125,141298.0
2021-11-26,4150.0,2979.029052734375,106865.0
2021-11-29,4145.0,2975.4404296875,415187.0
2021-11-30,4051.0,2907.96337890625,267678.0
2021-12-01,4330.0,3108.239990234375,526071.0
2021-12-02,4362.0,3131.21044921875,221248.0
2021-12-03,4364.0,3132.646484375,212245.0
2021-12-06,4315.0,3097.472412109375,54463.0
2021-12-07,4275.0,3068.75927734375,30782.0
2021-12-08,4275.0,3068.75927734375,0.0
2021-12-09,4300.0,3086.705078125,51341.0
2021-12-10,4275.0,3068.75927734375,38676.0
2021-12-13,4289.0,3078.808837890625,42552.0
2021-12-14,4250.0,3050.81298828125,25566.0
2021-12-15,4251.0,3051.53125,17241.0
2021-12-16,4328.0,3106.804931640625,87848.0
2021-12-17,4160.0,2986.20751953125,188959.0
2021-12-20,4247.0,3048.6591796875,253324.0
2021-12-21,4160.0,2986.20751953125,31152.0
2021-12-22,4190.0,3007.742431640625,166678.0
2021-12-23,4249.0,3050.09521484375,9338.0
2021-12-24,4249.0,3050.09521484375,2700.0
2021-12-27,4240.0,3043.63427734375,29212.0
2021-12-28,4200.0,3014.921142578125,47427.0
2021-12-29,4257.0,3055.83740234375,13780.0
2021-12-30,4184.0,3003.435791015625,19143.0
2021-12-31,4184.0,3003.435791015625,0.0
2022-01-03,4218.0,3027.84228515625,18530.0
2022-01-04,4257.0,3055.83740234375,31766.0
2022-01-05,4270.0,3065.169677734375,18459.0
2022-01-06,4170.0,2993.3857421875,18212.0
2022-01-07,4150.0,2979.029052734375,137055.0
2022-01-10,4150.0,2979.029052734375,0.0
2022-01-11,4150.0,2979.029052734375,20510.0
2022-01-12,4220.0,3029.27783203125,185681.0
2022-01-13,4270.0,3065.169677734375,275099.0
2022-01-14,4153.0,3017.577392578125,393979.0
2022-01-17,4153.0,3017.577392578125,0.0
2022-01-18,4153.0,3017.577392578125,0.0
2022-01-19,4153.0,3017.577392578125,0.0
2022-01-20,4695.0,3411.395751953125,177397.0
2022-01-21,4502.0,3271.160888671875,593955.0
2022-01-24,4469.0,3247.183837890625,195781.0
2022-01-25,4439.0,3225.385498046875,91462.0
2022-01-26,4366.0,3172.343505859375,182258.0
2022-01-27,4322.0,3140.372802734375,209877.0
2022-01-28,4360.0,3167.9833984375,339164.0
2022-01-31,4387.0,3187.601806640625,130035.0
2022-02-01,4305.0,3128.020751953125,139683.0
2022-02-02,4252.0,3089.510986328125,206857.0
2022-02-03,4290.0,3117.121337890625,79576.0
2022-02-04,4260.0,3095.323486328125,325411.0
2022-02-07,4320.0,3138.919921875,140303.0
2022-02-08,4314.0,3134.559814453125,51288.0
2022-02-09,4277.0,3107.676025390625,140291.0
2022-02-10,4250.0,3088.05712890625,230953.0
2022-02-11,4272.0,3104.04296875,110636.0
2022-02-14,4220.0,3066.259521484375,115150.0
2022-02-15,4206.0,3056.087158203125,90790.0
2022-02-16,4200.0,3051.72802734375,140032.0
2022-02-17,4236.0,3077.884765625,122598.0
2022-02-18,4211.0,3059.719970703125,146254.0
2022-02-21,4189.0,3043.735107421875,55420.0
2022-02-22,4180.0,3037.1953125,197047.0
2022-02-23,4160.0,3022.66357421875,258804.0
2022-02-24,4140.0,3008.131591796875,380868.0
2022-02-25,4200.0,3051.72802734375,152864.0
2022-02-28,4180.0,3037.1953125,190403.0
2022-03-01,4166.0,3027.02294921875,134694.0
2022-03-02,4152.0,3016.850341796875,331223.0
2022-03-03,4150.0,3015.397705078125,211564.0
2022-03-04,4160.0,3022.66357421875,266092.0
2022-03-07,4225.0,3069.892578125,249275.0
2022-03-08,4257.0,3093.143798828125,309366.0
2022-03-09,4310.0,3131.6533203125,213581.0
2022-03-10,4300.0,3124.38720703125,992865662.0
2022-03-11,4300.0,3124.38720703125,231822.0
2022-03-14,4260.0,3095.323486328125,88112.0
2022-03-15,4388.0,3188.328857421875,157093.0
2022-03-16,4325.0,3142.552734375,1469035.0
2022-03-17,4310.0,3131.6533203125,58271.0
2022-03-18,4360.0,3167.9833984375,247735.0
2022-03-21,4360.0,3167.9833984375,0.0
2022-03-22,4326.0,3143.278564453125,43742.0
2022-03-23,4395.0,3193.414794921875,71427.0
2022-03-24,4378.0,3181.062255859375,1126436.0
2022-03-25,4395.0,3193.414794921875,269386.0
2022-03-28,4400.0,3197.048095703125,841628.0
2022-03-29,4400.0,3197.048095703125,252402.0
2022-03-30,4400.0,3197.048095703125,252402.0
2022-03-31,4360.0,3167.9833984375,25485.0
2022-04-01,4403.0,3199.227294921875,118029.0
2022-04-04,4403.0,3199.227294921875,0.0
2022-04-05,4400.0,3197.048095703125,133040.0
2022-04-06,4381.0,3183.24267578125,204758.0
2022-04-07,4366.0,3172.343505859375,111180.0
2022-04-08,4380.0,3182.5166015625,957423.0
2022-04-11,4380.0,3182.5166015625,26260.0
2022-04-12,4380.0,3182.5166015625,26260.0
2022-04-13,4365.0,3228.558837890625,58134.0
2022-04-14,4365.0,3228.558837890625,0.0
2022-04-15,4365.0,3228.558837890625,0.0
2022-04-18,4271.0,3159.0322265625,72856.0
2022-04-19,4300.0,3180.48193359375,310476.0
2022-04-20,4270.0,3158.292236328125,53558.0
2022-04-21,4261.0,3151.635986328125,735428.0
2022-04-22,4270.0,3158.292236328125,189214.0
2022-04-25,4290.0,3173.085205078125,424795.0
2022-04-26,4300.0,3180.48193359375,160526.0
2022-04-27,4290.0,3173.085205078125,170846.0
2022-04-28,4352.0,3218.94384765625,209098.0
2022-04-29,4352.0,3218.94384765625,209098.0
2022-05-02,4200.0,3106.517822265625,137986.0
2022-05-03,4161.0,3077.6708984375,193748.0
2022-05-04,4181.0,3092.464111328125,85136.0
2022-05-05,4190.0,3099.120361328125,84828.0
2022-05-06,4180.0,3091.724365234375,90264.0
2022-05-09,4219.0,3120.5703125,71322.0
2022-05-10,4200.0,3106.517822265625,127080.0
2022-05-11,4151.0,3070.27490234375,54860.0
2022-05-12,4168.0,3082.84814453125,213116.0
2022-05-13,4155.0,3073.23291015625,132918.0
2022-05-16,4209.0,3113.173828125,15902.0
2022-05-17,4190.0,3099.120361328125,110697.0
2022-05-18,4170.0,3084.327880859375,270920.0
2022-05-19,4160.0,3076.93115234375,153505.0
2022-05-20,4190.0,3099.120361328125,48040.0
2022-05-23,4225.0,3125.008544921875,80853.0
2022-05-24,4218.0,3119.830810546875,61551.0
2022-05-25,4150.0,3069.53466796875,109202.0
2022-05-26,4170.0,3084.327880859375,67362.0
2022-05-27,4200.0,3106.517822265625,70222.0
2022-05-30,4200.0,3106.517822265625,0.0
2022-05-31,4400.0,3254.446533203125,415947.0
2022-06-01,4300.0,3180.48193359375,61281.0
2022-06-02,4348.0,3215.98486328125,48413.0
2022-06-03,4262.0,3152.375,207695.0
2022-06-06,4250.0,3143.49951171875,109048.0
2022-06-07,4250.0,3143.49951171875,246390.0
2022-06-08,4220.0,3121.310302734375,180454.0
2022-06-09,4220.0,3121.310302734375,461233.0
2022-06-10,4218.0,3119.830810546875,128910.0
2022-06-13,4060.0,3002.966552734375,183116.0
2022-06-14,4100.0,3032.552490234375,132513.0
2022-06-15,4042.0,2989.653076171875,134325.0
2022-06-16,4023.0,2975.60009765625,97336.0
2022-06-17,4030.0,2980.77734375,154643.0
2022-06-20,4030.0,2980.77734375,0.0
2022-06-21,3830.0,2832.84814453125,434813.0
2022-06-22,3900.0,2884.623046875,256469.0
2022-06-23,3720.0,2751.486572265625,172170.0
2022-06-24,3761.0,2781.8125,140936.0
2022-06-27,3761.0,2781.8125,0.0
2022-06-28,3761.0,2781.8125,0.0
2022-06-29,3761.0,2781.8125,0.0
2022-06-30,3800.0,2810.658447265625,95224.0
2022-07-01,3970.0,2936.3984375,180108.0
2022-07-04,3970.0,2936.3984375,0.0
2022-07-05,3900.0,2884.623046875,172031.0
2022-07-06,3900.0,2884.623046875,172031.0
2022-07-07,3998.0,2957.1083984375,108812.0
2022-07-08,3935.0,2910.510986328125,68699.0
2022-07-11,3845.0,2843.9423828125,118609.0
2022-07-12,3881.0,2870.570068359375,131178.0
2022-07-13,3776.0,2849.6279296875,104464.0
2022-07-14,3700.0,2792.272705078125,122554.0
2022-07-15,3720.0,2807.3662109375,24769.0
2022-07-18,3730.0,2814.913330078125,125255.0
2022-07-19,3730.0,2814.913330078125,7684.0
2022-07-20,3730.0,2814.913330078125,0.0
2022-07-21,3738.0,2820.950439453125,89484.0
2022-07-22,3712.0,2801.329345703125,53240.0
2022-07-25,3818.0,2881.32373046875,126049.0
2022-07-26,3800.0,2867.739990234375,33882.0
2022-07-27,3700.0,2792.272705078125,107824.0
2022-07-28,3599.0,2716.051513671875,1926749.0
2022-07-29,3540.0,2671.526123046875,248464.0
2022-08-01,3480.0,2626.245849609375,165877.0
2022-08-02,3450.0,2603.606201171875,153763.0
2022-08-03,3481.0,2627.00048828125,95015.0
2022-08-04,3535.0,2667.752685546875,61274.0
2022-08-05,3534.0,2666.998046875,49875.0
2022-08-08,3595.0,2713.03271484375,904360.0
2022-08-09,3600.0,2716.806396484375,162677.0
2022-08-10,3582.0,2703.22216796875,609487.0
2022-08-11,3630.0,2739.4462890625,124561.0
2022-08-12,3583.0,2703.9765625,198827.0
2022-08-15,3583.0,2703.9765625,0.0
2022-08-16,3583.0,2703.9765625,0.0
2022-08-17,3549.0,2678.31787109375,611071.0
2022-08-18,3516.0,2653.4140625,728398.0
2022-08-19,3499.0,2640.584716796875,167341.0
2022-08-22,3475.0,2622.472412109375,42505.0
2022-08-23,3450.0,2603.606201171875,54779.0
2022-08-24,3340.0,2520.59228515625,103969.0
2022-08-25,3400.0,2565.872314453125,129869.0
2022-08-26,3450.0,2603.606201171875,18003.0
2022-08-29,3365.0,2539.458984375,88774.0
2022-08-30,3299.0,2489.651123046875,128377.0
2022-08-31,3298.0,2488.896484375,272374.0
2022-09-01,3275.0,2471.538818359375,30041.0
2022-09-02,3237.0,2442.861572265625,97497.0
2022-09-05,3250.0,2452.672119140625,104212.0
2022-09-06,3280.0,2475.312255859375,80455.0
2022-09-07,3300.0,2490.405517578125,58864.0
2022-09-08,3200.0,2414.93896484375,137690.0
2022-09-09,3187.0,2405.128173828125,35842.0
2022-09-12,3260.0,2460.21875,43664.0
2022-09-13,3280.0,2475.312255859375,51699.0
2022-09-14,3185.0,2403.61865234375,129306.0
2022-09-15,3187.0,2405.128173828125,167333.0
2022-09-16,2900.0,2188.53857421875,415306.0
2022-09-19,2940.0,2218.72509765625,195680.0
2022-09-20,2985.0,2252.685302734375,211462.0
2022-09-21,2973.0,2243.629150390625,269573.0
2022-09-22,2971.0,2242.11962890625,367096.0
2022-09-23,2959.0,2233.0634765625,57974.0
2022-09-26,2850.0,2150.80517578125,76110.0
2022-09-27,2890.0,2180.991455078125,54955.0
2022-09-28,2825.0,2131.938232421875,209848.0
2022-09-29,2818.0,2126.655517578125,343223.0
2022-09-30,2813.0,2122.88232421875,87787.0
2022-10-03,2812.0,2122.127685546875,165595.0
2022-10-04,2897.0,2186.274658203125,208451.0
2022-10-05,2945.0,2222.498291015625,79180.0
2022-10-06,2955.0,2230.044921875,18047.0
2022-10-07,2965.0,2237.59228515625,41383.0
2022-10-10,2954.0,2229.29052734375,24792.0
2022-10-11,2901.0,2189.293212890625,28493.0
2022-10-12,2980.0,2248.911865234375,107967.0
2022-10-13,2917.0,2259.9521484375,59009.0
2022-10-14,2902.0,2248.33056640625,61774.0
2022-10-17,2902.0,2248.33056640625,0.0
2022-10-18,2900.0,2246.781494140625,160783.0
2022-10-19,2852.0,2209.59326171875,137140.0
2022-10-20,2852.0,2209.59326171875,137140.0
2022-10-21,2787.0,2159.234130859375,314620.0
2022-10-24,2711.0,2100.353515625,72055.0
2022-10-25,2720.0,2107.32568359375,75808.0
2022-10-26,2702.0,2093.38037109375,135879.0
2022-10-27,2750.0,2130.568603515625,86563.0
2022-10-28,2750.0,2130.568603515625,146481.0
2022-10-31,2775.0,2149.9375,234979.0
2022-11-01,2868.0,2221.9892578125,303928.0
2022-11-02,2877.0,2228.9619140625,119112.0
2022-11-03,2900.0,2246.781494140625,84393.0
2022-11-04,2900.0,2246.781494140625,60489.0
2022-11-07,2900.0,2246.781494140625,0.0
2022-11-08,2850.0,2208.0439453125,96623.0
2022-11-09,2834.0,2195.647705078125,145186.0
2022-11-10,2949.0,2284.744140625,52208.0
2022-11-11,2880.0,2231.28662109375,50946.0
2022-11-14,2880.0,2231.28662109375,0.0
2022-11-15,3100.0,2401.731689453125,164112.0
2022-11-16,3050.0,2362.994140625,154654.0
2022-11-17,3049.0,2362.219482421875,69732.0
2022-11-18,3050.0,2362.994140625,76552.0
2022-11-21,3035.0,2351.37255859375,105861.0
2022-11-22,3035.0,2351.37255859375,105861.0
2022-11-23,3050.0,2362.994140625,386058539.0
2022-11-24,3050.0,2362.994140625,0.0
2022-11-25,3050.0,2362.994140625,0.0
2022-11-28,3077.0,2383.912353515625,103524.0
2022-11-29,3059.0,2369.967041015625,41033.0
2022-11-30,2925.0,2266.150390625,120509.0
2022-12-01,2910.0,2254.529052734375,757787.0
2022-12-02,2970.0,2301.013916015625,541599.0
2022-12-05,2920.0,2262.276611328125,17288.0
2022-12-06,2853.0,2210.367919921875,7229.0
2022-12-07,2801.0,2170.080810546875,66550.0
2022-12-08,2801.0,2170.080810546875,0.0
2022-12-09,2810.0,2177.05322265625,44940.0
2022-12-12,2802.0,2170.85546875,56087.0
2022-12-13,2808.0,2175.504150390625,57374.0
2022-12-14,2740.0,2122.821044921875,109251.0
2022-12-15,2691.0,2084.85791015625,135211.0
2022-12-16,2600.0,2014.355224609375,119223.0
2022-12-19,2540.0,1967.8707275390625,208841.0
2022-12-20,2550.0,1975.617919921875,123193.0
2022-12-21,2648.0,2051.543701171875,112741.0
2022-12-22,2636.0,2042.2462158203125,125066.0
2022-12-23,2670.0,2068.58837890625,28569.0
2022-12-26,2670.0,2068.58837890625,32582.0
2022-12-27,2769.0,2145.2890625,51275.0
2022-12-28,2730.0,2115.0732421875,34078.0
2022-12-29,2780.0,2153.81103515625,100665.0
2022-12-30,2780.0,2153.81103515625,0.0
2023-01-02,2780.0,2153.81103515625,29951.0
2023-01-03,2799.0,2168.53125,28911.0
2023-01-04,2790.0,2161.558349609375,54510.0
2023-01-05,2781.0,2154.5859375,48694.0
2023-01-06,2849.0,2207.268798828125,49165.0
2023-01-09,2849.0,2207.268798828125,0.0
2023-01-10,2900.0,2246.781494140625,74236.0
2023-01-11,2963.0,2295.590576171875,188824.0
2023-01-12,2988.0,2314.959228515625,68923.0
2023-01-13,2904.0,2309.591064453125,20742.0
2023-01-16,2882.0,2292.094482421875,20655.0
2023-01-17,2890.0,2298.456298828125,12849.0
2023-01-18,2900.0,2306.40966796875,75943.0
2023-01-19,2900.0,2306.40966796875,200745.0
2023-01-20,2902.0,2308.000244140625,81818.0
2023-01-23,2847.0,2264.25830078125,31843.0
2023-01-24,2768.0,2201.428466796875,112065.0
2023-01-25,2700.0,2147.346923828125,129197.0
2023-01-26,2615.0,2079.74560546875,111128.0
2023-01-27,2650.0,2107.581298828125,183604.0
2023-01-30,2612.0,2077.359619140625,173551.0
2023-01-31,2600.0,2067.8154296875,51716.0
2023-02-01,2535.0,2016.1201171875,58870.0
2023-02-02,2518.0,2002.6002197265625,264941.0
2023-02-03,2502.0,1989.8751220703125,113719.0
2023-02-06,2470.0,1964.42529296875,102046.0
2023-02-07,2494.0,1983.51220703125,85978.0
2023-02-08,2444.0,1943.746826171875,89033.0
2023-02-09,2380.0,1892.8465576171875,72617.0
2023-02-10,2350.0,1868.987060546875,58703.0
2023-02-13,2277.0,1810.9293212890625,117376.0
2023-02-14,2140.0,1701.971435546875,615451.0
2023-02-15,2090.0,1662.2056884765625,300065.0
2023-02-16,2145.0,1705.9478759765625,947299.0
2023-02-17,2168.0,1724.239990234375,166842.0
2023-02-20,2235.0,1777.5262451171875,76780.0
2023-02-21,2119.0,1685.2698974609375,428165.0
2023-02-22,2173.0,1728.2166748046875,168884.0
2023-02-23,2233.0,1775.9354248046875,403649.0
2023-02-24,2237.0,1779.1165771484375,61301.0
2023-02-27,2415.0,1920.6827392578125,777792.0
2023-02-28,2422.0,1926.2501220703125,244584.0
2023-03-01,2550.0,2028.0501708984375,112978.0
2023-03-02,2510.0,1996.2373046875,36034.0
2023-03-03,2629.0,2090.87939453125,614219.0
2023-03-06,2688.0,2137.80322265625,137316.0
2023-03-07,2680.0,2131.440673828125,189079.0
2023-03-08,2600.0,2067.8154296875,186258.0
2023-03-09,2500.0,1988.2843017578125,122545.0
2023-03-10,2450.0,1948.518310546875,98067.0
2023-03-13,2420.0,1924.6591796875,111130.0
2023-03-14,2555.0,2032.02685546875,82310.0
2023-03-15,2700.0,2147.346923828125,835907.0
2023-03-16,2870.0,2282.5498046875,2808407.0
2023-03-17,2848.0,2265.053466796875,678465.0
2023-03-20,2848.0,2265.053466796875,0.0
2023-03-21,2800.0,2226.87841796875,69033.0
2023-03-22,2730.0,2171.206298828125,56824.0
2023-03-23,2790.0,2218.925048828125,40386.0
2023-03-24,2750.0,2187.11328125,2136811.0
2023-03-27,2800.0,2226.87841796875,246634.0
2023-03-28,2813.0,2237.2177734375,442091.0
2023-03-29,2850.0,2266.643798828125,142922.0
2023-03-30,2859.0,2273.8017578125,140681.0
2023-03-31,2900.0,2306.40966796875,162355.0
2023-04-03,2950.0,2346.17529296875,131574.0
2023-04-04,2920.0,2322.316162109375,48162.0
2023-04-05,3050.0,2425.706787109375,172385.0
2023-04-06,3050.0,2425.706787109375,0.0
2023-04-07,3050.0,2425.706787109375,0.0
2023-04-10,3095.0,2461.49560546875,169997.0
2023-04-11,3117.0,2478.993408203125,857380.0
2023-04-12,3090.0,2457.519287109375,76726.0
2023-04-13,3088.0,2455.928466796875,124938.0
2023-04-14,3077.0,2504.56298828125,0.0
2023-04-17,2971.0,2418.282958984375,171116.0
2023-04-18,2970.0,2417.46875,80796.0
2023-04-19,3044.0,2477.701904296875,236076.0
2023-04-20,3018.080078125,2456.604248046875,6339.0
2023-04-21,2990.0,2433.748046875,330218.0
2023-04-24,2960.0,2409.32958984375,80564.0
2023-04-25,2950.0,2401.189697265625,58330.0
2023-04-26,2970.0,2417.46875,94307.0
2023-04-27,2820.0,2295.374755859375,33622.0
2023-04-28,2920.0,2376.770751953125,144976.0
2023-05-01,2920.0,2376.770751953125,0.0
2023-05-02,2900.0,2360.49169921875,121538.0
2023-05-03,2899.0,2359.677490234375,130867.0
2023-05-04,2870.0,2336.07275390625,107467.0
2023-05-05,2805.0,2283.165283203125,39376.0
2023-05-08,2808.0,2285.60693359375,41297.0
2023-05-09,2700.0,2197.698974609375,54521.0
2023-05-10,2743.39990234375,2233.024658203125,2261.0
2023-05-11,2666.0,2170.02392578125,52085.0
2023-05-12,2700.0,2197.698974609375,124461.0
2023-05-15,2754.800048828125,2242.304443359375,3841.0
2023-05-16,2675.929931640625,2178.1064453125,4153.0
2023-05-17,2695.0,2193.629150390625,25814.0
2023-05-18,2700.0,2197.698974609375,42389.0
2023-05-19,2700.0,2197.698974609375,26867.0
2023-05-22,2700.0,2197.698974609375,0.0
2023-05-23,2728.0,2220.489990234375,14736.0
2023-05-24,2587.0,2105.72119140625,27691.0
2023-05-25,2600.0,2116.302490234375,11846.0
2023-05-26,2599.0,2115.488525390625,32704.0
2023-05-29,2607.489990234375,2122.3994140625,4837.0
2023-05-30,2601.0,2117.117431640625,33679.0
2023-05-31,2700.0,2197.698974609375,382727.0
2023-06-01,2690.0,2189.5595703125,113625.0
2023-06-02,2840.0,2311.654052734375,469191.0
2023-06-05,2800.0,2279.09521484375,69281.0
2023-06-06,2840.0,2311.654052734375,419961.0
2023-06-07,2780.0,2262.816162109375,414824.0
2023-06-08,2775.0,2258.746337890625,47867.0
2023-06-13,2881.0,2345.026611328125,102227.0
2023-06-14,2800.0,2279.09521484375,50415.0
2023-06-15,2860.0,2327.933349609375,48336.0
2023-06-16,2740.0,2230.257568359375,39761.0
2023-06-19,2740.0,2230.257568359375,0.0
2023-06-20,2747.0,2235.95556640625,151399.0
2023-06-21,2735.0,2226.187744140625,28878.0
2023-06-22,2740.0,2230.257568359375,33565.0
2023-06-23,2685.0,2185.48974609375,6942.0
2023-06-26,2692.7900390625,2191.830322265625,7898.0
2023-06-27,2680.0,2181.419921875,86549.0
2023-06-28,2700.0,2197.698974609375,28577.0
2023-06-29,2680.0,2181.419921875,9595.0
2023-06-30,2680.0,2181.419921875,61963.0
2023-07-03,2680.0,2181.419921875,0.0
2023-07-04,2660.0,2165.140625,28642.0
2023-07-05,2687.0,2187.117431640625,65022.0
2023-07-06,2690.0,2189.5595703125,31055.0
2023-07-07,2680.0,2181.419921875,71193.0
2023-07-10,2700.0,2197.698974609375,48618.0
2023-07-11,2728.0,2220.489990234375,244429.0
2023-07-12,2758.0,2244.90869140625,162697.0
2023-07-13,2740.0,2288.975830078125,172335.0
2023-07-14,2720.0,2272.267822265625,32893.0
2023-07-17,2680.0,2238.852294921875,62755.0
2023-07-18,2652.0,2215.461181640625,51881.0
2023-07-19,2680.0,2238.852294921875,195784.0
2023-07-20,2680.0,2238.852294921875,0.0
2023-07-21,2700.0,2255.56005859375,104471.0
2023-07-24,2680.0,2238.852294921875,54919.0
2023-07-25,2650.0,2213.79052734375,31492.0
2023-07-26,2620.0,2188.728759765625,107190.0
2023-07-27,2650.0,2213.79052734375,80395.0
2023-07-28,2650.0,2213.79052734375,4348.0
2023-07-31,2650.0,2213.79052734375,0.0
2023-08-01,2640.0,2205.436767578125,26653.0
2023-08-02,2592.22998046875,2165.52978515625,128756.0
2023-08-03,2600.0,2172.0205078125,112597.0
2023-08-04,2600.0,2172.0205078125,0.0
2023-08-07,2600.0,2172.0205078125,0.0
2023-08-08,2560.0,2138.605224609375,51675.0
2023-08-09,2585.0,2159.489501953125,249361.0
2023-08-10,2510.0,2096.83544921875,91090.0
2023-08-11,2585.0,2159.489501953125,320070719.0
2023-08-14,2550.0,2130.251220703125,27505.0
2023-08-15,2549.0,2129.415771484375,44609.0
2023-08-16,2600.0,2172.0205078125,47109.0
2023-08-17,2550.0,2130.251220703125,37970.0
2023-08-18,2510.0,2096.83544921875,60734.0
2023-08-21,2510.0,2096.83544921875,0.0
2023-08-22,2580.0,2155.3134765625,55249.0
2023-08-23,2503.0,2090.98779296875,78981.0
2023-08-24,2500.0,2088.48095703125,36277.0
2023-08-25,2550.0,2130.251220703125,54457.0
2023-08-28,2520.0,2105.189697265625,21640.0
2023-08-29,2485.0,2075.950439453125,511259.0
2023-08-30,2482.0,2073.444580078125,151276.0
2023-08-31,2450.0,2046.711669921875,460100.0
2023-09-01,2450.0,2046.711669921875,127853.0
2023-09-04,2332.0,1948.135498046875,127321.0
2023-09-05,2370.0,1979.8804931640625,104813.0
2023-09-06,2316.0,1934.76953125,149773.0
2023-09-07,2240.0,1871.279296875,199065.0
2023-09-08,2230.0,1862.9256591796875,105333.0
2023-09-11,2250.0,1879.6336669921875,92974.0
2023-09-12,2330.0,1946.46484375,104052.0
2023-09-13,2290.0,1913.049072265625,45852.0
2023-09-14,2200.0,1837.86376953125,76742.0
2023-09-15,2210.0,1846.218017578125,783828.0
2023-09-18,2307.0,1927.250732421875,83830.0
2023-09-19,2370.0,1979.8804931640625,242941.0
2023-09-20,2355.0,1967.3497314453125,117554.0
2023-09-21,2300.0,1921.40283203125,95798.0
2023-09-22,2324.43994140625,1941.8197021484375,14234.0
2023-09-25,2300.0,1921.40283203125,99599.0
2023-09-26,2480.0,2071.774169921875,111266.0
2023-09-27,2539.0,2121.061767578125,305085.0
2023-09-28,2600.0,2172.0205078125,215516.0
2023-09-29,2579.0,2154.4775390625,299453.0
2023-10-02,2500.0,2088.48095703125,136753.0
2023-10-03,2481.0,2072.609130859375,54279.0
2023-10-04,2401.0,2005.77783203125,126324.0
2023-10-05,2400.0,2004.9423828125,245162.0
2023-10-06,2396.0,2001.6004638671875,125173.0
2023-10-09,2400.0,2004.9423828125,171753.0
2023-10-10,2399.0,2004.1068115234375,426180.0
2023-10-11,2400.0,2004.9423828125,226018.0
2023-10-12,2340.0,2014.1954345703125,263919.0
2023-10-13,2400.0,2065.841796875,42071.0
2023-10-16,2400.0,2065.841796875,0.0
2023-10-17,2430.0,2091.66455078125,861603.0
2023-10-18,2500.0,2151.917724609375,203125.0
2023-10-19,2511.0,2161.386962890625,257452.0
2023-10-20,2570.0,2212.171630859375,523266.0
2023-10-23,2510.0,2160.52587890625,113991.0
2023-10-24,2522.0,2170.855224609375,29450.0
2023-10-25,2480.0,2134.702880859375,37828.0
2023-10-26,2400.0,2065.841796875,92407.0
2023-10-27,2404.0,2069.28466796875,88136.0
2023-10-30,2396.0,2062.398681640625,112962.0
2023-10-31,2428.409912109375,2090.295654296875,8620.0
2023-11-01,2380.0,2048.625732421875,151646.0
2023-11-02,2423.0,2085.639404296875,25523.0
2023-11-03,2355.0,2027.107177734375,22827.0
2023-11-06,2355.0,2027.107177734375,0.0
2023-11-07,2387.0,2054.6513671875,56228.0
2023-11-08,2380.0,2048.625732421875,30558.0
2023-11-09,2410.0,2074.448974609375,57946.0
2023-11-10,2450.0,2108.879638671875,86449.0
2023-11-13,2450.0,2108.879638671875,0.0
2023-11-14,2450.0,2108.879638671875,37713.0
2023-11-15,2380.0,2048.625732421875,120809.0
2023-11-16,2445.0,2104.576416015625,59807.0
2023-11-17,2465.0,2121.791748046875,338030.0
2023-11-20,2460.0,2117.4873046875,83496.0
2023-11-21,2450.0,2108.879638671875,257695.0
2023-11-22,2450.0,2108.879638671875,226432.0
2023-11-23,2465.0,2121.791748046875,77620.0
2023-11-24,2500.0,2151.917724609375,471498.0
2023-11-27,2495.0,2147.614501953125,72330.0
2023-11-28,2445.0,2104.576416015625,77970.0
2023-11-29,2460.0,2117.4873046875,71059.0
2023-11-30,2400.0,2065.841796875,2056271.0
2023-12-01,2440.0,2100.2724609375,81621.0
2023-12-04,2455.0,2113.183349609375,127784.0
2023-12-05,2475.0,2130.399169921875,150678.0
2023-12-06,2445.0,2104.576416015625,78868.0
2023-12-07,2445.0,2104.576416015625,59847.0
2023-12-08,2445.0,2104.576416015625,0.0
2023-12-11,2470.0,2126.09521484375,113570.0
2023-12-12,2510.0,2160.52587890625,349674.0
2023-12-13,2730.0,2349.894775390625,965107.0
2023-12-14,2710.0,2332.679443359375,822843.0
2023-12-15,2735.0,2354.1982421875,219113.0
2023-12-18,2720.0,2341.287109375,270199.0
2023-12-19,2815.0,2423.059814453125,591701.0
2023-12-20,2865.0,2466.09814453125,1105754.0
2023-12-21,2790.0,2401.541015625,327634.0
2023-12-22,2930.0,2522.0478515625,691341.0
2023-12-25,2930.0,2522.0478515625,0.0
2023-12-26,2960.0,2547.871337890625,204720.0
2023-12-27,2965.0,2552.17529296875,387833.0
2023-12-28,2960.0,2547.871337890625,384268.0
2023-12-29,2960.0,2547.871337890625,0.0
2024-01-01,2960.0,2547.871337890625,0.0
2024-01-02,3045.0,2621.036376953125,199932.0
2024-01-03,3100.0,2668.378662109375,550471.0
2024-01-04,3155.0,2715.720703125,473049.0
2024-01-05,3140.0,2702.809326171875,859356.0
2024-01-08,3140.0,2702.809326171875,0.0
2024-01-09,3150.0,2711.417236328125,934033.0
2024-01-10,3150.0,2711.417236328125,275877.0
2024-01-11,3135.0,2698.505615234375,822312.0
2024-01-12,3140.0,2765.21435546875,315311.0
2024-01-15,3160.0,2782.8271484375,232454.0
2024-01-16,3245.0,2857.681884765625,279868.0
2024-01-17,3260.0,2870.89111328125,1120495.0
2024-01-18,3300.0,2906.11669921875,332514.0
2024-01-19,3230.0,2844.47216796875,328089.0
2024-01-22,3230.0,2844.47216796875,0.0
2024-01-23,3320.0,2923.729736328125,268563.0
2024-01-24,3320.0,2923.729736328125,0.0
2024-01-25,3320.0,2923.729736328125,0.0
2024-01-26,3320.0,2923.729736328125,0.0
2024-01-29,3290.0,2897.310302734375,385906.0
2024-01-30,3330.0,2932.536376953125,195598.0
2024-01-31,3315.0,2919.326416015625,139997.0
2024-02-01,3190.0,2809.246337890625,416908.0
2024-02-02,3210.0,2826.859130859375,270846.0
2024-02-05,3205.0,2822.4560546875,98182.0
2024-02-06,3205.0,2822.4560546875,204555.0
2024-02-07,3250.0,2862.08447265625,338277.0
2024-02-08,3250.0,2862.08447265625,91690.0
2024-02-09,3240.0,2853.27880859375,104881.0
2024-02-12,3160.0,2782.8271484375,50189.0
2024-02-13,3090.0,2721.18212890625,274859.0
2024-02-14,3085.0,2716.779296875,35646.0
2024-02-15,3135.0,2760.81103515625,191438.0
2024-02-16,3200.0,2818.052978515625,368191.0
2024-02-19,3200.0,2818.052978515625,89312.0
2024-02-20,3360.0,2958.955322265625,914519.0
2024-02-21,3450.0,3038.213134765625,460876.0
2024-02-22,3470.0,3055.826416015625,503339.0
2024-02-23,3605.0,3174.71240234375,605710.0
2024-02-26,3830.0,3372.857177734375,1125804.0
2024-02-27,3680.0,3240.7607421875,595622.0
2024-02-28,3620.0,3187.922119140625,759255.0
2024-02-29,3750.0,3302.405517578125,4398918.0
2024-03-01,3730.0,3284.79248046875,1395947.0
2024-03-04,3820.0,3364.050537109375,515293.0
2024-03-05,3850.0,3390.4697265625,327091.0
2024-03-06,3865.0,3403.67919921875,401568.0
2024-03-07,3900.0,3434.502197265625,217631.0
2024-03-08,3925.0,3456.517822265625,221878.0
2024-03-11,3900.0,3434.502197265625,153741.0
2024-03-12,3900.0,3434.502197265625,191639.0
2024-03-13,3880.0,3416.888671875,122083.0
2024-03-14,3835.0,3377.260009765625,165578.0
2024-03-15,3500.0,3082.2451171875,3558941.0
2024-03-18,3720.0,3275.986328125,563291.0
2024-03-19,3820.0,3364.050537109375,745085.0
2024-03-20,3810.0,3355.244140625,275103.0
2024-03-21,3880.0,3416.888671875,251036.0
2024-03-22,3915.0,3447.711181640625,236674.0
2024-03-25,3915.0,3447.711181640625,0.0
2024-03-26,3860.0,3399.2763671875,350392.0
2024-03-27,3935.0,3465.324462890625,348771.0
2024-03-28,3935.0,3465.324462890625,0.0
2024-03-29,3935.0,3465.324462890625,0.0
2024-04-01,3950.0,3478.5341796875,275013.0
2024-04-02,4000.0,3522.56591796875,1668049.0
2024-04-03,4050.0,3566.59814453125,564491.0
2024-04-04,4150.0,3654.662109375,852961.0
2024-04-05,4205.0,3703.09716796875,375421.0
2024-04-08,4230.0,3725.113037109375,247282.0
2024-04-09,4290.0,3777.95166015625,846842.0
2024-04-10,4250.0,3742.72607421875,518003.0
2024-04-11,4300.0,3786.7578125,2164093.0
2024-04-12,4280.0,3769.145751953125,225625.0
2024-04-15,4240.0,3733.919677734375,540385.0
2024-04-16,4160.0,3663.468505859375,546834.0
2024-04-17,4050.0,3566.59814453125,393891.0
2024-04-18,3995.0,3518.16259765625,335689.0
2024-04-19,4080.0,3664.09814453125,329979.0
2024-04-22,4015.0,3605.723876953125,200425.0
2024-04-23,4150.0,3726.96240234375,172414.0
2024-04-24,4070.0,3655.1171875,70932.0
2024-04-25,4140.0,3717.981689453125,175717.0
2024-04-26,4190.0,3762.88525390625,599038.0
2024-04-29,4150.0,3726.96240234375,276310.0
2024-04-30,4125.0,3704.510986328125,108703.0
2024-05-02,4160.0,3735.94287109375,237313.0
2024-05-03,3820.0,3430.601318359375,515293.0
2024-05-06,4190.0,3762.88525390625,92607.0
2024-05-07,4180.0,3753.904296875,195483.0
2024-05-08,4190.0,3762.88525390625,195215.0
2024-05-09,4205.0,3776.35546875,394389.0
2024-05-10,4205.0,3776.35546875,246003.0
2024-05-14,4290.0,3852.691162109375,352342.0
2024-05-15,4310.0,3870.65234375,469256.0
2024-05-16,4370.0,3924.5361328125,225460.0
2024-05-17,4350.0,3906.5751953125,294376.0
2024-05-20,4380.0,3933.5166015625,298398.0
2024-05-21,4375.0,3929.0263671875,265221.0
2024-05-22,4390.0,3942.49755859375,273564.0
2024-05-23,4390.0,3942.49755859375,0.0
2024-05-24,4375.0,3929.0263671875,130525.0
2024-05-27,4370.0,3924.5361328125,106058.0
2024-05-28,4370.0,3924.5361328125,171247.0
2024-05-29,4370.0,3924.5361328125,215983.0
2024-05-30,4380.0,3933.5166015625,295091.0
2024-05-31,4300.0,3861.671630859375,856227.0
2024-06-04,4305.0,3866.162109375,533172.0
2024-06-05,4265.0,3830.23974609375,472715.0
2024-06-06,4180.0,3753.904296875,488687.0
2024-06-07,4150.0,3726.96240234375,279949.0
2024-06-11,4150.0,3726.96240234375,137522.0
2024-06-12,4070.0,3655.1171875,408089.0
2024-06-13,4050.0,3637.156005859375,157841.0
2024-06-14,4115.0,3695.5302734375,273521.0
2024-06-17,4020.0,3610.21435546875,178166.0
2024-06-18,4050.0,3637.156005859375,160301.0
2024-06-19,4090.0,3673.07861328125,76045.0
2024-06-20,4045.0,3632.665771484375,136487.0
2024-06-21,4100.0,3682.058837890625,350075.0
2024-06-24,4120.0,3700.020751953125,144111.0
2024-06-25,4145.0,3722.471923828125,60224.0
2024-06-26,4060.0,3646.136474609375,200137.0
2024-06-27,4060.0,3646.136474609375,148878.0
2024-06-28,4100.0,3682.058837890625,52081.0
2024-07-02,4035.0,3623.684814453125,148569.0
2024-07-03,4100.0,3682.058837890625,132394.0
2024-07-04,4100.0,3682.058837890625,68856.0
2024-07-05,4120.0,3700.020751953125,98414.0
2024-07-08,4165.0,3740.43359375,152214.0
2024-07-09,4175.0,3749.4140625,142411.0
2024-07-10,4170.0,3744.923583984375,110615.0
2024-07-11,4270.0,3834.72998046875,228470.0
2024-07-12,4320.0,3879.633056640625,209792.0
2024-07-15,4265.0,3830.23974609375,176510.0
2024-07-16,4235.0,3803.2978515625,158293.0
2024-07-17,4140.0,3717.981689453125,161076.0
2024-07-18,4220.0,3789.826416015625,151053.0
2024-07-19,4185.0,3828.70849609375,111058.0
2024-07-22,4195.0,3837.85693359375,99340.0
2024-07-23,4080.0,3732.647705078125,101454.0
2024-07-24,4100.0,3750.945068359375,21856.0
2024-07-25,4095.0,3746.370849609375,9235.0
2024-07-26,4020.0,3677.755859375,55793.0
2024-07-29,4000.0,3659.45849609375,683862.0
2024-07-30,3960.0,3622.86376953125,524535.0
2024-07-31,3960.0,3622.86376953125,430790.0
2024-08-01,4000.0,3659.45849609375,134450.0
2024-08-02,3980.0,3641.1611328125,42030.0
2024-08-05,3870.0,3540.52587890625,64816.0
2024-08-06,3920.0,3586.26953125,125128.0
2024-08-07,4050.0,3705.20166015625,129162.0
2024-08-08,4050.0,3705.20166015625,129162.0
2024-08-09,4140.0,3787.53955078125,197573.0
2024-08-12,4130.0,3778.390869140625,237535.0
2024-08-13,4160.0,3805.8369140625,167708.0
2024-08-14,4210.0,3851.580078125,200562.0
2024-08-15,4200.0,3842.431396484375,159425.0
2024-08-16,4200.0,3842.431396484375,119381.0
2024-08-20,4185.0,3828.70849609375,90713.0
2024-08-21,4180.0,3824.134033203125,77070.0
2024-08-22,4130.0,3778.390869140625,473955.0
2024-08-23,4000.0,3659.45849609375,129162.0
2024-08-26,4100.0,3750.945068359375,86556.0
2024-08-27,4070.0,3723.4990234375,94933.0
2024-08-28,4070.0,3723.4990234375,90891.0
2024-08-29,4020.0,3677.755859375,67276.0
2024-08-30,4050.0,3705.20166015625,212349.0
2024-09-02,4005.0,3664.032470703125,74777.0
2024-09-03,4025.0,3682.329833984375,116775.0
2024-09-04,3960.0,3622.86376953125,209417.0
2024-09-05,4000.0,3659.45849609375,190614.0
2024-09-06,4000.0,3659.45849609375,159259.0
2024-09-09,3915.0,3581.695068359375,105849.0
2024-09-10,3920.0,3586.26953125,103872.0
2024-09-11,3920.0,3586.26953125,84144.0
2024-09-12,3955.0,3618.28955078125,143462.0
2024-09-13,3920.0,3586.26953125,289821.0
2024-09-16,3890.0,3558.823486328125,140218.0
2024-09-17,3885.0,3554.2490234375,126460.0
2024-09-18,3850.0,3522.228759765625,119911.0
2024-09-19,3845.0,3517.654296875,470074.0
2024-09-20,3980.0,3641.1611328125,3518634.0
2024-09-23,3950.0,3613.71533203125,94593.0
2024-09-24,3950.0,3613.71533203125,97303.0
2024-09-25,3945.0,3609.140625,86365.0
2024-09-26,3950.0,3613.71533203125,62494.0
2024-09-27,3900.0,3567.97216796875,144818.0
2024-09-30,3915.0,3581.695068359375,114757.0
2024-10-01,3960.0,3622.86376953125,95603.0
2024-10-02,3950.0,3613.71533203125,71968.0
2024-10-03,3950.0,3613.71533203125,141102.0
2024-10-04,3940.0,3604.566650390625,93844.0
2024-10-07,3920.0,3586.26953125,88847.0
2024-10-08,3960.0,3622.86376953125,85793.0
2024-10-09,3995.0,3654.88427734375,59900.0
2024-10-10,3965.0,3627.4384765625,75984.0
2024-10-11,3985.0,3645.7353515625,93609.0
2024-10-15,3950.0,3613.71533203125,100601.0
2024-10-16,3980.0,3641.1611328125,216022.0
2024-10-17,4000.0,3659.45849609375,174965.0
2024-10-18,3965.0,3699.108154296875,145416.0
2024-10-21,3915.0,3652.461669921875,47393.0
2024-10-22,3825.0,3568.4970703125,139705.0
2024-10-23,3785.0,3531.17919921875,119585.0
2024-10-24,3785.0,3531.17919921875,12224.0
2024-10-25,3810.0,3554.50244140625,31955.0
2024-10-28,3850.0,3591.8203125,36200.0
2024-10-29,3780.0,3526.514404296875,38554.0
2024-10-30,3785.0,3531.17919921875,259642.0
2024-10-31,3780.0,3526.514404296875,143943.0
2024-11-01,3750.0,3498.5263671875,51383.0
2024-11-05,3795.0,3540.5087890625,95851.0
2024-11-06,3725.0,3475.202880859375,170937.0
2024-11-07,3740.0,3489.197021484375,170044.0
2024-11-08,3715.0,3465.873291015625,117613.0
2024-11-12,3660.0,3414.56201171875,126963.0
2024-11-13,3635.0,3391.238037109375,110756.0
2024-11-14,3605.0,3363.25,129139.0
2024-11-15,3565.0,3325.9326171875,165633.0
2024-11-18,3565.0,3325.9326171875,315526.0
2024-11-19,3605.0,3363.25,465640.0
2024-11-20,3620.0,3377.244140625,313613.0
2024-11-21,3645.0,3400.567626953125,235716.0
2024-11-22,3645.0,3400.567626953125,350704.0
2024-11-25,3500.0,3265.291259765625,3120378.0
2024-11-26,3585.0,3344.591064453125,821207.0
2024-11-27,3580.0,3339.92626953125,171075.0
2024-11-28,3590.0,3349.256103515625,264591.0
2024-11-29,3590.0,3349.256103515625,327243.0
2024-12-02,3550.0,3311.9384765625,369136.0
2024-12-03,3505.0,3269.9560546875,262731.0
2024-12-04,3505.0,3269.9560546875,466144.0
2024-12-05,3520.0,3283.9501953125,156726.0
2024-12-06,3520.0,3283.9501953125,111610.0
2024-12-09,3510.0,3274.62060546875,160469.0
2024-12-10,3475.0,3241.9677734375,247406.0
2024-12-11,3490.0,3255.961669921875,114322.0
2024-12-12,3500.0,3265.291259765625,87332.0
2024-12-13,3505.0,3269.9560546875,275302.0
2024-12-16,3505.0,3269.9560546875,104672.0
2024-12-17,3500.0,3265.291259765625,98245.0
2024-12-18,3500.0,3265.291259765625,193178.0
2024-12-19,3525.0,3288.61474609375,259271.0
2024-12-20,3520.0,3283.9501953125,255196.0
2024-12-23,3570.0,3330.59716796875,209501.0
2024-12-24,3620.0,3377.244140625,121032.0
2024-12-25,3620.0,3377.244140625,0.0
2024-12-26,3665.0,3419.2265625,142021.0
2024-12-27,3685.0,3437.88525390625,142174.0
2024-12-30,3680.0,3433.220703125,219306.0
2024-12-31,3680.0,3433.220703125,0.0
2025-01-02,3730.0,3479.867431640625,124091.0
2025-01-03,3730.0,3479.867431640625,156136.0
2025-01-07,3740.0,3489.197021484375,327845.0
2025-01-08,3730.0,3479.867431640625,223630.0
2025-01-09,3750.0,3498.5263671875,98769.0
2025-01-10,3765.0,3512.520263671875,134759.0
2025-01-13,3815.0,3559.167724609375,305846.0
2025-01-14,3805.0,3549.838134765625,77905.0
2025-01-15,3775.0,3521.849853515625,138065.0
2025-01-16,3750.0,3498.5263671875,178746.0
2025-01-17,3680.0,3505.671142578125,77962.0
2025-01-20,3675.0,3500.907958984375,822393.0
2025-01-21,3675.0,3500.907958984375,0.0
2025-01-22,3675.0,3500.907958984375,172207.0
2025-01-23,3675.0,3500.907958984375,41539.0
2025-01-24,3660.0,3486.618408203125,230456.0
2025-01-27,3640.0,3467.56591796875,164854.0
2025-01-28,3625.0,3453.276611328125,242021.0
2025-01-29,3625.0,3453.276611328125,420408.0
2025-01-30,3720.0,3543.776123046875,1745975.0
2025-01-31,3720.0,3543.776123046875,343411.0
2025-02-03,3710.0,3534.249755859375,235852.0
2025-02-04,3695.0,3519.96044921875,368690.0
2025-02-05,3680.0,3505.671142578125,748441.0
2025-02-06,3690.0,3515.197265625,251762.0
2025-02-07,3680.0,3505.671142578125,130916.0
2025-02-10,3655.0,3481.855224609375,342249.0
2025-02-11,3680.0,3505.671142578125,347695.0
2025-02-12,3675.0,3500.907958984375,137936.0
2025-02-13,3670.0,3496.144775390625,98912.0
2025-02-14,3650.0,3477.092041015625,44048.0
2025-02-17,3700.0,3524.7236328125,162442.0
2025-02-18,3680.0,3505.671142578125,226237.0
2025-02-19,3680.0,3505.671142578125,137934.0
2025-02-20,3750.0,3572.354736328125,1820094.0
2025-02-21,3730.0,3553.302490234375,403305.0
2025-02-24,3790.0,3610.4599609375,2022633.0
2025-02-25,3790.0,3610.4599609375,1084929.0
2025-02-26,3735.0,3558.065673828125,744646.0
2025-02-27,3730.0,3553.302490234375,319357.0
2025-02-28,3700.0,3524.7236328125,265355.0
2025-03-03,3690.0,3515.197265625,306419.0
2025-03-04,3725.0,3548.5390625,316477.0
2025-03-05,3730.0,3553.302490234375,461001.0
2025-03-06,3730.0,3553.302490234375,405306.0
2025-03-07,3760.0,3581.88134765625,643821.0
2025-03-10,3735.0,3558.065673828125,254229.0
2025-03-11,3700.0,3524.7236328125,352202.0
2025-03-12,3765.0,3586.64453125,199648.0
2025-03-13,3770.0,3591.407470703125,107557.0
2025-03-14,3800.0,3619.986572265625,285226.0
2025-03-17,3890.0,3705.722900390625,461472.0
2025-03-18,3885.0,3700.9599609375,162003.0
2025-03-19,3880.0,3696.19677734375,179741.0
2025-03-20,3850.0,3667.61767578125,123995.0
2025-03-21,3850.0,3667.61767578125,0.0
2025-03-24,3850.0,3667.61767578125,0.0
2025-03-25,3895.0,3710.486083984375,290088.0
2025-03-26,3885.0,3700.9599609375,182272.0
2025-03-27,3900.0,3715.249267578125,508837.0
2025-03-28,3940.0,3753.3544921875,303169.0
2025-03-31,3940.0,3753.3544921875,516271.0
2025-04-01,3985.0,3796.22265625,298533.0
2025-04-02,4020.0,3829.564697265625,1027915.0
2025-04-03,4005.0,3815.275146484375,343241.0
2025-04-04,4015.0,3824.801513671875,708478.0
2025-04-07,4030.0,3839.0908203125,402136.0
2025-04-08,4030.0,3839.0908203125,541019.0
2025-04-09,4070.0,3877.196044921875,296812.0
2025-04-10,3985.0,3796.22265625,305734.0
2025-04-11,3950.0,3762.880615234375,181050.0
2025-04-14,4030.0,3839.0908203125,130880.0
2025-04-15,4005.0,3815.275146484375,283518.0
2025-04-16,4000.0,3859.6611328125,107056.0
2025-04-17,4000.0,3859.6611328125,0.0
2025-04-18,4000.0,3859.6611328125,0.0
2025-04-21,4000.0,3859.6611328125,122654.0
2025-04-22,3955.0,3816.239990234375,134007.0
2025-04-23,3915.0,3777.643310546875,669191.0
2025-04-24,3890.0,3753.520263671875,240531.0
2025-04-25,3890.0,3753.520263671875,241777.0
2025-04-28,3890.0,3753.520263671875,114101.0
2025-04-29,3920.0,3782.468017578125,247543.0
2025-04-30,4020.0,3878.959716796875,131932.0
2025-05-01,4020.0,3878.959716796875,0.0
2025-05-02,4000.0,3859.6611328125,55816.0
2025-05-05,4025.0,3883.7841796875,275247.0
2025-05-06,4020.0,3878.959716796875,131932.0
2025-05-07,4075.0,3932.02978515625,572999.0
2025-05-08,4080.0,3936.8544921875,242004.0
2025-05-09,4150.0,4004.398681640625,278857.0
2025-05-12,4165.0,4018.872314453125,235686.0
2025-05-13,4255.0,4105.71435546875,405008.0
2025-05-14,4425.0,4269.75,533045.0
2025-05-15,4340.0,4187.732421875,155049.0
2025-05-16,4320.0,4168.43359375,258041.0
2025-05-19,4315.0,4163.609375,161574.0
2025-05-20,4300.0,4149.13623046875,104608.0
2025-05-21,4330.0,4178.0830078125,98229.0
2025-05-22,4310.0,4158.78466796875,161519.0
2025-05-23,4410.0,4255.27685546875,208621.0
2025-05-26,4395.0,4240.802734375,87520.0
2025-05-27,4390.0,4235.97802734375,202697.0
2025-05-28,4300.0,4149.13623046875,280737.0
2025-05-29,4400.0,4245.62744140625,136547.0
2025-05-30,4220.0,4071.942626953125,632153.0
2025-06-03,4385.0,4231.1533203125,159266.0
2025-06-04,4380.0,4226.3291015625,123371.0
2025-06-05,4405.0,4250.4521484375,438622.0
2025-06-06,4445.0,4289.04833984375,160232.0
2025-06-09,4420.0,4264.92578125,139388.0
2025-06-10,4560.0,4400.013671875,524785.0
2025-06-11,4550.0,4390.3642578125,160104.0
2025-06-12,4505.0,4346.943359375,157277.0
2025-06-13,4490.0,4332.4697265625,243437.0
2025-06-16,4500.0,4342.119140625,523501.0
2025-06-17,4500.0,4342.119140625,396847.0
2025-06-18,4530.0,4371.06689453125,128699.0
2025-06-19,4500.0,4342.119140625,918011.0
2025-06-20,4500.0,4342.119140625,400618.0
2025-06-24,4700.0,4535.10205078125,293320.0
2025-06-25,4605.0,4443.4345703125,238298.0
2025-06-26,4575.0,4414.4873046875,322478.0
2025-06-27,4500.0,4342.119140625,151987.0
2025-06-30,4500.0,4342.119140625,0.0
2025-07-01,4575.0,4414.4873046875,120768.0
2025-07-02,4550.0,4390.3642578125,333157.0
2025-07-03,4570.0,4409.6630859375,123677.0
2025-07-04,4550.0,4390.3642578125,104235.0
2025-07-07,4505.0,4346.943359375,162974.0
2025-07-08,4480.0,4322.8203125,145582.0
2025-07-09,4500.0,4342.119140625,119776.0
2025-07-10,4520.0,4361.41748046875,102177.0
2025-07-11,4535.0,4375.890625,143420.0
2025-07-14,4555.0,4395.18896484375,81754.0
2025-07-15,4700.0,4535.10205078125,178108.0
2025-07-16,4800.0,4631.59326171875,180465.0
2025-07-17,4895.0,4723.26025390625,467144.0
2025-07-18,4800.0,4669.75244140625,150870.0
2025-07-21,4610.0,4484.90869140625,143997.0
2025-07-22,4655.0,4528.6875,89250.0
2025-07-23,4680.0,4553.0087890625,111040.0
2025-07-24,4750.0,4621.109375,89561.0
2025-07-25,4685.0,4557.873046875,194398.0
2025-07-28,4780.0,4650.2958984375,280738.0
2025-07-29,4680.0,4553.0087890625,635691.0
2025-07-30,4690.0,4562.73779296875,144693.0
2025-07-31,4700.0,4572.46630859375,37079.0
2025-08-01,4805.0,4674.61669921875,259141.0
2025-08-04,4805.0,4674.61669921875,0.0
2025-08-05,4710.0,4582.19482421875,27402.0
2025-08-06,4710.0,4582.19482421875,28381.0
2025-08-07,4710.0,4582.19482421875,0.0
2025-08-08,4900.0,4767.03955078125,251065.0
2025-08-11,4940.0,4805.95361328125,253.0
2025-08-12,4920.0,4786.49658203125,176495.0
2025-08-13,4870.0,4737.853515625,93646.0
2025-08-14,4775.0,4645.43115234375,243663.0
2025-08-15,4885.0,4752.4462890625,148673.0
2025-08-19,4805.0,4674.61669921875,181256.0
2025-08-20,4810.0,4679.4814453125,83034.0
2025-08-21,4780.0,4650.2958984375,128657.0
2025-08-22,4800.0,4669.75244140625,90482.0
2025-08-25,4680.0,4553.0087890625,327267.0
2025-08-26,4750.0,4621.109375,260113.0
2025-08-27,4790.0,4660.02392578125,77744.0
2025-08-28,4790.0,4660.02392578125,176547.0
2025-08-29,4790.0,4660.02392578125,114681.0
2025-09-01,4800.0,4669.75244140625,107935.0
2025-09-02,4800.0,4669.75244140625,0.0
2025-09-03,4705.0,4577.33056640625,111636.0
2025-09-04,4725.0,4596.78759765625,107846.0
2025-09-05,4725.0,4596.78759765625,147965.0
2025-09-08,4770.0,4640.56689453125,166819.0
2025-09-09,4745.0,4616.2451171875,111728.0
2025-09-10,4765.0,4635.70263671875,139530.0
2025-09-11,4840.0,4708.66748046875,176378.0
2025-09-12,4740.0,4611.38134765625,134090.0
2025-09-15,4500.0,4377.8935546875,894707.0
2025-09-16,4500.0,4377.8935546875,319324.0
2025-09-17,4410.0,4290.33544921875,590369.0
2025-09-18,4520.0,4397.3505859375,1906086.0
2025-09-19,4550.0,4426.5361328125,2037922.0
2025-09-22,4725.0,4596.78759765625,370048.0
2025-09-23,4775.0,4645.43115234375,386427.0
2025-09-24,4785.0,4655.15966796875,372051.0
2025-09-25,4775.0,4645.43115234375,168790.0
2025-09-26,4775.0,4645.43115234375,153737.0
2025-09-29,4715.0,4587.0595703125,96623.0
2025-09-30,4800.0,4669.75244140625,107935.0
2025-10-01,4625.0,4499.50146484375,59476.0
2025-10-02,4630.0,4504.36572265625,43711.0
2025-10-03,4670.0,4543.27978515625,152997.0
2025-10-06,4710.0,4582.19482421875,147263.0
2025-10-07,4760.0,4630.83837890625,27899.0
2025-10-08,4795.0,4664.888671875,93213.0
2025-10-09,4825.0,4694.07421875,145841.0
2025-10-10,4830.0,4698.9384765625,171454.0
2025-10-14,4830.0,4698.9384765625,101410.0
2025-10-15,4855.0,4723.26025390625,461377.0
2025-10-16,4830.0,4698.9384765625,166402.0
2025-10-17,4870.0,4777.41796875,212830.0
2025-10-20,4840.0,4747.98828125,249155.0
2025-10-21,4870.0,4777.41796875,109372.0
2025-10-22,4890.0,4797.0380859375,140201.0
2025-10-23,4895.0,4801.94287109375,142851.0
2025-10-24,5000.0,4904.94677734375,249422.0
2025-10-27,4900.0,4806.84765625,604418.0
2025-10-28,4900.0,4806.84765625,111713.0
2025-10-29,4915.0,4821.5625,296418.0
2025-10-30,4910.0,4816.6572265625,62837.0
2025-10-31,4890.0,4797.0380859375,70244.0
2025-11-04,4865.0,4772.51318359375,42165.0
2025-11-05,4865.0,4772.51318359375,126343.0
2025-11-06,4860.0,4767.60791015625,622981.0
2025-11-07,4850.0,4757.79833984375,97823.0
2025-11-10,4900.0,4806.84765625,67697.0
2025-11-11,4915.0,4821.5625,150267.0
2025-11-12,4930.0,4836.27734375,115105.0
2025-11-13,4945.0,4850.9921875,124188.0
2025-11-14,4950.0,4855.89697265625,80088.0
2025-11-18,4860.0,4767.60791015625,186840.0
2025-11-19,4880.0,4787.22802734375,125313.0
2025-11-20,4880.0,4787.22802734375,202545.0
2025-11-21,4700.0,4610.64990234375,591345.0
2025-11-24,4635.0,4546.8857421875,710395.0
2025-11-25,4730.0,4640.07958984375,333445.0
2025-11-26,4790.0,4698.9384765625,171301.0
2025-11-27,4800.0,4708.74853515625,162961.0
2025-11-28,4945.0,4850.9921875,237828.0
2025-12-01,4900.0,4806.84765625,131675.0
2025-12-02,4905.0,4811.75244140625,187359.0
2025-12-03,4865.0,4772.51318359375,42165.0
2025-12-04,4950.0,4855.89697265625,222188.0
2025-12-05,4965.0,4870.61181640625,221963.0
2025-12-09,4950.0,4855.89697265625,117842.0
2025-12-10,4910.0,4816.6572265625,224257.0
2025-12-11,4935.0,4841.18212890625,280905.0
2025-12-12,5000.0,4904.94677734375,125051.0
2025-12-15,4965.0,4870.61181640625,122315.0
2025-12-16,4950.0,4855.89697265625,204448.0
2025-12-17,4930.0,4836.27734375,334805.0
2025-12-18,4865.0,4772.51318359375,221365.0
2025-12-19,4885.0,4792.1328125,217258.0
2025-12-22,4900.0,4806.84765625,168079.0
2025-12-23,4915.0,4821.5625,233504.0
2025-12-24,4950.0,4855.89697265625,115091.0
2025-12-26,4900.0,4806.84765625,366506.0
2025-12-29,4930.0,4836.27734375,162784.0
2025-12-30,4900.0,4806.84765625,143090.0
2025-12-31,4900.0,4806.84765625,0.0
2026-01-02,4900.0,4806.84765625,82911.0
2026-01-05,4930.0,4836.27734375,169272.0
2026-01-06,5060.0,4963.8056640625,571999.0
2026-01-07,5000.0,4904.94677734375,98540.0
2026-01-08,5000.0,4904.94677734375,70754.0
2026-01-09,5050.0,4953.99609375,170542.0
2026-01-13,5060.0,4963.8056640625,325286.0
2026-01-14,4985.0,4890.23193359375,269322.0
2026-01-15,5060.0,4963.8056640625,193666.0
2026-01-16,5060.0,5003.35791015625,204135.0
2026-01-19,5080.0,5023.13427734375,145935.0
2026-01-20,5090.0,5033.0224609375,456442.0
2026-01-21,5090.0,5033.0224609375,361211.0
2026-01-22,5080.0,5023.13427734375,238009.0
2026-01-23,5090.0,5033.0224609375,451808.0
2026-01-26,5080.0,5023.13427734375,469439.0
2026-01-27,5100.0,5042.91015625,500619.0
2026-01-28,5240.0,5181.34326171875,1314315.0
2026-01-29,5250.0,5191.2314453125,304755.0
2026-01-30,5260.0,5201.119140625,238960.0
2026-02-02,5120.0,5062.6865234375,348805.0
2026-02-03,5100.0,5042.91015625,176930.0
2026-02-04,4970.0,4914.36572265625,274332.0
2026-02-05,5040.0,4983.58203125,220814.0
2026-02-06,4960.0,4904.4775390625,85923.0
2026-02-09,4960.0,4904.4775390625,425878.0
2026-02-10,4980.0,4924.25341796875,80854.0
2026-02-11,4850.0,4795.708984375,343945.0
2026-02-12,4870.0,4815.48486328125,123242.0
2026-02-13,5060.0,5003.35791015625,206972.0
2026-02-16,4910.0,4855.037109375,33801.0
2026-02-17,4990.0,4934.1416015625,91052.0
2026-02-18,4975.0,4919.3095703125,60928.0
2026-02-19,4990.0,4934.1416015625,94205.0
2026-02-20,5080.0,5023.13427734375,518485.0
2026-02-23,5060.0,5003.35791015625,1503428.0
2026-02-24,5060.0,5003.35791015625,282477.0
2026-02-25,5080.0,5023.13427734375,242304.0
2026-02-26,5000.0,4944.02978515625,1399850.0
2026-02-27,4835.0,4780.876953125,181679.0
2026-03-02,4510.0,4459.5146484375,192749.0
2026-03-03,4900.0,4845.14892578125,296945.0
2026-03-04,4900.0,4845.14892578125,296945.0
2026-03-05,4760.0,4706.71630859375,148018.0
2026-03-06,4870.0,4815.48486328125,159850.0
2026-03-09,4990.0,4934.1416015625,161932.0
2026-03-11,5050.0,4993.47021484375,45465.0
2026-03-12,5000.0,4944.02978515625,77385.0
2026-03-13,4850.0,4795.708984375,185502.0
2026-03-16,4915.0,4859.9814453125,47385.0
2026-03-17,4660.0,4607.8359375,474027.0
2026-03-18,4700.0,4647.38818359375,129034.0
2026-03-19,4500.0,4449.626953125,313071.0
2026-03-20,4300.0,4251.86572265625,1032321.0
2026-03-24,5040.0,4983.58203125,3970593.0
2026-03-25,5210.0,5151.67919921875,1111419.0
2026-03-26,5460.0,5398.88037109375,637920.0
2026-03-27,5200.0,5141.791015625,616679.0
2026-03-30,5200.0,5141.791015625,78855.0
2026-03-31,5300.0,5240.67138671875,78668.0
2026-04-01,5280.0,5220.8955078125,131983.0
2026-04-02,5280.0,5220.8955078125,0.0
2026-04-03,5280.0,5220.8955078125,0.0
2026-04-06,5480.0,5418.65673828125,324002.0
2026-04-07,5490.0,5428.54443359375,181615.0
2026-04-08,5550.0,5487.873046875,443970.0
2026-04-09,5600.0,5537.3134765625,428301.0
2026-04-10,5600.0,5537.3134765625,428301.0
2026-04-13,5600.0,5537.3134765625,0.0
2026-04-14,5600.0,5537.3134765625,0.0
2026-04-15,5690.0,5626.3056640625,513479.0
2026-04-16,5700.0,5636.19384765625,484269.0
2026-04-17,5600.0,5537.3134765625,288121.0
2026-04-20,5540.0,5477.98486328125,330886.0
2026-04-21,5440.0,5379.1044921875,277562.0
2026-04-22,5490.0,5428.54443359375,195283.0
2026-04-23,5360.0,5300.0,149920.0
2026-04-24,5240.0,5181.34326171875,219016.0
2026-04-27,5200.0,5141.791015625,34870.0
2026-04-28,5200.0,5141.791015625,114142.0
2026-04-29,4950.0,4894.58935546875,1033111.0
2026-04-30,4990.0,4934.1416015625,169902.0
2026-05-04,4980.0,4924.25341796875,206026.0
2026-05-05,4980.0,4924.25341796875,0.0
2026-05-06,4950.0,4894.58935546875,255999.0
2026-05-07,4900.0,4845.14892578125,288046.0
2026-05-08,4850.0,4795.708984375,461852.0
2026-05-11,4900.0,4845.14892578125,270992.0
2026-05-12,4830.0,4775.9326171875,437833.0
2026-05-13,4965.0,4909.42138671875,178996.0
2026-05-14,5010.0,4953.91796875,445829.0
2026-05-15,4935.0,4879.75732421875,211804.0
2026-05-19,4890.0,4835.26123046875,156858.0
2026-05-20,4740.0,4686.9404296875,419018.0
2026-05-21,4810.0,4756.15673828125,281043.0
2026-05-22,4740.0,4686.9404296875,131399.0
2026-05-25,4630.0,4578.17138671875,418033.0
2026-05-26,4810.0,4756.15673828125,502788.0
2026-05-27,4820.0,4766.04443359375,317653.0
2026-05-28,4800.0,4746.2685546875,179691.0
2026-06-01,4780.0,4726.49267578125,443315.0
2026-06-02,4780.0,4726.49267578125,443315.0
2026-06-03,4925.0,4869.869140625,553649.0
2026-06-04,4960.0,4904.4775390625,328095.0
2026-06-05,5020.0,4963.8056640625,466674.0
2026-06-08,5020.0,4963.8056640625,0.0
2026-06-09,5300.0,5240.67138671875,680750.0
2026-06-10,5170.0,5112.126953125,228521.0
2026-06-11,4950.0,4894.58935546875,717439.0
2026-06-12,4950.0,4894.58935546875,0.0
2026-06-15,4950.0,4894.58935546875,0.0
2026-06-16,5100.0,5042.91015625,262702.0
2026-06-17,5100.0,5042.91015625,0.0
2026-06-18,5100.0,5042.91015625,0.0
2026-06-19,5100.0,5042.91015625,0.0
2026-06-22,5090.0,5033.0224609375,819647.0
2026-06-23,5080.0,5023.13427734375,222134.0
2026-06-24,5090.0,5033.0224609375,355738.0
2026-06-25,5000.0,4944.02978515625,313333.0
2026-06-26,5070.0,5013.24609375,199430.0
2026-06-29,5070.0,5013.24609375,0.0
2026-06-30,5080.0,5023.13427734375,245443.0
2026-07-01,5090.0,5033.0224609375,190699.0
2026-07-02,5020.0,4963.8056640625,260445.0
2026-07-03,5040.0,4983.58203125,136937.0
2026-07-06,4940.0,4884.701171875,229993.0
2026-07-07,5080.0,5023.13427734375,171742.0
2026-07-08,5030.0,4973.69384765625,216551.0
2026-07-09,5180.0,5122.0146484375,142199.0
2026-07-10,5380.0,5319.77587890625,456083.0
2026-07-14,5260.0,5201.119140625,191880.0
2026-07-15,5360.0,5300.0,142978.0
2026-07-16,5280.0,5280.0,190610.0
2026-07-17,5270.0,5270.0,112116.0
2026-07-21,5200.0,5200.0,191854.0
2026-07-22,5170.0,5170.0,144430.0
2026-07-23,5100.0,5100.0,116175.0
2026-07-24,5100.0,5100.0,0.0
2026-07-27,4895.0,4895.0,68975.0
2026-07-28,4875.0,4875.0,76081.0
2026-07-29,4875.0,4875.0,58560.0
2026-07-30,4845.0,4845.0,137439.0
2026-07-31,5010.0,5010.0,349106.0
2026-08-03,4950.0,4950.0,92742.0
2026-08-04,4945.0,4945.0,119533.0
2026-08-05,4930.0,4930.0,146946.0
2026-08-06,4995.0,4995.0,348249.0
2026-08-07,4995.0,4995.0,0.0
2026-08-10,4900.0,4900.0,243890.0
2026-08-11,4900.0,4900.0,137120.0
2026-08-12,4955.0,4955.0,134273.0
2026-08-13,4905.0,4905.0,71549.0
2026-08-14,4960.0,4960.0,221899.0
2026-08-18,4970.0,4970.0,153930.0
2026-08-19,4885.0,4885.0,206529.0
2026-08-20,4820.0,4820.0,105894.0
2026-08-21,4810.0,4810.0,202253.0
2026-08-24,4805.0,4805.0,150838.0
2026-08-25,4795.0,4795.0,177393.0
2026-08-26,4755.0,4755.0,157971.0
2026-08-27,4760.0,4760.0,146433.0
2026-08-28,4795.0,4795.0,120863.0
2026-08-31,4830.0,4830.0,117792.0
2026-09-01,4780.0,4780.0,149420.0
2026-09-02,4750.0,4750.0,1208531.0
2026-09-03,4760.0,4760.0,53271.0
2026-09-04,4750.0,4750.0,136549.0
2026-09-07,4795.0,4795.0,194361.0
2026-09-08,4800.0,4800.0,432373.0
2026-09-09,4850.0,4850.0,364114.0
2026-09-10,5020.0,5020.0,475474.0
2026-09-11,4800.0,4800.0,220360.0
2026-09-14,4930.0,4930.0,188356.0
2026-09-15,4860.0,4860.0,119295.0
2026-09-16,4920.0,4920.0,150717.0
2026-09-17,4850.0,4850.0,227574.0
2026-09-18,5100.0,5100.0,1463004.0
2026-09-21,4925.0,4925.0,92431.0
2026-09-22,4910.0,4910.0,89090.0
2026-09-23,5080.0,5080.0,240813.0
2026-09-24,5040.0,5040.0,135978.0
2026-09-25,4990.0,4990.0,52662.0
