Date,close,adjclose,volume
2014-12-01,32481.46875,20546.2578125,0.0
2014-12-02,31997.873046875,20240.357421875,828926.0
2014-12-03,31675.4765625,20036.423828125,282628.0
2014-12-04,31514.279296875,19934.45703125,282523.0
2014-12-05,31353.080078125,19832.4921875,759367.0
2014-12-08,32739.38671875,20709.3984375,0.0
2014-12-09,32062.353515625,20281.14453125,63602.0
2014-12-10,32062.353515625,20281.14453125,63602.0
2014-12-11,31643.23828125,20016.033203125,317265.0
2014-12-12,31191.8828125,19730.5234375,278618.0
2014-12-15,30224.69140625,19118.732421875,726632.0
2014-12-16,30224.69140625,19118.732421875,726632.0
2014-12-17,31111.283203125,19679.541015625,99666.0
2014-12-18,30498.728515625,19292.072265625,388613.0
2014-12-19,31756.076171875,20087.40625,149678.0
2014-12-22,31756.076171875,20087.40625,0.0
2014-12-23,32239.671875,20393.302734375,273507.0
2014-12-24,32594.30859375,20647.060546875,142156.0
2014-12-25,31772.1953125,20126.283203125,162310.0
2014-12-26,31707.716796875,20085.435546875,16688.0
2014-12-29,31707.716796875,20085.435546875,0.0
2014-12-30,31594.876953125,20013.958984375,10114.0
2014-12-31,32207.431640625,20401.98828125,14954.0
2015-01-01,32207.431640625,20401.98828125,0.0
2015-01-02,31756.076171875,20116.072265625,13987.0
2015-01-05,30676.046875,19431.923828125,118261.0
2015-01-06,30676.046875,19431.923828125,0.0
2015-01-07,30547.087890625,19350.232421875,51335.0
2015-01-08,30466.490234375,19299.173828125,39964.0
2015-01-09,30933.96484375,19595.302734375,141657.0
2015-01-12,31756.076171875,20116.072265625,0.0
2015-01-13,30627.6875,19401.287109375,108664.0
2015-01-14,30627.6875,19401.287109375,108664.0
2015-01-15,30837.24609375,19534.033203125,76555.0
2015-01-16,30224.69140625,19146.015625,97133.0
2015-01-19,30224.69140625,19146.015625,0.0
2015-01-20,30466.490234375,19299.173828125,7851.0
2015-01-21,31014.564453125,19646.361328125,88235.0
2015-01-22,30805.005859375,19513.615234375,40157.0
2015-01-23,31127.40234375,19717.841796875,82792.0
2015-01-26,30805.005859375,19513.615234375,187989.0
2015-01-27,31363.77734375,19897.248046875,184640.0
2015-01-28,31921.79296875,20251.251953125,79116.0
2015-01-29,30871.41015625,19584.884765625,75029.0
2015-01-30,30937.060546875,19626.5390625,270215.0
2015-02-02,30854.998046875,19574.47265625,70525.0
2015-02-03,30854.998046875,19574.47265625,70525.0
2015-02-04,31101.181640625,19730.646484375,58558.0
2015-02-05,31413.013671875,19928.474609375,71837.0
2015-02-06,31429.427734375,19938.892578125,43912.0
2015-02-09,31117.59375,19741.064453125,11523.0
2015-02-10,31117.59375,19741.064453125,11523.0
2015-02-11,30740.11328125,19501.59375,90404.0
2015-02-12,30871.41015625,19584.884765625,48357.0
2015-02-13,30986.296875,19657.765625,74727.0
2015-02-16,31380.189453125,19907.650390625,21976.0
2015-02-17,31380.189453125,19907.650390625,21976.0
2015-02-18,31199.65625,19793.125,50807.0
2015-02-19,31084.76953125,19720.2421875,16884.0
2015-02-20,30838.5859375,19564.060546875,21365.0
2015-02-23,30805.76171875,19543.240234375,54500.0
2015-02-24,30805.76171875,19572.958984375,54500.0
2015-02-25,30756.525390625,19541.671875,133605.0
2015-02-26,30854.998046875,19604.240234375,38953.0
2015-02-27,30772.9375,19552.09765625,95498.0
2015-03-02,30674.46484375,19489.53515625,40462.0
2015-03-03,30674.46484375,19489.53515625,40462.0
2015-03-04,30083.623046875,19114.1328125,102848.0
2015-03-05,30346.21875,19280.97265625,90943.0
2015-03-06,30329.806640625,19270.546875,63391.0
2015-03-09,28311.1015625,17987.9296875,30502.0
2015-03-10,28311.1015625,17987.9296875,30502.0
2015-03-11,27917.208984375,17737.66015625,72979.0
2015-03-12,27654.61328125,17570.8203125,219410.0
2015-03-13,28688.583984375,18227.771484375,195406.0
2015-03-16,29394.310546875,18676.1640625,31447.0
2015-03-17,29394.310546875,18676.1640625,31447.0
2015-03-18,28967.591796875,18405.044921875,75231.0
2015-03-19,28967.591796875,18405.044921875,82769.0
2015-03-20,29049.65234375,18457.1796875,34761.0
2015-03-23,30805.76171875,19572.958984375,0.0
2015-03-24,29033.240234375,18446.755859375,44527.0
2015-03-25,29033.240234375,18446.755859375,44527.0
2015-03-26,29131.71484375,18534.47265625,128424.0
2015-03-27,29213.775390625,18586.677734375,49154.0
2015-03-30,29148.126953125,18544.908203125,50854.0
2015-03-31,29148.126953125,18544.908203125,50854.0
2015-04-01,29279.423828125,18628.443359375,58829.0
2015-04-02,29788.203125,18952.142578125,10083.0
2015-04-03,29033.240234375,18471.8125,0.0
2015-04-06,30034.38671875,19108.7734375,26135.0
2015-04-07,30034.38671875,19108.7734375,26135.0
2015-04-08,30165.685546875,19192.310546875,36270.0
2015-04-09,30461.10546875,19380.265625,19474.0
2015-04-10,30477.517578125,19390.708984375,56478.0
2015-04-13,31068.357421875,19766.619140625,82741.0
2015-04-14,31068.357421875,19766.619140625,82741.0
2015-04-15,30953.47265625,19693.52734375,13095.0
2015-04-16,31166.83203125,19829.267578125,26051.0
2015-04-17,31166.83203125,19829.267578125,54470.0
2015-04-20,31413.013671875,19985.900390625,116327.0
2015-04-21,31413.013671875,20444.625,116327.0
2015-04-22,30543.166015625,19878.501953125,53021.0
2015-04-23,30690.876953125,19974.63671875,72907.0
2015-04-24,30789.349609375,20038.728515625,111635.0
2015-04-27,30641.640625,19968.13671875,80126.0
2015-04-28,30641.640625,19968.13671875,80126.0
2015-04-29,30986.296875,20192.740234375,127489.0
2015-04-30,30772.9375,20053.697265625,73024.0
2015-05-01,31429.427734375,20481.509765625,193643.0
2015-05-04,31429.427734375,20481.509765625,0.0
2015-05-05,31019.12109375,20214.126953125,30407.0
2015-05-06,31429.427734375,20481.509765625,48155.0
2015-05-07,31511.48828125,20534.990234375,131795.0
2015-05-08,30838.5859375,20096.478515625,68790.0
2015-05-11,30871.41015625,20117.869140625,43762.0
2015-05-12,30871.41015625,20117.869140625,43762.0
2015-05-13,30789.349609375,20064.390625,38682.0
2015-05-14,30805.76171875,20075.087890625,27258.0
2015-05-15,30854.998046875,20107.17578125,71144.0
2015-05-18,30871.41015625,20117.869140625,0.0
2015-05-19,30772.9375,20053.697265625,85438.0
2015-05-20,30772.9375,20053.697265625,85438.0
2015-05-21,30789.349609375,20064.390625,89209.0
2015-05-22,30772.9375,20053.697265625,66022.0
2015-05-25,30772.9375,20053.697265625,9135.0
2015-05-26,30772.9375,20079.400390625,9135.0
2015-05-27,30658.052734375,20004.4375,76109.0
2015-05-28,30280.5703125,19758.12890625,133619.0
2015-05-29,30214.921875,19715.294921875,17132.0
2015-06-01,30017.974609375,19586.78515625,26320.0
2015-06-02,30017.974609375,19586.78515625,26320.0
2015-06-03,30280.5703125,19758.12890625,66406.0
2015-06-04,30543.166015625,19929.474609375,97335.0
2015-06-05,30329.806640625,19790.251953125,107602.0
2015-06-08,30017.974609375,19586.78515625,0.0
2015-06-09,30034.38671875,19597.4921875,44732.0
2015-06-10,30034.38671875,19597.4921875,44732.0
2015-06-11,29952.326171875,19543.951171875,114437.0
2015-06-12,30526.75390625,19918.765625,68931.0
2015-06-15,30034.38671875,19597.4921875,0.0
2015-06-16,29542.01953125,19276.228515625,53207.0
2015-06-17,29542.01953125,19276.228515625,53207.0
2015-06-18,29542.01953125,19276.228515625,76291.0
2015-06-19,29788.203125,19436.86328125,56938.0
2015-06-22,30034.38671875,19597.4921875,0.0
2015-06-23,29394.310546875,19179.841796875,78442.0
2015-06-24,29706.142578125,19409.32421875,49357.0
2015-06-25,30067.2109375,19645.236328125,74734.0
2015-06-26,29821.02734375,19484.388671875,114987.0
2015-06-29,30034.38671875,19623.791015625,0.0
2015-06-30,29952.326171875,19570.177734375,65737.0
2015-07-01,29952.326171875,19570.177734375,65737.0
2015-07-02,29542.01953125,19302.09375,88313.0
2015-07-03,29722.5546875,19420.046875,177476.0
2015-07-06,29837.439453125,19495.111328125,40813.0
2015-07-07,29837.439453125,19495.111328125,40813.0
2015-07-08,29755.37890625,19441.4921875,122029.0
2015-07-09,29591.255859375,19334.259765625,24587.0
2015-07-10,29509.1953125,19280.64453125,40081.0
2015-07-13,29821.02734375,19484.388671875,28689.0
2015-07-14,29821.02734375,19484.388671875,28689.0
2015-07-15,30280.5703125,19784.642578125,33939.0
2015-07-16,30461.10546875,19902.59765625,85703.0
2015-07-17,30526.75390625,19945.4921875,41989.0
2015-07-20,30395.45703125,19859.703125,0.0
2015-07-21,30559.578125,19966.9375,47319.0
2015-07-22,30559.578125,19966.9375,47319.0
2015-07-23,30526.75390625,19945.4921875,42391.0
2015-07-24,30444.693359375,19891.875,7301.0
2015-07-27,30182.09765625,19720.3046875,109520.0
2015-07-28,30182.09765625,19746.07421875,109520.0
2015-07-29,30214.921875,19767.548828125,60857.0
2015-07-30,30362.630859375,19864.181640625,69064.0
2015-07-31,31002.708984375,20282.9375,90057.0
2015-08-03,30822.173828125,20164.826171875,25656.0
2015-08-04,30822.173828125,20164.826171875,25656.0
2015-08-05,30772.9375,20132.6171875,22656.0
2015-08-06,30313.39453125,19831.97265625,84132.0
2015-08-07,30214.921875,19767.548828125,24532.0
2015-08-10,30050.798828125,19660.169921875,45060.0
2015-08-11,30050.798828125,19660.169921875,45060.0
2015-08-12,29804.615234375,19499.11328125,41983.0
2015-08-13,30756.525390625,20121.876953125,79166.0
2015-08-14,29886.677734375,19552.794921875,51911.0
2015-08-17,30116.447265625,19703.119140625,0.0
2015-08-18,30280.5703125,19810.494140625,95794.0
2015-08-19,30280.5703125,19810.494140625,95794.0
2015-08-20,30116.447265625,19703.119140625,27884.0
2015-08-21,29919.501953125,19574.2734375,91617.0
2015-08-24,27982.857421875,18307.259765625,94467.0
2015-08-25,27982.857421875,18307.259765625,94467.0
2015-08-26,28343.927734375,18569.62109375,128298.0
2015-08-27,28229.041015625,18494.353515625,100719.0
2015-08-28,28491.63671875,18666.388671875,84993.0
2015-08-31,30116.447265625,19730.89453125,193553.0
2015-09-01,30116.447265625,19730.89453125,193553.0
2015-09-02,29542.01953125,19354.55859375,64940.0
2015-09-03,30017.974609375,19666.380859375,252762.0
2015-09-04,29788.203125,19515.84765625,94758.0
2015-09-07,29870.265625,19569.609375,20596.0
2015-09-08,29870.265625,19569.609375,20596.0
2015-09-09,29870.265625,19569.609375,61426.0
2015-09-10,30100.03515625,19720.140625,106958.0
2015-09-11,30575.990234375,20031.96875,178928.0
2015-09-14,30986.296875,20300.779296875,78498.0
2015-09-15,30986.296875,20300.779296875,78498.0
2015-09-16,30986.296875,20300.779296875,328609.0
2015-09-17,31183.244140625,20429.8046875,98854.0
2015-09-18,31051.9453125,20343.79296875,38963.0
2015-09-21,30625.2265625,20064.22265625,28779.0
2015-09-22,30625.2265625,20064.22265625,28779.0
2015-09-23,29968.73828125,19634.12109375,34864.0
2015-09-24,30116.447265625,19730.89453125,41483.0
2015-09-25,31019.12109375,20322.287109375,139854.0
2015-09-28,30937.060546875,20268.525390625,55442.0
2015-09-29,30937.060546875,20268.525390625,55442.0
2015-09-30,30937.060546875,20268.525390625,81277.0
2015-10-01,31166.83203125,20419.052734375,93279.0
2015-10-02,31150.41796875,20408.3046875,29924.0
2015-10-05,31347.365234375,20537.333984375,108034.0
2015-10-06,31347.365234375,20537.333984375,108034.0
2015-10-07,31413.013671875,20580.345703125,109941.0
2015-10-08,31347.365234375,20566.880859375,121051.0
2015-10-09,31790.49609375,20857.623046875,63533.0
2015-10-12,31790.49609375,20857.623046875,0.0
2015-10-13,31790.49609375,20857.623046875,112424.0
2015-10-14,31790.49609375,20857.623046875,112424.0
2015-10-15,31298.12890625,20534.580078125,236095.0
2015-10-16,31347.365234375,20566.880859375,100498.0
2015-10-19,31593.548828125,20728.408203125,40254.0
2015-10-20,31593.548828125,20728.408203125,40254.0
2015-10-21,31675.611328125,20782.248046875,70519.0
2015-10-22,31675.611328125,20782.248046875,74607.0
2015-10-23,31921.79296875,20943.763671875,61306.0
2015-10-26,32315.6875,21202.193359375,68902.0
2015-10-27,32315.6875,21560.0546875,68902.0
2015-10-28,31659.197265625,21122.064453125,137971.0
2015-10-29,31577.13671875,21067.314453125,45721.0
2015-10-30,31281.716796875,20870.224609375,5890.0
2015-11-02,31051.9453125,20716.923828125,0.0
2015-11-03,31166.83203125,20793.572265625,117424.0
2015-11-04,31166.83203125,20793.572265625,117424.0
2015-11-05,31593.548828125,21078.26953125,88172.0
2015-11-06,31298.12890625,20881.16796875,19236.0
2015-11-09,31675.611328125,21133.017578125,28860.0
2015-11-10,31675.611328125,21163.169921875,28860.0
2015-11-11,31659.197265625,21152.20703125,43239.0
2015-11-12,31593.548828125,21108.345703125,28720.0
2015-11-13,31281.716796875,20900.001953125,56294.0
2015-11-16,30608.814453125,20450.41796875,0.0
2015-11-17,29952.326171875,20011.80859375,208511.0
2015-11-18,29952.326171875,20011.80859375,208511.0
2015-11-19,29788.203125,19902.15234375,59363.0
2015-11-20,29968.73828125,20022.771484375,62576.0
2015-11-23,30904.236328125,20647.80078125,41662.0
2015-11-24,30904.236328125,20647.80078125,41662.0
2015-11-25,30772.9375,20560.076171875,65040.0
2015-11-26,30772.9375,20560.076171875,136554.0
2015-11-27,30756.525390625,20913.642578125,27528.0
2015-11-30,31544.3125,21449.318359375,227687.0
2015-12-01,31544.3125,21449.318359375,227687.0
2015-12-02,30690.876953125,20869.005859375,54559.0
2015-12-03,30034.38671875,20422.60546875,55617.0
2015-12-04,29870.265625,20311.009765625,7630.0
2015-12-07,30346.21875,20634.642578125,20450.0
2015-12-08,30346.21875,20634.642578125,20450.0
2015-12-09,29427.134765625,20039.498046875,27457.0
2015-12-10,29427.134765625,20039.498046875,27457.0
2015-12-11,30904.236328125,21045.38671875,210963.0
2015-12-14,29952.326171875,20397.1484375,42000.0
2015-12-15,29952.326171875,20397.1484375,42000.0
2015-12-16,30116.447265625,20508.9140625,65436.0
2015-12-17,29558.431640625,20128.90625,94764.0
2015-12-18,29870.265625,20341.26171875,128325.0
2015-12-21,30362.630859375,20676.556640625,13249.0
2015-12-22,30362.630859375,20676.556640625,13249.0
2015-12-23,30723.701171875,20922.443359375,42451.0
2015-12-24,30756.525390625,20944.794921875,44538.0
2015-12-25,30772.9375,20955.97265625,26291.0
2015-12-28,31019.12109375,21123.6171875,14050.0
2015-12-29,31019.12109375,21123.6171875,14050.0
2015-12-30,31183.244140625,21235.384765625,23215.0
2015-12-31,31577.13671875,21503.619140625,61155.0
2016-01-01,31577.13671875,21503.619140625,0.0
2016-01-04,31199.65625,21246.560546875,29014.0
2016-01-05,31199.65625,21246.560546875,29014.0
2016-01-06,31511.48828125,21458.9140625,39536.0
2016-01-07,31511.48828125,21458.9140625,88385.0
2016-01-08,29952.326171875,20426.40234375,17924.0
2016-01-11,29870.265625,20370.439453125,0.0
2016-01-12,29542.01953125,20146.587890625,97279.0
2016-01-13,29542.01953125,20146.587890625,97279.0
2016-01-14,29558.431640625,20157.77734375,59646.0
2016-01-15,30526.75390625,20818.140625,51422.0
2016-01-18,29558.431640625,20157.77734375,39521.0
2016-01-19,29558.431640625,20157.77734375,39521.0
2016-01-20,30280.5703125,20650.251953125,67171.0
2016-01-21,30034.38671875,20482.36328125,95148.0
2016-01-22,29656.90625,20224.931640625,52017.0
2016-01-25,29640.494140625,20213.744140625,33039.0
2016-01-26,29640.494140625,20213.744140625,33039.0
2016-01-27,30083.623046875,20515.9453125,26109.0
2016-01-28,30280.5703125,20650.251953125,24975.0
2016-01-29,30067.2109375,20504.748046875,22224.0
2016-02-01,30362.630859375,20706.21484375,50139.0
2016-02-02,30362.630859375,20706.21484375,50139.0
2016-02-03,29985.150390625,20448.787109375,25840.0
2016-02-04,30198.509765625,20594.291015625,22178.0
2016-02-05,30280.5703125,20650.251953125,31818.0
2016-02-08,30362.630859375,20706.21484375,18093.0
2016-02-09,30362.630859375,20737.0390625,18093.0
2016-02-10,30690.876953125,20961.2265625,77097.0
2016-02-11,30641.640625,20927.6015625,141961.0
2016-02-12,30461.10546875,20804.29296875,43047.0
2016-02-15,30559.578125,20871.548828125,10054.0
2016-02-16,30559.578125,20871.548828125,10054.0
2016-02-17,30280.5703125,20680.994140625,99037.0
2016-02-18,30608.814453125,20905.17578125,137034.0
2016-02-19,31166.83203125,21286.29296875,71396.0
2016-02-22,31429.427734375,21465.640625,15685.0
2016-02-23,31429.427734375,21465.640625,15685.0
2016-02-24,30887.822265625,21095.736328125,17751.0
2016-02-25,31330.953125,21398.384765625,43650.0
2016-02-26,31265.3046875,21353.546875,83395.0
2016-02-29,31183.244140625,21297.501953125,105050.0
2016-03-01,31183.244140625,21297.501953125,105050.0
2016-03-02,30838.5859375,21062.107421875,224731.0
2016-03-03,31002.708984375,21174.201171875,134687.0
2016-03-04,31183.244140625,21297.501953125,188599.0
2016-03-07,31134.005859375,21263.873046875,17578.0
2016-03-08,31134.005859375,21263.873046875,17578.0
2016-03-09,31035.533203125,21227.392578125,22436.0
2016-03-10,31101.181640625,21272.2890625,23520.0
2016-03-11,31101.181640625,21272.2890625,47044.0
2016-03-14,30674.46484375,20980.431640625,22912.0
2016-03-15,30674.46484375,20980.431640625,22912.0
2016-03-16,30772.9375,21047.78125,30350.0
2016-03-17,30772.9375,21047.78125,30350.0
2016-03-18,31495.076171875,21541.705078125,234065.0
2016-03-21,31495.076171875,21541.705078125,0.0
2016-03-22,32003.85546875,21889.697265625,67420.0
2016-03-23,32003.85546875,21889.697265625,67420.0
2016-03-24,32167.9765625,22001.94921875,25181.0
2016-03-25,32167.9765625,22001.94921875,0.0
2016-03-28,32167.9765625,22001.94921875,0.0
2016-03-29,31248.892578125,21373.32421875,50860.0
2016-03-30,31248.892578125,21373.32421875,50860.0
2016-03-31,31593.548828125,21609.05859375,35804.0
2016-04-01,31905.380859375,21822.34375,160296.0
2016-04-04,31921.79296875,21833.56640625,20416.0
2016-04-05,31921.79296875,21833.56640625,20416.0
2016-04-06,31462.251953125,21519.251953125,21603.0
2016-04-07,31593.548828125,21609.05859375,50807.0
2016-04-08,31888.96875,21811.1171875,79253.0
2016-04-11,31987.443359375,21878.466796875,210853.0
2016-04-12,31987.443359375,21878.466796875,210853.0
2016-04-13,32397.748046875,22159.10546875,118233.0
2016-04-14,32348.51171875,22125.427734375,157683.0
2016-04-15,31888.96875,21811.1171875,116087.0
2016-04-18,32332.099609375,22114.20703125,883534.0
2016-04-19,32332.099609375,22114.20703125,883534.0
2016-04-20,32561.87109375,22271.36328125,115065.0
2016-04-21,32561.87109375,22271.36328125,49901.0
2016-04-22,32545.458984375,22260.13671875,67393.0
2016-04-25,32250.0390625,22058.076171875,45129.0
2016-04-26,32250.0390625,22058.076171875,45129.0
2016-04-27,31757.671875,21721.310546875,173398.0
2016-04-28,31511.48828125,21552.931640625,54333.0
2016-04-29,31823.3203125,21766.212890625,98392.0
2016-05-02,31839.732421875,21777.443359375,51914.0
2016-05-03,31839.732421875,21777.443359375,51914.0
2016-05-04,31741.259765625,21710.08984375,375468.0
2016-05-05,31281.716796875,21395.7734375,53586.0
2016-05-06,31019.12109375,21216.162109375,78418.0
2016-05-09,30789.349609375,21059.0078125,0.0
2016-05-10,31019.12109375,21254.1171875,70011.0
2016-05-11,31019.12109375,21254.1171875,70011.0
2016-05-12,31954.619140625,21895.119140625,131238.0
2016-05-13,31905.380859375,21861.380859375,147207.0
2016-05-16,31560.724609375,21625.220703125,43203.0
2016-05-17,31560.724609375,21625.220703125,43203.0
2016-05-18,31363.77734375,21490.2734375,80093.0
2016-05-19,30953.47265625,21209.13671875,159909.0
2016-05-20,31019.12109375,21254.1171875,228017.0
2016-05-23,31035.533203125,21265.3671875,40782.0
2016-05-24,31035.533203125,21265.3671875,40782.0
2016-05-25,31593.548828125,21647.71484375,186287.0
2016-05-26,31265.3046875,21422.802734375,30545.0
2016-05-27,30772.9375,21085.43359375,109445.0
2016-05-30,31380.189453125,21501.521484375,0.0
2016-05-31,31921.79296875,21872.62890625,340650.0
2016-06-01,31921.79296875,21872.62890625,340650.0
2016-06-02,31659.197265625,21692.6953125,27484.0
2016-06-03,31445.83984375,21546.5078125,6904.0
2016-06-06,31265.3046875,21422.802734375,0.0
2016-06-07,31872.556640625,21838.88671875,85640.0
2016-06-08,31872.556640625,21838.88671875,85640.0
2016-06-09,31314.541015625,21493.61328125,155265.0
2016-06-10,31183.244140625,21403.498046875,104386.0
2016-06-13,31511.48828125,21628.798828125,29975.0
2016-06-14,31511.48828125,21628.798828125,0.0
2016-06-15,31183.244140625,21403.498046875,35418.0
2016-06-16,31347.365234375,21516.14453125,31926.0
2016-06-17,31183.244140625,21403.498046875,63929.0
2016-06-20,31347.365234375,21516.14453125,36684.0
2016-06-21,31347.365234375,21516.14453125,36684.0
2016-06-22,31101.181640625,21347.171875,131776.0
2016-06-23,31101.181640625,21347.171875,78625.0
2016-06-24,31101.181640625,21347.171875,58344.0
2016-06-27,31019.12109375,21290.84375,23744.0
2016-06-28,31019.12109375,21290.84375,23744.0
2016-06-29,31183.244140625,21403.498046875,107573.0
2016-06-30,31150.41796875,21380.96484375,16036.0
2016-07-01,31314.541015625,21493.61328125,90495.0
2016-07-04,31002.708984375,21279.580078125,0.0
2016-07-05,30920.6484375,21223.25390625,24121.0
2016-07-06,30920.6484375,21223.25390625,24121.0
2016-07-07,31051.9453125,21313.376953125,18240.0
2016-07-08,30871.41015625,21189.45703125,21360.0
2016-07-11,31134.005859375,21407.828125,42364.0
2016-07-12,31134.005859375,21407.828125,42364.0
2016-07-13,31593.548828125,21723.810546875,111907.0
2016-07-14,31527.900390625,21678.669921875,178819.0
2016-07-15,31593.548828125,21723.810546875,97075.0
2016-07-18,31462.251953125,21633.533203125,60032.0
2016-07-19,31462.251953125,21633.533203125,60032.0
2016-07-20,31593.548828125,21723.810546875,99859.0
2016-07-21,31166.83203125,21430.3984375,50793.0
2016-07-22,31166.83203125,21430.3984375,50793.0
2016-07-25,31183.244140625,21441.68359375,49012.0
2016-07-26,31183.244140625,21441.68359375,49012.0
2016-07-27,31183.244140625,21441.68359375,73489.0
2016-07-28,31150.41796875,21419.111328125,72259.0
2016-07-29,31330.953125,21543.248046875,88486.0
2016-08-01,31429.427734375,21610.95703125,23336.0
2016-08-02,31429.427734375,21610.95703125,23336.0
2016-08-03,31511.48828125,21667.384765625,38845.0
2016-08-04,31101.181640625,21385.2578125,44052.0
2016-08-05,31183.244140625,21441.68359375,38191.0
2016-08-08,31495.076171875,21656.09765625,39761.0
2016-08-09,31495.076171875,21693.970703125,39761.0
2016-08-10,31511.48828125,21705.27734375,55062.0
2016-08-11,31478.6640625,21682.66796875,89302.0
2016-08-12,31445.83984375,21660.0625,60417.0
2016-08-15,31478.6640625,21682.66796875,0.0
2016-08-16,31511.48828125,21705.27734375,183539.0
2016-08-17,31511.48828125,21705.27734375,183539.0
2016-08-18,31314.541015625,21569.6171875,81980.0
2016-08-19,31183.244140625,21479.177734375,132711.0
2016-08-22,31330.953125,21580.919921875,45099.0
2016-08-23,31330.953125,21580.919921875,45099.0
2016-08-24,31232.48046875,21513.091796875,17216.0
2016-08-25,31363.77734375,21603.53125,151340.0
2016-08-26,31757.671875,21874.849609375,417639.0
2016-08-29,32053.091796875,22078.3359375,217738.0
2016-08-30,32053.091796875,22078.3359375,217738.0
2016-08-31,31839.732421875,21931.373046875,150721.0
2016-09-01,31971.03125,22021.814453125,254187.0
2016-09-02,31183.244140625,21479.177734375,204973.0
2016-09-05,31675.611328125,21818.326171875,26331.0
2016-09-06,31675.611328125,21818.326171875,26331.0
2016-09-07,31692.0234375,21829.62890625,124607.0
2016-09-08,31593.548828125,21761.802734375,108094.0
2016-09-09,31347.365234375,21630.43359375,380488.0
2016-09-12,31232.48046875,21551.15625,70786.0
2016-09-13,31232.48046875,21551.15625,70786.0
2016-09-14,31166.83203125,21505.857421875,159860.0
2016-09-15,31298.12890625,21596.458984375,282154.0
2016-09-16,31495.076171875,21732.357421875,859351.0
2016-09-19,31593.548828125,21800.306640625,536603.0
2016-09-20,31593.548828125,21800.306640625,536603.0
2016-09-21,31626.373046875,21822.955078125,79919.0
2016-09-22,31445.83984375,21698.384765625,55651.0
2016-09-23,31511.48828125,21743.6796875,99391.0
2016-09-26,31330.953125,21619.107421875,158269.0
2016-09-27,31330.953125,21619.107421875,158269.0
2016-09-28,31265.3046875,21573.80859375,98535.0
2016-09-29,31495.076171875,21732.357421875,82557.0
2016-09-30,31051.9453125,21426.583984375,274269.0
2016-10-03,31314.541015625,21607.783203125,51953.0
2016-10-04,31984.765625,22070.251953125,50865.0
2016-10-05,31699.787109375,21873.611328125,110917.0
2016-10-06,31716.55078125,21885.1796875,49123.0
2016-10-07,31683.0234375,21862.044921875,203603.0
2016-10-10,31716.55078125,21885.1796875,34168.0
2016-10-11,31716.55078125,21885.1796875,34168.0
2016-10-12,31733.314453125,21896.744140625,132771.0
2016-10-13,31766.83984375,21946.544921875,15942.0
2016-10-14,31699.787109375,21900.21875,26514.0
2016-10-17,31481.861328125,21749.662109375,0.0
2016-10-18,31347.75390625,21657.009765625,453840.0
2016-10-19,31347.75390625,21657.009765625,453840.0
2016-10-20,31414.806640625,21703.3359375,75712.0
2016-10-21,31364.517578125,21668.59765625,53783.0
2016-10-24,31414.806640625,21703.3359375,46563.0
2016-10-25,31414.806640625,21703.3359375,46563.0
2016-10-26,31247.171875,21587.521484375,150313.0
2016-10-27,31247.171875,21587.521484375,32971.0
2016-10-28,31280.69921875,21610.689453125,48989.0
2016-10-31,31247.171875,21587.521484375,110448.0
2016-11-01,31247.171875,21587.521484375,110448.0
2016-11-02,31381.279296875,21680.177734375,26167.0
2016-11-03,31565.6796875,21807.568359375,171934.0
2016-11-04,31364.517578125,21668.59765625,775317.0
2016-11-07,31129.828125,21506.453125,0.0
2016-11-08,31280.69921875,21610.689453125,58127.0
2016-11-09,31280.69921875,21610.689453125,58127.0
2016-11-10,31364.517578125,21668.59765625,37130.0
2016-11-11,30693.9765625,21205.341796875,237152.0
2016-11-14,30207.833984375,20869.486328125,0.0
2016-11-15,30006.671875,20756.998046875,108965.0
2016-11-16,30090.490234375,20814.986328125,151687.0
2016-11-17,30073.7265625,20803.38671875,41153.0
2016-11-18,30207.833984375,20896.154296875,177529.0
2016-11-21,30073.7265625,20803.38671875,111888.0
2016-11-22,29755.220703125,20583.064453125,185362.0
2016-11-23,29738.45703125,20571.46484375,254628.0
2016-11-24,29721.693359375,20559.87109375,17077.0
2016-11-25,29570.822265625,20455.50390625,48603.0
2016-11-28,29419.94921875,20351.138671875,80798.0
2016-11-29,29084.6796875,20119.21875,106221.0
2016-11-30,29520.53125,20420.716796875,617386.0
2016-12-01,29537.294921875,20432.314453125,173858.0
2016-12-02,29805.51171875,20617.849609375,65545.0
2016-12-05,30241.361328125,20919.349609375,76157.0
2016-12-06,30207.833984375,20896.154296875,84633.0
2016-12-07,30593.39453125,21162.8671875,151891.0
2016-12-08,30593.39453125,21162.8671875,0.0
2016-12-09,30928.666015625,21394.787109375,117783.0
2016-12-12,31096.30078125,21510.74609375,78458.0
2016-12-13,31012.482421875,21452.765625,223393.0
2016-12-14,30693.9765625,21258.869140625,50549.0
2016-12-15,30911.90234375,21409.8125,142655.0
2016-12-16,30844.84765625,21363.365234375,128724.0
2016-12-19,30945.4296875,21433.033203125,61124.0
2016-12-20,30978.95703125,21456.25,180109.0
2016-12-21,31012.482421875,21479.470703125,128637.0
2016-12-22,30693.9765625,21258.869140625,118695.0
2016-12-23,30526.341796875,21142.765625,67700.0
2016-12-26,31029.24609375,21491.08203125,94001.0
2016-12-27,30710.740234375,21270.482421875,20282.0
2016-12-28,31096.30078125,21537.52734375,28558.0
2016-12-29,31079.537109375,21525.9140625,39389.0
2016-12-30,31079.537109375,21525.9140625,0.0
2017-01-02,30777.794921875,21316.92578125,1868.0
2017-01-03,30744.267578125,21293.703125,16410.0
2017-01-04,31079.537109375,21525.9140625,21667.0
2017-01-05,31314.2265625,21688.4609375,53319.0
2017-01-06,31330.990234375,21700.072265625,34356.0
2017-01-09,31330.990234375,21700.072265625,0.0
2017-01-10,31398.04296875,21746.513671875,18194.0
2017-01-11,31180.1171875,21595.576171875,129026.0
2017-01-12,31213.64453125,21618.796875,63946.0
2017-01-13,31180.1171875,21595.576171875,56056.0
2017-01-16,30844.84765625,21389.818359375,18546.0
2017-01-17,30828.083984375,21378.19140625,94690.0
2017-01-18,30559.869140625,21192.193359375,49260.0
2017-01-19,30006.671875,20808.572265625,237042.0
2017-01-20,29771.984375,20645.82421875,25716.0
2017-01-23,29688.166015625,20587.69921875,91523.0
2017-01-24,30291.65234375,21006.1953125,119197.0
2017-01-25,30492.814453125,21145.69140625,25335.0
2017-01-26,30023.435546875,20820.197265625,92178.0
2017-01-27,29336.1328125,20343.576171875,150960.0
2017-01-30,29168.498046875,20227.326171875,322508.0
2017-01-31,28883.517578125,20029.703125,680300.0
2017-02-01,29084.6796875,20169.201171875,116672.0
2017-02-02,29084.6796875,20169.201171875,250294.0
2017-02-03,29118.20703125,20192.44921875,198123.0
2017-02-06,29202.025390625,20250.580078125,60353.0
2017-02-07,29252.314453125,20285.451171875,129439.0
2017-02-08,29118.20703125,20192.44921875,139668.0
2017-02-09,28833.2265625,19994.830078125,492973.0
2017-02-10,28464.4296875,19739.083984375,499029.0
2017-02-13,27525.673828125,19088.083984375,421952.0
2017-02-14,23485.669921875,16309.330078125,1353422.0
2017-02-15,25145.255859375,17461.806640625,827887.0
2017-02-16,24726.169921875,17170.78125,880184.0
2017-02-17,23720.359375,16472.3046875,364126.0
2017-02-20,23971.810546875,16646.923828125,51058.0
2017-02-21,23720.359375,16472.3046875,302412.0
2017-02-22,23854.466796875,16565.4375,92157.0
2017-02-23,24541.76953125,17042.724609375,220123.0
2017-02-24,24390.8984375,16937.953125,270940.0
2017-02-27,23820.939453125,16542.15625,134093.0
2017-02-28,24592.060546875,17077.6484375,188795.0
2017-03-01,24206.5,16809.90234375,197340.0
2017-03-02,23971.810546875,16646.923828125,69505.0
2017-03-03,24038.865234375,16693.486328125,120476.0
2017-03-06,23133.63671875,16064.865234375,207991.0
2017-03-07,22563.677734375,15669.0625,398878.0
2017-03-08,21960.19140625,15249.98046875,1084944.0
2017-03-09,22379.279296875,15541.0107421875,240319.0
2017-03-10,22915.7109375,15913.52734375,177291.0
2017-03-13,23636.541015625,16414.099609375,301425.0
2017-03-14,23535.9609375,16370.95703125,195641.0
2017-03-15,23586.25,16405.939453125,69886.0
2017-03-16,23301.271484375,16207.71484375,169826.0
2017-03-17,23468.90625,16324.314453125,498796.0
2017-03-20,23468.90625,16324.314453125,0.0
2017-03-21,23535.9609375,16370.95703125,384565.0
2017-03-22,23552.724609375,16382.6181640625,212385.0
2017-03-23,23619.77734375,16429.259765625,209385.0
2017-03-24,23334.798828125,16231.0341796875,166676.0
2017-03-27,23468.90625,16324.314453125,97783.0
2017-03-28,23770.6484375,16534.203125,90317.0
2017-03-29,23686.83203125,16475.900390625,97708.0
2017-03-30,23636.541015625,16440.919921875,448747.0
2017-03-31,23603.013671875,16417.599609375,123101.0
2017-04-03,23468.90625,16324.314453125,66379.0
2017-04-04,23468.90625,16324.314453125,73254.0
2017-04-05,23636.541015625,16440.919921875,401691.0
2017-04-06,23485.669921875,16335.9765625,85526.0
2017-04-07,23100.109375,16067.7900390625,65001.0
2017-04-10,23100.109375,16067.7900390625,19448.0
2017-04-11,23250.98046875,16172.736328125,72391.0
2017-04-12,23351.5625,16242.6962890625,36345.0
2017-04-13,23351.5625,16242.6962890625,0.0
2017-04-14,23351.5625,16242.6962890625,0.0
2017-04-17,23385.087890625,16266.0146484375,62496.0
2017-04-18,23552.724609375,16382.6181640625,171888.0
2017-04-19,23720.359375,16499.220703125,174519.0
2017-04-20,23770.6484375,16534.203125,116033.0
2017-04-21,23619.77734375,16429.259765625,76915.0
2017-04-24,23703.595703125,16487.55859375,122995.0
2017-04-25,23670.068359375,16698.107421875,206219.0
2017-04-26,23670.068359375,16698.107421875,170186.0
2017-04-27,23535.9609375,16603.5,121710.0
2017-04-28,23670.068359375,16698.107421875,112143.0
2017-05-01,23670.068359375,16698.107421875,0.0
2017-05-02,23586.25,16638.978515625,147519.0
2017-05-03,23737.123046875,16745.412109375,243005.0
2017-05-04,24139.447265625,17029.232421875,239781.0
2017-05-05,24424.42578125,17230.271484375,255191.0
2017-05-08,24893.8046875,17561.396484375,418517.0
2017-05-09,24994.384765625,17632.349609375,376939.0
2017-05-10,24558.533203125,17324.876953125,306886.0
2017-05-11,24793.22265625,17490.44140625,246045.0
2017-05-12,25094.966796875,17703.3046875,152235.0
2017-05-16,24055.62890625,16970.103515625,855046.0
2017-05-17,23653.3046875,16686.28125,565703.0
2017-05-18,23804.17578125,16792.712890625,142145.0
2017-05-19,23971.810546875,16910.970703125,294347.0
2017-05-22,23737.123046875,16745.412109375,95316.0
2017-05-23,23468.90625,16556.1953125,365111.0
2017-05-24,23234.216796875,16390.634765625,296601.0
2017-05-25,23301.271484375,16437.939453125,182012.0
2017-05-26,23133.63671875,16319.681640625,418393.0
2017-05-29,23133.63671875,16319.681640625,0.0
2017-05-30,23150.400390625,16331.5078125,456804.0
2017-05-31,22731.3125,16035.8583984375,9759348.0
2017-06-01,22848.65625,16118.6416015625,574451.0
2017-06-02,22932.474609375,16177.7705078125,346302.0
2017-06-05,22127.826171875,15610.12890625,532276.0
2017-06-06,22328.98828125,15752.0390625,663126.0
2017-06-07,22429.568359375,15822.9931640625,177706.0
2017-06-08,23016.291015625,16236.8984375,529763.0
2017-06-09,22982.763671875,16213.2490234375,154796.0
2017-06-12,22731.3125,16035.8583984375,108750.0
2017-06-13,22714.548828125,16024.03515625,137984.0
2017-06-14,22731.3125,16035.8583984375,287766.0
2017-06-15,22714.548828125,16024.03515625,46143.0
2017-06-16,22697.78515625,16012.208984375,123927.0
2017-06-19,22697.78515625,16012.208984375,0.0
2017-06-20,22295.4609375,15728.3876953125,112341.0
2017-06-21,22379.279296875,15787.51953125,206957.0
2017-06-22,22379.279296875,15787.51953125,55542.0
2017-06-23,22379.279296875,15787.51953125,93328.0
2017-06-26,22379.279296875,15787.51953125,0.0
2017-06-27,22111.0625,15598.3017578125,68595.0
2017-06-28,22010.48046875,15527.34765625,144147.0
2017-06-29,22127.826171875,15610.12890625,256230.0
2017-06-30,22412.8046875,15811.1669921875,167685.0
2017-07-03,22412.8046875,15811.1669921875,0.0
2017-07-04,22379.279296875,15787.51953125,60733.0
2017-07-06,23066.58203125,16272.376953125,399618.0
2017-07-07,23150.400390625,16331.5078125,102377.0
2017-07-10,23083.345703125,16284.203125,83353.0
2017-07-11,23100.109375,16296.0283203125,147927.0
2017-07-12,23670.068359375,16698.107421875,336076.0
2017-07-13,23837.703125,16816.3671875,230269.0
2017-07-14,23938.28515625,16887.322265625,229497.0
2017-07-17,23921.521484375,16875.49609375,66568.0
2017-07-18,23720.359375,16733.5859375,127910.0
2017-07-19,23854.466796875,16828.193359375,111370.0
2017-07-20,23854.466796875,16828.193359375,0.0
2017-07-21,23854.466796875,16828.193359375,9597.0
2017-07-24,23955.046875,16899.1484375,98263.0
2017-07-25,24005.337890625,16934.625,328527.0
2017-07-26,23938.28515625,16887.322265625,256511.0
2017-07-27,24072.392578125,16981.9296875,193529.0
2017-07-28,24156.208984375,17041.05859375,129103.0
2017-07-31,24240.02734375,17100.185546875,187649.0
2017-08-01,24407.662109375,17218.4453125,155293.0
2017-08-02,24139.447265625,17029.232421875,49544.0
2017-08-03,23955.046875,16899.1484375,123564.0
2017-08-04,23971.810546875,16910.970703125,12132.0
2017-08-07,23971.810546875,16910.970703125,0.0
2017-08-08,24223.263671875,17088.359375,69069.0
2017-08-09,24223.263671875,17088.359375,65766.0
2017-08-10,23988.57421875,16922.796875,139597.0
2017-08-11,23938.28515625,16887.322265625,41206.0
2017-08-14,23619.77734375,16662.62890625,144336.0
2017-08-15,23435.37890625,16532.546875,41255.0
2017-08-16,23770.6484375,16769.064453125,158453.0
2017-08-17,23971.810546875,16910.970703125,92789.0
2017-08-18,23971.810546875,16910.970703125,106385.0
2017-08-21,23971.810546875,16910.970703125,0.0
2017-08-22,23804.17578125,16792.712890625,24885.0
2017-08-23,23468.90625,16556.1953125,218763.0
2017-08-24,23753.884765625,16757.23828125,126147.0
2017-08-25,23837.703125,16816.3671875,79821.0
2017-08-28,23753.884765625,16757.23828125,52075.0
2017-08-29,23703.595703125,16721.759765625,19048.0
2017-08-30,23502.43359375,16579.8515625,40053.0
2017-08-31,24122.68359375,17017.404296875,546946.0
2017-09-01,24122.68359375,17017.404296875,0.0
2017-09-04,24675.87890625,17407.66015625,177180.0
2017-09-05,24675.87890625,17407.66015625,95715.0
2017-09-06,24675.87890625,17407.66015625,78587.0
2017-09-07,24776.458984375,17478.615234375,13324.0
2017-09-08,24726.169921875,17443.138671875,108731.0
2017-09-11,24776.458984375,17478.615234375,88019.0
2017-09-12,24910.568359375,17573.22265625,517941.0
2017-09-13,24826.75,17514.08984375,52650.0
2017-09-14,24893.8046875,17561.396484375,305434.0
2017-09-15,24022.1015625,16946.451171875,1628417.0
2017-09-18,24172.97265625,17052.8828125,283848.0
2017-09-19,24307.08203125,17147.490234375,96916.0
2017-09-20,24240.02734375,17100.185546875,206347.0
2017-09-21,24105.919921875,17005.58203125,86007.0
2017-09-22,24038.865234375,16958.275390625,174116.0
2017-09-25,23971.810546875,16910.970703125,25182.0
2017-09-26,23871.23046875,16840.015625,108433.0
2017-09-27,23971.810546875,16910.970703125,177300.0
2017-09-28,23938.28515625,16887.322265625,68175.0
2017-09-29,24038.865234375,16958.275390625,111786.0
2017-10-02,24055.62890625,16970.103515625,36493.0
2017-10-03,24072.392578125,16981.9296875,217665.0
2017-10-04,24072.392578125,16981.9296875,22521.0
2017-10-05,24022.1015625,16946.451171875,27314.0
2017-10-06,24005.337890625,16934.625,343610.0
2017-10-09,23971.810546875,16910.970703125,17520.0
2017-10-10,23955.046875,16899.1484375,113501.0
2017-10-11,23938.28515625,16887.322265625,60924.0
2017-10-12,24474.716796875,17265.75,571161.0
2017-10-13,24474.716796875,17265.75,571161.0
2017-10-16,24474.716796875,17265.75,0.0
2017-10-17,24374.134765625,17194.794921875,57165.0
2017-10-18,24374.134765625,17194.794921875,8067.0
2017-10-19,24223.263671875,17088.359375,35021.0
2017-10-20,24307.08203125,17147.490234375,69832.0
2017-10-23,24307.08203125,17147.490234375,50528.0
2017-10-24,24307.08203125,17147.490234375,94628.0
2017-10-25,24558.533203125,17324.876953125,61254.0
2017-10-26,24441.189453125,17242.095703125,152524.0
2017-10-27,24307.08203125,17147.490234375,84615.0
2017-10-30,24273.5546875,17123.841796875,116497.0
2017-10-31,23971.810546875,16910.970703125,158876.0
2017-11-01,24256.791015625,17112.013671875,65334.0
2017-11-02,24139.447265625,17029.232421875,34462.0
2017-11-03,24457.953125,17253.92578125,24855.0
2017-11-06,24457.953125,17253.92578125,0.0
2017-11-07,24290.318359375,17135.6640625,22923.0
2017-11-08,24223.263671875,17088.359375,30373.0
2017-11-09,24223.263671875,17088.359375,12016.0
2017-11-10,24022.1015625,16946.451171875,28176.0
2017-11-13,24022.1015625,16946.451171875,0.0
2017-11-14,23804.17578125,16792.712890625,64406.0
2017-11-15,23820.939453125,16804.54296875,61272.0
2017-11-16,24139.447265625,17029.232421875,50059.0
2017-11-17,23938.28515625,16887.322265625,45743.0
2017-11-20,24055.62890625,16970.103515625,28057.0
2017-11-21,23904.7578125,16863.669921875,31465.0
2017-11-22,24206.5,17076.537109375,124225.0
2017-11-23,24256.791015625,17112.013671875,57146.0
2017-11-24,24357.37109375,17182.96875,621209.0
2017-11-27,24223.263671875,17088.359375,58232.0
2017-11-28,24357.37109375,17182.96875,111533.0
2017-11-29,24307.08203125,17147.490234375,78329.0
2017-11-30,24407.662109375,17218.4453125,198872.0
2017-12-01,24307.08203125,17147.490234375,55886.0
2017-12-04,24457.953125,17253.92578125,12957.0
2017-12-05,24390.8984375,17206.619140625,52351.0
2017-12-06,24189.736328125,17064.70703125,83610.0
2017-12-07,24156.208984375,17041.05859375,143697.0
2017-12-08,24156.208984375,17041.05859375,0.0
2017-12-12,24374.134765625,17194.794921875,184868.0
2017-12-13,24323.845703125,17159.31640625,251421.0
2017-12-14,24323.845703125,17159.31640625,0.0
2017-12-15,24307.08203125,17147.490234375,69228.0
2017-12-18,24374.134765625,17194.794921875,89401.0
2017-12-19,24307.08203125,17147.490234375,58863.0
2017-12-20,24340.607421875,17171.140625,81949.0
2017-12-21,24390.8984375,17206.619140625,26236.0
2017-12-22,24223.263671875,17088.359375,150566.0
2017-12-25,24223.263671875,17088.359375,0.0
2017-12-26,24122.68359375,17017.404296875,7005.0
2017-12-27,24357.37109375,17182.96875,46472.0
2017-12-28,24474.716796875,17265.75,80998.0
2017-12-29,24474.716796875,17265.75,80998.0
2018-01-01,24474.716796875,17265.75,0.0
2018-01-02,24726.169921875,17443.138671875,28045.0
2018-01-03,24357.37109375,17182.96875,15638.0
2018-01-04,24357.37109375,17182.96875,0.0
2018-01-05,24407.662109375,17218.4453125,31412.0
2018-01-08,24407.662109375,17218.4453125,0.0
2018-01-09,24407.662109375,17218.4453125,23511.0
2018-01-10,24625.587890625,17372.181640625,69459.0
2018-01-11,24541.76953125,17313.05078125,41406.0
2018-01-12,24541.76953125,17313.05078125,41406.0
2018-01-15,24223.263671875,17088.359375,22478.0
2018-01-16,23837.703125,16816.3671875,84305.0
2018-01-17,23837.703125,16816.3671875,84305.0
2018-01-18,23837.703125,16816.3671875,0.0
2018-01-19,24122.68359375,17017.404296875,23597.0
2018-01-22,23971.810546875,16910.970703125,52341.0
2018-01-23,23854.466796875,16828.193359375,30802.0
2018-01-24,23871.23046875,16840.015625,100493.0
2018-01-25,23720.359375,16733.5859375,91430.0
2018-01-26,23569.486328125,16627.15234375,121912.0
2018-01-29,23452.142578125,16544.373046875,143697.0
2018-01-30,23133.63671875,16319.681640625,33852.0
2018-01-31,22530.150390625,15893.951171875,326249.0
2018-02-01,22463.095703125,15846.646484375,226336.0
2018-02-02,22362.515625,15775.6904296875,58525.0
2018-02-05,22044.0078125,15550.9970703125,36590.0
2018-02-06,22396.041015625,15799.341796875,15756.0
2018-02-07,22044.0078125,15550.9970703125,32793.0
2018-02-08,21792.556640625,15373.6103515625,15710.0
2018-02-09,21423.7578125,15113.4443359375,172441.0
2018-02-12,21507.576171875,15172.57421875,54387.0
2018-02-13,21205.833984375,14959.7080078125,22256.0
2018-02-14,21054.9609375,14853.2744140625,57943.0
2018-02-15,21423.7578125,15113.4443359375,61126.0
2018-02-16,20987.908203125,14805.970703125,53138.0
2018-02-19,21004.671875,14817.798828125,376041.0
2018-02-20,21122.015625,14900.5771484375,28335.0
2018-02-21,21122.015625,14900.5771484375,71597.0
2018-02-22,21122.015625,14900.5771484375,15092.0
2018-02-23,21189.0703125,14947.880859375,17734.0
2018-02-26,21122.015625,14900.5771484375,37153.0
2018-02-27,20719.69140625,14616.7578125,53820.0
2018-02-28,20317.3671875,14332.9365234375,59583.0
2018-03-01,19613.30078125,13836.2529296875,103450.0
2018-03-02,19613.30078125,13836.2529296875,48508.0
2018-03-05,19512.71875,13765.2958984375,55985.0
2018-03-06,19697.1171875,13895.3798828125,288323.0
2018-03-07,19395.375,13682.5146484375,29914.0
2018-03-08,19512.71875,13765.2958984375,45402.0
2018-03-09,19563.009765625,13800.7724609375,84316.0
2018-03-12,19529.482421875,13777.1220703125,18622.0
2018-03-14,19261.265625,13587.9072265625,8334.0
2018-03-15,19278.029296875,13599.7314453125,22045.0
2018-03-16,19278.029296875,13599.7314453125,22045.0
2018-03-19,19278.029296875,13599.7314453125,0.0
2018-03-20,19294.79296875,13611.55859375,464659.0
2018-03-21,19613.30078125,13836.2529296875,53864.0
2018-03-22,20015.625,14120.0712890625,443026.0
2018-03-23,20015.625,14120.0712890625,443026.0
2018-03-26,19630.064453125,13848.0771484375,18611.0
2018-03-27,19831.2265625,13989.9873046875,74078.0
2018-03-28,19831.2265625,13989.9873046875,74078.0
2018-03-29,19831.2265625,13989.9873046875,0.0
2018-03-30,19831.2265625,13989.9873046875,0.0
2018-04-02,19864.751953125,14013.6376953125,31845.0
2018-04-03,19948.5703125,14072.767578125,482036.0
2018-04-04,20015.625,14120.0712890625,28404.0
2018-04-05,20417.94921875,14403.8935546875,426085.0
2018-04-06,20417.94921875,14403.8935546875,426085.0
2018-04-09,20518.529296875,14474.845703125,179680.0
2018-04-10,20451.474609375,14427.5419921875,58865.0
2018-04-11,20518.529296875,14474.845703125,139718.0
2018-04-12,20451.474609375,14427.5419921875,90957.0
2018-04-13,20451.474609375,14427.5419921875,90957.0
2018-04-16,20367.658203125,14368.4140625,11324.0
2018-04-17,20451.474609375,14427.5419921875,82494.0
2018-04-18,20451.474609375,14427.5419921875,38327.0
2018-04-19,20116.205078125,14191.02734375,158606.0
2018-04-20,20116.205078125,14191.02734375,158606.0
2018-04-23,20116.205078125,14191.02734375,433496.0
2018-04-24,20032.388671875,14131.8984375,47012.0
2018-04-25,20200.0234375,14250.15625,59145.0
2018-04-26,19697.1171875,14189.7734375,58492.0
2018-04-27,19697.1171875,14189.7734375,58492.0
2018-04-30,20250.3125,14588.2939453125,115648.0
2018-05-01,20250.3125,14588.2939453125,0.0
2018-05-02,20099.44140625,14479.6064453125,44172.0
2018-05-03,19965.333984375,14382.99609375,61136.0
2018-05-04,19965.333984375,14382.99609375,61136.0
2018-05-07,19630.064453125,14141.4677734375,70072.0
2018-05-08,19613.30078125,14129.392578125,26734.0
2018-05-09,19596.537109375,14117.3154296875,71065.0
2018-05-10,19294.79296875,13899.9404296875,79032.0
2018-05-11,19294.79296875,13899.9404296875,79032.0
2018-05-14,19294.79296875,13899.9404296875,0.0
2018-05-15,19479.19140625,14032.7802734375,48289.0
2018-05-16,19445.666015625,14008.62890625,22281.0
2018-05-17,19345.083984375,13936.1689453125,81379.0
2018-05-18,19345.083984375,13936.1689453125,81379.0
2018-05-21,19931.806640625,14358.8447265625,87782.0
2018-05-22,20032.388671875,14431.302734375,166699.0
2018-05-23,20015.625,14419.2255859375,27741.0
2018-05-24,20300.603515625,14624.525390625,403775.0
2018-05-25,20300.603515625,14624.525390625,403775.0
2018-05-28,20602.34765625,14841.900390625,46770.0
2018-05-29,20786.74609375,14974.7412109375,167060.0
2018-05-30,21323.177734375,15361.18359375,325397.0
2018-05-31,21071.724609375,15180.0400390625,423107.0
2018-06-01,21071.724609375,15180.0400390625,423107.0
2018-06-04,21071.724609375,15180.0400390625,0.0
2018-06-05,21624.919921875,15578.5595703125,30082.0
2018-06-06,21440.521484375,15445.71875,169946.0
2018-06-07,21289.650390625,15337.03125,145180.0
2018-06-08,21289.650390625,15337.03125,145180.0
2018-06-11,21289.650390625,15337.03125,0.0
2018-06-12,21524.33984375,15506.1025390625,50070.0
2018-06-13,21440.521484375,15445.71875,99479.0
2018-06-14,21390.232421875,15409.4912109375,558009.0
2018-06-15,21390.232421875,15409.4912109375,558009.0
2018-06-18,21457.28515625,15457.7978515625,299259.0
2018-06-19,21071.724609375,15180.0400390625,48425.0
2018-06-20,21088.48828125,15192.1171875,43316.0
2018-06-21,21105.251953125,15204.1904296875,54852.0
2018-06-22,21105.251953125,15204.1904296875,54852.0
2018-06-25,20870.5625,15035.12109375,45401.0
2018-06-26,20954.380859375,15095.50390625,85396.0
2018-06-27,21189.0703125,15264.5751953125,19139.0
2018-06-28,20971.14453125,15107.5810546875,30241.0
2018-06-29,20971.14453125,15107.5810546875,30241.0
2018-07-02,20971.14453125,15107.5810546875,0.0
2018-07-03,21122.015625,15216.265625,467373.0
2018-07-04,21038.197265625,15155.8857421875,14689.0
2018-07-05,21122.015625,15216.265625,52477.0
2018-07-06,21122.015625,15216.265625,52477.0
2018-07-09,20954.380859375,15095.50390625,45803.0
2018-07-10,20954.380859375,15095.50390625,41982.0
2018-07-11,20820.271484375,14998.892578125,19761.0
2018-07-12,20619.111328125,14853.974609375,9824.0
2018-07-13,20619.111328125,14853.974609375,9824.0
2018-07-16,20501.765625,14769.439453125,56241.0
2018-07-17,20367.658203125,14672.830078125,113430.0
2018-07-18,20518.529296875,14781.5185546875,50151.0
2018-07-19,20518.529296875,14781.5185546875,50151.0
2018-07-20,20518.529296875,14781.5185546875,0.0
2018-07-23,20535.29296875,14793.5947265625,20334.0
2018-07-24,20468.23828125,14745.2890625,49289.0
2018-07-25,20116.205078125,14491.6845703125,28470.0
2018-07-26,20417.94921875,14709.060546875,34002.0
2018-07-27,20417.94921875,14709.060546875,34002.0
2018-07-30,20401.185546875,14696.982421875,62934.0
2018-07-31,19915.04296875,14346.767578125,141646.0
2018-08-01,20116.205078125,14491.6845703125,22401.0
2018-08-02,20367.658203125,14672.830078125,263718.0
2018-08-03,20367.658203125,14672.830078125,263718.0
2018-08-06,20283.83984375,14612.44921875,46873.0
2018-08-07,20283.83984375,14612.44921875,0.0
2018-08-08,20334.130859375,14648.677734375,63002.0
2018-08-09,20300.603515625,14624.525390625,36433.0
2018-08-10,20300.603515625,14624.525390625,36433.0
2018-08-13,20116.205078125,14491.6845703125,53500.0
2018-08-14,20233.548828125,14576.2177734375,10130.0
2018-08-15,20116.205078125,14491.6845703125,57485.0
2018-08-16,20099.44140625,14479.6064453125,34872.0
2018-08-17,20099.44140625,14479.6064453125,34872.0
2018-08-20,20099.44140625,14479.6064453125,0.0
2018-08-21,20434.7109375,14721.134765625,356398.0
2018-08-22,20535.29296875,14793.5947265625,146470.0
2018-08-23,20283.83984375,14612.44921875,76621.0
2018-08-24,20283.83984375,14612.44921875,76621.0
2018-08-27,20367.658203125,14672.830078125,51893.0
2018-08-28,20451.474609375,14733.2109375,19058.0
2018-08-29,20367.658203125,14672.830078125,61908.0
2018-08-30,20451.474609375,14733.2109375,31851.0
2018-08-31,20451.474609375,14733.2109375,31851.0
2018-09-03,20283.83984375,14612.44921875,19031.0
2018-09-04,20283.83984375,14612.44921875,15921.0
2018-09-05,20200.0234375,14552.06640625,594712.0
2018-09-06,19965.333984375,14382.99609375,535182.0
2018-09-07,19965.333984375,14382.99609375,535182.0
2018-09-10,19965.333984375,14382.99609375,48826.0
2018-09-11,20116.205078125,14491.6845703125,59300.0
2018-09-12,20116.205078125,14491.6845703125,111449.0
2018-09-13,19881.515625,14322.61328125,11484.0
2018-09-14,19881.515625,14322.61328125,11484.0
2018-09-17,19093.630859375,13755.0234375,287617.0
2018-09-18,19026.578125,13706.7177734375,16084.0
2018-09-19,18439.85546875,13284.0439453125,163309.0
2018-09-20,18691.306640625,13465.189453125,85291.0
2018-09-21,18691.306640625,13465.189453125,85291.0
2018-09-24,18641.017578125,13428.9619140625,31040.0
2018-09-25,18439.85546875,13284.0439453125,207620.0
2018-09-26,18439.85546875,13284.0439453125,8625.0
2018-09-27,18439.85546875,13284.0439453125,85278.0
2018-09-28,18439.85546875,13284.0439453125,85278.0
2018-10-01,18020.767578125,12982.1337890625,21457.0
2018-10-02,18020.767578125,12982.1337890625,21457.0
2018-10-03,18356.037109375,13223.6611328125,266163.0
2018-10-04,18356.037109375,13223.6611328125,16860.0
2018-10-05,18791.888671875,13537.6494140625,29298.0
2018-10-10,18004.00390625,12970.0576171875,17523.0
2018-10-11,18004.00390625,12970.0576171875,17523.0
2018-10-12,18389.564453125,13247.814453125,61798.0
2018-10-15,18389.564453125,13247.814453125,0.0
2018-10-16,17786.078125,12813.0634765625,72056.0
2018-10-17,17786.078125,12813.0634765625,72056.0
2018-10-18,18020.767578125,12982.1337890625,92820.0
2018-10-19,18020.767578125,12982.1337890625,23505.0
2018-10-22,17802.841796875,12825.140625,18042.0
2018-10-23,17802.841796875,12825.140625,18042.0
2018-10-24,17853.1328125,12861.3701171875,33817.0
2018-10-25,17836.369140625,12849.2919921875,170589.0
2018-10-26,17065.248046875,12293.779296875,618036.0
2018-10-29,17115.537109375,12330.0068359375,23456.0
2018-10-30,17115.537109375,12330.0068359375,23456.0
2018-10-31,17266.41015625,12438.697265625,48772.0
2018-11-01,16512.052734375,11895.2578125,604693.0
2018-11-02,16847.322265625,12136.7861328125,341336.0
2018-11-05,16847.322265625,12136.7861328125,0.0
2018-11-06,17970.4765625,12945.904296875,23783.0
2018-11-07,17970.4765625,12945.904296875,23783.0
2018-11-08,18171.638671875,13090.8212890625,104184.0
2018-11-09,18004.00390625,12970.0576171875,59631.0
2018-11-12,18004.00390625,12970.0576171875,0.0
2018-11-13,18154.875,13078.7451171875,119842.0
2018-11-14,18154.875,13078.7451171875,119842.0
2018-11-15,17568.15234375,12656.0703125,582653.0
2018-11-16,17434.044921875,12559.458984375,64010.0
2018-11-19,17316.69921875,12474.923828125,22570.0
2018-11-20,16512.052734375,11895.2578125,113770.0
2018-11-21,15087.154296875,10868.763671875,474331.0
2018-11-22,14701.59375,10591.005859375,28538.0
2018-11-23,15087.154296875,10868.763671875,85923.0
2018-11-26,14919.5185546875,10747.9990234375,102342.0
2018-11-27,14533.9580078125,10470.2412109375,484873.0
2018-11-28,14919.5185546875,10747.9990234375,96867.0
2018-11-29,15120.6806640625,10892.9140625,312866.0
2018-11-30,15673.876953125,11291.4365234375,70307.0
2018-12-03,15254.7890625,10989.525390625,76985.0
2018-12-04,15254.7890625,10989.525390625,96445.0
2018-12-05,15170.9716796875,10929.1455078125,10526.0
2018-12-06,15321.8427734375,11037.8330078125,60294.0
2018-12-07,15087.154296875,10868.763671875,112340.0
2018-12-10,15070.390625,10856.6865234375,7992.0
2018-12-11,15087.154296875,10868.763671875,63745.0
2018-12-12,15087.154296875,10868.763671875,350235.0
2018-12-13,15036.86328125,10832.5341796875,87774.0
2018-12-14,15020.099609375,10820.45703125,527273.0
2018-12-17,14785.4111328125,10651.3876953125,246666.0
2018-12-18,14584.2490234375,10506.4716796875,203413.0
2018-12-19,14014.2900390625,10095.873046875,213872.0
2018-12-20,13427.5673828125,9673.19921875,602539.0
2018-12-21,13829.890625,9963.033203125,568087.0
2018-12-24,13729.310546875,9890.57421875,280174.0
2018-12-25,13729.310546875,9890.57421875,0.0
2018-12-26,13746.0732421875,9902.650390625,10184.0
2018-12-27,13578.4384765625,9781.88671875,38202.0
2018-12-28,13746.0732421875,9902.650390625,99906.0
2018-12-31,13746.0732421875,9902.650390625,0.0
2019-01-01,13746.0732421875,9902.650390625,0.0
2019-01-02,13410.8037109375,9661.1220703125,13118.0
2019-01-03,13410.8037109375,9661.1220703125,11724.0
2019-01-04,13595.2021484375,9793.9619140625,75771.0
2019-01-07,13595.2021484375,9793.9619140625,0.0
2019-01-08,13829.890625,9963.033203125,51665.0
2019-01-09,13746.0732421875,9902.650390625,308922.0
2019-01-10,13829.890625,9963.033203125,63641.0
2019-01-11,13796.3642578125,9938.8798828125,25662.0
2019-01-14,13746.0732421875,9902.650390625,20968.0
2019-01-15,13662.255859375,9842.26953125,6217.0
2019-01-16,13410.8037109375,9661.1220703125,375129.0
2019-01-17,13813.1279296875,9950.9560546875,201719.0
2019-01-18,13947.2353515625,10047.5673828125,195873.0
2019-01-21,13829.890625,9963.033203125,63260.0
2019-01-22,13913.708984375,10023.4150390625,370601.0
2019-01-23,14735.1201171875,10615.158203125,91159.0
2019-01-24,15506.2412109375,11170.6728515625,140933.0
2019-01-25,15942.0927734375,11484.66015625,117193.0
2019-01-28,16260.599609375,11714.1103515625,66018.0
2019-01-29,15757.6943359375,11351.8203125,138718.0
2019-01-30,16327.6533203125,11762.4169921875,60780.0
2019-01-31,15925.3291015625,11472.5830078125,211232.0
2019-02-01,16998.193359375,12245.4736328125,67099.0
2019-02-04,17484.3359375,12595.689453125,63158.0
2019-02-05,17886.658203125,12885.5224609375,292879.0
2019-02-06,17886.658203125,12885.5224609375,229604.0
2019-02-07,17735.787109375,12776.8330078125,79471.0
2019-02-08,18674.54296875,13453.1123046875,395905.0
2019-02-11,18842.1796875,13573.876953125,140770.0
2019-02-12,18925.99609375,13634.259765625,422711.0
2019-02-13,18875.705078125,13598.0302734375,212287.0
2019-02-14,18775.125,13525.572265625,27336.0
2019-02-15,18942.759765625,13646.3349609375,82063.0
2019-02-18,18993.05078125,13682.5654296875,56695.0
2019-02-19,18942.759765625,13646.3349609375,14032.0
2019-02-20,19026.578125,13706.7177734375,131116.0
2019-02-21,19009.814453125,13694.6416015625,38826.0
2019-02-22,19093.630859375,13755.0234375,12869.0
2019-02-25,19479.19140625,14032.7802734375,225560.0
2019-02-26,19697.1171875,14189.7734375,111381.0
2019-02-27,19613.30078125,14129.392578125,63774.0
2019-02-28,20535.29296875,14793.5947265625,386114.0
2019-03-01,20719.69140625,14926.4345703125,93129.0
2019-03-04,21004.671875,15131.732421875,117247.0
2019-03-05,20937.6171875,15083.4267578125,142337.0
2019-03-06,20954.380859375,15095.50390625,60210.0
2019-03-07,20719.69140625,14926.4345703125,23668.0
2019-03-08,20518.529296875,14781.5185546875,53234.0
2019-03-11,20954.380859375,15095.50390625,10386.0
2019-03-12,21054.9609375,15167.9619140625,244572.0
2019-03-13,21105.251953125,15204.1904296875,290916.0
2019-03-14,21189.0703125,15264.5751953125,105293.0
2019-03-15,21792.556640625,15699.326171875,345402.0
2019-03-18,22044.0078125,15880.4677734375,115656.0
2019-03-19,22161.353515625,15965.0068359375,609522.0
2019-03-20,22261.93359375,16037.4638671875,37068.0
2019-03-21,22044.0078125,15880.4677734375,396423.0
2019-03-22,22178.1171875,15977.08203125,161677.0
2019-03-25,22178.1171875,15977.08203125,0.0
2019-03-26,22211.642578125,16001.2314453125,45039.0
2019-03-27,21876.373046875,15759.7060546875,118680.0
2019-03-28,21960.19140625,15820.08984375,65149.0
2019-03-29,22211.642578125,16001.2314453125,105340.0
2019-04-01,22211.642578125,16001.2314453125,157673.0
2019-04-02,21876.373046875,15759.7060546875,34844.0
2019-04-03,21675.2109375,15614.7880859375,200906.0
2019-04-04,21691.974609375,15626.865234375,45826.0
2019-04-05,21457.28515625,15457.7978515625,351650.0
2019-04-08,21323.177734375,15361.18359375,45891.0
2019-04-09,21289.650390625,15337.03125,240904.0
2019-04-10,21323.177734375,15361.18359375,23867.0
2019-04-11,21373.46875,15397.416015625,167637.0
2019-04-12,21373.46875,15397.416015625,167637.0
2019-04-15,21256.123046875,15312.87890625,14563.0
2019-04-16,21256.123046875,15312.87890625,14563.0
2019-04-17,21792.556640625,15699.326171875,40541.0
2019-04-18,21792.556640625,15699.326171875,0.0
2019-04-19,21792.556640625,15699.326171875,0.0
2019-04-22,21557.8671875,15530.2529296875,72087.0
2019-04-23,21557.8671875,15530.2529296875,72087.0
2019-04-24,21960.19140625,15820.08984375,106543.0
2019-04-25,21909.900390625,15783.859375,43230.0
2019-04-26,22178.1171875,15977.08203125,52461.0
2019-04-29,21122.015625,16233.3984375,73860.0
2019-04-30,21122.015625,16233.3984375,73860.0
2019-05-01,21122.015625,16233.3984375,0.0
2019-05-02,20786.74609375,15975.7294921875,89582.0
2019-05-03,20786.74609375,15975.7294921875,89582.0
2019-05-06,20853.798828125,16027.263671875,15361.0
2019-05-07,20853.798828125,16027.263671875,15361.0
2019-05-08,20015.625,15383.080078125,92936.0
2019-05-09,19697.1171875,15138.291015625,302223.0
2019-05-10,19278.029296875,14816.2001953125,248456.0
2019-05-13,19110.39453125,14687.36328125,26434.0
2019-05-14,19110.39453125,14687.36328125,26434.0
2019-05-15,19613.30078125,15073.8740234375,28122.0
2019-05-16,19596.537109375,15060.9892578125,209029.0
2019-05-17,19613.30078125,15073.8740234375,20561.0
2019-05-20,19596.537109375,15060.9892578125,24494.0
2019-05-21,19596.537109375,15060.9892578125,24494.0
2019-05-22,19579.7734375,15048.103515625,467467.0
2019-05-23,19613.30078125,15073.8740234375,258723.0
2019-05-24,19529.482421875,15009.455078125,114798.0
2019-05-27,19579.7734375,15048.103515625,94876.0
2019-05-28,19579.7734375,15048.103515625,94876.0
2019-05-29,19026.578125,14622.9453125,416402.0
2019-05-30,19428.90234375,14932.154296875,107056.0
2019-05-31,19529.482421875,15009.455078125,455705.0
2019-06-03,19529.482421875,15009.455078125,0.0
2019-06-04,19311.556640625,14841.9677734375,81379.0
2019-06-05,19311.556640625,14841.9677734375,81379.0
2019-06-06,19278.029296875,14816.2001953125,39472.0
2019-06-07,19294.79296875,14829.083984375,28799.0
2019-06-11,19563.009765625,15035.2216796875,97802.0
2019-06-12,20116.205078125,15460.3828125,173894.0
2019-06-13,20501.765625,15756.7041015625,341849.0
2019-06-14,20887.326171875,16053.03125,217226.0
2019-06-17,20954.380859375,16104.564453125,112876.0
2019-06-18,21038.197265625,16168.982421875,30646.0
2019-06-19,20904.08984375,16065.9150390625,29248.0
2019-06-20,21088.48828125,16207.6357421875,131880.0
2019-06-21,21122.015625,16233.3984375,67169.0
2019-06-24,21122.015625,16233.3984375,0.0
2019-06-25,20920.853515625,16078.796875,38328.0
2019-06-26,20870.5625,16040.1455078125,14228.0
2019-06-27,20753.21875,15949.9599609375,46497.0
2019-06-28,20870.5625,16040.1455078125,7006.0
2019-07-01,20870.5625,16040.1455078125,0.0
2019-07-02,20853.798828125,16027.263671875,12033.0
2019-07-03,20853.798828125,16027.263671875,12033.0
2019-07-04,20870.5625,16040.1455078125,5245.0
2019-07-05,20887.326171875,16053.03125,19892.0
2019-07-08,22027.244140625,16929.1171875,116592.0
2019-07-09,22027.244140625,16929.1171875,116592.0
2019-07-10,22044.0078125,16942.0,45538.0
2019-07-11,21976.955078125,16890.46875,71131.0
2019-07-12,22211.642578125,17070.8359375,70190.0
2019-07-15,22379.279296875,17199.67578125,171411.0
2019-07-16,22379.279296875,17199.67578125,171411.0
2019-07-17,22764.83984375,17496.0,481402.0
2019-07-18,22831.892578125,17547.53125,757695.0
2019-07-19,22396.041015625,17212.55859375,191437.0
2019-07-22,22563.677734375,17341.396484375,25377.0
2019-07-23,22563.677734375,17341.396484375,25377.0
2019-07-24,22865.419921875,17573.30078125,412086.0
2019-07-25,22563.677734375,17341.396484375,252089.0
2019-07-26,22630.73046875,17392.927734375,19126.0
2019-07-29,22630.73046875,17392.927734375,23067.0
2019-07-30,22630.73046875,17392.927734375,23067.0
2019-07-31,22328.98828125,17161.0234375,42547.0
2019-08-01,22647.494140625,17405.814453125,120841.0
2019-08-02,22077.53515625,16967.76953125,72642.0
2019-08-05,21457.28515625,16491.076171875,55066.0
2019-08-06,21457.28515625,16491.076171875,55066.0
2019-08-07,21457.28515625,16491.076171875,0.0
2019-08-08,22278.697265625,17122.373046875,44124.0
2019-08-09,22278.697265625,17122.373046875,44124.0
2019-08-12,21373.46875,16426.658203125,17094.0
2019-08-13,21373.46875,16426.658203125,17094.0
2019-08-14,21809.318359375,16761.62890625,87190.0
2019-08-15,21574.630859375,16581.26171875,32595.0
2019-08-16,21457.28515625,16491.076171875,62674.0
2019-08-19,21457.28515625,16491.076171875,0.0
2019-08-20,22245.169921875,17096.603515625,126453.0
2019-08-21,22245.169921875,17096.603515625,126453.0
2019-08-22,22211.642578125,17070.8359375,174103.0
2019-08-23,22127.826171875,17006.419921875,25562.0
2019-08-26,21809.318359375,16761.62890625,96941.0
2019-08-27,21809.318359375,16761.62890625,96941.0
2019-08-28,21809.318359375,16761.62890625,93806.0
2019-08-29,22194.87890625,17057.955078125,57059.0
2019-08-30,21960.19140625,16877.5859375,43898.0
2019-09-02,22161.353515625,17032.189453125,1210.0
2019-09-03,22161.353515625,17032.189453125,1210.0
2019-09-04,21826.08203125,16774.513671875,49249.0
2019-09-05,22161.353515625,17032.189453125,106493.0
2019-09-06,22010.48046875,16916.234375,62244.0
2019-09-09,21943.427734375,16864.69921875,10410.0
2019-09-10,21943.427734375,16864.69921875,10410.0
2019-09-11,21809.318359375,16761.62890625,156400.0
2019-09-12,21775.79296875,16735.865234375,21810.0
2019-09-13,21976.955078125,16890.46875,167666.0
2019-09-16,22530.150390625,17315.62890625,220754.0
2019-09-17,22530.150390625,17315.62890625,220754.0
2019-09-18,22530.150390625,17315.62890625,38884.0
2019-09-19,22379.279296875,17199.67578125,103088.0
2019-09-20,22345.751953125,17173.91015625,126295.0
2019-09-23,22630.73046875,17392.927734375,100524.0
2019-09-24,22630.73046875,17392.927734375,100524.0
2019-09-25,22412.8046875,17225.44140625,218172.0
2019-09-26,22546.9140625,17328.51171875,38835.0
2019-09-27,23468.90625,18037.11328125,289236.0
2019-09-30,23502.43359375,18062.880859375,147401.0
2019-10-01,23502.43359375,18062.880859375,147401.0
2019-10-02,23468.90625,18037.11328125,16648.0
2019-10-03,23284.5078125,17895.392578125,14184.0
2019-10-04,23720.359375,18230.3671875,56645.0
2019-10-07,23636.541015625,18165.94921875,7506.0
2019-10-08,23636.541015625,18165.94921875,7506.0
2019-10-09,23250.98046875,17869.625,79566.0
2019-10-10,23334.798828125,17934.04296875,26155.0
2019-10-11,23468.90625,18037.11328125,29858.0
2019-10-14,23468.90625,18037.11328125,0.0
2019-10-15,23636.541015625,18165.94921875,14056.0
2019-10-16,23636.541015625,18165.94921875,14056.0
2019-10-17,23586.25,18127.298828125,44385.0
2019-10-18,23603.013671875,18140.181640625,53563.0
2019-10-21,23887.994140625,18359.205078125,212902.0
2019-10-22,23887.994140625,18359.205078125,212902.0
2019-10-23,23955.046875,18410.73828125,81772.0
2019-10-24,24022.1015625,18462.275390625,117181.0
2019-10-25,24240.02734375,18629.759765625,167979.0
2019-10-28,24223.263671875,18616.876953125,53869.0
2019-10-29,24223.263671875,18616.876953125,53869.0
2019-10-30,24273.5546875,18655.529296875,175611.0
2019-10-31,24390.8984375,18745.71484375,200551.0
2019-11-01,24390.8984375,18745.71484375,200551.0
2019-11-04,24390.8984375,18745.71484375,0.0
2019-11-05,24793.22265625,19054.919921875,223844.0
2019-11-06,24508.244140625,18835.900390625,268322.0
2019-11-07,24474.716796875,18810.130859375,75331.0
2019-11-08,24474.716796875,18810.130859375,66357.0
2019-11-11,24474.716796875,18810.130859375,0.0
2019-11-12,24491.48046875,18823.015625,97031.0
2019-11-13,24139.447265625,18552.458984375,35128.0
2019-11-14,23921.521484375,18384.97265625,37159.0
2019-11-15,23887.994140625,18359.205078125,3290.0
2019-11-18,24223.263671875,18616.876953125,13500.0
2019-11-19,23670.068359375,18191.716796875,20839.0
2019-11-20,24206.5,18603.994140625,54947.0
2019-11-21,23955.046875,18410.73828125,23522.0
2019-11-22,24139.447265625,18552.458984375,21617.0
2019-11-25,24122.68359375,18539.576171875,24524.0
2019-11-26,24139.447265625,18552.458984375,291209.0
2019-11-27,24139.447265625,18552.458984375,45179.0
2019-11-28,24558.533203125,18874.548828125,53750.0
2019-11-29,24558.533203125,18874.548828125,53750.0
2019-12-02,24608.82421875,18913.201171875,51254.0
2019-12-03,24625.587890625,18926.0859375,6384.0
2019-12-04,24709.40625,18990.50390625,58912.0
2019-12-05,24424.42578125,18771.48046875,19353.0
2019-12-06,24474.716796875,18810.130859375,8679.0
2019-12-09,24307.08203125,18681.296875,53849.0
2019-12-10,24575.296875,18887.435546875,9137.0
2019-12-11,24675.87890625,18964.734375,18867.0
2019-12-12,24977.62109375,19196.638671875,128375.0
2019-12-13,24944.09375,19170.873046875,64163.0
2019-12-16,25145.255859375,19325.4765625,110633.0
2019-12-17,25145.255859375,19325.4765625,54791.0
2019-12-18,25312.892578125,19454.31640625,119935.0
2019-12-19,25480.52734375,19583.15234375,29595.0
2019-12-20,25564.34375,19647.568359375,68282.0
2019-12-23,25815.796875,19840.826171875,141033.0
2019-12-24,25983.431640625,19969.66015625,7678.0
2019-12-25,25983.431640625,19969.66015625,0.0
2019-12-26,25899.615234375,19905.2421875,2982.0
2019-12-27,25899.615234375,19905.2421875,89756.0
2019-12-30,25815.796875,19840.826171875,95712.0
2019-12-31,25815.796875,19840.826171875,0.0
2020-01-01,25815.796875,19840.826171875,0.0
2020-01-02,25815.796875,19840.826171875,0.0
2020-01-03,26234.884765625,20162.91796875,20724.0
2020-01-06,26234.884765625,20162.91796875,0.0
2020-01-07,26234.884765625,20162.91796875,9908.0
2020-01-08,26402.51953125,20291.751953125,22399.0
2020-01-09,26737.7890625,20549.42578125,159453.0
2020-01-10,26821.607421875,20613.841796875,296535.0
2020-01-13,26687.498046875,20510.771484375,49648.0
2020-01-14,27056.296875,20794.216796875,182284.0
2020-01-15,27006.005859375,20755.5625,28312.0
2020-01-16,26821.607421875,20613.841796875,53173.0
2020-01-17,26821.607421875,20613.841796875,53173.0
2020-01-20,27223.931640625,20923.05078125,17083.0
2020-01-21,27324.51171875,21000.353515625,119781.0
2020-01-22,27290.984375,20974.583984375,26823.0
2020-01-23,27324.51171875,21000.353515625,53881.0
2020-01-24,27156.876953125,20871.515625,20406.0
2020-01-27,27039.533203125,20781.330078125,260399.0
2020-01-28,27240.6953125,20935.935546875,67098.0
2020-01-29,27274.220703125,20961.701171875,261848.0
2020-01-30,27290.984375,20974.583984375,75619.0
2020-01-31,27240.6953125,20935.935546875,361232.0
2020-02-03,27240.6953125,20935.935546875,13711.0
2020-02-04,27391.56640625,21051.88671875,37949.0
2020-02-05,27492.146484375,21129.189453125,90110.0
2020-02-06,27626.255859375,21232.2578125,56256.0
2020-02-07,27492.146484375,21129.189453125,37217.0
2020-02-10,27425.09375,21077.654296875,25687.0
2020-02-11,27575.96484375,21193.60546875,32014.0
2020-02-12,27743.599609375,21322.4453125,54563.0
2020-02-13,27827.41796875,21386.86328125,53977.0
2020-02-14,27995.052734375,21515.697265625,23833.0
2020-02-17,28062.10546875,21567.232421875,19357.0
2020-02-18,28045.34375,21554.3515625,85449.0
2020-02-19,28162.6875,21644.537109375,38526.0
2020-02-20,27626.255859375,21232.2578125,137011.0
2020-02-21,27659.78125,21258.02734375,39683.0
2020-02-24,27525.673828125,21154.95703125,99068.0
2020-02-25,27995.052734375,21515.697265625,149473.0
2020-02-26,27458.62109375,21103.421875,1295003.0
2020-02-27,27324.51171875,21000.353515625,225630.0
2020-02-28,26989.2421875,20742.677734375,200801.0
2020-03-02,26821.607421875,20613.841796875,50905.0
2020-03-03,26821.607421875,20613.841796875,233002.0
2020-03-04,26871.8984375,20652.494140625,288320.0
2020-03-05,27156.876953125,20871.515625,66582.0
2020-03-06,26821.607421875,20613.841796875,239974.0
2020-03-09,25983.431640625,19969.66015625,116485.0
2020-03-10,25983.431640625,19969.66015625,142688.0
2020-03-11,24659.115234375,18951.8515625,134518.0
2020-03-12,23049.818359375,17715.01953125,140264.0
2020-03-13,23049.818359375,17715.01953125,140264.0
2020-03-16,18439.85546875,14172.017578125,88173.0
2020-03-17,20116.205078125,15460.3828125,185946.0
2020-03-18,17266.41015625,13270.1630859375,175068.0
2020-03-19,16428.234375,12625.978515625,279989.0
2020-03-20,18423.091796875,14159.1337890625,257015.0
2020-03-23,18423.091796875,14159.1337890625,0.0
2020-03-24,18406.328125,14146.25,83385.0
2020-03-25,19864.751953125,15267.1279296875,57405.0
2020-03-26,19864.751953125,15267.1279296875,57405.0
2020-03-27,20954.380859375,16104.564453125,168687.0
2020-03-30,21356.705078125,16413.7734375,9519.0
2020-03-31,21608.15625,16607.02734375,92962.0
2020-04-01,21189.0703125,16284.9375,29262.0
2020-04-02,22630.73046875,17392.927734375,216405.0
2020-04-03,22211.642578125,17070.8359375,7704.0
2020-04-06,21876.373046875,16813.166015625,44699.0
2020-04-07,22630.73046875,17392.927734375,48473.0
2020-04-08,22613.966796875,17380.046875,10787.0
2020-04-09,22613.966796875,17380.046875,0.0
2020-04-10,22613.966796875,17380.046875,0.0
2020-04-13,21876.373046875,16813.166015625,19306.0
2020-04-14,22211.642578125,17070.8359375,81836.0
2020-04-15,22044.0078125,16942.0,34491.0
2020-04-16,22044.0078125,16942.0,72460.0
2020-04-17,22111.0625,16993.53515625,166761.0
2020-04-20,22027.244140625,16929.1171875,65834.0
2020-04-21,21708.73828125,16684.328125,76396.0
2020-04-22,21624.919921875,16619.91015625,90553.0
2020-04-23,21792.556640625,16748.75,45057.0
2020-04-24,21624.919921875,16619.91015625,49935.0
2020-04-27,21792.556640625,16748.75,80038.0
2020-04-28,21541.103515625,16555.494140625,105955.0
2020-04-29,21541.103515625,16555.494140625,49896.0
2020-04-30,21624.919921875,16619.91015625,74477.0
2020-05-01,21624.919921875,16619.91015625,0.0
2020-05-04,21138.779296875,16246.2841796875,29356.0
2020-05-05,21122.015625,16233.3984375,3817.0
2020-05-06,21239.359375,16323.5859375,24122.0
2020-05-07,21457.28515625,16491.076171875,35239.0
2020-05-08,21624.919921875,16619.91015625,57738.0
2020-05-11,21289.650390625,16362.2373046875,22662.0
2020-05-12,21054.9609375,16181.8662109375,15633.0
2020-05-13,20954.380859375,16104.564453125,17708.0
2020-05-14,20568.8203125,15808.240234375,18749.0
2020-05-15,20401.185546875,15679.404296875,20981.0
2020-05-18,21071.724609375,16194.751953125,66200.0
2020-05-19,20585.583984375,15821.125,10045.0
2020-05-20,20954.380859375,16104.564453125,85452.0
2020-05-21,20954.380859375,16104.564453125,85452.0
2020-05-22,20786.74609375,15975.7294921875,73515.0
2020-05-25,20786.74609375,15975.7294921875,0.0
2020-05-26,20719.69140625,15924.1943359375,50065.0
2020-05-27,20954.380859375,16104.564453125,31686.0
2020-05-28,21759.029296875,16722.982421875,18364.0
2020-05-29,21792.556640625,16748.75,85653.0
2020-06-01,22379.279296875,17199.67578125,92280.0
2020-06-02,22630.73046875,17392.927734375,72419.0
2020-06-03,22630.73046875,17392.927734375,72419.0
2020-06-04,22597.203125,17367.162109375,81554.0
2020-06-05,23468.90625,18037.11328125,99279.0
2020-06-08,23385.087890625,17972.6953125,21005.0
2020-06-09,23418.615234375,17998.462890625,57627.0
2020-06-10,23552.724609375,18101.53125,161206.0
2020-06-11,21960.19140625,16877.5859375,34332.0
2020-06-12,22379.279296875,17199.67578125,22145.0
2020-06-15,22379.279296875,17199.67578125,0.0
2020-06-16,23200.689453125,17830.974609375,42338.0
2020-06-17,23049.818359375,17715.01953125,39681.0
2020-06-18,23049.818359375,17715.01953125,31596.0
2020-06-19,23887.994140625,18359.205078125,336291.0
2020-06-22,23887.994140625,18359.205078125,0.0
2020-06-23,23452.142578125,18024.23046875,137776.0
2020-06-24,23049.818359375,17715.01953125,5737.0
2020-06-25,23133.63671875,17779.4375,69289.0
2020-06-26,23183.92578125,17818.08984375,14950.0
2020-06-29,23183.92578125,17818.08984375,0.0
2020-06-30,23284.5078125,17895.392578125,23545.0
2020-07-01,23301.271484375,17908.27734375,46693.0
2020-07-02,23334.798828125,17934.04296875,89694.0
2020-07-03,23217.453125,17843.857421875,32564.0
2020-07-06,24412.435546875,18762.265625,92303.0
2020-07-07,24337.3203125,18704.53515625,18387.0
2020-07-08,24581.443359375,18892.15625,71183.0
2020-07-09,24374.876953125,18733.3984375,38315.0
2020-07-10,24393.65625,18747.83203125,50617.0
2020-07-13,24205.869140625,18603.5078125,26373.0
2020-07-14,24205.869140625,18603.5078125,52666.0
2020-07-15,24600.22265625,18906.58984375,73046.0
2020-07-16,24581.443359375,18892.15625,41365.0
2020-07-17,24506.328125,18834.427734375,162722.0
2020-07-20,24506.328125,18834.427734375,0.0
2020-07-21,24600.22265625,18906.58984375,200551.0
2020-07-22,24600.22265625,18906.58984375,55616.0
2020-07-23,24412.435546875,18762.265625,157491.0
2020-07-24,24205.869140625,18603.5078125,111140.0
2020-07-27,24412.435546875,18762.265625,36976.0
2020-07-28,24262.205078125,18646.806640625,36301.0
2020-07-29,24299.76171875,18675.66796875,28963.0
2020-07-30,24412.435546875,18762.265625,55779.0
2020-07-31,23379.6015625,17968.4765625,317549.0
2020-08-03,23999.30078125,18444.75,12294.0
2020-08-04,24224.646484375,18617.939453125,124724.0
2020-08-05,24318.541015625,18690.103515625,112946.0
2020-08-06,24337.3203125,18704.53515625,78466.0
2020-08-07,24337.3203125,18704.53515625,0.0
2020-08-10,23511.052734375,18069.505859375,9821.0
2020-08-11,23642.50390625,18170.53125,16132.0
2020-08-12,23567.388671875,18112.802734375,34151.0
2020-08-13,23924.185546875,18387.01953125,36401.0
2020-08-14,23867.849609375,18343.72265625,15306.0
2020-08-17,23867.849609375,18343.72265625,0.0
2020-08-18,23867.849609375,18343.72265625,34288.0
2020-08-19,24018.080078125,18459.181640625,89673.0
2020-08-20,24187.08984375,18589.076171875,59355.0
2020-08-21,24111.974609375,18531.34375,75688.0
2020-08-24,24111.974609375,18531.34375,0.0
2020-08-25,25557.94140625,19642.646484375,163728.0
2020-08-26,25539.162109375,19628.21484375,95564.0
2020-08-27,24881.904296875,19123.076171875,52478.0
2020-08-28,25351.375,19483.890625,14797.0
2020-08-31,25445.26953125,19556.0546875,38784.0
2020-09-01,25689.392578125,19743.67578125,108529.0
2020-09-02,25914.73828125,19916.865234375,83774.0
2020-09-03,25820.84375,19844.703125,25103.0
2020-09-04,25614.27734375,19685.9453125,10939.0
2020-09-07,25708.171875,19758.109375,42274.0
2020-09-08,25539.162109375,19628.21484375,36263.0
2020-09-09,25633.056640625,19700.37890625,40251.0
2020-09-10,25351.375,19483.890625,109444.0
2020-09-11,25351.375,19483.890625,14996.0
2020-09-14,25257.48046875,19411.728515625,13267.0
2020-09-15,25088.470703125,19281.833984375,10274.0
2020-09-16,24769.232421875,19036.482421875,51432.0
2020-09-17,24975.798828125,19195.240234375,32103.0
2020-09-18,24506.328125,18834.427734375,299774.0
2020-09-21,24825.568359375,19079.779296875,62984.0
2020-09-22,24769.232421875,19036.482421875,5182.0
2020-09-23,24675.337890625,18964.322265625,71166.0
2020-09-24,24694.1171875,18978.75390625,3313.0
2020-09-25,24938.2421875,19166.376953125,36855.0
2020-09-28,25069.693359375,19267.404296875,11107.0
2020-09-29,24938.2421875,19166.376953125,73683.0
2020-09-30,24975.798828125,19195.240234375,28113.0
2020-10-01,24863.126953125,19108.646484375,22867.0
2020-10-02,24881.904296875,19123.076171875,3831.0
2020-10-05,24788.01171875,19050.916015625,15588.0
2020-10-06,24703.505859375,18985.96875,45239.0
2020-10-07,24290.373046875,18668.451171875,91432.0
2020-10-08,24290.373046875,18668.451171875,91432.0
2020-10-09,24234.037109375,18625.158203125,8161.0
2020-10-12,24234.037109375,18625.158203125,0.0
2020-10-13,24299.76171875,18675.66796875,33377.0
2020-10-14,24215.2578125,18610.724609375,76983.0
2020-10-15,24205.869140625,18603.5078125,36356.0
2020-10-16,24403.044921875,18755.05078125,16957.0
2020-10-19,24055.638671875,18488.046875,43845.0
2020-10-20,24421.82421875,18769.482421875,98200.0
2020-10-21,24158.921875,18567.4296875,24635.0
2020-10-22,24572.0546875,18884.94140625,4121.0
2020-10-23,24572.0546875,18884.94140625,60.0
2020-10-26,24572.0546875,18884.94140625,703.0
2020-10-27,24600.22265625,18906.58984375,56395.0
2020-10-28,24412.435546875,18762.265625,14275.0
2020-10-29,24403.044921875,18755.05078125,57021.0
2020-10-30,24412.435546875,18762.265625,299832.0
2020-11-02,24412.435546875,18762.265625,0.0
2020-11-03,24262.205078125,18646.806640625,27519.0
2020-11-04,24788.01171875,19050.916015625,27634.0
2020-11-05,24834.95703125,19086.99609375,43597.0
2020-11-06,24834.95703125,19086.99609375,43597.0
2020-11-09,25285.6484375,19433.375,168582.0
2020-11-10,25820.84375,19844.703125,62914.0
2020-11-11,26290.314453125,20205.515625,71125.0
2020-11-12,26271.53515625,20191.08203125,82337.0
2020-11-13,25604.888671875,19678.728515625,56103.0
2020-11-16,25604.888671875,19678.728515625,0.0
2020-11-17,25464.046875,19570.486328125,26546.0
2020-11-18,25492.21484375,19592.1328125,105221.0
2020-11-19,25764.5078125,19801.404296875,51697.0
2020-11-20,26196.419921875,20133.353515625,39546.0
2020-11-23,26478.1015625,20349.83984375,76824.0
2020-11-24,26816.12109375,20609.626953125,275868.0
2020-11-25,26618.943359375,20458.0859375,34688.0
2020-11-26,26834.900390625,20624.05859375,142408.0
2020-11-27,27032.076171875,20775.59765625,24987.0
2020-11-30,27229.25390625,20927.140625,136951.0
2020-12-01,27811.396484375,21374.548828125,276760.0
2020-12-02,28834.841796875,22161.125,112290.0
2020-12-03,29107.134765625,22370.392578125,75333.0
2020-12-04,29107.134765625,22370.392578125,75333.0
2020-12-07,30036.68359375,23084.802734375,65707.0
2020-12-08,30036.68359375,23084.802734375,0.0
2020-12-09,29492.099609375,22666.259765625,101301.0
2020-12-10,29107.134765625,22370.392578125,83037.0
2020-12-11,29670.498046875,22803.369140625,34545.0
2020-12-14,30327.755859375,23308.5078125,106835.0
2020-12-15,30571.880859375,23496.130859375,135790.0
2020-12-16,30797.2265625,23669.3203125,150455.0
2020-12-17,30797.2265625,23669.3203125,435817.0
2020-12-18,29689.27734375,22817.80078125,239964.0
2020-12-21,29576.603515625,22731.205078125,97528.0
2020-12-22,30496.765625,23438.3984375,24830.0
2020-12-23,30327.755859375,23308.5078125,29662.0
2020-12-24,30412.259765625,23373.453125,2597.0
2020-12-25,30412.259765625,23373.453125,0.0
2020-12-28,30036.68359375,23084.802734375,36596.0
2020-12-29,30346.53515625,23322.94140625,52510.0
2020-12-30,30421.650390625,23380.669921875,43699.0
2020-12-31,30421.650390625,23380.669921875,0.0
2021-01-01,30421.650390625,23380.669921875,0.0
2021-01-04,30891.119140625,23741.482421875,9306.0
2021-01-05,30609.4375,23524.994140625,46231.0
2021-01-06,30609.4375,23524.994140625,60009.0
2021-01-07,30168.13671875,23185.830078125,34255.0
2021-01-08,30553.1015625,23481.697265625,17806.0
2021-01-11,30553.1015625,23481.697265625,0.0
2021-01-12,30327.755859375,23308.5078125,211802.0
2021-01-13,29830.1171875,22926.046875,66516.0
2021-01-14,30139.966796875,23164.1796875,40947.0
2021-01-15,29933.400390625,23005.421875,52241.0
2021-01-18,29764.392578125,22875.529296875,27217.0
2021-01-19,30280.80859375,23272.423828125,42643.0
2021-01-20,30046.07421875,23092.01953125,106359.0
2021-01-21,30506.154296875,23445.615234375,112658.0
2021-01-22,30496.765625,23438.3984375,117468.0
2021-01-25,30468.59765625,23416.75,23484.0
2021-01-26,30421.650390625,23380.669921875,49637.0
2021-01-27,30421.650390625,23380.669921875,155915.0
2021-01-28,30468.59765625,23416.75,77440.0
2021-01-29,30252.640625,23250.775390625,155393.0
2021-02-01,30252.640625,23250.775390625,0.0
2021-02-02,30233.861328125,23236.341796875,81000.0
2021-02-03,30412.259765625,23373.453125,71504.0
2021-02-04,30374.703125,23344.587890625,57294.0
2021-02-05,30421.650390625,23380.669921875,26797.0
2021-02-08,30327.755859375,23308.5078125,84933.0
2021-02-09,30421.650390625,23380.669921875,87606.0
2021-02-10,30759.66796875,23640.453125,64039.0
2021-02-11,30750.279296875,23633.236328125,46776.0
2021-02-12,30787.8359375,23662.103515625,31364.0
2021-02-15,30665.7734375,23568.291015625,17173.0
2021-02-16,30609.4375,23524.994140625,65255.0
2021-02-17,30844.171875,23705.400390625,12155.0
2021-02-18,30515.54296875,23452.830078125,36028.0
2021-02-19,30600.048828125,23517.779296875,33349.0
2021-02-22,30600.048828125,23517.779296875,27410.0
2021-02-23,30477.986328125,23423.96484375,118791.0
2021-02-24,30609.4375,23524.994140625,181143.0
2021-02-25,30534.322265625,23467.265625,52829.0
2021-02-26,30553.1015625,23481.697265625,119818.0
2021-03-01,30553.1015625,23481.697265625,48680.0
2021-03-02,30506.154296875,23445.615234375,18265.0
2021-03-03,30449.818359375,23402.31640625,66686.0
2021-03-04,30449.818359375,23402.31640625,567408.0
2021-03-05,30186.9140625,23200.263671875,47128.0
2021-03-08,30243.251953125,23243.560546875,37415.0
2021-03-09,30027.294921875,23077.5859375,34209.0
2021-03-10,30233.861328125,23236.341796875,39548.0
2021-03-11,30393.482421875,23359.021484375,3530.0
2021-03-12,30402.87109375,23366.236328125,18128.0
2021-03-15,30233.861328125,23236.341796875,23759.0
2021-03-16,30506.154296875,23445.615234375,348782.0
2021-03-17,30374.703125,23344.587890625,9356.0
2021-03-18,29201.02734375,22442.556640625,108920.0
2021-03-19,30046.07421875,23092.01953125,334251.0
2021-03-22,30046.07421875,23092.01953125,0.0
2021-03-23,30327.755859375,23308.5078125,53974.0
2021-03-24,30196.3046875,23207.478515625,8887.0
2021-03-25,30168.13671875,23185.830078125,5686.0
2021-03-26,30318.3671875,23301.2890625,21643.0
2021-03-29,30891.119140625,23741.482421875,3921.0
2021-03-30,30646.99609375,23553.857421875,18011.0
2021-03-31,30731.5,23618.8046875,20316.0
2021-04-01,30731.5,23618.8046875,0.0
2021-04-02,30731.5,23618.8046875,0.0
2021-04-05,30262.029296875,23257.9921875,9148.0
2021-04-06,30233.861328125,23236.341796875,69825.0
2021-04-07,30609.4375,23524.994140625,16875.0
2021-04-08,30421.650390625,23380.669921875,43685.0
2021-04-09,30337.14453125,23315.72265625,53047.0
2021-04-12,30327.755859375,23308.5078125,18491.0
2021-04-13,30665.7734375,23568.291015625,117939.0
2021-04-14,30665.7734375,23568.291015625,117939.0
2021-04-15,30431.0390625,23387.884765625,22503.0
2021-04-16,30609.4375,23524.994140625,119407.0
2021-04-19,30581.26953125,23503.34765625,15138.0
2021-04-20,30515.54296875,23452.830078125,28197.0
2021-04-21,30477.986328125,23423.96484375,100479.0
2021-04-22,30609.4375,23524.994140625,217226.0
2021-04-23,30374.703125,23344.587890625,80879.0
2021-04-26,30337.14453125,23315.72265625,102600.0
2021-04-27,30731.5,23618.8046875,40365.0
2021-04-28,30233.861328125,23236.341796875,132372.0
2021-04-29,30646.99609375,23553.857421875,35143.0
2021-04-30,30064.853515625,23106.453125,80849.0
2021-05-03,29717.4453125,22839.44921875,30588.0
2021-05-04,29858.28515625,22947.693359375,23552.0
2021-05-05,30665.7734375,23568.291015625,56423.0
2021-05-06,30797.2265625,23669.3203125,58336.0
2021-05-07,30956.845703125,23791.994140625,39281.0
2021-05-10,31060.12890625,23871.376953125,87364.0
2021-05-11,33080.0,27212.818359375,82030.0
2021-05-12,31090.0,25575.771484375,36670.0
2021-05-13,31000.0,25501.736328125,48888.0
2021-05-14,30700.0,25254.943359375,32447.0
2021-05-17,30700.0,25254.943359375,0.0
2021-05-18,30600.0,25172.6796875,76734.0
2021-05-19,30270.0,24901.208984375,120545.0
2021-05-20,29500.0,24267.78125,32816.0
2021-05-21,29460.0,24234.875,49398.0
2021-05-24,29100.0,23938.724609375,34882.0
2021-05-25,28100.0,23116.087890625,94793.0
2021-05-26,27980.0,23017.37109375,71214.0
2021-05-27,28210.0,23206.578125,269037.0
2021-05-28,28580.0,23510.953125,61331.0
2021-05-31,28230.0,23223.029296875,12276.0
2021-06-01,28280.0,23264.162109375,18855.0
2021-06-02,28230.0,23223.029296875,87746.0
2021-06-03,28560.0,23494.501953125,123932.0
2021-06-04,28560.0,23494.501953125,42588.0
2021-06-07,28560.0,23494.501953125,0.0
2021-06-08,28500.0,23445.140625,43120.0
2021-06-09,29000.0,23856.458984375,32096.0
2021-06-10,29570.0,24325.36328125,107859.0
2021-06-11,30200.0,24843.623046875,55904.0
2021-06-14,30200.0,24843.623046875,0.0
2021-06-15,30200.0,24843.623046875,57249.0
2021-06-16,29700.0,24432.306640625,31960.0
2021-06-17,29990.0,24670.87109375,23647.0
2021-06-18,30000.0,24679.095703125,66129.0
2021-06-21,29370.0,24160.837890625,42291.0
2021-06-22,29130.0,23963.404296875,214203.0
2021-06-23,28800.0,23691.93359375,123070.0
2021-06-24,29580.0,24333.58984375,25254.0
2021-06-25,29930.0,24621.513671875,2846.0
2021-06-28,29630.0,24374.72265625,9958.0
2021-06-29,29060.0,23905.81640625,12476.0
2021-06-30,29200.0,24020.98828125,70042.0
2021-07-01,29300.0,24103.251953125,36175.0
2021-07-02,29730.0,24456.984375,13081.0
2021-07-05,29730.0,24456.984375,0.0
2021-07-06,30000.0,24679.095703125,21643.0
2021-07-07,29970.0,24654.416015625,16227.0
2021-07-08,29980.0,24662.646484375,59412.0
2021-07-09,29910.0,24605.05859375,35071.0
2021-07-12,30450.0,25049.28515625,58748.0
2021-07-13,30260.0,24892.982421875,4940.0
2021-07-14,30060.0,24728.45703125,16866.0
2021-07-15,30090.0,24753.134765625,17081.0
2021-07-16,29990.0,24670.87109375,7983.0
2021-07-19,29030.0,23881.138671875,6731.0
2021-07-20,29030.0,23881.138671875,0.0
2021-07-21,29020.0,23872.912109375,790876.0
2021-07-22,29670.0,24407.626953125,18790.0
2021-07-23,29610.0,24358.267578125,2797.0
2021-07-26,29480.0,24251.32421875,106644.0
2021-07-27,29430.0,24210.1953125,23214.0
2021-07-28,29420.0,24201.96875,16178.0
2021-07-29,29460.0,24234.875,72396.0
2021-07-30,29280.0,24086.80078125,14502.0
2021-08-02,28830.0,23716.61328125,123603.0
2021-08-03,28500.0,23445.140625,20405.0
2021-08-04,28500.0,23445.140625,140807.0
2021-08-05,28550.0,23486.275390625,14725.0
2021-08-06,28500.0,23445.140625,26558.0
2021-08-09,28490.0,23436.916015625,10270.0
2021-08-10,28210.0,23206.578125,9270.0
2021-08-11,28300.0,23280.6171875,275772.0
2021-08-12,28300.0,23280.6171875,483124.0
2021-08-13,28280.0,23264.162109375,83336.0
2021-08-16,28280.0,23264.162109375,0.0
2021-08-17,29000.0,23856.458984375,57326.0
2021-08-18,29490.0,24259.55078125,256178.0
2021-08-19,30000.0,24679.095703125,78391.0
2021-08-20,29900.0,24596.8359375,16457.0
2021-08-23,28600.0,23527.404296875,807154.0
2021-08-24,28520.0,23461.595703125,72219.0
2021-08-25,28750.0,23650.802734375,528396.0
2021-08-26,28880.0,23757.74609375,29800.0
2021-08-27,28660.0,23576.763671875,37985.0
2021-08-30,28770.0,23667.25390625,9556.0
2021-08-31,28560.0,23494.501953125,38126.0
2021-09-01,28890.0,23765.970703125,47969.0
2021-09-02,28860.0,23741.291015625,27895.0
2021-09-03,28790.0,23683.708984375,540705.0
2021-09-06,28840.0,23724.837890625,7774.0
2021-09-07,28700.0,23609.669921875,39877.0
2021-09-08,28680.0,23593.216796875,77290.0
2021-09-09,28600.0,23527.404296875,165450.0
2021-09-10,28740.0,23642.57421875,14531.0
2021-09-13,28520.0,23461.595703125,78377.0
2021-09-14,28530.0,23469.822265625,429266.0
2021-09-15,28500.0,23445.140625,242931.0
2021-09-16,28670.0,23584.9921875,348669.0
2021-09-17,29000.0,23856.458984375,1824857.0
2021-09-20,28870.0,23749.517578125,129838.0
2021-09-21,28850.0,23733.06640625,430169.0
2021-09-22,28780.0,23675.48046875,181676.0
2021-09-23,28640.0,23560.3125,103906.0
2021-09-24,28500.0,23445.140625,105222.0
2021-09-27,28550.0,23486.275390625,192689.0
2021-09-28,28600.0,23527.404296875,322799.0
2021-09-29,28790.0,23683.708984375,74902.0
2021-09-30,28800.0,23691.93359375,127684.0
2021-10-01,29000.0,23856.458984375,492983.0
2021-10-04,29000.0,23856.458984375,113989.0
2021-10-05,29320.0,24119.703125,369931.0
2021-10-06,29200.0,24020.98828125,97261.0
2021-10-07,29310.0,24111.48046875,149470.0
2021-10-08,29400.0,24185.515625,121625.0
2021-10-11,29590.0,24341.81640625,84777.0
2021-10-12,29410.0,24193.7421875,103522.0
2021-10-13,29500.0,24267.78125,237123.0
2021-10-14,29590.0,24341.81640625,44829.0
2021-10-15,29600.0,24350.04296875,47846.0
2021-10-18,29600.0,24350.04296875,0.0
2021-10-19,29560.0,24317.13671875,13605.0
2021-10-20,29560.0,24317.13671875,59055.0
2021-10-21,29490.0,24259.55078125,23828.0
2021-10-22,29430.0,24210.1953125,36385.0
2021-10-25,29320.0,24119.703125,104034.0
2021-10-26,29800.0,24514.5703125,356256.0
2021-10-27,29650.0,24391.173828125,291555.0
2021-10-28,29670.0,24407.626953125,50939.0
2021-10-29,29670.0,24407.626953125,98995.0
2021-11-01,29670.0,24407.626953125,0.0
2021-11-02,29500.0,24267.78125,196633.0
2021-11-03,29990.0,24670.87109375,109055.0
2021-11-04,29700.0,24432.306640625,88440.0
2021-11-05,29640.0,24382.9453125,29055.0
2021-11-08,29600.0,24350.04296875,20447.0
2021-11-09,29500.0,24267.78125,101596.0
2021-11-10,29380.0,24169.0625,100428.0
2021-11-11,29300.0,24103.251953125,96660.0
2021-11-12,28900.0,23774.1953125,40429.0
2021-11-15,28900.0,23774.1953125,0.0
2021-11-16,28840.0,23724.837890625,140870.0
2021-11-17,29200.0,24020.98828125,108465.0
2021-11-18,28900.0,23774.1953125,25560.0
2021-11-19,28500.0,23445.140625,41816.0
2021-11-22,28900.0,23774.1953125,15341.0
2021-11-23,28500.0,23445.140625,43071.0
2021-11-24,28500.0,23445.140625,18760.0
2021-11-25,28300.0,23280.6171875,46816.0
2021-11-26,28300.0,23280.6171875,48288.0
2021-11-29,28590.0,23519.181640625,99909.0
2021-11-30,28780.0,23675.48046875,535924.0
2021-12-01,28550.0,23486.275390625,68610.0
2021-12-02,28600.0,23527.404296875,30494.0
2021-12-03,28860.0,23741.291015625,61886.0
2021-12-06,28790.0,23683.708984375,53508.0
2021-12-07,28650.0,23568.5390625,61264.0
2021-12-08,28650.0,23568.5390625,0.0
2021-12-09,28500.0,23445.140625,39414.0
2021-12-10,28500.0,23445.140625,14480.0
2021-12-13,27800.0,22869.296875,33961.0
2021-12-14,28100.0,23116.087890625,22651.0
2021-12-15,28340.0,23313.51953125,11229.0
2021-12-16,28650.0,23568.5390625,75960.0
2021-12-17,28500.0,23445.140625,159146.0
2021-12-20,28860.0,23741.291015625,31211.0
2021-12-21,28970.0,23831.78125,25755.0
2021-12-22,28980.0,23840.0078125,19858.0
2021-12-23,28850.0,23733.06640625,9514.0
2021-12-24,28650.0,23568.5390625,3919.0
2021-12-27,28600.0,23527.404296875,12177.0
2021-12-28,28530.0,23469.822265625,12484.0
2021-12-29,28410.0,23371.10546875,682.0
2021-12-30,28600.0,23527.404296875,2971.0
2021-12-31,28600.0,23527.404296875,0.0
2022-01-03,28830.0,23716.61328125,11989.0
2022-01-04,29000.0,23856.458984375,18739.0
2022-01-05,28980.0,23840.0078125,26671.0
2022-01-06,28200.0,23198.3515625,4799.0
2022-01-07,28870.0,23749.517578125,10252.0
2022-01-10,28870.0,23749.517578125,0.0
2022-01-11,28600.0,23527.404296875,9313.0
2022-01-12,29080.0,23922.271484375,23865.0
2022-01-13,28830.0,23716.61328125,55607.0
2022-01-14,28630.0,23552.083984375,144581.0
2022-01-17,28630.0,23552.083984375,0.0
2022-01-18,28630.0,23552.083984375,0.0
2022-01-19,28630.0,23552.083984375,0.0
2022-01-20,29760.0,24481.6640625,122568.0
2022-01-21,30490.0,25082.189453125,44846.0
2022-01-24,29950.0,24637.966796875,29627.0
2022-01-25,30180.0,24827.171875,113889.0
2022-01-26,30000.0,24679.095703125,90854.0
2022-01-27,29800.0,24514.5703125,71187.0
2022-01-28,29700.0,24432.306640625,82184.0
2022-01-31,29770.0,24489.890625,53277.0
2022-02-01,29420.0,24201.96875,72538.0
2022-02-02,29110.0,23946.951171875,57224.0
2022-02-03,29500.0,24267.78125,7102.0
2022-02-04,29320.0,24119.703125,12157.0
2022-02-07,29400.0,24185.515625,27199.0
2022-02-08,29400.0,24185.515625,17075.0
2022-02-09,29250.0,24062.119140625,33990.0
2022-02-10,28850.0,23733.06640625,46333.0
2022-02-11,29000.0,23856.458984375,13681.0
2022-02-14,28730.0,23634.349609375,5865.0
2022-02-15,28420.0,23379.330078125,42023.0
2022-02-16,28110.0,23124.3125,40929.0
2022-02-17,28470.0,23420.462890625,41273.0
2022-02-18,28160.0,23165.447265625,54024.0
2022-02-21,28230.0,23223.029296875,46571.0
2022-02-22,28240.0,23231.2578125,47791.0
2022-02-23,28190.0,23190.125,21638.0
2022-02-24,27700.0,22787.033203125,37810.0
2022-02-25,27700.0,22787.033203125,81873.0
2022-02-28,27700.0,22787.033203125,120382.0
2022-03-01,27800.0,22869.296875,26739.0
2022-03-02,27500.0,22622.505859375,35291.0
2022-03-03,27400.0,22540.240234375,57431.0
2022-03-04,27800.0,22869.296875,47982.0
2022-03-07,27690.0,22778.806640625,64297.0
2022-03-08,27730.0,22811.712890625,28967.0
2022-03-09,27660.0,22754.12890625,46909.0
2022-03-10,27600.0,22704.76953125,5548533630.0
2022-03-11,27600.0,22704.76953125,203063.0
2022-03-14,27700.0,22787.033203125,12421.0
2022-03-15,27890.0,22943.333984375,18786.0
2022-03-16,28300.0,23280.6171875,16498.0
2022-03-17,28390.0,23354.65234375,79738.0
2022-03-18,27990.0,23025.595703125,38773.0
2022-03-21,27990.0,23025.595703125,0.0
2022-03-22,28000.0,23033.826171875,53044.0
2022-03-23,27900.0,22951.560546875,15448.0
2022-03-24,28200.0,23198.3515625,15397.0
2022-03-25,28000.0,23033.826171875,45613.0
2022-03-28,28190.0,23190.125,20198.0
2022-03-29,28260.0,23247.708984375,29880.0
2022-03-30,28260.0,23247.708984375,29880.0
2022-03-31,28080.0,23099.634765625,24280.0
2022-04-01,27970.0,23009.146484375,29073.0
2022-04-04,27970.0,23009.146484375,0.0
2022-04-05,28100.0,23116.087890625,31792.0
2022-04-06,28010.0,23042.048828125,309355.0
2022-04-07,28150.0,23157.21875,52482.0
2022-04-08,28290.0,23272.388671875,212138.0
2022-04-11,28100.0,23116.087890625,4223.0
2022-04-12,28080.0,23099.634765625,28507.0
2022-04-13,28140.0,23148.9921875,10408.0
2022-04-14,28140.0,23148.9921875,0.0
2022-04-15,28140.0,23148.9921875,0.0
2022-04-18,27810.0,22877.525390625,23803.0
2022-04-19,28110.0,23124.3125,153760.0
2022-04-20,28200.0,23198.3515625,258220.0
2022-04-21,28250.0,23239.482421875,158424.0
2022-04-22,28800.0,23691.93359375,165895.0
2022-04-25,28970.0,23831.78125,44557.0
2022-04-26,29000.0,23856.458984375,157527.0
2022-04-27,28910.0,23782.42578125,39839.0
2022-04-28,29140.0,23971.62890625,54628.0
2022-04-29,29140.0,23971.62890625,54628.0
2022-05-02,29170.0,23996.30859375,32684.0
2022-05-03,29000.0,23856.458984375,20385.0
2022-05-04,28680.0,23593.216796875,39909.0
2022-05-05,28000.0,23033.826171875,45368.0
2022-05-06,28060.0,23083.18359375,3420.0
2022-05-09,27960.0,23000.91796875,18337.0
2022-05-10,28000.0,23033.826171875,17280.0
2022-05-11,28000.0,23033.826171875,17280.0
2022-05-12,27300.0,22457.978515625,37002.0
2022-05-13,27300.0,22457.978515625,43123.0
2022-05-16,27400.0,22540.240234375,31166.0
2022-05-17,25350.0,22728.525390625,39626.0
2022-05-18,25000.0,22414.720703125,75666.0
2022-05-19,24500.0,21966.42578125,44012.0
2022-05-20,23650.0,21204.326171875,35459.0
2022-05-23,24450.0,21921.595703125,31460.0
2022-05-24,24140.0,21643.65234375,81873.0
2022-05-25,23700.0,21249.154296875,23728.0
2022-05-26,23660.0,21213.291015625,17312.0
2022-05-27,24000.0,21518.12890625,26421.0
2022-05-30,24000.0,21518.12890625,0.0
2022-05-31,25600.0,22952.673828125,113435.0
2022-06-01,25900.0,23221.650390625,67703.0
2022-06-02,25800.0,23131.990234375,174361.0
2022-06-03,25300.0,22683.697265625,58629.0
2022-06-06,24480.0,21948.4921875,56605.0
2022-06-07,24990.0,22405.75390625,38538.0
2022-06-08,24800.0,22235.404296875,20832.0
2022-06-09,23500.0,21069.8359375,39502.0
2022-06-10,23400.0,20980.177734375,66051.0
2022-06-13,23410.0,20989.14453125,103060.0
2022-06-14,23000.0,20621.541015625,43391.0
2022-06-15,22500.0,20173.248046875,38101.0
2022-06-16,23300.0,20890.517578125,22089.0
2022-06-17,23300.0,20890.517578125,14548.0
2022-06-20,23300.0,20890.517578125,0.0
2022-06-21,21830.0,19572.533203125,22139.0
2022-06-22,21750.0,19500.806640625,25265.0
2022-06-23,21600.0,19366.31640625,36512.0
2022-06-24,22000.0,19724.953125,35090.0
2022-06-27,22000.0,19724.953125,0.0
2022-06-28,22000.0,19724.953125,0.0
2022-06-29,22000.0,19724.953125,0.0
2022-06-30,20500.0,18380.0703125,338109.0
2022-07-01,20780.0,18631.1171875,48206.0
2022-07-04,20780.0,18631.1171875,0.0
2022-07-05,20710.0,18568.35546875,25359.0
2022-07-06,20710.0,18568.35546875,25359.0
2022-07-07,21500.0,19276.658203125,53898.0
2022-07-08,21160.0,18971.818359375,28047.0
2022-07-11,20560.0,18433.865234375,27491.0
2022-07-12,20500.0,18380.0703125,22903.0
2022-07-13,20500.0,18380.0703125,5960.0
2022-07-14,19150.0,17169.673828125,103479.0
2022-07-15,18800.0,16855.869140625,125233.0
2022-07-18,19670.0,17635.900390625,32518.0
2022-07-19,19800.0,17752.458984375,19065.0
2022-07-20,19800.0,17752.458984375,0.0
2022-07-21,20400.0,18290.41015625,136726.0
2022-07-22,19690.0,17653.833984375,9253.0
2022-07-25,19850.0,17797.28515625,30572.0
2022-07-26,19640.0,17609.00390625,9228.0
2022-07-27,19940.0,17877.98046875,15354.0
2022-07-28,19930.0,17869.015625,2836.0
2022-07-29,19600.0,17573.140625,63070.0
2022-08-01,19270.0,17277.265625,59009.0
2022-08-02,19400.0,17393.822265625,15290.0
2022-08-03,19580.0,17555.20703125,17912.0
2022-08-04,19540.0,17519.345703125,16834.0
2022-08-05,19400.0,17393.822265625,26444.0
2022-08-08,19990.0,17922.810546875,147914.0
2022-08-09,19700.0,17662.798828125,18116.0
2022-08-10,19610.0,17582.10546875,46145.0
2022-08-11,19450.0,17438.65234375,31108.0
2022-08-12,19000.0,17035.185546875,26072.0
2022-08-15,19000.0,17035.185546875,0.0
2022-08-16,19000.0,17035.185546875,0.0
2022-08-17,18810.0,16864.833984375,47297.0
2022-08-18,18770.0,16828.97265625,30692.0
2022-08-19,18880.0,16927.595703125,23149.0
2022-08-22,19190.0,17205.5390625,57395.0
2022-08-23,19500.0,17483.482421875,51131.0
2022-08-24,19400.0,17393.822265625,17799.0
2022-08-25,19800.0,17752.458984375,54589.0
2022-08-26,19800.0,17752.458984375,5296.0
2022-08-29,19990.0,17922.810546875,35981.0
2022-08-30,19980.0,17913.84375,214042.0
2022-08-31,19500.0,17483.482421875,579904.0
2022-09-01,19500.0,17483.482421875,10353.0
2022-09-02,19500.0,17483.482421875,5270.0
2022-09-05,19700.0,17662.798828125,2474.0
2022-09-06,19260.0,17268.30078125,11313.0
2022-09-07,18960.0,16999.32421875,11179.0
2022-09-08,18490.0,16577.92578125,7587.0
2022-09-09,18510.0,16595.857421875,19992.0
2022-09-12,18970.0,17008.2890625,1153.0
2022-09-13,18510.0,16595.857421875,4983.0
2022-09-14,18010.0,16147.5625,10370.0
2022-09-15,17700.0,15869.6220703125,20458.0
2022-09-16,16800.0,15062.69140625,43146.0
2022-09-19,16690.0,14964.06640625,288368.0
2022-09-20,17000.0,15242.009765625,114744.0
2022-09-21,17510.0,15699.2685546875,19650.0
2022-09-22,17990.0,16129.6328125,9590.0
2022-09-23,17010.0,15250.9755859375,15348.0
2022-09-26,16500.0,14793.71484375,39520.0
2022-09-27,17100.0,15331.66796875,23768.0
2022-09-28,16800.0,15062.69140625,18466.0
2022-09-29,17400.0,15600.64453125,5193.0
2022-09-30,16700.0,14973.033203125,3643.0
2022-10-03,17100.0,15331.66796875,4388.0
2022-10-04,17950.0,16093.767578125,28609.0
2022-10-05,18270.0,16380.6787109375,29441.0
2022-10-06,17900.0,16048.939453125,2407.0
2022-10-07,17990.0,16129.6328125,17360.0
2022-10-10,17500.0,15690.3037109375,892.0
2022-10-11,16850.0,15107.5205078125,18392.0
2022-10-12,16500.0,14793.71484375,17837.0
2022-10-13,16500.0,14793.71484375,20478.0
2022-10-14,16000.0,14345.4208984375,25230.0
2022-10-17,16000.0,14345.4208984375,0.0
2022-10-18,16000.0,14345.4208984375,29090.0
2022-10-19,15630.0,14013.6826171875,30448.0
2022-10-20,15630.0,14013.6826171875,30448.0
2022-10-21,16000.0,14345.4208984375,16606.0
2022-10-24,15600.0,13986.78515625,80360.0
2022-10-25,15700.0,14076.4443359375,8737.0
2022-10-26,15750.0,14121.2734375,269998.0
2022-10-27,16410.0,14713.021484375,322155.0
2022-10-28,16000.0,14345.4208984375,17364.0
2022-10-31,16100.0,14435.080078125,7576.0
2022-11-01,16000.0,14345.4208984375,1093235.0
2022-11-02,15860.0,14219.8984375,36017.0
2022-11-03,15350.0,13762.63671875,23717.0
2022-11-04,15950.0,14300.591796875,34152.0
2022-11-07,15950.0,14300.591796875,0.0
2022-11-08,15990.0,14336.4541015625,11533.0
2022-11-09,16200.0,14524.73828125,41928.0
2022-11-10,16500.0,14793.71484375,126439.0
2022-11-11,16220.0,14542.669921875,133820.0
2022-11-14,16220.0,14542.669921875,0.0
2022-11-15,16800.0,15062.69140625,103129.0
2022-11-16,16670.0,14946.1357421875,24015.0
2022-11-17,16690.0,14964.06640625,99041.0
2022-11-18,17000.0,15242.009765625,94739.0
2022-11-21,17000.0,15242.009765625,32725.0
2022-11-22,17000.0,15242.009765625,32725.0
2022-11-23,16600.0,14883.3740234375,1446008190.0
2022-11-24,16600.0,14883.3740234375,0.0
2022-11-25,16600.0,14883.3740234375,0.0
2022-11-28,16470.0,14766.8173828125,54890.0
2022-11-29,16400.0,14704.056640625,30860.0
2022-11-30,15820.0,14184.0341796875,140651.0
2022-12-01,15800.0,14166.103515625,247702.0
2022-12-02,15820.0,14184.0341796875,59994.0
2022-12-05,15820.0,14184.0341796875,107281.0
2022-12-06,15800.0,14166.103515625,8442.0
2022-12-07,15910.0,14264.7275390625,8758.0
2022-12-08,15910.0,14264.7275390625,0.0
2022-12-09,15900.0,14255.76171875,10217.0
2022-12-12,15740.0,14112.3076171875,33154.0
2022-12-13,15800.0,14166.103515625,34342.0
2022-12-14,15650.0,14031.615234375,7666.0
2022-12-15,15560.0,13950.9208984375,9130.0
2022-12-16,15110.0,13547.4560546875,29034.0
2022-12-19,14980.0,13430.900390625,27151.0
2022-12-20,14750.0,13224.6845703125,28673.0
2022-12-21,14740.0,13215.71875,29291.0
2022-12-22,14510.0,13009.50390625,13540.0
2022-12-23,14900.0,13359.1728515625,46120.0
2022-12-26,14980.0,13430.900390625,11718.0
2022-12-27,15000.0,13448.83203125,27518.0
2022-12-28,14860.0,13323.3095703125,81357.0
2022-12-29,15000.0,13448.83203125,14973.0
2022-12-30,15000.0,13448.83203125,0.0
2023-01-02,15318.16015625,13734.0908203125,1047.0
2023-01-03,15000.0,13448.83203125,82180.0
2023-01-04,15300.0,13717.80859375,22266.0
2023-01-05,15300.0,13717.80859375,25540.0
2023-01-06,15500.0,13897.125,20169.0
2023-01-09,15500.0,13897.125,0.0
2023-01-10,15800.0,14166.103515625,30754.0
2023-01-11,16170.0,14497.83984375,95932.0
2023-01-12,16890.0,15143.3837890625,91618.0
2023-01-13,16990.0,15233.04296875,53347.0
2023-01-16,16990.0,15233.04296875,1629.0
2023-01-17,16880.0,15134.41796875,3557.0
2023-01-18,17460.0,15654.439453125,56559.0
2023-01-19,17480.0,15672.3720703125,26592.0
2023-01-20,17480.0,15672.3720703125,18341.0
2023-01-23,17260.0,15475.1220703125,97736.0
2023-01-24,16970.0,15215.111328125,32942.0
2023-01-25,16660.0,14937.1689453125,21967.0
2023-01-26,16390.0,14695.08984375,27243.0
2023-01-27,16390.0,14695.08984375,43628.0
2023-01-30,16090.0,14426.11328125,17234.0
2023-01-31,16000.0,14345.4208984375,67619.0
2023-02-01,15800.0,14166.103515625,111819.0
2023-02-02,15480.0,13879.1953125,124612.0
2023-02-03,15080.0,13520.55859375,26081.0
2023-02-06,15440.0,13843.330078125,38487.0
2023-02-07,15300.0,13717.80859375,25745.0
2023-02-08,15200.0,13628.1484375,21837.0
2023-02-09,15000.0,13448.83203125,28844.0
2023-02-10,14590.0,13081.23046875,41430.0
2023-02-13,14354.3095703125,12869.9130859375,638.0
2023-02-14,13980.0,12534.310546875,42607.0
2023-02-15,13380.0,11996.3583984375,38280.0
2023-02-16,13000.0,11655.654296875,46460.0
2023-02-17,12940.0,11601.8583984375,50169.0
2023-02-20,12934.0498046875,11596.5244140625,1176.0
2023-02-21,12620.0,11314.9501953125,29057.0
2023-02-22,12630.0,11323.916015625,17431.0
2023-02-23,12230.0,10965.28125,43111.0
2023-02-24,11700.0,10490.0888671875,54439.0
2023-02-27,11400.0,10221.1123046875,79074.0
2023-02-28,10500.0,9414.181640625,3120498.0
2023-03-01,11000.0,9862.4765625,770528.0
2023-03-02,11080.0,9934.203125,263827.0
2023-03-03,11180.0,10023.8623046875,147471.0
2023-03-06,11490.0,10301.8056640625,72796.0
2023-03-07,11330.0,10158.349609375,119437.0
2023-03-08,11490.0,10301.8056640625,65228.0
2023-03-09,11400.0,10221.1123046875,160806.0
2023-03-10,11350.0,10176.2822265625,50846.0
2023-03-13,11130.0,9979.033203125,27684.0
2023-03-14,11300.0,10131.453125,74811.0
2023-03-15,11590.0,10391.4638671875,85161.0
2023-03-16,11900.0,10669.40625,168106.0
2023-03-17,11750.0,10534.91796875,170343.0
2023-03-20,11750.0,10534.91796875,0.0
2023-03-21,11400.0,10221.1123046875,39177.0
2023-03-22,11300.0,10131.453125,18498.0
2023-03-23,10910.0,9781.7841796875,25630.0
2023-03-24,11240.0,10077.658203125,46194.0
2023-03-27,11000.0,9862.4765625,13602.0
2023-03-28,11400.0,10221.1123046875,144316.0
2023-03-29,11420.0,10239.04296875,29929.0
2023-03-30,11310.0,10140.419921875,99116.0
2023-03-31,11480.0,10292.8388671875,15256.0
2023-04-03,11480.0,10292.8388671875,6634.0
2023-04-04,11500.0,10310.7705078125,105719.0
2023-04-05,11600.0,10400.4296875,13346.0
2023-04-06,11600.0,10400.4296875,0.0
2023-04-07,11600.0,10400.4296875,0.0
2023-04-10,11680.0,10472.1572265625,107920.0
2023-04-11,11700.0,10490.0888671875,68837.0
2023-04-12,12400.0,11117.7021484375,255733.0
2023-04-13,13280.0,11906.6982421875,82377.0
2023-04-14,13000.0,11655.654296875,0.0
2023-04-17,13400.0,12014.2890625,29972.0
2023-04-18,13280.0,11906.6982421875,140533.0
2023-04-19,13100.0,11745.3134765625,12187.0
2023-04-20,12860.0,11530.1318359375,14843.0
2023-04-21,12700.0,11386.677734375,16986.0
2023-04-24,13000.0,11655.654296875,66720.0
2023-04-25,13150.0,11790.142578125,49046.0
2023-04-26,13200.0,11834.97265625,38211.0
2023-04-27,12810.0,11485.3017578125,205655.0
2023-04-28,13290.0,11915.6650390625,29150.0
2023-05-01,13290.0,11915.6650390625,0.0
2023-05-02,13110.0,11754.279296875,99183.0
2023-05-03,13100.0,11745.3134765625,25567.0
2023-05-04,13080.0,11727.3818359375,77089.0
2023-05-05,13290.0,11915.6650390625,3658.0
2023-05-08,12900.0,11565.9951171875,131651.0
2023-05-09,13030.0,11682.5517578125,15274.0
2023-05-10,13460.0,12068.083984375,230003.0
2023-05-11,13460.0,12068.083984375,46134.0
2023-05-12,13220.0,11852.9033203125,31702.0
2023-05-15,13390.0,12005.3232421875,9281.0
2023-05-16,13290.0,11915.6650390625,46140.0
2023-05-17,13470.0,12077.0517578125,3849.0
2023-05-18,13450.0,12059.119140625,2739.0
2023-05-19,13000.0,11655.654296875,16738.0
2023-05-22,13000.0,11655.654296875,0.0
2023-05-23,13400.0,12014.2890625,49630.0
2023-05-24,13560.0,12157.744140625,29096.0
2023-05-25,13520.0,12121.8798828125,11518.0
2023-05-26,13550.0,12148.77734375,36933.0
2023-05-29,13700.0,12283.2666015625,32449.0
2023-05-30,13760.0,12761.8349609375,36640.0
2023-05-31,14400.0,13355.408203125,1043278.0
2023-06-01,14400.0,13355.408203125,85999.0
2023-06-02,14490.0,13438.8798828125,25202.0
2023-06-05,14680.0,13615.0966796875,29295.0
2023-06-06,15360.0,14245.76953125,103770.0
2023-06-07,15290.0,14180.8466796875,57873.0
2023-06-08,15110.0,14013.904296875,33322.0
2023-06-13,15400.0,14282.8681640625,124109.0
2023-06-14,15500.0,14375.61328125,177312.0
2023-06-15,15490.0,14366.3388671875,12622.0
2023-06-16,15000.0,13911.8837890625,8685.0
2023-06-19,15000.0,13911.8837890625,0.0
2023-06-20,14980.0,13893.3349609375,8254.0
2023-06-21,14450.0,13401.7822265625,11101.0
2023-06-22,14400.0,13355.408203125,5631.0
2023-06-23,14400.0,13355.408203125,3912.0
2023-06-26,14200.0,13169.9169921875,11573.0
2023-06-27,14730.0,13661.4697265625,63081.0
2023-06-28,14700.0,13633.646484375,10975.0
2023-06-29,14700.0,13633.646484375,23615.0
2023-06-30,14850.0,13772.765625,10040.0
2023-07-03,14850.0,13772.765625,0.0
2023-07-04,15000.0,13911.8837890625,956.0
2023-07-05,14810.0,13735.6669921875,3447.0
2023-07-06,14880.0,13800.5888671875,34147.0
2023-07-07,15000.0,13911.8837890625,7436.0
2023-07-10,14980.0,13893.3349609375,3190.0
2023-07-11,15600.0,14468.359375,61592.0
2023-07-12,15840.0,14690.94921875,13562.0
2023-07-13,15760.0,14616.7529296875,26472.0
2023-07-14,15470.0,14347.7900390625,18079.0
2023-07-17,15110.0,14013.904296875,5021.0
2023-07-18,15300.0,14190.1220703125,6659.0
2023-07-19,15690.0,14551.830078125,16559.0
2023-07-20,15690.0,14551.830078125,0.0
2023-07-21,15790.0,14644.5771484375,86839.0
2023-07-24,15590.0,14459.0849609375,20190.0
2023-07-25,15500.0,14375.61328125,45229.0
2023-07-26,15500.0,14375.61328125,22655.0
2023-07-27,15500.0,14375.61328125,19901.0
2023-07-28,15490.0,14366.3388671875,2900.0
2023-07-31,15490.0,14366.3388671875,0.0
2023-08-01,15550.0,14421.986328125,23989.0
2023-08-02,15694.580078125,14556.078125,9552.0
2023-08-03,15500.0,14375.61328125,13392.0
2023-08-04,15500.0,14375.61328125,0.0
2023-08-07,15500.0,14375.61328125,0.0
2023-08-08,15151.1396484375,14052.060546875,1602.0
2023-08-09,15510.0,14384.888671875,9669.0
2023-08-10,15500.0,14375.61328125,18608.0
2023-08-11,15540.0,14412.7119140625,406840620.0
2023-08-14,15540.0,14412.7119140625,858.0
2023-08-15,14400.0,13355.408203125,70190.0
2023-08-16,14010.0,12993.69921875,30051.0
2023-08-17,14480.0,13429.60546875,3314.0
2023-08-18,14600.0,13540.900390625,7764.0
2023-08-21,14600.0,13540.900390625,0.0
2023-08-22,14290.0,13253.388671875,183186.0
2023-08-23,13500.0,12520.6962890625,58048.0
2023-08-24,13100.0,12149.712890625,31360.0
2023-08-25,12610.0,11695.2568359375,38310.0
2023-08-28,12700.0,11778.728515625,25513.0
2023-08-29,12940.0,12448.2802734375,32354.0
2023-08-30,12670.0,12188.5400390625,25873.0
2023-08-31,11750.0,11303.5,885069.0
2023-09-01,11750.0,11303.5,409283.0
2023-09-04,11700.0,11255.400390625,8693.0
2023-09-05,11500.0,11063.0,16381.0
2023-09-06,11460.0,11024.5205078125,47513.0
2023-09-07,11350.0,10918.7001953125,40242.0
2023-09-08,11130.0,10707.060546875,16032.0
2023-09-11,11680.0,11236.16015625,64758.0
2023-09-12,12290.0,11822.98046875,99133.0
2023-09-13,12580.0,12101.9599609375,77745.0
2023-09-14,13200.0,12698.400390625,341192.0
2023-09-15,13600.0,13083.2001953125,356990.0
2023-09-18,13400.0,12890.7998046875,102182.0
2023-09-19,12750.0,12265.5,23743.0
2023-09-20,13120.0,12621.4404296875,24900.0
2023-09-21,13060.0,12563.7197265625,4902.0
2023-09-22,12654.5302734375,12173.658203125,117.0
2023-09-25,12730.0,12246.259765625,4784.0
2023-09-26,12480.0,12005.759765625,32602.0
2023-09-27,13100.0,12602.2001953125,43529.0
2023-09-28,13500.0,12987.0,23150.0
2023-09-29,13750.0,13227.5,32108.0
2023-10-02,13120.0,12621.4404296875,7341.0
2023-10-03,13160.0,12659.919921875,27701.0
2023-10-04,13160.0,12659.919921875,4569.0
2023-10-05,13160.0,12659.919921875,9649.0
2023-10-06,13400.0,12890.7998046875,25693.0
2023-10-09,13400.0,12890.7998046875,773.0
2023-10-10,13054.009765625,12557.9580078125,836.0
2023-10-11,13400.0,12890.7998046875,4551.0
2023-10-12,13750.0,13227.5,33300.0
2023-10-13,13450.0,12938.900390625,14068.0
2023-10-16,13450.0,12938.900390625,0.0
2023-10-17,13000.0,12506.0,19006.0
2023-10-18,13010.0,12515.6201171875,5838.0
2023-10-19,13000.0,12506.0,12703.0
2023-10-20,13000.0,12506.0,9554.0
2023-10-23,13000.0,12506.0,4641.0
2023-10-24,13000.0,12506.0,6031.0
2023-10-25,12959.91015625,12467.43359375,699.0
2023-10-26,12620.0,12140.4404296875,14553.0
2023-10-27,13000.0,12506.0,24376.0
2023-10-30,12980.0,12486.759765625,40334.0
2023-10-31,12620.0,12140.4404296875,1591.0
2023-11-01,12550.0,12073.1005859375,44769.0
2023-11-02,12380.0,11909.560546875,709717.0
2023-11-03,13000.0,12506.0,66746.0
2023-11-06,13000.0,12506.0,0.0
2023-11-07,12610.0,12130.8203125,2671.0
2023-11-08,12700.0,12217.400390625,9159.0
2023-11-09,12800.0,12313.6005859375,4313.0
2023-11-10,12520.0,12044.240234375,8331.0
2023-11-13,12520.0,12044.240234375,0.0
2023-11-14,12760.0,12275.1201171875,6023.0
2023-11-15,12540.0,12063.48046875,4436.0
2023-11-16,12560.0,12082.7197265625,19423.0
2023-11-17,12700.0,12217.400390625,37104.0
2023-11-20,12400.0,11928.7998046875,18868.0
2023-11-21,12420.0,11948.0400390625,23075.0
2023-11-22,12100.0,11640.2001953125,220294.0
2023-11-23,12100.0,11640.2001953125,9580.0
2023-11-24,12040.0,11582.48046875,5671.0
2023-11-27,12000.0,11544.0,44632.0
2023-11-28,11920.0,11920.0,11296.0
2023-11-29,11800.0,11800.0,27935.0
2023-11-30,11940.0,11940.0,34897.0
2023-12-01,11940.0,11940.0,889.0
2023-12-04,11400.0,11400.0,13340.0
2023-12-05,11420.0,11420.0,6707.0
2023-12-06,11300.0,11300.0,11669.0
2023-12-07,11700.0,11700.0,21192.0
2023-12-08,11700.0,11700.0,0.0
2023-12-11,11500.0,11500.0,29160.0
2023-12-12,11320.0,11320.0,33726.0
2023-12-13,11320.0,11320.0,20250.0
2023-12-14,11600.0,11600.0,56762.0
2023-12-15,11980.0,11980.0,47406.0
2023-12-18,11980.0,11980.0,30484.0
2023-12-19,11900.0,11900.0,93563.0
2023-12-20,12820.0,12820.0,150408.0
2023-12-21,12500.0,12500.0,25670.0
2023-12-22,12300.0,12300.0,36204.0
2023-12-25,12300.0,12300.0,0.0
2023-12-26,12480.0,12480.0,10469.0
2023-12-27,12980.0,12980.0,30418.0
2023-12-28,13500.0,13500.0,51060.0
2023-12-29,13500.0,13500.0,0.0
2024-01-01,13500.0,13500.0,0.0
2024-01-02,13840.0,13840.0,8229.0
2024-01-03,13700.0,13700.0,18496.0
2024-01-04,14480.0,14480.0,47241.0
2024-01-05,15080.0,15080.0,64029.0
2024-01-08,15080.0,15080.0,0.0
2024-01-09,16080.0,16080.0,45073.0
2024-01-10,16640.0,16640.0,26880.0
2024-01-11,16480.0,16480.0,20493.0
2024-01-12,16920.0,16920.0,66034.0
2024-01-15,16940.0,16940.0,2677.0
2024-01-16,17000.0,17000.0,160370.0
2024-01-17,16140.0,16140.0,21524.0
2024-01-18,15840.0,15840.0,94697.0
2024-01-19,16100.0,16100.0,15516.0
2024-01-22,16100.0,16100.0,0.0
2024-01-23,16120.0,16120.0,107247.0
2024-01-24,16120.0,16120.0,0.0
2024-01-25,16120.0,16120.0,0.0
2024-01-26,16120.0,16120.0,0.0
2024-01-29,16480.0,16480.0,3543.0
2024-01-30,16500.0,16500.0,24805.0
2024-01-31,16500.0,16500.0,13642.0
2024-02-01,16300.0,16300.0,7334.0
2024-02-02,16300.0,16300.0,5609.0
2024-02-05,16300.0,16300.0,3769.0
2024-02-06,16200.0,16200.0,1376.0
2024-02-07,16200.0,16200.0,35699.0
2024-02-08,16000.0,16000.0,29149.0
2024-02-09,15340.0,15340.0,127721.0
2024-02-12,15200.0,15200.0,21672.0
2024-02-13,15420.0,15420.0,10838.0
2024-02-14,14840.0,14840.0,16973.0
2024-02-15,14820.0,14820.0,16803.0
2024-02-16,15000.0,15000.0,28313.0
2024-02-19,14920.0,14920.0,2160.0
2024-02-20,14780.0,14780.0,7598.0
2024-02-21,14660.0,14660.0,49452.0
2024-02-22,14160.0,14160.0,51636.0
2024-02-23,14420.0,14420.0,19594.0
2024-02-26,14500.0,14500.0,13744.0
2024-02-27,14600.0,14600.0,15681.0
2024-02-28,14540.0,14540.0,10268.0
2024-02-29,14000.0,14000.0,67244.0
2024-03-01,14300.0,14300.0,124488.0
2024-03-04,14540.0,14540.0,222818.0
2024-03-05,14460.0,14460.0,117789.0
2024-03-06,14260.0,14260.0,71921.0
2024-03-07,14200.0,14200.0,105276.0
2024-03-08,13900.0,13900.0,146002.0
2024-03-11,13860.0,13860.0,20053.0
2024-03-12,13640.0,13640.0,13247.0
2024-03-13,13480.0,13480.0,10725.0
2024-03-14,13200.0,13200.0,9867.0
2024-03-15,13040.0,13040.0,135828.0
2024-03-18,13900.0,13900.0,62695.0
2024-03-19,13800.0,13800.0,12359.0
2024-03-20,13280.0,13280.0,15429.0
2024-03-21,13480.0,13480.0,17454.0
2024-03-22,13540.0,13540.0,45699.0
2024-03-25,13540.0,13540.0,0.0
2024-03-26,13280.0,13280.0,36144.0
2024-03-27,13300.0,13300.0,7203.0
2024-03-28,13300.0,13300.0,0.0
2024-03-29,13300.0,13300.0,0.0
2024-04-01,13900.0,13900.0,36921.0
2024-04-02,13660.0,13660.0,68495.0
2024-04-03,13620.0,13620.0,73043.0
2024-04-04,14300.0,14300.0,45191.0
2024-04-05,14500.0,14500.0,129177.0
2024-04-08,15400.0,15400.0,276043.0
2024-04-09,16080.0,16080.0,110741.0
2024-04-10,16100.0,16100.0,143496.0
2024-04-11,15960.0,15960.0,515539.0
2024-04-12,16060.0,16060.0,300283.0
2024-04-15,15940.0,15940.0,25686.0
2024-04-16,15320.0,15320.0,27636.0
2024-04-17,14840.0,14840.0,112386.0
2024-04-18,14700.0,14700.0,105207.0
2024-04-19,15160.0,15160.0,95486.0
2024-04-22,15000.0,15000.0,162395.0
2024-04-23,15120.0,15120.0,33971.0
2024-04-24,14700.0,14700.0,179543.0
2024-04-25,14500.0,14500.0,79444.0
2024-04-26,14900.0,14900.0,81288.0
2024-04-29,15040.0,15040.0,71728.0
2024-04-30,14800.0,14800.0,31115.0
2024-05-02,14780.0,14780.0,51651.0
2024-05-03,14540.0,14540.0,222818.0
2024-05-06,14800.0,14800.0,82394.0
2024-05-07,14800.0,14800.0,69401.0
2024-05-08,14800.0,14800.0,36226.0
2024-05-09,14800.0,14800.0,406594.0
2024-05-10,14900.0,14900.0,107304.0
2024-05-14,15000.0,15000.0,87804.0
2024-05-15,15260.0,15260.0,109928.0
2024-05-16,15500.0,15500.0,119065.0
2024-05-17,15900.0,15900.0,409120.0
2024-05-20,16200.0,16200.0,244740.0
2024-05-21,15860.0,15860.0,54474.0
2024-05-22,15760.0,15760.0,392217.0
2024-05-23,15760.0,15760.0,0.0
2024-05-24,15320.0,15320.0,37959.0
2024-05-27,15620.0,15620.0,10025.0
2024-05-28,15960.0,15960.0,18290.0
2024-05-29,15780.0,15780.0,12005.0
2024-05-30,15400.0,15400.0,48222.0
2024-05-31,15020.0,15020.0,250104.0
2024-06-04,15120.0,15120.0,17207.0
2024-06-05,15200.0,15200.0,83013.0
2024-06-06,15060.0,15060.0,114510.0
2024-06-07,15200.0,15200.0,18011.0
2024-06-11,14800.0,14800.0,53002.0
2024-06-12,14600.0,14600.0,38627.0
2024-06-13,14780.0,14780.0,32063.0
2024-06-14,14420.0,14420.0,30669.0
2024-06-17,14200.0,14200.0,18162.0
2024-06-18,14200.0,14200.0,46303.0
2024-06-19,14000.0,14000.0,53359.0
2024-06-20,14120.0,14120.0,60048.0
2024-06-21,14040.0,14040.0,49586.0
2024-06-24,14100.0,14100.0,33552.0
2024-06-25,14000.0,14000.0,35191.0
2024-06-26,14260.0,14260.0,46745.0
2024-06-27,14100.0,14100.0,15094.0
2024-06-28,14260.0,14260.0,19988.0
2024-07-02,14180.0,14180.0,96136.0
2024-07-03,14120.0,14120.0,9761.0
2024-07-04,14120.0,14120.0,1777.0
2024-07-05,14300.0,14300.0,14540.0
2024-07-08,14300.0,14300.0,21940.0
2024-07-09,13900.0,13900.0,20260.0
2024-07-10,13900.0,13900.0,17369.0
2024-07-11,13900.0,13900.0,33983.0
2024-07-12,13980.0,13980.0,52316.0
2024-07-15,13720.0,13720.0,57819.0
2024-07-16,13640.0,13640.0,46748.0
2024-07-17,13740.0,13740.0,60816.0
2024-07-18,13800.0,13800.0,14413.0
2024-07-19,13680.0,13680.0,7048.0
2024-07-22,13680.0,13680.0,2060.0
2024-07-23,13600.0,13600.0,7164.0
2024-07-24,13800.0,13800.0,5215.0
2024-07-25,13700.0,13700.0,9036.0
2024-07-26,13500.0,13500.0,9937.0
2024-07-29,13440.0,13440.0,10452.0
2024-07-30,13100.0,13100.0,18678.0
2024-07-31,13200.0,13200.0,60905.0
2024-08-01,13200.0,13200.0,2314.0
2024-08-02,13340.0,13340.0,8028.0
2024-08-05,12900.0,12900.0,34516.0
2024-08-06,13140.0,13140.0,16660.0
2024-08-07,13000.0,13000.0,19419.0
2024-08-08,13000.0,13000.0,19419.0
2024-08-09,13100.0,13100.0,6680.0
2024-08-12,13080.0,13080.0,5833.0
2024-08-13,13160.0,13160.0,11070.0
2024-08-14,13300.0,13300.0,16159.0
2024-08-15,13920.0,13920.0,17242.0
2024-08-16,13840.0,13840.0,25162.0
2024-08-20,13580.0,13580.0,16615.0
2024-08-21,13300.0,13300.0,31065.0
2024-08-22,13200.0,13200.0,8984.0
2024-08-23,13040.0,13040.0,8396.0
2024-08-26,12860.0,12860.0,8392.0
2024-08-27,12800.0,12800.0,13653.0
2024-08-28,12800.0,12800.0,50268.0
2024-08-29,12700.0,12700.0,18255.0
2024-08-30,12680.0,12680.0,38991.0
2024-09-02,12680.0,12680.0,22678.0
2024-09-03,12660.0,12660.0,58184.0
2024-09-04,12500.0,12500.0,181133.0
2024-09-05,12780.0,12780.0,24435.0
2024-09-06,12600.0,12600.0,10445.0
2024-09-09,12480.0,12480.0,15424.0
2024-09-10,12600.0,12600.0,34353.0
2024-09-11,12260.0,12260.0,21637.0
2024-09-12,12500.0,12500.0,9002.0
2024-09-13,12220.0,12220.0,19694.0
2024-09-16,12260.0,12260.0,24247.0
2024-09-17,12220.0,12220.0,18451.0
2024-09-18,12180.0,12180.0,9299.0
2024-09-19,12000.0,12000.0,12631.0
2024-09-20,11800.0,11800.0,256979.0
2024-09-23,12060.0,12060.0,33148.0
2024-09-24,12040.0,12040.0,18892.0
2024-09-25,12160.0,12160.0,10115.0
2024-09-26,12160.0,12160.0,98.0
2024-09-27,12280.0,12280.0,27373.0
2024-09-30,12400.0,12400.0,22381.0
2024-10-01,12520.0,12520.0,30511.0
2024-10-02,12340.0,12340.0,15787.0
2024-10-03,12300.0,12300.0,133261.0
2024-10-04,12300.0,12300.0,16341.0
2024-10-07,12420.0,12420.0,4332.0
2024-10-08,12480.0,12480.0,106164.0
2024-10-09,12700.0,12700.0,304404.0
2024-10-10,13300.0,13300.0,118865.0
2024-10-11,13400.0,13400.0,79999.0
2024-10-15,13240.0,13240.0,184491.0
2024-10-16,13800.0,13800.0,74494.0
2024-10-17,13940.0,13940.0,111754.0
2024-10-18,14520.0,14520.0,152232.0
2024-10-21,14440.0,14440.0,43430.0
2024-10-22,14400.0,14400.0,16821.0
2024-10-23,14200.0,14200.0,52848.0
2024-10-24,14100.0,14100.0,3959.0
2024-10-25,14100.0,14100.0,12508.0
2024-10-28,14480.0,14480.0,26901.0
2024-10-29,14700.0,14700.0,45684.0
2024-10-30,14960.0,14960.0,130816.0
2024-10-31,15080.0,15080.0,243148.0
2024-11-01,15200.0,15200.0,18245.0
2024-11-05,15460.0,15460.0,129254.0
2024-11-06,15300.0,15300.0,65689.0
2024-11-07,15300.0,15300.0,112263.0
2024-11-08,15300.0,15300.0,54097.0
2024-11-12,15500.0,15500.0,50611.0
2024-11-13,15300.0,15300.0,90488.0
2024-11-14,15500.0,15500.0,107060.0
2024-11-15,15500.0,15500.0,82170.0
2024-11-18,15500.0,15500.0,59907.0
2024-11-19,15540.0,15540.0,125735.0
2024-11-20,15740.0,15740.0,89962.0
2024-11-21,15600.0,15600.0,24981.0
2024-11-22,15600.0,15600.0,126751.0
2024-11-25,15400.0,15400.0,1255306.0
2024-11-26,15560.0,15560.0,4726.0
2024-11-27,15400.0,15400.0,90956.0
2024-11-28,15400.0,15400.0,32116.0
2024-11-29,15400.0,15400.0,104505.0
2024-12-02,15480.0,15480.0,148723.0
2024-12-03,15420.0,15420.0,13798.0
2024-12-04,15400.0,15400.0,22265.0
2024-12-05,15340.0,15340.0,72112.0
2024-12-06,15540.0,15540.0,24881.0
2024-12-09,15520.0,15520.0,32673.0
2024-12-10,15400.0,15400.0,105336.0
2024-12-11,15400.0,15400.0,18197.0
2024-12-12,15400.0,15400.0,13456.0
2024-12-13,15500.0,15500.0,33978.0
2024-12-16,15400.0,15400.0,10853.0
2024-12-17,15300.0,15300.0,16212.0
2024-12-18,15320.0,15320.0,7050.0
2024-12-19,15200.0,15200.0,104162.0
2024-12-20,14540.0,14540.0,59976.0
2024-12-23,14600.0,14600.0,26755.0
2024-12-24,14600.0,14600.0,250.0
2024-12-25,14600.0,14600.0,0.0
2024-12-26,14600.0,14600.0,1712.0
2024-12-27,15000.0,15000.0,15817.0
2024-12-30,14680.0,14680.0,17084.0
2024-12-31,14680.0,14680.0,0.0
2025-01-02,14680.0,14680.0,2276.0
2025-01-03,15220.0,15220.0,7412.0
2025-01-07,15100.0,15100.0,37348.0
2025-01-08,15200.0,15200.0,16145.0
2025-01-09,15200.0,15200.0,31865.0
2025-01-10,15120.0,15120.0,14266.0
2025-01-13,15180.0,15180.0,18879.0
2025-01-14,15380.0,15380.0,40055.0
2025-01-15,15500.0,15500.0,42554.0
2025-01-16,15560.0,15560.0,33811.0
2025-01-17,15680.0,15680.0,118355.0
2025-01-20,15680.0,15680.0,6893.0
2025-01-21,15680.0,15680.0,0.0
2025-01-22,16300.0,16300.0,69338.0
2025-01-23,16320.0,16320.0,48326.0
2025-01-24,16700.0,16700.0,106369.0
2025-01-27,17020.0,17020.0,89160.0
2025-01-28,17000.0,17000.0,91090.0
2025-01-29,17300.0,17300.0,52299.0
2025-01-30,17500.0,17500.0,167358.0
2025-01-31,17580.0,17580.0,71299.0
2025-02-03,17520.0,17520.0,102472.0
2025-02-04,17520.0,17520.0,60967.0
2025-02-05,17520.0,17520.0,62143.0
2025-02-06,17660.0,17660.0,48673.0
2025-02-07,17600.0,17600.0,164003.0
2025-02-10,17700.0,17700.0,35864.0
2025-02-11,17320.0,17320.0,122127.0
2025-02-12,17220.0,17220.0,87624.0
2025-02-13,17500.0,17500.0,96464.0
2025-02-14,17500.0,17500.0,32724.0
2025-02-17,17780.0,17780.0,31883.0
2025-02-18,18140.0,18140.0,107530.0
2025-02-19,15900.0,15900.0,8593.0
2025-02-20,18800.0,18800.0,134356.0
2025-02-21,19460.0,19460.0,94014.0
2025-02-24,19700.0,19700.0,61051.0
2025-02-25,19220.0,19220.0,153178.0
2025-02-26,19200.0,19200.0,139599.0
2025-02-27,18580.0,18580.0,347492.0
2025-02-28,18200.0,18200.0,182542.0
2025-03-03,18160.0,18160.0,86571.0
2025-03-04,17660.0,17660.0,65789.0
2025-03-05,18000.0,18000.0,45297.0
2025-03-06,18000.0,18000.0,298796.0
2025-03-07,17900.0,17900.0,85132.0
2025-03-10,17320.0,17320.0,134141.0
2025-03-11,17300.0,17300.0,32510.0
2025-03-12,17500.0,17500.0,100045.0
2025-03-13,16980.0,16980.0,41060.0
2025-03-14,17100.0,17100.0,87069.0
2025-03-17,17240.0,17240.0,95024.0
2025-03-18,17200.0,17200.0,34866.0
2025-03-19,17200.0,17200.0,16032.0
2025-03-20,16880.0,16880.0,5974.0
2025-03-21,16880.0,16880.0,0.0
2025-03-24,16880.0,16880.0,0.0
2025-03-25,16440.0,16440.0,62288.0
2025-03-26,16420.0,16420.0,31518.0
2025-03-27,16200.0,16200.0,54368.0
2025-03-28,16240.0,16240.0,327978.0
2025-03-31,16340.0,16340.0,67749.0
2025-04-01,16200.0,16200.0,155035.0
2025-04-02,16440.0,16440.0,227596.0
2025-04-03,16880.0,16880.0,132598.0
2025-04-04,16500.0,16500.0,70712.0
2025-04-07,16100.0,16100.0,56157.0
2025-04-08,15700.0,15700.0,60830.0
2025-04-09,16360.0,16360.0,104554.0
2025-04-10,15900.0,15900.0,60131.0
2025-04-11,15900.0,15900.0,152485.0
2025-04-14,15960.0,15960.0,5575.0
2025-04-15,16180.0,16180.0,32859.0
2025-04-16,16260.0,16260.0,11110.0
2025-04-17,16260.0,16260.0,0.0
2025-04-18,16260.0,16260.0,0.0
2025-04-21,16000.0,16000.0,20070.0
2025-04-22,16100.0,16100.0,24081.0
2025-04-23,16160.0,16160.0,480120.0
2025-04-24,16300.0,16300.0,314988.0
2025-04-25,16200.0,16200.0,8229.0
2025-04-28,16140.0,16140.0,43816.0
2025-04-29,16560.0,16560.0,82176.0
2025-04-30,16560.0,16560.0,30225.0
2025-05-02,16660.0,16660.0,25320.0
2025-05-05,16680.0,16680.0,17120.0
2025-05-06,16560.0,16560.0,30225.0
2025-05-07,17280.0,17280.0,139973.0
2025-05-08,17320.0,17320.0,73001.0
2025-05-09,17200.0,17200.0,79907.0
2025-05-12,17600.0,17600.0,105989.0
2025-05-13,18200.0,18200.0,127390.0
2025-05-14,18380.0,18380.0,199292.0
2025-05-15,18400.0,18400.0,223624.0
2025-05-16,18320.0,18320.0,13839.0
2025-05-19,18000.0,18000.0,26388.0
2025-05-20,18080.0,18080.0,46488.0
2025-05-21,18100.0,18100.0,12434.0
2025-05-22,18100.0,18100.0,15833.0
2025-05-23,18140.0,18140.0,27048.0
2025-05-26,17980.0,17980.0,7564.0
2025-05-27,17700.0,17700.0,39060.0
2025-05-28,18400.0,18400.0,28540.0
2025-05-29,18420.0,18420.0,36384.0
2025-05-30,18500.0,18500.0,71850.0
2025-06-03,18520.0,18520.0,9747.0
2025-06-04,18640.0,18640.0,17824.0
2025-06-05,18300.0,18300.0,96006.0
2025-06-06,18440.0,18440.0,99746.0
2025-06-09,18280.0,18280.0,13730.0
2025-06-10,18380.0,18380.0,15768.0
2025-06-11,18100.0,18100.0,11350.0
2025-06-12,17900.0,17900.0,40086.0
2025-06-13,17400.0,17400.0,58021.0
2025-06-16,17320.0,17320.0,42050.0
2025-06-17,17000.0,17000.0,24401.0
2025-06-18,17260.0,17260.0,23592.0
2025-06-19,17680.0,17680.0,27103.0
2025-06-20,17600.0,17600.0,74251.0
2025-06-24,17700.0,17700.0,41269.0
2025-06-25,17880.0,17880.0,69691.0
2025-06-26,18060.0,18060.0,58566.0
2025-06-27,18040.0,18040.0,22299.0
2025-06-30,18040.0,18040.0,0.0
2025-07-01,18040.0,18040.0,78128.0
2025-07-02,18000.0,18000.0,66661.0
2025-07-03,18000.0,18000.0,20869.0
2025-07-04,17800.0,17800.0,3175.0
2025-07-07,17900.0,17900.0,48771.0
2025-07-08,17820.0,17820.0,17945.0
2025-07-09,17120.0,17120.0,33931.0
2025-07-10,17580.0,17580.0,49097.0
2025-07-11,17760.0,17760.0,10974.0
2025-07-14,17780.0,17780.0,17752.0
2025-07-15,17920.0,17920.0,54350.0
2025-07-16,17780.0,17780.0,63254.0
2025-07-17,17900.0,17900.0,16343.0
2025-07-18,17860.0,17860.0,60491.0
2025-07-21,17540.0,17540.0,162505.0
2025-07-22,17360.0,17360.0,16615.0
2025-07-23,17500.0,17500.0,55609.0
2025-07-24,17620.0,17620.0,30018.0
2025-07-25,17400.0,17400.0,51612.0
2025-07-28,17620.0,17620.0,99036.0
2025-07-29,17500.0,17500.0,108867.0
2025-07-30,17500.0,17500.0,35068.0
2025-07-31,17540.0,17540.0,43959.0
2025-08-01,17260.0,17260.0,50382.0
2025-08-04,17260.0,17260.0,0.0
2025-08-05,17340.0,17340.0,200882.0
2025-08-06,17280.0,17280.0,13297.0
2025-08-07,17280.0,17280.0,0.0
2025-08-08,17340.0,17340.0,36696.0
2025-08-11,17320.0,17320.0,38.0
2025-08-12,17300.0,17300.0,22658.0
2025-08-13,17300.0,17300.0,57281.0
2025-08-14,17960.0,17960.0,96954.0
2025-08-15,17900.0,17900.0,39342.0
2025-08-19,18580.0,18580.0,145370.0
2025-08-20,18140.0,18140.0,203797.0
2025-08-21,18120.0,18120.0,60299.0
2025-08-22,18320.0,18320.0,20273.0
2025-08-25,18400.0,18400.0,15971.0
2025-08-26,18500.0,18500.0,71823.0
2025-08-27,18320.0,18320.0,26962.0
2025-08-28,18380.0,18380.0,29889.0
2025-08-29,18280.0,18280.0,28653.0
2025-09-01,18220.0,18220.0,7799.0
2025-09-02,18220.0,18220.0,0.0
2025-09-03,17920.0,17920.0,25253.0
2025-09-04,18200.0,18200.0,11894.0
2025-09-05,18020.0,18020.0,34389.0
2025-09-08,17960.0,17960.0,38419.0
2025-09-09,18000.0,18000.0,132613.0
2025-09-10,17720.0,17720.0,100666.0
2025-09-11,17860.0,17860.0,32727.0
2025-09-12,17840.0,17840.0,10584.0
2025-09-15,17780.0,17780.0,37799.0
2025-09-16,17500.0,17500.0,49478.0
2025-09-17,17060.0,17060.0,732135.0
2025-09-18,17000.0,17000.0,67584.0
2025-09-19,17000.0,17000.0,446783.0
2025-09-22,17320.0,17320.0,32347.0
2025-09-23,17320.0,17320.0,253899.0
2025-09-24,17400.0,17400.0,47759.0
2025-09-25,17200.0,17200.0,11327.0
2025-09-26,17220.0,17220.0,21585.0
2025-09-29,17140.0,17140.0,20733.0
2025-09-30,18220.0,18220.0,7799.0
2025-10-01,17200.0,17200.0,73613.0
2025-10-02,17000.0,17000.0,244809.0
2025-10-03,17120.0,17120.0,11844.0
2025-10-06,17080.0,17080.0,5127.0
2025-10-07,17200.0,17200.0,16439.0
2025-10-08,17060.0,17060.0,9296.0
2025-10-09,17020.0,17020.0,77266.0
2025-10-10,16900.0,16900.0,23467.0
2025-10-14,16980.0,16980.0,150103.0
2025-10-15,17180.0,17180.0,36607.0
2025-10-16,17160.0,17160.0,145045.0
2025-10-17,17400.0,17400.0,49478.0
2025-10-20,17460.0,17460.0,44901.0
2025-10-21,17460.0,17460.0,128345.0
2025-10-22,17420.0,17420.0,35662.0
2025-10-23,17360.0,17360.0,30994.0
2025-10-24,17480.0,17480.0,39269.0
2025-10-27,17700.0,17700.0,74529.0
2025-10-28,18400.0,18400.0,240890.0
2025-10-29,18440.0,18440.0,218596.0
2025-10-30,18500.0,18500.0,51654.0
2025-10-31,18220.0,18220.0,44921.0
2025-11-04,18100.0,18100.0,20615.0
2025-11-05,18100.0,18100.0,97547.0
2025-11-06,18200.0,18200.0,73662.0
2025-11-07,17740.0,17740.0,134483.0
2025-11-10,18100.0,18100.0,12770.0
2025-11-11,18200.0,18200.0,37000.0
2025-11-12,18500.0,18500.0,66545.0
2025-11-13,18800.0,18800.0,95057.0
2025-11-14,17940.0,17940.0,105892.0
2025-11-18,18140.0,18140.0,33551.0
2025-11-19,18180.0,18180.0,160849.0
2025-11-20,18400.0,18400.0,142832.0
2025-11-21,18000.0,18000.0,74930.0
2025-11-24,17520.0,17520.0,149728.0
2025-11-25,17860.0,17860.0,87693.0
2025-11-26,18200.0,18200.0,58147.0
2025-11-27,18100.0,18100.0,23713.0
2025-11-28,18600.0,18600.0,37069.0
2025-12-01,18400.0,18400.0,22699.0
2025-12-02,18540.0,18540.0,24269.0
2025-12-03,18100.0,18100.0,20615.0
2025-12-04,18640.0,18640.0,19547.0
2025-12-05,18760.0,18760.0,41394.0
2025-12-09,18620.0,18620.0,11276.0
2025-12-10,18700.0,18700.0,88009.0
2025-12-11,19020.0,19020.0,273790.0
2025-12-12,19200.0,19200.0,158804.0
2025-12-15,19400.0,19400.0,241041.0
2025-12-16,19160.0,19160.0,43345.0
2025-12-17,18720.0,18720.0,89634.0
2025-12-18,18900.0,18900.0,23348.0
2025-12-19,19100.0,19100.0,56843.0
2025-12-22,18900.0,18900.0,28773.0
2025-12-23,18980.0,18980.0,22976.0
2025-12-24,18900.0,18900.0,8119.0
2025-12-26,19000.0,19000.0,7222.0
2025-12-29,19060.0,19060.0,33336.0
2025-12-30,18260.0,18260.0,81495.0
2025-12-31,18260.0,18260.0,0.0
2026-01-02,18400.0,18400.0,75052.0
2026-01-05,18820.0,18820.0,119855.0
2026-01-06,19000.0,19000.0,66333.0
2026-01-07,18920.0,18920.0,40492.0
2026-01-08,18880.0,18880.0,28600.0
2026-01-09,18840.0,18840.0,7159.0
2026-01-13,19060.0,19060.0,34639.0
2026-01-14,18980.0,18980.0,40693.0
2026-01-15,18900.0,18900.0,737234.0
2026-01-16,19280.0,19280.0,72198.0
2026-01-19,19340.0,19340.0,93350.0
2026-01-20,19480.0,19480.0,155527.0
2026-01-21,19500.0,19500.0,318821.0
2026-01-22,19500.0,19500.0,40422.0
2026-01-23,19600.0,19600.0,34130.0
2026-01-26,20180.0,20180.0,158888.0
2026-01-27,20360.0,20360.0,200093.0
2026-01-28,20760.0,20760.0,136561.0
2026-01-29,20580.0,20580.0,57765.0
2026-01-30,20200.0,20200.0,66786.0
2026-02-02,19760.0,19760.0,284991.0
2026-02-03,20000.0,20000.0,90605.0
2026-02-04,19700.0,19700.0,76165.0
2026-02-05,19640.0,19640.0,63729.0
2026-02-06,19800.0,19800.0,46764.0
2026-02-09,19740.0,19740.0,31110.0
2026-02-10,19780.0,19780.0,4354.0
2026-02-11,19320.0,19320.0,64786.0
2026-02-12,18500.0,18500.0,92373.0
2026-02-13,18500.0,18500.0,87374.0
2026-02-16,18420.0,18420.0,28519.0
2026-02-17,18520.0,18520.0,21021.0
2026-02-18,18800.0,18800.0,21107.0
2026-02-19,19000.0,19000.0,32268.0
2026-02-20,19200.0,19200.0,48134.0
2026-02-23,18800.0,18800.0,61696.0
2026-02-24,18900.0,18900.0,34344.0
2026-02-25,18600.0,18600.0,48309.0
2026-02-26,17460.0,17460.0,95357.0
2026-02-27,17200.0,17200.0,57523.0
2026-03-02,17000.0,17000.0,267267.0
2026-03-03,17940.0,17940.0,132136.0
2026-03-04,17940.0,17940.0,132136.0
2026-03-05,16920.0,16920.0,33807.0
2026-03-06,16320.0,16320.0,62845.0
2026-03-09,17000.0,17000.0,33639.0
2026-03-11,17320.0,17320.0,35875.0
2026-03-12,16840.0,16840.0,14609.0
2026-03-13,16320.0,16320.0,30706.0
2026-03-16,16760.0,16760.0,29337.0
2026-03-17,16900.0,16900.0,44598.0
2026-03-18,16960.0,16960.0,29203.0
2026-03-19,17100.0,17100.0,31162.0
2026-03-20,15400.0,15400.0,204628.0
2026-03-24,16840.0,16840.0,62435.0
2026-03-25,16860.0,16860.0,96310.0
2026-03-26,16500.0,16500.0,38081.0
2026-03-27,15700.0,15700.0,89506.0
2026-03-30,16400.0,16400.0,8131.0
2026-03-31,16160.0,16160.0,14990.0
2026-04-01,16040.0,16040.0,9474.0
2026-04-02,16040.0,16040.0,0.0
2026-04-03,16040.0,16040.0,0.0
2026-04-06,16540.0,16540.0,28637.0
2026-04-07,16020.0,16020.0,50688.0
2026-04-08,16580.0,16580.0,37586.0
2026-04-09,16780.0,16780.0,39139.0
2026-04-10,16780.0,16780.0,39139.0
2026-04-13,16780.0,16780.0,0.0
2026-04-14,16780.0,16780.0,0.0
2026-04-15,16460.0,16460.0,36676.0
2026-04-16,16380.0,16380.0,70075.0
2026-04-17,16420.0,16420.0,28601.0
2026-04-20,16820.0,16820.0,43184.0
2026-04-21,16620.0,16620.0,80667.0
2026-04-22,16480.0,16480.0,62310.0
2026-04-23,16240.0,16240.0,51583.0
2026-04-24,15960.0,15960.0,121977.0
2026-04-27,15980.0,15980.0,23251.0
2026-04-28,15760.0,15760.0,261997.0
2026-04-29,15740.0,15740.0,54353.0
2026-04-30,15500.0,15500.0,54284.0
2026-05-04,15200.0,15200.0,59992.0
2026-05-05,15200.0,15200.0,0.0
2026-05-06,15280.0,15280.0,39451.0
2026-05-07,15300.0,15300.0,56123.0
2026-05-08,15140.0,15140.0,64233.0
2026-05-11,15380.0,15380.0,46432.0
2026-05-12,14900.0,14900.0,39464.0
2026-05-13,14920.0,14920.0,16160.0
2026-05-14,15040.0,15040.0,73706.0
2026-05-15,14820.0,14820.0,21677.0
2026-05-19,14640.0,14640.0,23771.0
2026-05-20,14440.0,14440.0,157199.0
2026-05-21,14680.0,14680.0,8572.0
2026-05-22,14460.0,14460.0,9380.0
2026-05-25,15160.0,15160.0,37376.0
2026-05-26,15880.0,15880.0,110042.0
2026-05-27,15540.0,15540.0,101741.0
2026-05-28,15500.0,15500.0,32816.0
2026-06-01,16380.0,16380.0,52315.0
2026-06-02,16380.0,16380.0,52315.0
2026-06-03,16020.0,16020.0,13414.0
2026-06-04,16200.0,16200.0,22113.0
2026-06-05,15300.0,15300.0,60226.0
2026-06-08,15300.0,15300.0,0.0
2026-06-09,16280.0,16280.0,16752.0
2026-06-10,16520.0,16520.0,32973.0
2026-06-11,16940.0,16940.0,249607.0
2026-06-16,17140.0,17140.0,64732.0
2026-06-17,17220.0,17220.0,75715.0
2026-06-18,17220.0,17220.0,0.0
2026-06-19,17220.0,17220.0,0.0
2026-06-22,18100.0,18100.0,296760.0
2026-06-23,18180.0,18180.0,134519.0
2026-06-24,17900.0,17900.0,60592.0
2026-06-25,18480.0,18480.0,147264.0
2026-06-26,18480.0,18480.0,72565.0
2026-06-29,18480.0,18480.0,0.0
2026-06-30,18460.0,18460.0,26544.0
2026-07-01,18020.0,18020.0,29779.0
2026-07-02,17940.0,17940.0,101910.0
2026-07-03,18100.0,18100.0,16483.0
2026-07-06,18280.0,18280.0,41601.0
2026-07-07,17980.0,17980.0,9815.0
2026-07-08,18500.0,18500.0,50077.0
2026-07-09,18140.0,18140.0,60430.0
2026-07-10,18600.0,18600.0,44466.0
2026-07-14,19020.0,19020.0,66373.0
2026-07-15,19580.0,19580.0,141736.0
2026-07-16,19340.0,19340.0,78314.0
2026-07-17,19580.0,19580.0,14574.0
2026-07-21,19820.0,19820.0,50488.0
2026-07-22,20080.0,20080.0,239727.0
2026-07-23,19500.0,19500.0,57427.0
2026-07-24,19500.0,19500.0,0.0
2026-07-27,18680.0,18680.0,28855.0
2026-07-28,19180.0,19180.0,55754.0
2026-07-29,19800.0,19800.0,63072.0
2026-07-30,19980.0,19980.0,129666.0
2026-07-31,20500.0,20500.0,158943.0
2026-08-03,20500.0,20500.0,37024.0
2026-08-04,20520.0,20520.0,101706.0
2026-08-05,20400.0,20400.0,111775.0
2026-08-06,20800.0,20800.0,73987.0
2026-08-07,20800.0,20800.0,0.0
2026-08-10,21220.0,21220.0,17834.0
2026-08-11,21500.0,21500.0,70997.0
2026-08-12,21800.0,21800.0,59716.0
2026-08-13,20740.0,20740.0,57530.0
2026-08-14,20000.0,20000.0,80327.0
2026-08-18,20780.0,20780.0,177231.0
2026-08-19,21000.0,21000.0,56785.0
2026-08-20,21140.0,21140.0,44588.0
2026-08-21,21000.0,21000.0,86215.0
2026-08-24,22720.0,22720.0,189762.0
2026-08-25,22400.0,22400.0,69901.0
2026-08-26,22480.0,22480.0,20921.0
2026-08-27,21980.0,21980.0,74396.0
2026-08-28,22960.0,22960.0,107140.0
2026-08-31,22500.0,22500.0,37119.0
2026-09-01,22440.0,22440.0,137917.0
2026-09-02,22780.0,22780.0,50855.0
2026-09-03,23300.0,23300.0,342951.0
2026-09-04,23700.0,23700.0,94449.0
2026-09-07,23500.0,23500.0,55014.0
2026-09-08,22900.0,22900.0,64021.0
2026-09-09,23140.0,23140.0,57330.0
2026-09-10,23000.0,23000.0,138815.0
2026-09-11,22500.0,22500.0,111180.0
2026-09-14,22800.0,22800.0,95610.0
2026-09-15,22540.0,22540.0,27126.0
2026-09-16,22460.0,22460.0,49692.0
2026-09-17,22000.0,22000.0,66008.0
2026-09-18,23180.0,23180.0,3467359.0
2026-09-21,22400.0,22400.0,93922.0
2026-09-22,22300.0,22300.0,17318.0
2026-09-23,22840.0,22840.0,78423.0
2026-09-24,23300.0,23300.0,41271.0
2026-09-25,22500.0,22500.0,28140.0
