Date,close,adjclose,volume
2014-12-01,2425.0,875.6179809570312,0.0
2014-12-02,2285.0,825.067138671875,15994928.0
2014-12-03,2200.0,794.3753662109375,24888904.0
2014-12-04,2285.0,825.067138671875,24426362.0
2014-12-05,2215.0,799.7913208007812,15722716.0
2014-12-08,2215.0,799.7913208007812,0.0
2014-12-09,2080.0,751.045654296875,5447133.0
2014-12-10,2080.0,751.045654296875,5447133.0
2014-12-11,1880.0,678.8296508789062,13299645.0
2014-12-12,1890.0,682.4404296875,17356556.0
2014-12-15,1815.0,655.3594970703125,8793400.0
2014-12-16,1815.0,655.3594970703125,8793400.0
2014-12-17,1860.0,671.6080932617188,11309427.0
2014-12-18,1910.0,689.662109375,15748439.0
2014-12-19,1930.0,696.8838500976562,15382887.0
2014-12-22,1930.0,696.8838500976562,0.0
2014-12-23,2080.0,751.045654296875,10940118.0
2014-12-24,2120.0,765.48876953125,15291031.0
2014-12-25,2100.0,758.2672119140625,6551442.0
2014-12-26,2085.0,752.85107421875,3019943.0
2014-12-29,2085.0,752.85107421875,0.0
2014-12-30,2050.0,740.2131958007812,2370657.0
2014-12-31,2080.0,751.045654296875,8856575.0
2015-01-01,2080.0,751.045654296875,0.0
2015-01-02,1955.0,705.9107055664062,4714491.0
2015-01-05,1815.0,655.3594970703125,9899538.0
2015-01-06,1815.0,655.3594970703125,0.0
2015-01-07,1835.0,662.5811157226562,6090435.0
2015-01-08,1885.0,680.6351928710938,7717742.0
2015-01-09,1960.0,707.7161254882812,8361947.0
2015-01-12,1955.0,705.9107055664062,0.0
2015-01-13,1915.0,691.4675903320312,9196372.0
2015-01-14,1915.0,691.4675903320312,9196372.0
2015-01-15,1895.0,684.2459716796875,15026577.0
2015-01-16,1850.0,667.9973754882812,16642707.0
2015-01-19,1850.0,667.9973754882812,0.0
2015-01-20,1850.0,667.9973754882812,1534872.0
2015-01-21,1870.0,675.2188720703125,4902066.0
2015-01-22,1930.0,696.8838500976562,9302839.0
2015-01-23,1950.0,704.105224609375,13882556.0
2015-01-26,2035.0,734.7971801757812,9783638.0
2015-01-27,2035.0,734.7971801757812,9783638.0
2015-01-28,2030.0,732.9917602539062,10676080.0
2015-01-29,1975.0,713.13232421875,12428650.0
2015-01-30,1965.0,709.5215454101562,10602215.0
2015-02-02,2080.0,751.045654296875,17440624.0
2015-02-03,2080.0,751.045654296875,17440624.0
2015-02-04,2305.0,832.2885131835938,26745836.0
2015-02-05,2190.0,790.7644653320312,18644587.0
2015-02-06,2230.0,805.2076416015625,32376866.0
2015-02-09,2220.0,801.5968627929688,8853197.0
2015-02-10,2220.0,801.5968627929688,8853197.0
2015-02-11,2090.0,754.6564331054688,18214391.0
2015-02-12,2070.0,747.43505859375,20639646.0
2015-02-13,2125.0,767.2942504882812,19452280.0
2015-02-16,2185.0,788.958984375,693064.0
2015-02-17,2185.0,788.958984375,693064.0
2015-02-18,2195.0,792.5697631835938,19215272.0
2015-02-19,2190.0,790.7644653320312,5968344.0
2015-02-20,2150.0,776.3212890625,10609043.0
2015-02-23,2140.0,772.71044921875,10481662.0
2015-02-24,2140.0,772.71044921875,10481662.0
2015-02-25,2150.0,776.3212890625,6232753.0
2015-02-26,2145.0,774.5157470703125,7343476.0
2015-02-27,2090.0,754.6564331054688,7193262.0
2015-03-02,2005.0,723.9647216796875,5489399.0
2015-03-03,2005.0,723.9647216796875,5489399.0
2015-03-04,1895.0,684.2459716796875,17851807.0
2015-03-05,1920.0,693.2730712890625,6763892.0
2015-03-06,1905.0,687.8567504882812,6800856.0
2015-03-09,1800.0,649.9432983398438,7437716.0
2015-03-10,1800.0,649.9432983398438,7437716.0
2015-03-11,1820.0,657.1649780273438,21037476.0
2015-03-12,1850.0,667.9973754882812,11646603.0
2015-03-13,1875.0,677.0242919921875,8518497.0
2015-03-16,1870.0,675.2188720703125,7115406.0
2015-03-17,1870.0,675.2188720703125,7115406.0
2015-03-18,1905.0,687.8567504882812,14980169.0
2015-03-19,1925.0,695.0783081054688,15017820.0
2015-03-20,1870.0,675.2188720703125,9439136.0
2015-03-23,2140.0,772.71044921875,0.0
2015-03-24,1935.0,698.6891479492188,6864123.0
2015-03-25,1935.0,698.6891479492188,6864123.0
2015-03-26,1965.0,709.5215454101562,17587269.0
2015-03-27,1995.0,720.3539428710938,14614419.0
2015-03-30,1970.0,711.3270263671875,3207726.0
2015-03-31,1970.0,711.3270263671875,3207726.0
2015-04-01,1975.0,713.13232421875,7263984.0
2015-04-02,2000.0,722.1593627929688,7915591.0
2015-04-03,1935.0,698.6891479492188,0.0
2015-04-06,2065.0,745.6294555664062,14728829.0
2015-04-07,2065.0,745.6294555664062,14728829.0
2015-04-08,2065.0,745.6294555664062,27664999.0
2015-04-09,2015.0,727.5755004882812,13418418.0
2015-04-10,2035.0,734.7971801757812,4451518.0
2015-04-13,2030.0,732.9917602539062,10352670.0
2015-04-14,2030.0,732.9917602539062,10352670.0
2015-04-15,2045.0,738.4078369140625,11457364.0
2015-04-16,2070.0,747.43505859375,24827516.0
2015-04-17,2085.0,752.85107421875,9462203.0
2015-04-20,2020.0,729.3809814453125,3685324.0
2015-04-21,2020.0,729.3809814453125,3685324.0
2015-04-22,1985.0,716.7431030273438,5837420.0
2015-04-23,2015.0,727.5755004882812,8826768.0
2015-04-24,2035.0,734.7971801757812,8682150.0
2015-04-27,2075.0,749.2403564453125,7028224.0
2015-04-28,2075.0,749.2403564453125,7028224.0
2015-04-29,2050.0,740.2131958007812,8348557.0
2015-04-30,2040.0,736.6024780273438,3035797.0
2015-05-01,2030.0,732.9917602539062,6315265.0
2015-05-04,2030.0,732.9917602539062,0.0
2015-05-05,2035.0,734.7971801757812,4869130.0
2015-05-06,2065.0,745.6294555664062,9267622.0
2015-05-07,2070.0,747.43505859375,15968306.0
2015-05-08,1990.0,718.548583984375,12501976.0
2015-05-11,1900.0,686.05126953125,6444600.0
2015-05-12,1900.0,686.05126953125,6444600.0
2015-05-13,1900.0,686.05126953125,11266570.0
2015-05-14,1945.0,702.2999267578125,26044384.0
2015-05-15,1965.0,709.5215454101562,9446944.0
2015-05-18,1900.0,686.05126953125,0.0
2015-05-19,1875.0,677.0242919921875,7517943.0
2015-05-20,1875.0,677.0242919921875,7517943.0
2015-05-21,1905.0,687.8567504882812,9813255.0
2015-05-22,1930.0,696.8838500976562,3911594.0
2015-05-25,1925.0,695.0783081054688,832650.0
2015-05-26,1925.0,695.0783081054688,832650.0
2015-05-27,1890.0,682.4404296875,4592181.0
2015-05-28,1805.0,651.7487182617188,13280123.0
2015-05-29,1840.0,664.386474609375,4327799.0
2015-06-01,1800.0,649.9432983398438,5378496.0
2015-06-02,1800.0,649.9432983398438,5378496.0
2015-06-03,1815.0,655.3594970703125,12692834.0
2015-06-04,1805.0,651.7487182617188,8336256.0
2015-06-05,1800.0,649.9432983398438,5252442.0
2015-06-08,1800.0,649.9432983398438,0.0
2015-06-09,1835.0,662.5811157226562,13013886.0
2015-06-10,1835.0,662.5811157226562,13013886.0
2015-06-11,1840.0,664.386474609375,11221050.0
2015-06-12,1810.0,653.5540771484375,13475375.0
2015-06-15,1835.0,662.5811157226562,0.0
2015-06-16,1625.0,632.6053466796875,17604505.0
2015-06-17,1625.0,632.6053466796875,17604505.0
2015-06-18,1645.0,640.3912963867188,15414681.0
2015-06-19,1665.0,648.1771850585938,11220433.0
2015-06-22,1835.0,714.357421875,0.0
2015-06-23,1655.0,644.2842407226562,10423302.0
2015-06-24,1725.0,671.5349731445312,10941645.0
2015-06-25,1725.0,671.5349731445312,11300052.0
2015-06-26,1695.0,659.8562622070312,6288810.0
2015-06-29,1835.0,714.357421875,0.0
2015-06-30,1730.0,673.4814453125,7813615.0
2015-07-01,1730.0,673.4814453125,7813615.0
2015-07-02,1645.0,640.3912963867188,7927639.0
2015-07-03,1675.0,652.0701293945312,4972974.0
2015-07-06,1635.0,636.498291015625,9285541.0
2015-07-07,1635.0,636.498291015625,9285541.0
2015-07-08,1650.0,642.3377685546875,11036428.0
2015-07-09,1600.0,622.8729248046875,14898139.0
2015-07-10,1645.0,640.3912963867188,12533694.0
2015-07-13,1635.0,636.498291015625,3676117.0
2015-07-14,1635.0,636.498291015625,3676117.0
2015-07-15,1655.0,644.2842407226562,25925306.0
2015-07-16,1635.0,636.498291015625,11386052.0
2015-07-17,1630.0,634.5518188476562,4078854.0
2015-07-20,1610.0,626.7660522460938,0.0
2015-07-21,1635.0,636.498291015625,4631393.0
2015-07-22,1635.0,636.498291015625,4631393.0
2015-07-23,1610.0,626.7660522460938,8434096.0
2015-07-24,1625.0,632.6053466796875,4928322.0
2015-07-27,1545.0,601.4617919921875,8558715.0
2015-07-28,1545.0,601.4617919921875,8558715.0
2015-07-29,1560.0,607.3010864257812,10100275.0
2015-07-30,1640.0,638.4447631835938,38508238.0
2015-07-31,1645.0,640.3912963867188,7494106.0
2015-08-03,1565.0,609.2476196289062,6345655.0
2015-08-04,1565.0,609.2476196289062,6345655.0
2015-08-05,1580.0,615.0870971679688,5434119.0
2015-08-06,1530.0,595.6222534179688,8077810.0
2015-08-07,1565.0,609.2476196289062,11853243.0
2015-08-10,1540.0,599.5151977539062,8696391.0
2015-08-11,1540.0,599.5151977539062,8696391.0
2015-08-12,1500.0,583.943359375,10894299.0
2015-08-13,1530.0,595.6222534179688,16039771.0
2015-08-14,1530.0,595.6222534179688,17882900.0
2015-08-17,1510.0,587.8363647460938,0.0
2015-08-18,1515.0,589.7827758789062,6733127.0
2015-08-19,1515.0,589.7827758789062,6733127.0
2015-08-20,1450.0,564.4786376953125,8097646.0
2015-08-21,1465.0,570.3180541992188,8843665.0
2015-08-24,1430.0,556.6928100585938,12633124.0
2015-08-25,1430.0,556.6928100585938,12633124.0
2015-08-26,1425.0,554.746337890625,6571241.0
2015-08-27,1425.0,554.746337890625,7760124.0
2015-08-28,1510.0,587.8363647460938,13776166.0
2015-08-31,1595.0,620.9265747070312,12466608.0
2015-09-01,1595.0,620.9265747070312,12466608.0
2015-09-02,1500.0,583.943359375,7242108.0
2015-09-03,1520.0,591.7291870117188,14685158.0
2015-09-04,1515.0,589.7827758789062,11775395.0
2015-09-07,1475.0,574.2110595703125,904460.0
2015-09-08,1475.0,574.2110595703125,904460.0
2015-09-09,1465.0,570.3180541992188,9330566.0
2015-09-10,1435.0,558.6392211914062,9170838.0
2015-09-11,1450.0,564.4786376953125,10423281.0
2015-09-14,1410.0,548.9069213867188,5043319.0
2015-09-15,1410.0,548.9069213867188,5043319.0
2015-09-16,1395.0,543.0674438476562,7881181.0
2015-09-17,1425.0,554.746337890625,19066452.0
2015-09-18,1440.0,560.5856323242188,11170243.0
2015-09-21,1415.0,550.853271484375,3184281.0
2015-09-22,1415.0,550.853271484375,3184281.0
2015-09-23,1395.0,543.0674438476562,5225079.0
2015-09-24,1355.0,527.49560546875,6684510.0
2015-09-25,1365.0,531.3884887695312,6694954.0
2015-09-28,1285.0,500.244873046875,5999794.0
2015-09-29,1285.0,500.244873046875,5999794.0
2015-09-30,1305.0,508.0307312011719,4974172.0
2015-10-01,1330.0,517.76318359375,11188754.0
2015-10-02,1320.0,513.8702392578125,8006632.0
2015-10-05,1390.0,541.1209106445312,6185285.0
2015-10-06,1390.0,541.1209106445312,6185285.0
2015-10-07,1440.0,560.5856323242188,13967110.0
2015-10-08,1495.0,581.9970092773438,22074929.0
2015-10-09,1515.0,589.7827758789062,16704878.0
2015-10-12,1500.0,583.943359375,0.0
2015-10-13,1495.0,581.9970092773438,9176511.0
2015-10-14,1495.0,581.9970092773438,9176511.0
2015-10-15,1480.0,576.1575317382812,10066516.0
2015-10-16,1470.0,572.2645263671875,16930037.0
2015-10-19,1390.0,541.1209106445312,11325220.0
2015-10-20,1390.0,541.1209106445312,11325220.0
2015-10-21,1395.0,543.0674438476562,8152267.0
2015-10-22,1375.0,535.2815551757812,5778485.0
2015-10-23,1390.0,541.1209106445312,8685631.0
2015-10-26,1365.0,531.3884887695312,4400223.0
2015-10-27,1365.0,531.3884887695312,4400223.0
2015-10-28,1345.0,523.6025390625,6087675.0
2015-10-29,1365.0,531.3884887695312,8255393.0
2015-10-30,1345.0,523.6025390625,4679511.0
2015-11-02,1350.0,525.549072265625,0.0
2015-11-03,1415.0,550.853271484375,8447272.0
2015-11-04,1415.0,550.853271484375,8447272.0
2015-11-05,1400.0,545.0138549804688,9838784.0
2015-11-06,1415.0,550.853271484375,19504902.0
2015-11-09,1395.0,543.0674438476562,6126865.0
2015-11-10,1395.0,543.0674438476562,6126865.0
2015-11-11,1395.0,543.0674438476562,6042647.0
2015-11-12,1360.0,529.442138671875,5142971.0
2015-11-13,1340.0,521.6561279296875,9180113.0
2015-11-16,1350.0,525.549072265625,0.0
2015-11-17,1325.0,515.816650390625,10643964.0
2015-11-18,1325.0,515.816650390625,10643964.0
2015-11-19,1320.0,513.8702392578125,10761998.0
2015-11-20,1310.0,509.9773254394531,10353832.0
2015-11-23,1330.0,517.76318359375,6110817.0
2015-11-24,1330.0,517.76318359375,6110817.0
2015-11-25,1340.0,521.6561279296875,19422561.0
2015-11-26,1340.0,521.6561279296875,14272803.0
2015-11-27,1325.0,515.816650390625,1389676.0
2015-11-30,1305.0,508.0307312011719,34329278.0
2015-12-01,1305.0,508.0307312011719,34329278.0
2015-12-02,1285.0,500.244873046875,7036801.0
2015-12-03,1260.0,490.5125427246094,6780246.0
2015-12-04,1255.0,488.5660095214844,5867001.0
2015-12-07,1160.0,451.5828857421875,5929753.0
2015-12-08,1160.0,451.5828857421875,5929753.0
2015-12-09,1160.0,451.5828857421875,8875766.0
2015-12-10,1160.0,451.5828857421875,8875766.0
2015-12-11,1135.0,441.8505554199219,3932535.0
2015-12-14,1090.0,424.332275390625,10126049.0
2015-12-15,1090.0,424.332275390625,10126049.0
2015-12-16,1170.0,455.47589111328125,9555837.0
2015-12-17,1160.0,451.5828857421875,5691581.0
2015-12-18,1155.0,449.6363830566406,8677628.0
2015-12-21,1155.0,449.6363830566406,6081720.0
2015-12-22,1155.0,449.6363830566406,6081720.0
2015-12-23,1165.0,453.5293884277344,2789429.0
2015-12-24,1205.0,469.10125732421875,6778061.0
2015-12-25,1170.0,455.47589111328125,2900079.0
2015-12-28,1150.0,447.6899108886719,3057501.0
2015-12-29,1150.0,447.6899108886719,3057501.0
2015-12-30,1130.0,439.9041442871094,2358582.0
2015-12-31,1110.0,432.1180725097656,2004637.0
2016-01-01,1110.0,432.1180725097656,0.0
2016-01-04,1105.0,430.1716003417969,2838452.0
2016-01-05,1105.0,430.1716003417969,2838452.0
2016-01-06,1085.0,422.38568115234375,5489806.0
2016-01-07,1060.0,412.6533508300781,5171972.0
2016-01-08,1035.0,402.9209289550781,6077752.0
2016-01-11,1015.0,395.1350402832031,0.0
2016-01-12,955.0,371.77728271484375,14073512.0
2016-01-13,955.0,371.77728271484375,14073512.0
2016-01-14,961.0,374.11309814453125,10172368.0
2016-01-15,987.0,384.2347717285156,8648680.0
2016-01-18,881.0,342.9693603515625,6795457.0
2016-01-19,881.0,342.9693603515625,6795457.0
2016-01-20,923.0,359.3198547363281,13718117.0
2016-01-21,914.0,355.8161926269531,15922245.0
2016-01-22,950.0,369.8308410644531,12594160.0
2016-01-25,958.0,372.94512939453125,14192806.0
2016-01-26,958.0,372.94512939453125,14192806.0
2016-01-27,975.0,379.56317138671875,12766330.0
2016-01-28,990.0,385.4026184082031,11105561.0
2016-01-29,1020.0,397.08154296875,23876003.0
2016-02-01,1020.0,397.08154296875,13373859.0
2016-02-02,1020.0,397.08154296875,13373859.0
2016-02-03,993.0,386.570556640625,12717332.0
2016-02-04,1035.0,402.9209289550781,18496852.0
2016-02-05,1050.0,408.7603759765625,19873948.0
2016-02-08,1060.0,412.6533508300781,7403197.0
2016-02-09,1060.0,412.6533508300781,7403197.0
2016-02-10,1025.0,399.0280456542969,23965471.0
2016-02-11,1030.0,400.9744873046875,14508051.0
2016-02-12,1035.0,402.9209289550781,24579078.0
2016-02-15,1070.0,416.5463562011719,5184385.0
2016-02-16,1070.0,416.5463562011719,5184385.0
2016-02-17,1045.0,406.81396484375,24226093.0
2016-02-18,1155.0,449.6363830566406,30398566.0
2016-02-19,1160.0,451.5828857421875,32381043.0
2016-02-22,1165.0,453.5293884277344,16447235.0
2016-02-23,1165.0,453.5293884277344,16447235.0
2016-02-24,1145.0,445.74346923828125,24878580.0
2016-02-25,1135.0,441.8505554199219,24046584.0
2016-02-26,1150.0,447.6899108886719,30677392.0
2016-02-29,1140.0,443.7970275878906,18919883.0
2016-03-01,1140.0,443.7970275878906,18919883.0
2016-03-02,1170.0,455.47589111328125,24038929.0
2016-03-03,1260.0,490.5125427246094,44854626.0
2016-03-04,1320.0,513.8702392578125,25035594.0
2016-03-07,1425.0,554.746337890625,36767104.0
2016-03-08,1425.0,554.746337890625,36767104.0
2016-03-09,1340.0,521.6561279296875,32501797.0
2016-03-10,1340.0,521.6561279296875,29130546.0
2016-03-11,1350.0,525.549072265625,19242811.0
2016-03-14,1335.0,519.7097778320312,5575416.0
2016-03-15,1335.0,519.7097778320312,5575416.0
2016-03-16,1285.0,500.244873046875,19701904.0
2016-03-17,1345.0,523.6025390625,15960555.0
2016-03-18,1325.0,515.816650390625,32235682.0
2016-03-21,1325.0,515.816650390625,0.0
2016-03-22,1350.0,525.549072265625,19430183.0
2016-03-23,1350.0,525.549072265625,19430183.0
2016-03-24,1340.0,521.6561279296875,12778363.0
2016-03-25,1340.0,521.6561279296875,0.0
2016-03-28,1290.0,502.19134521484375,8036178.0
2016-03-29,1280.0,498.29840087890625,9997403.0
2016-03-30,1280.0,498.29840087890625,9997403.0
2016-03-31,1310.0,509.9773254394531,19409861.0
2016-04-01,1310.0,509.9773254394531,14440344.0
2016-04-04,1290.0,502.19134521484375,10923096.0
2016-04-05,1290.0,502.19134521484375,10923096.0
2016-04-06,1265.0,492.4589538574219,9468641.0
2016-04-07,1265.0,492.4589538574219,25448916.0
2016-04-08,1220.0,474.94061279296875,16118666.0
2016-04-11,1290.0,502.19134521484375,12289478.0
2016-04-12,1290.0,502.19134521484375,12289478.0
2016-04-13,1380.0,537.22802734375,26352605.0
2016-04-14,1400.0,545.0138549804688,22272454.0
2016-04-15,1380.0,537.22802734375,10560376.0
2016-04-18,1360.0,529.442138671875,17912580.0
2016-04-19,1360.0,529.442138671875,17912580.0
2016-04-20,1380.0,537.22802734375,21199231.0
2016-04-21,1425.0,554.746337890625,32377577.0
2016-04-22,1430.0,556.6928100585938,19987956.0
2016-04-25,1415.0,550.853271484375,9809184.0
2016-04-26,1415.0,550.853271484375,9809184.0
2016-04-27,1445.0,562.5321044921875,9746287.0
2016-04-28,1460.0,568.3714599609375,36584221.0
2016-04-29,1440.0,560.5856323242188,20394386.0
2016-05-02,1370.0,533.3350219726562,15331507.0
2016-05-03,1370.0,533.3350219726562,15331507.0
2016-05-04,1370.0,533.3350219726562,8866458.0
2016-05-05,1395.0,543.0674438476562,23233151.0
2016-05-06,1390.0,541.1209106445312,14849808.0
2016-05-09,1395.0,543.0674438476562,0.0
2016-05-10,1405.0,546.9603271484375,10440095.0
2016-05-11,1405.0,546.9603271484375,10440095.0
2016-05-12,1400.0,545.0138549804688,13275611.0
2016-05-13,1420.0,552.7998046875,12487711.0
2016-05-16,1445.0,562.5321044921875,17138320.0
2016-05-17,1445.0,562.5321044921875,17138320.0
2016-05-18,1465.0,570.3180541992188,17817473.0
2016-05-19,1405.0,546.9603271484375,17300529.0
2016-05-20,1415.0,550.853271484375,13483569.0
2016-05-23,1395.0,543.0674438476562,6067501.0
2016-05-24,1395.0,543.0674438476562,6067501.0
2016-05-25,1385.0,539.1743774414062,6913293.0
2016-05-26,1410.0,548.9069213867188,20129520.0
2016-05-27,1395.0,543.0674438476562,12281156.0
2016-05-30,1395.0,543.0674438476562,0.0
2016-05-31,1340.0,521.6561279296875,26018349.0
2016-06-01,1340.0,521.6561279296875,26018349.0
2016-06-02,1360.0,529.442138671875,8610179.0
2016-06-03,1375.0,535.2815551757812,6206885.0
2016-06-06,1370.0,533.3350219726562,0.0
2016-06-07,1420.0,552.7998046875,19940073.0
2016-06-08,1420.0,552.7998046875,19940073.0
2016-06-09,1450.0,564.4786376953125,15776777.0
2016-06-10,1450.0,564.4786376953125,13242316.0
2016-06-13,1400.0,545.0138549804688,7256502.0
2016-06-14,1400.0,545.0138549804688,0.0
2016-06-15,1395.0,543.0674438476562,5627028.0
2016-06-16,1395.0,543.0674438476562,13523751.0
2016-06-17,1395.0,543.0674438476562,13523751.0
2016-06-20,1420.0,552.7998046875,16429838.0
2016-06-21,1420.0,552.7998046875,16429838.0
2016-06-22,1425.0,554.746337890625,15360357.0
2016-06-23,1410.0,548.9069213867188,10880616.0
2016-06-24,1410.0,548.9069213867188,6224162.0
2016-06-27,1370.0,533.3350219726562,8155716.0
2016-06-28,1370.0,533.3350219726562,8155716.0
2016-06-29,1385.0,539.1743774414062,5122511.0
2016-06-30,1395.0,543.0674438476562,5073936.0
2016-07-01,1395.0,543.0674438476562,7869302.0
2016-07-04,1405.0,546.9603271484375,0.0
2016-07-05,1370.0,533.3350219726562,7415475.0
2016-07-06,1370.0,533.3350219726562,7415475.0
2016-07-07,1370.0,533.3350219726562,6077781.0
2016-07-08,1355.0,527.49560546875,13660539.0
2016-07-11,1370.0,533.3350219726562,4082790.0
2016-07-12,1370.0,533.3350219726562,4082790.0
2016-07-13,1390.0,541.1209106445312,7717455.0
2016-07-14,1395.0,543.0674438476562,11460450.0
2016-07-15,1410.0,548.9069213867188,6039150.0
2016-07-18,1410.0,548.9069213867188,4539943.0
2016-07-19,1410.0,548.9069213867188,4539943.0
2016-07-20,1390.0,541.1209106445312,18459800.0
2016-07-21,1365.0,531.3884887695312,17095694.0
2016-07-22,1365.0,531.3884887695312,17095694.0
2016-07-25,1335.0,519.7097778320312,7636555.0
2016-07-26,1335.0,519.7097778320312,7636555.0
2016-07-27,1340.0,521.6561279296875,5957306.0
2016-07-28,1325.0,515.816650390625,8865630.0
2016-07-29,1295.0,504.1377868652344,8852642.0
2016-08-01,1250.0,486.6195373535156,6125293.0
2016-08-02,1250.0,486.6195373535156,6125293.0
2016-08-03,1205.0,469.10125732421875,13981999.0
2016-08-04,1235.0,480.78009033203125,10703169.0
2016-08-05,1240.0,482.7265930175781,6519396.0
2016-08-08,1260.0,490.5125427246094,5309196.0
2016-08-09,1260.0,490.5125427246094,5309196.0
2016-08-10,1240.0,482.7265930175781,9718338.0
2016-08-11,1225.0,476.88702392578125,8455899.0
2016-08-12,1230.0,478.83355712890625,7835880.0
2016-08-15,1220.0,474.94061279296875,0.0
2016-08-16,1275.0,496.3519287109375,11703119.0
2016-08-17,1275.0,496.3519287109375,11703119.0
2016-08-18,1320.0,513.8702392578125,16521484.0
2016-08-19,1330.0,517.76318359375,10671015.0
2016-08-22,1290.0,502.19134521484375,7908393.0
2016-08-23,1290.0,502.19134521484375,7908393.0
2016-08-24,1330.0,517.76318359375,12024578.0
2016-08-25,1325.0,515.816650390625,5361615.0
2016-08-26,1325.0,515.816650390625,12513528.0
2016-08-29,1320.0,513.8702392578125,5529992.0
2016-08-30,1320.0,513.8702392578125,5529992.0
2016-08-31,1325.0,515.816650390625,5537784.0
2016-09-01,1320.0,513.8702392578125,13726354.0
2016-09-02,1295.0,504.1377868652344,6752139.0
2016-09-05,1345.0,523.6025390625,4149694.0
2016-09-06,1345.0,523.6025390625,4149694.0
2016-09-07,1340.0,521.6561279296875,6959339.0
2016-09-08,1365.0,531.3884887695312,18939956.0
2016-09-09,1400.0,545.0138549804688,23290212.0
2016-09-12,1335.0,519.7097778320312,9200669.0
2016-09-13,1335.0,519.7097778320312,9200669.0
2016-09-14,1300.0,506.0842590332031,14775557.0
2016-09-15,1275.0,496.3519287109375,20195595.0
2016-09-16,1265.0,492.4589538574219,9966481.0
2016-09-19,1220.0,474.94061279296875,8537742.0
2016-09-20,1220.0,474.94061279296875,8537742.0
2016-09-21,1205.0,469.10125732421875,15067025.0
2016-09-22,1235.0,480.78009033203125,14521237.0
2016-09-23,1245.0,484.6730651855469,8604531.0
2016-09-26,1205.0,469.10125732421875,7722750.0
2016-09-27,1205.0,469.10125732421875,7722750.0
2016-09-28,1170.0,455.47589111328125,15041515.0
2016-09-29,1230.0,478.83355712890625,15188472.0
2016-09-30,1245.0,484.6730651855469,16492066.0
2016-10-03,1265.0,492.4589538574219,13392357.0
2016-10-04,1265.0,492.4589538574219,13392357.0
2016-10-05,1275.0,496.3519287109375,10834400.0
2016-10-06,1310.0,509.9773254394531,18156773.0
2016-10-07,1325.0,515.816650390625,20682869.0
2016-10-10,1340.0,521.6561279296875,8087249.0
2016-10-11,1340.0,521.6561279296875,8087249.0
2016-10-12,1325.0,515.816650390625,13890889.0
2016-10-13,1315.0,511.9236755371094,6663398.0
2016-10-14,1325.0,515.816650390625,6639393.0
2016-10-17,1315.0,511.9236755371094,0.0
2016-10-18,1345.0,523.6025390625,9053575.0
2016-10-19,1345.0,523.6025390625,9053575.0
2016-10-20,1370.0,533.3350219726562,18027001.0
2016-10-21,1340.0,521.6561279296875,10736148.0
2016-10-24,1340.0,521.6561279296875,9734124.0
2016-10-25,1340.0,521.6561279296875,9734124.0
2016-10-26,1330.0,517.76318359375,3607885.0
2016-10-27,1335.0,519.7097778320312,15833976.0
2016-10-28,1340.0,521.6561279296875,9850192.0
2016-10-31,1310.0,509.9773254394531,8577900.0
2016-11-01,1310.0,509.9773254394531,8577900.0
2016-11-02,1330.0,517.76318359375,7643860.0
2016-11-03,1310.0,509.9773254394531,12591526.0
2016-11-04,1300.0,506.0842590332031,14872967.0
2016-11-07,1300.0,506.0842590332031,0.0
2016-11-08,1310.0,509.9773254394531,5165744.0
2016-11-09,1310.0,509.9773254394531,5165744.0
2016-11-10,1325.0,515.816650390625,7630838.0
2016-11-11,1280.0,498.29840087890625,18656840.0
2016-11-14,1270.0,494.4053955078125,0.0
2016-11-15,1295.0,504.1377868652344,11375592.0
2016-11-16,1275.0,496.3519287109375,6880573.0
2016-11-17,1280.0,498.29840087890625,8867645.0
2016-11-18,1280.0,498.29840087890625,5265385.0
2016-11-21,1315.0,511.9236755371094,8446754.0
2016-11-22,1315.0,511.9236755371094,9738669.0
2016-11-23,1300.0,506.0842590332031,2808026.0
2016-11-24,1300.0,506.0842590332031,876322.0
2016-11-25,1290.0,502.19134521484375,5060184.0
2016-11-28,1285.0,500.244873046875,6409321.0
2016-11-29,1240.0,482.7265930175781,9470046.0
2016-11-30,1320.0,513.8702392578125,29076862.0
2016-12-01,1325.0,515.816650390625,16409961.0
2016-12-02,1320.0,513.8702392578125,5608226.0
2016-12-05,1315.0,511.9236755371094,4941022.0
2016-12-06,1315.0,511.9236755371094,11906490.0
2016-12-07,1305.0,508.0307312011719,6999927.0
2016-12-08,1305.0,508.0307312011719,0.0
2016-12-09,1320.0,513.8702392578125,3897613.0
2016-12-12,1345.0,523.6025390625,13877428.0
2016-12-13,1350.0,525.549072265625,14539716.0
2016-12-14,1340.0,521.6561279296875,14980472.0
2016-12-15,1350.0,525.549072265625,10190683.0
2016-12-16,1380.0,537.22802734375,22117156.0
2016-12-19,1385.0,539.1743774414062,10852892.0
2016-12-20,1385.0,539.1743774414062,8196426.0
2016-12-21,1380.0,537.22802734375,6050319.0
2016-12-22,1355.0,527.49560546875,5378113.0
2016-12-23,1335.0,519.7097778320312,6284310.0
2016-12-26,1355.0,527.49560546875,834312.0
2016-12-27,1365.0,531.3884887695312,3047440.0
2016-12-28,1380.0,537.22802734375,3569257.0
2016-12-29,1380.0,537.22802734375,2905127.0
2016-12-30,1380.0,537.22802734375,0.0
2017-01-02,1360.0,529.442138671875,249910.0
2017-01-03,1380.0,537.22802734375,7339088.0
2017-01-04,1400.0,545.0138549804688,9999689.0
2017-01-05,1415.0,550.853271484375,11357751.0
2017-01-06,1395.0,543.0674438476562,8716044.0
2017-01-09,1395.0,543.0674438476562,0.0
2017-01-10,1390.0,541.1209106445312,2877399.0
2017-01-11,1410.0,548.9069213867188,6672875.0
2017-01-12,1400.0,545.0138549804688,13447512.0
2017-01-13,1405.0,546.9603271484375,6462155.0
2017-01-16,1400.0,545.0138549804688,386205.0
2017-01-17,1400.0,545.0138549804688,8325466.0
2017-01-18,1390.0,541.1209106445312,8890258.0
2017-01-19,1395.0,543.0674438476562,6984803.0
2017-01-20,1385.0,539.1743774414062,6224751.0
2017-01-23,1400.0,545.0138549804688,9830033.0
2017-01-24,1400.0,545.0138549804688,6699039.0
2017-01-25,1385.0,539.1743774414062,27471002.0
2017-01-26,1390.0,541.1209106445312,5022399.0
2017-01-27,1390.0,541.1209106445312,8667913.0
2017-01-30,1370.0,533.3350219726562,22727812.0
2017-01-31,1375.0,535.2815551757812,9563074.0
2017-02-01,1395.0,543.0674438476562,5678202.0
2017-02-02,1390.0,541.1209106445312,13291369.0
2017-02-03,1385.0,539.1743774414062,4463303.0
2017-02-06,1375.0,535.2815551757812,26388871.0
2017-02-07,1355.0,527.49560546875,24528989.0
2017-02-08,1355.0,527.49560546875,28493735.0
2017-02-09,1355.0,527.49560546875,9602541.0
2017-02-10,1380.0,537.22802734375,8805701.0
2017-02-13,1375.0,535.2815551757812,6766381.0
2017-02-14,1365.0,531.3884887695312,11704126.0
2017-02-15,1365.0,531.3884887695312,14899103.0
2017-02-16,1360.0,529.442138671875,9663043.0
2017-02-17,1350.0,525.549072265625,12850188.0
2017-02-20,1355.0,527.49560546875,687219.0
2017-02-21,1345.0,523.6025390625,8547107.0
2017-02-22,1310.0,509.9773254394531,15587660.0
2017-02-23,1335.0,519.7097778320312,13220253.0
2017-02-24,1320.0,513.8702392578125,12353982.0
2017-02-27,1335.0,519.7097778320312,5271081.0
2017-02-28,1320.0,513.8702392578125,5346119.0
2017-03-01,1310.0,509.9773254394531,8058912.0
2017-03-02,1315.0,511.9236755371094,7680603.0
2017-03-03,1320.0,513.8702392578125,7766438.0
2017-03-06,1320.0,513.8702392578125,6423917.0
2017-03-07,1330.0,517.76318359375,9531697.0
2017-03-08,1295.0,504.1377868652344,10389203.0
2017-03-09,1310.0,509.9773254394531,7672648.0
2017-03-10,1315.0,511.9236755371094,5133200.0
2017-03-13,1315.0,511.9236755371094,5360239.0
2017-03-14,1290.0,502.19134521484375,11979389.0
2017-03-15,1315.0,511.9236755371094,9120595.0
2017-03-16,1320.0,513.8702392578125,10086763.0
2017-03-17,1300.0,506.0842590332031,26058899.0
2017-03-20,1300.0,506.0842590332031,0.0
2017-03-21,1325.0,515.816650390625,12050259.0
2017-03-22,1320.0,513.8702392578125,14641088.0
2017-03-23,1320.0,513.8702392578125,7215440.0
2017-03-24,1315.0,511.9236755371094,4342717.0
2017-03-27,1305.0,508.0307312011719,11931617.0
2017-03-28,1325.0,515.816650390625,9334419.0
2017-03-29,1340.0,521.6561279296875,8208901.0
2017-03-30,1340.0,521.6561279296875,7329544.0
2017-03-31,1350.0,525.549072265625,3900736.0
2017-04-03,1350.0,525.549072265625,6498200.0
2017-04-04,1355.0,527.49560546875,8804619.0
2017-04-05,1350.0,525.549072265625,24141835.0
2017-04-06,1355.0,527.49560546875,13404523.0
2017-04-07,1365.0,531.3884887695312,13237263.0
2017-04-10,1385.0,539.1743774414062,7498767.0
2017-04-11,1390.0,541.1209106445312,14016447.0
2017-04-12,1400.0,545.0138549804688,8407318.0
2017-04-13,1400.0,545.0138549804688,0.0
2017-04-14,1400.0,545.0138549804688,0.0
2017-04-17,1370.0,533.3350219726562,10285199.0
2017-04-18,1375.0,535.2815551757812,6393254.0
2017-04-19,1375.0,535.2815551757812,27128593.0
2017-04-20,1380.0,537.22802734375,22497483.0
2017-04-21,1365.0,531.3884887695312,14808557.0
2017-04-24,1360.0,538.5159301757812,11794674.0
2017-04-25,1365.0,540.495849609375,11079811.0
2017-04-26,1380.0,546.435302734375,13528444.0
2017-04-27,1340.0,530.5965576171875,20157914.0
2017-04-28,1360.0,538.5159301757812,10777353.0
2017-05-01,1360.0,538.5159301757812,0.0
2017-05-02,1335.0,528.6167602539062,19571150.0
2017-05-03,1355.0,536.5361328125,12986004.0
2017-05-04,1345.0,532.576416015625,26090881.0
2017-05-05,1365.0,540.495849609375,24208051.0
2017-05-08,1385.0,548.4151000976562,15644413.0
2017-05-09,1380.0,546.435302734375,11939098.0
2017-05-10,1380.0,546.435302734375,21505317.0
2017-05-11,1375.0,544.4554443359375,30895373.0
2017-05-12,1445.0,572.1732177734375,43538557.0
2017-05-16,1450.0,574.1531372070312,14860687.0
2017-05-17,1410.0,558.3142700195312,23903104.0
2017-05-18,1410.0,558.3142700195312,17600140.0
2017-05-19,1435.0,568.2134399414062,10869792.0
2017-05-22,1425.0,564.2538452148438,10314404.0
2017-05-23,1420.0,562.2740478515625,8998082.0
2017-05-24,1405.0,556.3344116210938,11777085.0
2017-05-25,1390.0,550.39501953125,13614716.0
2017-05-26,1395.0,552.3746337890625,7877184.0
2017-05-29,1395.0,552.3746337890625,0.0
2017-05-30,1375.0,544.4554443359375,4664602.0
2017-05-31,1335.0,528.6167602539062,46994696.0
2017-06-01,1345.0,532.576416015625,12674947.0
2017-06-02,1335.0,528.6167602539062,16151516.0
2017-06-05,1375.0,544.4554443359375,16269845.0
2017-06-06,1400.0,554.3546142578125,14538874.0
2017-06-07,1370.0,542.4755859375,9703217.0
2017-06-08,1350.0,534.5563354492188,12692206.0
2017-06-09,1370.0,542.4755859375,9118491.0
2017-06-12,1360.0,538.5159301757812,6973881.0
2017-06-13,1365.0,540.495849609375,5099728.0
2017-06-14,1350.0,534.5563354492188,22489612.0
2017-06-15,1340.0,530.5965576171875,4867454.0
2017-06-16,1365.0,540.495849609375,12416427.0
2017-06-19,1365.0,540.495849609375,0.0
2017-06-20,1325.0,524.6570434570312,17642206.0
2017-06-21,1325.0,524.6570434570312,15889850.0
2017-06-22,1350.0,534.5563354492188,6005698.0
2017-06-23,1340.0,530.5965576171875,4290734.0
2017-06-26,1340.0,530.5965576171875,0.0
2017-06-27,1340.0,530.5965576171875,6420355.0
2017-06-28,1340.0,530.5965576171875,15469295.0
2017-06-29,1360.0,538.5159301757812,9496004.0
2017-06-30,1380.0,546.435302734375,11130778.0
2017-07-03,1380.0,546.435302734375,0.0
2017-07-04,1395.0,552.3746337890625,4932486.0
2017-07-06,1380.0,546.435302734375,8156033.0
2017-07-07,1355.0,536.5361328125,5719603.0
2017-07-10,1355.0,536.5361328125,2245278.0
2017-07-11,1370.0,542.4755859375,7743433.0
2017-07-12,1390.0,550.39501953125,15158197.0
2017-07-13,1395.0,552.3746337890625,12735680.0
2017-07-14,1400.0,554.3546142578125,7562248.0
2017-07-17,1390.0,550.39501953125,4292953.0
2017-07-18,1380.0,546.435302734375,5960795.0
2017-07-19,1390.0,550.39501953125,6949823.0
2017-07-20,1390.0,550.39501953125,0.0
2017-07-21,1375.0,544.4554443359375,5932260.0
2017-07-24,1375.0,544.4554443359375,4206364.0
2017-07-25,1395.0,552.3746337890625,9773432.0
2017-07-26,1385.0,548.4151000976562,13150986.0
2017-07-27,1395.0,552.3746337890625,6584112.0
2017-07-28,1395.0,552.3746337890625,7821590.0
2017-07-31,1395.0,552.3746337890625,6878289.0
2017-08-01,1365.0,540.495849609375,13189282.0
2017-08-02,1375.0,544.4554443359375,4602013.0
2017-08-03,1385.0,548.4151000976562,8630856.0
2017-08-04,1385.0,548.4151000976562,5554053.0
2017-08-07,1385.0,548.4151000976562,0.0
2017-08-08,1365.0,540.495849609375,9185708.0
2017-08-09,1390.0,550.39501953125,12241679.0
2017-08-10,1380.0,546.435302734375,6372985.0
2017-08-11,1365.0,540.495849609375,4817331.0
2017-08-14,1365.0,540.495849609375,6937904.0
2017-08-15,1355.0,536.5361328125,9791870.0
2017-08-16,1355.0,536.5361328125,11683648.0
2017-08-17,1365.0,540.495849609375,5508736.0
2017-08-18,1370.0,542.4755859375,2612156.0
2017-08-21,1370.0,542.4755859375,0.0
2017-08-22,1370.0,542.4755859375,3580399.0
2017-08-23,1380.0,546.435302734375,5000630.0
2017-08-24,1370.0,542.4755859375,5473918.0
2017-08-25,1360.0,538.5159301757812,13192714.0
2017-08-28,1350.0,534.5563354492188,17061618.0
2017-08-29,1355.0,536.5361328125,6430331.0
2017-08-30,1350.0,534.5563354492188,6762565.0
2017-08-31,1370.0,542.4755859375,14849724.0
2017-09-01,1370.0,542.4755859375,0.0
2017-09-04,1370.0,542.4755859375,1681353.0
2017-09-05,1370.0,542.4755859375,6773099.0
2017-09-06,1375.0,544.4554443359375,5251163.0
2017-09-07,1370.0,542.4755859375,1157449.0
2017-09-08,1360.0,538.5159301757812,9830178.0
2017-09-11,1355.0,536.5361328125,11848384.0
2017-09-12,1355.0,536.5361328125,7883138.0
2017-09-13,1360.0,538.5159301757812,9359288.0
2017-09-14,1365.0,540.495849609375,9512375.0
2017-09-15,1370.0,542.4755859375,13227093.0
2017-09-18,1370.0,542.4755859375,5058990.0
2017-09-19,1370.0,542.4755859375,5635249.0
2017-09-20,1380.0,546.435302734375,8063475.0
2017-09-21,1385.0,548.4151000976562,7747157.0
2017-09-22,1380.0,546.435302734375,4423079.0
2017-09-25,1390.0,550.39501953125,9752774.0
2017-09-26,1395.0,552.3746337890625,32249015.0
2017-09-27,1405.0,556.3344116210938,19907679.0
2017-09-28,1395.0,552.3746337890625,19679980.0
2017-09-29,1400.0,554.3546142578125,16482232.0
2017-10-02,1395.0,552.3746337890625,3290073.0
2017-10-03,1405.0,556.3344116210938,20583887.0
2017-10-04,1400.0,554.3546142578125,6081803.0
2017-10-05,1405.0,556.3344116210938,5714056.0
2017-10-06,1400.0,554.3546142578125,5050193.0
2017-10-09,1400.0,554.3546142578125,2435060.0
2017-10-10,1410.0,558.3142700195312,12475096.0
2017-10-11,1415.0,560.2941284179688,7331710.0
2017-10-12,1410.0,558.3142700195312,4961242.0
2017-10-13,1410.0,558.3142700195312,4961242.0
2017-10-16,1410.0,558.3142700195312,0.0
2017-10-17,1460.0,578.1126708984375,18879027.0
2017-10-18,1465.0,580.0926513671875,16074406.0
2017-10-19,1460.0,578.1126708984375,5861440.0
2017-10-20,1445.0,572.1732177734375,12650194.0
2017-10-23,1450.0,574.1531372070312,14551438.0
2017-10-24,1465.0,580.0926513671875,18934398.0
2017-10-25,1490.0,589.99169921875,28053940.0
2017-10-26,1565.0,619.6893310546875,47826636.0
2017-10-27,1610.0,637.5078735351562,37478084.0
2017-10-30,1665.0,659.2860107421875,21020666.0
2017-10-31,1665.0,659.2860107421875,30069947.0
2017-11-01,1735.0,687.0038452148438,37494992.0
2017-11-02,1700.0,673.1448364257812,24538433.0
2017-11-03,1700.0,673.1448364257812,20867459.0
2017-11-06,1700.0,673.1448364257812,0.0
2017-11-07,1820.0,720.6609497070312,27828439.0
2017-11-08,1755.0,694.9231567382812,23510033.0
2017-11-09,1820.0,720.6609497070312,28193874.0
2017-11-10,1810.0,716.7012329101562,12260042.0
2017-11-13,1810.0,716.7012329101562,0.0
2017-11-14,1765.0,698.8828125,17685671.0
2017-11-15,1750.0,692.9432373046875,16555579.0
2017-11-16,1750.0,692.9432373046875,9212645.0
2017-11-17,1750.0,692.9432373046875,4446506.0
2017-11-20,1740.0,688.983642578125,15360494.0
2017-11-21,1740.0,688.983642578125,6371727.0
2017-11-22,1775.0,702.8424072265625,14944164.0
2017-11-23,1775.0,702.8424072265625,1586700.0
2017-11-24,1760.0,696.9029541015625,5744033.0
2017-11-27,1780.0,704.8223266601562,12876798.0
2017-11-28,1735.0,687.0038452148438,14773209.0
2017-11-29,1770.0,700.86279296875,7792172.0
2017-11-30,1750.0,692.9432373046875,10485098.0
2017-12-01,1775.0,702.8424072265625,4317477.0
2017-12-04,1780.0,704.8223266601562,8748169.0
2017-12-05,1790.0,708.7820434570312,7250965.0
2017-12-06,1775.0,702.8424072265625,14086341.0
2017-12-07,1780.0,704.8223266601562,3778324.0
2017-12-08,1780.0,704.8223266601562,0.0
2017-12-12,1910.0,756.298095703125,22107193.0
2017-12-13,1935.0,766.197265625,17248131.0
2017-12-14,1935.0,766.197265625,0.0
2017-12-15,1935.0,766.197265625,19767856.0
2017-12-18,1940.0,768.177001953125,14530699.0
2017-12-19,1950.0,772.1369018554688,6921344.0
2017-12-20,2000.0,791.9351806640625,7731081.0
2017-12-21,2015.0,797.8746948242188,7463169.0
2017-12-22,2025.0,801.834228515625,5497130.0
2017-12-25,2025.0,801.834228515625,0.0
2017-12-26,2075.0,821.6328125,8802635.0
2017-12-27,2110.0,835.4916381835938,7003466.0
2017-12-28,2210.0,875.0885009765625,11666842.0
2017-12-29,2210.0,875.0885009765625,11666842.0
2018-01-01,2210.0,875.0885009765625,0.0
2018-01-02,2260.0,894.8867797851562,13141281.0
2018-01-03,2350.0,930.52392578125,14138880.0
2018-01-04,2350.0,930.52392578125,0.0
2018-01-05,2500.0,989.9188842773438,20328667.0
2018-01-08,2500.0,989.9188842773438,0.0
2018-01-09,2555.0,1011.697265625,26201125.0
2018-01-10,2535.0,1003.7778930664062,32007488.0
2018-01-11,2425.0,960.2213745117188,34648132.0
2018-01-12,2425.0,960.2213745117188,34648132.0
2018-01-15,2335.0,924.584228515625,2946870.0
2018-01-16,2420.0,958.241455078125,32134766.0
2018-01-17,2420.0,958.241455078125,32134766.0
2018-01-18,2420.0,958.241455078125,0.0
2018-01-19,2465.0,976.0602416992188,14965210.0
2018-01-22,2590.0,1025.5560302734375,28051940.0
2018-01-23,2705.0,1071.09228515625,26581818.0
2018-01-24,2800.0,1108.709228515625,30949877.0
2018-01-25,2745.0,1086.93115234375,33400416.0
2018-01-26,2760.0,1092.87060546875,12041550.0
2018-01-29,2775.0,1098.8101806640625,15119376.0
2018-01-30,2700.0,1069.1126708984375,14499932.0
2018-01-31,2660.0,1053.273681640625,25363265.0
2018-02-01,2770.0,1096.8302001953125,25623817.0
2018-02-02,2665.0,1055.253662109375,14506478.0
2018-02-05,2485.0,983.9791259765625,30386881.0
2018-02-06,2500.0,989.9188842773438,41850522.0
2018-02-07,2430.0,962.2013549804688,26251111.0
2018-02-08,2335.0,924.584228515625,27935087.0
2018-02-09,2445.0,968.140625,37452535.0
2018-02-12,2420.0,958.241455078125,18168976.0
2018-02-13,2385.0,944.3828735351562,8517290.0
2018-02-14,2500.0,989.9188842773438,25341788.0
2018-02-15,2490.0,985.95947265625,19775146.0
2018-02-16,2485.0,983.9791259765625,16524347.0
2018-02-19,2480.0,981.99951171875,2258002.0
2018-02-20,2485.0,983.9791259765625,17638048.0
2018-02-21,2475.0,980.0198364257812,16584419.0
2018-02-22,2565.0,1015.6568603515625,19293858.0
2018-02-23,2625.0,1039.414794921875,16841489.0
2018-02-26,2655.0,1051.2938232421875,17069960.0
2018-02-27,2630.0,1041.394775390625,20941570.0
2018-02-28,2510.0,993.8786010742188,31369955.0
2018-03-01,2480.0,981.99951171875,20283458.0
2018-03-02,2480.0,981.99951171875,8127804.0
2018-03-05,2510.0,993.8786010742188,11840054.0
2018-03-06,2505.0,991.8986206054688,14059913.0
2018-03-07,2450.0,970.12060546875,11803339.0
2018-03-08,2475.0,980.0198364257812,10040367.0
2018-03-09,2505.0,991.8986206054688,15772647.0
2018-03-12,2480.0,981.99951171875,9264212.0
2018-03-14,2505.0,991.8986206054688,8492631.0
2018-03-15,2535.0,1003.7778930664062,18235875.0
2018-03-16,2535.0,1003.7778930664062,18235875.0
2018-03-19,2535.0,1003.7778930664062,0.0
2018-03-20,2670.0,1057.2335205078125,19753133.0
2018-03-21,2750.0,1088.910888671875,28627695.0
2018-03-22,2620.0,1037.43505859375,22941374.0
2018-03-23,2620.0,1037.43505859375,22941374.0
2018-03-26,2775.0,1098.8101806640625,14256329.0
2018-03-27,2645.0,1047.334228515625,16069655.0
2018-03-28,2645.0,1047.334228515625,16069655.0
2018-03-29,2645.0,1047.334228515625,0.0
2018-03-30,2645.0,1047.334228515625,0.0
2018-04-02,2690.0,1065.15283203125,17643131.0
2018-04-03,2730.0,1080.99169921875,13109179.0
2018-04-04,2740.0,1084.951171875,16780793.0
2018-04-05,2740.0,1084.951171875,11539363.0
2018-04-06,2740.0,1084.951171875,11539363.0
2018-04-09,2745.0,1086.93115234375,14311863.0
2018-04-10,2790.0,1104.749267578125,16216677.0
2018-04-11,2980.0,1179.9833984375,28627360.0
2018-04-12,2955.0,1170.0843505859375,20202015.0
2018-04-13,2955.0,1187.9742431640625,20202015.0
2018-04-16,2760.0,1109.5799560546875,11157389.0
2018-04-17,2870.0,1153.8023681640625,27452832.0
2018-04-18,2935.0,1179.933837890625,36420033.0
2018-04-19,3030.0,1218.1259765625,29262974.0
2018-04-20,3030.0,1218.1259765625,29262974.0
2018-04-23,3085.0,1240.2371826171875,16787753.0
2018-04-24,3060.0,1230.1864013671875,26203386.0
2018-04-25,3045.0,1224.1561279296875,20320188.0
2018-04-26,3010.0,1210.08544921875,16649951.0
2018-04-27,3010.0,1210.08544921875,16649951.0
2018-04-30,3100.0,1246.2672119140625,16583150.0
2018-05-01,3100.0,1246.2672119140625,0.0
2018-05-02,3105.0,1248.2774658203125,12936543.0
2018-05-03,3095.0,1244.2574462890625,16028975.0
2018-05-04,3095.0,1244.2574462890625,16028975.0
2018-05-07,3030.0,1218.1259765625,8968340.0
2018-05-08,3085.0,1240.2371826171875,27490772.0
2018-05-09,3160.0,1270.3887939453125,16116983.0
2018-05-10,3100.0,1246.2672119140625,16109816.0
2018-05-11,3100.0,1246.2672119140625,16109816.0
2018-05-14,3100.0,1246.2672119140625,0.0
2018-05-15,3290.0,1322.6513671875,24354249.0
2018-05-16,3205.0,1288.479736328125,17888339.0
2018-05-17,3170.0,1274.40869140625,15789105.0
2018-05-18,3170.0,1274.40869140625,15789105.0
2018-05-21,3125.0,1256.3177490234375,8976904.0
2018-05-22,3110.0,1250.2877197265625,8591944.0
2018-05-23,3025.0,1216.1156005859375,13700566.0
2018-05-24,3075.0,1236.217041015625,21049094.0
2018-05-25,3075.0,1236.217041015625,21049094.0
2018-05-28,2900.0,1165.8631591796875,5455141.0
2018-05-29,3030.0,1218.1259765625,30216473.0
2018-05-30,3120.0,1254.3077392578125,17779156.0
2018-05-31,3090.0,1242.2471923828125,31990505.0
2018-06-01,3090.0,1242.2471923828125,31990505.0
2018-06-04,3090.0,1242.2471923828125,0.0
2018-06-05,3080.0,1238.22705078125,10739782.0
2018-06-06,3015.0,1212.0955810546875,11052273.0
2018-06-07,3060.0,1230.1864013671875,6633669.0
2018-06-08,3060.0,1230.1864013671875,6633669.0
2018-06-11,3060.0,1230.1864013671875,0.0
2018-06-12,3005.0,1208.0753173828125,9577879.0
2018-06-13,3010.0,1210.08544921875,6428358.0
2018-06-14,3005.0,1208.0753173828125,6623430.0
2018-06-15,3005.0,1208.0753173828125,6623430.0
2018-06-18,2985.0,1200.034912109375,11007236.0
2018-06-19,2905.0,1167.8731689453125,8412981.0
2018-06-20,2875.0,1155.8125,19876293.0
2018-06-21,2845.0,1143.751708984375,16288179.0
2018-06-22,2845.0,1143.751708984375,16288179.0
2018-06-25,2820.0,1133.701416015625,6008351.0
2018-06-26,2885.0,1159.8326416015625,12069217.0
2018-06-27,2970.0,1194.0045166015625,11116758.0
2018-06-28,2985.0,1200.034912109375,8542495.0
2018-06-29,2985.0,1200.034912109375,8542495.0
2018-07-02,2985.0,1200.034912109375,0.0
2018-07-03,2930.0,1177.923828125,6264362.0
2018-07-04,2930.0,1177.923828125,2377383.0
2018-07-05,2895.0,1163.8529052734375,8018256.0
2018-07-06,2895.0,1163.8529052734375,8018256.0
2018-07-09,3000.0,1206.0650634765625,12479255.0
2018-07-10,3020.0,1214.1055908203125,10187398.0
2018-07-11,2955.0,1187.9742431640625,8161239.0
2018-07-12,2945.0,1183.9539794921875,11450756.0
2018-07-13,2945.0,1183.9539794921875,11450756.0
2018-07-16,2940.0,1181.94384765625,11523267.0
2018-07-17,2960.0,1189.9842529296875,7721833.0
2018-07-18,2965.0,1191.994384765625,6749112.0
2018-07-19,2965.0,1191.994384765625,6749112.0
2018-07-20,2965.0,1191.994384765625,0.0
2018-07-23,2970.0,1194.0045166015625,4729684.0
2018-07-24,2965.0,1191.994384765625,4971962.0
2018-07-25,3000.0,1206.0650634765625,7339026.0
2018-07-26,3005.0,1208.0753173828125,6349490.0
2018-07-27,3005.0,1208.0753173828125,6349490.0
2018-07-30,3080.0,1238.22705078125,13245670.0
2018-07-31,3070.0,1234.2069091796875,11049846.0
2018-08-01,3125.0,1256.3177490234375,9668493.0
2018-08-02,3130.0,1258.3280029296875,5263757.0
2018-08-03,3130.0,1258.3280029296875,5263757.0
2018-08-06,3140.0,1262.34814453125,3443163.0
2018-08-07,3140.0,1262.34814453125,0.0
2018-08-08,3175.0,1276.4190673828125,6418299.0
2018-08-09,3030.0,1218.1259765625,14488186.0
2018-08-10,3030.0,1218.1259765625,14488186.0
2018-08-13,3060.0,1230.1864013671875,6514274.0
2018-08-14,3100.0,1246.2672119140625,7673084.0
2018-08-15,3000.0,1206.0650634765625,18888018.0
2018-08-16,3065.0,1232.1966552734375,7319286.0
2018-08-17,3065.0,1232.1966552734375,7319286.0
2018-08-20,3065.0,1232.1966552734375,0.0
2018-08-21,3140.0,1262.34814453125,12711478.0
2018-08-22,3220.0,1294.510009765625,12451012.0
2018-08-23,3240.0,1302.5504150390625,7774766.0
2018-08-24,3240.0,1302.5504150390625,7774766.0
2018-08-27,3305.0,1328.6817626953125,6358829.0
2018-08-28,3330.0,1338.732177734375,11295869.0
2018-08-29,3385.0,1360.843505859375,11463307.0
2018-08-30,3445.0,1384.9649658203125,9527838.0
2018-08-31,3445.0,1384.9649658203125,9527838.0
2018-09-03,3395.0,1364.8636474609375,1050647.0
2018-09-04,3455.0,1388.9849853515625,10856040.0
2018-09-05,3430.0,1378.934326171875,10502983.0
2018-09-06,3390.0,1362.85400390625,7824380.0
2018-09-07,3390.0,1362.85400390625,7824380.0
2018-09-10,3410.0,1370.8941650390625,8714286.0
2018-09-11,3480.0,1417.534423828125,14248165.0
2018-09-12,3820.0,1556.0289306640625,39334861.0
2018-09-13,3765.0,1533.625244140625,20313517.0
2018-09-14,3765.0,1533.625244140625,20313517.0
2018-09-17,3870.0,1576.39599609375,10148892.0
2018-09-18,3940.0,1604.9093017578125,15456002.0
2018-09-19,3850.0,1568.2491455078125,9418841.0
2018-09-20,3715.0,1513.258544921875,17197063.0
2018-09-21,3715.0,1513.258544921875,17197063.0
2018-09-24,3900.0,1588.61572265625,14600630.0
2018-09-25,3930.0,1600.8360595703125,11925910.0
2018-09-26,3925.0,1598.79931640625,13196514.0
2018-09-27,3980.0,1621.203125,12282181.0
2018-09-28,3980.0,1621.203125,12282181.0
2018-10-01,4150.0,1690.4503173828125,10917747.0
2018-10-02,4150.0,1690.4503173828125,10917747.0
2018-10-03,4105.0,1672.1202392578125,12111665.0
2018-10-04,4160.0,1694.523681640625,8424196.0
2018-10-05,4080.0,1661.9365234375,7168472.0
2018-10-10,4015.0,1635.45947265625,16971940.0
2018-10-11,4015.0,1635.45947265625,16971940.0
2018-10-12,3900.0,1588.61572265625,18863255.0
2018-10-15,3900.0,1588.61572265625,0.0
2018-10-16,3970.0,1617.12939453125,14927040.0
2018-10-17,3970.0,1617.12939453125,14927040.0
2018-10-18,3965.0,1615.0928955078125,14355175.0
2018-10-19,3925.0,1598.79931640625,11056166.0
2018-10-22,3960.0,1613.0562744140625,10439667.0
2018-10-23,3960.0,1613.0562744140625,10439667.0
2018-10-24,3845.0,1566.2125244140625,21589698.0
2018-10-25,3685.0,1501.0384521484375,14531835.0
2018-10-26,3705.0,1509.1851806640625,10998574.0
2018-10-29,3690.0,1503.0750732421875,13411134.0
2018-10-30,3690.0,1503.0750732421875,13411134.0
2018-10-31,3750.0,1527.5152587890625,13259255.0
2018-11-01,3740.0,1523.4417724609375,19988688.0
2018-11-02,3465.0,1411.4241943359375,20423762.0
2018-11-05,3465.0,1411.4241943359375,0.0
2018-11-06,3440.0,1401.24072265625,16632301.0
2018-11-07,3440.0,1401.24072265625,16632301.0
2018-11-08,3480.0,1417.534423828125,6368643.0
2018-11-09,3425.0,1395.130615234375,6625652.0
2018-11-12,3425.0,1395.130615234375,0.0
2018-11-13,3240.0,1319.7733154296875,16995386.0
2018-11-14,3240.0,1319.7733154296875,16995386.0
2018-11-15,3280.0,1336.066650390625,7679936.0
2018-11-16,3275.0,1334.030029296875,9607023.0
2018-11-19,3190.0,1299.40625,10232438.0
2018-11-20,3060.0,1246.4527587890625,19450389.0
2018-11-21,3150.0,1283.1129150390625,14925956.0
2018-11-22,3140.0,1279.0396728515625,934743.0
2018-11-23,3020.0,1230.1590576171875,6399259.0
2018-11-26,3075.0,1252.5628662109375,9311343.0
2018-11-27,3140.0,1279.0396728515625,8308975.0
2018-11-28,3115.0,1268.8560791015625,8624702.0
2018-11-29,3110.0,1266.8192138671875,5244413.0
2018-11-30,3105.0,1264.7828369140625,13431997.0
2018-12-03,3290.0,1340.1400146484375,10101567.0
2018-12-04,3160.0,1287.186279296875,13854527.0
2018-12-05,3220.0,1311.62646484375,1978815.0
2018-12-06,3100.0,1262.74609375,16609818.0
2018-12-07,3100.0,1262.74609375,6760129.0
2018-12-10,3020.0,1230.1590576171875,6282141.0
2018-12-11,2980.0,1213.8656005859375,9665068.0
2018-12-12,3015.0,1228.122314453125,13562497.0
2018-12-13,2960.0,1205.7188720703125,9908391.0
2018-12-14,2940.0,1197.5718994140625,4207407.0
2018-12-17,2875.0,1171.0950927734375,5896945.0
2018-12-18,2835.0,1154.8016357421875,7065095.0
2018-12-19,2815.0,1146.655029296875,5674603.0
2018-12-20,2615.0,1065.1873779296875,5934871.0
2018-12-21,2665.0,1085.5545654296875,10728528.0
2018-12-24,2550.0,1038.7105712890625,870803.0
2018-12-25,2550.0,1038.7105712890625,0.0
2018-12-26,2720.0,1107.957763671875,1948568.0
2018-12-27,2715.0,1105.9208984375,1254598.0
2018-12-28,2645.0,1077.4075927734375,1221981.0
2018-12-31,2645.0,1077.4075927734375,0.0
2019-01-01,2645.0,1077.4075927734375,0.0
2019-01-02,2650.0,1079.4442138671875,3248654.0
2019-01-03,2760.0,1124.2513427734375,3564545.0
2019-01-04,2800.0,1140.544677734375,6283276.0
2019-01-07,2800.0,1140.544677734375,0.0
2019-01-08,2890.0,1177.205322265625,10433247.0
2019-01-09,2935.0,1195.5352783203125,19261532.0
2019-01-10,2935.0,1195.5352783203125,8057694.0
2019-01-11,2900.0,1181.278564453125,6321562.0
2019-01-14,2910.0,1185.3516845703125,6623394.0
2019-01-15,2930.0,1193.4986572265625,7237761.0
2019-01-16,2930.0,1193.4986572265625,4357159.0
2019-01-17,2910.0,1185.3516845703125,8334890.0
2019-01-18,2895.0,1179.2418212890625,7826480.0
2019-01-21,2900.0,1181.278564453125,1048747.0
2019-01-22,2900.0,1181.278564453125,12160021.0
2019-01-23,2825.0,1150.728271484375,12426378.0
2019-01-24,2835.0,1154.8016357421875,7651766.0
2019-01-25,2860.0,1164.985107421875,4945551.0
2019-01-28,2815.0,1146.655029296875,12471217.0
2019-01-29,2850.0,1160.9117431640625,3963042.0
2019-01-30,2915.0,1187.3887939453125,9857503.0
2019-01-31,2920.0,1189.4251708984375,19474876.0
2019-02-01,2935.0,1195.5352783203125,8739212.0
2019-02-04,2920.0,1189.4251708984375,7602380.0
2019-02-05,2950.0,1201.645263671875,8635033.0
2019-02-06,2920.0,1189.4251708984375,7116058.0
2019-02-07,2865.0,1167.021484375,6100198.0
2019-02-08,2865.0,1167.021484375,4167003.0
2019-02-11,2840.0,1156.83837890625,3006197.0
2019-02-12,2925.0,1191.462158203125,9386146.0
2019-02-13,2955.0,1203.6820068359375,8948829.0
2019-02-14,2965.0,1207.7554931640625,11802796.0
2019-02-15,3055.0,1244.415771484375,15356251.0
2019-02-18,3065.0,1248.489013671875,4180758.0
2019-02-19,3050.0,1242.3790283203125,12115850.0
2019-02-20,3085.0,1256.6358642578125,10276551.0
2019-02-21,3060.0,1246.4527587890625,9385092.0
2019-02-22,3080.0,1254.5992431640625,7309152.0
2019-02-25,3145.0,1281.076171875,9493878.0
2019-02-26,3195.0,1301.4429931640625,11231374.0
2019-02-27,3230.0,1315.6998291015625,16567735.0
2019-02-28,3120.0,1270.8929443359375,17520323.0
2019-03-01,3165.0,1289.2230224609375,7656986.0
2019-03-04,3210.0,1307.552978515625,4792294.0
2019-03-05,3215.0,1309.5897216796875,5165139.0
2019-03-06,3195.0,1301.4429931640625,9913817.0
2019-03-07,3175.0,1293.2962646484375,6364873.0
2019-03-08,3135.0,1277.002685546875,9138499.0
2019-03-11,3200.0,1303.479736328125,5744203.0
2019-03-12,3230.0,1315.6998291015625,5365227.0
2019-03-13,3330.0,1356.4334716796875,14279248.0
2019-03-14,3320.0,1352.3602294921875,9329107.0
2019-03-15,3400.0,1384.9473876953125,23178647.0
2019-03-18,3445.0,1403.277587890625,6406881.0
2019-03-19,3470.0,1413.4608154296875,10532784.0
2019-03-20,3550.0,1446.0477294921875,11661983.0
2019-03-21,3565.0,1452.1580810546875,5239193.0
2019-03-22,3430.0,1397.1676025390625,6648471.0
2019-03-25,3430.0,1397.1676025390625,0.0
2019-03-26,3470.0,1413.4608154296875,9346452.0
2019-03-27,3370.0,1372.7271728515625,13990797.0
2019-03-28,3370.0,1372.7271728515625,7697706.0
2019-03-29,3415.0,1391.0572509765625,9377927.0
2019-04-01,3460.0,1409.3873291015625,5739291.0
2019-04-02,3440.0,1401.24072265625,5903940.0
2019-04-03,3410.0,1389.0206298828125,16271351.0
2019-04-04,3350.0,1364.5804443359375,7455678.0
2019-04-05,3360.0,1368.6534423828125,7110813.0
2019-04-08,3425.0,1395.130615234375,10507730.0
2019-04-09,3380.0,1376.800537109375,8503562.0
2019-04-10,3405.0,1386.9837646484375,5462559.0
2019-04-11,3320.0,1352.3602294921875,10879006.0
2019-04-12,3320.0,1352.3602294921875,10879006.0
2019-04-15,3230.0,1315.6998291015625,9705618.0
2019-04-16,3230.0,1315.6998291015625,9705618.0
2019-04-17,3295.0,1442.672607421875,5079774.0
2019-04-18,3295.0,1442.672607421875,0.0
2019-04-19,3295.0,1442.672607421875,0.0
2019-04-22,3095.0,1355.1053466796875,8289813.0
2019-04-23,3095.0,1355.1053466796875,8289813.0
2019-04-24,3105.0,1359.4835205078125,7539902.0
2019-04-25,3075.0,1346.3485107421875,11308327.0
2019-04-26,3075.0,1346.3485107421875,8953053.0
2019-04-29,3020.0,1322.267333984375,6477106.0
2019-04-30,3020.0,1322.267333984375,6477106.0
2019-05-01,3020.0,1322.267333984375,0.0
2019-05-02,2945.0,1289.4296875,6161574.0
2019-05-03,2945.0,1289.4296875,6161574.0
2019-05-06,2915.0,1276.29443359375,11354037.0
2019-05-07,2915.0,1276.29443359375,11354037.0
2019-05-08,2885.0,1263.1595458984375,13581622.0
2019-05-09,2970.0,1300.3756103515625,8801817.0
2019-05-10,3040.0,1331.0242919921875,10765028.0
2019-05-13,3020.0,1322.267333984375,10416626.0
2019-05-14,3020.0,1322.267333984375,10416626.0
2019-05-15,3005.0,1315.6998291015625,6765603.0
2019-05-16,3030.0,1326.6458740234375,6303211.0
2019-05-17,3075.0,1346.3485107421875,10888703.0
2019-05-20,3045.0,1333.2135009765625,8327176.0
2019-05-21,3045.0,1333.2135009765625,8327176.0
2019-05-22,3095.0,1355.1053466796875,2179400.0
2019-05-23,3040.0,1331.0242919921875,10367392.0
2019-05-24,2940.0,1287.2406005859375,4769839.0
2019-05-27,2950.0,1291.618896484375,2394410.0
2019-05-28,2950.0,1291.618896484375,2394410.0
2019-05-29,2815.0,1232.510986328125,29574029.0
2019-05-30,2870.0,1256.5921630859375,7063770.0
2019-05-31,2810.0,1230.32177734375,7234796.0
2019-06-03,2810.0,1230.32177734375,0.0
2019-06-04,2820.0,1234.7003173828125,6758198.0
2019-06-05,2820.0,1234.7003173828125,6758198.0
2019-06-06,2755.0,1206.24072265625,6672149.0
2019-06-07,2770.0,1212.80810546875,4011992.0
2019-06-11,2800.0,1225.9432373046875,5399104.0
2019-06-12,2725.0,1193.1055908203125,6106663.0
2019-06-13,2765.0,1210.6192626953125,5583184.0
2019-06-14,2790.0,1221.5648193359375,5155252.0
2019-06-17,2820.0,1234.7003173828125,4608904.0
2019-06-18,2870.0,1256.5921630859375,7447076.0
2019-06-19,2930.0,1282.862060546875,12198650.0
2019-06-20,2980.0,1304.75390625,16391803.0
2019-06-21,3020.0,1322.267333984375,21757049.0
2019-06-24,3020.0,1322.267333984375,0.0
2019-06-25,2985.0,1306.9432373046875,4156229.0
2019-06-26,2985.0,1306.9432373046875,3607123.0
2019-06-27,2945.0,1289.4296875,2083500.0
2019-06-28,2920.0,1278.4837646484375,4335966.0
2019-07-01,2920.0,1278.4837646484375,0.0
2019-07-02,2925.0,1280.6732177734375,5021167.0
2019-07-03,2925.0,1280.6732177734375,5021167.0
2019-07-04,3010.0,1317.8890380859375,6361946.0
2019-07-05,3010.0,1317.8890380859375,533292.0
2019-07-08,3015.0,1320.078369140625,3103843.0
2019-07-09,3015.0,1320.078369140625,3103843.0
2019-07-10,3020.0,1322.267333984375,3784443.0
2019-07-11,3090.0,1352.9158935546875,11032060.0
2019-07-12,3070.0,1344.1593017578125,9532391.0
2019-07-15,3035.0,1328.8349609375,7984092.0
2019-07-16,3035.0,1328.8349609375,7984092.0
2019-07-17,3025.0,1324.4566650390625,12964170.0
2019-07-18,3000.0,1313.5106201171875,8677681.0
2019-07-19,2965.0,1298.186279296875,11484086.0
2019-07-22,3030.0,1326.6458740234375,9657346.0
2019-07-23,3030.0,1326.6458740234375,9657346.0
2019-07-24,3015.0,1320.078369140625,8419774.0
2019-07-25,3000.0,1313.5106201171875,5059919.0
2019-07-26,3000.0,1313.5106201171875,14662303.0
2019-07-29,2980.0,1304.75390625,7563923.0
2019-07-30,2980.0,1304.75390625,7563923.0
2019-07-31,2965.0,1298.186279296875,6437270.0
2019-08-01,2940.0,1287.2406005859375,13543704.0
2019-08-02,2925.0,1280.6732177734375,11161834.0
2019-08-05,2860.0,1252.2132568359375,7914172.0
2019-08-06,2860.0,1252.2132568359375,7914172.0
2019-08-07,2860.0,1252.2132568359375,0.0
2019-08-08,2825.0,1236.88916015625,9820542.0
2019-08-09,2825.0,1236.88916015625,9820542.0
2019-08-12,2800.0,1225.9432373046875,4271132.0
2019-08-13,2800.0,1225.9432373046875,4271132.0
2019-08-14,2855.0,1250.0245361328125,9778701.0
2019-08-15,2750.0,1204.0516357421875,11453330.0
2019-08-16,2725.0,1193.1055908203125,11000514.0
2019-08-19,2725.0,1193.1055908203125,0.0
2019-08-20,2740.0,1199.673095703125,6668753.0
2019-08-21,2740.0,1199.673095703125,6668753.0
2019-08-22,2750.0,1204.0516357421875,11229753.0
2019-08-23,2695.0,1179.970703125,11494244.0
2019-08-26,2670.0,1169.0244140625,4803630.0
2019-08-27,2670.0,1169.0244140625,4803630.0
2019-08-28,2655.0,1162.4566650390625,14789501.0
2019-08-29,2665.0,1166.83544921875,2175126.0
2019-08-30,2680.0,1173.4029541015625,10418779.0
2019-09-02,2735.0,1197.484130859375,729983.0
2019-09-03,2735.0,1197.484130859375,729983.0
2019-09-04,2720.0,1190.91650390625,4559444.0
2019-09-05,2750.0,1204.0516357421875,8143579.0
2019-09-06,2810.0,1230.32177734375,11050367.0
2019-09-09,2865.0,1254.4027099609375,5221691.0
2019-09-10,2865.0,1254.4027099609375,5221691.0
2019-09-11,2885.0,1263.1595458984375,16100072.0
2019-09-12,2900.0,1269.7271728515625,10849539.0
2019-09-13,2945.0,1289.4296875,13279572.0
2019-09-16,3000.0,1313.5106201171875,26022243.0
2019-09-17,3000.0,1313.5106201171875,26022243.0
2019-09-18,3000.0,1313.5106201171875,21514444.0
2019-09-19,3020.0,1322.267333984375,10805883.0
2019-09-20,2990.0,1309.1324462890625,6166785.0
2019-09-23,3000.0,1313.5106201171875,4559357.0
2019-09-24,3000.0,1313.5106201171875,4559357.0
2019-09-25,2980.0,1304.75390625,5900758.0
2019-09-26,2980.0,1304.75390625,4637253.0
2019-09-27,2990.0,1309.1324462890625,5540612.0
2019-09-30,2950.0,1291.618896484375,4737543.0
2019-10-01,2950.0,1291.618896484375,4737543.0
2019-10-02,2940.0,1287.2406005859375,5188118.0
2019-10-03,2890.0,1265.3486328125,10118173.0
2019-10-04,2945.0,1289.4296875,4454138.0
2019-10-07,2955.0,1293.80810546875,1853824.0
2019-10-08,2955.0,1293.80810546875,1853824.0
2019-10-09,2910.0,1274.10546875,4374373.0
2019-10-10,2925.0,1280.6732177734375,1556897.0
2019-10-11,2950.0,1291.618896484375,2540750.0
2019-10-14,2950.0,1291.618896484375,0.0
2019-10-15,2995.0,1311.3216552734375,6419426.0
2019-10-16,2995.0,1311.3216552734375,6419426.0
2019-10-17,2975.0,1302.5648193359375,4858984.0
2019-10-18,2965.0,1298.186279296875,7218174.0
2019-10-21,2925.0,1280.6732177734375,4437458.0
2019-10-22,2925.0,1280.6732177734375,4437458.0
2019-10-23,3000.0,1313.5106201171875,6466847.0
2019-10-24,3030.0,1326.6458740234375,6117226.0
2019-10-25,3040.0,1331.0242919921875,3614227.0
2019-10-28,3040.0,1331.0242919921875,4473981.0
2019-10-29,3040.0,1331.0242919921875,4473981.0
2019-10-30,3070.0,1344.1593017578125,6764726.0
2019-10-31,3040.0,1331.0242919921875,10165290.0
2019-11-01,3040.0,1331.0242919921875,10165290.0
2019-11-04,3040.0,1331.0242919921875,0.0
2019-11-05,3160.0,1383.5648193359375,8157776.0
2019-11-06,3130.0,1370.4296875,6206385.0
2019-11-07,3130.0,1370.4296875,4105229.0
2019-11-08,3130.0,1370.4296875,9898989.0
2019-11-11,3130.0,1370.4296875,0.0
2019-11-12,3100.0,1357.2945556640625,7872068.0
2019-11-13,3120.0,1366.0513916015625,7650822.0
2019-11-14,3125.0,1368.240234375,3466487.0
2019-11-15,3145.0,1376.997314453125,6849468.0
2019-11-18,3130.0,1370.4296875,2313562.0
2019-11-19,3100.0,1357.2945556640625,4581151.0
2019-11-20,3130.0,1370.4296875,5262115.0
2019-11-21,3145.0,1376.997314453125,3789029.0
2019-11-22,3170.0,1387.9432373046875,3640134.0
2019-11-25,3160.0,1383.5648193359375,4164207.0
2019-11-26,3160.0,1383.5648193359375,24955444.0
2019-11-27,3205.0,1403.26708984375,4592429.0
2019-11-28,3220.0,1409.8348388671875,1978222.0
2019-11-29,3220.0,1409.8348388671875,1978222.0
2019-12-02,3230.0,1414.2132568359375,5026067.0
2019-12-03,3200.0,1401.078125,7601326.0
2019-12-04,3330.0,1457.996826171875,12462185.0
2019-12-05,3280.0,1436.10498046875,7022378.0
2019-12-06,3300.0,1444.8619384765625,4118806.0
2019-12-09,3280.0,1436.10498046875,2948052.0
2019-12-10,3260.0,1427.3485107421875,2228273.0
2019-12-11,3270.0,1431.7265625,6058568.0
2019-12-12,3305.0,1447.051025390625,4054747.0
2019-12-13,3325.0,1455.8077392578125,5109510.0
2019-12-16,3335.0,1460.1861572265625,5115521.0
2019-12-17,3275.0,1473.231689453125,3888307.0
2019-12-18,3260.0,1466.4840087890625,9019561.0
2019-12-19,3300.0,1484.4776611328125,2541743.0
2019-12-20,3320.0,1493.47412109375,14978193.0
2019-12-23,3350.0,1506.9697265625,2633740.0
2019-12-24,3320.0,1493.47412109375,712256.0
2019-12-25,3320.0,1493.47412109375,0.0
2019-12-26,3345.0,1504.720458984375,1139144.0
2019-12-27,3340.0,1502.47119140625,1579779.0
2019-12-30,3315.0,1491.22509765625,1725871.0
2019-12-31,3315.0,1491.22509765625,0.0
2020-01-01,3315.0,1491.22509765625,0.0
2020-01-02,3315.0,1491.22509765625,0.0
2020-01-03,3380.0,1520.4647216796875,7724860.0
2020-01-06,3380.0,1520.4647216796875,0.0
2020-01-07,3360.0,1511.4681396484375,6097335.0
2020-01-08,3325.0,1495.7236328125,15799402.0
2020-01-09,3345.0,1504.720458984375,2358976.0
2020-01-10,3400.0,1529.4617919921875,8254121.0
2020-01-13,3420.0,1538.4586181640625,3948381.0
2020-01-14,3405.0,1531.7108154296875,10348555.0
2020-01-15,3395.0,1527.2125244140625,10545147.0
2020-01-16,3405.0,1531.7108154296875,4263274.0
2020-01-17,3405.0,1531.7108154296875,4263274.0
2020-01-20,3385.0,1522.7139892578125,1249626.0
2020-01-21,3360.0,1511.4681396484375,4162755.0
2020-01-22,3330.0,1497.9725341796875,3946234.0
2020-01-23,3315.0,1491.22509765625,5523224.0
2020-01-24,3290.0,1479.9791259765625,5848873.0
2020-01-27,3205.0,1441.742431640625,17911845.0
2020-01-28,3190.0,1434.9951171875,9741845.0
2020-01-29,3195.0,1437.244140625,6951412.0
2020-01-30,3200.0,1439.493408203125,9469906.0
2020-01-31,3180.0,1430.4967041015625,19502919.0
2020-02-03,3140.0,1412.5029296875,7113412.0
2020-02-04,3185.0,1432.74560546875,6751347.0
2020-02-05,3190.0,1434.9951171875,8119290.0
2020-02-06,3195.0,1437.244140625,6321212.0
2020-02-07,3215.0,1446.2410888671875,3225700.0
2020-02-10,3215.0,1446.2410888671875,2706843.0
2020-02-11,3290.0,1479.9791259765625,6594906.0
2020-02-12,3375.0,1518.215576171875,11129921.0
2020-02-13,3360.0,1511.4681396484375,5160683.0
2020-02-14,3325.0,1495.7236328125,4912203.0
2020-02-17,3355.0,1509.21875,881320.0
2020-02-18,3365.0,1513.7174072265625,8252194.0
2020-02-19,3460.0,1556.4522705078125,9608802.0
2020-02-20,3435.0,1545.2060546875,10651758.0
2020-02-21,3425.0,1540.7076416015625,7169948.0
2020-02-24,3330.0,1497.9725341796875,7712437.0
2020-02-25,3300.0,1484.4776611328125,15117172.0
2020-02-26,3285.0,1477.7301025390625,16865710.0
2020-02-27,3120.0,1403.50634765625,29340734.0
2020-02-28,3105.0,1396.7584228515625,16511945.0
2020-03-02,3060.0,1376.515625,9566943.0
2020-03-03,3040.0,1367.5186767578125,9011373.0
2020-03-04,3160.0,1421.4998779296875,8163611.0
2020-03-05,3175.0,1428.2474365234375,9583301.0
2020-03-06,2965.0,1333.7803955078125,24604844.0
2020-03-09,2370.0,1066.124755859375,22069066.0
2020-03-10,2330.0,1048.1312255859375,20140007.0
2020-03-11,2230.0,1003.14697265625,13011176.0
2020-03-12,1940.0,872.6928100585938,10344282.0
2020-03-13,1940.0,872.6928100585938,10344282.0
2020-03-16,1725.0,775.9769897460938,10747456.0
2020-03-17,1575.0,708.5006713867188,13772260.0
2020-03-18,1380.0,620.7815551757812,10864759.0
2020-03-19,1420.0,638.775146484375,11059614.0
2020-03-20,1485.0,668.0148315429688,23972474.0
2020-03-23,1485.0,668.0148315429688,0.0
2020-03-24,1615.0,726.4943237304688,11955457.0
2020-03-25,1810.0,814.2134399414062,11207523.0
2020-03-26,1810.0,814.2134399414062,11207523.0
2020-03-27,1860.0,836.7055053710938,10404293.0
2020-03-30,1830.0,823.210205078125,10355161.0
2020-03-31,1900.0,854.69921875,12181603.0
2020-04-01,1840.0,827.7086181640625,7069486.0
2020-04-02,2080.0,935.670654296875,13563088.0
2020-04-03,2270.0,1021.140625,16688585.0
2020-04-06,2260.0,1016.642333984375,10533034.0
2020-04-07,2230.0,1003.14697265625,10777565.0
2020-04-08,2360.0,1061.6263427734375,10307472.0
2020-04-09,2360.0,1061.6263427734375,0.0
2020-04-10,2360.0,1061.6263427734375,0.0
2020-04-13,2250.0,1012.1436157226562,11564770.0
2020-04-14,2225.0,1000.8977661132812,8853810.0
2020-04-15,2095.0,942.4183349609375,13033038.0
2020-04-16,2090.0,940.1691284179688,12347568.0
2020-04-17,1950.0,959.8585205078125,16118621.0
2020-04-20,1905.0,937.7078857421875,16782644.0
2020-04-21,1840.0,905.7125244140625,10735447.0
2020-04-22,1920.0,945.0914306640625,9170947.0
2020-04-23,1980.0,974.6256713867188,11894067.0
2020-04-24,1910.0,940.1691284179688,6921465.0
2020-04-27,1950.0,959.8585205078125,7096405.0
2020-04-28,2075.0,1021.3880615234375,16011029.0
2020-04-29,2070.0,1018.9267578125,9963145.0
2020-04-30,2090.0,1028.771484375,12267171.0
2020-05-01,2090.0,1028.771484375,0.0
2020-05-04,1960.0,964.7808227539062,8665862.0
2020-05-05,1985.0,977.0867919921875,9909915.0
2020-05-06,1950.0,959.8585205078125,10692926.0
2020-05-07,1975.0,972.1643676757812,14827973.0
2020-05-08,2040.0,1004.15966796875,10319435.0
2020-05-11,2065.0,1016.4655151367188,6220042.0
2020-05-12,1995.0,982.0090942382812,6818728.0
2020-05-13,1920.0,945.0914306640625,8963520.0
2020-05-14,1930.0,950.0137939453125,7392449.0
2020-05-15,1930.0,950.0137939453125,3589475.0
2020-05-18,2050.0,1009.08203125,10044395.0
2020-05-19,1985.0,977.0867919921875,7930509.0
2020-05-20,2030.0,999.2372436523438,3290415.0
2020-05-21,2000.0,984.470458984375,4135495.0
2020-05-22,1970.0,969.7032470703125,3517980.0
2020-05-25,1970.0,969.7032470703125,0.0
2020-05-26,1990.0,979.5479736328125,4726377.0
2020-05-27,2005.0,986.931396484375,8228583.0
2020-05-28,1990.0,979.5479736328125,7849505.0
2020-05-29,1990.0,979.5479736328125,29863458.0
2020-06-01,2005.0,986.931396484375,7844708.0
2020-06-02,2035.0,1001.698486328125,11383701.0
2020-06-03,2035.0,1001.698486328125,11383701.0
2020-06-04,2160.0,1063.2279052734375,11007653.0
2020-06-05,2345.0,1154.2916259765625,16488874.0
2020-06-08,2430.0,1196.131591796875,9945161.0
2020-06-09,2400.0,1181.3642578125,8945287.0
2020-06-10,2285.0,1124.75732421875,10134344.0
2020-06-11,2060.0,1014.0044555664062,10533204.0
2020-06-12,2125.0,1045.999755859375,7234884.0
2020-06-15,2125.0,1045.999755859375,0.0
2020-06-16,2250.0,1107.529296875,10245848.0
2020-06-17,2145.0,1055.8443603515625,9196768.0
2020-06-18,2115.0,1041.0772705078125,6715724.0
2020-06-19,2140.0,1053.3831787109375,28699680.0
2020-06-22,2140.0,1053.3831787109375,0.0
2020-06-23,2155.0,1060.7667236328125,7059430.0
2020-06-24,2090.0,1028.771484375,5958456.0
2020-06-25,2095.0,1031.2325439453125,5052016.0
2020-06-26,2070.0,1018.9267578125,4530295.0
2020-06-29,2070.0,1018.9267578125,0.0
2020-06-30,2075.0,1021.3880615234375,4237837.0
2020-07-01,2060.0,1014.0044555664062,3908052.0
2020-07-02,2080.0,1023.8491821289062,4356721.0
2020-07-03,2100.0,1033.6937255859375,521127.0
2020-07-06,2110.0,1038.6160888671875,5537955.0
2020-07-07,2060.0,1014.0044555664062,10383304.0
2020-07-08,2090.0,1028.771484375,7976028.0
2020-07-09,2035.0,1001.698486328125,11185829.0
2020-07-10,2080.0,1023.8491821289062,8891607.0
2020-07-13,2100.0,1033.6937255859375,9305887.0
2020-07-14,2155.0,1060.7667236328125,6960499.0
2020-07-15,2150.0,1058.3055419921875,7334693.0
2020-07-16,2180.0,1073.0726318359375,5270454.0
2020-07-17,2220.0,1092.76220703125,8701282.0
2020-07-20,2220.0,1092.76220703125,0.0
2020-07-21,2245.0,1105.0679931640625,7677988.0
2020-07-22,2230.0,1097.6845703125,4847476.0
2020-07-23,2225.0,1095.2232666015625,3316759.0
2020-07-24,2220.0,1092.76220703125,2071057.0
2020-07-27,2245.0,1105.0679931640625,4069203.0
2020-07-28,2225.0,1095.2232666015625,6319852.0
2020-07-29,2250.0,1107.529296875,3325585.0
2020-07-30,2195.0,1080.4561767578125,9467433.0
2020-07-31,2080.0,1023.8491821289062,24437213.0
2020-08-03,2140.0,1053.3831787109375,15750884.0
2020-08-04,2195.0,1080.4561767578125,11020072.0
2020-08-05,2200.0,1082.9173583984375,9774071.0
2020-08-06,2170.0,1068.1502685546875,3797025.0
2020-08-07,2170.0,1068.1502685546875,0.0
2020-08-10,2190.0,1077.9949951171875,818180.0
2020-08-11,2165.0,1065.6890869140625,5764333.0
2020-08-12,2225.0,1095.2232666015625,5649771.0
2020-08-13,2180.0,1073.0726318359375,2689853.0
2020-08-14,2200.0,1082.9173583984375,2036156.0
2020-08-17,2200.0,1082.9173583984375,0.0
2020-08-18,2220.0,1092.76220703125,12192692.0
2020-08-19,2180.0,1073.0726318359375,10589268.0
2020-08-20,2165.0,1065.6890869140625,7954303.0
2020-08-21,2180.0,1073.0726318359375,7749558.0
2020-08-24,2180.0,1073.0726318359375,0.0
2020-08-25,2245.0,1105.0679931640625,7440790.0
2020-08-26,2195.0,1080.4561767578125,12395444.0
2020-08-27,2160.0,1063.2279052734375,8988562.0
2020-08-28,2175.0,1070.611328125,4404734.0
2020-08-31,2190.0,1077.9949951171875,16761532.0
2020-09-01,2210.0,1087.8397216796875,23874773.0
2020-09-02,2175.0,1070.611328125,13493395.0
2020-09-03,2165.0,1065.6890869140625,7216291.0
2020-09-04,2145.0,1055.8443603515625,2826449.0
2020-09-07,2140.0,1053.3831787109375,1177698.0
2020-09-08,2080.0,1023.8491821289062,11068581.0
2020-09-09,2080.0,1023.8491821289062,7373185.0
2020-09-10,2015.0,991.8538208007812,12231527.0
2020-09-11,2025.0,996.7761840820312,5017679.0
2020-09-14,2010.0,989.3927612304688,6719901.0
2020-09-15,2045.0,1006.6207885742188,12386675.0
2020-09-16,2050.0,1009.08203125,7633052.0
2020-09-17,2065.0,1016.4655151367188,7486941.0
2020-09-18,2115.0,1041.0772705078125,31691332.0
2020-09-21,2020.0,994.3150634765625,11736328.0
2020-09-22,2010.0,989.3927612304688,26218671.0
2020-09-23,1985.0,977.0867919921875,22119689.0
2020-09-24,1950.0,959.8585205078125,10533574.0
2020-09-25,1920.0,945.0914306640625,9715293.0
2020-09-28,1970.0,969.7032470703125,5748586.0
2020-09-29,1920.0,945.0914306640625,9396424.0
2020-09-30,1895.0,932.7855224609375,7099240.0
2020-10-01,1875.0,922.9408569335938,15904373.0
2020-10-02,1910.0,940.1691284179688,6743466.0
2020-10-05,1910.0,940.1691284179688,5746505.0
2020-10-06,1907.0,938.692626953125,7743203.0
2020-10-07,1911.0,940.6614379882812,7623991.0
2020-10-08,1911.0,940.6614379882812,7623991.0
2020-10-09,1938.0,953.9517211914062,4220206.0
2020-10-12,1938.0,953.9517211914062,0.0
2020-10-13,1900.0,935.2467041015625,7712532.0
2020-10-14,1890.0,930.3243408203125,4060661.0
2020-10-15,1879.0,924.909912109375,8739012.0
2020-10-16,1880.0,925.4019775390625,6809216.0
2020-10-19,1872.0,921.464111328125,8643602.0
2020-10-20,1893.0,931.8010864257812,4842262.0
2020-10-21,1842.0,906.6972045898438,11967396.0
2020-10-22,1880.0,925.4019775390625,5366874.0
2020-10-23,1860.0,915.557373046875,3768861.0
2020-10-26,1849.0,910.1429443359375,8026668.0
2020-10-27,1830.0,900.790283203125,9979732.0
2020-10-28,1715.0,844.1831665039062,19294360.0
2020-10-29,1747.0,859.9347534179688,7487469.0
2020-10-30,1791.0,881.5932006835938,14066645.0
2020-11-02,1791.0,881.5932006835938,0.0
2020-11-03,1822.0,896.8524780273438,6239928.0
2020-11-04,1870.0,920.479736328125,8774101.0
2020-11-05,1850.0,910.6349487304688,4760886.0
2020-11-06,1850.0,910.6349487304688,4760886.0
2020-11-09,1938.0,953.9517211914062,25395667.0
2020-11-10,1982.0,975.6100463867188,8743850.0
2020-11-11,2015.0,991.8538208007812,7797342.0
2020-11-12,1974.0,971.6721801757812,8862495.0
2020-11-13,2000.0,984.470458984375,4624405.0
2020-11-16,2000.0,984.470458984375,0.0
2020-11-17,2135.0,1050.9219970703125,28212249.0
2020-11-18,2124.0,1045.507568359375,14202593.0
2020-11-19,2145.0,1055.8443603515625,8014181.0
2020-11-20,2153.0,1059.7823486328125,5132119.0
2020-11-23,2200.0,1082.9173583984375,14339461.0
2020-11-24,2242.0,1103.5911865234375,19051745.0
2020-11-25,2252.0,1108.5135498046875,11882465.0
2020-11-26,2210.0,1087.8397216796875,3883406.0
2020-11-27,2172.0,1069.1346435546875,14551255.0
2020-11-30,2081.0,1024.3411865234375,37338399.0
2020-12-01,2129.0,1047.9686279296875,7171086.0
2020-12-02,2145.0,1055.8443603515625,11971241.0
2020-12-03,2120.0,1043.5384521484375,29317116.0
2020-12-04,2120.0,1043.5384521484375,29317116.0
2020-12-07,2210.0,1087.8397216796875,7718216.0
2020-12-08,2210.0,1087.8397216796875,0.0
2020-12-09,2235.0,1100.1456298828125,15162004.0
2020-12-10,2305.0,1134.60205078125,23136611.0
2020-12-11,2310.0,1137.063232421875,11398898.0
2020-12-14,2287.0,1125.7418212890625,12270306.0
2020-12-15,2295.0,1129.6796875,10130165.0
2020-12-16,2359.0,1161.182861328125,12159557.0
2020-12-17,2370.0,1166.5972900390625,10115209.0
2020-12-18,2326.0,1144.93896484375,22098196.0
2020-12-21,2215.0,1090.301025390625,15482687.0
2020-12-22,2240.0,1102.60693359375,6341993.0
2020-12-23,2297.0,1130.6641845703125,3999868.0
2020-12-24,2287.0,1125.7418212890625,987014.0
2020-12-25,2287.0,1125.7418212890625,0.0
2020-12-28,2278.0,1121.3115234375,4514790.0
2020-12-29,2289.0,1126.726318359375,4353100.0
2020-12-30,2245.0,1105.0679931640625,2994874.0
2020-12-31,2245.0,1105.0679931640625,0.0
2021-01-01,2245.0,1105.0679931640625,0.0
2021-01-04,2242.0,1103.5911865234375,4040858.0
2021-01-05,2292.0,1128.203125,17309698.0
2021-01-06,2308.0,1136.078857421875,9275133.0
2021-01-07,2373.0,1168.073974609375,10947046.0
2021-01-08,2399.0,1180.8720703125,9130572.0
2021-01-11,2399.0,1180.8720703125,0.0
2021-01-12,2459.0,1210.40625,17953674.0
2021-01-13,2438.0,1200.0694580078125,10619672.0
2021-01-14,2484.0,1222.7120361328125,17946399.0
2021-01-15,2420.0,1191.2091064453125,25652138.0
2021-01-18,2440.0,1201.0537109375,2229417.0
2021-01-19,2450.0,1205.9761962890625,6482433.0
2021-01-20,2437.0,1199.5770263671875,9723064.0
2021-01-21,2408.0,1185.3021240234375,12308330.0
2021-01-22,2354.0,1158.7215576171875,6359694.0
2021-01-25,2324.0,1143.95458984375,9991787.0
2021-01-26,2364.0,1163.643798828125,6229063.0
2021-01-27,2230.0,1097.6845703125,25125885.0
2021-01-28,2145.0,1055.8443603515625,15718698.0
2021-01-29,2030.0,999.2372436523438,31092376.0
2021-02-01,2030.0,999.2372436523438,0.0
2021-02-02,2091.0,1029.2637939453125,17363428.0
2021-02-03,2090.0,1028.771484375,11235339.0
2021-02-04,2135.0,1050.9219970703125,5469669.0
2021-02-05,2155.0,1060.7667236328125,7015243.0
2021-02-08,2200.0,1082.9173583984375,11647576.0
2021-02-09,2203.0,1084.3941650390625,9574735.0
2021-02-10,2195.0,1080.4561767578125,5506776.0
2021-02-11,2140.0,1053.3831787109375,4313112.0
2021-02-12,2150.0,1058.3055419921875,5864980.0
2021-02-15,2190.0,1077.9949951171875,1318624.0
2021-02-16,2210.0,1087.8397216796875,8810049.0
2021-02-17,2200.0,1082.9173583984375,13240489.0
2021-02-18,2156.0,1061.259033203125,15456250.0
2021-02-19,2165.0,1065.6890869140625,18141689.0
2021-02-22,2233.0,1099.161376953125,18274283.0
2021-02-23,2291.0,1127.7105712890625,12504238.0
2021-02-24,2309.0,1136.571044921875,11899639.0
2021-02-25,2280.0,1122.296142578125,11391994.0
2021-02-26,2250.0,1107.529296875,8797301.0
2021-03-01,2246.0,1105.560302734375,4622065.0
2021-03-02,2245.0,1105.0679931640625,4334480.0
2021-03-03,2255.0,1109.9903564453125,12689731.0
2021-03-04,2279.0,1121.8038330078125,17902729.0
2021-03-05,2400.0,1181.3642578125,29174819.0
2021-03-08,2347.0,1155.27587890625,7693085.0
2021-03-09,2339.0,1151.338134765625,10445352.0
2021-03-10,2373.0,1168.073974609375,5881588.0
2021-03-11,2368.0,1165.61279296875,8898569.0
2021-03-12,2378.0,1170.5352783203125,5568620.0
2021-03-15,2480.0,1220.7431640625,24149551.0
2021-03-16,2460.0,1210.8984375,8982507.0
2021-03-17,2457.0,1209.421630859375,6262461.0
2021-03-18,2350.0,1156.7528076171875,17131001.0
2021-03-19,2370.0,1166.5972900390625,25816964.0
2021-03-22,2370.0,1166.5972900390625,0.0
2021-03-23,2281.0,1122.788330078125,6630157.0
2021-03-24,2333.0,1148.384521484375,6774272.0
2021-03-25,2315.0,1139.5245361328125,9231560.0
2021-03-26,2351.0,1157.2449951171875,8817050.0
2021-03-29,2388.0,1175.4576416015625,6566877.0
2021-03-30,2373.0,1168.073974609375,3213145.0
2021-03-31,2366.0,1164.6285400390625,4416833.0
2021-04-01,2366.0,1164.6285400390625,0.0
2021-04-02,2366.0,1164.6285400390625,0.0
2021-04-05,2325.0,1144.44677734375,4522847.0
2021-04-06,2289.0,1126.726318359375,5471644.0
2021-04-07,2337.0,1150.3533935546875,6996672.0
2021-04-08,2281.0,1122.788330078125,11337712.0
2021-04-09,2260.0,1112.451416015625,6046526.0
2021-04-12,2287.0,1125.7418212890625,3661122.0
2021-04-13,2280.0,1122.296142578125,5259855.0
2021-04-14,2280.0,1122.296142578125,5259855.0
2021-04-15,2319.0,1141.4935302734375,2192639.0
2021-04-16,2301.0,1140.9976806640625,5415036.0
2021-04-19,2300.0,1140.501708984375,2267381.0
2021-04-20,2281.0,1131.0802001953125,14066953.0
2021-04-21,2262.0,1121.6585693359375,14922111.0
2021-04-22,2250.0,1115.708251953125,3524786.0
2021-04-23,2228.0,1104.7989501953125,5199199.0
2021-04-26,2270.0,1125.62548828125,7838254.0
2021-04-27,2287.0,1134.0552978515625,7795390.0
2021-04-28,2332.0,1156.369384765625,9592224.0
2021-04-29,2310.0,1145.46044921875,6363904.0
2021-04-30,2210.0,1095.873291015625,33073566.0
2021-05-03,2219.0,1100.3360595703125,9009088.0
2021-05-04,2225.0,1103.311279296875,5700811.0
2021-05-05,2288.0,1134.5511474609375,10639359.0
2021-05-06,2288.0,1134.5511474609375,10639359.0
2021-05-07,2288.0,1134.5511474609375,5011242.0
2021-05-10,2357.0,1168.7662353515625,9735462.0
2021-05-11,2315.0,1147.939697265625,6642099.0
2021-05-12,2370.0,1175.2125244140625,11853518.0
2021-05-13,2301.0,1140.9976806640625,5126794.0
2021-05-14,2387.0,1183.642333984375,8700156.0
2021-05-17,2387.0,1183.642333984375,0.0
2021-05-18,2355.0,1167.7744140625,6444461.0
2021-05-19,2347.0,1163.8076171875,10008144.0
2021-05-20,2314.0,1147.44384765625,6535738.0
2021-05-21,2285.0,1133.0633544921875,7898337.0
2021-05-24,2294.0,1137.5264892578125,3220281.0
2021-05-25,2235.0,1108.2698974609375,6167530.0
2021-05-26,2220.0,1100.8319091796875,1703125.0
2021-05-27,2220.0,1100.8319091796875,23711641.0
2021-05-28,2211.0,1096.3690185546875,6988095.0
2021-05-31,2190.0,1085.9559326171875,3704266.0
2021-06-01,2276.0,1128.600830078125,4841267.0
2021-06-02,2340.0,1160.3365478515625,6774011.0
2021-06-03,2360.0,1170.25390625,4383687.0
2021-06-04,2355.0,1167.7744140625,4948889.0
2021-06-07,2355.0,1167.7744140625,0.0
2021-06-08,2396.0,1188.105224609375,5233325.0
2021-06-09,2370.0,1175.2125244140625,6410795.0
2021-06-10,2385.0,1182.6505126953125,6954690.0
2021-06-11,2391.0,1185.6258544921875,2198754.0
2021-06-14,2391.0,1185.6258544921875,0.0
2021-06-15,2439.0,1209.4276123046875,12097174.0
2021-06-16,2409.0,1194.551513671875,5183658.0
2021-06-17,2392.0,1186.1217041015625,4533111.0
2021-06-18,2397.0,1188.600830078125,13496476.0
2021-06-21,2460.0,1219.8406982421875,12336283.0
2021-06-22,2481.0,1230.2542724609375,7765307.0
2021-06-23,2522.0,1250.5848388671875,8200864.0
2021-06-24,2750.0,1363.6431884765625,22177460.0
2021-06-25,2770.0,1373.5606689453125,7662470.0
2021-06-28,2718.0,1347.7752685546875,7146398.0
2021-06-29,2717.0,1347.279296875,3165714.0
2021-06-30,2722.0,1349.7589111328125,5484442.0
2021-07-01,2819.0,1397.8582763671875,7286301.0
2021-07-02,2851.0,1413.7261962890625,4169352.0
2021-07-05,2851.0,1413.7261962890625,0.0
2021-07-06,2789.0,1382.9820556640625,8427012.0
2021-07-07,2800.0,1388.4368896484375,5504496.0
2021-07-08,2753.0,1365.130859375,9243599.0
2021-07-09,2761.0,1369.097900390625,4282806.0
2021-07-12,2750.0,1363.6431884765625,5325467.0
2021-07-13,2720.0,1348.7672119140625,5483532.0
2021-07-14,2650.0,1314.0562744140625,9931511.0
2021-07-15,2570.0,1274.386474609375,18393886.0
2021-07-16,2560.0,1269.427734375,11464922.0
2021-07-19,2448.0,1213.8905029296875,13624527.0
2021-07-20,2448.0,1213.8905029296875,0.0
2021-07-21,2535.0,1257.03125,9624067.0
2021-07-22,2550.0,1264.4693603515625,3372672.0
2021-07-23,2551.0,1264.9652099609375,4656611.0
2021-07-26,2597.0,1287.7750244140625,3486441.0
2021-07-27,2600.0,1289.2626953125,3549917.0
2021-07-28,2611.0,1294.717529296875,3603332.0
2021-07-29,2646.0,1312.07275390625,4509669.0
2021-07-30,2633.0,1305.6263427734375,4253278.0
2021-08-02,2598.0,1288.27099609375,7127962.0
2021-08-03,2620.0,1299.18017578125,6638848.0
2021-08-04,2564.0,1271.411376953125,7124338.0
2021-08-05,2527.0,1253.0640869140625,5401185.0
2021-08-06,2547.0,1262.981689453125,6271514.0
2021-08-09,2590.0,1284.303955078125,2652671.0
2021-08-10,2598.0,1288.27099609375,3192339.0
2021-08-11,2639.0,1308.6014404296875,4483199.0
2021-08-12,2622.0,1300.171875,14421133.0
2021-08-13,2586.0,1282.3203125,10136567.0
2021-08-16,2586.0,1282.3203125,0.0
2021-08-17,2580.0,1279.34521484375,16809775.0
2021-08-18,2568.0,1273.39501953125,19940777.0
2021-08-19,2520.0,1249.593017578125,26281811.0
2021-08-20,2536.0,1257.52685546875,8752103.0
2021-08-23,2644.0,1311.0811767578125,13498886.0
2021-08-24,2671.0,1324.4693603515625,7433555.0
2021-08-25,2676.0,1326.94873046875,5720906.0
2021-08-26,2632.0,1305.13037109375,4769304.0
2021-08-27,2660.0,1319.0150146484375,3745459.0
2021-08-30,2649.0,1313.560302734375,6052363.0
2021-08-31,2643.0,1310.5850830078125,13546721.0
2021-09-01,2590.0,1284.303955078125,5798273.0
2021-09-02,2670.0,1323.9737548828125,7577854.0
2021-09-03,2635.0,1306.6182861328125,4592535.0
2021-09-06,2634.0,1306.1221923828125,460789.0
2021-09-07,2606.0,1292.23779296875,5045330.0
2021-09-08,2593.0,1285.7916259765625,9486900.0
2021-09-09,2570.0,1274.386474609375,7113355.0
2021-09-10,2553.0,1265.956787109375,8577128.0
2021-09-13,2572.0,1275.3782958984375,3619237.0
2021-09-14,2550.0,1264.4693603515625,10547815.0
2021-09-15,2620.0,1299.18017578125,9324577.0
2021-09-16,2615.0,1296.7008056640625,8998709.0
2021-09-17,2566.0,1272.403076171875,32807519.0
2021-09-20,2520.0,1249.593017578125,10274992.0
2021-09-21,2529.0,1254.0560302734375,6917834.0
2021-09-22,2570.0,1274.386474609375,5159582.0
2021-09-23,2590.0,1284.303955078125,3826854.0
2021-09-24,2550.0,1264.4693603515625,3225890.0
2021-09-27,2671.0,1324.4693603515625,24689828.0
2021-09-28,2699.0,1338.3538818359375,14934689.0
2021-09-29,2706.0,1341.8251953125,6867408.0
2021-09-30,2734.0,1355.7093505859375,9121455.0
2021-10-01,2769.0,1373.0645751953125,12980976.0
2021-10-04,2825.0,1400.8336181640625,13932200.0
2021-10-05,2810.0,1393.3955078125,13280293.0
2021-10-06,2810.0,1393.3955078125,7350961.0
2021-10-07,2860.0,1418.1890869140625,15713380.0
2021-10-08,2908.0,1441.99072265625,8837314.0
2021-10-11,2944.0,1459.8421630859375,6445357.0
2021-10-12,2904.0,1440.00732421875,5264251.0
2021-10-13,2909.0,1442.48681640625,8213428.0
2021-10-14,2918.0,1446.9493408203125,8191706.0
2021-10-15,2960.0,1467.77587890625,6910787.0
2021-10-18,2960.0,1467.77587890625,0.0
2021-10-19,2953.0,1464.3050537109375,6660039.0
2021-10-20,2937.0,1456.3709716796875,3977754.0
2021-10-21,2910.0,1442.982421875,8166633.0
2021-10-22,2890.0,1433.06494140625,5456653.0
2021-10-25,2890.0,1433.06494140625,6206129.0
2021-10-26,2930.0,1452.9000244140625,9554915.0
2021-10-27,2867.0,1421.66015625,11161810.0
2021-10-28,2890.0,1433.06494140625,6982868.0
2021-10-29,2847.0,1411.7427978515625,14648307.0
2021-11-01,2847.0,1411.7427978515625,0.0
2021-11-02,2854.0,1415.213623046875,6747707.0
2021-11-03,2890.0,1433.06494140625,8941835.0
2021-11-04,2871.0,1423.6436767578125,9498288.0
2021-11-05,2877.0,1426.6187744140625,4637018.0
2021-11-08,2923.0,1449.428955078125,5640906.0
2021-11-09,2937.0,1456.3709716796875,6463581.0
2021-11-10,2880.0,1428.1063232421875,12135058.0
2021-11-11,2864.0,1420.1724853515625,4441965.0
2021-11-12,2840.0,1408.2716064453125,4057950.0
2021-11-15,2840.0,1408.2716064453125,0.0
2021-11-16,2760.0,1368.6019287109375,5613888.0
2021-11-17,2770.0,1373.5606689453125,6306844.0
2021-11-18,2759.0,1368.1060791015625,8222251.0
2021-11-19,2645.0,1311.5767822265625,9313395.0
2021-11-22,2620.0,1299.18017578125,4203864.0
2021-11-23,2660.0,1319.0150146484375,3979993.0
2021-11-24,2684.0,1330.915771484375,1700213.0
2021-11-25,2670.0,1323.9737548828125,624426.0
2021-11-26,2536.0,1257.52685546875,11299503.0
2021-11-29,2595.0,1286.783447265625,19034738.0
2021-11-30,2600.0,1289.2626953125,23596991.0
2021-12-01,2600.0,1289.2626953125,9450523.0
2021-12-02,2659.0,1318.51904296875,6131027.0
2021-12-03,2661.0,1319.5107421875,10709235.0
2021-12-06,2688.0,1332.8994140625,3074555.0
2021-12-07,2720.0,1348.7672119140625,3416560.0
2021-12-08,2720.0,1348.7672119140625,0.0
2021-12-09,2710.0,1343.8084716796875,3482371.0
2021-12-10,2707.0,1342.3206787109375,3069361.0
2021-12-13,2631.0,1304.634765625,2947731.0
2021-12-14,2613.0,1295.708984375,2719016.0
2021-12-15,2600.0,1289.2626953125,1950102.0
2021-12-16,2643.0,1310.5850830078125,8036244.0
2021-12-17,2645.0,1311.5767822265625,14456509.0
2021-12-20,2581.0,1279.8411865234375,8685943.0
2021-12-21,2597.0,1287.7750244140625,3217651.0
2021-12-22,2651.0,1314.552001953125,2600757.0
2021-12-23,2650.0,1314.0562744140625,1044193.0
2021-12-24,2647.0,1312.5684814453125,103836.0
2021-12-27,2698.0,1337.8580322265625,1568017.0
2021-12-28,2695.0,1336.3704833984375,1882670.0
2021-12-29,2700.0,1338.8497314453125,1240317.0
2021-12-30,2690.0,1333.8909912109375,1872967.0
2021-12-31,2690.0,1333.8909912109375,0.0
2022-01-03,2720.0,1348.7672119140625,1485217.0
2022-01-04,2740.0,1358.6846923828125,1835536.0
2022-01-05,2660.0,1319.0150146484375,3494795.0
2022-01-06,2615.0,1296.7008056640625,2915271.0
2022-01-07,2651.0,1314.552001953125,1891873.0
2022-01-10,2651.0,1314.552001953125,0.0
2022-01-11,2761.0,1369.097900390625,5376506.0
2022-01-12,2790.0,1383.4781494140625,6445367.0
2022-01-13,2798.0,1387.445068359375,12694470.0
2022-01-14,2801.0,1388.9324951171875,16307521.0
2022-01-17,2801.0,1388.9324951171875,0.0
2022-01-18,2801.0,1388.9324951171875,0.0
2022-01-19,2801.0,1388.9324951171875,0.0
2022-01-20,2906.0,1440.9990234375,8401319.0
2022-01-21,2851.0,1413.7261962890625,13863443.0
2022-01-24,2824.0,1400.3375244140625,13372595.0
2022-01-25,2895.0,1435.5445556640625,11362812.0
2022-01-26,2891.0,1433.56103515625,11891193.0
2022-01-27,2905.0,1440.5029296875,4163245.0
2022-01-28,2886.0,1431.0816650390625,5774786.0
2022-01-31,2905.0,1440.5029296875,6130784.0
2022-02-01,2882.0,1429.09814453125,5063447.0
2022-02-02,2889.0,1432.5692138671875,6617229.0
2022-02-03,2838.0,1407.27978515625,4880281.0
2022-02-04,2901.0,1438.519775390625,9715789.0
2022-02-07,2934.0,1454.8834228515625,7396143.0
2022-02-08,2915.0,1445.4619140625,8901783.0
2022-02-09,2899.0,1437.528076171875,2794938.0
2022-02-10,2850.0,1413.23046875,7209811.0
2022-02-11,2972.0,1473.726318359375,13695401.0
2022-02-14,2946.0,1460.8338623046875,11582281.0
2022-02-15,2918.0,1446.9493408203125,15178169.0
2022-02-16,3017.0,1496.0404052734375,36605391.0
2022-02-17,3015.0,1495.0489501953125,6267680.0
2022-02-18,2997.0,1486.1234130859375,4793160.0
2022-02-21,3009.0,1492.073486328125,3813654.0
2022-02-22,3025.0,1500.0074462890625,13491882.0
2022-02-23,3054.0,1514.387939453125,5149743.0
2022-02-24,3056.0,1515.37939453125,13387186.0
2022-02-25,3064.0,1519.3465576171875,5739641.0
2022-02-28,3263.0,1618.0247802734375,34517449.0
2022-03-01,3239.0,1606.123779296875,16216845.0
2022-03-02,3176.0,1574.884033203125,10980706.0
2022-03-03,3204.0,1588.768310546875,12463616.0
2022-03-04,3340.0,1656.2066650390625,16244962.0
2022-03-07,3400.0,1685.9588623046875,24658241.0
2022-03-08,3390.0,1681.000244140625,19963431.0
2022-03-09,3271.0,1621.9918212890625,15815327.0
2022-03-10,3400.0,1685.9588623046875,40710260840.0
2022-03-11,3400.0,1685.9588623046875,11974382.0
2022-03-14,3207.0,1590.255859375,19354640.0
2022-03-15,3200.0,1586.7847900390625,19914296.0
2022-03-16,3180.0,1576.86767578125,9235072.0
2022-03-17,3335.0,1653.7275390625,12913446.0
2022-03-18,3270.0,1621.495849609375,23470109.0
2022-03-21,3270.0,1621.495849609375,0.0
2022-03-22,3359.0,1665.6282958984375,4465475.0
2022-03-23,3530.0,1750.4219970703125,23689512.0
2022-03-24,3535.0,1752.9012451171875,13642896.0
2022-03-25,3590.0,1780.17431640625,11197149.0
2022-03-28,3500.0,1735.5457763671875,6932464.0
2022-03-29,3479.0,1725.1328125,10327164.0
2022-03-30,3479.0,1725.1328125,10327164.0
2022-03-31,3538.0,1754.3890380859375,8624478.0
2022-04-01,3530.0,1750.4219970703125,9923633.0
2022-04-04,3530.0,1750.4219970703125,0.0
2022-04-05,3607.0,1788.60400390625,6643194.0
2022-04-06,3543.0,1756.8682861328125,12412293.0
2022-04-07,3610.0,1790.0916748046875,5507741.0
2022-04-08,3570.0,1770.2568359375,12116893.0
2022-04-11,3527.0,1748.9342041015625,5125297.0
2022-04-12,3580.0,1775.215576171875,5706343.0
2022-04-13,3346.0,1799.9609375,8603801.0
2022-04-14,3346.0,1799.9609375,0.0
2022-04-15,3346.0,1799.9609375,0.0
2022-04-18,3333.0,1792.9676513671875,9585332.0
2022-04-19,3349.0,1801.57470703125,9382755.0
2022-04-20,3399.0,1828.4720458984375,13838365.0
2022-04-21,3314.0,1782.746826171875,14071159.0
2022-04-22,3355.0,1804.802490234375,12121244.0
2022-04-25,3280.0,1764.4566650390625,16781329.0
2022-04-26,3246.0,1746.16650390625,10587178.0
2022-04-27,3280.0,1764.4566650390625,9823025.0
2022-04-28,3320.0,1785.9742431640625,6758303.0
2022-04-29,3320.0,1785.9742431640625,6758303.0
2022-05-02,3252.0,1749.39404296875,6976007.0
2022-05-03,3313.0,1782.208740234375,9994912.0
2022-05-04,3425.0,1842.4586181640625,19448935.0
2022-05-05,3315.0,1783.284912109375,9724254.0
2022-05-06,3278.0,1763.3807373046875,3961668.0
2022-05-09,3095.0,1664.9368896484375,14981554.0
2022-05-10,3079.0,1656.330078125,6817853.0
2022-05-11,3080.0,1656.8677978515625,15293357.0
2022-05-12,3050.0,1640.7294921875,7438751.0
2022-05-13,3102.0,1668.7025146484375,7706578.0
2022-05-16,3100.0,1667.6268310546875,9137923.0
2022-05-17,3085.0,1659.5576171875,9933418.0
2022-05-18,2892.0,1555.7342529296875,15353061.0
2022-05-19,2800.0,1506.24365234375,10094070.0
2022-05-20,2839.0,1527.2232666015625,7977121.0
2022-05-23,2890.0,1554.6583251953125,5337946.0
2022-05-24,2877.0,1547.6651611328125,3297405.0
2022-05-25,2915.0,1568.107177734375,5706392.0
2022-05-26,2950.0,1586.9349365234375,5791234.0
2022-05-27,2999.0,1613.2943115234375,4954261.0
2022-05-30,2999.0,1613.2943115234375,0.0
2022-05-31,3120.0,1678.3856201171875,46273560.0
2022-06-01,3298.0,1774.1395263671875,11246594.0
2022-06-02,3252.0,1749.39404296875,7132586.0
2022-06-03,3300.0,1775.2156982421875,11597736.0
2022-06-06,3269.0,1758.5391845703125,4598283.0
2022-06-07,3290.0,1769.836181640625,7170384.0
2022-06-08,3250.0,1748.318359375,4921973.0
2022-06-09,3175.0,1707.972412109375,8733067.0
2022-06-10,3150.0,1694.52392578125,6344693.0
2022-06-13,3000.0,1613.83203125,9141484.0
2022-06-14,2970.0,1597.6939697265625,6088210.0
2022-06-15,2970.0,1597.6939697265625,6088210.0
2022-06-16,2815.0,1514.3126220703125,11726058.0
2022-06-17,2760.0,1484.7257080078125,39523174.0
2022-06-20,2760.0,1484.7257080078125,0.0
2022-06-21,2431.0,1307.7420654296875,25004815.0
2022-06-22,2321.0,1248.5682373046875,12483075.0
2022-06-23,2005.0,1162.7398681640625,26266483.0
2022-06-24,2139.0,1240.449462890625,11747960.0
2022-06-27,2139.0,1240.449462890625,0.0
2022-06-28,2139.0,1240.449462890625,0.0
2022-06-29,2139.0,1240.449462890625,0.0
2022-06-30,2253.0,1306.5601806640625,9054237.0
2022-07-01,2350.0,1362.8125,10699220.0
2022-07-04,2350.0,1362.8125,0.0
2022-07-05,2173.0,1260.16650390625,8613559.0
2022-07-06,2173.0,1260.16650390625,8613559.0
2022-07-07,2280.0,1322.2181396484375,4971410.0
2022-07-08,2300.0,1333.8165283203125,5030759.0
2022-07-11,2290.0,1328.017333984375,7095067.0
2022-07-12,2296.0,1331.4967041015625,19966931.0
2022-07-13,2267.0,1314.6790771484375,5508819.0
2022-07-14,2130.0,1235.22998046875,8270276.0
2022-07-15,2098.0,1216.672607421875,5832165.0
2022-07-18,2125.0,1232.3304443359375,4644568.0
2022-07-19,2200.0,1275.824462890625,5127802.0
2022-07-20,2200.0,1275.824462890625,0.0
2022-07-21,2131.0,1235.81005859375,7409333.0
2022-07-22,2060.0,1194.6356201171875,4512408.0
2022-07-25,2177.0,1262.4862060546875,2817647.0
2022-07-26,2200.0,1275.824462890625,2764700.0
2022-07-27,2280.0,1322.2181396484375,4067297.0
2022-07-28,2273.0,1318.15869140625,3606294.0
2022-07-29,2280.0,1322.2181396484375,7960916.0
2022-08-01,2250.0,1304.8204345703125,3705747.0
2022-08-02,2300.0,1333.8165283203125,14759269.0
2022-08-03,2295.0,1330.916748046875,9795816.0
2022-08-04,2203.0,1277.564208984375,12296777.0
2022-08-05,2250.0,1304.8204345703125,4967710.0
2022-08-08,2315.0,1342.5152587890625,5045596.0
2022-08-09,2335.0,1354.1136474609375,6248690.0
2022-08-10,2320.0,1345.414794921875,4250261.0
2022-08-11,2340.0,1357.0133056640625,3434744.0
2022-08-12,2348.0,1361.6527099609375,3481580.0
2022-08-15,2348.0,1361.6527099609375,0.0
2022-08-16,2348.0,1361.6527099609375,0.0
2022-08-17,2270.0,1316.4189453125,4789225.0
2022-08-18,2323.0,1347.154541015625,13500923.0
2022-08-19,2267.0,1314.6790771484375,2992851.0
2022-08-22,2298.0,1332.6566162109375,3761761.0
2022-08-23,2410.0,1397.6077880859375,13877097.0
2022-08-24,2460.0,1426.603515625,6358022.0
2022-08-25,2460.0,1426.603515625,4671873.0
2022-08-26,2418.0,1402.2470703125,9272266.0
2022-08-29,2472.0,1433.562744140625,9155932.0
2022-08-30,2384.0,1382.5296630859375,9900741.0
2022-08-31,2257.0,1308.8800048828125,23852106.0
2022-09-01,2210.0,1281.6236572265625,7260050.0
2022-09-02,2298.0,1332.6566162109375,4997266.0
2022-09-05,2334.0,1353.5338134765625,1089796.0
2022-09-06,2336.0,1354.693603515625,2978120.0
2022-09-07,2273.0,1318.15869140625,4054581.0
2022-09-08,2240.0,1299.0213623046875,5573422.0
2022-09-09,2332.0,1352.3740234375,5190574.0
2022-09-12,2398.0,1390.6488037109375,4305164.0
2022-09-13,2389.0,1385.42919921875,5586669.0
2022-09-14,2399.0,1391.2286376953125,7384883.0
2022-09-15,2305.0,1336.716064453125,5064177.0
2022-09-16,2300.0,1333.8165283203125,21572838.0
2022-09-19,2280.0,1322.2181396484375,2612146.0
2022-09-20,2221.0,1288.0028076171875,7905464.0
2022-09-21,2180.0,1264.2259521484375,7001838.0
2022-09-22,2209.0,1281.0438232421875,4102971.0
2022-09-23,2034.0,1179.5576171875,9944859.0
2022-09-26,1970.0,1142.4427490234375,5590268.0
2022-09-27,2019.0,1170.85888671875,4025883.0
2022-09-28,2061.0,1195.2154541015625,3738569.0
2022-09-29,2080.0,1206.234130859375,2743619.0
2022-09-30,2074.0,1202.7545166015625,3932254.0
2022-10-03,2180.0,1264.2259521484375,6272451.0
2022-10-04,2297.0,1332.0765380859375,7237401.0
2022-10-05,2325.0,1348.3145751953125,10043541.0
2022-10-06,2372.0,1375.5706787109375,10533768.0
2022-10-07,2340.0,1357.0133056640625,6702153.0
2022-10-10,2258.0,1309.4599609375,4409461.0
2022-10-11,2179.0,1263.64599609375,5892516.0
2022-10-12,2163.0,1254.3673095703125,4927800.0
2022-10-13,2210.0,1281.6236572265625,6309464.0
2022-10-14,2160.0,1252.627685546875,4774223.0
2022-10-17,2160.0,1252.627685546875,0.0
2022-10-18,2250.0,1304.8204345703125,6116479.0
2022-10-19,2314.0,1341.9354248046875,12400647.0
2022-10-20,2314.0,1341.9354248046875,12400647.0
2022-10-21,2353.0,1364.55224609375,18944675.0
2022-10-24,2300.0,1333.8165283203125,7370038.0
2022-10-25,2295.0,1330.916748046875,6051687.0
2022-10-26,2297.0,1332.0765380859375,7506813.0
2022-10-27,2320.0,1345.414794921875,9223454.0
2022-10-28,2410.0,1397.6077880859375,17374042.0
2022-10-31,2450.0,1420.8043212890625,9966124.0
2022-11-01,2555.0,1481.6961669921875,15593405.0
2022-11-02,2489.0,1443.42138671875,6792140.0
2022-11-03,2450.0,1420.8043212890625,4026780.0
2022-11-04,2540.0,1472.9974365234375,5616093.0
2022-11-07,2540.0,1472.9974365234375,0.0
2022-11-08,2550.0,1478.7965087890625,3792341.0
2022-11-09,2401.0,1392.3883056640625,8928254.0
2022-11-10,2599.0,1507.2125244140625,13999872.0
2022-11-11,2385.0,1383.1097412109375,42656376.0
2022-11-14,2385.0,1383.1097412109375,0.0
2022-11-15,2509.0,1455.019775390625,28127413.0
2022-11-16,2410.0,1397.6077880859375,17874188.0
2022-11-17,2500.0,1449.8004150390625,10933896.0
2022-11-18,2469.0,1431.822998046875,7813398.0
2022-11-21,2382.0,1381.369873046875,13172050.0
2022-11-22,2382.0,1381.369873046875,13172050.0
2022-11-23,2460.0,1426.603515625,15320143413.0
2022-11-24,2460.0,1426.603515625,0.0
2022-11-25,2457.0,1424.86376953125,11708659.0
2022-11-28,2433.0,1410.94580078125,18856433.0
2022-11-29,2478.0,1437.0419921875,16195668.0
2022-11-30,2290.0,1328.017333984375,308627836.0
2022-12-01,2300.0,1333.8165283203125,147003134.0
2022-12-02,2307.0,1337.8760986328125,11840118.0
2022-12-05,2239.0,1298.4412841796875,8478467.0
2022-12-06,2250.0,1304.8204345703125,3484172.0
2022-12-07,2240.0,1299.0213623046875,11886847.0
2022-12-08,2240.0,1299.0213623046875,0.0
2022-12-09,2195.0,1272.9248046875,12477101.0
2022-12-12,2214.0,1283.9434814453125,2347822.0
2022-12-13,2240.0,1299.0213623046875,5329134.0
2022-12-14,2197.0,1274.0845947265625,11606278.0
2022-12-15,2183.0,1265.9659423828125,4272355.0
2022-12-16,2146.0,1244.5087890625,4650468.0
2022-12-19,2180.0,1264.2259521484375,16255879.0
2022-12-20,2230.0,1293.2220458984375,12021096.0
2022-12-21,2280.0,1322.2181396484375,30554239.0
2022-12-22,2258.0,1309.4599609375,2952942.0
2022-12-23,2258.0,1309.4599609375,0.0
2022-12-26,2321.0,1345.994873046875,1135993.0
2022-12-27,2400.0,1391.8084716796875,15275167.0
2022-12-28,2379.0,1379.6302490234375,2433228.0
2022-12-29,2420.0,1403.4071044921875,6856768.0
2022-12-30,2420.0,1403.4071044921875,0.0
2023-01-02,2479.0,1437.6221923828125,1474560.0
2023-01-03,2380.0,1380.2100830078125,8883437.0
2023-01-04,2415.0,1400.5072021484375,14320260.0
2023-01-05,2510.0,1455.599609375,9307020.0
2023-01-06,2646.0,1534.468994140625,21712400.0
2023-01-09,2646.0,1534.468994140625,0.0
2023-01-10,2685.0,1557.0858154296875,8389320.0
2023-01-11,2665.0,1545.4873046875,10383564.0
2023-01-12,2694.0,1562.304931640625,16049836.0
2023-01-13,2714.0,1573.903564453125,8619623.0
2023-01-16,2700.0,1565.7845458984375,400070.0
2023-01-17,2716.0,1575.0633544921875,4391571.0
2023-01-18,2803.0,1625.516357421875,12467371.0
2023-01-19,2766.0,1604.0594482421875,4342351.0
2023-01-20,2749.0,1594.20068359375,4671757.0
2023-01-23,2737.0,1587.2415771484375,6986901.0
2023-01-24,2670.0,1548.3870849609375,9074076.0
2023-01-25,2664.0,1544.9073486328125,11432596.0
2023-01-26,2693.0,1561.724853515625,4177451.0
2023-01-27,2607.0,1511.85205078125,17102952.0
2023-01-30,2590.0,1501.9932861328125,7138778.0
2023-01-31,2669.0,1547.8070068359375,6765146.0
2023-02-01,2573.0,1492.134765625,9267539.0
2023-02-02,2525.0,1464.2987060546875,7972438.0
2023-02-03,2537.0,1471.2576904296875,4054828.0
2023-02-06,2577.0,1494.4544677734375,4339228.0
2023-02-07,2610.0,1513.5919189453125,9271012.0
2023-02-08,2582.0,1497.3538818359375,6591305.0
2023-02-09,2500.0,1449.8004150390625,15347845.0
2023-02-10,2629.0,1524.6102294921875,10479063.0
2023-02-13,2612.0,1514.7513427734375,3704363.0
2023-02-14,2580.0,1496.194091796875,3650026.0
2023-02-15,2595.0,1504.892822265625,5464723.0
2023-02-16,2620.0,1519.3909912109375,6622766.0
2023-02-17,2536.0,1470.6776123046875,4895456.0
2023-02-20,2551.0,1479.3765869140625,216139.0
2023-02-21,2588.0,1500.8333740234375,4331156.0
2023-02-22,2536.0,1470.6776123046875,4313119.0
2023-02-23,2612.0,1514.7513427734375,7625165.0
2023-02-24,2620.0,1519.3909912109375,4829578.0
2023-02-27,2685.0,1557.0858154296875,7412112.0
2023-02-28,2698.0,1564.6246337890625,10760292.0
2023-03-01,2715.0,1574.483154296875,20111742.0
2023-03-02,2685.0,1557.0858154296875,7299509.0
2023-03-03,2725.0,1580.282470703125,4622687.0
2023-03-06,2740.0,1588.9815673828125,4586106.0
2023-03-07,2685.0,1557.0858154296875,3520665.0
2023-03-08,2682.0,1555.345947265625,2735097.0
2023-03-09,2632.0,1526.3499755859375,3896396.0
2023-03-10,2550.0,1478.7965087890625,5144534.0
2023-03-13,2462.0,1427.7635498046875,4864747.0
2023-03-14,2482.0,1439.3619384765625,8010652.0
2023-03-15,2397.0,1390.068603515625,15027576.0
2023-03-16,2370.0,1374.410888671875,9236815.0
2023-03-17,2400.0,1391.8084716796875,7243872.0
2023-03-20,2400.0,1391.8084716796875,0.0
2023-03-21,2456.0,1424.283935546875,2656243.0
2023-03-22,2408.0,1396.4478759765625,4543865.0
2023-03-23,2292.0,1329.17724609375,8728507.0
2023-03-24,2297.0,1332.0765380859375,2886134.0
2023-03-27,2339.0,1356.433349609375,3538882.0
2023-03-28,2388.0,1384.849365234375,2498340.0
2023-03-29,2382.0,1381.369873046875,2167508.0
2023-03-30,2421.0,1403.9869384765625,3071543.0
2023-03-31,2450.0,1420.8043212890625,3719322.0
2023-04-03,2552.0,1479.956298828125,9371127.0
2023-04-04,2516.0,1459.0792236328125,4966824.0
2023-04-05,2540.0,1472.9974365234375,1483413.0
2023-04-06,2540.0,1472.9974365234375,0.0
2023-04-07,2540.0,1472.9974365234375,0.0
2023-04-10,2519.0,1460.819091796875,2932430.0
2023-04-11,2580.0,1496.194091796875,5116689.0
2023-04-12,2580.0,1496.194091796875,6354579.0
2023-04-13,2563.0,1486.33544921875,1633921.0
2023-04-14,2560.0,1484.5955810546875,0.0
2023-04-17,2556.0,1482.27587890625,4362363.0
2023-04-18,2552.0,1479.956298828125,4410073.0
2023-04-19,2545.0,1475.8968505859375,2257821.0
2023-04-20,2520.0,1461.39892578125,6702508.0
2023-04-21,2320.0,1459.9263916015625,4636042.0
2023-04-24,2385.0,1500.8294677734375,4944020.0
2023-04-25,2235.0,1406.4376220703125,13644209.0
2023-04-26,2197.0,1382.525146484375,17871151.0
2023-04-27,2188.0,1376.861572265625,7471579.0
2023-04-28,2288.0,1439.7894287109375,5599669.0
2023-05-01,2288.0,1439.7894287109375,0.0
2023-05-02,2073.0,1304.49462890625,13816971.0
2023-05-03,2045.0,1286.8746337890625,8038527.0
2023-05-04,1990.0,1252.2642822265625,9881513.0
2023-05-05,2081.0,1309.52880859375,5986789.0
2023-05-08,2060.0,1296.31396484375,2877842.0
2023-05-09,2087.0,1313.304443359375,3485287.0
2023-05-10,2079.0,1308.270263671875,1632876.0
2023-05-11,2090.0,1315.1922607421875,5735378.0
2023-05-12,2125.0,1337.2171630859375,4617782.0
2023-05-15,2089.0,1314.5628662109375,1896365.0
2023-05-16,2064.0,1298.8310546875,2894034.0
2023-05-17,2104.0,1324.0023193359375,3505405.0
2023-05-18,2113.0,1329.665771484375,2979190.0
2023-05-19,2135.0,1343.5098876953125,2164202.0
2023-05-22,2135.0,1343.5098876953125,0.0
2023-05-23,2121.0,1334.699951171875,2039006.0
2023-05-24,2115.0,1330.92431640625,1375488.0
2023-05-25,2086.0,1312.6751708984375,1853350.0
2023-05-26,2065.0,1299.4603271484375,992708.0
2023-05-29,2060.0,1296.31396484375,294344.0
2023-05-30,2016.0,1268.625732421875,5553440.0
2023-05-31,2036.0,1281.211181640625,3241967.0
2023-06-01,2064.0,1298.8310546875,1730206.0
2023-06-02,2116.0,1331.553466796875,2059397.0
2023-06-05,2090.0,1315.1922607421875,1646721.0
2023-06-06,2143.0,1348.544189453125,2777808.0
2023-06-07,2170.0,1365.53466796875,2716894.0
2023-06-08,2171.0,1366.163818359375,3050800.0
2023-06-13,2134.0,1342.880615234375,1997559.0
2023-06-14,2143.0,1348.544189453125,1530465.0
2023-06-15,2153.0,1354.8369140625,2787163.0
2023-06-16,2200.0,1384.412841796875,9259418.0
2023-06-19,2200.0,1384.412841796875,0.0
2023-06-20,2134.0,1342.880615234375,5475954.0
2023-06-21,2185.0,1374.9736328125,4023686.0
2023-06-22,2148.0,1351.6905517578125,2222590.0
2023-06-23,2140.0,1346.65625,2057088.0
2023-06-26,2185.0,1374.9736328125,1250225.0
2023-06-27,2140.0,1346.65625,2534263.0
2023-06-28,2150.0,1352.9490966796875,1729947.0
2023-06-29,2153.0,1354.8369140625,3885081.0
2023-06-30,2140.0,1346.65625,2786231.0
2023-07-03,2140.0,1346.65625,0.0
2023-07-04,2137.0,1344.768310546875,242094.0
2023-07-05,2137.0,1344.768310546875,1698983.0
2023-07-06,2130.0,1340.3634033203125,1362332.0
2023-07-07,2160.0,1359.2418212890625,4169861.0
2023-07-10,2157.0,1357.35400390625,2674017.0
2023-07-11,2214.0,1393.222900390625,8395624.0
2023-07-12,2236.0,1407.0670166015625,2811015.0
2023-07-13,2236.0,1407.0670166015625,5176500.0
2023-07-14,2167.0,1363.6466064453125,3534854.0
2023-07-17,2166.0,1363.017578125,1900688.0
2023-07-18,2186.0,1375.60302734375,974314.0
2023-07-19,2181.0,1372.4566650390625,3890027.0
2023-07-20,2181.0,1372.4566650390625,0.0
2023-07-21,2192.0,1379.37890625,2083141.0
2023-07-24,2219.0,1396.3692626953125,4709605.0
2023-07-25,2243.0,1411.471923828125,10164221.0
2023-07-26,2224.0,1399.515625,3579686.0
2023-07-27,2199.0,1383.7838134765625,2183614.0
2023-07-28,2206.0,1388.1885986328125,2395808.0
2023-07-31,2206.0,1388.1885986328125,0.0
2023-08-01,2290.0,1441.048095703125,2997101.0
2023-08-02,2261.090087890625,1422.8555908203125,2962515.0
2023-08-03,2330.0,1466.2191162109375,6699148.0
2023-08-04,2330.0,1466.2191162109375,0.0
2023-08-07,2330.0,1466.2191162109375,0.0
2023-08-08,2365.0,1488.243896484375,2835644.0
2023-08-09,2284.0,1437.2724609375,8513993.0
2023-08-10,2270.0,1428.46240234375,2157838.0
2023-08-11,2300.0,1447.3409423828125,4085.0
2023-08-14,2275.0,1431.60888671875,1327110.0
2023-08-15,2265.0,1425.316162109375,2308542.0
2023-08-16,2307.0,1451.745849609375,3670828.0
2023-08-17,2297.0,1445.452880859375,589643.0
2023-08-18,2330.0,1466.2191162109375,1326201.0
2023-08-21,2330.0,1466.2191162109375,0.0
2023-08-22,2324.0,1462.443603515625,2365736.0
2023-08-23,2310.0,1453.6337890625,1838690.0
2023-08-24,2304.0,1449.8577880859375,4138161.0
2023-08-25,2310.0,1453.6337890625,7548139.0
2023-08-28,2345.0,1475.658203125,5446812.0
2023-08-29,2390.0,1503.9757080078125,5360637.0
2023-08-30,2440.0,1535.43994140625,4698598.0
2023-08-31,2357.0,1483.2095947265625,8043923.0
2023-09-01,2385.0,1500.8294677734375,988501.0
2023-09-04,2370.0,1491.3902587890625,264509.0
2023-09-05,2416.0,1520.337158203125,3513747.0
2023-09-06,2421.0,1523.4835205078125,4406266.0
2023-09-07,2385.0,1500.8294677734375,3539191.0
2023-09-08,2429.0,1528.5177001953125,3378947.0
2023-09-11,2396.0,1507.7515869140625,2430673.0
2023-09-12,2453.0,1543.6204833984375,5899237.0
2023-09-13,2409.0,1515.93212890625,2775262.0
2023-09-14,2456.0,1545.5081787109375,4456154.0
2023-09-15,2411.0,1517.190673828125,8248170.0
2023-09-18,2442.0,1536.698486328125,2094746.0
2023-09-19,2489.0,1566.2744140625,5320123.0
2023-09-20,2513.0,1581.3770751953125,7651789.0
2023-09-21,2468.0,1553.0595703125,6845300.0
2023-09-22,2330.0,1593.870849609375,12185823.0
2023-09-25,2364.0,1617.1290283203125,9026013.0
2023-09-26,2307.0,1578.1375732421875,15081201.0
2023-09-27,2350.0,1607.5521240234375,13683348.0
2023-09-28,2333.0,1595.9232177734375,6752718.0
2023-09-29,2365.0,1617.8131103515625,5947252.0
2023-10-02,2322.0,1588.3984375,7263625.0
2023-10-03,2375.0,1624.65380859375,3929995.0
2023-10-04,2312.0,1581.5577392578125,6808446.0
2023-10-05,2321.0,1587.71435546875,2323044.0
2023-10-06,2359.0,1613.708740234375,5006039.0
2023-10-09,2480.0,1696.4805908203125,9458486.0
2023-10-10,2483.0,1698.5328369140625,1472519.0
2023-10-11,2507.0,1714.950439453125,4191759.0
2023-10-12,2540.0,1737.5245361328125,8764499.0
2023-10-13,2585.0,1768.3074951171875,6325395.0
2023-10-16,2585.0,1768.3074951171875,0.0
2023-10-17,2606.0,1782.672607421875,1474056.0
2023-10-18,2645.0,1809.3514404296875,3205582.0
2023-10-19,2619.0,1791.5655517578125,5958099.0
2023-10-20,2575.0,1761.467041015625,7005109.0
2023-10-23,2525.0,1727.2637939453125,2671569.0
2023-10-24,2520.0,1723.8431396484375,2457161.0
2023-10-25,2542.0,1738.8927001953125,1636778.0
2023-10-26,2475.0,1693.060302734375,3692565.0
2023-10-27,2470.0,1689.6400146484375,1191949.0
2023-10-30,2395.0,1638.335205078125,2829265.0
2023-10-31,2423.0,1657.48876953125,5020434.0
2023-11-01,2480.0,1696.4805908203125,6001824.0
2023-11-02,2480.0,1696.4805908203125,1228867.0
2023-11-03,2460.0,1682.7991943359375,2410303.0
2023-11-06,2460.0,1682.7991943359375,0.0
2023-11-07,2340.0,1600.7117919921875,7028953.0
2023-11-08,2335.0,1597.291259765625,3140392.0
2023-11-09,2350.0,1607.5521240234375,3248223.0
2023-11-10,2350.0,1607.5521240234375,2714615.0
2023-11-13,2350.0,1607.5521240234375,0.0
2023-11-14,2370.0,1621.2335205078125,2136750.0
2023-11-15,2395.0,1638.335205078125,5642606.0
2023-11-16,2395.0,1638.335205078125,7083452.0
2023-11-17,2480.0,1696.4805908203125,15778986.0
2023-11-20,2500.0,1710.161865234375,4925112.0
2023-11-21,2545.0,1740.94482421875,3394906.0
2023-11-22,2515.0,1720.4229736328125,3351513.0
2023-11-23,2500.0,1710.161865234375,685504.0
2023-11-24,2575.0,1761.467041015625,6234950.0
2023-11-27,2520.0,1723.8431396484375,3056721.0
2023-11-28,2540.0,1737.5245361328125,1439171.0
2023-11-29,2535.0,1734.104248046875,2550560.0
2023-11-30,2520.0,1723.8431396484375,2879024.0
2023-12-01,2545.0,1740.94482421875,1148199.0
2023-12-04,2545.0,1740.94482421875,2766644.0
2023-12-05,2515.0,1720.4229736328125,4096468.0
2023-12-06,2455.0,1679.379150390625,4633742.0
2023-12-07,2465.0,1686.2198486328125,3090924.0
2023-12-08,2465.0,1686.2198486328125,0.0
2023-12-11,2510.0,1717.00244140625,3834050.0
2023-12-12,2460.0,1682.7991943359375,3633423.0
2023-12-13,2500.0,1710.161865234375,4871093.0
2023-12-14,2555.0,1747.78564453125,6758435.0
2023-12-15,2365.0,1753.4647216796875,5102460.0
2023-12-18,2340.0,1734.9293212890625,2216390.0
2023-12-19,2370.0,1757.1719970703125,7175601.0
2023-12-20,2335.0,1731.22216796875,5785343.0
2023-12-21,2355.0,1746.050537109375,6531896.0
2023-12-22,2350.0,1742.343505859375,4392751.0
2023-12-25,2350.0,1742.343505859375,0.0
2023-12-26,2360.0,1749.7578125,2872866.0
2023-12-27,2320.0,1720.1007080078125,1521621.0
2023-12-28,2340.0,1734.9293212890625,1282756.0
2023-12-29,2340.0,1734.9293212890625,0.0
2024-01-01,2340.0,1734.9293212890625,0.0
2024-01-02,2355.0,1746.050537109375,740229.0
2024-01-03,2420.0,1794.2431640625,2824764.0
2024-01-04,2405.0,1783.121826171875,7680764.0
2024-01-05,2445.0,1812.77880859375,2593112.0
2024-01-08,2445.0,1812.77880859375,0.0
2024-01-09,2395.0,1775.7076416015625,6205275.0
2024-01-10,2345.0,1738.6363525390625,3053737.0
2024-01-11,2355.0,1746.050537109375,1809844.0
2024-01-12,2375.0,1760.879150390625,2884748.0
2024-01-15,2375.0,1760.879150390625,427263.0
2024-01-16,2335.0,1731.22216796875,4253709.0
2024-01-17,2315.0,1716.3936767578125,5092743.0
2024-01-18,2300.0,1705.2724609375,4888401.0
2024-01-19,2280.0,1690.44384765625,4223169.0
2024-01-22,2280.0,1690.44384765625,0.0
2024-01-23,2295.0,1701.565185546875,4438261.0
2024-01-24,2295.0,1701.565185546875,0.0
2024-01-25,2295.0,1701.565185546875,0.0
2024-01-26,2295.0,1701.565185546875,0.0
2024-01-29,2395.0,1775.7076416015625,3334508.0
2024-01-30,2390.0,1772.0003662109375,2041122.0
2024-01-31,2335.0,1731.22216796875,5674933.0
2024-02-01,2345.0,1738.6363525390625,2856567.0
2024-02-02,2320.0,1720.1007080078125,1329585.0
2024-02-05,2320.0,1720.1007080078125,1307406.0
2024-02-06,2355.0,1746.050537109375,1728880.0
2024-02-07,2365.0,1753.4647216796875,1985107.0
2024-02-08,2340.0,1734.9293212890625,7357052.0
2024-02-09,2315.0,1716.3936767578125,3991935.0
2024-02-12,2310.0,1712.6866455078125,3416185.0
2024-02-13,2275.0,1686.7369384765625,3168712.0
2024-02-14,2275.0,1686.7369384765625,2353063.0
2024-02-15,2295.0,1701.565185546875,4545594.0
2024-02-16,2305.0,1708.9794921875,3215751.0
2024-02-19,2270.0,1683.0296630859375,355978.0
2024-02-20,2280.0,1690.44384765625,2612608.0
2024-02-21,2330.0,1727.51513671875,5196637.0
2024-02-22,2340.0,1734.9293212890625,2135737.0
2024-02-23,2330.0,1727.51513671875,1395482.0
2024-02-26,2345.0,1738.6363525390625,4085477.0
2024-02-27,2360.0,1749.7578125,2181966.0
2024-02-28,2300.0,1705.2724609375,4521562.0
2024-02-29,2290.0,1697.858154296875,3385269.0
2024-03-01,2240.0,1660.787109375,9331162.0
2024-03-04,2120.0,1571.816162109375,19324407.0
2024-03-05,2095.0,1553.2806396484375,6639850.0
2024-03-06,2085.0,1545.866455078125,4092863.0
2024-03-07,2090.0,1549.5736083984375,5057413.0
2024-03-08,2055.0,1523.623779296875,5733447.0
2024-03-11,2060.0,1527.3309326171875,7513846.0
2024-03-12,2075.0,1538.4522705078125,4786471.0
2024-03-13,2080.0,1542.159423828125,3251229.0
2024-03-14,2120.0,1571.816162109375,7189970.0
2024-03-15,2210.0,1638.5443115234375,46520253.0
2024-03-18,2100.0,1556.98779296875,4839131.0
2024-03-19,2120.0,1571.816162109375,1504884.0
2024-03-20,2125.0,1575.5233154296875,1157509.0
2024-03-21,2125.0,1575.5233154296875,2224496.0
2024-03-22,2115.0,1568.109130859375,2823812.0
2024-03-25,2115.0,1568.109130859375,0.0
2024-03-26,1995.0,1596.9259033203125,9764642.0
2024-03-27,2075.0,1660.9630126953125,2506698.0
2024-03-28,2075.0,1660.9630126953125,0.0
2024-03-29,2075.0,1660.9630126953125,0.0
2024-04-01,2190.0,1753.016357421875,5859130.0
2024-04-02,2245.0,1797.041748046875,8688457.0
2024-04-03,2290.0,1833.0626220703125,5243795.0
2024-04-04,2320.0,1857.0767822265625,12176907.0
2024-04-05,2290.0,1833.0626220703125,4071398.0
2024-04-08,2300.0,1841.0673828125,7340985.0
2024-04-09,2280.0,1825.05810546875,12903501.0
2024-04-10,2245.0,1797.041748046875,16875100.0
2024-04-11,2260.0,1809.048828125,35746674.0
2024-04-12,2240.0,1793.0396728515625,11415649.0
2024-04-15,2240.0,1793.0396728515625,2029360.0
2024-04-16,2240.0,1793.0396728515625,2888028.0
2024-04-17,2230.0,1785.0350341796875,1793681.0
2024-04-18,2225.0,1781.0325927734375,6072825.0
2024-04-19,2240.0,1793.0396728515625,4595170.0
2024-04-22,2260.0,1809.048828125,2334478.0
2024-04-23,2275.0,1821.055908203125,3659440.0
2024-04-24,2300.0,1841.0673828125,3212078.0
2024-04-25,2305.0,1845.0697021484375,3233638.0
2024-04-26,2300.0,1841.0673828125,3367269.0
2024-04-29,2310.0,1849.072021484375,1441847.0
2024-04-30,2280.0,1825.05810546875,2532463.0
2024-05-02,2255.0,1805.0465087890625,2631900.0
2024-05-03,2120.0,1696.98388671875,19324407.0
2024-05-06,2250.0,1801.044189453125,1538075.0
2024-05-07,2270.0,1817.0533447265625,1794703.0
2024-05-08,2280.0,1825.05810546875,4268678.0
2024-05-09,2280.0,1825.05810546875,6212654.0
2024-05-10,2265.0,1813.0511474609375,1623748.0
2024-05-14,2320.0,1857.0767822265625,2646558.0
2024-05-15,2285.0,1829.0604248046875,5450341.0
2024-05-16,2300.0,1841.0673828125,2902612.0
2024-05-17,2320.0,1857.0767822265625,5087485.0
2024-05-20,2340.0,1873.0860595703125,4943778.0
2024-05-21,2340.0,1873.0860595703125,4842768.0
2024-05-22,2270.0,1817.0533447265625,3575054.0
2024-05-23,2270.0,1817.0533447265625,0.0
2024-05-24,2305.0,1845.0697021484375,3863187.0
2024-05-27,2300.0,1841.0673828125,617530.0
2024-05-28,2380.0,1905.1044921875,12831748.0
2024-05-29,2375.0,1901.10205078125,3468339.0
2024-05-30,2350.0,1881.090576171875,4044530.0
2024-05-31,2360.0,1889.0953369140625,24241779.0
2024-06-04,2370.0,1897.0997314453125,2807299.0
2024-06-05,2350.0,1881.090576171875,2708666.0
2024-06-06,2365.0,1893.09765625,4076719.0
2024-06-07,2360.0,1889.0953369140625,2497038.0
2024-06-11,2360.0,1889.0953369140625,11030569.0
2024-06-12,2385.0,1909.10693359375,2905209.0
2024-06-13,2405.0,1925.1162109375,8104328.0
2024-06-14,2400.0,1921.113525390625,3673384.0
2024-06-17,2430.0,1945.1278076171875,7160858.0
2024-06-18,2445.0,1957.134765625,10713094.0
2024-06-19,2430.0,1945.1278076171875,2262115.0
2024-06-20,2330.0,1993.0289306640625,14674196.0
2024-06-21,2295.0,1963.0904541015625,6947967.0
2024-06-24,2400.0,2052.9052734375,10451423.0
2024-06-25,2300.0,1967.3675537109375,10609494.0
2024-06-26,2315.0,1980.1981201171875,4831613.0
2024-06-27,2325.0,1988.7518310546875,3107771.0
2024-06-28,2320.0,1984.4752197265625,3160569.0
2024-07-02,2295.0,1963.0904541015625,5244266.0
2024-07-03,2290.0,1958.8138427734375,657438.0
2024-07-04,2280.0,1950.260009765625,576494.0
2024-07-05,2295.0,1963.0904541015625,1181503.0
2024-07-08,2260.0,1933.152587890625,1759779.0
2024-07-09,2240.0,1916.0450439453125,2124227.0
2024-07-10,2210.0,1890.383544921875,1432778.0
2024-07-11,2240.0,1916.0450439453125,2316263.0
2024-07-12,2190.0,1873.2760009765625,1614329.0
2024-07-15,2220.0,1898.9375,1884204.0
2024-07-16,2180.0,1864.72216796875,1360136.0
2024-07-17,2185.0,1868.9991455078125,2822705.0
2024-07-18,2180.0,1864.72216796875,2168709.0
2024-07-19,2180.0,1864.72216796875,703052.0
2024-07-22,2165.0,1851.8916015625,1558937.0
2024-07-23,2120.0,1813.3995361328125,2484596.0
2024-07-24,2135.0,1826.2303466796875,5984209.0
2024-07-25,2140.0,1830.5072021484375,2479672.0
2024-07-26,2145.0,1834.7840576171875,1136815.0
2024-07-29,2130.0,1821.953369140625,1603264.0
2024-07-30,2130.0,1821.953369140625,3138473.0
2024-07-31,2175.0,1860.4454345703125,3125676.0
2024-08-01,2120.0,1813.3995361328125,1339193.0
2024-08-02,2060.0,1762.0770263671875,2243567.0
2024-08-05,2040.0,1744.969482421875,5015388.0
2024-08-06,2060.0,1762.0770263671875,2244090.0
2024-08-07,2085.0,1783.46142578125,938096.0
2024-08-08,2085.0,1783.46142578125,938096.0
2024-08-09,2135.0,1826.2303466796875,747871.0
2024-08-12,2155.0,1843.337890625,1442585.0
2024-08-13,2110.0,1804.8458251953125,2087310.0
2024-08-14,2040.0,1744.969482421875,2125074.0
2024-08-15,2085.0,1783.46142578125,2325725.0
2024-08-16,2085.0,1783.46142578125,475665.0
2024-08-20,2035.0,1740.692626953125,2147502.0
2024-08-21,2040.0,1744.969482421875,4599954.0
2024-08-22,2035.0,1740.692626953125,1785861.0
2024-08-23,2055.0,1757.8001708984375,1636368.0
2024-08-26,2075.0,1774.90771484375,3993178.0
2024-08-27,2060.0,1762.0770263671875,538198.0
2024-08-28,2055.0,1757.8001708984375,4906030.0
2024-08-29,2045.0,1749.246337890625,1394222.0
2024-08-30,2055.0,1757.8001708984375,4814784.0
2024-09-02,2055.0,1757.8001708984375,541167.0
2024-09-03,1995.0,1706.4775390625,4664982.0
2024-09-04,1920.0,1642.3240966796875,4184691.0
2024-09-05,1925.0,1646.60107421875,3050805.0
2024-09-06,1930.0,1650.8779296875,2036101.0
2024-09-09,1915.0,1638.0472412109375,632904.0
2024-09-10,1885.0,1612.3861083984375,2647945.0
2024-09-11,1905.0,1629.4935302734375,2824013.0
2024-09-12,1930.0,1650.8779296875,1878299.0
2024-09-13,1910.0,1633.7703857421875,1802042.0
2024-09-16,1960.0,1676.5391845703125,880390.0
2024-09-17,1955.0,1672.2623291015625,1827731.0
2024-09-18,1905.0,1629.4935302734375,1175718.0
2024-09-19,1905.0,1629.4935302734375,2961596.0
2024-09-20,1890.0,1616.6629638671875,13528138.0
2024-09-23,1920.0,1642.3240966796875,1265822.0
2024-09-24,1940.0,1659.431640625,747060.0
2024-09-25,1840.0,1573.89404296875,6687027.0
2024-09-26,1900.0,1625.2166748046875,428813.0
2024-09-27,1885.0,1612.3861083984375,1126465.0
2024-09-30,1880.0,1608.109130859375,647242.0
2024-10-01,1895.0,1620.9398193359375,4063372.0
2024-10-02,1875.0,1603.832275390625,3356663.0
2024-10-03,1905.0,1629.4935302734375,6255158.0
2024-10-04,1890.0,1616.6629638671875,8587882.0
2024-10-07,1910.0,1633.7703857421875,2953727.0
2024-10-08,1825.0,1561.0634765625,4439792.0
2024-10-09,1840.0,1573.89404296875,716014.0
2024-10-10,1845.0,1578.1710205078125,563418.0
2024-10-11,1845.0,1578.1710205078125,661262.0
2024-10-15,1780.0,1522.5712890625,3092248.0
2024-10-16,1760.0,1505.4637451171875,1938916.0
2024-10-17,1740.0,1488.356201171875,1646150.0
2024-10-18,1760.0,1505.4637451171875,1035365.0
2024-10-21,1725.0,1475.525634765625,1518111.0
2024-10-22,1735.0,1484.079345703125,597438.0
2024-10-23,1720.0,1471.248779296875,747123.0
2024-10-24,1730.0,1479.802490234375,646270.0
2024-10-25,1735.0,1484.079345703125,4161780.0
2024-10-28,1760.0,1505.4637451171875,1120545.0
2024-10-29,1735.0,1484.079345703125,3534444.0
2024-10-30,1720.0,1471.248779296875,8237601.0
2024-10-31,1700.0,1454.1412353515625,1906006.0
2024-11-01,1680.0,1437.03369140625,1279462.0
2024-11-05,1660.0,1419.9261474609375,1430781.0
2024-11-06,1700.0,1454.1412353515625,3067020.0
2024-11-07,1660.0,1419.9261474609375,4492120.0
2024-11-08,1590.0,1360.0496826171875,3504709.0
2024-11-12,1650.0,1411.3724365234375,4035537.0
2024-11-13,1660.0,1419.9261474609375,3101555.0
2024-11-14,1725.0,1475.525634765625,7040349.0
2024-11-15,1745.0,1492.6331787109375,6779903.0
2024-11-18,1785.0,1526.8482666015625,22336343.0
2024-11-19,1780.0,1522.5712890625,2001199.0
2024-11-20,1755.0,1501.1868896484375,1979812.0
2024-11-21,1800.0,1539.678955078125,4562757.0
2024-11-22,1830.0,1565.34033203125,3612013.0
2024-11-25,1815.0,1552.5096435546875,6776122.0
2024-11-26,1760.0,1505.4637451171875,2917605.0
2024-11-27,1770.0,1514.017578125,1754730.0
2024-11-28,1780.0,1522.5712890625,390661.0
2024-11-29,1800.0,1539.678955078125,3718837.0
2024-12-02,1775.0,1518.29443359375,4060471.0
2024-12-03,1780.0,1522.5712890625,2344916.0
2024-12-04,1755.0,1501.1868896484375,2169505.0
2024-12-05,1770.0,1514.017578125,1427475.0
2024-12-06,1730.0,1479.802490234375,2833974.0
2024-12-09,1790.0,1531.1251220703125,10208273.0
2024-12-10,1830.0,1565.34033203125,2440404.0
2024-12-11,1810.0,1548.2327880859375,1677639.0
2024-12-12,1815.0,1552.5096435546875,958522.0
2024-12-13,1780.0,1522.5712890625,3068223.0
2024-12-16,1730.0,1479.802490234375,7011190.0
2024-12-17,1740.0,1488.356201171875,1890078.0
2024-12-18,1685.0,1441.3106689453125,1717497.0
2024-12-19,1680.0,1437.03369140625,3845811.0
2024-12-20,1650.0,1411.3724365234375,8584660.0
2024-12-23,1685.0,1441.3106689453125,1414658.0
2024-12-24,1660.0,1419.9261474609375,427333.0
2024-12-25,1660.0,1419.9261474609375,0.0
2024-12-26,1660.0,1419.9261474609375,595134.0
2024-12-27,1660.0,1419.9261474609375,2455787.0
2024-12-30,1675.0,1432.7568359375,796963.0
2024-12-31,1675.0,1432.7568359375,0.0
2025-01-02,1795.0,1535.402099609375,5690478.0
2025-01-03,1790.0,1531.1251220703125,1991499.0
2025-01-07,1845.0,1578.1710205078125,6148714.0
2025-01-08,1840.0,1573.89404296875,1725998.0
2025-01-09,1815.0,1552.5096435546875,1112204.0
2025-01-10,1845.0,1578.1710205078125,4006996.0
2025-01-13,1850.0,1582.4478759765625,4788347.0
2025-01-14,1840.0,1573.89404296875,2406434.0
2025-01-15,1845.0,1578.1710205078125,10338857.0
2025-01-16,1870.0,1599.555419921875,3936881.0
2025-01-17,1835.0,1569.6171875,8482854.0
2025-01-20,1820.0,1556.7864990234375,1641805.0
2025-01-21,1820.0,1556.7864990234375,0.0
2025-01-22,1760.0,1505.4637451171875,5040785.0
2025-01-23,1775.0,1518.29443359375,2638860.0
2025-01-24,1760.0,1505.4637451171875,5654547.0
2025-01-27,1795.0,1535.402099609375,9959234.0
2025-01-28,1825.0,1561.0634765625,8983614.0
2025-01-29,1885.0,1612.3861083984375,12692696.0
2025-01-30,2025.0,1732.1387939453125,22648361.0
2025-01-31,1960.0,1676.5391845703125,17141900.0
2025-02-03,2005.0,1715.03125,2920247.0
2025-02-04,2050.0,1753.5233154296875,5200889.0
2025-02-05,1985.0,1697.9237060546875,17537852.0
2025-02-06,2000.0,1710.75439453125,5446841.0
2025-02-07,2000.0,1710.75439453125,3282657.0
2025-02-10,2020.0,1727.8619384765625,4444287.0
2025-02-11,2030.0,1736.415771484375,3506718.0
2025-02-12,1990.0,1702.20068359375,9519472.0
2025-02-13,2095.0,1792.01513671875,15457668.0
2025-02-14,2125.0,1817.6763916015625,3199198.0
2025-02-17,2230.0,1907.4913330078125,4441204.0
2025-02-18,2230.0,1907.4913330078125,17805153.0
2025-02-19,1820.0,1556.7864990234375,5592990.0
2025-02-20,2235.0,1911.76806640625,12814092.0
2025-02-21,2145.0,1834.7840576171875,9039781.0
2025-02-24,2145.0,1834.7840576171875,4330893.0
2025-02-25,2125.0,1817.6763916015625,8157125.0
2025-02-26,2090.0,1787.73828125,10524933.0
2025-02-27,2050.0,1753.5233154296875,8568866.0
2025-02-28,2060.0,1762.0770263671875,25055930.0
2025-03-03,1960.0,1676.5391845703125,9521760.0
2025-03-04,1885.0,1612.3861083984375,18968701.0
2025-03-05,1930.0,1650.8779296875,8718919.0
2025-03-06,2000.0,1710.75439453125,9321401.0
2025-03-07,2060.0,1762.0770263671875,7431758.0
2025-03-10,2025.0,1732.1387939453125,6324735.0
2025-03-11,1980.0,1693.6468505859375,15499528.0
2025-03-12,2015.0,1723.5850830078125,13591930.0
2025-03-13,2010.0,1719.3082275390625,7539898.0
2025-03-14,2080.0,1779.1845703125,9224946.0
2025-03-17,2120.0,1813.3995361328125,12412693.0
2025-03-18,2110.0,1804.8458251953125,12011148.0
2025-03-19,2130.0,1821.953369140625,6555059.0
2025-03-20,2100.0,1796.2919921875,17109325.0
2025-03-21,2100.0,1796.2919921875,0.0
2025-03-24,2100.0,1796.2919921875,0.0
2025-03-25,2120.0,1813.3995361328125,9493281.0
2025-03-26,2150.0,1839.06103515625,10502581.0
2025-03-27,2175.0,1860.4454345703125,12692383.0
2025-03-28,2140.0,1830.5072021484375,28850075.0
2025-03-31,2075.0,1868.3238525390625,19199615.0
2025-04-01,2085.0,1877.327880859375,9610095.0
2025-04-02,2080.0,1872.8258056640625,9290128.0
2025-04-03,2000.0,1800.794189453125,20826287.0
2025-04-04,1930.0,1737.7662353515625,54501723.0
2025-04-07,1940.0,1746.770263671875,55479178.0
2025-04-08,1810.0,1629.71875,57471470.0
2025-04-09,1920.0,1728.7623291015625,74757896.0
2025-04-10,1785.0,1607.208740234375,49388670.0
2025-04-11,1875.0,1688.2445068359375,32591354.0
2025-04-14,1920.0,1728.7623291015625,17479862.0
2025-04-15,1920.0,1728.7623291015625,20061010.0
2025-04-16,1905.0,1715.25634765625,11657294.0
2025-04-17,1905.0,1715.25634765625,0.0
2025-04-18,1905.0,1715.25634765625,0.0
2025-04-21,1925.0,1733.2642822265625,14394503.0
2025-04-22,1935.0,1742.268310546875,29817440.0
2025-04-23,1840.0,1753.7054443359375,16845013.0
2025-04-24,1840.0,1753.7054443359375,12025099.0
2025-04-25,1830.0,1744.1744384765625,5891954.0
2025-04-28,1785.0,1701.284912109375,13686253.0
2025-04-29,1750.0,1667.9263916015625,23774938.0
2025-04-30,1725.0,1644.098876953125,18731262.0
2025-05-01,1725.0,1644.098876953125,0.0
2025-05-02,1735.0,1653.6298828125,28924414.0
2025-05-05,1695.0,1615.505859375,14822939.0
2025-05-06,1725.0,1644.098876953125,18731262.0
2025-05-07,1690.0,1610.7403564453125,22627721.0
2025-05-08,1720.0,1639.3333740234375,11248780.0
2025-05-09,1720.0,1639.3333740234375,10029601.0
2025-05-12,1750.0,1667.9263916015625,13208060.0
2025-05-13,1820.0,1734.6434326171875,20816250.0
2025-05-14,1820.0,1734.6434326171875,7918073.0
2025-05-15,1800.0,1715.5814208984375,10033855.0
2025-05-16,1810.0,1725.1124267578125,10598864.0
2025-05-19,1805.0,1720.346923828125,14194029.0
2025-05-20,1790.0,1706.0504150390625,3903816.0
2025-05-21,1775.0,1691.75390625,5591416.0
2025-05-22,1780.0,1696.5194091796875,7506414.0
2025-05-23,1780.0,1696.5194091796875,6757212.0
2025-05-26,1760.0,1677.4573974609375,1454986.0
2025-05-27,1780.0,1696.5194091796875,10301724.0
2025-05-28,1780.0,1696.5194091796875,4702661.0
2025-05-29,1795.0,1710.81591796875,11207441.0
2025-05-30,1740.0,1658.3953857421875,14594127.0
2025-06-03,1775.0,1691.75390625,8952279.0
2025-06-04,1765.0,1682.222900390625,17930722.0
2025-06-05,1780.0,1696.5194091796875,4104641.0
2025-06-06,1845.0,1758.470947265625,22162751.0
2025-06-09,1850.0,1763.2364501953125,12510863.0
2025-06-10,1895.0,1806.1259765625,23720124.0
2025-06-11,1930.0,1839.4844970703125,25064844.0
2025-06-12,1925.0,1834.718994140625,16235985.0
2025-06-13,1985.0,1891.905029296875,37469994.0
2025-06-16,1945.0,1853.781005859375,11664256.0
2025-06-17,1965.0,1872.843017578125,10186830.0
2025-06-18,1970.0,1877.6085205078125,20539485.0
2025-06-19,1995.0,1901.4361572265625,7736483.0
2025-06-20,2000.0,1906.20166015625,41313399.0
2025-06-24,1920.0,1829.9534912109375,34036422.0
2025-06-25,1900.0,1810.8914794921875,16019508.0
2025-06-26,1880.0,1791.8294677734375,12965965.0
2025-06-27,1820.0,1734.6434326171875,19453795.0
2025-06-30,1820.0,1734.6434326171875,0.0
2025-07-01,1795.0,1710.81591796875,12641882.0
2025-07-02,1855.0,1768.001953125,10474713.0
2025-07-03,1820.0,1734.6434326171875,11210667.0
2025-07-04,1835.0,1748.93994140625,2169661.0
2025-07-07,1800.0,1715.5814208984375,14699819.0
2025-07-08,1845.0,1758.470947265625,13015151.0
2025-07-09,1805.0,1720.346923828125,15000006.0
2025-07-10,1810.0,1725.1124267578125,8182177.0
2025-07-11,1820.0,1734.6434326171875,17391676.0
2025-07-14,1795.0,1710.81591796875,27326362.0
2025-07-15,1795.0,1710.81591796875,8167648.0
2025-07-16,1795.0,1710.81591796875,25188417.0
2025-07-17,1790.0,1706.0504150390625,18975469.0
2025-07-18,1775.0,1691.75390625,13510896.0
2025-07-21,1795.0,1710.81591796875,9557245.0
2025-07-22,1780.0,1696.5194091796875,6280303.0
2025-07-23,1800.0,1715.5814208984375,7691758.0
2025-07-24,1755.0,1672.69189453125,14286923.0
2025-07-25,1765.0,1682.222900390625,6705531.0
2025-07-28,1795.0,1710.81591796875,17814512.0
2025-07-29,1805.0,1720.346923828125,9997563.0
2025-07-30,1775.0,1691.75390625,8656278.0
2025-07-31,1755.0,1672.69189453125,6452690.0
2025-08-01,1720.0,1639.3333740234375,17703513.0
2025-08-04,1720.0,1639.3333740234375,0.0
2025-08-05,1735.0,1653.6298828125,5684723.0
2025-08-06,1750.0,1667.9263916015625,12824633.0
2025-08-07,1750.0,1667.9263916015625,0.0
2025-08-08,1740.0,1658.3953857421875,15513990.0
2025-08-11,1725.0,1644.098876953125,748.0
2025-08-12,1725.0,1644.098876953125,7430512.0
2025-08-13,1755.0,1672.69189453125,13821733.0
2025-08-14,1770.0,1686.9884033203125,13691826.0
2025-08-15,1800.0,1715.5814208984375,11632096.0
2025-08-19,1805.0,1720.346923828125,27060822.0
2025-08-20,1805.0,1720.346923828125,13587474.0
2025-08-21,1805.0,1720.346923828125,14617813.0
2025-08-22,1850.0,1763.2364501953125,16750708.0
2025-08-25,1850.0,1763.2364501953125,9215725.0
2025-08-26,1840.0,1753.7054443359375,18809778.0
2025-08-27,1850.0,1763.2364501953125,6347502.0
2025-08-28,1880.0,1791.8294677734375,8132486.0
2025-08-29,1890.0,1801.3604736328125,6541200.0
2025-09-01,1885.0,1796.594970703125,1329622.0
2025-09-02,1885.0,1796.594970703125,0.0
2025-09-03,1805.0,1720.346923828125,12739464.0
2025-09-04,1815.0,1729.8779296875,6641582.0
2025-09-05,1800.0,1715.5814208984375,6705355.0
2025-09-08,1810.0,1725.1124267578125,6638944.0
2025-09-09,1820.0,1734.6434326171875,8369030.0
2025-09-10,1845.0,1758.470947265625,9467784.0
2025-09-11,1810.0,1725.1124267578125,5741612.0
2025-09-12,1790.0,1706.0504150390625,14373281.0
2025-09-15,1810.0,1725.1124267578125,4010434.0
2025-09-16,1815.0,1729.8779296875,2586373.0
2025-09-17,1805.0,1720.346923828125,5548160.0
2025-09-18,1760.0,1677.4573974609375,15158742.0
2025-09-19,1730.0,1648.8643798828125,19439275.0
2025-09-22,1740.0,1658.3953857421875,5789552.0
2025-09-23,1815.0,1729.8779296875,10934748.0
2025-09-24,1865.0,1777.532958984375,16344509.0
2025-09-25,1860.0,1772.7674560546875,6744924.0
2025-09-26,1845.0,1758.470947265625,5591379.0
2025-09-29,1800.0,1715.5814208984375,5781929.0
2025-09-30,1885.0,1796.594970703125,1329622.0
2025-10-01,1785.0,1701.284912109375,3781254.0
2025-10-02,1760.0,1677.4573974609375,17196333.0
2025-10-03,1775.0,1691.75390625,2862836.0
2025-10-06,1790.0,1706.0504150390625,4489950.0
2025-10-07,1760.0,1677.4573974609375,4938103.0
2025-10-08,1760.0,1677.4573974609375,5862519.0
2025-10-09,1755.0,1672.69189453125,4759757.0
2025-10-10,1730.0,1648.8643798828125,14675375.0
2025-10-14,1725.0,1644.098876953125,19304487.0
2025-10-15,1740.0,1658.3953857421875,9406431.0
2025-10-16,1725.0,1644.098876953125,10040809.0
2025-10-17,1740.0,1658.3953857421875,6298174.0
2025-10-20,1710.0,1629.8023681640625,9938686.0
2025-10-21,1685.0,1605.974853515625,11728233.0
2025-10-22,1720.0,1639.3333740234375,15778239.0
2025-10-23,1775.0,1691.75390625,9128441.0
2025-10-24,1770.0,1686.9884033203125,7973784.0
2025-10-27,1780.0,1696.5194091796875,6892168.0
2025-10-28,1805.0,1720.346923828125,11400668.0
2025-10-29,1810.0,1725.1124267578125,7774299.0
2025-10-30,1800.0,1715.5814208984375,8262977.0
2025-10-31,1780.0,1696.5194091796875,7245727.0
2025-11-04,1800.0,1715.5814208984375,7895806.0
2025-11-05,1830.0,1744.1744384765625,7751893.0
2025-11-06,1830.0,1744.1744384765625,13625023.0
2025-11-07,1865.0,1777.532958984375,15052886.0
2025-11-10,1860.0,1772.7674560546875,13478046.0
2025-11-11,1890.0,1801.3604736328125,16199484.0
2025-11-12,1880.0,1791.8294677734375,6685620.0
2025-11-13,1870.0,1782.2984619140625,9752243.0
2025-11-14,1950.0,1858.5465087890625,26794130.0
2025-11-18,1980.0,1887.1395263671875,12718659.0
2025-11-19,1945.0,1853.781005859375,15382037.0
2025-11-20,1900.0,1810.8914794921875,15976147.0
2025-11-21,1860.0,1772.7674560546875,12754829.0
2025-11-24,1815.0,1729.8779296875,14935664.0
2025-11-25,1845.0,1758.470947265625,23141203.0
2025-11-26,1845.0,1758.470947265625,18912032.0
2025-11-27,1865.0,1777.532958984375,1034889.0
2025-11-28,1880.0,1791.8294677734375,7019293.0
2025-12-01,1895.0,1806.1259765625,9487910.0
2025-12-02,1890.0,1801.3604736328125,8426480.0
2025-12-03,1800.0,1715.5814208984375,7895806.0
2025-12-04,1905.0,1815.656982421875,5084424.0
2025-12-05,1905.0,1815.656982421875,8608503.0
2025-12-09,1935.0,1844.25,6333614.0
2025-12-10,1895.0,1806.1259765625,10383207.0
2025-12-11,1865.0,1777.532958984375,10069244.0
2025-12-12,1865.0,1777.532958984375,4023869.0
2025-12-15,1845.0,1758.470947265625,3279105.0
2025-12-16,1800.0,1715.5814208984375,18821367.0
2025-12-17,1815.0,1729.8779296875,4913216.0
2025-12-18,1785.0,1701.284912109375,5477837.0
2025-12-19,1765.0,1682.222900390625,16535275.0
2025-12-22,1770.0,1686.9884033203125,6172153.0
2025-12-23,1800.0,1715.5814208984375,10114072.0
2025-12-24,1800.0,1715.5814208984375,2535156.0
2025-12-26,1800.0,1715.5814208984375,3687708.0
2025-12-29,1845.0,1758.470947265625,5404949.0
2025-12-30,1870.0,1782.2984619140625,9273452.0
2025-12-31,1870.0,1782.2984619140625,0.0
2026-01-02,1920.0,1829.9534912109375,18162718.0
2026-01-05,2020.0,1925.263671875,32326762.0
2026-01-06,2020.0,1925.263671875,49503750.0
2026-01-07,1965.0,1872.843017578125,16865223.0
2026-01-08,1995.0,1901.4361572265625,14465584.0
2026-01-09,2010.0,1915.732666015625,13980083.0
2026-01-13,2065.0,1968.1531982421875,19520792.0
2026-01-14,2125.0,2025.3392333984375,35481205.0
2026-01-15,2165.0,2063.463134765625,27999306.0
2026-01-16,2265.0,2158.773193359375,40565445.0
2026-01-19,2270.0,2163.538818359375,13149683.0
2026-01-20,2315.0,2206.428466796875,30208320.0
2026-01-21,2345.0,2235.021484375,37655167.0
2026-01-22,2200.0,2096.82177734375,32608607.0
2026-01-23,2275.0,2168.30419921875,17696743.0
2026-01-26,2350.0,2239.786865234375,19474997.0
2026-01-27,2355.0,2244.552490234375,40595529.0
2026-01-28,2340.0,2230.255859375,33060616.0
2026-01-29,2320.0,2211.19384765625,33141644.0
2026-01-30,2300.0,2192.1318359375,30194485.0
2026-02-02,2235.0,2130.18017578125,20824614.0
2026-02-03,2260.0,2154.0078125,26881236.0
2026-02-04,2225.0,2120.649169921875,38376331.0
2026-02-05,2170.0,2068.228759765625,16500796.0
2026-02-06,2240.0,2134.94580078125,14923038.0
2026-02-09,2250.0,2144.476806640625,25356422.0
2026-02-10,2215.0,2111.1181640625,26631637.0
2026-02-11,2230.0,2125.414794921875,15795153.0
2026-02-12,2185.0,2082.525146484375,15282556.0
2026-02-13,2190.0,2087.290771484375,6808892.0
2026-02-16,2235.0,2130.18017578125,4873524.0
2026-02-17,2175.0,2072.994140625,28234661.0
2026-02-18,2215.0,2111.1181640625,19195248.0
2026-02-19,2315.0,2206.428466796875,28487144.0
2026-02-20,2310.0,2201.662841796875,24356129.0
2026-02-23,2330.0,2220.724853515625,34174824.0
2026-02-24,2300.0,2192.1318359375,18609383.0
2026-02-25,2330.0,2220.724853515625,27295823.0
2026-02-26,2250.0,2144.476806640625,18910787.0
2026-02-27,2240.0,2134.94580078125,24613295.0
2026-03-02,2280.0,2173.06982421875,33105541.0
2026-03-03,2215.0,2111.1181640625,22509070.0
2026-03-04,2215.0,2111.1181640625,22509070.0
2026-03-05,2370.0,2258.848876953125,48627921.0
2026-03-06,2425.0,2311.26953125,45176352.0
2026-03-09,2390.0,2277.910888671875,45633557.0
2026-03-11,2500.0,2382.751953125,24699873.0
2026-03-12,2570.0,2449.468994140625,48742761.0
2026-03-13,2555.0,2435.172607421875,20203764.0
2026-03-16,2615.0,2492.358642578125,24488988.0
2026-03-17,2720.0,2592.43408203125,27083429.0
2026-03-18,2700.0,2573.3720703125,24508158.0
2026-03-19,2675.0,2549.544677734375,68504625.0
2026-03-20,2820.0,2687.744140625,105571194.0
2026-03-24,2685.0,2559.07568359375,13163461.0
2026-03-25,2745.0,2616.26171875,23937313.0
2026-03-26,2700.0,2573.3720703125,18840377.0
2026-03-27,2765.0,2635.32373046875,35924355.0
2026-03-30,2760.0,2630.55810546875,9906195.0
2026-03-31,2800.0,2668.68212890625,13522981.0
2026-04-01,2640.0,2516.18603515625,25228429.0
2026-04-02,2640.0,2516.18603515625,0.0
2026-04-03,2640.0,2516.18603515625,0.0
2026-04-06,2735.0,2606.730712890625,17764081.0
2026-04-07,2690.0,2563.841064453125,20028673.0
2026-04-08,2580.0,2459.0,32754171.0
2026-04-09,2555.0,2435.172607421875,18896838.0
2026-04-10,2555.0,2435.172607421875,18896838.0
2026-04-13,2555.0,2435.172607421875,0.0
2026-04-14,2555.0,2435.172607421875,0.0
2026-04-15,2370.0,2258.848876953125,13805937.0
2026-04-16,2470.0,2354.158935546875,32149364.0
2026-04-17,2435.0,2320.800537109375,42410630.0
2026-04-20,2435.0,2320.800537109375,18116545.0
2026-04-21,2530.0,2411.344970703125,21990909.0
2026-04-22,2550.0,2430.406982421875,19234485.0
2026-04-23,2580.0,2459.0,29356907.0
2026-04-24,2455.0,2455.0,11123116.0
2026-04-27,2370.0,2370.0,23785885.0
2026-04-28,2400.0,2400.0,17293611.0
2026-04-29,2500.0,2500.0,35831214.0
2026-04-30,2600.0,2600.0,30182854.0
2026-05-04,2620.0,2620.0,18233609.0
2026-05-05,2620.0,2620.0,0.0
2026-05-06,2475.0,2475.0,22960432.0
2026-05-07,2430.0,2430.0,26205934.0
2026-05-08,2350.0,2350.0,25958660.0
2026-05-11,2410.0,2410.0,16379805.0
2026-05-12,2465.0,2465.0,23570760.0
2026-05-13,2535.0,2535.0,34446802.0
2026-05-14,2485.0,2485.0,33853293.0
2026-05-15,2480.0,2480.0,24761299.0
2026-05-19,2640.0,2640.0,43920976.0
2026-05-20,2545.0,2545.0,42277401.0
2026-05-21,2575.0,2575.0,21791696.0
2026-05-22,2545.0,2545.0,22640950.0
2026-05-25,2535.0,2535.0,5555571.0
2026-05-26,2730.0,2730.0,67086408.0
2026-05-27,2715.0,2715.0,36136049.0
2026-05-28,2695.0,2695.0,35063550.0
2026-06-01,2870.0,2870.0,24066210.0
2026-06-02,2870.0,2870.0,24066210.0
2026-06-03,2800.0,2800.0,19327979.0
2026-06-04,2800.0,2800.0,28274108.0
2026-06-05,2620.0,2620.0,29381978.0
2026-06-08,2620.0,2620.0,0.0
2026-06-09,2835.0,2835.0,55541842.0
2026-06-10,2885.0,2885.0,43982499.0
2026-06-11,2835.0,2835.0,33614551.0
2026-06-16,2725.0,2725.0,45031731.0
2026-06-17,2725.0,2725.0,43338793.0
2026-06-18,2725.0,2725.0,0.0
2026-06-19,2725.0,2725.0,0.0
2026-06-22,2790.0,2790.0,103685107.0
2026-06-23,2655.0,2655.0,27675388.0
2026-06-24,2505.0,2505.0,72935359.0
2026-06-25,2500.0,2500.0,29325185.0
2026-06-26,2560.0,2560.0,52408561.0
2026-06-29,2560.0,2560.0,0.0
2026-06-30,2435.0,2435.0,22320212.0
2026-07-01,2440.0,2440.0,27562214.0
2026-07-02,2470.0,2470.0,21477157.0
2026-07-03,2550.0,2550.0,8997932.0
2026-07-06,2435.0,2435.0,14287783.0
2026-07-07,2430.0,2430.0,23531151.0
2026-07-08,2550.0,2550.0,22550321.0
2026-07-09,2535.0,2535.0,28961664.0
2026-07-10,2545.0,2545.0,30296450.0
2026-07-14,2630.0,2630.0,30970192.0
2026-07-15,2590.0,2590.0,22624785.0
2026-07-16,2575.0,2575.0,60953983.0
2026-07-17,2625.0,2625.0,39825714.0
2026-07-21,2650.0,2650.0,30950805.0
2026-07-22,2655.0,2655.0,16640752.0
2026-07-23,2605.0,2605.0,30336764.0
2026-07-24,2605.0,2605.0,0.0
2026-07-27,2525.0,2525.0,30229733.0
2026-07-28,2540.0,2540.0,27332265.0
2026-07-29,2620.0,2620.0,30235575.0
2026-07-30,2680.0,2680.0,18948217.0
2026-07-31,2675.0,2675.0,20783887.0
2026-08-03,2685.0,2685.0,16512606.0
2026-08-04,2630.0,2630.0,45539536.0
2026-08-05,2595.0,2595.0,31140989.0
2026-08-06,2770.0,2770.0,37219890.0
2026-08-07,2770.0,2770.0,0.0
2026-08-10,2680.0,2680.0,30951468.0
2026-08-11,2660.0,2660.0,25524095.0
2026-08-12,2655.0,2655.0,20139348.0
2026-08-13,2700.0,2700.0,28519367.0
2026-08-14,2695.0,2695.0,24592733.0
2026-08-18,2750.0,2750.0,11716752.0
2026-08-19,2720.0,2720.0,13382828.0
2026-08-20,2695.0,2695.0,17232526.0
2026-08-21,2650.0,2650.0,12725891.0
2026-08-24,2690.0,2690.0,17409723.0
2026-08-25,2605.0,2605.0,18610466.0
2026-08-26,2575.0,2575.0,17391659.0
2026-08-27,2630.0,2630.0,14622007.0
2026-08-28,2645.0,2645.0,13400095.0
2026-08-31,2660.0,2660.0,40276705.0
2026-09-01,2755.0,2755.0,34724269.0
2026-09-02,2765.0,2765.0,23048970.0
2026-09-03,2690.0,2690.0,18487102.0
2026-09-04,2700.0,2700.0,22438880.0
2026-09-07,2735.0,2735.0,2970543.0
2026-09-08,2770.0,2770.0,14419563.0
2026-09-09,2760.0,2760.0,20414749.0
2026-09-10,2790.0,2790.0,24232670.0
2026-09-11,2730.0,2730.0,12787273.0
2026-09-14,2765.0,2765.0,20191891.0
2026-09-15,2835.0,2835.0,29370858.0
2026-09-16,2730.0,2730.0,24366120.0
2026-09-17,2770.0,2770.0,25050637.0
2026-09-18,2805.0,2805.0,47195804.0
2026-09-21,2690.0,2690.0,21286349.0
2026-09-22,2710.0,2710.0,14296302.0
2026-09-23,2740.0,2740.0,14371850.0
2026-09-24,2740.0,2740.0,14459445.0
2026-09-25,2740.0,2740.0,10379191.0
