Date,close,adjclose,volume
2014-12-01,8880.0,5613.08349609375,0.0
2014-12-02,8620.0,5448.736328125,892728.0
2014-12-03,8746.6669921875,5528.80224609375,682842.0
2014-12-04,8866.6669921875,5604.6533203125,583854.0
2014-12-05,8873.3330078125,5608.869140625,697320.0
2014-12-08,9573.3330078125,6051.34130859375,0.0
2014-12-09,8926.6669921875,5642.58154296875,161061.0
2014-12-10,8926.6669921875,5642.58154296875,161061.0
2014-12-11,8573.3330078125,5419.2373046875,374298.0
2014-12-12,8233.3330078125,5204.32177734375,491172.0
2014-12-15,8213.3330078125,5191.67919921875,560850.0
2014-12-16,8213.3330078125,5191.67919921875,560850.0
2014-12-17,8320.0,5259.10400390625,175083.0
2014-12-18,8600.0,5436.09228515625,1067733.0
2014-12-19,8493.3330078125,5368.6689453125,1495350.0
2014-12-22,8493.3330078125,5368.6689453125,0.0
2014-12-23,9333.3330078125,5899.63525390625,396906.0
2014-12-24,9500.0,6004.986328125,2146284.0
2014-12-25,9546.6669921875,6034.484375,178425.0
2014-12-26,9546.6669921875,6034.484375,691176.0
2014-12-29,9546.6669921875,6034.484375,0.0
2014-12-30,9600.0,6068.19775390625,1225674.0
2014-12-31,9733.3330078125,6152.4765625,213036.0
2015-01-01,9733.3330078125,6152.4765625,0.0
2015-01-02,9600.0,6068.19775390625,447711.0
2015-01-05,9533.3330078125,6053.9609375,2523273.0
2015-01-06,9533.3330078125,6053.9609375,0.0
2015-01-07,9500.0,6032.7939453125,4111104.0
2015-01-08,9366.6669921875,5948.123046875,1574928.0
2015-01-09,9393.3330078125,5965.05810546875,3526608.0
2015-01-12,9600.0,6096.2978515625,0.0
2015-01-13,8833.3330078125,5609.4404296875,329844.0
2015-01-14,8833.3330078125,5609.4404296875,329844.0
2015-01-15,8480.0,5385.06298828125,164940.0
2015-01-16,8440.0,5359.66162109375,1033794.0
2015-01-19,8440.0,5359.66162109375,0.0
2015-01-20,8506.6669921875,5401.9970703125,1963752.0
2015-01-21,8513.3330078125,5406.22900390625,599079.0
2015-01-22,8600.0,5461.2646484375,1065921.0
2015-01-23,8833.3330078125,5609.4404296875,1060446.0
2015-01-26,9000.0,5715.2783203125,510975.0
2015-01-27,9000.0,5715.2783203125,510975.0
2015-01-28,9120.0,5791.48291015625,486432.0
2015-01-29,8840.0,5613.67236328125,493692.0
2015-01-30,8766.6669921875,5567.10595703125,225735.0
2015-02-02,8546.6669921875,5427.39794921875,612672.0
2015-02-03,8546.6669921875,5427.39794921875,612672.0
2015-02-04,8666.6669921875,5503.6025390625,1016103.0
2015-02-05,8720.0,5537.46923828125,303081.0
2015-02-06,8733.3330078125,5545.93701171875,234402.0
2015-02-09,8546.6669921875,5427.39794921875,322071.0
2015-02-10,8546.6669921875,5427.39794921875,322071.0
2015-02-11,8466.6669921875,5376.595703125,1516665.0
2015-02-12,8226.6669921875,5224.189453125,831039.0
2015-02-13,8100.0,5143.75146484375,518529.0
2015-02-16,8326.6669921875,5287.68994140625,68382.0
2015-02-17,8326.6669921875,5287.68994140625,68382.0
2015-02-18,8266.6669921875,5249.58935546875,106158.0
2015-02-19,8333.3330078125,5291.92431640625,167946.0
2015-02-20,8206.6669921875,5211.48681640625,29409.0
2015-02-23,8293.3330078125,5266.5234375,598098.0
2015-02-24,8293.3330078125,5266.5234375,598098.0
2015-02-25,8233.3330078125,5228.4208984375,95235.0
2015-02-26,8233.3330078125,5228.4208984375,322281.0
2015-02-27,8220.0,5219.9541015625,391152.0
2015-03-02,8266.6669921875,5249.58935546875,81207.0
2015-03-03,8266.6669921875,5249.58935546875,81207.0
2015-03-04,8233.3330078125,5228.4208984375,369303.0
2015-03-05,8220.0,5219.9541015625,309864.0
2015-03-06,8293.3330078125,5266.5234375,295083.0
2015-03-09,8000.0,5080.24755859375,565782.0
2015-03-10,8000.0,5080.24755859375,565782.0
2015-03-11,7806.66650390625,4957.47412109375,335316.0
2015-03-12,7540.0,4788.13330078125,304614.0
2015-03-13,7606.66650390625,4830.46875,432957.0
2015-03-16,7306.66650390625,4639.95947265625,287373.0
2015-03-17,8293.3330078125,5266.5234375,0.0
2015-03-18,8293.3330078125,5266.5234375,0.0
2015-03-19,7733.33349609375,4910.90576171875,1179270.0
2015-03-20,7700.0,4889.73828125,298140.0
2015-03-23,8293.3330078125,5266.5234375,0.0
2015-03-24,7666.66650390625,4868.57080078125,393192.0
2015-03-25,7666.66650390625,4868.57080078125,393192.0
2015-03-26,7700.0,4889.73828125,1044843.0
2015-03-27,7966.66650390625,5059.07958984375,425769.0
2015-03-30,8126.66650390625,5160.6845703125,58122.0
2015-03-31,8126.66650390625,5160.6845703125,58122.0
2015-04-01,8333.3330078125,5291.92431640625,267507.0
2015-04-02,8433.3330078125,5355.427734375,60798.0
2015-04-03,7666.66650390625,4868.57080078125,0.0
2015-04-06,8546.6669921875,5461.88671875,632760.0
2015-04-07,8546.6669921875,5461.88671875,632760.0
2015-04-08,8686.6669921875,5551.35400390625,828120.0
2015-04-09,8626.6669921875,5513.01220703125,226134.0
2015-04-10,8413.3330078125,5376.67626953125,310542.0
2015-04-13,8633.3330078125,5517.27099609375,569541.0
2015-04-14,8633.3330078125,5517.27099609375,569541.0
2015-04-15,8633.3330078125,5517.27099609375,478458.0
2015-04-16,8633.3330078125,5517.27099609375,108420.0
2015-04-17,8626.6669921875,5513.01220703125,257145.0
2015-04-20,8333.3330078125,5325.55078125,368478.0
2015-04-21,8333.3330078125,5325.55078125,368478.0
2015-04-22,8246.6669921875,5270.1650390625,317835.0
2015-04-23,8173.33349609375,5223.30078125,343794.0
2015-04-24,8300.0,5304.25,569928.0
2015-04-27,8533.3330078125,5453.36474609375,599370.0
2015-04-28,8533.3330078125,5453.36474609375,599370.0
2015-04-29,8786.6669921875,5615.2626953125,1559466.0
2015-04-30,8640.0,5521.53271484375,256800.0
2015-05-01,8520.0,5444.8447265625,621630.0
2015-05-04,8520.0,5444.8447265625,0.0
2015-05-05,8646.6669921875,5525.79345703125,182886.0
2015-05-06,8733.3330078125,5581.17919921875,214368.0
2015-05-07,8666.6669921875,5538.57421875,424449.0
2015-05-08,8366.6669921875,5346.8544921875,136593.0
2015-05-11,8173.33349609375,5223.30078125,96129.0
2015-05-12,8173.33349609375,5223.30078125,96129.0
2015-05-13,8200.0,5240.34228515625,118656.0
2015-05-14,8073.33349609375,5159.39453125,104193.0
2015-05-15,8046.66650390625,5142.35302734375,114048.0
2015-05-18,8173.33349609375,5223.30078125,0.0
2015-05-19,7993.33349609375,5108.26904296875,874737.0
2015-05-20,7993.33349609375,5108.26904296875,874737.0
2015-05-21,7733.33349609375,4942.1123046875,963675.0
2015-05-22,7760.0,4959.154296875,320931.0
2015-05-25,7713.33349609375,4929.3310546875,17382.0
2015-05-26,7713.33349609375,4929.3310546875,0.0
2015-05-27,7586.66650390625,4848.38232421875,346221.0
2015-05-28,7566.66650390625,4835.6005859375,391875.0
2015-05-29,7546.66650390625,4822.81982421875,543201.0
2015-06-01,7500.0,4792.9970703125,318681.0
2015-06-02,7500.0,4792.9970703125,318681.0
2015-06-03,7620.0,4869.68505859375,1385346.0
2015-06-04,7633.33349609375,4878.20556640625,252273.0
2015-06-05,7626.66650390625,4873.9453125,196548.0
2015-06-08,7500.0,4792.9970703125,0.0
2015-06-09,7666.66650390625,4899.5087890625,383481.0
2015-06-10,7666.66650390625,4899.5087890625,383481.0
2015-06-11,7640.0,4882.466796875,816672.0
2015-06-12,7640.0,4882.466796875,772218.0
2015-06-15,7666.66650390625,4899.5087890625,0.0
2015-06-16,7553.33349609375,4827.08154296875,606294.0
2015-06-17,7553.33349609375,4827.08154296875,606294.0
2015-06-18,7486.66650390625,4784.4765625,165579.0
2015-06-19,7240.0,4626.84033203125,410856.0
2015-06-22,7666.66650390625,4899.5087890625,0.0
2015-06-23,7193.33349609375,4597.017578125,241062.0
2015-06-24,7400.0,4729.08984375,434262.0
2015-06-25,7353.33349609375,4699.26708984375,190662.0
2015-06-26,7333.33349609375,4686.48681640625,415164.0
2015-06-29,7666.66650390625,4899.5087890625,0.0
2015-06-30,7573.33349609375,4839.8623046875,703041.0
2015-07-01,7573.33349609375,4839.8623046875,703041.0
2015-07-02,7600.0,4888.14892578125,688101.0
2015-07-03,7666.66650390625,4931.02880859375,199578.0
2015-07-06,7500.0,4823.8310546875,189381.0
2015-07-07,7500.0,4823.8310546875,189381.0
2015-07-08,7380.0,4746.6513671875,918522.0
2015-07-09,7260.0,4669.46923828125,647082.0
2015-07-10,7266.66650390625,4673.75634765625,724089.0
2015-07-13,7333.33349609375,4716.6357421875,546858.0
2015-07-14,7333.33349609375,4716.6357421875,546858.0
2015-07-15,7426.66650390625,4776.6650390625,158253.0
2015-07-16,7600.0,4888.14892578125,698946.0
2015-07-17,7533.33349609375,4845.27197265625,206985.0
2015-07-20,7380.0,4746.6513671875,0.0
2015-07-21,7193.33349609375,4626.59130859375,889971.0
2015-07-22,7193.33349609375,4626.59130859375,889971.0
2015-07-23,7480.0,4810.96728515625,553017.0
2015-07-24,7400.0,4759.5126953125,173466.0
2015-07-27,7306.66650390625,4699.484375,507315.0
2015-07-28,7306.66650390625,4699.484375,507315.0
2015-07-29,7326.66650390625,4712.34765625,771333.0
2015-07-30,7600.0,4888.14892578125,1202268.0
2015-07-31,7200.0,4630.87939453125,3336408.0
2015-08-03,6300.0,4052.01806640625,3305715.0
2015-08-04,6300.0,4052.01806640625,3305715.0
2015-08-05,6320.0,4064.88134765625,1198806.0
2015-08-06,6500.0,4180.654296875,919917.0
2015-08-07,6500.0,4180.654296875,512649.0
2015-08-10,6800.0,4373.607421875,999198.0
2015-08-11,6800.0,4373.607421875,999198.0
2015-08-12,6633.33349609375,4266.41162109375,489921.0
2015-08-13,6700.0,4309.2900390625,444618.0
2015-08-14,6726.66650390625,4326.44140625,618231.0
2015-08-17,6713.33349609375,4317.8662109375,0.0
2015-08-18,6520.0,4193.51708984375,282876.0
2015-08-19,6520.0,4193.51708984375,282876.0
2015-08-20,6200.0,3987.701416015625,327717.0
2015-08-21,5953.33349609375,3829.05078125,376995.0
2015-08-24,5100.0,3280.20556640625,1944021.0
2015-08-25,5100.0,3280.20556640625,1944021.0
2015-08-26,5033.33349609375,3237.327392578125,1113810.0
2015-08-27,4840.0,3112.979736328125,1077507.0
2015-08-28,5000.0,3215.887939453125,1938084.0
2015-08-31,5593.33349609375,3597.506591796875,1520337.0
2015-09-01,5593.33349609375,3597.506591796875,1520337.0
2015-09-02,5466.66650390625,3516.03662109375,833172.0
2015-09-03,5306.66650390625,3413.128662109375,1600347.0
2015-09-04,5500.0,3537.4765625,1217805.0
2015-09-07,5566.66650390625,3580.354248046875,374367.0
2015-09-08,5566.66650390625,3580.354248046875,374367.0
2015-09-09,5446.66650390625,3503.174072265625,402948.0
2015-09-10,5533.33349609375,3558.916015625,426027.0
2015-09-11,5366.66650390625,3451.719482421875,1362555.0
2015-09-14,5366.66650390625,3451.719482421875,272934.0
2015-09-15,5366.66650390625,3451.719482421875,272934.0
2015-09-16,5366.66650390625,3451.719482421875,620160.0
2015-09-17,5333.33349609375,3430.280517578125,2833323.0
2015-09-18,5386.66650390625,3464.5830078125,629571.0
2015-09-21,5200.0,3344.524169921875,461055.0
2015-09-22,5200.0,3344.524169921875,461055.0
2015-09-23,5033.33349609375,3237.327392578125,497721.0
2015-09-24,4900.0,3151.570068359375,1057617.0
2015-09-25,4740.0,3048.661376953125,387270.0
2015-09-28,4340.0,2791.39013671875,371868.0
2015-09-29,4340.0,2791.39013671875,371868.0
2015-09-30,4366.66650390625,2808.5419921875,514629.0
2015-10-01,4420.0,2842.84423828125,1339995.0
2015-10-02,4300.0,2796.290283203125,1365540.0
2015-10-05,4320.0,2809.29541015625,1091643.0
2015-10-06,4320.0,2809.29541015625,1091643.0
2015-10-07,4646.66650390625,3021.727294921875,1481448.0
2015-10-08,4993.33349609375,3247.164794921875,4058094.0
2015-10-09,4973.33349609375,3234.158935546875,2090736.0
2015-10-12,5000.0,3251.499755859375,0.0
2015-10-13,4980.0,3238.493896484375,853644.0
2015-10-14,4980.0,3238.493896484375,853644.0
2015-10-15,4900.0,3186.4697265625,411864.0
2015-10-16,4693.33349609375,3052.074951171875,436665.0
2015-10-19,4833.33349609375,3143.116455078125,971847.0
2015-10-20,4833.33349609375,3143.116455078125,971847.0
2015-10-21,4793.33349609375,3117.10400390625,1255437.0
2015-10-22,4693.33349609375,3052.074951171875,1443744.0
2015-10-23,4766.66650390625,3099.761962890625,1009830.0
2015-10-26,4533.33349609375,2948.0263671875,671610.0
2015-10-27,4533.33349609375,2948.0263671875,671610.0
2015-10-28,4493.33349609375,2922.01416015625,1226964.0
2015-10-29,4526.66650390625,2943.68994140625,2759553.0
2015-10-30,4473.33349609375,2909.008544921875,716178.0
2015-11-02,4353.33349609375,2830.97314453125,0.0
2015-11-03,4366.66650390625,2839.643310546875,1589838.0
2015-11-04,4366.66650390625,2839.643310546875,1589838.0
2015-11-05,4353.33349609375,2830.97314453125,1395714.0
2015-11-06,4380.0,2848.313720703125,867510.0
2015-11-09,4280.0,2783.28369140625,615255.0
2015-11-10,4280.0,2783.28369140625,615255.0
2015-11-11,4233.33349609375,2752.9365234375,1107168.0
2015-11-12,4260.0,2770.277587890625,538089.0
2015-11-13,4120.0,2679.236083984375,1348479.0
2015-11-16,3713.333251953125,2414.780517578125,0.0
2015-11-17,3500.0,2276.050048828125,3050964.0
2015-11-18,3500.0,2276.050048828125,3050964.0
2015-11-19,3753.333251953125,2440.792236328125,733242.0
2015-11-20,3533.333251953125,2297.7265625,3587967.0
2015-11-23,3586.666748046875,2332.409423828125,1967316.0
2015-11-24,3586.666748046875,2332.409423828125,1967316.0
2015-11-25,3520.0,2289.0556640625,2691048.0
2015-11-26,3366.666748046875,2189.343505859375,3906099.0
2015-11-27,3420.0,2224.025634765625,404145.0
2015-11-30,3500.0,2276.050048828125,48135348.0
2015-12-01,3500.0,2276.050048828125,48135348.0
2015-12-02,3673.333251953125,2388.7685546875,4282749.0
2015-12-03,3680.0,2393.10400390625,5944431.0
2015-12-04,3933.333251953125,2557.845947265625,4202580.0
2015-12-07,3933.333251953125,2557.845947265625,972585.0
2015-12-08,3933.333251953125,2557.845947265625,972585.0
2015-12-09,4166.66650390625,2709.58251953125,4550583.0
2015-12-10,4166.66650390625,2709.58251953125,4550583.0
2015-12-11,4413.33349609375,2869.990966796875,6684123.0
2015-12-14,4500.0,2926.349853515625,4691640.0
2015-12-15,4500.0,2926.349853515625,4691640.0
2015-12-16,4506.66650390625,2930.6845703125,1825182.0
2015-12-17,4540.0,2952.361328125,2583609.0
2015-12-18,4253.33349609375,2765.94287109375,2620458.0
2015-12-21,4233.33349609375,2752.9365234375,224232.0
2015-12-22,4233.33349609375,2752.9365234375,224232.0
2015-12-23,4246.66650390625,2761.607666015625,1880808.0
2015-12-24,4386.66650390625,2852.6484375,1948113.0
2015-12-25,4366.66650390625,2839.643310546875,686541.0
2015-12-28,4400.0,2861.3193359375,483753.0
2015-12-29,4400.0,2861.3193359375,483753.0
2015-12-30,4400.0,2861.3193359375,251793.0
2015-12-31,4500.0,2926.349853515625,208332.0
2016-01-01,4500.0,2926.349853515625,0.0
2016-01-04,4333.33349609375,2817.96728515625,84504.0
2016-01-05,4333.33349609375,2849.80322265625,84504.0
2016-01-06,4326.66650390625,2845.41845703125,2095962.0
2016-01-07,4253.33349609375,2797.191162109375,656592.0
2016-01-08,4200.0,2762.11669921875,507501.0
2016-01-11,4200.0,2762.11669921875,0.0
2016-01-12,4100.0,2696.351806640625,422400.0
2016-01-13,4100.0,2696.351806640625,422400.0
2016-01-14,4206.66650390625,2766.5009765625,357024.0
2016-01-15,4260.0,2801.57568359375,266439.0
2016-01-18,4266.66650390625,2805.959716796875,491550.0
2016-01-19,4266.66650390625,2805.959716796875,491550.0
2016-01-20,4353.33349609375,2862.95654296875,2965347.0
2016-01-21,4353.33349609375,2862.95654296875,3975444.0
2016-01-22,4473.33349609375,2941.8740234375,978954.0
2016-01-25,4506.66650390625,2963.79541015625,430926.0
2016-01-26,4506.66650390625,2963.79541015625,430926.0
2016-01-27,4500.0,2959.41064453125,677157.0
2016-01-28,4506.66650390625,2963.79541015625,3028959.0
2016-01-29,4533.33349609375,2981.33251953125,1226640.0
2016-02-01,4600.0,3025.17529296875,777879.0
2016-02-02,4600.0,3025.17529296875,777879.0
2016-02-03,4560.0,2998.8701171875,441327.0
2016-02-04,4506.66650390625,2963.79541015625,420258.0
2016-02-05,4533.33349609375,2981.33251953125,597288.0
2016-02-08,4560.0,2998.8701171875,43617.0
2016-02-09,4560.0,2998.8701171875,43617.0
2016-02-10,4566.66650390625,3003.254150390625,412008.0
2016-02-11,4540.0,2985.71630859375,836265.0
2016-02-12,4513.33349609375,2968.179443359375,1165680.0
2016-02-15,4446.66650390625,2924.335693359375,578445.0
2016-02-16,4446.66650390625,2924.335693359375,578445.0
2016-02-17,4453.33349609375,2928.720947265625,1841991.0
2016-02-18,4506.66650390625,2963.79541015625,796167.0
2016-02-19,4586.66650390625,3016.406982421875,2879661.0
2016-02-22,4566.66650390625,3003.254150390625,663441.0
2016-02-23,4566.66650390625,3003.254150390625,663441.0
2016-02-24,4540.0,2985.71630859375,633978.0
2016-02-25,4506.66650390625,2963.79541015625,629757.0
2016-02-26,4700.0,3090.940185546875,6683028.0
2016-02-29,4733.33349609375,3112.862060546875,1084353.0
2016-03-01,4733.33349609375,3112.862060546875,1084353.0
2016-03-02,4813.33349609375,3165.473876953125,6087441.0
2016-03-03,4966.66650390625,3266.313232421875,10159191.0
2016-03-04,5020.0,3301.38720703125,2649882.0
2016-03-07,5026.66650390625,3305.771240234375,2570691.0
2016-03-08,5026.66650390625,3305.771240234375,2570691.0
2016-03-09,5026.66650390625,3305.771240234375,1978764.0
2016-03-10,4993.33349609375,3283.8505859375,1165308.0
2016-03-11,5026.66650390625,3305.771240234375,1434471.0
2016-03-14,5233.33349609375,3441.685302734375,1229505.0
2016-03-15,5233.33349609375,3441.685302734375,1229505.0
2016-03-16,5146.66650390625,3384.688232421875,1769631.0
2016-03-17,5173.33349609375,3402.2265625,3619524.0
2016-03-18,5366.66650390625,3529.370849609375,7248813.0
2016-03-21,5366.66650390625,3529.370849609375,0.0
2016-03-22,5100.0,3353.998779296875,2500161.0
2016-03-23,5100.0,3353.998779296875,2500161.0
2016-03-24,4900.0,3222.4697265625,2972058.0
2016-03-25,4900.0,3222.4697265625,0.0
2016-03-28,4900.0,3222.4697265625,0.0
2016-03-29,5100.0,3353.998779296875,2582316.0
2016-03-30,5100.0,3353.998779296875,2582316.0
2016-03-31,5226.66650390625,3437.30078125,1623183.0
2016-04-01,5226.66650390625,3437.30078125,1177128.0
2016-04-04,5253.33349609375,3492.463623046875,629280.0
2016-04-05,5253.33349609375,3492.463623046875,629280.0
2016-04-06,5180.0,3443.710693359375,196089.0
2016-04-07,5120.0,3403.822021484375,1594401.0
2016-04-08,5033.33349609375,3346.20556640625,1109529.0
2016-04-11,5060.0,3363.933837890625,1716399.0
2016-04-12,5060.0,3363.933837890625,1716399.0
2016-04-13,5166.66650390625,3434.8466796875,1965396.0
2016-04-14,5333.33349609375,3545.648193359375,2884278.0
2016-04-15,5433.33349609375,3612.12939453125,2767083.0
2016-04-18,5440.0,3616.5615234375,1001988.0
2016-04-19,5440.0,3616.5615234375,1001988.0
2016-04-20,5393.33349609375,3585.537353515625,770979.0
2016-04-21,5386.66650390625,3581.10498046875,2100774.0
2016-04-22,5366.66650390625,3567.807861328125,2680641.0
2016-04-25,5460.0,3629.857421875,1649763.0
2016-04-26,5460.0,3629.857421875,1649763.0
2016-04-27,5526.66650390625,3674.17919921875,2149167.0
2016-04-28,5620.0,3736.22705078125,1060410.0
2016-04-29,5566.66650390625,3700.77001953125,2261316.0
2016-05-02,5446.66650390625,3620.994140625,801573.0
2016-05-03,5446.66650390625,3620.994140625,801573.0
2016-05-04,5260.0,3496.89599609375,2978631.0
2016-05-05,5166.66650390625,3434.8466796875,2603667.0
2016-05-06,5100.0,3390.52587890625,1104321.0
2016-05-09,5200.0,3457.0078125,0.0
2016-05-10,5300.0,3523.488525390625,5294340.0
2016-05-11,5300.0,3523.488525390625,5294340.0
2016-05-12,5273.33349609375,3505.759765625,2036430.0
2016-05-13,5300.0,3523.488525390625,2083905.0
2016-05-16,5260.0,3496.89599609375,3003945.0
2016-05-17,5260.0,3496.89599609375,3003945.0
2016-05-18,5186.66650390625,3448.142578125,540705.0
2016-05-19,5140.0,3417.11865234375,662745.0
2016-05-20,5066.66650390625,3368.365234375,2374554.0
2016-05-23,5086.66650390625,3381.662353515625,1921248.0
2016-05-24,5086.66650390625,3381.662353515625,1921248.0
2016-05-25,5060.0,3363.933837890625,1823547.0
2016-05-26,5053.33349609375,3359.501220703125,3699390.0
2016-05-27,5040.0,3350.63720703125,1900596.0
2016-05-30,5106.66650390625,3394.95849609375,0.0
2016-05-31,5066.66650390625,3368.365234375,1897284.0
2016-06-01,5066.66650390625,3368.365234375,1897284.0
2016-06-02,5066.66650390625,3368.365234375,3379359.0
2016-06-03,5013.33349609375,3332.9091796875,4275054.0
2016-06-06,5000.0,3324.04541015625,0.0
2016-06-07,5020.0,3337.34130859375,2306175.0
2016-06-08,5020.0,3337.34130859375,2306175.0
2016-06-09,5093.33349609375,3386.094970703125,1439307.0
2016-06-10,5100.0,3390.52587890625,3210000.0
2016-06-13,4953.33349609375,3293.020751953125,1055655.0
2016-06-14,4953.33349609375,3293.020751953125,0.0
2016-06-15,4826.66650390625,3208.81103515625,1339956.0
2016-06-16,4760.0,3164.4912109375,1989816.0
2016-06-17,4820.0,3204.379638671875,770928.0
2016-06-20,5020.0,3337.34130859375,8462058.0
2016-06-21,5020.0,3337.34130859375,8462058.0
2016-06-22,4933.33349609375,3279.724365234375,4639143.0
2016-06-23,4900.0,3257.564453125,2351814.0
2016-06-24,4926.66650390625,3275.292236328125,1555305.0
2016-06-27,4746.66650390625,3155.62744140625,347814.0
2016-06-28,4746.66650390625,3155.62744140625,347814.0
2016-06-29,4786.66650390625,3182.219482421875,1393464.0
2016-06-30,4800.0,3191.08349609375,2159682.0
2016-07-01,4733.33349609375,3146.76318359375,1726122.0
2016-07-04,4766.66650390625,3168.923095703125,0.0
2016-07-05,4666.66650390625,3139.52978515625,994476.0
2016-07-06,4666.66650390625,3139.52978515625,994476.0
2016-07-07,4606.66650390625,3099.1640625,4307418.0
2016-07-08,4620.0,3108.134033203125,4434372.0
2016-07-11,4653.33349609375,3130.558837890625,2599392.0
2016-07-12,4653.33349609375,3130.558837890625,2599392.0
2016-07-13,4666.66650390625,3139.52978515625,4608828.0
2016-07-14,4693.33349609375,3157.469970703125,6800319.0
2016-07-15,4786.66650390625,3220.260498046875,3756756.0
2016-07-18,4820.0,3242.68505859375,3942867.0
2016-07-19,4820.0,3242.68505859375,3942867.0
2016-07-20,4833.33349609375,3251.65625,28910982.0
2016-07-21,4833.33349609375,3251.65625,7374099.0
2016-07-22,4833.33349609375,3251.65625,7374099.0
2016-07-25,4826.66650390625,3247.170166015625,947196.0
2016-07-26,4826.66650390625,3247.170166015625,947196.0
2016-07-27,4700.0,3161.954345703125,2301387.0
2016-07-28,4780.0,3215.77490234375,2026269.0
2016-07-29,4660.0,3135.043701171875,1215684.0
2016-08-01,4666.66650390625,3139.52978515625,406611.0
2016-08-02,4666.66650390625,3139.52978515625,406611.0
2016-08-03,4633.33349609375,3117.10400390625,3054549.0
2016-08-04,4660.0,3135.043701171875,1543422.0
2016-08-05,4673.33349609375,3144.01416015625,495975.0
2016-08-08,4720.0,3175.409912109375,385488.0
2016-08-09,4720.0,3175.409912109375,385488.0
2016-08-10,4726.66650390625,3179.894287109375,2610444.0
2016-08-11,4713.33349609375,3170.924560546875,316266.0
2016-08-12,4666.66650390625,3139.52978515625,2762187.0
2016-08-15,4606.66650390625,3099.1640625,0.0
2016-08-16,4660.0,3135.043701171875,1129146.0
2016-08-17,4660.0,3135.043701171875,1129146.0
2016-08-18,4660.0,3135.043701171875,817431.0
2016-08-19,4653.33349609375,3130.558837890625,1145778.0
2016-08-22,4620.0,3108.134033203125,523860.0
2016-08-23,4620.0,3108.134033203125,523860.0
2016-08-24,4640.0,3121.588623046875,1025556.0
2016-08-25,4653.33349609375,3130.558837890625,985986.0
2016-08-26,4700.0,3161.954345703125,1810377.0
2016-08-29,4666.66650390625,3139.52978515625,316440.0
2016-08-30,4666.66650390625,3139.52978515625,316440.0
2016-08-31,4766.66650390625,3206.8046875,4391967.0
2016-09-01,4866.66650390625,3274.080810546875,3513096.0
2016-09-02,4840.0,3256.14111328125,1103943.0
2016-09-05,4946.66650390625,3327.9013671875,1800816.0
2016-09-06,4946.66650390625,3327.9013671875,1800816.0
2016-09-07,4960.0,3336.87109375,1454106.0
2016-09-08,4986.66650390625,3354.811279296875,1972008.0
2016-09-09,4980.0,3350.326416015625,3085035.0
2016-09-12,4866.66650390625,3274.080810546875,2603919.0
2016-09-13,4866.66650390625,3274.080810546875,2603919.0
2016-09-14,4853.33349609375,3265.110595703125,6476739.0
2016-09-15,4900.0,3296.505859375,3813114.0
2016-09-16,4953.33349609375,3332.38623046875,925968.0
2016-09-19,5033.33349609375,3386.206298828125,1372209.0
2016-09-20,5033.33349609375,3386.206298828125,1372209.0
2016-09-21,4893.33349609375,3292.021240234375,2583384.0
2016-09-22,4946.66650390625,3327.9013671875,1157496.0
2016-09-23,4946.66650390625,3327.9013671875,7023351.0
2016-09-26,4966.66650390625,3341.35693359375,903483.0
2016-09-27,4966.66650390625,3341.35693359375,903483.0
2016-09-28,4933.33349609375,3318.93115234375,218463.0
2016-09-29,4946.66650390625,3327.9013671875,1054179.0
2016-09-30,4940.0,3323.416015625,6617916.0
2016-10-03,4893.33349609375,3292.021240234375,506307.0
2016-10-04,4893.33349609375,3330.343994140625,506307.0
2016-10-05,4913.33349609375,3343.955078125,678711.0
2016-10-06,4893.33349609375,3330.343994140625,808293.0
2016-10-07,4886.66650390625,3325.8056640625,2636475.0
2016-10-10,4886.66650390625,3325.8056640625,399540.0
2016-10-11,4886.66650390625,3325.8056640625,399540.0
2016-10-12,4853.33349609375,3303.11962890625,2182443.0
2016-10-13,4880.0,3321.268310546875,848982.0
2016-10-14,4806.66650390625,3271.359130859375,1179513.0
2016-10-17,4820.0,3280.433349609375,0.0
2016-10-18,4833.33349609375,3289.5087890625,15514692.0
2016-10-19,4833.33349609375,3289.5087890625,15514692.0
2016-10-20,4906.66650390625,3339.417724609375,3414165.0
2016-10-21,4966.66650390625,3380.253173828125,1356471.0
2016-10-24,4980.0,3389.327392578125,5381907.0
2016-10-25,4980.0,3389.327392578125,5381907.0
2016-10-26,4980.0,3389.327392578125,1534227.0
2016-10-27,4960.0,3375.716064453125,928398.0
2016-10-28,4993.33349609375,3398.401611328125,841995.0
2016-10-31,5000.0,3402.939697265625,2252271.0
2016-11-01,5000.0,3402.939697265625,2252271.0
2016-11-02,5053.33349609375,3439.2373046875,1966233.0
2016-11-03,5033.33349609375,3425.62548828125,623541.0
2016-11-04,4933.33349609375,3357.56689453125,1984188.0
2016-11-07,4960.0,3375.716064453125,0.0
2016-11-08,4986.66650390625,3393.8642578125,277023.0
2016-11-09,4986.66650390625,3393.8642578125,277023.0
2016-11-10,4926.66650390625,3353.029296875,1722627.0
2016-11-11,4840.0,3294.045166015625,2964462.0
2016-11-14,4673.33349609375,3180.6142578125,0.0
2016-11-15,4793.33349609375,3262.284423828125,2233968.0
2016-11-16,4793.33349609375,3262.284423828125,860049.0
2016-11-17,4766.66650390625,3244.135498046875,1141440.0
2016-11-18,4800.0,3266.821533203125,157332.0
2016-11-21,4793.33349609375,3262.284423828125,424968.0
2016-11-22,4733.33349609375,3221.44873046875,1603407.0
2016-11-23,4786.66650390625,3257.747314453125,2513610.0
2016-11-24,4793.33349609375,3262.284423828125,585366.0
2016-11-25,4760.0,3239.5986328125,375564.0
2016-11-28,4760.0,3239.5986328125,277896.0
2016-11-29,4673.33349609375,3180.6142578125,878061.0
2016-11-30,4766.66650390625,3244.135498046875,4981773.0
2016-12-01,4760.0,3239.5986328125,885147.0
2016-12-02,4846.66650390625,3298.5830078125,938085.0
2016-12-05,4846.66650390625,3298.5830078125,1538340.0
2016-12-06,4886.66650390625,3325.8056640625,827523.0
2016-12-07,4893.33349609375,3330.343994140625,1399320.0
2016-12-08,4893.33349609375,3330.343994140625,0.0
2016-12-09,4866.66650390625,3312.194091796875,1884948.0
2016-12-12,4853.33349609375,3303.11962890625,284013.0
2016-12-13,4893.33349609375,3330.343994140625,446664.0
2016-12-14,4846.66650390625,3298.5830078125,546945.0
2016-12-15,4846.66650390625,3298.5830078125,660843.0
2016-12-16,4880.0,3321.268310546875,1883466.0
2016-12-19,4900.0,3334.880615234375,970635.0
2016-12-20,4940.0,3362.10498046875,779343.0
2016-12-21,4940.0,3362.10498046875,933825.0
2016-12-22,4953.33349609375,3371.1787109375,2435751.0
2016-12-23,4986.66650390625,3393.8642578125,562803.0
2016-12-26,4986.66650390625,3393.8642578125,593100.0
2016-12-27,5000.0,3402.939697265625,263160.0
2016-12-28,5026.66650390625,3421.08935546875,400053.0
2016-12-29,4966.66650390625,3380.253173828125,372033.0
2016-12-30,4966.66650390625,3380.253173828125,0.0
2017-01-02,5000.0,3402.939697265625,123222.0
2017-01-03,5033.33349609375,3464.64404296875,775563.0
2017-01-04,5060.0,3482.9990234375,788223.0
2017-01-05,5066.66650390625,3487.5888671875,653160.0
2017-01-06,5013.33349609375,3450.876708984375,157827.0
2017-01-09,5013.33349609375,3450.876708984375,0.0
2017-01-10,4973.33349609375,3423.3427734375,984780.0
2017-01-11,4973.33349609375,3423.3427734375,3495342.0
2017-01-12,4973.33349609375,3423.3427734375,1163376.0
2017-01-13,4953.33349609375,3409.576904296875,477816.0
2017-01-16,4980.0,3427.931884765625,111105.0
2017-01-17,4960.0,3414.165283203125,378921.0
2017-01-18,4933.33349609375,3395.809326171875,831030.0
2017-01-19,4913.33349609375,3382.04248046875,1398222.0
2017-01-20,4873.33349609375,3354.509765625,908193.0
2017-01-23,4906.66650390625,3377.4541015625,717114.0
2017-01-24,5020.0,3455.466064453125,4088901.0
2017-01-25,5020.0,3455.466064453125,5711946.0
2017-01-26,5133.33349609375,3533.47705078125,2537964.0
2017-01-27,5193.33349609375,3574.77734375,2732655.0
2017-01-30,5200.0,3579.366455078125,1901106.0
2017-01-31,5200.0,3579.366455078125,3390369.0
2017-02-01,5173.33349609375,3561.0107421875,1183164.0
2017-02-02,5180.0,3565.599853515625,1785807.0
2017-02-03,5206.66650390625,3583.955322265625,1327470.0
2017-02-06,5226.66650390625,3597.722412109375,1702284.0
2017-02-07,5253.33349609375,3616.077880859375,2842254.0
2017-02-08,5246.66650390625,3611.48974609375,1190814.0
2017-02-09,5293.33349609375,3643.612060546875,4685316.0
2017-02-10,5246.66650390625,3611.48974609375,2057517.0
2017-02-13,5286.66650390625,3639.02294921875,1325259.0
2017-02-14,5200.0,3579.366455078125,1775697.0
2017-02-15,5233.33349609375,3602.311279296875,1048467.0
2017-02-16,5280.0,3634.43310546875,2542881.0
2017-02-17,5260.0,3620.666259765625,1258524.0
2017-02-20,5260.0,3620.666259765625,393453.0
2017-02-21,5266.66650390625,3625.255859375,1289937.0
2017-02-22,5240.0,3606.901123046875,2418876.0
2017-02-23,5306.66650390625,3652.789794921875,2924727.0
2017-02-24,5300.0,3648.200927734375,4255782.0
2017-02-27,5233.33349609375,3602.311279296875,1684128.0
2017-02-28,5180.0,3565.599853515625,5621970.0
2017-03-01,5146.66650390625,3542.655517578125,1743318.0
2017-03-02,5120.0,3524.298828125,2102430.0
2017-03-03,5133.33349609375,3533.47705078125,466521.0
2017-03-06,5160.0,3551.8330078125,167295.0
2017-03-07,5166.66650390625,3556.42138671875,1476084.0
2017-03-08,5073.33349609375,3492.176025390625,1092690.0
2017-03-09,5066.66650390625,3487.5888671875,1997505.0
2017-03-10,5106.66650390625,3515.121826171875,2785047.0
2017-03-13,5106.66650390625,3515.121826171875,829335.0
2017-03-14,5006.66650390625,3446.287109375,3898509.0
2017-03-15,5033.33349609375,3464.64404296875,830901.0
2017-03-16,5046.66650390625,3473.820556640625,2057832.0
2017-03-17,5046.66650390625,3473.820556640625,10982748.0
2017-03-20,5046.66650390625,3473.820556640625,0.0
2017-03-21,5046.66650390625,3473.820556640625,5445816.0
2017-03-22,5066.66650390625,3487.5888671875,4516371.0
2017-03-23,5100.0,3510.531982421875,4299852.0
2017-03-24,5093.33349609375,3505.943603515625,3550818.0
2017-03-27,5066.66650390625,3487.5888671875,2798142.0
2017-03-28,5073.33349609375,3492.176025390625,4757631.0
2017-03-29,5093.33349609375,3505.943603515625,1523031.0
2017-03-30,5133.33349609375,3533.47705078125,1472424.0
2017-03-31,5106.66650390625,3515.121826171875,1689576.0
2017-04-03,5093.33349609375,3505.943603515625,1780803.0
2017-04-04,5106.66650390625,3517.92138671875,1397544.0
2017-04-05,5093.33349609375,3508.736328125,2853621.0
2017-04-06,5120.0,3527.105712890625,1253541.0
2017-04-07,5106.66650390625,3517.92138671875,978186.0
2017-04-10,5086.66650390625,3504.14404296875,1473603.0
2017-04-11,5100.0,3513.328369140625,1819725.0
2017-04-12,5093.33349609375,3508.736328125,229827.0
2017-04-13,5093.33349609375,3508.736328125,0.0
2017-04-14,5093.33349609375,3508.736328125,0.0
2017-04-17,5080.0,3499.550537109375,449913.0
2017-04-18,5080.0,3499.550537109375,2263551.0
2017-04-19,5080.0,3499.550537109375,1663272.0
2017-04-20,5046.66650390625,3476.587646484375,549933.0
2017-04-21,4980.0,3430.662109375,2136309.0
2017-04-24,4966.66650390625,3421.476806640625,2721387.0
2017-04-25,4880.0,3361.7734375,2694564.0
2017-04-26,4966.66650390625,3421.476806640625,2065842.0
2017-04-27,4993.33349609375,3439.846923828125,2671245.0
2017-04-28,5080.0,3499.550537109375,2309859.0
2017-05-01,5080.0,3499.550537109375,0.0
2017-05-02,5140.0,3540.883544921875,3631455.0
2017-05-03,5153.33349609375,3550.069580078125,1699047.0
2017-05-04,5133.33349609375,3536.291748046875,998556.0
2017-05-05,5140.0,3540.883544921875,899967.0
2017-05-08,5193.33349609375,3577.624755859375,3433692.0
2017-05-09,5213.33349609375,3591.40283203125,7868181.0
2017-05-10,5226.66650390625,3600.5869140625,4791849.0
2017-05-11,5226.66650390625,3600.5869140625,1770516.0
2017-05-12,5300.0,3651.10693359375,1762167.0
2017-05-15,5300.0,3651.10693359375,0.0
2017-05-16,5240.0,3609.773193359375,8100039.0
2017-05-17,5220.0,3595.995361328125,2602905.0
2017-05-18,5086.66650390625,3504.14404296875,4712289.0
2017-05-19,5126.66650390625,3531.69873046875,1936467.0
2017-05-22,5160.0,3554.661865234375,1425909.0
2017-05-23,5173.33349609375,3563.84765625,1843194.0
2017-05-24,5193.33349609375,3577.624755859375,933996.0
2017-05-25,5186.66650390625,3573.03173828125,1172901.0
2017-05-26,5200.0,3582.217529296875,693042.0
2017-05-29,5200.0,3582.217529296875,0.0
2017-05-30,5200.0,3582.217529296875,486777.0
2017-05-31,5200.0,3582.217529296875,1474593.0
2017-06-01,5193.33349609375,3577.624755859375,299574.0
2017-06-02,5226.66650390625,3600.5869140625,1483578.0
2017-06-05,5226.66650390625,3600.5869140625,391719.0
2017-06-06,5213.33349609375,3591.40283203125,372924.0
2017-06-07,5200.0,3582.217529296875,540678.0
2017-06-08,5200.0,3582.217529296875,671451.0
2017-06-09,5173.33349609375,3563.84765625,865563.0
2017-06-12,5153.33349609375,3550.069580078125,1910265.0
2017-06-13,5093.33349609375,3508.736328125,1041438.0
2017-06-14,5186.66650390625,3573.03173828125,3277569.0
2017-06-15,5193.33349609375,3577.624755859375,1688112.0
2017-06-16,5213.33349609375,3591.40283203125,2142213.0
2017-06-19,5213.33349609375,3591.40283203125,0.0
2017-06-20,5093.33349609375,3508.736328125,1548474.0
2017-06-21,5133.33349609375,3536.291748046875,641349.0
2017-06-22,5133.33349609375,3536.291748046875,193092.0
2017-06-23,5106.66650390625,3517.92138671875,438810.0
2017-06-26,5106.66650390625,3517.92138671875,0.0
2017-06-27,5133.33349609375,3536.291748046875,673707.0
2017-06-28,5100.0,3513.328369140625,424029.0
2017-06-29,5120.0,3527.105712890625,719778.0
2017-06-30,5113.33349609375,3522.5146484375,1009230.0
2017-07-03,5113.33349609375,3522.5146484375,0.0
2017-07-04,5180.0,3568.43994140625,257166.0
2017-07-05,5180.0,3571.234375,0.0
2017-07-06,5020.0,3460.9267578125,2908467.0
2017-07-07,4973.33349609375,3428.751708984375,4542435.0
2017-07-10,4973.33349609375,3428.751708984375,2904444.0
2017-07-11,5006.66650390625,3451.733154296875,649530.0
2017-07-12,5046.66650390625,3479.31005859375,4781547.0
2017-07-13,4966.66650390625,3424.156005859375,2940156.0
2017-07-14,5033.33349609375,3470.117919921875,873861.0
2017-07-17,5026.66650390625,3465.521484375,692712.0
2017-07-18,4986.66650390625,3437.9443359375,585180.0
2017-07-19,4946.66650390625,3410.367431640625,1071564.0
2017-07-20,4946.66650390625,3410.367431640625,0.0
2017-07-21,4946.66650390625,3410.367431640625,777975.0
2017-07-24,5006.66650390625,3451.733154296875,523242.0
2017-07-25,5013.33349609375,3456.330078125,1271289.0
2017-07-26,5066.66650390625,3493.099365234375,2230719.0
2017-07-27,5073.33349609375,3497.694580078125,1094157.0
2017-07-28,5033.33349609375,3470.117919921875,400437.0
2017-07-31,5080.0,3502.291748046875,750480.0
2017-08-01,5113.33349609375,3525.27294921875,1483233.0
2017-08-02,5093.33349609375,3511.48388671875,1578324.0
2017-08-03,5073.33349609375,3497.694580078125,503523.0
2017-08-04,5080.0,3502.291748046875,168789.0
2017-08-07,5080.0,3502.291748046875,0.0
2017-08-08,5013.33349609375,3456.330078125,1718787.0
2017-08-09,4986.66650390625,3437.9443359375,1123602.0
2017-08-10,4953.33349609375,3414.96435546875,851592.0
2017-08-11,4953.33349609375,3414.96435546875,348105.0
2017-08-14,4993.33349609375,3442.541259765625,356502.0
2017-08-15,5033.33349609375,3470.117919921875,1377132.0
2017-08-16,5080.0,3502.291748046875,1903932.0
2017-08-17,5080.0,3502.291748046875,3014976.0
2017-08-18,5100.0,3516.080078125,344319.0
2017-08-21,5100.0,3516.080078125,0.0
2017-08-22,5100.0,3516.080078125,1299384.0
2017-08-23,5100.0,3516.080078125,1179831.0
2017-08-24,5086.66650390625,3506.88818359375,501957.0
2017-08-25,5080.0,3502.291748046875,1967820.0
2017-08-28,5073.33349609375,3497.694580078125,85980.0
2017-08-29,5046.66650390625,3479.31005859375,302799.0
2017-08-30,5086.66650390625,3506.88818359375,138930.0
2017-08-31,5120.0,3529.867919921875,729120.0
2017-09-01,5120.0,3529.867919921875,0.0
2017-09-04,5120.0,3529.867919921875,840306.0
2017-09-05,5126.66650390625,3534.464599609375,751077.0
2017-09-06,5146.66650390625,3548.2529296875,370545.0
2017-09-07,5133.33349609375,3539.060791015625,425148.0
2017-09-08,5133.33349609375,3539.060791015625,848460.0
2017-09-11,5140.0,3543.656982421875,531390.0
2017-09-12,5133.33349609375,3539.060791015625,1025697.0
2017-09-13,5133.33349609375,3539.060791015625,465363.0
2017-09-14,5153.33349609375,3552.849853515625,288264.0
2017-09-15,5153.33349609375,3552.849853515625,2057508.0
2017-09-18,5133.33349609375,3539.060791015625,252537.0
2017-09-19,5113.33349609375,3525.27294921875,1030143.0
2017-09-20,5126.66650390625,3534.464599609375,1173408.0
2017-09-21,5106.66650390625,3520.67626953125,1218576.0
2017-09-22,5106.66650390625,3520.67626953125,392268.0
2017-09-25,5093.33349609375,3511.48388671875,497043.0
2017-09-26,5120.0,3529.867919921875,680538.0
2017-09-27,5113.33349609375,3525.27294921875,393612.0
2017-09-28,5140.0,3543.656982421875,923478.0
2017-09-29,5153.33349609375,3552.849853515625,604398.0
2017-10-02,5160.0,3557.4453125,279888.0
2017-10-03,5160.0,3560.24267578125,606537.0
2017-10-04,5206.66650390625,3592.440673828125,1012596.0
2017-10-05,5260.0,3629.2392578125,2505381.0
2017-10-06,5260.0,3629.2392578125,843831.0
2017-10-09,5260.0,3629.2392578125,2102358.0
2017-10-10,5253.33349609375,3624.639404296875,621966.0
2017-10-11,5253.33349609375,3624.639404296875,388437.0
2017-10-12,5246.66650390625,3620.03955078125,1299219.0
2017-10-13,5246.66650390625,3620.03955078125,1299219.0
2017-10-16,5246.66650390625,3620.03955078125,0.0
2017-10-17,5286.66650390625,3647.63818359375,1546674.0
2017-10-18,5300.0,3656.837646484375,1646001.0
2017-10-19,5293.33349609375,3652.238525390625,1244697.0
2017-10-20,5280.0,3643.038330078125,971409.0
2017-10-23,5300.0,3656.837646484375,1565643.0
2017-10-24,5286.66650390625,3647.63818359375,1151211.0
2017-10-25,5313.33349609375,3666.038818359375,992460.0
2017-10-26,5400.0,3725.83544921875,2295864.0
2017-10-27,5400.0,3725.83544921875,1090605.0
2017-10-30,5433.33349609375,3748.833740234375,1185033.0
2017-10-31,5446.66650390625,3758.03369140625,3034584.0
2017-11-01,5526.66650390625,3813.230712890625,1668228.0
2017-11-02,5493.33349609375,3790.232177734375,1366326.0
2017-11-03,5486.66650390625,3785.6328125,802338.0
2017-11-06,5486.66650390625,3785.6328125,0.0
2017-11-07,5486.66650390625,3785.6328125,1081512.0
2017-11-08,5486.66650390625,3785.6328125,792990.0
2017-11-09,5400.0,3725.83544921875,767709.0
2017-11-10,5346.66650390625,3689.0361328125,635928.0
2017-11-13,5346.66650390625,3689.0361328125,0.0
2017-11-14,5420.0,3739.63427734375,1099836.0
2017-11-15,5433.33349609375,3748.833740234375,1302909.0
2017-11-16,5460.0,3767.233154296875,448515.0
2017-11-17,5460.0,3767.233154296875,203160.0
2017-11-20,5400.0,3725.83544921875,365340.0
2017-11-21,5440.0,3753.43359375,1342956.0
2017-11-22,5460.0,3767.233154296875,400680.0
2017-11-23,5426.66650390625,3744.234130859375,92250.0
2017-11-24,5406.66650390625,3730.4345703125,103503.0
2017-11-27,5413.33349609375,3735.033447265625,1478709.0
2017-11-28,5420.0,3739.63427734375,4100208.0
2017-11-29,5453.33349609375,3762.63330078125,371931.0
2017-11-30,5460.0,3767.233154296875,934818.0
2017-12-01,5473.33349609375,3776.432373046875,1033056.0
2017-12-04,5453.33349609375,3762.63330078125,290055.0
2017-12-05,5480.0,3781.0322265625,1623228.0
2017-12-06,5460.0,3767.233154296875,1589925.0
2017-12-07,5500.0,3794.831298828125,7639479.0
2017-12-08,5500.0,3794.831298828125,0.0
2017-12-11,5500.0,3794.831298828125,0.0
2017-12-12,5526.66650390625,3813.230712890625,911577.0
2017-12-13,5546.66650390625,3827.02978515625,627045.0
2017-12-14,5546.66650390625,3827.02978515625,0.0
2017-12-15,5480.0,3781.0322265625,10310148.0
2017-12-18,5506.66650390625,3799.431640625,975006.0
2017-12-19,5520.0,3808.632080078125,448257.0
2017-12-20,5500.0,3794.831298828125,3008766.0
2017-12-21,5493.33349609375,3790.232177734375,5173029.0
2017-12-22,5486.66650390625,3785.6328125,2237133.0
2017-12-25,5486.66650390625,3785.6328125,0.0
2017-12-26,5506.66650390625,3799.431640625,152934.0
2017-12-27,5526.66650390625,3813.230712890625,1360833.0
2017-12-28,5520.0,3808.632080078125,674460.0
2017-12-29,5520.0,3808.632080078125,674460.0
2018-01-01,5520.0,3808.632080078125,0.0
2018-01-02,5466.66650390625,3771.83251953125,74025.0
2018-01-03,5446.66650390625,3760.82177734375,646338.0
2018-01-04,5446.66650390625,3760.82177734375,0.0
2018-01-05,5460.0,3770.029052734375,486246.0
2018-01-08,5460.0,3770.029052734375,0.0
2018-01-09,5533.33349609375,3820.6640625,463203.0
2018-01-10,5613.33349609375,3875.902099609375,2747439.0
2018-01-11,5593.33349609375,3862.093505859375,1195923.0
2018-01-12,5593.33349609375,3862.093505859375,1195923.0
2018-01-15,5626.66650390625,3885.109130859375,347451.0
2018-01-16,5606.66650390625,3871.299072265625,1191108.0
2018-01-17,5606.66650390625,3871.299072265625,1191108.0
2018-01-18,5606.66650390625,3871.299072265625,0.0
2018-01-19,5933.33349609375,4096.85693359375,4964943.0
2018-01-22,5926.66650390625,4092.253662109375,2656818.0
2018-01-23,5853.33349609375,4041.6171875,1207971.0
2018-01-24,6093.33349609375,4207.33251953125,2893968.0
2018-01-25,6093.33349609375,4207.33251953125,1758447.0
2018-01-26,6033.33349609375,4165.9052734375,829038.0
2018-01-29,5986.66650390625,4133.68115234375,1028118.0
2018-01-30,5933.33349609375,4096.85693359375,948777.0
2018-01-31,5960.0,4115.27001953125,2820336.0
2018-02-01,6166.66650390625,4257.96923828125,1249128.0
2018-02-02,6000.0,4142.88818359375,2638470.0
2018-02-05,5826.66650390625,4023.2041015625,1942095.0
2018-02-06,5940.0,4101.45849609375,2095464.0
2018-02-07,5886.66650390625,4064.63427734375,1359531.0
2018-02-08,5826.66650390625,4023.2041015625,1430193.0
2018-02-09,5833.33349609375,4027.80712890625,2618373.0
2018-02-12,5900.0,4073.83984375,2559477.0
2018-02-13,5866.66650390625,4050.82421875,514419.0
2018-02-14,5806.66650390625,4009.394775390625,3144534.0
2018-02-15,5673.33349609375,3917.330810546875,1276719.0
2018-02-16,5746.66650390625,3967.96630859375,2062557.0
2018-02-19,5746.66650390625,3967.96630859375,580698.0
2018-02-20,5733.33349609375,3958.760009765625,1517625.0
2018-02-21,5746.66650390625,3967.96630859375,1208541.0
2018-02-22,5766.66650390625,3981.775390625,1529034.0
2018-02-23,5706.66650390625,3940.347412109375,350934.0
2018-02-26,5673.33349609375,3917.330810546875,944325.0
2018-02-27,5653.33349609375,3903.521240234375,1714860.0
2018-02-28,5593.33349609375,3862.093505859375,1247193.0
2018-03-01,5533.33349609375,3820.6640625,3646761.0
2018-03-02,5513.33349609375,3806.85400390625,2899707.0
2018-03-05,5593.33349609375,3862.093505859375,314901.0
2018-03-06,5620.0,3880.5048828125,341967.0
2018-03-07,5580.0,3852.88623046875,2633583.0
2018-03-08,5573.33349609375,3848.283447265625,1784034.0
2018-03-09,5546.66650390625,3829.869140625,687762.0
2018-03-12,5653.33349609375,3903.521240234375,574416.0
2018-03-14,5580.0,3852.88623046875,697917.0
2018-03-15,5560.0,3839.076904296875,701925.0
2018-03-16,5560.0,3839.076904296875,701925.0
2018-03-19,5560.0,3839.076904296875,0.0
2018-03-20,5466.66650390625,3774.631591796875,2260125.0
2018-03-21,5493.33349609375,3793.045166015625,1050921.0
2018-03-22,5460.0,3770.029052734375,1129896.0
2018-03-23,5460.0,3770.029052734375,1129896.0
2018-03-26,5273.33349609375,3641.138427734375,511089.0
2018-03-27,5366.66650390625,3705.58251953125,707205.0
2018-03-28,5366.66650390625,3705.58251953125,707205.0
2018-03-29,5366.66650390625,3705.58251953125,0.0
2018-03-30,5366.66650390625,3705.58251953125,0.0
2018-04-02,5300.0,3659.551513671875,2066133.0
2018-04-03,5293.33349609375,3668.97802734375,5604879.0
2018-04-04,5293.33349609375,3668.97802734375,359850.0
2018-04-05,5346.66650390625,3705.94384765625,1939914.0
2018-04-06,5346.66650390625,3705.94384765625,1939914.0
2018-04-09,5340.0,3701.324462890625,1848159.0
2018-04-10,5326.66650390625,3692.08251953125,1607130.0
2018-04-11,5320.0,3687.46142578125,739185.0
2018-04-12,5293.33349609375,3668.97802734375,605892.0
2018-04-13,5293.33349609375,3668.97802734375,605892.0
2018-04-16,5333.33349609375,3696.70263671875,1982340.0
2018-04-17,5466.66650390625,3789.1201171875,662610.0
2018-04-18,5566.66650390625,3858.43408203125,1653978.0
2018-04-19,5533.33349609375,3835.329833984375,350622.0
2018-04-20,5533.33349609375,3835.329833984375,350622.0
2018-04-23,5600.0,3881.53759765625,1160904.0
2018-04-24,5533.33349609375,3835.329833984375,1075437.0
2018-04-25,5480.0,3798.3623046875,831915.0
2018-04-26,5480.0,3798.3623046875,979728.0
2018-04-27,5480.0,3798.3623046875,979728.0
2018-04-30,5653.33349609375,3918.505126953125,1264599.0
2018-05-01,5653.33349609375,3918.505126953125,0.0
2018-05-02,5646.66650390625,3913.884033203125,876354.0
2018-05-03,5600.0,3881.53759765625,522666.0
2018-05-04,5600.0,3881.53759765625,522666.0
2018-05-07,5486.66650390625,3802.98291015625,1464729.0
2018-05-08,5466.66650390625,3789.1201171875,271038.0
2018-05-09,5526.66650390625,3830.708740234375,489045.0
2018-05-10,5560.0,3853.8125,986547.0
2018-05-11,5560.0,3853.8125,986547.0
2018-05-14,5560.0,3853.8125,0.0
2018-05-15,5500.0,3812.22509765625,513348.0
2018-05-16,5273.33349609375,3655.115966796875,1566885.0
2018-05-17,5266.66650390625,3650.494140625,795573.0
2018-05-18,5266.66650390625,3650.494140625,795573.0
2018-05-21,5226.66650390625,3622.76904296875,621042.0
2018-05-22,5300.0,3673.598388671875,437469.0
2018-05-23,5340.0,3701.324462890625,191148.0
2018-05-24,5373.33349609375,3724.429443359375,719427.0
2018-05-25,5373.33349609375,3724.429443359375,719427.0
2018-05-28,5340.0,3701.324462890625,103128.0
2018-05-29,5406.66650390625,3747.532958984375,245091.0
2018-05-30,5460.0,3784.500732421875,1247946.0
2018-05-31,5500.0,3812.22509765625,2953866.0
2018-06-01,5500.0,3812.22509765625,2953866.0
2018-06-04,5500.0,3812.22509765625,0.0
2018-06-05,5540.0,3839.951171875,1651962.0
2018-06-06,5546.66650390625,3844.5712890625,288843.0
2018-06-07,5380.0,3729.04931640625,1114005.0
2018-06-08,5380.0,3729.04931640625,1114005.0
2018-06-11,5380.0,3729.04931640625,0.0
2018-06-12,5473.33349609375,3793.741943359375,590169.0
2018-06-13,5493.33349609375,3807.6044921875,716517.0
2018-06-14,5546.66650390625,3844.5712890625,889920.0
2018-06-15,5546.66650390625,3844.5712890625,889920.0
2018-06-18,5406.66650390625,3747.532958984375,799938.0
2018-06-19,5360.0,3715.186767578125,322575.0
2018-06-20,5366.66650390625,3719.806884765625,387447.0
2018-06-21,5393.33349609375,3738.291259765625,459885.0
2018-06-22,5393.33349609375,3738.291259765625,459885.0
2018-06-25,5380.0,3729.04931640625,164817.0
2018-06-26,5393.33349609375,3738.291259765625,507003.0
2018-06-27,5366.66650390625,3719.806884765625,709563.0
2018-06-28,5313.33349609375,3682.840576171875,526815.0
2018-06-29,5313.33349609375,3682.840576171875,526815.0
2018-07-02,5313.33349609375,3682.840576171875,0.0
2018-07-03,5366.66650390625,3719.806884765625,455136.0
2018-07-04,5393.33349609375,3752.462158203125,1468110.0
2018-07-05,5340.0,3715.355224609375,3281310.0
2018-07-06,5340.0,3715.355224609375,3281310.0
2018-07-09,5360.0,3729.27001953125,823989.0
2018-07-10,5366.66650390625,3733.90771484375,681396.0
2018-07-11,5366.66650390625,3733.90771484375,2380590.0
2018-07-12,5380.0,3743.184326171875,1218246.0
2018-07-13,5380.0,3743.184326171875,1218246.0
2018-07-16,5426.66650390625,3775.65380859375,1896285.0
2018-07-17,5386.66650390625,3747.823486328125,1069725.0
2018-07-18,5400.0,3757.1005859375,879111.0
2018-07-19,5400.0,3757.1005859375,879111.0
2018-07-20,5400.0,3757.1005859375,0.0
2018-07-23,5406.66650390625,3761.73876953125,1543881.0
2018-07-24,5406.66650390625,3761.73876953125,343794.0
2018-07-25,5360.0,3729.27001953125,496101.0
2018-07-26,5420.0,3771.015380859375,955299.0
2018-07-27,5420.0,3771.015380859375,955299.0
2018-07-30,5466.66650390625,3803.484619140625,293772.0
2018-07-31,5413.33349609375,3766.377685546875,579246.0
2018-08-01,5440.0,3784.930908203125,412398.0
2018-08-02,5426.66650390625,3775.65380859375,911055.0
2018-08-03,5426.66650390625,3775.65380859375,911055.0
2018-08-06,5346.66650390625,3719.992431640625,132663.0
2018-08-07,5346.66650390625,3719.992431640625,0.0
2018-08-08,5340.0,3715.355224609375,313770.0
2018-08-09,5333.33349609375,3710.716796875,608556.0
2018-08-10,5333.33349609375,3710.716796875,608556.0
2018-08-13,5326.66650390625,3706.07763671875,349746.0
2018-08-14,5333.33349609375,3710.716796875,100920.0
2018-08-15,5333.33349609375,3710.716796875,404667.0
2018-08-16,5333.33349609375,3710.716796875,321423.0
2018-08-17,5333.33349609375,3710.716796875,321423.0
2018-08-20,5333.33349609375,3710.716796875,0.0
2018-08-21,5406.66650390625,3761.73876953125,300252.0
2018-08-22,5366.66650390625,3733.90771484375,474708.0
2018-08-23,5333.33349609375,3710.716796875,147060.0
2018-08-24,5333.33349609375,3710.716796875,147060.0
2018-08-27,5353.33349609375,3724.631103515625,342447.0
2018-08-28,5353.33349609375,3724.631103515625,1906134.0
2018-08-29,5353.33349609375,3724.631103515625,147246.0
2018-08-30,5333.33349609375,3710.716796875,939381.0
2018-08-31,5333.33349609375,3710.716796875,939381.0
2018-09-03,5273.33349609375,3668.970703125,94248.0
2018-09-04,5213.33349609375,3627.224609375,157134.0
2018-09-05,5086.66650390625,3539.095947265625,405849.0
2018-09-06,4900.0,3409.220703125,611352.0
2018-09-07,4900.0,3409.220703125,611352.0
2018-09-10,4873.33349609375,3390.667236328125,352272.0
2018-09-11,4866.66650390625,3386.0283203125,542799.0
2018-09-12,4900.0,3409.220703125,859059.0
2018-09-13,4900.0,3409.220703125,396909.0
2018-09-14,4900.0,3409.220703125,396909.0
2018-09-17,4766.66650390625,3316.452880859375,499317.0
2018-09-18,4820.0,3353.559326171875,340455.0
2018-09-19,4806.66650390625,3344.282958984375,142272.0
2018-09-20,4833.33349609375,3362.8369140625,387924.0
2018-09-21,4833.33349609375,3362.8369140625,387924.0
2018-09-24,5000.0,3478.79638671875,143577.0
2018-09-25,4973.33349609375,3460.242431640625,194205.0
2018-09-26,4980.0,3464.88134765625,3094398.0
2018-09-27,4953.33349609375,3446.32763671875,70566.0
2018-09-28,4953.33349609375,3446.32763671875,70566.0
2018-10-01,4860.0,3381.39013671875,869295.0
2018-10-02,4860.0,3395.550048828125,869295.0
2018-10-03,4826.66650390625,3372.260986328125,180771.0
2018-10-04,4926.66650390625,3442.127685546875,975471.0
2018-10-05,4940.0,3451.444091796875,671808.0
2018-10-10,4813.33349609375,3362.94580078125,477711.0
2018-10-11,4813.33349609375,3362.94580078125,477711.0
2018-10-12,4760.0,3325.682861328125,1896762.0
2018-10-15,4760.0,3325.682861328125,0.0
2018-10-16,4700.0,3283.762451171875,4752132.0
2018-10-17,4700.0,3283.762451171875,4752132.0
2018-10-18,4700.0,3283.762451171875,467247.0
2018-10-19,4786.66650390625,3344.313720703125,72807.0
2018-10-22,4733.33349609375,3307.052001953125,384774.0
2018-10-23,4733.33349609375,3307.052001953125,384774.0
2018-10-24,4660.0,3255.815185546875,179796.0
2018-10-25,4733.33349609375,3307.052001953125,707124.0
2018-10-26,4653.33349609375,3251.157958984375,441258.0
2018-10-29,4500.0,3144.028076171875,170625.0
2018-10-30,4500.0,3144.028076171875,170625.0
2018-10-31,4480.0,3130.0546875,562251.0
2018-11-01,4633.33349609375,3237.1845703125,2216409.0
2018-11-02,4700.0,3283.762451171875,1234710.0
2018-11-05,4700.0,3283.762451171875,0.0
2018-11-06,4760.0,3325.682861328125,1856616.0
2018-11-07,4760.0,3325.682861328125,1856616.0
2018-11-08,4833.33349609375,3376.9189453125,352500.0
2018-11-09,4900.0,3423.4970703125,185079.0
2018-11-12,4900.0,3423.4970703125,0.0
2018-11-13,4766.66650390625,3330.3408203125,117228.0
2018-11-14,4766.66650390625,3330.3408203125,117228.0
2018-11-15,4740.0,3311.70947265625,260955.0
2018-11-16,4820.0,3367.602783203125,4127718.0
2018-11-19,4713.33349609375,3293.078369140625,151995.0
2018-11-20,4586.66650390625,3204.57958984375,250800.0
2018-11-21,4626.66650390625,3232.526611328125,147111.0
2018-11-22,4586.66650390625,3204.57958984375,37062.0
2018-11-23,4526.66650390625,3162.65869140625,149781.0
2018-11-26,4560.0,3185.947998046875,745947.0
2018-11-27,4393.33349609375,3069.502685546875,406626.0
2018-11-28,4220.0,2948.3994140625,3312591.0
2018-11-29,4246.66650390625,2967.030517578125,7084608.0
2018-11-30,4440.0,3102.107421875,2246931.0
2018-12-03,4366.66650390625,3050.87109375,382731.0
2018-12-04,4300.0,3004.29296875,6429603.0
2018-12-05,4300.0,3004.29296875,158265.0
2018-12-06,4300.0,3004.29296875,1065657.0
2018-12-07,4240.0,2962.373291015625,241329.0
2018-12-10,4193.33349609375,2929.7685546875,589572.0
2018-12-11,4133.33349609375,2887.84814453125,6127464.0
2018-12-12,4033.333251953125,2817.980224609375,2179980.0
2018-12-13,4066.666748046875,2841.27001953125,1362411.0
2018-12-14,4066.666748046875,2841.27001953125,366249.0
2018-12-17,4066.666748046875,2841.27001953125,968055.0
2018-12-18,4073.333251953125,2845.927001953125,2083725.0
2018-12-19,4066.666748046875,2841.27001953125,640047.0
2018-12-20,4066.666748046875,2841.27001953125,681687.0
2018-12-21,3973.333251953125,2776.060302734375,1460427.0
2018-12-24,4066.666748046875,2841.27001953125,31920.0
2018-12-25,4066.666748046875,2841.27001953125,0.0
2018-12-26,4066.666748046875,2841.27001953125,20685.0
2018-12-27,4066.666748046875,2841.27001953125,3658368.0
2018-12-28,4133.33349609375,2887.84814453125,665988.0
2018-12-31,4133.33349609375,2887.84814453125,0.0
2019-01-01,4133.33349609375,2887.84814453125,0.0
2019-01-02,4120.0,2878.5322265625,223050.0
2019-01-03,4193.33349609375,2944.251220703125,164244.0
2019-01-04,4166.66650390625,2925.52783203125,74163.0
2019-01-07,4166.66650390625,2925.52783203125,0.0
2019-01-08,4233.33349609375,2972.3369140625,110523.0
2019-01-09,4246.66650390625,2981.697509765625,628848.0
2019-01-10,4306.66650390625,3023.825927734375,405012.0
2019-01-11,4366.66650390625,3065.953125,960780.0
2019-01-14,4313.33349609375,3028.5068359375,371406.0
2019-01-15,4306.66650390625,3023.825927734375,803901.0
2019-01-16,4313.33349609375,3028.5068359375,1448367.0
2019-01-17,4313.33349609375,3028.5068359375,536259.0
2019-01-18,4260.0,2991.0595703125,319989.0
2019-01-21,4300.0,3019.14453125,210255.0
2019-01-22,4300.0,3019.14453125,485994.0
2019-01-23,4293.33349609375,3014.464599609375,290607.0
2019-01-24,4446.66650390625,3122.12353515625,3666300.0
2019-01-25,4493.33349609375,3154.889892578125,2581875.0
2019-01-28,4466.66650390625,3136.166259765625,452376.0
2019-01-29,4546.66650390625,3192.336181640625,860295.0
2019-01-30,4633.33349609375,3253.187255859375,1465758.0
2019-01-31,4700.0,3299.99560546875,3597489.0
2019-02-01,4773.33349609375,3351.484619140625,651267.0
2019-02-04,4693.33349609375,3295.314208984375,874650.0
2019-02-05,4753.33349609375,3337.4423828125,453564.0
2019-02-06,4753.33349609375,3337.4423828125,840183.0
2019-02-07,4740.0,3328.08056640625,510858.0
2019-02-08,4800.0,3370.20849609375,687888.0
2019-02-11,4773.33349609375,3351.484619140625,48225.0
2019-02-12,4820.0,3384.25,1571235.0
2019-02-13,4866.66650390625,3417.0166015625,2806215.0
2019-02-14,4873.33349609375,3421.69775390625,1166538.0
2019-02-15,4866.66650390625,3417.0166015625,751668.0
2019-02-18,4920.0,3454.463623046875,709623.0
2019-02-19,4873.33349609375,3421.69775390625,139110.0
2019-02-20,4913.33349609375,3449.782958984375,734139.0
2019-02-21,4900.0,3440.4208984375,744990.0
2019-02-22,4866.66650390625,3417.0166015625,1272519.0
2019-02-25,4886.66650390625,3431.058837890625,377871.0
2019-02-26,4940.0,3468.506103515625,1480440.0
2019-02-27,4873.33349609375,3421.69775390625,194577.0
2019-02-28,4866.66650390625,3417.0166015625,1316148.0
2019-03-01,4820.0,3384.25,476580.0
2019-03-04,4746.66650390625,3332.7607421875,628968.0
2019-03-05,4640.0,3257.86767578125,749556.0
2019-03-06,4760.0,3342.123046875,1820055.0
2019-03-07,4766.66650390625,3346.803955078125,1359495.0
2019-03-08,4766.66650390625,3346.803955078125,496431.0
2019-03-11,4833.33349609375,3393.612060546875,224769.0
2019-03-12,4893.33349609375,3435.739990234375,684138.0
2019-03-13,4893.33349609375,3435.739990234375,2514507.0
2019-03-14,4893.33349609375,3435.739990234375,585990.0
2019-03-15,4806.66650390625,3374.888916015625,4616625.0
2019-03-18,5060.0,3552.760986328125,4456722.0
2019-03-19,5033.33349609375,3534.03759765625,1826436.0
2019-03-20,5033.33349609375,3534.03759765625,971814.0
2019-03-21,4946.66650390625,3473.186767578125,1155726.0
2019-03-22,4906.66650390625,3445.101318359375,939573.0
2019-03-25,4906.66650390625,3445.101318359375,0.0
2019-03-26,4900.0,3440.4208984375,673449.0
2019-03-27,4833.33349609375,3393.612060546875,938721.0
2019-03-28,4806.66650390625,3374.888916015625,360798.0
2019-03-29,4840.0,3398.29345703125,1204569.0
2019-04-01,4913.33349609375,3449.782958984375,871665.0
2019-04-02,4886.66650390625,3449.31884765625,1856808.0
2019-04-03,4813.33349609375,3397.55615234375,514167.0
2019-04-04,4833.33349609375,3411.672607421875,844017.0
2019-04-05,4813.33349609375,3397.55615234375,281760.0
2019-04-08,4760.0,3359.909423828125,551421.0
2019-04-09,4733.33349609375,3341.087158203125,1104255.0
2019-04-10,4760.0,3359.909423828125,1829121.0
2019-04-11,4733.33349609375,3341.087158203125,568728.0
2019-04-12,4733.33349609375,3341.087158203125,568728.0
2019-04-15,4620.0,3261.08837890625,278337.0
2019-04-16,4620.0,3261.08837890625,278337.0
2019-04-17,4680.0,3303.440673828125,284616.0
2019-04-18,4680.0,3303.440673828125,0.0
2019-04-19,4680.0,3303.440673828125,0.0
2019-04-22,4693.33349609375,3312.85205078125,1509822.0
2019-04-23,4693.33349609375,3312.85205078125,1509822.0
2019-04-24,4800.0,3388.14453125,963621.0
2019-04-25,4866.66650390625,3435.20166015625,581733.0
2019-04-26,4860.0,3430.49609375,614106.0
2019-04-29,4800.0,3388.14453125,182628.0
2019-04-30,4800.0,3388.14453125,182628.0
2019-05-01,4800.0,3388.14453125,0.0
2019-05-02,4820.0,3402.2607421875,330072.0
2019-05-03,4820.0,3402.2607421875,330072.0
2019-05-06,4800.0,3388.14453125,66483.0
2019-05-07,4800.0,3388.14453125,66483.0
2019-05-08,4633.33349609375,3270.50048828125,467136.0
2019-05-09,4626.66650390625,3265.794677734375,1725066.0
2019-05-10,4766.66650390625,3364.61572265625,572343.0
2019-05-13,4693.33349609375,3312.85205078125,397665.0
2019-05-14,4693.33349609375,3312.85205078125,397665.0
2019-05-15,4760.0,3359.909423828125,1711362.0
2019-05-16,4826.66650390625,3406.96728515625,980337.0
2019-05-17,4760.0,3359.909423828125,128337.0
2019-05-20,4660.0,3289.3232421875,674496.0
2019-05-21,4660.0,3289.3232421875,674496.0
2019-05-22,4646.66650390625,3279.911865234375,85242.0
2019-05-23,4713.33349609375,3326.9697265625,1058568.0
2019-05-24,4593.33349609375,3242.265625,1924476.0
2019-05-27,4620.0,3261.08837890625,32409.0
2019-05-28,4620.0,3261.08837890625,32409.0
2019-05-29,4600.0,3246.97216796875,516537.0
2019-05-30,4573.33349609375,3228.149169921875,747612.0
2019-05-31,4640.0,3275.205810546875,4232187.0
2019-06-03,4640.0,3275.205810546875,0.0
2019-06-04,4766.66650390625,3364.61572265625,1520772.0
2019-06-05,4766.66650390625,3364.61572265625,1520772.0
2019-06-06,4693.33349609375,3312.85205078125,6902268.0
2019-06-07,4700.0,3317.55810546875,1404417.0
2019-06-11,4733.33349609375,3341.087158203125,5751045.0
2019-06-12,4826.66650390625,3406.96728515625,1969521.0
2019-06-13,4866.66650390625,3435.20166015625,1657089.0
2019-06-14,4833.33349609375,3411.672607421875,1277535.0
2019-06-17,4813.33349609375,3397.55615234375,551748.0
2019-06-18,4780.0,3374.027587890625,403734.0
2019-06-19,4800.0,3388.14453125,836547.0
2019-06-20,4833.33349609375,3411.672607421875,2096454.0
2019-06-21,4813.33349609375,3397.55615234375,728655.0
2019-06-24,4813.33349609375,3397.55615234375,0.0
2019-06-25,4813.33349609375,3397.55615234375,820881.0
2019-06-26,4840.0,3416.37890625,1687404.0
2019-06-27,5546.66650390625,3915.1884765625,9129318.0
2019-06-28,5560.0,3924.600341796875,2543514.0
2019-07-01,5560.0,3924.600341796875,0.0
2019-07-02,5546.66650390625,3915.1884765625,3806925.0
2019-07-03,5546.66650390625,3933.634033203125,3806925.0
2019-07-04,5566.66650390625,3947.819091796875,887322.0
2019-07-05,5586.66650390625,3962.002197265625,268683.0
2019-07-08,5620.0,3985.641845703125,939507.0
2019-07-09,5620.0,3985.641845703125,939507.0
2019-07-10,5613.33349609375,3980.914306640625,384240.0
2019-07-11,5553.33349609375,3938.36328125,1280337.0
2019-07-12,5573.33349609375,3952.546630859375,1357218.0
2019-07-15,5666.66650390625,4018.7373046875,2657244.0
2019-07-16,5666.66650390625,4018.7373046875,2657244.0
2019-07-17,5700.0,4042.37744140625,2045247.0
2019-07-18,5666.66650390625,4018.7373046875,826080.0
2019-07-19,5633.33349609375,3995.097900390625,3336390.0
2019-07-22,5660.0,4014.00927734375,161439.0
2019-07-23,5660.0,4014.00927734375,161439.0
2019-07-24,5640.0,3999.826416015625,317739.0
2019-07-25,5646.66650390625,4004.553955078125,653592.0
2019-07-26,5866.66650390625,4160.57666015625,3651519.0
2019-07-29,5833.33349609375,4136.93505859375,2548791.0
2019-07-30,5833.33349609375,4136.93505859375,2548791.0
2019-07-31,5813.33349609375,4122.75244140625,4772229.0
2019-08-01,5800.0,4113.29541015625,1895196.0
2019-08-02,5800.0,4113.29541015625,4263099.0
2019-08-05,5733.33349609375,4066.01708984375,2586087.0
2019-08-06,5733.33349609375,4066.01708984375,2586087.0
2019-08-07,5733.33349609375,4066.01708984375,0.0
2019-08-08,5793.33349609375,4108.56787109375,3249036.0
2019-08-09,5793.33349609375,4108.56787109375,3249036.0
2019-08-12,5753.33349609375,4080.200927734375,270618.0
2019-08-13,5753.33349609375,4080.200927734375,270618.0
2019-08-14,5766.66650390625,4089.65673828125,1538529.0
2019-08-15,5746.66650390625,4075.472900390625,1995462.0
2019-08-16,5733.33349609375,4066.01708984375,742110.0
2019-08-19,5733.33349609375,4066.01708984375,0.0
2019-08-20,5840.0,4141.66357421875,1140303.0
2019-08-21,5840.0,4141.66357421875,1140303.0
2019-08-22,5840.0,4141.66357421875,410169.0
2019-08-23,5826.66650390625,4132.20751953125,369909.0
2019-08-26,5800.0,4113.29541015625,1230606.0
2019-08-27,5800.0,4113.29541015625,1230606.0
2019-08-28,5820.0,4127.47998046875,4900293.0
2019-08-29,5846.66650390625,4146.39111328125,359367.0
2019-08-30,5853.33349609375,4151.11962890625,1335267.0
2019-09-02,5846.66650390625,4146.39111328125,90159.0
2019-09-03,5846.66650390625,4146.39111328125,90159.0
2019-09-04,5873.33349609375,4165.302734375,378921.0
2019-09-05,5873.33349609375,4165.302734375,425829.0
2019-09-06,5860.0,4155.84716796875,1682367.0
2019-09-09,5853.33349609375,4151.11962890625,972384.0
2019-09-10,5853.33349609375,4151.11962890625,972384.0
2019-09-11,5860.0,4155.84716796875,1136316.0
2019-09-12,5866.66650390625,4160.57666015625,1135929.0
2019-09-13,5860.0,4155.84716796875,979293.0
2019-09-16,5860.0,4155.84716796875,0.0
2019-09-17,5860.0,4155.84716796875,0.0
2019-09-18,5860.0,4155.84716796875,0.0
2019-09-19,5860.0,4155.84716796875,0.0
2019-09-20,5860.0,4155.84716796875,0.0
2019-09-23,5860.0,4155.84716796875,0.0
2019-09-24,5860.0,4155.84716796875,0.0
2019-09-25,5860.0,4155.84716796875,0.0
2019-09-26,5860.0,4155.84716796875,0.0
2019-09-27,5860.0,4155.84716796875,0.0
2019-09-30,5860.0,4155.84716796875,0.0
2019-10-01,5860.0,4155.84716796875,0.0
2019-10-02,5860.0,4174.3759765625,0.0
2019-10-03,5860.0,4174.3759765625,0.0
2019-10-04,5860.0,4174.3759765625,0.0
2019-10-07,5860.0,4174.3759765625,0.0
2019-10-08,5860.0,4174.3759765625,0.0
2019-10-09,5860.0,4174.3759765625,0.0
2019-10-10,5860.0,4174.3759765625,0.0
2019-10-11,5860.0,4174.3759765625,0.0
2019-10-14,5860.0,4174.3759765625,0.0
2019-10-15,5860.0,4174.3759765625,0.0
2019-10-16,5860.0,4174.3759765625,0.0
2019-10-17,5860.0,4174.3759765625,0.0
2019-10-18,5860.0,4174.3759765625,0.0
2019-10-21,5933.33349609375,4226.61474609375,14422902.0
2019-10-22,5933.33349609375,4226.61474609375,14422902.0
2019-10-23,5953.33349609375,4240.861328125,12137877.0
2019-10-24,5960.0,4245.6103515625,4487793.0
2019-10-25,5966.66650390625,4250.359375,1922649.0
2019-10-28,5960.0,4245.6103515625,1178235.0
2019-10-29,5960.0,4245.6103515625,1178235.0
2019-10-30,5953.33349609375,4240.861328125,3065094.0
2019-10-31,5966.66650390625,4250.359375,8362770.0
2019-11-01,5966.66650390625,4250.359375,8362770.0
2019-11-04,5966.66650390625,4250.359375,0.0
2019-11-05,5966.66650390625,4250.359375,332673.0
2019-11-06,5966.66650390625,4250.359375,516531.0
2019-11-07,5993.33349609375,4269.3564453125,657657.0
2019-11-08,5980.0,4259.857421875,8064240.0
2019-11-11,5980.0,4259.857421875,0.0
2019-11-12,5966.66650390625,4250.359375,1124763.0
2019-11-13,5980.0,4259.857421875,5551341.0
2019-11-14,5986.66650390625,4264.6064453125,205164.0
2019-11-15,5980.0,4259.857421875,429261.0
2019-11-18,5966.66650390625,4250.359375,20277.0
2019-11-19,5666.66650390625,4036.654052734375,134853.0
2019-11-20,5413.33349609375,3856.193115234375,18702.0
2019-11-21,5020.0,3576.001220703125,53949.0
2019-11-22,5000.0,3561.754150390625,1297248441.0
2019-11-25,5200.0,3704.223876953125,2790.0
2019-11-26,5000.0,3561.754150390625,215664.0
2019-11-27,4866.66650390625,3466.77392578125,185817.0
2019-11-28,5000.0,3561.754150390625,200922.0
2019-11-29,5000.0,3561.754150390625,200922.0
2019-12-02,4893.33349609375,3485.770263671875,36687.0
2019-12-03,4666.66650390625,3324.3037109375,81492.0
2019-12-04,4533.33349609375,3229.32421875,790590.0
2019-12-05,4526.66650390625,3224.574462890625,12873.0
2019-12-06,4400.0,3134.34326171875,377904.0
2019-12-09,4346.66650390625,3096.350830078125,152064.0
2019-12-10,4340.0,3091.6025390625,71868.0
2019-12-11,4526.66650390625,3224.574462890625,30423.0
2019-12-12,4666.66650390625,3324.3037109375,40497.0
2019-12-13,4666.66650390625,3324.3037109375,161352.0
2019-12-16,4713.33349609375,3357.546875,14457.0
2019-12-17,4666.66650390625,3324.3037109375,91488.0
2019-12-18,4633.33349609375,3300.558837890625,94014.0
2019-12-19,4666.66650390625,3324.3037109375,13080.0
2019-12-20,4533.33349609375,3229.32421875,37332.0
2019-12-23,4666.66650390625,3324.3037109375,9330.0
2019-12-24,4666.66650390625,3324.3037109375,510.0
2019-12-25,4666.66650390625,3324.3037109375,0.0
2019-12-26,4626.66650390625,3295.8095703125,19152.0
2019-12-27,4620.0,3291.06103515625,5157.0
2019-12-30,4626.66650390625,3295.8095703125,5505.0
2019-12-31,4626.66650390625,3295.8095703125,0.0
2020-01-01,4626.66650390625,3295.8095703125,0.0
2020-01-02,4626.66650390625,3295.8095703125,0.0
2020-01-03,4533.33349609375,3247.580810546875,105027.0
2020-01-06,4533.33349609375,3247.580810546875,0.0
2020-01-07,4466.66650390625,3199.822021484375,48774.0
2020-01-08,4466.66650390625,3199.822021484375,48774.0
2020-01-09,4533.33349609375,3247.580810546875,19149.0
2020-01-10,4533.33349609375,3247.580810546875,19149.0
2020-01-13,4446.66650390625,3185.494384765625,98544.0
2020-01-14,4433.33349609375,3175.94287109375,75945.0
2020-01-15,4333.33349609375,3104.304931640625,113631.0
2020-01-16,4293.33349609375,3075.64990234375,77088.0
2020-01-17,4293.33349609375,3075.64990234375,77088.0
2020-01-20,4400.0,3152.063232421875,228.0
2020-01-21,4400.0,3152.063232421875,360.0
2020-01-22,4400.0,3152.063232421875,285.0
2020-01-23,4266.66650390625,3056.54638671875,255510.0
2020-01-24,4320.0,3094.75390625,13209.0
2020-01-27,4206.66650390625,3013.563720703125,65304.0
2020-01-28,4186.66650390625,2999.236328125,127251.0
2020-01-29,4166.66650390625,2984.908447265625,220320.0
2020-01-30,4186.66650390625,2999.236328125,261774.0
2020-01-31,4600.0,3295.339599609375,460224.0
2020-02-03,4753.33349609375,3405.184326171875,645648.0
2020-02-04,4980.0,3567.563232421875,115623.0
2020-02-05,4966.66650390625,3558.0107421875,119985.0
2020-02-06,5000.0,3581.890625,16845.0
2020-02-07,4900.0,3510.25244140625,23400.0
2020-02-10,4733.33349609375,3390.8564453125,262803.0
2020-02-11,4826.66650390625,3457.718017578125,24750.0
2020-02-12,4706.66650390625,3371.7529296875,150912.0
2020-02-13,4840.0,3467.270263671875,9894.0
2020-02-14,4840.0,3467.270263671875,540.0
2020-02-17,4833.33349609375,3462.494140625,4803.0
2020-02-18,4793.33349609375,3433.8388671875,28674.0
2020-02-19,4720.0,3381.3046875,7530.0
2020-02-20,4866.66650390625,3486.373291015625,7212.0
2020-02-21,4900.0,3510.25244140625,4500.0
2020-02-24,4813.33349609375,3448.16650390625,18234.0
2020-02-25,4600.0,3295.339599609375,743097.0
2020-02-26,5093.33349609375,3648.752197265625,2048880.0
2020-02-27,5140.0,3682.18310546875,191661.0
2020-02-28,5253.33349609375,3763.372802734375,210426.0
2020-03-02,5253.33349609375,3763.372802734375,3600.0
2020-03-03,5200.0,3725.165771484375,72036.0
2020-03-04,5180.0,3710.838134765625,84102.0
2020-03-05,5166.66650390625,3701.28662109375,254469.0
2020-03-06,5180.0,3710.838134765625,24189.0
2020-03-09,5313.33349609375,3806.35595703125,24903.0
2020-03-10,5313.33349609375,3806.35595703125,24903.0
2020-03-11,5093.33349609375,3648.752197265625,8583.0
2020-03-12,5160.0,3696.510986328125,8943.0
2020-03-13,5160.0,3696.510986328125,8943.0
2020-03-16,4833.33349609375,3462.494140625,9261.0
2020-03-17,4986.66650390625,3572.3388671875,21078.0
2020-03-18,4666.66650390625,3343.097900390625,69036.0
2020-03-19,5000.0,3581.890625,30573.0
2020-03-20,4100.0,2937.150390625,186378.0
2020-03-23,4100.0,2937.150390625,0.0
2020-03-24,4693.33349609375,3362.201171875,42657.0
2020-03-25,4986.66650390625,3572.3388671875,60762.0
2020-03-26,4986.66650390625,4267.86328125,60762.0
2020-03-27,4080.0,3491.88818359375,84174.0
2020-03-30,4000.0,3423.419921875,200019.0
2020-03-31,4026.666748046875,3446.242919921875,211452.0
2020-04-01,3920.0,3354.951416015625,63297.0
2020-04-02,3946.666748046875,3377.7744140625,14109.0
2020-04-03,3993.333251953125,3417.71435546875,29922.0
2020-04-06,3960.0,3389.185791015625,106167.0
2020-04-07,3926.666748046875,3360.65771484375,122541.0
2020-04-08,3900.0,3337.83447265625,101367.0
2020-04-09,3900.0,3337.83447265625,0.0
2020-04-10,3900.0,3337.83447265625,0.0
2020-04-13,3833.333251953125,3280.77783203125,82704.0
2020-04-14,3920.0,3354.951416015625,46377.0
2020-04-15,3800.0,3252.248779296875,76593.0
2020-04-16,3766.666748046875,3223.720458984375,59742.0
2020-04-17,3680.0,3149.54638671875,212493.0
2020-04-20,3746.666748046875,3206.603515625,139224.0
2020-04-21,3700.0,3166.6630859375,46995.0
2020-04-22,4000.0,3423.419921875,249504.0
2020-04-23,4040.0,3457.654052734375,49770.0
2020-04-24,4000.0,3423.419921875,39354.0
2020-04-27,4013.333251953125,3434.831298828125,14721.0
2020-04-28,3933.333251953125,3366.36279296875,45678.0
2020-04-29,3833.333251953125,3280.77783203125,93399.0
2020-04-30,3900.0,3337.83447265625,63153.0
2020-05-01,3900.0,3337.83447265625,0.0
2020-05-04,3866.666748046875,3309.30615234375,3837.0
2020-05-05,3893.333251953125,3332.128662109375,48507.0
2020-05-06,3833.333251953125,3280.77783203125,21348.0
2020-05-07,3893.333251953125,3332.128662109375,4992.0
2020-05-08,3933.333251953125,3366.36279296875,18468.0
2020-05-11,3680.0,3149.54638671875,63303.0
2020-05-12,3980.0,3406.302734375,19800.0
2020-05-13,3980.0,3406.302734375,4824.0
2020-05-14,3833.333251953125,3280.77783203125,21339.0
2020-05-15,3833.333251953125,3280.77783203125,2865.0
2020-05-18,3766.666748046875,3223.720458984375,31194.0
2020-05-19,3766.666748046875,3223.720458984375,114477.0
2020-05-20,3786.666748046875,3240.837646484375,23688.0
2020-05-21,3786.666748046875,3240.837646484375,23688.0
2020-05-22,3813.333251953125,3263.659912109375,15423.0
2020-05-25,3813.333251953125,3263.659912109375,0.0
2020-05-26,3813.333251953125,3263.659912109375,0.0
2020-05-27,3733.333251953125,3195.19189453125,56325.0
2020-05-28,3640.0,3115.31201171875,36348.0
2020-05-29,3333.333251953125,2852.849853515625,170667.0
2020-06-01,3566.666748046875,3052.549560546875,6225.0
2020-06-02,3566.666748046875,3052.549560546875,9561.0
2020-06-03,3566.666748046875,3052.549560546875,9561.0
2020-06-04,3533.333251953125,3024.020751953125,201789.0
2020-06-05,3566.666748046875,3052.549560546875,174336.0
2020-06-08,3620.0,3098.19482421875,85902.0
2020-06-09,3566.666748046875,3052.549560546875,17403.0
2020-06-10,3633.333251953125,3109.60595703125,105027.0
2020-06-11,3400.0,2909.906494140625,69996.0
2020-06-12,3400.0,2909.906494140625,84183.0
2020-06-15,3400.0,2909.906494140625,0.0
2020-06-16,3480.0,2978.37548828125,52401.0
2020-06-17,3400.0,2909.906494140625,7701.0
2020-06-18,3406.666748046875,2915.613037109375,12957.0
2020-06-19,3433.333251953125,2938.435546875,186426.0
2020-06-22,3433.333251953125,2938.435546875,0.0
2020-06-23,3366.666748046875,2881.3779296875,83826.0
2020-06-24,3333.333251953125,2852.849853515625,74586.0
2020-06-25,3333.333251953125,2852.849853515625,144510.0
2020-06-26,3433.333251953125,2938.435546875,94992.0
2020-06-29,3433.333251953125,2938.435546875,0.0
2020-06-30,3333.333251953125,2852.849853515625,5976.0
2020-07-01,3393.333251953125,2904.201416015625,14760.0
2020-07-02,3406.666748046875,2915.613037109375,7830.0
2020-07-03,3400.0,2909.906494140625,18417.0
2020-07-06,3420.0,2927.0244140625,23517.0
2020-07-07,3406.666748046875,2915.613037109375,6795.0
2020-07-08,3393.333251953125,2904.201416015625,7053.0
2020-07-09,3373.333251953125,2887.084228515625,38901.0
2020-07-10,3333.333251953125,2852.849853515625,183018.0
2020-07-13,3333.333251953125,2852.849853515625,1410.0
2020-07-14,3333.333251953125,2852.849853515625,345.0
2020-07-15,3340.0,2858.5556640625,42558.0
2020-07-16,3340.0,2858.5556640625,5610.0
2020-07-17,3360.0,2875.672607421875,18549.0
2020-07-20,3360.0,2875.672607421875,0.0
2020-07-21,3406.666748046875,2915.613037109375,15900.0
2020-07-22,3406.666748046875,2915.613037109375,492.0
2020-07-23,3433.333251953125,2938.435546875,57585.0
2020-07-24,3420.0,2927.0244140625,8952.0
2020-07-27,3400.0,2909.906494140625,83976.0
2020-07-28,3433.333251953125,2938.435546875,130914.0
2020-07-29,3493.333251953125,2989.786865234375,1261845.0
2020-07-30,3433.333251953125,2938.435546875,342018.0
2020-07-31,3433.333251953125,2938.435546875,128403.0
2020-08-03,3433.333251953125,2938.435546875,884343.0
2020-08-04,3433.333251953125,2938.435546875,354672.0
2020-08-05,3440.0,2944.14111328125,13449.0
2020-08-06,3440.0,2944.14111328125,9237.0
2020-08-07,3440.0,2944.14111328125,0.0
2020-08-10,3446.666748046875,2949.846923828125,3231.0
2020-08-11,3526.666748046875,3018.315185546875,84981.0
2020-08-12,3526.666748046875,3018.315185546875,1500.0
2020-08-13,3480.0,2978.37548828125,16026.0
2020-08-14,3520.0,3012.609375,20037.0
2020-08-17,3520.0,3012.609375,0.0
2020-08-18,3586.666748046875,3069.66650390625,62151.0
2020-08-19,3666.666748046875,3138.135009765625,128151.0
2020-08-20,3786.666748046875,3240.837646484375,240210.0
2020-08-21,3766.666748046875,3223.720458984375,121944.0
2020-08-24,3766.666748046875,3223.720458984375,0.0
2020-08-25,3800.0,3252.248779296875,41169.0
2020-08-26,3766.666748046875,3223.720458984375,42840.0
2020-08-27,3833.333251953125,3280.77783203125,1953.0
2020-08-28,3833.333251953125,3280.77783203125,7695.0
2020-08-31,3766.666748046875,3223.720458984375,15579.0
2020-09-01,3853.333251953125,3297.894287109375,22644.0
2020-09-02,3860.0,3303.600341796875,153645.0
2020-09-03,3860.0,3303.600341796875,53091.0
2020-09-04,3873.333251953125,3315.01171875,7575.0
2020-09-07,3873.333251953125,3315.01171875,1080.0
2020-09-08,3860.0,3303.600341796875,8709.0
2020-09-09,3826.666748046875,3275.072021484375,1881.0
2020-09-10,3793.333251953125,3246.543701171875,47964.0
2020-09-11,3793.333251953125,3246.543701171875,600.0
2020-09-14,3793.333251953125,3246.543701171875,651.0
2020-09-15,3806.666748046875,3257.954833984375,15237.0
2020-09-16,3793.333251953125,3246.543701171875,16011.0
2020-09-17,3793.333251953125,3246.543701171875,16011.0
2020-09-18,3806.666748046875,3257.954833984375,19635.0
2020-09-21,3700.0,3166.6630859375,27615.0
2020-09-22,3766.666748046875,3223.720458984375,8166.0
2020-09-23,3766.666748046875,3223.720458984375,8166.0
2020-09-24,3693.333251953125,3160.95751953125,7725.0
2020-09-25,3666.666748046875,3138.135009765625,16395.0
2020-09-28,3666.666748046875,3138.135009765625,0.0
2020-09-29,3673.333251953125,3143.8408203125,8331.0
2020-09-30,3733.333251953125,3195.19189453125,9789.0
2020-10-01,3733.333251953125,3195.19189453125,2664.0
2020-10-02,3733.333251953125,3195.19189453125,2664.0
2020-10-05,3766.666748046875,3223.720458984375,4971.0
2020-10-06,3766.666748046875,3223.720458984375,4971.0
2020-10-07,3766.666748046875,3223.720458984375,540.0
2020-10-08,3766.666748046875,3223.720458984375,540.0
2020-10-09,3726.666748046875,3189.486328125,19146.0
2020-10-12,3726.666748046875,3189.486328125,0.0
2020-10-13,3726.666748046875,3189.486328125,13494.0
2020-10-14,3726.666748046875,3189.486328125,13494.0
2020-10-15,3726.666748046875,3189.486328125,2511.0
2020-10-16,3726.666748046875,3189.486328125,2511.0
2020-10-19,3726.666748046875,3189.486328125,0.0
2020-10-20,3660.0,3132.42919921875,7875.0
2020-10-21,3660.0,3132.42919921875,7875.0
2020-10-22,3666.666748046875,3138.135009765625,16959.0
2020-10-23,3703.333251953125,3169.516357421875,21816.0
2020-10-26,3703.333251953125,3169.516357421875,300.0
2020-10-27,3703.333251953125,3169.516357421875,294.0
2020-10-28,3703.333251953125,3169.516357421875,906.0
2020-10-29,3433.333251953125,2938.435546875,401493.0
2020-10-30,3573.333251953125,3058.2548828125,173172.0
2020-11-02,3573.333251953125,3058.2548828125,0.0
2020-11-03,3573.333251953125,3058.2548828125,3690.0
2020-11-04,3573.333251953125,3058.2548828125,1041.0
2020-11-05,3573.333251953125,3058.2548828125,522.0
2020-11-06,3573.333251953125,3058.2548828125,522.0
2020-11-09,3700.0,3166.6630859375,14667.0
2020-11-10,3606.666748046875,3086.783447265625,5592.0
2020-11-11,3703.333251953125,3169.516357421875,17226.0
2020-11-12,3666.666748046875,3138.135009765625,77856.0
2020-11-13,3666.666748046875,3138.135009765625,2433.0
2020-11-16,3666.666748046875,3138.135009765625,0.0
2020-11-17,3746.666748046875,3206.603515625,136284.0
2020-11-18,3746.666748046875,3206.603515625,84000.0
2020-11-19,3746.666748046875,3206.603515625,1194.0
2020-11-20,4200.0,3594.5908203125,350001.0
2020-11-23,4166.66650390625,3566.06201171875,35001.0
2020-11-24,4290.0,3671.618408203125,66645.0
2020-11-25,4166.66650390625,3566.06201171875,9858.0
2020-11-26,4266.66650390625,3651.647705078125,8301.0
2020-11-27,4333.33349609375,3708.70458984375,30792.0
2020-11-30,4266.66650390625,3651.647705078125,12135.0
2020-12-01,4333.33349609375,3708.70458984375,7635.0
2020-12-02,4430.0,3791.4375,76014.0
2020-12-03,4393.33349609375,3760.055908203125,8760.0
2020-12-04,4393.33349609375,3760.055908203125,8760.0
2020-12-07,4630.0,3962.6083984375,103131.0
2020-12-08,4630.0,3962.6083984375,0.0
2020-12-09,4666.66650390625,3993.99072265625,65205.0
2020-12-10,4583.33349609375,3922.66845703125,158271.0
2020-12-11,4560.0,3902.698974609375,49500.0
2020-12-14,4663.33349609375,3991.13671875,6822.0
2020-12-15,4653.33349609375,3982.578369140625,6804.0
2020-12-16,4653.33349609375,3982.578369140625,20211.0
2020-12-17,4566.66650390625,3908.40478515625,6900.0
2020-12-18,4570.0,3911.257080078125,18015.0
2020-12-21,4466.66650390625,3822.8193359375,12198.0
2020-12-22,4500.0,3851.34765625,10878.0
2020-12-23,4530.0,3877.022705078125,26430.0
2020-12-24,4453.33349609375,3811.408203125,5262.0
2020-12-25,4453.33349609375,3811.408203125,0.0
2020-12-28,4600.0,3936.933349609375,106707.0
2020-12-29,4576.66650390625,3916.962646484375,4995.0
2020-12-30,4630.0,3962.6083984375,75150.0
2020-12-31,4630.0,3962.6083984375,0.0
2021-01-01,4630.0,3962.6083984375,0.0
2021-01-04,4550.0,3894.140380859375,11706.0
2021-01-05,4596.66650390625,3934.079833984375,5130.0
2021-01-06,4563.33349609375,3905.551513671875,8100.0
2021-01-07,4560.0,3902.698974609375,34011.0
2021-01-08,4563.33349609375,3905.551513671875,24000.0
2021-01-11,4563.33349609375,3905.551513671875,0.0
2021-01-12,4496.66650390625,3848.494140625,47073.0
2021-01-13,4496.66650390625,3848.494140625,70527.0
2021-01-14,4550.0,3894.140380859375,94671.0
2021-01-15,4500.0,3851.34765625,3000.0
2021-01-18,4500.0,3851.34765625,1725.0
2021-01-19,4530.0,3877.022705078125,4824.0
2021-01-20,4530.0,3877.022705078125,2349.0
2021-01-21,4533.33349609375,3879.876708984375,41853.0
2021-01-22,4530.0,3877.022705078125,11253.0
2021-01-25,4500.0,3851.34765625,3627.0
2021-01-26,4533.33349609375,3879.876708984375,86559.0
2021-01-27,4533.33349609375,3879.876708984375,942.0
2021-01-28,4646.66650390625,3976.873291015625,79371.0
2021-01-29,4506.66650390625,3857.052978515625,24420.0
2021-02-01,4506.66650390625,3857.052978515625,0.0
2021-02-02,4600.0,3936.933349609375,21525.0
2021-02-03,4583.33349609375,3922.66845703125,4509.0
2021-02-04,4583.33349609375,3922.66845703125,10953.0
2021-02-05,4603.33349609375,3939.785888671875,13500.0
2021-02-08,4580.0,3919.81591796875,22470.0
2021-02-09,4580.0,3919.81591796875,22470.0
2021-02-10,4580.0,3919.81591796875,345.0
2021-02-11,4483.33349609375,3837.08349609375,31935.0
2021-02-12,4563.33349609375,3905.551513671875,9498.0
2021-02-15,4550.0,3894.140380859375,9417.0
2021-02-16,4550.0,3894.140380859375,7065.0
2021-02-17,4593.33349609375,3931.2275390625,30735.0
2021-02-18,4566.66650390625,3908.40478515625,66744.0
2021-02-19,4566.66650390625,3908.40478515625,9213.0
2021-02-22,4556.66650390625,3899.845458984375,45861.0
2021-02-23,4613.33349609375,3948.34521484375,50442.0
2021-02-24,4600.0,3936.933349609375,4833.0
2021-02-25,4550.0,3894.140380859375,47682.0
2021-02-26,4550.0,3894.140380859375,510.0
2021-03-01,4550.0,3894.140380859375,900.0
2021-03-02,4596.66650390625,3934.079833984375,4050.0
2021-03-03,4500.0,3851.34765625,77400.0
2021-03-04,4500.0,3851.34765625,12816.0
2021-03-05,4533.33349609375,3879.876708984375,8841.0
2021-03-08,4533.33349609375,3879.876708984375,0.0
2021-03-09,4533.33349609375,3879.876708984375,1089.0
2021-03-10,4523.33349609375,3871.31787109375,15201.0
2021-03-11,4523.33349609375,3871.31787109375,552.0
2021-03-12,4600.0,3936.933349609375,139947.0
2021-03-15,4603.33349609375,3939.785888671875,4410.0
2021-03-16,4583.33349609375,3922.66845703125,86682.0
2021-03-17,4583.33349609375,3922.66845703125,86682.0
2021-03-18,4533.33349609375,3879.876708984375,159858.0
2021-03-19,4500.0,3851.34765625,253530.0
2021-03-22,4500.0,3851.34765625,0.0
2021-03-23,4583.33349609375,3922.66845703125,9837.0
2021-03-24,4530.0,3877.022705078125,31089.0
2021-03-25,4563.33349609375,3905.551513671875,6699.0
2021-03-26,4560.0,4016.233154296875,7692.0
2021-03-29,4560.0,4016.233154296875,84000.0
2021-03-30,4560.0,4016.233154296875,84000.0
2021-03-31,4560.0,4016.233154296875,0.0
2021-04-01,4560.0,4016.233154296875,0.0
2021-04-02,4560.0,4016.233154296875,0.0
2021-04-05,4560.0,4016.233154296875,0.0
2021-04-06,4450.0,3919.349853515625,15045.0
2021-04-07,4443.33349609375,3913.478515625,3876.0
2021-04-08,4410.0,3884.119873046875,48534.0
2021-04-09,4333.33349609375,3816.595458984375,48714.0
2021-04-12,4303.33349609375,3790.17333984375,41226.0
2021-04-13,4303.33349609375,3790.17333984375,258.0
2021-04-14,4303.33349609375,3790.17333984375,258.0
2021-04-15,4000.0,3523.011474609375,38781.0
2021-04-16,4000.0,3523.011474609375,426.0
2021-04-19,4063.333251953125,3578.792236328125,13923.0
2021-04-20,3966.666748046875,3493.65283203125,25626.0
2021-04-21,3966.666748046875,3493.65283203125,3210.0
2021-04-22,3933.333251953125,3464.29443359375,16296.0
2021-04-23,3933.333251953125,3464.29443359375,1494.0
2021-04-26,3933.333251953125,3464.29443359375,0.0
2021-04-27,3833.333251953125,3376.219482421875,35844.0
2021-04-28,3833.333251953125,3376.219482421875,35844.0
2021-04-29,3833.333251953125,3376.219482421875,12075.0
2021-04-30,3890.0,3426.12841796875,16185.0
2021-05-03,3900.0,3434.936279296875,6000.0
2021-05-04,3826.666748046875,3370.34765625,44748.0
2021-05-05,3806.666748046875,3352.732421875,184845.0
2021-05-06,3686.666748046875,3247.041748046875,61743.0
2021-05-07,4193.33349609375,3693.29052734375,547272.0
2021-05-10,4366.66650390625,3845.953857421875,112092.0
2021-05-11,4193.33349609375,3693.29052734375,35562.0
2021-05-12,4163.33349609375,3666.86767578125,24246.0
2021-05-13,4173.33349609375,3675.675048828125,12600.0
2021-05-14,4100.0,3611.086181640625,12318.0
2021-05-17,4100.0,3611.086181640625,0.0
2021-05-18,4100.0,3611.086181640625,26172.0
2021-05-19,3953.333251953125,3481.909423828125,2658.0
2021-05-20,3950.0,3478.9736328125,22242.0
2021-05-21,3950.0,3478.9736328125,450.0
2021-05-24,3930.0,3461.358642578125,19014.0
2021-05-25,3833.333251953125,3376.219482421875,19812.0
2021-05-26,3830.0,3373.283203125,58764.0
2021-05-27,3893.333251953125,3429.064453125,236040.0
2021-05-28,4000.0,3523.011474609375,7944.0
2021-05-31,4000.0,3523.011474609375,252.0
2021-06-01,4000.0,3523.011474609375,252.0
2021-06-02,3993.333251953125,3517.1396484375,22689.0
2021-06-03,4053.333251953125,3569.98486328125,5067.0
2021-06-04,4016.666748046875,3537.690673828125,7200.0
2021-06-07,4016.666748046875,3537.690673828125,0.0
2021-06-08,4016.666748046875,3537.690673828125,516.0
2021-06-09,3983.333251953125,3508.33203125,14820.0
2021-06-10,3983.333251953125,3508.33203125,14820.0
2021-06-11,3930.0,3461.358642578125,21735.0
2021-06-14,3930.0,3461.358642578125,0.0
2021-06-15,4000.0,3523.011474609375,30435.0
2021-06-16,4000.0,3523.011474609375,30435.0
2021-06-17,3970.0,3496.588623046875,6393.0
2021-06-18,3966.666748046875,3493.65283203125,33882.0
2021-06-21,3966.666748046875,3493.65283203125,0.0
2021-06-22,3966.666748046875,3493.65283203125,0.0
2021-06-23,3933.333251953125,3464.29443359375,13980.0
2021-06-24,4333.33349609375,3816.595458984375,170082.0
2021-06-25,4733.33349609375,4168.89697265625,236535.0
2021-06-28,4663.33349609375,4107.24365234375,29577.0
2021-06-29,4390.0,3866.505126953125,25185.0
2021-06-30,4533.33349609375,3992.746826171875,60927.0
2021-07-01,4480.0,3945.772705078125,6900.0
2021-07-02,4430.0,3901.735107421875,1950.0
2021-07-05,4430.0,3901.735107421875,0.0
2021-07-06,4233.33349609375,3728.5205078125,48510.0
2021-07-07,4233.33349609375,3728.5205078125,834.0
2021-07-08,4166.66650390625,3669.80322265625,892707.0
2021-07-09,4180.0,3681.547119140625,12510.0
2021-07-12,4166.66650390625,3669.80322265625,2679.0
2021-07-13,4123.33349609375,3631.637451171875,6033.0
2021-07-14,4106.66650390625,3616.9580078125,3300.0
2021-07-15,4106.66650390625,3616.9580078125,33.0
2021-07-16,4106.66650390625,3616.9580078125,33.0
2021-07-19,4090.0,3602.27880859375,10098.0
2021-07-20,4090.0,3602.27880859375,0.0
2021-07-21,4056.666748046875,3572.92041015625,74997.0
2021-07-22,4060.0,3575.856689453125,21372.0
2021-07-23,4053.333251953125,3569.98486328125,12471.0
2021-07-26,4180.0,3681.547119140625,2259.0
2021-07-27,4180.0,3681.547119140625,2259.0
2021-07-28,4166.66650390625,3669.80322265625,110481.0
2021-07-29,4193.33349609375,3693.29052734375,6294.0
2021-07-30,4286.66650390625,3775.493408203125,1767.0
2021-08-02,4286.66650390625,3775.493408203125,0.0
2021-08-03,4193.33349609375,3693.29052734375,4458.0
2021-08-04,4193.33349609375,3693.29052734375,4296.0
2021-08-05,4193.33349609375,3693.29052734375,4296.0
2021-08-06,4170.0,3672.739013671875,3585.0
2021-08-09,4170.0,3672.739013671875,0.0
2021-08-10,4170.0,3672.739013671875,0.0
2021-08-11,4170.0,3672.739013671875,0.0
2021-08-12,4200.0,3699.16162109375,3528.0
2021-08-13,4200.0,3699.16162109375,3528.0
2021-08-16,4200.0,3699.16162109375,0.0
2021-08-17,4200.0,3699.16162109375,0.0
2021-08-18,4200.0,3699.16162109375,6000.0
2021-08-19,4200.0,3699.16162109375,531.0
2021-08-20,4183.33349609375,3684.48291015625,15429.0
2021-08-23,4210.0,3707.96923828125,16746.0
2021-08-24,4210.0,3707.96923828125,16746.0
2021-08-25,4210.0,3707.96923828125,0.0
2021-08-26,4200.0,3699.16162109375,96300.0
2021-08-27,4163.33349609375,3666.86767578125,17334.0
2021-08-30,4163.33349609375,3666.86767578125,252.0
2021-08-31,4146.66650390625,3652.18798828125,19518.0
2021-09-01,4160.0,3663.931640625,23625.0
2021-09-02,4160.0,3663.931640625,4953.0
2021-09-03,4160.0,3663.931640625,4953.0
2021-09-06,4160.0,3663.931640625,12240.0
2021-09-07,4093.333251953125,3605.21484375,132885.0
2021-09-08,4033.333251953125,3552.36962890625,2355.0
2021-09-09,4100.0,3611.086181640625,2565.0
2021-09-10,4100.0,3611.086181640625,13323.0
2021-09-13,4100.0,3611.086181640625,1050.0
2021-09-14,4100.0,3611.086181640625,2286.0
2021-09-15,4073.333251953125,3587.599853515625,30843.0
2021-09-16,4000.0,3523.011474609375,106446.0
2021-09-17,3936.666748046875,3467.23046875,350598.0
2021-09-20,3950.0,3478.9736328125,6030.0
2021-09-21,3930.0,3461.358642578125,13800.0
2021-09-22,3930.0,3461.358642578125,1314.0
2021-09-23,3930.0,3461.358642578125,11424.0
2021-09-24,3930.0,3461.358642578125,11424.0
2021-09-27,3933.333251953125,3464.29443359375,7083.0
2021-09-28,3933.333251953125,3464.29443359375,7083.0
2021-09-29,3933.333251953125,3464.29443359375,0.0
2021-09-30,3883.333251953125,3420.256591796875,167376.0
2021-10-01,3883.333251953125,3420.256591796875,9033.0
2021-10-04,3833.333251953125,3376.219482421875,159936.0
2021-10-05,3833.333251953125,3376.219482421875,241119.0
2021-10-06,3833.333251953125,3376.219482421875,109821.0
2021-10-07,3970.0,3496.588623046875,495726.0
2021-10-08,3976.666748046875,3502.46044921875,19773.0
2021-10-11,3993.333251953125,3517.1396484375,26943.0
2021-10-12,3980.0,3505.39599609375,40950.0
2021-10-13,3980.0,3505.39599609375,40950.0
2021-10-14,3933.333251953125,3464.29443359375,33423.0
2021-10-15,3913.333251953125,3446.67919921875,17475.0
2021-10-18,3913.333251953125,3446.67919921875,0.0
2021-10-19,3926.666748046875,3458.4228515625,7992.0
2021-10-20,3900.0,3434.936279296875,8550.0
2021-10-21,3863.333251953125,3402.6416015625,47076.0
2021-10-22,3863.333251953125,3402.6416015625,771.0
2021-10-25,3836.666748046875,3379.155029296875,43140.0
2021-10-26,3833.333251953125,3376.219482421875,77100.0
2021-10-27,3833.333251953125,3376.219482421875,114921.0
2021-10-28,3833.333251953125,3376.219482421875,39660.0
2021-10-29,3900.0,3434.936279296875,67563.0
2021-11-01,3900.0,3434.936279296875,0.0
2021-11-02,3923.333251953125,3455.48681640625,10965.0
2021-11-03,3833.333251953125,3376.219482421875,30066.0
2021-11-04,3833.333251953125,3376.219482421875,50748.0
2021-11-05,3833.333251953125,3376.219482421875,21243.0
2021-11-08,3896.666748046875,3432.000244140625,101490.0
2021-11-09,3833.333251953125,3376.219482421875,34239.0
2021-11-10,3846.666748046875,3387.962890625,12276.0
2021-11-11,3833.333251953125,3376.219482421875,11916.0
2021-11-12,3866.666748046875,3405.57763671875,61416.0
2021-11-15,3866.666748046875,3405.57763671875,0.0
2021-11-16,3833.333251953125,3376.219482421875,62535.0
2021-11-17,3846.666748046875,3387.962890625,23688.0
2021-11-18,3833.333251953125,3376.219482421875,5796.0
2021-11-19,3813.333251953125,3358.60400390625,48297.0
2021-11-22,3833.333251953125,3376.219482421875,8667.0
2021-11-23,3833.333251953125,3376.219482421875,855.0
2021-11-24,3830.0,3373.283203125,6063.0
2021-11-25,3830.0,3373.283203125,690.0
2021-11-26,3803.333251953125,3349.796630859375,39630.0
2021-11-29,3816.666748046875,3361.540283203125,8586.0
2021-11-30,3806.666748046875,3352.732421875,66984.0
2021-12-01,3833.333251953125,3376.219482421875,257619.0
2021-12-02,3800.0,3346.86083984375,59514.0
2021-12-03,3800.0,3346.86083984375,9285.0
2021-12-06,3796.666748046875,3343.9248046875,112932.0
2021-12-07,3800.0,3346.86083984375,19023.0
2021-12-08,3800.0,3346.86083984375,0.0
2021-12-09,3800.0,3346.86083984375,37095.0
2021-12-10,3800.0,3346.86083984375,2610.0
2021-12-13,3766.666748046875,3317.50244140625,14739.0
2021-12-14,3830.0,3373.283203125,5565.0
2021-12-15,3830.0,3373.283203125,1500.0
2021-12-16,3783.333251953125,3332.181640625,15477.0
2021-12-17,3760.0,3311.63037109375,74427.0
2021-12-20,3850.0,3390.8984375,2400.0
2021-12-21,3850.0,3390.8984375,834.0
2021-12-22,3833.333251953125,3376.219482421875,10224.0
2021-12-23,3826.666748046875,3370.34765625,12996.0
2021-12-24,3780.0,3329.245849609375,52869.0
2021-12-27,3853.333251953125,3393.833984375,21456.0
2021-12-28,3830.0,3373.283203125,20523.0
2021-12-29,3830.0,3373.283203125,20523.0
2021-12-30,3830.0,3373.283203125,552.0
2021-12-31,3830.0,3373.283203125,0.0
2022-01-03,3830.0,3373.283203125,0.0
2022-01-04,3833.333251953125,3376.219482421875,9297.0
2022-01-05,3776.666748046875,3326.309814453125,81717.0
2022-01-06,3733.333251953125,3288.1435546875,29961.0
2022-01-07,3733.333251953125,3288.1435546875,29961.0
2022-01-10,3733.333251953125,3288.1435546875,0.0
2022-01-11,3733.333251953125,3288.1435546875,0.0
2022-01-12,3816.666748046875,3361.540283203125,4857.0
2022-01-13,3766.666748046875,3317.50244140625,4275.0
2022-01-14,3766.666748046875,3317.50244140625,10845.0
2022-01-17,3766.666748046875,3317.50244140625,0.0
2022-01-18,3766.666748046875,3317.50244140625,0.0
2022-01-19,3766.666748046875,3317.50244140625,0.0
2022-01-20,3866.666748046875,3405.57763671875,71592.0
2022-01-21,3866.666748046875,3405.57763671875,71592.0
2022-01-24,3933.333251953125,3464.29443359375,7080.0
2022-01-25,3966.666748046875,3493.65283203125,40191.0
2022-01-26,3933.333251953125,3464.29443359375,3762.0
2022-01-27,3906.666748046875,3440.80810546875,13125.0
2022-01-28,3976.666748046875,3502.46044921875,7944.0
2022-01-31,3983.333251953125,3508.33203125,45600.0
2022-02-01,3933.333251953125,3464.29443359375,33615.0
2022-02-02,3893.333251953125,3429.064453125,39000.0
2022-02-03,3883.333251953125,3420.256591796875,4830.0
2022-02-04,3896.666748046875,3432.000244140625,17514.0
2022-02-07,3896.666748046875,3432.000244140625,0.0
2022-02-08,3833.333251953125,3376.219482421875,16749.0
2022-02-09,3896.666748046875,3432.000244140625,71847.0
2022-02-10,3896.666748046875,3432.000244140625,3114.0
2022-02-11,3896.666748046875,3432.000244140625,900.0
2022-02-14,3856.666748046875,3396.770263671875,4893.0
2022-02-15,3740.0,3294.015380859375,42264.0
2022-02-16,3826.666748046875,3370.34765625,20391.0
2022-02-17,3800.0,3346.86083984375,10380.0
2022-02-18,4000.0,3523.011474609375,133392.0
2022-02-21,3990.0,3514.203857421875,32202.0
2022-02-22,4816.66650390625,4242.29296875,564909.0
2022-02-23,4833.33349609375,4256.97216796875,88959.0
2022-02-24,4826.66650390625,4251.1005859375,68001.0
2022-02-25,5076.66650390625,4471.28857421875,204237.0
2022-02-28,5033.33349609375,4433.1220703125,103782.0
2022-03-01,5083.33349609375,4477.16015625,38031.0
2022-03-02,5160.0,4544.6845703125,47403.0
2022-03-03,5056.66650390625,4453.673828125,6537.0
2022-03-04,5133.33349609375,4521.197265625,98004.0
2022-03-07,5133.33349609375,4521.197265625,66189.0
2022-03-08,5136.66650390625,4524.13330078125,62832.0
2022-03-09,5733.33349609375,5049.64990234375,299691.0
2022-03-10,5783.33349609375,5093.68798828125,3753470520.0
2022-03-11,5783.33349609375,5093.68798828125,216465.0
2022-03-14,5833.33349609375,5137.724609375,27999.0
2022-03-15,5766.66650390625,5079.00732421875,6426.0
2022-03-16,5766.66650390625,5079.00732421875,71436.0
2022-03-17,5866.66650390625,5167.08251953125,97749.0
2022-03-18,5766.66650390625,5079.00732421875,91764.0
2022-03-21,5766.66650390625,5079.00732421875,0.0
2022-03-22,5766.66650390625,5079.00732421875,59829.0
2022-03-23,5833.33349609375,5137.724609375,25749.0
2022-03-24,5833.33349609375,5137.724609375,141015.0
2022-03-25,5740.0,5213.72021484375,77811.0
2022-03-28,5666.66650390625,5147.111328125,24000.0
2022-03-29,5666.66650390625,5147.111328125,3729.0
2022-03-30,5666.66650390625,5147.111328125,3729.0
2022-03-31,5650.0,5131.97216796875,84057.0
2022-04-01,5640.0,5122.88916015625,46299.0
2022-04-04,5640.0,5122.88916015625,0.0
2022-04-05,5510.0,5004.80810546875,38940.0
2022-04-06,5510.0,5004.80810546875,777.0
2022-04-07,5580.0,5068.39013671875,10674.0
2022-04-08,5566.66650390625,5056.27978515625,12000.0
2022-04-11,5456.66650390625,4956.365234375,2190.0
2022-04-12,5500.0,4995.72509765625,67428.0
2022-04-13,5500.0,4995.72509765625,969.0
2022-04-14,5500.0,4995.72509765625,0.0
2022-04-15,5500.0,4995.72509765625,0.0
2022-04-18,5500.0,4995.72509765625,54672.0
2022-04-19,5503.33349609375,4998.7529296875,144000.0
2022-04-20,5533.33349609375,5026.00244140625,11388.0
2022-04-21,5513.33349609375,5007.8359375,14850.0
2022-04-22,5566.66650390625,5056.27978515625,37635.0
2022-04-25,5500.0,4995.72509765625,17106.0
2022-04-26,5500.0,4995.72509765625,5400.0
2022-04-27,5433.33349609375,4935.17138671875,97956.0
2022-04-28,5433.33349609375,4935.17138671875,69456.0
2022-04-29,5433.33349609375,4935.17138671875,69456.0
2022-05-02,5466.66650390625,4965.4482421875,270216.0
2022-05-03,5500.0,4995.72509765625,536256.0
2022-05-04,5500.0,4995.72509765625,76137.0
2022-05-05,5633.33349609375,5116.8330078125,262494.0
2022-05-06,5630.0,5113.80615234375,220224.0
2022-05-09,4936.66650390625,4484.041015625,5857776.0
2022-05-10,4590.0,4169.16015625,1136877.0
2022-05-11,4630.0,4205.49169921875,257532.0
2022-05-12,4606.66650390625,4184.29833984375,133386.0
2022-05-13,4700.0,4269.07421875,97752.0
2022-05-16,4640.0,4214.57568359375,88149.0
2022-05-17,4666.66650390625,4238.796875,23541.0
2022-05-18,4630.0,4205.49169921875,45684.0
2022-05-19,4383.33349609375,3981.441650390625,107088.0
2022-05-20,4366.66650390625,3966.30322265625,89664.0
2022-05-23,4563.33349609375,4144.93798828125,44259.0
2022-05-24,3393.333251953125,3082.2109375,7053.0
2022-05-25,4583.33349609375,4163.1044921875,55278.0
2022-05-26,4353.33349609375,3954.192138671875,171246.0
2022-05-27,4290.0,3896.666015625,34551.0
2022-05-30,4290.0,3896.666015625,0.0
2022-05-31,4290.0,3896.666015625,50802.0
2022-06-01,4290.0,3896.666015625,24351.0
2022-06-02,4303.33349609375,3908.77685546875,23811.0
2022-06-03,4260.0,3869.416259765625,12339.0
2022-06-06,4400.0,3996.579345703125,21618.0
2022-06-07,4400.0,3996.579345703125,1470.0
2022-06-08,4326.66650390625,3929.969970703125,24822.0
2022-06-09,4326.66650390625,3929.969970703125,255.0
2022-06-10,4193.33349609375,3808.862060546875,87603.0
2022-06-13,4193.33349609375,3808.862060546875,44953806.0
2022-06-14,4033.333251953125,3663.531982421875,13416.0
2022-06-15,4130.0,3751.335205078125,8412.0
2022-06-16,4130.0,3751.335205078125,3168.0
2022-06-17,3900.0,3542.423583984375,10524.0
2022-06-20,3900.0,3542.423583984375,0.0
2022-06-21,3616.666748046875,3285.06787109375,6279.0
2022-06-22,3786.666748046875,3439.481201171875,478974.0
2022-06-23,3600.0,3269.92919921875,133284.0
2022-06-24,3763.333251953125,3418.287109375,24240.0
2022-06-27,3763.333251953125,3418.287109375,0.0
2022-06-28,3763.333251953125,3418.287109375,0.0
2022-06-29,3763.333251953125,3418.287109375,0.0
2022-06-30,3693.333251953125,3354.705078125,10791.0
2022-07-01,3693.333251953125,3354.705078125,1815.0
2022-07-04,3693.333251953125,3354.705078125,0.0
2022-07-05,3666.666748046875,3330.483154296875,8448.0
2022-07-06,3666.666748046875,3330.483154296875,8448.0
2022-07-07,3566.666748046875,3239.652099609375,22212.0
2022-07-08,3680.0,3342.59423828125,13263.0
2022-07-11,3680.0,3342.59423828125,64902.0
2022-07-12,3633.333251953125,3300.20654296875,6465.0
2022-07-13,3533.333251953125,3209.374755859375,29643.0
2022-07-14,3433.333251953125,3118.54345703125,44391.0
2022-07-15,3500.0,3179.097900390625,55983.0
2022-07-18,3600.0,3269.92919921875,9897.0
2022-07-19,3600.0,3269.92919921875,1194.0
2022-07-20,3600.0,3269.92919921875,0.0
2022-07-21,3400.0,3088.266845703125,58617.0
2022-07-22,3396.666748046875,3085.23876953125,11283.0
2022-07-25,3333.333251953125,3027.7119140625,76797.0
2022-07-26,3333.333251953125,3027.7119140625,12516.0
2022-07-27,3333.333251953125,3027.7119140625,9333.0
2022-07-28,3400.0,3088.266845703125,65463.0
2022-07-29,3400.0,3088.266845703125,21327.0
2022-08-01,3400.0,3088.266845703125,42294.0
2022-08-02,3526.666748046875,3203.319580078125,17568.0
2022-08-03,3526.666748046875,3203.319580078125,2373.0
2022-08-04,3400.0,3088.266845703125,45999.0
2022-08-05,3396.666748046875,3085.23876953125,60666.0
2022-08-08,3383.333251953125,3073.127685546875,38427.0
2022-08-09,3356.666748046875,3048.906494140625,48987.0
2022-08-10,3356.666748046875,3048.906494140625,6.0
2022-08-11,3706.666748046875,3366.816162109375,351723.0
2022-08-12,3783.333251953125,3436.453125,257337.0
2022-08-15,3783.333251953125,3436.453125,0.0
2022-08-16,3783.333251953125,3436.453125,0.0
2022-08-17,3760.0,3415.25927734375,28344.0
2022-08-18,3770.0,3424.3427734375,20157.0
2022-08-19,3776.666748046875,3430.397705078125,24627.0
2022-08-22,3820.0,3469.75830078125,7569.0
2022-08-23,3820.0,3469.75830078125,22179.0
2022-08-24,3820.0,3469.75830078125,738.0
2022-08-25,3820.0,3469.75830078125,933.0
2022-08-26,3820.0,3469.75830078125,2523.0
2022-08-29,3666.666748046875,3330.483154296875,240288.0
2022-08-30,3666.666748046875,3330.483154296875,6528.0
2022-08-31,3600.0,3269.92919921875,262455.0
2022-09-01,3600.0,3269.92919921875,669.0
2022-09-02,3600.0,3269.92919921875,120.0
2022-09-05,3643.333251953125,3309.2890625,382368.0
2022-09-06,3723.333251953125,3381.954833984375,26508.0
2022-09-07,3723.333251953125,3381.954833984375,2244.0
2022-09-08,3763.333251953125,3418.287109375,384738.0
2022-09-09,3763.333251953125,3418.287109375,396.0
2022-09-12,3766.666748046875,3421.31494140625,6408.0
2022-09-13,3766.666748046875,3421.31494140625,1899.0
2022-09-14,3666.666748046875,3330.483154296875,19038.0
2022-09-15,3666.666748046875,3330.483154296875,6.0
2022-09-16,3666.666748046875,3330.483154296875,6045.0
2022-09-19,3666.666748046875,3330.483154296875,1935.0
2022-09-20,3500.0,3179.097900390625,16119.0
2022-09-21,3626.666748046875,3294.15087890625,6153.0
2022-09-22,3626.666748046875,3294.15087890625,525.0
2022-09-23,3563.333251953125,3236.624267578125,7512864.0
2022-09-26,3563.333251953125,3236.624267578125,117.0
2022-09-27,3563.333251953125,3236.624267578125,30.0
2022-09-28,3566.666748046875,3239.652099609375,27255.0
2022-09-29,3566.666748046875,3239.652099609375,10746.0
2022-09-30,3400.0,3088.266845703125,26799.0
2022-10-03,3566.666748046875,3239.652099609375,39993.0
2022-10-04,3550.0,3224.513427734375,6876.0
2022-10-05,3630.0,3297.178466796875,12474.0
2022-10-06,3630.0,3297.178466796875,1962.0
2022-10-07,3630.0,3297.178466796875,6012.0
2022-10-10,3726.666748046875,3384.982421875,8808.0
2022-10-11,3726.666748046875,3384.982421875,3387.0
2022-10-12,3726.666748046875,3384.982421875,801.0
2022-10-13,3726.666748046875,3384.982421875,2334.0
2022-10-14,3726.666748046875,3384.982421875,1422.0
2022-10-17,3726.666748046875,3384.982421875,0.0
2022-10-18,3666.666748046875,3330.483154296875,61416.0
2022-10-19,3666.666748046875,3330.483154296875,1737.0
2022-10-20,3666.666748046875,3330.483154296875,1737.0
2022-10-21,3666.666748046875,3330.483154296875,1116.0
2022-10-24,3666.666748046875,3330.483154296875,255.0
2022-10-25,3666.666748046875,3330.483154296875,1155.0
2022-10-26,3666.666748046875,3330.483154296875,15828.0
2022-10-27,3666.666748046875,3330.483154296875,165147.0
2022-10-28,3666.666748046875,3330.483154296875,155289.0
2022-10-31,3666.666748046875,3330.483154296875,174.0
2022-11-01,3666.666748046875,3330.483154296875,1842.0
2022-11-02,3566.666748046875,3239.652099609375,23382.0
2022-11-03,3566.666748046875,3239.652099609375,1143.0
2022-11-04,3533.333251953125,3209.374755859375,7638.0
2022-11-07,3533.333251953125,3209.374755859375,0.0
2022-11-08,3533.333251953125,3209.374755859375,747.0
2022-11-09,3633.333251953125,3300.20654296875,77715.0
2022-11-10,3633.333251953125,3300.20654296875,573.0
2022-11-11,3633.333251953125,3300.20654296875,1797.0
2022-11-14,3633.333251953125,3300.20654296875,0.0
2022-11-15,3600.0,3269.92919921875,24297.0
2022-11-16,3593.333251953125,3263.873779296875,7671.0
2022-11-17,3506.666748046875,3185.153564453125,20337.0
2022-11-18,3510.0,3188.180908203125,5580.0
2022-11-21,3510.0,3188.180908203125,3855.0
2022-11-22,3510.0,3188.180908203125,3855.0
2022-11-23,3774.0,3427.97607421875,97405794.0
2022-11-24,3774.0,3427.97607421875,0.0
2022-11-25,3774.0,3427.97607421875,0.0
2022-11-28,3541.0,3216.3388671875,6130.0
2022-11-29,3674.10009765625,3337.2353515625,445.0
2022-11-30,3620.0,3288.095703125,18729.0
2022-12-01,3534.56005859375,3210.489013671875,9252.0
2022-12-02,3434.0,3119.14892578125,8530.0
2022-12-05,3550.0,3224.513427734375,8160.0
2022-12-06,3500.0,3179.097900390625,18079.0
2022-12-07,3545.0,3219.971923828125,8171.0
2022-12-08,3545.0,3219.971923828125,0.0
2022-12-09,3457.340087890625,3140.349365234375,1341.0
2022-12-12,3467.489990234375,3149.568115234375,2416.0
2022-12-13,3360.0,3051.93408203125,7311.0
2022-12-14,3484.0,3164.564453125,15019.0
2022-12-15,3549.0,3223.605224609375,25664.0
2022-12-16,3491.949951171875,3171.7861328125,1447.0
2022-12-19,3573.27001953125,3245.650146484375,1761.0
2022-12-20,3596.719970703125,3266.949951171875,1516.0
2022-12-21,3606.60009765625,3275.924072265625,15.0
2022-12-22,3507.949951171875,3186.3193359375,4139.0
2022-12-23,3453.0,3136.406982421875,14030.0
2022-12-26,3400.0,3088.266845703125,15382.0
2022-12-27,3541.52001953125,3216.81103515625,500.0
2022-12-28,3400.0,3088.266845703125,36194.0
2022-12-29,3400.0,3088.266845703125,52855.0
2022-12-30,3400.0,3088.266845703125,0.0
2023-01-02,3420.3701171875,3106.768798828125,2899.0
2023-01-03,3430.0,3115.515869140625,10882.0
2023-01-04,3480.0,3160.931640625,6415.0
2023-01-05,3549.0,3223.605224609375,26920.0
2023-01-06,3550.0,3224.513427734375,10375.0
2023-01-09,3550.0,3224.513427734375,0.0
2023-01-10,3647.0,3312.619873046875,25367.0
2023-01-11,3611.89990234375,3280.738037109375,3525.0
2023-01-12,3650.0,3315.344970703125,19676.0
2023-01-13,3657.030029296875,3321.73046875,1194.0
2023-01-16,3690.0,3351.677734375,9643.0
2023-01-17,3800.0,3451.59228515625,7419.0
2023-01-18,3780.0,3433.425537109375,84784.0
2023-01-19,3800.0,3451.59228515625,13013.0
2023-01-20,3890.0,3533.34033203125,17805.0
2023-01-23,3850.0,3497.00732421875,25129.0
2023-01-24,3850.0,3497.00732421875,12463.0
2023-01-25,3848.0,3495.191162109375,34912.0
2023-01-26,3800.0,3451.59228515625,104546.0
2023-01-27,3800.0,3451.59228515625,361600.0
2023-01-30,3800.0,3451.59228515625,236460.0
2023-01-31,3800.0,3451.59228515625,5392.0
2023-02-01,3849.0,3496.099609375,5382.0
2023-02-02,3850.0,3497.00732421875,33707.0
2023-02-03,3850.0,3497.00732421875,26667.0
2023-02-06,3820.0,3469.75830078125,10127.0
2023-02-07,3900.0,3542.423583984375,17779.0
2023-02-08,3830.820068359375,3479.586181640625,4328.0
2023-02-09,3915.0,3556.04833984375,27125.0
2023-02-10,4000.0,3633.254638671875,278555.0
2023-02-13,4000.0,3633.254638671875,37228.0
2023-02-14,3999.0,3632.34619140625,20578.0
2023-02-15,4050.0,3678.670166015625,657151.0
2023-02-16,4030.0,3660.504150390625,6186.0
2023-02-17,4100.0,3724.086181640625,36350.0
2023-02-20,4100.0,3724.086181640625,66998.0
2023-02-21,3857.0,3503.36572265625,233763.0
2023-02-22,3950.0,3587.839111328125,25387.0
2023-02-23,4050.0,3678.670166015625,1954570.0
2023-02-24,3944.070068359375,3582.45263671875,4537.0
2023-02-27,3944.070068359375,3582.45263671875,0.0
2023-02-28,4070.0,3696.837158203125,62828.0
2023-03-01,4070.0,3696.837158203125,0.0
2023-03-02,4100.0,3724.086181640625,35823.0
2023-03-03,4100.0,3724.086181640625,0.0
2023-03-06,4100.0,3724.086181640625,0.0
2023-03-07,4100.0,3724.086181640625,0.0
2023-03-08,4100.0,3724.086181640625,0.0
2023-03-09,4041.2900390625,3670.759033203125,726.0
2023-03-10,3995.6201171875,3629.2763671875,2280.0
2023-03-13,3995.6201171875,3629.2763671875,0.0
2023-03-14,4084.239990234375,3709.770751953125,74.0
2023-03-15,4138.0,3758.60205078125,48649.0
2023-03-16,4009.260009765625,3641.665771484375,1619.0
2023-03-17,3976.60009765625,3612.000244140625,2744.0
2023-03-20,3976.60009765625,3612.000244140625,0.0
2023-03-21,4117.490234375,3739.972900390625,384.0
2023-03-22,4100.0498046875,3724.131103515625,3629.0
2023-03-23,3971.280029296875,3607.168212890625,250.0
2023-03-24,3879.989990234375,3679.438720703125,420.0
2023-03-27,3848.89990234375,3649.955810546875,407.0
2023-03-28,3931.64990234375,3728.428466796875,815.0
2023-03-29,3833.300048828125,3635.162109375,350.0
2023-03-30,3867.3798828125,3667.48046875,1250.0
2023-03-31,4100.0,3888.076904296875,33782.0
2023-04-03,3866.780029296875,3666.911376953125,3062.0
2023-04-04,3910.580078125,3708.447998046875,1630.0
2023-04-05,4029.760009765625,3821.467529296875,295.0
2023-04-06,4029.760009765625,3821.467529296875,0.0
2023-04-07,4029.760009765625,3821.467529296875,0.0
2023-04-10,3922.429931640625,3719.68505859375,1994.0
2023-04-11,4000.0,3793.24560546875,19177.0
2023-04-12,3946.159912109375,3742.1884765625,1398.0
2023-04-13,3995.0,3788.504150390625,208296.0
2023-04-14,4000.0,3793.24560546875,0.0
2023-04-17,4110.0,3897.559814453125,8392.0
2023-04-18,4082.570068359375,3871.5478515625,30840.0
2023-04-19,4006.419921875,3799.333740234375,2053.0
2023-04-20,4118.0,3905.146484375,87912.0
2023-04-21,4102.35009765625,3890.305419921875,519.0
2023-04-24,4098.43017578125,3886.588134765625,5108.0
2023-04-25,4085.260009765625,3874.098876953125,141.0
2023-04-26,3907.02001953125,3705.071533203125,974.0
2023-04-27,3935.550048828125,3732.126708984375,117.0
2023-04-28,4007.8701171875,3800.708740234375,4589.0
2023-05-01,4007.8701171875,3800.708740234375,0.0
2023-05-02,4034.330078125,3825.801025390625,3195.0
2023-05-03,4037.360107421875,3828.674560546875,2262.0
2023-05-04,3884.89990234375,3684.094970703125,1508.0
2023-05-05,3976.4599609375,3770.922119140625,967.0
2023-05-08,3979.72998046875,3774.0234375,2219.0
2023-05-09,3900.0,3698.414794921875,734.0
2023-05-10,3937.820068359375,3734.279541015625,22.0
2023-05-11,4012.389892578125,3804.9951171875,381.0
2023-05-12,4184.0,3967.735107421875,117171.0
2023-05-15,4004.77001953125,3797.76953125,736.0
2023-05-16,4182.0,3965.838623046875,57691.0
2023-05-17,4033.4599609375,3824.97607421875,546.0
2023-05-18,4164.0,3948.7685546875,7325.0
2023-05-19,4027.860107421875,3819.665771484375,597.0
2023-05-22,4027.860107421875,3819.665771484375,0.0
2023-05-23,4006.93994140625,3799.826904296875,436.0
2023-05-24,4160.0,3944.975830078125,39387.0
2023-05-25,4110.10986328125,3897.663818359375,4302.0
2023-05-26,4178.0,3962.044921875,3493.0
2023-05-29,4102.1201171875,3890.087646484375,3183.0
2023-05-30,4005.330078125,3798.30029296875,10638.0
2023-05-31,3915.0,3712.63916015625,600.0
2023-06-01,3999.989990234375,3793.236083984375,13762.0
2023-06-02,3843.590087890625,3644.92041015625,980.0
2023-06-05,4177.0,3961.096923828125,33995.0
2023-06-06,4170.0,3954.458984375,18658.0
2023-06-07,4169.0,3953.510498046875,50289.0
2023-06-08,4148.0,3933.59521484375,7614.0
2023-06-13,4032.320068359375,3823.8955078125,1031.0
2023-06-14,4017.0,3809.3671875,4033.0
2023-06-15,4040.0,3831.177734375,12317.0
2023-06-16,4150.0,3935.49267578125,31710.0
2023-06-19,4150.0,3935.49267578125,0.0
2023-06-20,4096.8798828125,3885.1181640625,12770.0
2023-06-21,4134.5400390625,3920.83154296875,78.0
2023-06-22,4139.0,3925.060546875,3632.0
2023-06-23,4006.050048828125,3798.983154296875,19.0
2023-06-26,4200.0,3982.907470703125,62929.0
2023-06-27,4202.5498046875,3985.325439453125,519.0
2023-06-28,4008.340087890625,3801.154541015625,6470.0
2023-06-29,4100.0,3888.076904296875,51293.0
2023-06-30,4196.0,3979.11474609375,24138.0
2023-07-03,4196.0,3979.11474609375,0.0
2023-07-04,4150.0,3935.49267578125,12366.0
2023-07-05,4200.0,3982.907470703125,2639.0
2023-07-06,4178.490234375,3962.509521484375,1840.0
2023-07-07,4200.0,3982.907470703125,9987.0
2023-07-10,4200.0,3982.907470703125,8096.0
2023-07-11,4200.0,3982.907470703125,31120.0
2023-07-12,4200.0,3982.907470703125,17943.0
2023-07-13,4200.0,3982.907470703125,3327.0
2023-07-14,4162.6298828125,3947.46923828125,2603.0
2023-07-17,4200.0,3982.907470703125,574.0
2023-07-18,4150.0,3935.49267578125,12808.0
2023-07-19,4170.0,3954.458984375,11134.0
2023-07-20,4170.0,3954.458984375,0.0
2023-07-21,4190.0,3973.42431640625,15490.0
2023-07-24,4250.0,4030.3232421875,46960.0
2023-07-25,4350.0,4125.154296875,25475.0
2023-07-26,4535.0,4300.5927734375,37344.0
2023-07-27,4500.0,4267.4013671875,11131.0
2023-07-28,4539.0,4304.38525390625,6618.0
2023-07-31,4539.0,4304.38525390625,0.0
2023-08-01,4520.0,4286.3681640625,14008.0
2023-08-02,4421.41015625,4192.8740234375,7362.0
2023-08-03,4499.0,4266.4521484375,8950.0
2023-08-04,4499.0,4266.4521484375,0.0
2023-08-07,4499.0,4266.4521484375,0.0
2023-08-08,4400.0,4172.5693359375,36205.0
2023-08-09,4252.0,4032.22021484375,9838.0
2023-08-10,4250.0,4030.3232421875,11144.0
2023-08-11,4250.0,4030.3232421875,135355816.0
2023-08-14,4250.0,4030.3232421875,32664.0
2023-08-15,4097.0,3885.2314453125,16070.0
2023-08-16,4097.0,3885.2314453125,8572.0
2023-08-17,4097.0,3885.2314453125,15399.0
2023-08-18,3732.929931640625,3539.980224609375,37224.0
2023-08-21,3732.929931640625,3539.980224609375,0.0
2023-08-22,3945.0,3741.088134765625,14268.0
2023-08-23,3560.0,3375.988525390625,47676.0
2023-08-24,3640.0,3451.853759765625,34507.0
2023-08-25,3449.0,3270.726318359375,22692.0
2023-08-28,3100.0,2939.765380859375,74003.0
2023-08-29,2890.0,2740.6201171875,1027844.0
2023-08-30,3024.0,2867.694091796875,394216.0
2023-08-31,3030.0,2873.383544921875,776929.0
2023-09-01,2994.0,2839.244384765625,70919.0
2023-09-04,2994.0,2839.244384765625,8283.0
2023-09-05,2800.0,2655.27197265625,387546.0
2023-09-06,2690.0,2550.957763671875,611681.0
2023-09-07,2700.0,2560.440673828125,440873.0
2023-09-08,2700.0,2560.440673828125,1361328.0
2023-09-11,2810.0,2664.7548828125,557893.0
2023-09-12,2830.0,2683.721435546875,481123.0
2023-09-13,2830.0,2683.721435546875,574955.0
2023-09-14,2787.0,2642.94384765625,678858.0
2023-09-15,2750.0,2607.856201171875,1147899.0
2023-09-18,2750.0,2607.856201171875,582382.0
2023-09-19,2810.0,2664.7548828125,1058637.0
2023-09-20,2788.0,2643.892333984375,479430.0
2023-09-21,2700.0,2560.440673828125,463368.0
2023-09-22,2750.0,2607.856201171875,455263.0
2023-09-25,2738.0,2596.4765625,447443.0
2023-09-26,2698.0,2558.544189453125,973228.0
2023-09-27,2619.0,2483.62744140625,1736362.0
2023-09-28,2692.0,2552.85400390625,1233004.0
2023-09-29,2830.0,2683.721435546875,1211771.0
2023-10-02,2900.0,2750.10302734375,1096634.0
2023-10-03,2872.0,2723.550537109375,500429.0
2023-10-04,2765.0,2622.080810546875,361877.0
2023-10-05,2740.0,2598.373046875,128167.0
2023-10-06,2700.0,2560.440673828125,991108.0
2023-10-09,2720.0,2579.4072265625,509493.0
2023-10-10,2715.0,2574.665283203125,1091891.0
2023-10-11,2698.0,2558.544189453125,625465.0
2023-10-12,2730.0,2588.890380859375,99192.0
2023-10-13,2700.0,2560.440673828125,1257737.0
2023-10-16,2700.0,2560.440673828125,0.0
2023-10-17,3593.0,3407.28271484375,1886859.0
2023-10-18,3614.0,3427.197265625,691343.0
2023-10-19,3615.0,3428.1455078125,163546.0
2023-10-20,3572.0,3387.3681640625,32905.0
2023-10-23,3600.0,3413.9208984375,1983970.0
2023-10-24,3612.0,3425.30078125,942730.0
2023-10-25,3602.0,3415.81787109375,892837.0
2023-10-26,3560.0,3375.988525390625,133736.0
2023-10-27,3555.0,3371.2470703125,24489.0
2023-10-30,3569.0,3384.523681640625,7505.0
2023-10-31,3580.0,3394.954833984375,25056.0
2023-11-01,3577.0,3392.109619140625,42993.0
2023-11-02,3576.0,3391.16162109375,28747.0
2023-11-03,3518.0,3336.15966796875,2194370.0
2023-11-06,3518.0,3336.15966796875,0.0
2023-11-07,3518.0,3336.15966796875,0.0
2023-11-08,3518.0,3336.15966796875,0.0
2023-11-09,3518.0,3336.15966796875,0.0
2023-11-10,3518.0,3336.15966796875,0.0
2023-11-13,3518.0,3336.15966796875,0.0
2023-11-14,3518.0,3336.15966796875,0.0
2023-11-15,3518.0,3336.15966796875,0.0
2023-11-16,3518.0,3336.15966796875,0.0
2023-11-17,3518.0,3336.15966796875,0.0
2023-11-20,3518.0,3336.15966796875,0.0
2023-11-21,3518.0,3336.15966796875,0.0
2023-11-22,3518.0,3336.15966796875,0.0
2023-11-23,3518.0,3336.15966796875,0.0
2023-11-24,3518.0,3336.15966796875,0.0
2023-11-27,3518.0,3336.15966796875,0.0
2023-11-28,3518.0,3336.15966796875,0.0
2023-11-29,3518.0,3336.15966796875,0.0
2023-11-30,3518.0,3336.15966796875,0.0
2023-12-01,3518.0,3336.15966796875,0.0
2023-12-04,3518.0,3336.15966796875,0.0
2023-12-05,3518.0,3336.15966796875,0.0
2023-12-06,3518.0,3336.15966796875,0.0
2023-12-07,3518.0,3336.15966796875,0.0
2023-12-08,3518.0,3336.15966796875,0.0
2023-12-11,3530.0,3347.5390625,82283.0
2023-12-12,3540.0,3357.0224609375,1125393.0
2023-12-13,3540.0,3357.0224609375,338888.0
2023-12-14,3540.0,3357.0224609375,73899.0
2023-12-15,3510.0,3328.5732421875,71484.0
2023-12-18,3495.0,3314.34814453125,1072432.0
2023-12-19,3480.0,3300.123779296875,142601.0
2023-12-20,3480.0,3300.123779296875,40516.0
2023-12-21,3500.0,3319.090087890625,1031781.0
2023-12-22,3510.0,3328.5732421875,199973.0
2023-12-25,3510.0,3328.5732421875,0.0
2023-12-26,3510.0,3328.5732421875,2826.0
2023-12-27,3510.0,3328.5732421875,4032.0
2023-12-28,3510.0,3328.5732421875,7937.0
2023-12-29,3510.0,3328.5732421875,0.0
2024-01-01,3510.0,3328.5732421875,0.0
2024-01-02,3490.0,3309.60693359375,17495.0
2024-01-03,3465.0,3285.899169921875,45787.0
2024-01-04,3515.0,3333.314697265625,26942.0
2024-01-05,3500.0,3319.090087890625,14874.0
2024-01-08,3500.0,3319.090087890625,0.0
2024-01-09,3530.0,3347.5390625,3735585.0
2024-01-10,3520.0,3338.055908203125,4613686.0
2024-01-11,3500.0,3319.090087890625,21286.0
2024-01-12,3500.0,3319.090087890625,2279.0
2024-01-15,3510.0,3328.5732421875,945788.0
2024-01-16,3535.0,3352.28076171875,72281.0
2024-01-17,3470.0,3290.640625,452863.0
2024-01-18,3475.0,3295.38232421875,194028.0
2024-01-19,3375.0,3200.551025390625,61898.0
2024-01-22,3375.0,3200.551025390625,0.0
2024-01-23,3420.0,3243.22509765625,110177.0
2024-01-24,3420.0,3243.22509765625,0.0
2024-01-25,3420.0,3243.22509765625,0.0
2024-01-26,3420.0,3243.22509765625,0.0
2024-01-29,3350.0,3176.84326171875,8900.0
2024-01-30,3280.0,3110.461181640625,23443.0
2024-01-31,3050.0,2892.349853515625,63138.0
2024-02-01,2760.0,2617.339599609375,338081.0
2024-02-02,2770.0,2626.822509765625,47455.0
2024-02-05,2715.0,2574.665283203125,140142.0
2024-02-06,2700.0,2560.440673828125,190122.0
2024-02-07,2730.0,2588.890380859375,128687.0
2024-02-08,2635.0,2498.800537109375,226537.0
2024-02-09,2640.0,2503.542236328125,295679.0
2024-02-12,2645.0,2508.28369140625,19721.0
2024-02-13,2645.0,2508.28369140625,10934.0
2024-02-14,2500.0,2370.778564453125,422622.0
2024-02-15,2400.0,2275.947265625,242855.0
2024-02-16,2400.0,2275.947265625,419192.0
2024-02-19,2400.0,2275.947265625,57761.0
2024-02-20,2430.0,2304.396484375,176912.0
2024-02-21,2475.0,2347.07080078125,82585.0
2024-02-22,2410.0,2285.4306640625,265992.0
2024-02-23,2500.0,2370.778564453125,300488.0
2024-02-26,2585.0,2451.385009765625,44556.0
2024-02-27,2600.0,2465.609619140625,254023.0
2024-02-28,2540.0,2408.711181640625,116169.0
2024-02-29,2500.0,2370.778564453125,69884.0
2024-03-01,2480.0,2351.812255859375,180808.0
2024-03-04,2450.0,2323.363037109375,145613.0
2024-03-05,2420.0,2294.91357421875,114025.0
2024-03-06,2430.0,2304.396484375,178327.0
2024-03-07,2445.0,2318.62158203125,111823.0
2024-03-08,2375.0,2252.239501953125,506678.0
2024-03-11,2360.0,2238.01513671875,76110.0
2024-03-12,2360.0,2238.01513671875,55778.0
2024-03-13,2365.0,2242.756591796875,213206.0
2024-03-14,2300.0,2181.1162109375,273389.0
2024-03-15,2265.0,2147.925537109375,130723.0
2024-03-18,2330.0,2209.565185546875,170508.0
2024-03-19,2430.0,2304.396484375,189807.0
2024-03-20,2415.0,2290.17236328125,38365.0
2024-03-21,2415.0,2290.17236328125,44239.0
2024-03-22,2410.0,2285.4306640625,126339.0
2024-03-25,2410.0,2285.4306640625,0.0
2024-03-26,2390.0,2266.464599609375,38452.0
2024-03-27,2410.0,2285.4306640625,65232.0
2024-03-28,2410.0,2285.4306640625,0.0
2024-03-29,2410.0,2285.4306640625,0.0
2024-04-01,2475.0,2347.07080078125,68745.0
2024-04-02,2445.0,2318.62158203125,92718.0
2024-04-03,2470.0,2347.931396484375,139556.0
2024-04-04,2420.0,2300.40234375,60648.0
2024-04-05,2415.0,2295.649658203125,109208.0
2024-04-08,2460.0,2338.425537109375,37775.0
2024-04-09,2515.0,2390.70751953125,414277.0
2024-04-10,2505.0,2381.20166015625,175595.0
2024-04-11,2470.0,2347.931396484375,137245.0
2024-04-12,2450.0,2328.919677734375,135599.0
2024-04-15,2425.0,2305.155029296875,84995.0
2024-04-16,2440.0,2319.413818359375,92531.0
2024-04-17,2375.0,2257.626220703125,149090.0
2024-04-18,2390.0,2271.88525390625,110970.0
2024-04-19,2355.0,2238.614501953125,266211.0
2024-04-22,2340.0,2224.355712890625,164652.0
2024-04-23,2310.0,2195.838623046875,244511.0
2024-04-24,2320.0,2205.344482421875,105833.0
2024-04-25,2320.0,2205.344482421875,70608.0
2024-04-26,2315.0,2200.59130859375,322075.0
2024-04-29,2345.0,2229.108642578125,309560.0
2024-04-30,2290.0,2176.826904296875,593735.0
2024-05-02,2345.0,2229.108642578125,183352.0
2024-05-03,2450.0,2328.919677734375,145613.0
2024-05-06,2360.0,2243.36767578125,59923.0
2024-05-07,2360.0,2243.36767578125,124574.0
2024-05-08,2355.0,2238.614501953125,274525.0
2024-05-09,2305.0,2191.085693359375,502947.0
2024-05-10,2290.0,2176.826904296875,270106.0
2024-05-14,2270.0,2157.815673828125,278627.0
2024-05-15,2250.0,2138.8037109375,429899.0
2024-05-16,2255.0,2143.556884765625,173195.0
2024-05-17,2270.0,2157.815673828125,211775.0
2024-05-20,2260.0,2148.309814453125,209873.0
2024-05-21,2270.0,2157.815673828125,252706.0
2024-05-22,2205.0,2096.02734375,303557.0
2024-05-23,2205.0,2096.02734375,0.0
2024-05-24,2215.0,2105.533447265625,90696.0
2024-05-27,2215.0,2105.533447265625,9115.0
2024-05-28,2215.0,2105.533447265625,119987.0
2024-05-29,2215.0,2105.533447265625,148244.0
2024-05-30,2205.0,2096.02734375,66763.0
2024-05-31,2270.0,2157.815673828125,299743.0
2024-06-04,2270.0,2157.815673828125,79750.0
2024-06-05,2255.0,2143.556884765625,95021.0
2024-06-06,2255.0,2143.556884765625,53911.0
2024-06-07,2255.0,2143.556884765625,161658.0
2024-06-11,2220.0,2110.286376953125,60908.0
2024-06-12,2220.0,2110.286376953125,30770.0
2024-06-13,2240.0,2129.298095703125,68758.0
2024-06-14,2260.0,2148.309814453125,94820.0
2024-06-17,2250.0,2138.8037109375,43249.0
2024-06-18,2250.0,2138.8037109375,21539.0
2024-06-19,2250.0,2138.8037109375,29739.0
2024-06-20,2240.0,2129.298095703125,94897.0
2024-06-21,2165.0,2058.004638671875,88041.0
2024-06-24,2210.0,2100.78076171875,103671.0
2024-06-25,2210.0,2100.78076171875,41997.0
2024-06-26,2185.0,2077.016357421875,135088.0
2024-06-27,2185.0,2077.016357421875,34983.0
2024-06-28,2195.0,2086.52197265625,89190.0
2024-07-02,2150.0,2043.74560546875,115077.0
2024-07-03,2150.0,2049.30615234375,9516.0
2024-07-04,2150.0,2049.30615234375,36124.0
2024-07-05,2130.0,2030.2431640625,234079.0
2024-07-08,2115.0,2015.945556640625,52870.0
2024-07-09,2105.0,2006.413818359375,37586.0
2024-07-10,2075.0,1977.819091796875,71288.0
2024-07-11,2075.0,1977.819091796875,93815.0
2024-07-12,2105.0,2006.413818359375,88073.0
2024-07-15,2105.0,2006.413818359375,26629.0
2024-07-16,2170.0,2068.3701171875,56826.0
2024-07-17,2170.0,2068.3701171875,23312.0
2024-07-18,2170.0,2068.3701171875,13870.0
2024-07-19,2155.0,2054.072265625,66021.0
2024-07-22,2110.0,2011.179443359375,59382.0
2024-07-23,2100.0,2001.64794921875,44396.0
2024-07-24,2165.0,2063.60400390625,286931.0
2024-07-25,2165.0,2063.60400390625,43044.0
2024-07-26,2160.0,2058.83837890625,18104.0
2024-07-29,2170.0,2068.3701171875,318995.0
2024-07-30,2175.0,2073.135498046875,282691.0
2024-07-31,2190.0,2087.43310546875,110706.0
2024-08-01,2300.0,2192.28125,279220.0
2024-08-02,2185.0,2082.66748046875,127773.0
2024-08-05,2200.0,2096.96435546875,314142.0
2024-08-06,2230.0,2125.5595703125,176186.0
2024-08-07,2260.0,2154.15478515625,162805.0
2024-08-08,2260.0,2154.15478515625,162805.0
2024-08-09,2295.0,2187.515625,73864.0
2024-08-12,2295.0,2187.515625,88555.0
2024-08-13,2310.0,2201.81298828125,669622.0
2024-08-14,2335.0,2225.64208984375,328470.0
2024-08-15,2250.0,2144.622802734375,92383.0
2024-08-16,2250.0,2144.622802734375,51645.0
2024-08-20,2270.0,2163.6865234375,45894.0
2024-08-21,2270.0,2163.6865234375,32478.0
2024-08-22,2270.0,2163.6865234375,34143.0
2024-08-23,2270.0,2163.6865234375,8163.0
2024-08-26,2250.0,2144.622802734375,190147.0
2024-08-27,2250.0,2144.622802734375,7229.0
2024-08-28,2205.0,2101.730224609375,106187.0
2024-08-29,2205.0,2101.730224609375,15511.0
2024-08-30,2290.0,2182.74951171875,235345.0
2024-09-02,2260.0,2154.15478515625,13792.0
2024-09-03,2260.0,2154.15478515625,13438.0
2024-09-04,2255.0,2149.388916015625,17021.0
2024-09-05,2290.0,2182.74951171875,47117.0
2024-09-06,2290.0,2182.74951171875,39051.0
2024-09-09,2255.0,2149.388916015625,10491.0
2024-09-10,2255.0,2149.388916015625,6888.0
2024-09-11,2255.0,2149.388916015625,1856.0
2024-09-12,2255.0,2149.388916015625,2609.0
2024-09-13,2255.0,2149.388916015625,55380.0
2024-09-16,2205.0,2101.730224609375,44593.0
2024-09-17,2205.0,2101.730224609375,122068.0
2024-09-18,2195.0,2092.198974609375,22807.0
2024-09-19,2190.0,2087.43310546875,164087.0
2024-09-20,2240.0,2135.09130859375,76998.0
2024-09-23,2200.0,2096.96435546875,68639.0
2024-09-24,2200.0,2096.96435546875,103492.0
2024-09-25,2200.0,2096.96435546875,51394.0
2024-09-26,2200.0,2096.96435546875,889.0
2024-09-27,2190.0,2087.43310546875,112465.0
2024-09-30,2190.0,2087.43310546875,120073.0
2024-10-01,2190.0,2087.43310546875,12320.0
2024-10-02,2135.0,2053.20751953125,16100.0
2024-10-03,2145.0,2062.82470703125,55682.0
2024-10-04,2200.0,2115.717529296875,61368.0
2024-10-07,2300.0,2211.886474609375,668813.0
2024-10-08,2400.0,2308.055419921875,599975.0
2024-10-09,2490.0,2394.607666015625,703575.0
2024-10-10,2445.0,2351.33154296875,72896.0
2024-10-11,2340.0,2250.35400390625,97110.0
2024-10-15,2340.0,2250.35400390625,68800.0
2024-10-16,2340.0,2250.35400390625,14781.0
2024-10-17,2340.0,2250.35400390625,10599.0
2024-10-18,2380.0,2288.82177734375,142043.0
2024-10-21,2405.0,2312.864013671875,235380.0
2024-10-22,2305.0,2216.695068359375,64817.0
2024-10-23,2400.0,2308.055419921875,58618.0
2024-10-24,2305.0,2216.695068359375,52249.0
2024-10-25,2310.0,2221.50341796875,52946.0
2024-10-28,2310.0,2221.50341796875,76003.0
2024-10-29,2310.0,2221.50341796875,9430.0
2024-10-30,2280.0,2192.65283203125,47130.0
2024-10-31,2280.0,2192.65283203125,15218.0
2024-11-01,2320.0,2231.120361328125,167826.0
2024-11-05,2295.0,2207.078369140625,28808.0
2024-11-06,2360.0,2269.587890625,174444.0
2024-11-07,2325.0,2235.9287109375,71455.0
2024-11-08,2325.0,2235.9287109375,30446.0
2024-11-12,2325.0,2235.9287109375,28508.0
2024-11-13,2310.0,2221.50341796875,682054.0
2024-11-14,2240.0,2154.18505859375,150984.0
2024-11-15,2230.0,2144.568115234375,31020.0
2024-11-18,2180.0,2096.48388671875,454574.0
2024-11-19,2145.0,2062.82470703125,102293.0
2024-11-20,2135.0,2053.20751953125,74208.0
2024-11-21,2170.0,2086.866943359375,174125.0
2024-11-22,2150.0,2067.63330078125,85384.0
2024-11-25,2110.0,2029.165283203125,151925.0
2024-11-26,2120.0,2038.7822265625,83034.0
2024-11-27,2105.0,2024.35693359375,132498.0
2024-11-28,2105.0,2024.35693359375,35935.0
2024-11-29,2105.0,2024.35693359375,42175.0
2024-12-02,2150.0,2067.63330078125,66992.0
2024-12-03,2160.0,2077.25,29111.0
2024-12-04,2130.0,2066.974365234375,60134.0
2024-12-05,2140.0,2076.678466796875,48024.0
2024-12-06,2140.0,2076.678466796875,28197.0
2024-12-09,2140.0,2076.678466796875,84289.0
2024-12-10,2150.0,2086.382568359375,42424.0
2024-12-11,2105.0,2042.7142333984375,93379.0
2024-12-12,2190.0,2125.198974609375,137707.0
2024-12-13,2190.0,2125.198974609375,21507.0
2024-12-16,2190.0,2125.198974609375,22202.0
2024-12-17,2135.0,2071.826416015625,17825.0
2024-12-18,2130.0,2066.974365234375,23764.0
2024-12-19,2100.0,2037.8621826171875,69721.0
2024-12-20,2100.0,2037.8621826171875,140230.0
2024-12-23,2040.0,1979.637451171875,80212.0
2024-12-24,2035.0,1974.785400390625,116830.0
2024-12-26,2035.0,1974.785400390625,2979.0
2024-12-27,2095.0,2033.0098876953125,28888.0
2024-12-30,2095.0,2033.0098876953125,8639.0
2024-12-31,2095.0,2033.0098876953125,0.0
2025-01-02,2050.0,1989.341552734375,413977.0
2025-01-03,2000.0,1940.821044921875,290527.0
2025-01-07,2010.0,1950.525146484375,925546.0
2025-01-08,2015.0,1955.377197265625,410378.0
2025-01-09,2040.0,1979.637451171875,29886.0
2025-01-10,2040.0,1979.637451171875,105900.0
2025-01-13,1965.0,1906.856689453125,399093.0
2025-01-14,1900.0,1843.7799072265625,693753.0
2025-01-15,1905.0,1848.632080078125,92260.0
2025-01-16,1920.0,1863.1881103515625,153630.0
2025-01-17,1920.0,1863.1881103515625,208856.0
2025-01-20,1965.0,1906.856689453125,51201.0
2025-01-21,1965.0,1906.856689453125,0.0
2025-01-22,1880.0,1824.371826171875,203894.0
2025-01-23,1870.0,1814.667724609375,225401.0
2025-01-24,1860.0,1804.9635009765625,136366.0
2025-01-27,1820.0,1766.1470947265625,316514.0
2025-01-28,1870.0,1814.667724609375,184403.0
2025-01-29,1835.0,1780.7032470703125,746756.0
2025-01-30,1850.0,1795.259521484375,770507.0
2025-01-31,1850.0,1795.259521484375,613820.0
2025-02-03,1845.0,1790.407470703125,756504.0
2025-02-04,1840.0,1785.555419921875,156239.0
2025-02-05,1860.0,1804.9635009765625,165617.0
2025-02-06,1860.0,1804.9635009765625,57589.0
2025-02-07,1890.0,1834.0758056640625,66710.0
2025-02-10,1920.0,1863.1881103515625,119103.0
2025-02-11,1955.0,1897.152587890625,278795.0
2025-02-12,1920.0,1863.1881103515625,112735.0
2025-02-13,1920.0,1863.1881103515625,68279.0
2025-02-14,1920.0,1863.1881103515625,112999.0
2025-02-17,1900.0,1843.7799072265625,237744.0
2025-02-18,1945.0,1887.4483642578125,83003.0
2025-02-19,1910.0,1853.484130859375,206228.0
2025-02-20,1920.0,1863.1881103515625,164584.0
2025-02-21,1885.0,1829.2237548828125,172926.0
2025-02-24,1900.0,1843.7799072265625,188325.0
2025-02-25,1900.0,1843.7799072265625,105687.0
2025-02-26,1900.0,1843.7799072265625,89937.0
2025-02-27,1940.0,1882.596435546875,413411.0
2025-02-28,1915.0,1858.336181640625,314098.0
2025-03-03,1875.0,1819.5196533203125,54057.0
2025-03-04,1910.0,1853.484130859375,53071.0
2025-03-05,1910.0,1853.484130859375,12982.0
2025-03-06,1875.0,1819.5196533203125,33834.0
2025-03-07,1885.0,1829.2237548828125,61421.0
2025-03-10,1860.0,1804.9635009765625,64617.0
2025-03-11,1840.0,1785.555419921875,125765.0
2025-03-12,1865.0,1809.815673828125,228119.0
2025-03-13,1880.0,1824.371826171875,94835.0
2025-03-14,1885.0,1829.2237548828125,50947.0
2025-03-17,1885.0,1829.2237548828125,49726.0
2025-03-18,1855.0,1800.111572265625,69582.0
2025-03-19,1855.0,1800.111572265625,5275.0
2025-03-20,1880.0,1824.371826171875,94351.0
2025-03-21,1880.0,1824.371826171875,0.0
2025-03-24,1880.0,1824.371826171875,0.0
2025-03-25,1870.0,1814.667724609375,195018.0
2025-03-26,1870.0,1814.667724609375,130429.0
2025-03-27,1860.0,1804.9635009765625,41879.0
2025-03-28,1860.0,1804.9635009765625,110966.0
2025-03-31,1870.0,1814.667724609375,92687.0
2025-04-01,1835.0,1780.7032470703125,388902.0
2025-04-02,1835.0,1780.7032470703125,260012.0
2025-04-03,1835.0,1780.7032470703125,216392.0
2025-04-04,1830.0,1775.851318359375,162897.0
2025-04-07,1830.0,1775.851318359375,91377.0
2025-04-08,1800.0,1746.7388916015625,141301.0
2025-04-09,1800.0,1746.7388916015625,158956.0
2025-04-10,1805.0,1751.5909423828125,107239.0
2025-04-11,1795.0,1741.886962890625,147808.0
2025-04-14,1815.0,1761.2950439453125,52276.0
2025-04-15,1800.0,1746.7388916015625,116511.0
2025-04-16,1800.0,1746.7388916015625,166624.0
2025-04-17,1800.0,1746.7388916015625,0.0
2025-04-18,1800.0,1746.7388916015625,0.0
2025-04-21,1800.0,1746.7388916015625,62759.0
2025-04-22,1800.0,1746.7388916015625,117499.0
2025-04-23,1900.0,1843.7799072265625,11029140.0
2025-04-24,1960.0,1902.0045166015625,968905.0
2025-04-25,1935.0,1877.744384765625,176578.0
2025-04-28,1900.0,1843.7799072265625,107200.0
2025-04-29,1945.0,1887.4483642578125,376765.0
2025-04-30,1975.0,1916.5606689453125,146047.0
2025-05-01,1975.0,1916.5606689453125,0.0
2025-05-02,1950.0,1892.300537109375,179368.0
2025-05-05,1960.0,1902.0045166015625,62667.0
2025-05-06,1975.0,1916.5606689453125,146047.0
2025-05-07,1870.0,1814.667724609375,147308.0
2025-05-08,1870.0,1814.667724609375,68381.0
2025-05-09,1935.0,1877.744384765625,470735.0
2025-05-12,1950.0,1892.300537109375,422828.0
2025-05-13,1965.0,1906.856689453125,212622.0
2025-05-14,2080.0,2018.453857421875,1326272.0
2025-05-15,2320.0,2251.3525390625,2680181.0
2025-05-16,2310.0,2241.648193359375,270480.0
2025-05-19,2280.0,2212.535888671875,461019.0
2025-05-20,2240.0,2173.719482421875,124413.0
2025-05-21,2230.0,2164.015380859375,126269.0
2025-05-22,2245.0,2178.57177734375,94605.0
2025-05-23,2200.0,2134.903076171875,347507.0
2025-05-26,2150.0,2086.382568359375,617078.0
2025-05-27,2360.0,2290.168701171875,31688574.0
2025-05-28,2415.0,2343.54150390625,459632.0
2025-05-29,2440.0,2367.8017578125,238952.0
2025-05-30,2450.0,2377.505615234375,241601.0
2025-06-03,2410.0,2338.689453125,171778.0
2025-06-04,2505.0,2430.87841796875,705246.0
2025-06-05,2650.0,2571.587646484375,914701.0
2025-06-06,2845.0,2760.818115234375,1308713.0
2025-06-09,2800.0,2717.1494140625,776772.0
2025-06-10,2795.0,2712.297607421875,312551.0
2025-06-11,2830.0,2746.26171875,214715.0
2025-06-12,2840.0,2755.9658203125,192087.0
2025-06-13,2820.0,2736.5576171875,88609.0
2025-06-16,2820.0,2736.5576171875,197257.0
2025-06-17,2825.0,2741.40966796875,179445.0
2025-06-18,2780.0,2718.052001953125,331290.0
2025-06-19,2780.0,2718.052001953125,165072.0
2025-06-20,2795.0,2732.718017578125,77264.0
2025-06-24,2780.0,2718.052001953125,93175.0
2025-06-25,2735.0,2674.054931640625,116610.0
2025-06-26,2740.0,2678.943603515625,152028.0
2025-06-27,2735.0,2674.054931640625,118903.0
2025-06-30,2735.0,2674.054931640625,0.0
2025-07-01,2720.0,2659.38916015625,219337.0
2025-07-02,2705.0,2644.723388671875,133222.0
2025-07-03,2700.0,2639.834716796875,214485.0
2025-07-04,2735.0,2674.054931640625,173070.0
2025-07-07,2730.0,2669.166259765625,146100.0
2025-07-08,2770.0,2708.27490234375,60447.0
2025-07-09,3000.0,2933.149658203125,686144.0
2025-07-10,3120.0,3050.4755859375,726345.0
2025-07-11,3140.0,3070.030029296875,271208.0
2025-07-14,3150.0,3079.80712890625,83966.0
2025-07-15,3120.0,3050.4755859375,215401.0
2025-07-16,3115.0,3045.587158203125,144631.0
2025-07-17,3120.0,3050.4755859375,201838.0
2025-07-18,3115.0,3045.587158203125,177634.0
2025-07-21,3130.0,3060.2529296875,173446.0
2025-07-22,3100.0,3030.92138671875,70818.0
2025-07-23,3160.0,3089.584228515625,255398.0
2025-07-24,3170.0,3099.361328125,183112.0
2025-07-25,3130.0,3060.2529296875,159831.0
2025-07-28,3105.0,3035.81005859375,146204.0
2025-07-29,3080.0,3011.3671875,150603.0
2025-07-30,3090.0,3021.144287109375,83933.0
2025-07-31,3090.0,3021.144287109375,231227.0
2025-08-01,3085.0,3016.255615234375,82594.0
2025-08-04,3085.0,3016.255615234375,0.0
2025-08-05,3140.0,3070.030029296875,218679.0
2025-08-06,3145.0,3074.918701171875,438667.0
2025-08-07,3145.0,3074.918701171875,0.0
2025-08-08,3150.0,3079.80712890625,72077.0
2025-08-11,3185.0,3114.02734375,141.0
2025-08-12,3260.0,3187.35595703125,403073.0
2025-08-13,3370.0,3294.905029296875,653421.0
2025-08-14,3300.0,3226.464599609375,54667250.0
2025-08-15,3260.0,3187.35595703125,2041062.0
2025-08-19,3270.0,3197.13330078125,504823.0
2025-08-20,3235.0,3162.9130859375,174332.0
2025-08-21,3230.0,3158.024658203125,174495.0
2025-08-22,3220.0,3148.24755859375,1040496.0
2025-08-25,3235.0,3162.9130859375,43414.0
2025-08-26,3250.0,3177.578857421875,30158.0
2025-08-27,3300.0,3226.464599609375,189309.0
2025-08-28,3300.0,3226.464599609375,227939.0
2025-08-29,3330.0,3255.796142578125,663870.0
2025-09-01,3310.0,3236.24169921875,197471.0
2025-09-02,3310.0,3236.24169921875,0.0
2025-09-03,3390.0,3314.459228515625,183195.0
2025-09-04,3345.0,3270.4619140625,234412.0
2025-09-05,3350.0,3275.3505859375,54589.0
2025-09-08,3315.0,3241.13037109375,109009.0
2025-09-09,3330.0,3255.796142578125,495222.0
2025-09-10,3330.0,3255.796142578125,55972.0
2025-09-11,3340.0,3265.573486328125,245720.0
2025-09-12,3320.0,3246.01904296875,118818.0
2025-09-15,3265.0,3192.24462890625,392216.0
2025-09-16,3400.0,3324.236328125,4239487.0
2025-09-17,3295.0,3221.576171875,42743971.0
2025-09-18,3240.0,3167.8017578125,335161.0
2025-09-19,3150.0,3079.80712890625,652788.0
2025-09-22,3165.0,3094.472900390625,2861375.0
2025-09-23,3200.0,3128.693115234375,79266.0
2025-09-24,3190.0,3118.916015625,373603.0
2025-09-25,3170.0,3099.361328125,80013.0
2025-09-26,3150.0,3079.80712890625,265945.0
2025-09-29,3215.0,3143.358642578125,133572.0
2025-09-30,3310.0,3236.24169921875,197471.0
2025-10-01,3220.0,3148.24755859375,62245.0
2025-10-02,3215.0,3143.358642578125,42642.0
2025-10-03,3185.0,3114.02734375,62106.0
2025-10-06,3190.0,3118.916015625,49550.0
2025-10-07,3180.0,3109.138671875,75203.0
2025-10-08,3180.0,3109.138671875,40253.0
2025-10-09,3175.0,3104.250244140625,35798.0
2025-10-10,3170.0,3099.361328125,69336.0
2025-10-14,3125.0,3055.364501953125,261228.0
2025-10-15,3125.0,3055.364501953125,1487588.0
2025-10-16,3135.0,3065.1416015625,147233.0
2025-10-17,3130.0,3060.2529296875,329612.0
2025-10-20,3145.0,3074.918701171875,137214.0
2025-10-21,3130.0,3060.2529296875,882165.0
2025-10-22,3135.0,3065.1416015625,60465.0
2025-10-23,3190.0,3118.916015625,387125.0
2025-10-24,3300.0,3226.464599609375,111322.0
2025-10-27,3350.0,3275.3505859375,2255778.0
2025-10-28,3470.0,3392.676513671875,3357379.0
2025-10-29,3635.0,3553.999755859375,17006055.0
2025-10-30,3700.0,3617.55126953125,812268.0
2025-10-31,3700.0,3617.55126953125,1380754.0
2025-11-04,3700.0,3617.55126953125,181244.0
2025-11-05,3835.0,3749.54296875,444937.0
2025-11-06,3920.0,3832.64892578125,848023.0
2025-11-07,3980.0,3891.31201171875,479642.0
2025-11-10,3985.0,3896.200439453125,180986.0
2025-11-11,4150.0,4057.52392578125,473639.0
2025-11-12,4165.0,4072.189697265625,939223.0
2025-11-13,4440.0,4341.0615234375,1145337.0
2025-11-14,4635.0,4531.71630859375,869978.0
2025-11-18,4850.0,4741.92529296875,1469303.0
2025-11-19,4850.0,4741.92529296875,559390.0
2025-11-20,4740.0,4634.37646484375,517576.0
2025-11-21,4730.0,4624.599609375,351158.0
2025-11-24,4600.0,4497.49658203125,11163138.0
2025-11-25,4500.0,4399.724609375,454837.0
2025-11-26,4500.0,4399.724609375,127607.0
2025-11-27,4480.0,4380.169921875,127271.0
2025-11-28,4600.0,4497.49658203125,227641.0
2025-12-01,4635.0,4531.71630859375,178635.0
2025-12-02,4580.0,4477.94189453125,123954.0
2025-12-03,3700.0,3617.55126953125,181244.0
2025-12-04,4525.0,4424.16748046875,94510.0
2025-12-05,4545.0,4443.7216796875,94679.0
2025-12-09,4600.0,4497.49658203125,127498.0
2025-12-10,4600.0,4497.49658203125,325691.0
2025-12-11,4595.0,4492.60791015625,7117295.0
2025-12-12,4560.0,4458.3876953125,58947.0
2025-12-15,4560.0,4458.3876953125,142684.0
2025-12-16,4485.0,4385.05908203125,122294.0
2025-12-17,4430.0,4331.28466796875,14367.0
2025-12-18,4375.0,4277.51025390625,123140.0
2025-12-19,4400.0,4301.95263671875,540338.0
2025-12-22,4420.0,4321.50732421875,260148.0
2025-12-23,4420.0,4321.50732421875,62362.0
2025-12-24,4410.0,4311.73046875,17915.0
2025-12-26,4340.0,4243.2900390625,35113.0
2025-12-29,4390.0,4292.17578125,34500.0
2025-12-30,4255.0,4160.18359375,27849338.0
2025-12-31,4255.0,4160.18359375,0.0
2026-01-02,4300.0,4204.18115234375,178050.0
2026-01-05,4520.0,4419.279296875,240253.0
2026-01-06,4490.0,4389.947265625,194688.0
2026-01-07,4630.0,4526.82763671875,420195.0
2026-01-08,4600.0,4497.49658203125,49852.0
2026-01-09,4600.0,4497.49658203125,72619.0
2026-01-13,4590.0,4487.71875,194466.0
2026-01-14,4585.0,4482.83056640625,324563.0
2026-01-15,4600.0,4497.49658203125,502405.0
2026-01-16,4690.0,4585.49072265625,488506.0
2026-01-19,4850.0,4741.92529296875,2007942.0
2026-01-20,4920.0,4810.36572265625,988934.0
2026-01-21,4975.0,4864.14013671875,321584.0
2026-01-22,4900.0,4790.8115234375,241973.0
2026-01-23,4950.0,4839.69677734375,145987.0
2026-01-26,5000.0,4888.5830078125,348507.0
2026-01-27,5010.0,4898.3603515625,144434.0
2026-01-28,5050.0,4937.46875,244691.0
2026-01-29,5050.0,4937.46875,209749.0
2026-01-30,5100.0,4986.3544921875,154025.0
2026-02-02,4990.0,4878.80615234375,195733.0
2026-02-03,4935.0,4825.03125,134848.0
2026-02-04,4850.0,4741.92529296875,435549.0
2026-02-05,4800.0,4693.03955078125,543975.0
2026-02-06,4880.0,4771.2568359375,802369.0
2026-02-09,4870.0,4761.4794921875,568612.0
2026-02-10,4960.0,4849.47412109375,169107.0
2026-02-11,4880.0,4771.2568359375,543154.0
2026-02-12,4775.0,4668.5966796875,49745.0
2026-02-13,5000.0,4888.5830078125,152434.0
2026-02-16,5160.0,5045.017578125,280279.0
2026-02-17,5190.0,5074.34912109375,58615.0
2026-02-18,5040.0,4927.69140625,134714.0
2026-02-19,5050.0,4937.46875,1239058.0
2026-02-20,5050.0,4937.46875,612506.0
2026-02-23,4970.0,4859.25146484375,211596.0
2026-02-24,4830.0,4722.37109375,1753307.0
2026-02-25,4950.0,4839.69677734375,243848.0
2026-02-26,4505.0,4404.61328125,1794116.0
2026-02-27,4085.0,3993.97216796875,1826203.0
2026-03-02,3750.0,3666.43701171875,1793914.0
2026-03-03,3795.0,3710.434326171875,887050.0
2026-03-04,3795.0,3710.434326171875,887050.0
2026-03-05,3800.0,3715.322998046875,301276.0
2026-03-06,3800.0,3715.322998046875,904212.0
2026-03-09,4070.0,3979.306396484375,268489.0
2026-03-11,4225.0,4130.8525390625,231824.0
2026-03-12,4160.0,4067.30078125,174424.0
2026-03-13,4030.0,3940.19775390625,73719.0
2026-03-16,4030.0,3940.19775390625,59552.0
2026-03-17,4015.0,3925.531982421875,80388.0
2026-03-18,3960.0,3871.7578125,139415.0
2026-03-19,3920.0,3832.64892578125,97484.0
2026-03-20,3700.0,3617.55126953125,316285.0
2026-03-24,4000.0,3910.866455078125,165949.0
2026-03-25,4000.0,3910.866455078125,120639.0
2026-03-26,4045.0,3954.86376953125,78527.0
2026-03-27,4100.0,4008.637939453125,357231.0
2026-03-30,4200.0,4106.40966796875,185882.0
2026-03-31,4420.0,4321.50732421875,655399.0
2026-04-01,4305.0,4209.06982421875,87802.0
2026-04-02,4305.0,4209.06982421875,0.0
2026-04-03,4305.0,4209.06982421875,0.0
2026-04-06,4320.0,4223.73583984375,61179.0
2026-04-07,4255.0,4160.18359375,164529.0
2026-04-08,4300.0,4204.18115234375,128434.0
2026-04-09,4225.0,4130.8525390625,68034.0
2026-04-10,4225.0,4130.8525390625,68034.0
2026-04-13,4320.0,4223.73583984375,61179.0
2026-04-14,4320.0,4223.73583984375,202220.0
2026-04-15,4280.0,4184.626953125,139279.0
2026-04-16,4310.0,4213.95849609375,118075.0
2026-04-17,4355.0,4257.95556640625,51587.0
2026-04-20,4320.0,4223.73583984375,191000.0
2026-04-21,4310.0,4213.95849609375,50531.0
2026-04-22,4310.0,4213.95849609375,64333.0
2026-04-23,4350.0,4253.0673828125,83911.0
2026-04-24,4255.0,4160.18359375,33744.0
2026-04-27,4155.0,4062.412353515625,90274.0
2026-04-28,4230.0,4135.7412109375,60659.0
2026-04-29,4165.0,4072.189697265625,49202.0
2026-04-30,4200.0,4106.40966796875,33939.0
2026-05-04,4125.0,4033.080810546875,46613.0
2026-05-05,4125.0,4033.080810546875,0.0
2026-05-06,4150.0,4057.52392578125,332634.0
2026-05-07,3990.0,3901.089111328125,296765.0
2026-05-08,3890.0,3803.3173828125,175367.0
2026-05-11,3850.0,3764.208984375,312271.0
2026-05-12,3860.0,3773.986083984375,90232.0
2026-05-13,3980.0,3891.31201171875,2493323.0
2026-05-14,4050.0,3959.752197265625,168717.0
2026-05-15,4050.0,3959.752197265625,64081.0
2026-05-19,3940.0,3852.203125,28212.0
2026-05-20,3930.0,3842.426025390625,27323.0
2026-05-21,3970.0,3881.534912109375,76997.0
2026-05-22,3970.0,3881.534912109375,284150.0
2026-05-25,4085.0,3993.97216796875,232115.0
2026-05-26,4255.0,4160.18359375,274562.0
2026-05-27,4165.0,4072.189697265625,68375.0
2026-05-28,4210.0,4116.1865234375,155673.0
2026-06-01,4570.0,4468.16455078125,142494.0
2026-06-02,4570.0,4468.16455078125,142494.0
2026-06-03,4575.0,4473.05322265625,119888.0
2026-06-04,4575.0,4473.05322265625,62571.0
2026-06-05,4140.0,4047.746826171875,50306.0
2026-06-08,4140.0,4047.746826171875,0.0
2026-06-09,4595.0,4492.60791015625,205930.0
2026-06-10,4615.0,4512.162109375,200600.0
2026-06-11,4730.0,4624.599609375,105197.0
2026-06-16,4860.0,4751.70263671875,81404.0
2026-06-17,4865.0,4756.59130859375,139361.0
2026-06-18,4865.0,4756.59130859375,0.0
2026-06-19,4865.0,4756.59130859375,0.0
2026-06-22,4870.0,4761.4794921875,611810.0
2026-06-23,4795.0,4688.15087890625,36435.0
2026-06-24,4815.0,4707.705078125,38088.0
2026-06-25,4855.0,4746.81396484375,60769.0
2026-06-26,4855.0,4746.81396484375,30329.0
2026-06-29,4855.0,4746.81396484375,0.0
2026-06-30,4870.0,4761.4794921875,73484.0
2026-07-01,4810.0,4702.81689453125,33535.0
2026-07-02,4835.0,4727.25927734375,40414.0
2026-07-03,4835.0,4727.25927734375,32406.0
2026-07-06,4785.0,4678.3740234375,69169.0
2026-07-07,4660.0,4556.1591796875,114109.0
2026-07-08,4870.0,4761.4794921875,74918.0
2026-07-09,4755.0,4649.04248046875,126045.0
2026-07-10,4790.0,4683.26220703125,6683.0
2026-07-14,4770.0,4663.7080078125,14691.0
2026-07-15,4780.0,4673.48486328125,8781.0
2026-07-16,4745.0,4639.265625,19392.0
2026-07-17,4750.0,4644.15380859375,42336.0
2026-07-21,4760.0,4653.9306640625,99306.0
2026-07-22,4665.0,4612.73095703125,29985.0
2026-07-23,4530.0,4479.24365234375,35434.0
2026-07-24,4530.0,4479.24365234375,0.0
2026-07-27,4550.0,4499.01953125,40912.0
2026-07-28,4560.0,4508.90771484375,7136.0
2026-07-29,4530.0,4479.24365234375,9770.0
2026-07-30,4550.0,4499.01953125,40113.0
2026-07-31,4705.0,4652.28271484375,51230.0
2026-08-03,4710.0,4657.22705078125,55271.0
2026-08-04,4800.0,4746.21826171875,48575.0
2026-08-05,4755.0,4701.72265625,348668.0
2026-08-06,4765.0,4711.61083984375,53553.0
2026-08-07,4765.0,4711.61083984375,0.0
2026-08-10,4655.0,4602.84326171875,65319.0
2026-08-11,4650.0,4597.89892578125,68578.0
2026-08-12,4730.0,4677.0029296875,30581.0
2026-08-13,4705.0,4652.28271484375,34862.0
2026-08-14,4650.0,4597.89892578125,108888.0
2026-08-18,4610.0,4558.34716796875,71615.0
2026-08-19,4710.0,4657.22705078125,170240.0
2026-08-20,4725.0,4672.05859375,414047.0
2026-08-21,4800.0,4746.21826171875,157573.0
2026-08-24,4700.0,4647.3388671875,96063.0
2026-08-25,4730.0,4677.0029296875,366569.0
2026-08-26,4785.0,4731.38671875,72284.0
2026-08-27,4765.0,4711.61083984375,77768.0
2026-08-28,4900.0,4845.09814453125,247962.0
2026-08-31,4990.0,4934.08984375,341249.0
2026-09-01,4945.0,4889.59375,429231.0
2026-09-02,4905.0,4850.0419921875,96876.0
2026-09-03,4905.0,4850.0419921875,113929.0
2026-09-04,4860.0,4805.54638671875,51220.0
2026-09-07,4865.0,4810.490234375,61869.0
2026-09-08,4915.0,4859.93017578125,48190.0
2026-09-09,4900.0,4845.09814453125,44029.0
2026-09-10,4855.0,4800.60205078125,13963.0
2026-09-11,4805.0,4751.16259765625,87628.0
2026-09-14,4795.0,4741.2744140625,70212.0
2026-09-15,4750.0,4696.77880859375,75413.0
2026-09-16,4760.0,4706.66650390625,79344.0
2026-09-17,4830.0,4830.0,661206.0
2026-09-18,4980.0,4980.0,2162642.0
2026-09-21,4950.0,4950.0,1741218.0
2026-09-22,5000.0,5000.0,2783197.0
2026-09-23,5130.0,5130.0,3104216.0
2026-09-24,5140.0,5140.0,103996.0
2026-09-25,5140.0,5140.0,202713.0
