Date,close,adjclose,volume
2014-12-01,1610.0,687.4950561523438,0.0
2014-12-02,1610.0,687.4950561523438,802942.0
2014-12-03,1595.0,681.0897216796875,1352894.0
2014-12-04,1615.0,689.6301879882812,382636.0
2014-12-05,1640.0,700.3053588867188,1314974.0
2014-12-08,1650.0,704.5755004882812,0.0
2014-12-09,1590.0,678.9547119140625,89830.0
2014-12-10,1590.0,678.9547119140625,89830.0
2014-12-11,1600.0,683.2247314453125,801553.0
2014-12-12,1610.0,687.4950561523438,2272323.0
2014-12-15,1575.0,672.5494995117188,2238202.0
2014-12-16,1575.0,672.5494995117188,2238202.0
2014-12-17,1570.0,670.4144897460938,557752.0
2014-12-18,1600.0,683.2247314453125,326997.0
2014-12-19,1600.0,683.2247314453125,570824.0
2014-12-22,1600.0,683.2247314453125,0.0
2014-12-23,1695.0,723.791259765625,1740673.0
2014-12-24,1700.0,725.9263305664062,1657177.0
2014-12-25,1730.0,738.7369384765625,1771642.0
2014-12-26,1720.0,734.4666748046875,542861.0
2014-12-29,1720.0,734.4666748046875,0.0
2014-12-30,1720.0,734.4666748046875,70576.0
2014-12-31,1700.0,725.9263305664062,698401.0
2015-01-01,1700.0,725.9263305664062,0.0
2015-01-02,1625.0,693.9002685546875,632831.0
2015-01-05,1580.0,674.6845092773438,1438144.0
2015-01-06,1580.0,674.6845092773438,0.0
2015-01-07,1580.0,674.6845092773438,452959.0
2015-01-08,1640.0,700.3053588867188,30651.0
2015-01-09,1690.0,721.6560668945312,809515.0
2015-01-12,1625.0,693.9002685546875,0.0
2015-01-13,1685.0,719.5211791992188,308057.0
2015-01-14,1685.0,719.5211791992188,308057.0
2015-01-15,1650.0,704.5755004882812,272559.0
2015-01-16,1645.0,702.4404907226562,141118.0
2015-01-19,1645.0,702.4404907226562,0.0
2015-01-20,1635.0,698.1704711914062,253542.0
2015-01-21,1635.0,698.1704711914062,133361.0
2015-01-22,1630.0,696.0353393554688,328066.0
2015-01-23,1630.0,696.0353393554688,194142.0
2015-01-26,1660.0,708.845703125,288173.0
2015-01-27,1660.0,708.845703125,288173.0
2015-01-28,1610.0,687.4950561523438,230810.0
2015-01-29,1600.0,683.2247314453125,684090.0
2015-01-30,1600.0,683.2247314453125,230607.0
2015-02-02,1630.0,696.0353393554688,810117.0
2015-02-03,1630.0,696.0353393554688,810117.0
2015-02-04,1670.0,713.1160278320312,1415237.0
2015-02-05,1685.0,719.5211791992188,4245560.0
2015-02-06,1650.0,704.5755004882812,38562.0
2015-02-09,1650.0,704.5755004882812,277154.0
2015-02-10,1650.0,704.5755004882812,277154.0
2015-02-11,1615.0,689.6301879882812,120534.0
2015-02-12,1610.0,687.4950561523438,103927.0
2015-02-13,1625.0,693.9002685546875,156186.0
2015-02-16,1630.0,696.0353393554688,54674.0
2015-02-17,1630.0,696.0353393554688,54674.0
2015-02-18,1635.0,698.1704711914062,18465549.0
2015-02-19,1645.0,702.4404907226562,166030.0
2015-02-20,1650.0,704.5755004882812,20550.0
2015-02-23,1635.0,698.1704711914062,344189.0
2015-02-24,1635.0,698.1704711914062,344189.0
2015-02-25,1650.0,704.5755004882812,320460.0
2015-02-26,1635.0,698.1704711914062,167687.0
2015-02-27,1635.0,698.1704711914062,2096443.0
2015-03-02,1650.0,704.5755004882812,698550.0
2015-03-03,1650.0,704.5755004882812,698550.0
2015-03-04,1650.0,704.5755004882812,251217.0
2015-03-05,1660.0,708.845703125,512421.0
2015-03-06,1635.0,698.1704711914062,135063.0
2015-03-09,1625.0,693.9002685546875,122643.0
2015-03-10,1625.0,693.9002685546875,122643.0
2015-03-11,1595.0,681.0897216796875,669670.0
2015-03-12,1590.0,678.9547119140625,729838.0
2015-03-13,1610.0,687.4950561523438,1794342.0
2015-03-16,1645.0,702.4404907226562,834549.0
2015-03-17,1645.0,702.4404907226562,834549.0
2015-03-18,1635.0,698.1704711914062,247826.0
2015-03-19,1630.0,696.0353393554688,279939.0
2015-03-20,1600.0,683.2247314453125,208725.0
2015-03-23,1635.0,698.1704711914062,0.0
2015-03-24,1620.0,691.7650756835938,5604851.0
2015-03-25,1620.0,691.7650756835938,5604851.0
2015-03-26,1610.0,687.4950561523438,5505794.0
2015-03-27,1620.0,691.7650756835938,395921.0
2015-03-30,1605.0,685.35986328125,85762.0
2015-03-31,1605.0,685.35986328125,85762.0
2015-04-01,1625.0,693.9002685546875,355735.0
2015-04-02,1625.0,693.9002685546875,1100.0
2015-04-03,1620.0,691.7650756835938,0.0
2015-04-06,1640.0,700.3053588867188,3075735.0
2015-04-07,1640.0,700.3053588867188,3075735.0
2015-04-08,1655.0,706.7108154296875,366585.0
2015-04-09,1650.0,704.5755004882812,439536.0
2015-04-10,1650.0,704.5755004882812,691328.0
2015-04-13,1655.0,706.7108154296875,248253.0
2015-04-14,1655.0,706.7108154296875,248253.0
2015-04-15,1640.0,700.3053588867188,213756.0
2015-04-16,1625.0,693.9002685546875,480547.0
2015-04-17,1645.0,702.4404907226562,261900.0
2015-04-20,1635.0,698.1704711914062,164854.0
2015-04-21,1635.0,698.1704711914062,164854.0
2015-04-22,1630.0,696.0353393554688,148988.0
2015-04-23,1640.0,700.3053588867188,232896.0
2015-04-24,1655.0,706.7108154296875,293849.0
2015-04-27,1685.0,719.5211791992188,3149201.0
2015-04-28,1685.0,719.5211791992188,3149201.0
2015-04-29,1725.0,736.601806640625,987702.0
2015-04-30,1725.0,736.601806640625,196120.0
2015-05-01,1700.0,725.9263305664062,624746.0
2015-05-04,1700.0,725.9263305664062,0.0
2015-05-05,1700.0,725.9263305664062,140302.0
2015-05-06,1710.0,730.1965942382812,235375.0
2015-05-07,1695.0,723.791259765625,356554.0
2015-05-08,1680.0,717.385986328125,268708.0
2015-05-11,1690.0,721.6560668945312,41529.0
2015-05-12,1690.0,721.6560668945312,0.0
2015-05-13,1665.0,710.980712890625,1384071.0
2015-05-14,1685.0,719.5211791992188,270163.0
2015-05-15,1665.0,710.980712890625,212893.0
2015-05-18,1690.0,721.6560668945312,0.0
2015-05-19,1700.0,725.9263305664062,1898021.0
2015-05-20,1700.0,725.9263305664062,1898021.0
2015-05-21,1695.0,723.791259765625,1139350.0
2015-05-22,1695.0,723.791259765625,4046496.0
2015-05-25,1700.0,725.9263305664062,920867.0
2015-05-26,1700.0,725.9263305664062,920867.0
2015-05-27,1720.0,734.4666748046875,1666261.0
2015-05-28,1650.0,704.5755004882812,1412405.0
2015-05-29,1695.0,723.791259765625,800537.0
2015-06-01,1665.0,710.980712890625,589488.0
2015-06-02,1665.0,710.980712890625,589488.0
2015-06-03,1665.0,710.980712890625,584948.0
2015-06-04,1680.0,717.385986328125,426080.0
2015-06-05,1675.0,715.2510986328125,154920.0
2015-06-08,1665.0,710.980712890625,0.0
2015-06-09,1705.0,728.0615234375,647746.0
2015-06-10,1705.0,728.0615234375,647746.0
2015-06-11,1695.0,723.791259765625,836270.0
2015-06-12,1695.0,723.791259765625,452245.0
2015-06-15,1705.0,728.0615234375,0.0
2015-06-16,1710.0,730.1965942382812,758089.0
2015-06-17,1710.0,730.1965942382812,758089.0
2015-06-18,1700.0,725.9263305664062,1542631.0
2015-06-19,1700.0,784.6505126953125,3268696.0
2015-06-22,1705.0,786.9584350585938,0.0
2015-06-23,1590.0,733.8790893554688,18111078.0
2015-06-24,1595.0,736.186767578125,1035123.0
2015-06-25,1600.0,738.4945678710938,3956575.0
2015-06-26,1590.0,733.8790893554688,408535.0
2015-06-29,1705.0,786.9584350585938,0.0
2015-06-30,1590.0,733.8790893554688,651754.0
2015-07-01,1590.0,733.8790893554688,651754.0
2015-07-02,1560.0,720.0323486328125,1141300.0
2015-07-03,1580.0,729.2634887695312,268412.0
2015-07-06,1580.0,729.2634887695312,167113.0
2015-07-07,1580.0,729.2634887695312,167113.0
2015-07-08,1585.0,731.5712280273438,352466.0
2015-07-09,1585.0,731.5712280273438,19668725.0
2015-07-10,1590.0,733.8790893554688,413554.0
2015-07-13,1620.0,747.725830078125,571434.0
2015-07-14,1620.0,747.725830078125,571434.0
2015-07-15,1640.0,756.9569091796875,8075604.0
2015-07-16,1655.0,763.8805541992188,4835056.0
2015-07-17,1670.0,770.8038940429688,3762543.0
2015-07-20,1645.0,759.2648315429688,0.0
2015-07-21,1670.0,770.8038940429688,1497872.0
2015-07-22,1670.0,770.8038940429688,1497872.0
2015-07-23,1660.0,766.1881103515625,848195.0
2015-07-24,1650.0,761.572509765625,865186.0
2015-07-27,1660.0,766.1881103515625,2780144.0
2015-07-28,1660.0,766.1881103515625,2780144.0
2015-07-29,1660.0,766.1881103515625,912752.0
2015-07-30,1660.0,766.1881103515625,912752.0
2015-07-31,1655.0,763.8805541992188,36848.0
2015-08-03,1670.0,770.8038940429688,320258.0
2015-08-04,1670.0,770.8038940429688,320258.0
2015-08-05,1660.0,766.1881103515625,401182.0
2015-08-06,1655.0,763.8805541992188,213912.0
2015-08-07,1660.0,766.1881103515625,161562.0
2015-08-10,1660.0,766.1881103515625,19412.0
2015-08-11,1660.0,766.1881103515625,19412.0
2015-08-12,1660.0,766.1881103515625,1143769.0
2015-08-13,1660.0,766.1881103515625,1609064.0
2015-08-14,1685.0,777.727294921875,2255944.0
2015-08-17,1685.0,777.727294921875,0.0
2015-08-18,1690.0,780.0348510742188,1201786.0
2015-08-19,1690.0,780.0348510742188,1201786.0
2015-08-20,1685.0,777.727294921875,963563.0
2015-08-21,1675.0,773.1116943359375,2853436.0
2015-08-24,1670.0,770.8038940429688,3013436.0
2015-08-25,1670.0,770.8038940429688,3013436.0
2015-08-26,1675.0,773.1116943359375,8019662.0
2015-08-27,1680.0,775.4193115234375,1051373.0
2015-08-28,1700.0,784.6505126953125,4895275.0
2015-08-31,1690.0,780.0348510742188,870109.0
2015-09-01,1690.0,780.0348510742188,183570.0
2015-09-02,1690.0,780.0348510742188,183570.0
2015-09-03,1685.0,777.727294921875,325935.0
2015-09-04,1700.0,784.6505126953125,1659379.0
2015-09-07,1700.0,784.6505126953125,471246.0
2015-09-08,1700.0,784.6505126953125,471246.0
2015-09-09,1705.0,786.9584350585938,2024128.0
2015-09-10,1715.0,791.573974609375,8476367.0
2015-09-11,1730.0,798.4974365234375,12948850.0
2015-09-14,1705.0,786.9584350585938,46328.0
2015-09-15,1705.0,786.9584350585938,46328.0
2015-09-16,1760.0,812.3441162109375,4021416.0
2015-09-17,1745.0,805.4207763671875,1217901.0
2015-09-18,1750.0,807.7286376953125,235736.0
2015-09-21,1735.0,800.8051147460938,652063.0
2015-09-22,1735.0,800.8051147460938,652063.0
2015-09-23,1725.0,796.1895751953125,764252.0
2015-09-24,1740.0,803.113037109375,356731.0
2015-09-25,1760.0,812.3441162109375,3800485.0
2015-09-28,1790.0,826.1907348632812,7221740.0
2015-09-29,1790.0,826.1907348632812,7221740.0
2015-09-30,1770.0,816.9597778320312,17523129.0
2015-10-01,1740.0,803.113037109375,456620.0
2015-10-02,1750.0,807.7286376953125,320291.0
2015-10-05,1750.0,807.7286376953125,523094.0
2015-10-06,1750.0,807.7286376953125,2545020.0
2015-10-07,1750.0,807.7286376953125,781888.0
2015-10-08,1750.0,807.7286376953125,781888.0
2015-10-09,1760.0,812.3441162109375,2064395.0
2015-10-12,1740.0,803.113037109375,0.0
2015-10-13,1750.0,807.7286376953125,64564.0
2015-10-14,1750.0,807.7286376953125,64564.0
2015-10-15,1730.0,798.4974365234375,395000.0
2015-10-16,1725.0,796.1895751953125,135538.0
2015-10-19,1720.0,793.8817749023438,1848.0
2015-10-20,1720.0,793.8817749023438,1848.0
2015-10-21,1700.0,784.6505126953125,350657.0
2015-10-22,1700.0,784.6505126953125,329403.0
2015-10-23,1705.0,786.9584350585938,123030.0
2015-10-26,1720.0,793.8817749023438,439131.0
2015-10-27,1720.0,793.8817749023438,439131.0
2015-10-28,1720.0,793.8817749023438,158686.0
2015-10-29,1735.0,800.8051147460938,467030.0
2015-10-30,1745.0,805.4207763671875,174401.0
2015-11-02,1870.0,863.1156005859375,0.0
2015-11-03,1795.0,828.4984741210938,116999.0
2015-11-04,1795.0,828.4984741210938,116999.0
2015-11-05,1770.0,816.9597778320312,1800000.0
2015-11-06,1775.0,819.2674560546875,17201.0
2015-11-09,1760.0,812.3441162109375,199964.0
2015-11-10,1760.0,812.3441162109375,199964.0
2015-11-11,1745.0,805.4207763671875,35788.0
2015-11-12,1715.0,791.573974609375,79668.0
2015-11-13,1715.0,791.573974609375,79668.0
2015-11-16,1690.0,780.0348510742188,0.0
2015-11-17,1800.0,830.8065185546875,218846.0
2015-11-18,1800.0,830.8065185546875,218846.0
2015-11-19,1725.0,796.1895751953125,20000.0
2015-11-20,1725.0,796.1895751953125,14724.0
2015-11-23,1745.0,805.4207763671875,0.0
2015-11-24,1740.0,803.113037109375,206878.0
2015-11-25,1740.0,803.113037109375,206878.0
2015-11-26,1700.0,784.6505126953125,70553.0
2015-11-27,1700.0,784.6505126953125,47326.0
2015-11-30,1660.0,766.1881103515625,2236007.0
2015-12-01,1660.0,766.1881103515625,2236007.0
2015-12-02,1665.0,768.495849609375,404929.0
2015-12-03,1655.0,763.8805541992188,772096.0
2015-12-04,1660.0,766.1881103515625,93434.0
2015-12-07,1650.0,761.572509765625,0.0
2015-12-08,1650.0,761.572509765625,0.0
2015-12-09,1660.0,766.1881103515625,58756.0
2015-12-10,1660.0,766.1881103515625,58756.0
2015-12-11,1730.0,798.4974365234375,203215.0
2015-12-14,1695.0,782.3427124023438,81213.0
2015-12-15,1695.0,782.3427124023438,81213.0
2015-12-16,1695.0,782.3427124023438,118713.0
2015-12-17,1700.0,784.6505126953125,81459.0
2015-12-18,1725.0,796.1895751953125,259743.0
2015-12-21,1695.0,782.3427124023438,56420.0
2015-12-22,1695.0,782.3427124023438,56420.0
2015-12-23,1690.0,780.0348510742188,14554.0
2015-12-24,1695.0,782.3427124023438,65122.0
2015-12-25,1710.0,789.2662353515625,54026.0
2015-12-28,1720.0,793.8817749023438,112384.0
2015-12-29,1720.0,793.8817749023438,55239.0
2015-12-30,1720.0,793.8817749023438,55239.0
2015-12-31,1720.0,793.8817749023438,0.0
2016-01-01,1720.0,793.8817749023438,0.0
2016-01-04,1720.0,793.8817749023438,25803.0
2016-01-05,1720.0,793.8817749023438,25803.0
2016-01-06,1750.0,807.7286376953125,69050.0
2016-01-07,1735.0,800.8051147460938,255907.0
2016-01-08,1745.0,805.4207763671875,77676.0
2016-01-11,1740.0,803.113037109375,0.0
2016-01-12,1730.0,798.4974365234375,6441.0
2016-01-13,1730.0,798.4974365234375,6441.0
2016-01-14,1725.0,796.1895751953125,256411.0
2016-01-15,1740.0,803.113037109375,366846.0
2016-01-18,1725.0,796.1895751953125,115958.0
2016-01-19,1725.0,796.1895751953125,115958.0
2016-01-20,1685.0,777.727294921875,303551.0
2016-01-21,1675.0,773.1116943359375,2904023.0
2016-01-22,1715.0,791.573974609375,669348.0
2016-01-25,1745.0,805.4207763671875,236916.0
2016-01-26,1745.0,805.4207763671875,236916.0
2016-01-27,1780.0,821.5753784179688,176336.0
2016-01-28,1765.0,814.6519165039062,69267.0
2016-01-29,1785.0,823.883056640625,37559.0
2016-02-01,1750.0,807.7286376953125,197615.0
2016-02-02,1750.0,807.7286376953125,197615.0
2016-02-03,1750.0,807.7286376953125,14440.0
2016-02-04,1735.0,800.8051147460938,14732.0
2016-02-05,1765.0,814.6519165039062,132932.0
2016-02-08,1780.0,821.5753784179688,45630.0
2016-02-09,1780.0,821.5753784179688,45630.0
2016-02-10,1770.0,816.9597778320312,584243.0
2016-02-11,1785.0,823.883056640625,203920.0
2016-02-12,1785.0,823.883056640625,603365.0
2016-02-15,1780.0,821.5753784179688,23836.0
2016-02-16,1780.0,821.5753784179688,23836.0
2016-02-17,1780.0,821.5753784179688,395423.0
2016-02-18,1785.0,823.883056640625,228311.0
2016-02-19,1775.0,819.2674560546875,228377.0
2016-02-22,1785.0,823.883056640625,385671.0
2016-02-23,1785.0,823.883056640625,385671.0
2016-02-24,1790.0,826.1907348632812,325610.0
2016-02-25,1775.0,819.2674560546875,1244829.0
2016-02-26,1785.0,823.883056640625,983003.0
2016-02-29,1775.0,819.2674560546875,1835803.0
2016-03-01,1775.0,819.2674560546875,1835803.0
2016-03-02,1775.0,819.2674560546875,320032.0
2016-03-03,1840.0,849.2689208984375,1281550.0
2016-03-04,1900.0,876.9624633789062,1309681.0
2016-03-07,1820.0,840.0377197265625,92213.0
2016-03-08,1820.0,840.0377197265625,92213.0
2016-03-09,1830.0,844.6532592773438,236574.0
2016-03-10,1815.0,837.7297973632812,674069.0
2016-03-11,1830.0,844.6532592773438,305721.0
2016-03-14,1815.0,837.7297973632812,53500.0
2016-03-15,1815.0,837.7297973632812,53500.0
2016-03-16,1810.0,835.4221801757812,589383.0
2016-03-17,1830.0,844.6532592773438,297852.0
2016-03-18,1800.0,830.8065185546875,418752.0
2016-03-21,1800.0,830.8065185546875,0.0
2016-03-22,1800.0,830.8065185546875,222144.0
2016-03-23,1800.0,830.8065185546875,222144.0
2016-03-24,1900.0,876.9624633789062,170500.0
2016-03-25,1900.0,876.9624633789062,0.0
2016-03-28,1900.0,876.9624633789062,0.0
2016-03-29,1830.0,844.6532592773438,61638.0
2016-03-30,1830.0,844.6532592773438,61638.0
2016-03-31,1850.0,853.884521484375,348330.0
2016-04-01,1900.0,876.9624633789062,1448288.0
2016-04-04,1885.0,870.0390625,227957.0
2016-04-05,1885.0,870.0390625,227957.0
2016-04-06,1865.0,860.8078002929688,110571.0
2016-04-07,1855.0,856.1922607421875,399162.0
2016-04-08,1855.0,856.1922607421875,366797.0
2016-04-11,1855.0,856.1922607421875,476435.0
2016-04-12,1855.0,856.1922607421875,476435.0
2016-04-13,1845.0,851.5767211914062,1088017.0
2016-04-14,1850.0,853.884521484375,850079.0
2016-04-15,1845.0,851.5767211914062,80326.0
2016-04-18,1830.0,844.6532592773438,528696.0
2016-04-19,1830.0,844.6532592773438,528696.0
2016-04-20,1845.0,851.5767211914062,272210.0
2016-04-21,1850.0,853.884521484375,191856.0
2016-04-22,1880.0,867.731201171875,812559.0
2016-04-25,1880.0,867.731201171875,223301.0
2016-04-26,1880.0,867.731201171875,223301.0
2016-04-27,1865.0,860.8078002929688,69277.0
2016-04-28,1850.0,853.884521484375,146094.0
2016-04-29,1850.0,853.884521484375,606711.0
2016-05-02,1855.0,856.1922607421875,255306.0
2016-05-03,1855.0,856.1922607421875,255306.0
2016-05-04,1840.0,849.2689208984375,146849.0
2016-05-05,1825.0,842.3455200195312,1625000.0
2016-05-06,1810.0,835.4221801757812,341393.0
2016-05-09,1810.0,835.4221801757812,0.0
2016-05-10,1875.0,865.42333984375,522281.0
2016-05-11,1875.0,865.42333984375,522281.0
2016-05-12,1875.0,865.42333984375,669641.0
2016-05-13,1900.0,876.9624633789062,2099647.0
2016-05-16,1895.0,874.6544799804688,234319.0
2016-05-17,1895.0,874.6544799804688,234319.0
2016-05-18,1870.0,863.1156005859375,60604.0
2016-05-19,1840.0,849.2689208984375,325979.0
2016-05-20,1845.0,851.5767211914062,240237.0
2016-05-23,1875.0,865.42333984375,241814.0
2016-05-24,1875.0,865.42333984375,241814.0
2016-05-25,1900.0,876.9624633789062,367903.0
2016-05-26,1895.0,874.6544799804688,397964.0
2016-05-27,1885.0,870.0390625,438658.0
2016-05-30,1885.0,870.0390625,0.0
2016-05-31,1860.0,858.4999389648438,31133.0
2016-06-01,1860.0,858.4999389648438,31133.0
2016-06-02,1825.0,842.3455200195312,597523.0
2016-06-03,1830.0,844.6532592773438,97790.0
2016-06-06,1820.0,840.0377197265625,0.0
2016-06-07,1825.0,842.3455200195312,155650.0
2016-06-08,1825.0,842.3455200195312,155650.0
2016-06-09,1820.0,840.0377197265625,321790.0
2016-06-10,1815.0,837.7297973632812,1591586.0
2016-06-13,1810.0,835.4221801757812,27930.0
2016-06-14,1810.0,835.4221801757812,0.0
2016-06-15,1780.0,821.5753784179688,150579.0
2016-06-16,1785.0,823.883056640625,98172.0
2016-06-17,1815.0,837.7297973632812,104775.0
2016-06-20,1815.0,837.7297973632812,174544.0
2016-06-21,1815.0,837.7297973632812,174544.0
2016-06-22,1810.0,835.4221801757812,777546.0
2016-06-23,1845.0,851.5767211914062,825094.0
2016-06-24,1840.0,849.2689208984375,138400.0
2016-06-27,1845.0,851.5767211914062,219576.0
2016-06-28,1845.0,887.3676147460938,219576.0
2016-06-29,1800.0,865.7244873046875,529485.0
2016-06-30,1810.0,870.5341186523438,3055108.0
2016-07-01,1785.0,858.510009765625,136478.0
2016-07-04,1795.0,863.3194580078125,0.0
2016-07-05,1785.0,858.510009765625,130403.0
2016-07-06,1785.0,858.510009765625,130403.0
2016-07-07,1785.0,858.510009765625,279280.0
2016-07-08,1765.0,848.8909301757812,283166.0
2016-07-11,1800.0,865.7244873046875,104725.0
2016-07-12,1800.0,865.7244873046875,104725.0
2016-07-13,1800.0,865.7244873046875,10967489.0
2016-07-14,1800.0,865.7244873046875,186820.0
2016-07-15,1800.0,865.7244873046875,186820.0
2016-07-18,1805.0,868.12939453125,202358.0
2016-07-19,1805.0,868.12939453125,202358.0
2016-07-20,1805.0,868.12939453125,241842.0
2016-07-21,1795.0,863.3194580078125,1133000.0
2016-07-22,1795.0,863.3194580078125,1133000.0
2016-07-25,1820.0,875.3436889648438,1059777.0
2016-07-26,1820.0,875.3436889648438,1059777.0
2016-07-27,1835.0,882.5579833984375,1011706.0
2016-07-28,1830.0,880.1531982421875,205678.0
2016-07-29,1820.0,875.3436889648438,595416.0
2016-08-01,1815.0,872.938720703125,38100.0
2016-08-02,1815.0,872.938720703125,38100.0
2016-08-03,1820.0,875.3436889648438,308700.0
2016-08-04,1825.0,877.7484741210938,18600.0
2016-08-05,1825.0,877.7484741210938,18600.0
2016-08-08,1810.0,870.5341186523438,50385.0
2016-08-09,1810.0,870.5341186523438,50385.0
2016-08-10,1820.0,875.3436889648438,86230.0
2016-08-11,1820.0,875.3436889648438,1058.0
2016-08-12,1835.0,882.5579833984375,649564.0
2016-08-15,1815.0,872.938720703125,0.0
2016-08-16,1845.0,887.3676147460938,843341.0
2016-08-17,1845.0,887.3676147460938,843341.0
2016-08-18,1860.0,894.5818481445312,405985.0
2016-08-19,1880.0,904.2010498046875,439293.0
2016-08-22,1840.0,884.9628295898438,140372.0
2016-08-23,1840.0,884.9628295898438,140372.0
2016-08-24,1840.0,884.9628295898438,86906.0
2016-08-25,1890.0,909.010498046875,2040717.0
2016-08-26,1890.0,909.010498046875,1173006.0
2016-08-29,1880.0,904.2010498046875,479305.0
2016-08-30,1880.0,904.2010498046875,479305.0
2016-08-31,1870.0,899.3914794921875,987218.0
2016-09-01,1850.0,889.7724609375,2535043.0
2016-09-02,1860.0,894.5818481445312,90477.0
2016-09-05,1870.0,899.3914794921875,137400.0
2016-09-06,1870.0,899.3914794921875,137400.0
2016-09-07,1900.0,913.8203125,971489.0
2016-09-08,1910.0,918.6298217773438,1054988.0
2016-09-09,1910.0,918.6298217773438,1201491.0
2016-09-12,1890.0,909.010498046875,124157.0
2016-09-13,1890.0,909.010498046875,124157.0
2016-09-14,1880.0,904.2010498046875,76252.0
2016-09-15,1870.0,899.3914794921875,15062.0
2016-09-16,1870.0,899.3914794921875,32145.0
2016-09-19,1865.0,896.9866943359375,2625350.0
2016-09-20,1865.0,896.9866943359375,2625350.0
2016-09-21,1870.0,899.3914794921875,543307.0
2016-09-22,1870.0,899.3914794921875,136989.0
2016-09-23,1870.0,899.3914794921875,376382.0
2016-09-26,1910.0,918.6298217773438,200805.0
2016-09-27,1910.0,918.6298217773438,200805.0
2016-09-28,1905.0,916.22509765625,651006.0
2016-09-29,1915.0,921.0347290039062,28866.0
2016-09-30,1850.0,889.7724609375,741212.0
2016-10-03,1820.0,875.3436889648438,2604652.0
2016-10-04,1820.0,875.3436889648438,2604652.0
2016-10-05,1825.0,877.7484741210938,1053013.0
2016-10-06,1825.0,877.7484741210938,80754.0
2016-10-07,1825.0,877.7484741210938,80754.0
2016-10-10,1835.0,882.5579833984375,579500.0
2016-10-11,1835.0,882.5579833984375,579500.0
2016-10-12,1840.0,884.9628295898438,68020.0
2016-10-13,1845.0,887.3676147460938,86136.0
2016-10-14,1850.0,889.7724609375,165599.0
2016-10-17,1845.0,887.3676147460938,0.0
2016-10-18,1845.0,887.3676147460938,6580.0
2016-10-19,1845.0,887.3676147460938,6580.0
2016-10-20,1860.0,894.5818481445312,152888.0
2016-10-21,1865.0,896.9866943359375,92792.0
2016-10-24,1855.0,892.1771850585938,1542.0
2016-10-25,1855.0,892.1771850585938,1542.0
2016-10-26,1870.0,899.3914794921875,1284664.0
2016-10-27,1870.0,899.3914794921875,1284664.0
2016-10-28,1870.0,899.3914794921875,115413.0
2016-10-31,1900.0,913.8203125,1748887.0
2016-11-01,1900.0,913.8203125,1748887.0
2016-11-02,1895.0,911.4153442382812,12746.0
2016-11-03,1880.0,904.2010498046875,734838.0
2016-11-04,1850.0,889.7724609375,635959.0
2016-11-07,1830.0,880.1531982421875,0.0
2016-11-08,1860.0,894.5818481445312,53577.0
2016-11-09,1860.0,894.5818481445312,53577.0
2016-11-10,1855.0,892.1771850585938,145958.0
2016-11-11,1835.0,882.5579833984375,2459876.0
2016-11-14,1825.0,877.7484741210938,0.0
2016-11-15,1835.0,882.5579833984375,346199.0
2016-11-16,1830.0,880.1531982421875,861478.0
2016-11-17,1835.0,882.5579833984375,667294.0
2016-11-18,1845.0,887.3676147460938,12600.0
2016-11-21,1850.0,889.7724609375,75710.0
2016-11-22,1850.0,889.7724609375,192086.0
2016-11-23,1845.0,887.3676147460938,448943.0
2016-11-24,1845.0,887.3676147460938,0.0
2016-11-25,1820.0,875.3436889648438,182058.0
2016-11-28,1820.0,875.3436889648438,140103.0
2016-11-29,1825.0,877.7484741210938,380182.0
2016-11-30,1805.0,868.12939453125,2391406.0
2016-12-01,1805.0,868.12939453125,155934.0
2016-12-02,1805.0,868.12939453125,0.0
2016-12-05,1815.0,872.938720703125,182744.0
2016-12-06,1820.0,875.3436889648438,133243.0
2016-12-07,1825.0,877.7484741210938,328797.0
2016-12-08,1825.0,877.7484741210938,0.0
2016-12-09,1820.0,875.3436889648438,18100.0
2016-12-12,1810.0,870.5341186523438,442339.0
2016-12-13,1815.0,872.938720703125,405416.0
2016-12-14,1800.0,865.7244873046875,927244.0
2016-12-15,1800.0,865.7244873046875,222749.0
2016-12-16,1830.0,880.1531982421875,314620.0
2016-12-19,1790.0,860.9147338867188,962954.0
2016-12-20,1800.0,865.7244873046875,269550.0
2016-12-21,1800.0,865.7244873046875,946791.0
2016-12-22,1785.0,858.510009765625,549255.0
2016-12-23,1785.0,858.510009765625,88114.0
2016-12-26,1810.0,870.5341186523438,37569.0
2016-12-27,1790.0,860.9147338867188,221557.0
2016-12-28,1810.0,870.5341186523438,36300.0
2016-12-29,1810.0,870.5341186523438,290.0
2016-12-30,1810.0,870.5341186523438,0.0
2017-01-02,1810.0,870.5341186523438,0.0
2017-01-03,1810.0,870.5341186523438,11050.0
2017-01-04,1815.0,872.938720703125,439492.0
2017-01-05,1845.0,887.3676147460938,648150.0
2017-01-06,1850.0,889.7724609375,243408.0
2017-01-09,1850.0,889.7724609375,0.0
2017-01-10,1835.0,882.5579833984375,206928.0
2017-01-11,1840.0,884.9628295898438,274775.0
2017-01-12,1830.0,880.1531982421875,538856.0
2017-01-13,1845.0,887.3676147460938,70542.0
2017-01-16,1845.0,887.3676147460938,2105.0
2017-01-17,1845.0,887.3676147460938,169015.0
2017-01-18,1835.0,882.5579833984375,119052.0
2017-01-19,1835.0,882.5579833984375,82914.0
2017-01-20,1835.0,882.5579833984375,636.0
2017-01-23,1835.0,882.5579833984375,499500.0
2017-01-24,1835.0,882.5579833984375,168936.0
2017-01-25,1840.0,884.9628295898438,363750.0
2017-01-26,1840.0,884.9628295898438,64925.0
2017-01-27,1830.0,880.1531982421875,227214.0
2017-01-30,1820.0,875.3436889648438,94383.0
2017-01-31,1800.0,865.7244873046875,1544227.0
2017-02-01,1810.0,870.5341186523438,125018.0
2017-02-02,1825.0,877.7484741210938,499438.0
2017-02-03,1830.0,880.1531982421875,289700.0
2017-02-06,1820.0,875.3436889648438,55840.0
2017-02-07,1820.0,875.3436889648438,158067.0
2017-02-08,1805.0,868.12939453125,321789.0
2017-02-09,1815.0,872.938720703125,270582.0
2017-02-10,1805.0,868.12939453125,146964.0
2017-02-13,1830.0,880.1531982421875,88912.0
2017-02-14,1815.0,872.938720703125,544834.0
2017-02-15,1815.0,872.938720703125,143660.0
2017-02-16,1830.0,880.1531982421875,315078.0
2017-02-17,1830.0,880.1531982421875,434274.0
2017-02-20,1815.0,872.938720703125,293664.0
2017-02-21,1815.0,872.938720703125,486312.0
2017-02-22,1820.0,875.3436889648438,92107.0
2017-02-23,1815.0,872.938720703125,16020.0
2017-02-24,1820.0,875.3436889648438,398154.0
2017-02-27,1810.0,870.5341186523438,171195.0
2017-02-28,1820.0,875.3436889648438,579260.0
2017-03-01,1805.0,868.12939453125,334873.0
2017-03-02,1815.0,872.938720703125,402294.0
2017-03-03,1820.0,875.3436889648438,106340.0
2017-03-06,1820.0,875.3436889648438,76000.0
2017-03-07,1815.0,872.938720703125,513028.0
2017-03-08,1800.0,865.7244873046875,54175.0
2017-03-09,1815.0,872.938720703125,496725.0
2017-03-10,1820.0,875.3436889648438,471100.0
2017-03-13,1820.0,875.3436889648438,328489.0
2017-03-14,1800.0,865.7244873046875,510100.0
2017-03-15,1815.0,872.938720703125,134840.0
2017-03-16,1810.0,870.5341186523438,123875.0
2017-03-17,1820.0,875.3436889648438,205176.0
2017-03-20,1820.0,875.3436889648438,0.0
2017-03-21,1820.0,875.3436889648438,454249.0
2017-03-22,1810.0,870.5341186523438,3740704.0
2017-03-23,1830.0,880.1531982421875,818252.0
2017-03-24,1815.0,872.938720703125,320680.0
2017-03-27,1805.0,868.12939453125,333781.0
2017-03-28,1820.0,875.3436889648438,242035.0
2017-03-29,1820.0,875.3436889648438,93989.0
2017-03-30,1820.0,875.3436889648438,147123.0
2017-03-31,1830.0,880.1531982421875,34000.0
2017-04-03,1820.0,875.3436889648438,531580.0
2017-04-04,1825.0,877.7484741210938,833373.0
2017-04-05,1830.0,880.1531982421875,330185.0
2017-04-06,1835.0,882.5579833984375,255878.0
2017-04-07,1845.0,887.3676147460938,174268.0
2017-04-10,1840.0,884.9628295898438,257047.0
2017-04-11,1840.0,884.9628295898438,804466.0
2017-04-12,1835.0,882.5579833984375,33986.0
2017-04-13,1835.0,882.5579833984375,0.0
2017-04-14,1835.0,882.5579833984375,0.0
2017-04-17,1835.0,882.5579833984375,73947.0
2017-04-18,1835.0,882.5579833984375,252030.0
2017-04-19,1825.0,877.7484741210938,805815.0
2017-04-20,1825.0,877.7484741210938,108000.0
2017-04-21,1835.0,882.5579833984375,438967.0
2017-04-24,1840.0,884.9628295898438,623932.0
2017-04-25,1840.0,884.9628295898438,294561.0
2017-04-26,1840.0,884.9628295898438,591921.0
2017-04-27,1850.0,889.7724609375,973014.0
2017-04-28,1845.0,887.3676147460938,2781720.0
2017-05-01,1845.0,887.3676147460938,0.0
2017-05-02,1840.0,884.9628295898438,1441055.0
2017-05-03,1840.0,884.9628295898438,1320590.0
2017-05-04,1870.0,899.3914794921875,534940.0
2017-05-05,1865.0,896.9866943359375,1247883.0
2017-05-08,1910.0,918.6298217773438,1866270.0
2017-05-09,1920.0,923.439453125,730212.0
2017-05-10,1880.0,904.2010498046875,2251910.0
2017-05-11,1885.0,906.60595703125,1763297.0
2017-05-12,1945.0,935.4633178710938,1194145.0
2017-05-16,1920.0,923.439453125,1913592.0
2017-05-17,1920.0,923.439453125,956604.0
2017-05-18,1930.0,928.2490844726562,651822.0
2017-05-19,1970.0,947.4874877929688,1000867.0
2017-05-22,1985.0,954.7015991210938,413564.0
2017-05-23,1950.0,937.8681030273438,974590.0
2017-05-24,1950.0,937.8681030273438,823435.0
2017-05-25,1960.0,942.6777954101562,218176.0
2017-05-26,1935.0,930.6539306640625,584308.0
2017-05-29,1935.0,930.6539306640625,0.0
2017-05-30,1935.0,930.6539306640625,250777.0
2017-05-31,1960.0,942.6777954101562,875746.0
2017-06-01,1930.0,928.2490844726562,1800563.0
2017-06-02,1930.0,928.2490844726562,63370.0
2017-06-05,1930.0,928.2490844726562,167979.0
2017-06-06,1965.0,945.0824584960938,703391.0
2017-06-07,1960.0,942.6777954101562,236007.0
2017-06-08,1980.0,952.296875,527986.0
2017-06-09,1975.0,949.89208984375,415883.0
2017-06-12,1975.0,949.89208984375,6569.0
2017-06-13,1975.0,949.89208984375,470722.0
2017-06-14,1970.0,947.4874877929688,1739866.0
2017-06-15,1985.0,954.7015991210938,1594401.0
2017-06-16,1995.0,959.5112915039062,463604.0
2017-06-19,1995.0,959.5112915039062,0.0
2017-06-20,1985.0,954.7015991210938,445764.0
2017-06-21,1970.0,947.4874877929688,650398.0
2017-06-22,2000.0,961.9160766601562,879895.0
2017-06-23,2020.0,971.5353393554688,666423.0
2017-06-26,2020.0,971.5353393554688,0.0
2017-06-27,2005.0,964.32080078125,516421.0
2017-06-28,1980.0,976.402587890625,1510513.0
2017-06-29,1985.0,978.868408203125,795496.0
2017-06-30,1970.0,971.4713134765625,797514.0
2017-07-03,1970.0,971.4713134765625,0.0
2017-07-04,1990.0,981.3341064453125,444439.0
2017-07-06,1975.0,973.9370727539062,399013.0
2017-07-07,1970.0,971.4713134765625,225388.0
2017-07-10,1970.0,971.4713134765625,487335.0
2017-07-11,1965.0,969.005615234375,671771.0
2017-07-12,1970.0,971.4713134765625,240517.0
2017-07-13,1975.0,973.9370727539062,728155.0
2017-07-14,1995.0,983.7996826171875,276500.0
2017-07-17,2000.0,986.2651977539062,452267.0
2017-07-18,1995.0,983.7996826171875,111012.0
2017-07-19,1985.0,978.868408203125,315884.0
2017-07-20,1985.0,978.868408203125,0.0
2017-07-21,1985.0,978.868408203125,811359.0
2017-07-24,1990.0,981.3341064453125,198269.0
2017-07-25,1975.0,973.9370727539062,962269.0
2017-07-26,1985.0,978.868408203125,329539.0
2017-07-27,1975.0,973.9370727539062,388133.0
2017-07-28,1985.0,978.868408203125,411693.0
2017-07-31,1980.0,976.402587890625,2092048.0
2017-08-01,1985.0,978.868408203125,97053.0
2017-08-02,1985.0,978.868408203125,27003.0
2017-08-03,1980.0,976.402587890625,8250.0
2017-08-04,1970.0,971.4713134765625,4426.0
2017-08-07,1970.0,971.4713134765625,0.0
2017-08-08,1980.0,976.402587890625,101508.0
2017-08-09,1995.0,983.7996826171875,259250.0
2017-08-10,1960.0,966.5400390625,1088685.0
2017-08-11,1980.0,976.402587890625,26312.0
2017-08-14,1980.0,976.402587890625,446933.0
2017-08-15,1980.0,976.402587890625,247562.0
2017-08-16,1955.0,964.07421875,2420070.0
2017-08-17,1980.0,976.402587890625,799412.0
2017-08-18,1980.0,976.402587890625,198203.0
2017-08-21,1980.0,976.402587890625,0.0
2017-08-22,1980.0,976.402587890625,382192.0
2017-08-23,1980.0,976.402587890625,54652.0
2017-08-24,1980.0,976.402587890625,829985.0
2017-08-25,1980.0,976.402587890625,80267.0
2017-08-28,1985.0,978.868408203125,181433.0
2017-08-29,1975.0,973.9370727539062,738295.0
2017-08-30,1975.0,973.9370727539062,960501.0
2017-08-31,1950.0,961.608642578125,243735.0
2017-09-01,1950.0,961.608642578125,0.0
2017-09-04,1970.0,971.4713134765625,462938.0
2017-09-05,1990.0,981.3341064453125,625011.0
2017-09-06,1995.0,983.7996826171875,221068.0
2017-09-07,2000.0,986.2651977539062,856321.0
2017-09-08,1985.0,978.868408203125,116622.0
2017-09-11,1990.0,981.3341064453125,1248395.0
2017-09-12,1965.0,969.005615234375,2687732.0
2017-09-13,1970.0,971.4713134765625,404900.0
2017-09-14,1960.0,966.5400390625,232646.0
2017-09-15,1950.0,961.608642578125,6254565.0
2017-09-18,1980.0,976.402587890625,635641.0
2017-09-19,1985.0,978.868408203125,143723.0
2017-09-20,1985.0,978.868408203125,557043.0
2017-09-21,1975.0,973.9370727539062,250232.0
2017-09-22,1985.0,978.868408203125,17898.0
2017-09-25,1975.0,973.9370727539062,1964597.0
2017-09-26,1980.0,976.402587890625,8409350.0
2017-09-27,1985.0,978.868408203125,410369.0
2017-09-28,1990.0,981.3341064453125,40550.0
2017-09-29,2000.0,986.2651977539062,11647184.0
2017-10-02,1995.0,983.7996826171875,3027724.0
2017-10-03,1995.0,983.7996826171875,1193417.0
2017-10-04,1990.0,981.3341064453125,386340.0
2017-10-05,1985.0,978.868408203125,1267597.0
2017-10-06,1990.0,981.3341064453125,221682.0
2017-10-09,1985.0,978.868408203125,73580.0
2017-10-10,2000.0,986.2651977539062,381000.0
2017-10-11,2000.0,986.2651977539062,1927741.0
2017-10-12,1995.0,983.7996826171875,2599121.0
2017-10-13,1995.0,983.7996826171875,2599121.0
2017-10-16,1995.0,983.7996826171875,0.0
2017-10-17,2010.0,991.1967163085938,490503.0
2017-10-18,2010.0,991.1967163085938,1314975.0
2017-10-19,2010.0,991.1967163085938,1559741.0
2017-10-20,2035.0,1003.5247802734375,1640924.0
2017-10-23,2035.0,1003.5247802734375,409455.0
2017-10-24,2040.0,1005.9906005859375,2228412.0
2017-10-25,2005.0,1013.31884765625,3264112.0
2017-10-26,1995.0,1008.2648315429688,914219.0
2017-10-27,2000.0,1010.7918701171875,2219814.0
2017-10-30,2015.0,1018.3727416992188,500242.0
2017-10-31,1995.0,1008.2648315429688,2713029.0
2017-11-01,2035.0,1028.480712890625,1769643.0
2017-11-02,2050.0,1036.0616455078125,1594992.0
2017-11-03,2060.0,1041.1156005859375,1785996.0
2017-11-06,2060.0,1041.1156005859375,0.0
2017-11-07,2070.0,1046.169677734375,311641.0
2017-11-08,2060.0,1041.1156005859375,576084.0
2017-11-09,2055.0,1038.588623046875,145470.0
2017-11-10,2060.0,1041.1156005859375,2126043.0
2017-11-13,2060.0,1041.1156005859375,0.0
2017-11-14,2060.0,1041.1156005859375,771586.0
2017-11-15,2055.0,1038.588623046875,502391.0
2017-11-16,2065.0,1043.6427001953125,462110.0
2017-11-17,2065.0,1043.6427001953125,63279.0
2017-11-20,2070.0,1046.169677734375,7259731.0
2017-11-21,2095.0,1058.804443359375,992766.0
2017-11-22,2085.0,1053.75048828125,406412.0
2017-11-23,2090.0,1056.277587890625,596013.0
2017-11-24,2080.0,1051.223388671875,674789.0
2017-11-27,2085.0,1053.75048828125,490037.0
2017-11-28,2085.0,1053.75048828125,1205757.0
2017-11-29,2080.0,1051.223388671875,625448.0
2017-11-30,2070.0,1046.169677734375,750690.0
2017-12-01,2070.0,1046.169677734375,424561.0
2017-12-04,2070.0,1046.169677734375,101399.0
2017-12-05,2060.0,1041.1156005859375,486583.0
2017-12-06,2045.0,1033.534423828125,1279299.0
2017-12-07,2055.0,1038.588623046875,538925.0
2017-12-08,2055.0,1038.588623046875,0.0
2017-12-12,2075.0,1048.696533203125,1346078.0
2017-12-13,2070.0,1046.169677734375,1210533.0
2017-12-14,2070.0,1046.169677734375,0.0
2017-12-15,2070.0,1046.169677734375,1089868.0
2017-12-18,2080.0,1051.223388671875,645042.0
2017-12-19,2095.0,1058.804443359375,450738.0
2017-12-20,2070.0,1046.169677734375,560026.0
2017-12-21,2015.0,1018.3727416992188,4711549.0
2017-12-22,2020.0,1020.8995971679688,676082.0
2017-12-25,2020.0,1020.8995971679688,0.0
2017-12-26,2020.0,1020.8995971679688,76765.0
2017-12-27,2020.0,1020.8995971679688,316990.0
2017-12-28,2015.0,1018.3727416992188,216690.0
2017-12-29,2015.0,1018.3727416992188,216690.0
2018-01-01,2015.0,1018.3727416992188,0.0
2018-01-02,2010.0,1015.8455810546875,136016.0
2018-01-03,2020.0,1020.8995971679688,425874.0
2018-01-04,2020.0,1020.8995971679688,0.0
2018-01-05,2020.0,1020.8995971679688,276754.0
2018-01-08,2020.0,1020.8995971679688,0.0
2018-01-09,2020.0,1020.8995971679688,1297012.0
2018-01-10,2020.0,1020.8995971679688,1496428.0
2018-01-11,2025.0,1023.4268798828125,278980.0
2018-01-12,2025.0,1023.4268798828125,278980.0
2018-01-15,2025.0,1023.4268798828125,820703.0
2018-01-16,2035.0,1028.480712890625,928164.0
2018-01-17,2035.0,1028.480712890625,928164.0
2018-01-18,2035.0,1028.480712890625,0.0
2018-01-19,2065.0,1043.6427001953125,1802813.0
2018-01-22,2050.0,1036.0616455078125,332864.0
2018-01-23,2040.0,1031.0076904296875,718063.0
2018-01-24,2050.0,1036.0616455078125,1229132.0
2018-01-25,2055.0,1038.588623046875,573255.0
2018-01-26,2060.0,1041.1156005859375,1147951.0
2018-01-29,2060.0,1041.1156005859375,670282.0
2018-01-30,2050.0,1036.0616455078125,1019415.0
2018-01-31,2030.0,1025.9537353515625,2648954.0
2018-02-01,2025.0,1023.4268798828125,4643282.0
2018-02-02,2045.0,1033.534423828125,3620728.0
2018-02-05,2025.0,1023.4268798828125,1214599.0
2018-02-06,2025.0,1023.4268798828125,3874080.0
2018-02-07,2020.0,1020.8995971679688,319649.0
2018-02-08,2040.0,1031.0076904296875,265122.0
2018-02-09,2020.0,1020.8995971679688,658721.0
2018-02-12,2025.0,1023.4268798828125,355674.0
2018-02-13,2030.0,1025.9537353515625,1443126.0
2018-02-14,2025.0,1023.4268798828125,1230612.0
2018-02-15,2030.0,1025.9537353515625,4313626.0
2018-02-16,2025.0,1023.4268798828125,671247.0
2018-02-19,2040.0,1031.0076904296875,894140.0
2018-02-20,2050.0,1036.0616455078125,1884229.0
2018-02-21,2050.0,1036.0616455078125,1102371.0
2018-02-22,2045.0,1033.534423828125,1380329.0
2018-02-23,2040.0,1031.0076904296875,1378117.0
2018-02-26,2035.0,1028.480712890625,568626.0
2018-02-27,2030.0,1025.9537353515625,1394073.0
2018-02-28,2030.0,1025.9537353515625,4256940.0
2018-03-01,2020.0,1020.8995971679688,2120368.0
2018-03-02,2015.0,1018.3727416992188,9518519.0
2018-03-05,2020.0,1020.8995971679688,162010.0
2018-03-06,2030.0,1025.9537353515625,152124.0
2018-03-07,2030.0,1025.9537353515625,535729.0
2018-03-08,2030.0,1025.9537353515625,836971.0
2018-03-09,2030.0,1025.9537353515625,584836.0
2018-03-12,2030.0,1025.9537353515625,1202068.0
2018-03-14,2025.0,1023.4268798828125,564540.0
2018-03-15,2020.0,1020.8995971679688,810341.0
2018-03-16,2020.0,1020.8995971679688,810341.0
2018-03-19,2020.0,1020.8995971679688,0.0
2018-03-20,2010.0,1015.8455810546875,274429.0
2018-03-21,2025.0,1023.4268798828125,1220672.0
2018-03-22,2015.0,1018.3727416992188,1203604.0
2018-03-23,2015.0,1018.3727416992188,1203604.0
2018-03-26,2025.0,1023.4268798828125,843743.0
2018-03-27,2020.0,1020.8995971679688,236617.0
2018-03-28,2020.0,1020.8995971679688,236617.0
2018-03-29,2020.0,1020.8995971679688,0.0
2018-03-30,2020.0,1020.8995971679688,0.0
2018-04-02,2020.0,1020.8995971679688,207838.0
2018-04-03,2020.0,1020.8995971679688,1128724.0
2018-04-04,2020.0,1020.8995971679688,2305762.0
2018-04-05,2020.0,1020.8995971679688,6159952.0
2018-04-06,2020.0,1020.8995971679688,6159952.0
2018-04-09,2025.0,1023.4268798828125,881202.0
2018-04-10,2030.0,1025.9537353515625,804246.0
2018-04-11,2040.0,1031.0076904296875,1300849.0
2018-04-12,2035.0,1028.480712890625,720260.0
2018-04-13,2035.0,1028.480712890625,720260.0
2018-04-16,2040.0,1031.0076904296875,531470.0
2018-04-17,2040.0,1031.0076904296875,999504.0
2018-04-18,2040.0,1031.0076904296875,2160508.0
2018-04-19,2040.0,1031.0076904296875,867521.0
2018-04-20,2040.0,1031.0076904296875,867521.0
2018-04-23,2050.0,1036.0616455078125,761984.0
2018-04-24,2060.0,1041.1156005859375,2335621.0
2018-04-25,2060.0,1041.1156005859375,1789867.0
2018-04-26,2055.0,1038.588623046875,287519.0
2018-04-27,2055.0,1038.588623046875,287519.0
2018-04-30,2060.0,1041.1156005859375,2087903.0
2018-05-01,2060.0,1041.1156005859375,0.0
2018-05-02,2060.0,1041.1156005859375,741723.0
2018-05-03,2050.0,1036.0616455078125,889674.0
2018-05-04,2050.0,1036.0616455078125,889674.0
2018-05-07,2060.0,1041.1156005859375,1348150.0
2018-05-08,2055.0,1038.588623046875,287297.0
2018-05-09,2055.0,1038.588623046875,2198388.0
2018-05-10,2060.0,1041.1156005859375,1001489.0
2018-05-11,2060.0,1041.1156005859375,1001489.0
2018-05-14,2060.0,1041.1156005859375,0.0
2018-05-15,2065.0,1043.6427001953125,710820.0
2018-05-16,2060.0,1041.1156005859375,990311.0
2018-05-17,2060.0,1041.1156005859375,769669.0
2018-05-18,2060.0,1041.1156005859375,769669.0
2018-05-21,2055.0,1038.588623046875,1336408.0
2018-05-22,2050.0,1036.0616455078125,1837158.0
2018-05-23,2050.0,1036.0616455078125,1657210.0
2018-05-24,2050.0,1036.0616455078125,1957117.0
2018-05-25,2050.0,1036.0616455078125,1957117.0
2018-05-28,2050.0,1036.0616455078125,5206241.0
2018-05-29,2060.0,1041.1156005859375,411035.0
2018-05-30,2080.0,1051.223388671875,1861826.0
2018-05-31,2070.0,1046.169677734375,1680022.0
2018-06-01,2070.0,1046.169677734375,1680022.0
2018-06-04,2070.0,1046.169677734375,0.0
2018-06-05,2075.0,1048.696533203125,628351.0
2018-06-06,2080.0,1051.223388671875,677206.0
2018-06-07,2085.0,1053.75048828125,307870.0
2018-06-08,2085.0,1053.75048828125,307870.0
2018-06-11,2085.0,1053.75048828125,0.0
2018-06-12,2085.0,1053.75048828125,1998222.0
2018-06-13,2090.0,1056.277587890625,643837.0
2018-06-14,2090.0,1056.277587890625,2159489.0
2018-06-15,2090.0,1056.277587890625,2159489.0
2018-06-18,2095.0,1058.804443359375,2238337.0
2018-06-19,2095.0,1058.804443359375,987459.0
2018-06-20,2090.0,1056.277587890625,1179358.0
2018-06-21,2090.0,1056.277587890625,4400685.0
2018-06-22,2090.0,1086.1597900390625,4400685.0
2018-06-25,2035.0,1057.57666015625,593215.0
2018-06-26,2045.0,1062.7735595703125,1589546.0
2018-06-27,2030.0,1054.9781494140625,3416766.0
2018-06-28,2025.0,1052.3798828125,2299965.0
2018-06-29,2025.0,1052.3798828125,2299965.0
2018-07-02,2025.0,1052.3798828125,0.0
2018-07-03,2040.0,1060.175048828125,892107.0
2018-07-04,2040.0,1060.175048828125,596742.0
2018-07-05,2025.0,1052.3798828125,1029659.0
2018-07-06,2025.0,1052.3798828125,1029659.0
2018-07-09,2030.0,1054.9781494140625,358118.0
2018-07-10,2025.0,1052.3798828125,937789.0
2018-07-11,2030.0,1054.9781494140625,1009575.0
2018-07-12,2030.0,1054.9781494140625,1281374.0
2018-07-13,2030.0,1054.9781494140625,1281374.0
2018-07-16,2030.0,1054.9781494140625,2313584.0
2018-07-17,2025.0,1052.3798828125,1780273.0
2018-07-18,2035.0,1057.57666015625,738289.0
2018-07-19,2035.0,1057.57666015625,738289.0
2018-07-20,2035.0,1057.57666015625,0.0
2018-07-23,2020.0,1049.7813720703125,368745.0
2018-07-24,2030.0,1054.9781494140625,405471.0
2018-07-25,2015.0,1047.182861328125,1280325.0
2018-07-26,2015.0,1047.182861328125,4186146.0
2018-07-27,2015.0,1047.182861328125,4186146.0
2018-07-30,2000.0,1039.3875732421875,1500204.0
2018-07-31,2010.0,1044.584228515625,2688308.0
2018-08-01,2010.0,1044.584228515625,1680577.0
2018-08-02,2010.0,1044.584228515625,6315971.0
2018-08-03,2010.0,1044.584228515625,6315971.0
2018-08-06,2010.0,1044.584228515625,221525.0
2018-08-07,2010.0,1044.584228515625,0.0
2018-08-08,2010.0,1044.584228515625,443504.0
2018-08-09,2015.0,1047.182861328125,6632751.0
2018-08-10,2015.0,1047.182861328125,6632751.0
2018-08-13,2015.0,1047.182861328125,1330660.0
2018-08-14,2015.0,1047.182861328125,221406.0
2018-08-15,2020.0,1049.7813720703125,1221687.0
2018-08-16,2020.0,1049.7813720703125,3652122.0
2018-08-17,2020.0,1049.7813720703125,3652122.0
2018-08-20,2020.0,1049.7813720703125,0.0
2018-08-21,2025.0,1052.3798828125,714251.0
2018-08-22,2025.0,1052.3798828125,985876.0
2018-08-23,2030.0,1054.9781494140625,439879.0
2018-08-24,2030.0,1054.9781494140625,439879.0
2018-08-27,2040.0,1060.175048828125,1059188.0
2018-08-28,2050.0,1065.3719482421875,265186.0
2018-08-29,2070.0,1075.7659912109375,844281.0
2018-08-30,2045.0,1062.7735595703125,1733667.0
2018-08-31,2045.0,1062.7735595703125,1733667.0
2018-09-03,2055.0,1067.9705810546875,440291.0
2018-09-04,2065.0,1073.1676025390625,1344485.0
2018-09-05,2065.0,1073.1676025390625,1438587.0
2018-09-06,2020.0,1049.7813720703125,8267266.0
2018-09-07,2020.0,1049.7813720703125,8267266.0
2018-09-10,2030.0,1054.9781494140625,628287.0
2018-09-11,2025.0,1052.3798828125,1002438.0
2018-09-12,2020.0,1049.7813720703125,899489.0
2018-09-13,2010.0,1044.584228515625,550914.0
2018-09-14,2010.0,1044.584228515625,550914.0
2018-09-17,2015.0,1047.182861328125,553563.0
2018-09-18,2015.0,1047.182861328125,1271192.0
2018-09-19,2010.0,1044.584228515625,655911.0
2018-09-20,2005.0,1041.98583984375,800660.0
2018-09-21,2005.0,1041.98583984375,800660.0
2018-09-24,2015.0,1047.182861328125,919259.0
2018-09-25,2000.0,1039.3875732421875,432653.0
2018-09-26,2005.0,1041.98583984375,165974.0
2018-09-27,2005.0,1041.98583984375,545755.0
2018-09-28,2005.0,1041.98583984375,545755.0
2018-10-01,2005.0,1041.98583984375,914686.0
2018-10-02,2005.0,1041.98583984375,914686.0
2018-10-03,2005.0,1041.98583984375,3348562.0
2018-10-04,2015.0,1047.182861328125,1227487.0
2018-10-05,2015.0,1047.182861328125,1212236.0
2018-10-10,2050.0,1065.3719482421875,1381293.0
2018-10-11,2050.0,1065.3719482421875,1381293.0
2018-10-12,2045.0,1062.7735595703125,644540.0
2018-10-15,2045.0,1062.7735595703125,0.0
2018-10-16,2045.0,1062.7735595703125,789676.0
2018-10-17,2045.0,1062.7735595703125,789676.0
2018-10-18,2050.0,1065.3719482421875,2424866.0
2018-10-19,2035.0,1088.0965576171875,8071707.0
2018-10-22,1980.0,1058.6885986328125,2037083.0
2018-10-23,1980.0,1058.6885986328125,2037083.0
2018-10-24,1960.0,1047.9947509765625,1957599.0
2018-10-25,1950.0,1042.6475830078125,1541585.0
2018-10-26,1935.0,1034.627197265625,1083370.0
2018-10-29,1935.0,1034.627197265625,831192.0
2018-10-30,1935.0,1034.627197265625,831192.0
2018-10-31,1915.0,1023.9336547851562,4364958.0
2018-11-01,1855.0,991.8521118164062,34553401.0
2018-11-02,1805.0,965.1173095703125,4172037.0
2018-11-05,1805.0,965.1173095703125,0.0
2018-11-06,1850.0,989.1785888671875,2886804.0
2018-11-07,1850.0,989.1785888671875,2886804.0
2018-11-08,1880.0,1005.219482421875,1568604.0
2018-11-09,1890.0,1010.5662841796875,1379576.0
2018-11-12,1890.0,1010.5662841796875,0.0
2018-11-13,1880.0,1005.219482421875,196977.0
2018-11-14,1880.0,1005.219482421875,196977.0
2018-11-15,1870.0,999.8723754882812,1375248.0
2018-11-16,1850.0,989.1785888671875,1181280.0
2018-11-19,1830.0,978.4846801757812,302067.0
2018-11-20,1830.0,978.4846801757812,332443.0
2018-11-21,1800.0,962.444091796875,1173891.0
2018-11-22,1785.0,954.4237670898438,144497.0
2018-11-23,1800.0,962.444091796875,369285.0
2018-11-26,1830.0,978.4846801757812,874947.0
2018-11-27,1850.0,989.1785888671875,370321.0
2018-11-28,1855.0,991.8521118164062,3058719.0
2018-11-29,1845.0,986.505126953125,557783.0
2018-11-30,1845.0,986.505126953125,1292024.0
2018-12-03,1845.0,986.505126953125,1190153.0
2018-12-04,1845.0,986.505126953125,1137400.0
2018-12-05,1845.0,986.505126953125,1517757.0
2018-12-06,1840.0,983.8316650390625,207150.0
2018-12-07,1805.0,965.1173095703125,460353.0
2018-12-10,1795.0,959.7705078125,373604.0
2018-12-11,1770.0,946.4033813476562,884107.0
2018-12-12,1735.0,927.6891479492188,952617.0
2018-12-13,1760.0,941.0565185546875,4330324.0
2018-12-14,1750.0,935.7093505859375,367348.0
2018-12-17,1745.0,933.0360107421875,701132.0
2018-12-18,1735.0,927.6891479492188,342825.0
2018-12-19,1780.0,951.7503051757812,934948.0
2018-12-20,1740.0,930.3626708984375,329703.0
2018-12-21,1710.0,914.32177734375,1773975.0
2018-12-24,1815.0,970.4644775390625,1058382.0
2018-12-25,1815.0,970.4644775390625,0.0
2018-12-26,1800.0,962.444091796875,248447.0
2018-12-27,1760.0,941.0565185546875,124255.0
2018-12-28,1770.0,946.4033813476562,1644592.0
2018-12-31,1770.0,946.4033813476562,0.0
2019-01-01,1770.0,946.4033813476562,0.0
2019-01-02,1765.0,943.72998046875,74023.0
2019-01-03,1750.0,935.7093505859375,76251.0
2019-01-04,1750.0,935.7093505859375,270668.0
2019-01-07,1750.0,935.7093505859375,0.0
2019-01-08,1760.0,941.0565185546875,978850.0
2019-01-09,1760.0,941.0565185546875,1212193.0
2019-01-10,1775.0,949.0768432617188,5782224.0
2019-01-11,1795.0,959.7705078125,6996996.0
2019-01-14,1805.0,965.1173095703125,2009820.0
2019-01-15,1805.0,965.1173095703125,2885723.0
2019-01-16,1810.0,967.7908935546875,3200806.0
2019-01-17,1810.0,967.7908935546875,2255244.0
2019-01-18,1810.0,967.7908935546875,2537216.0
2019-01-21,1820.0,973.1378784179688,165290.0
2019-01-22,1825.0,975.8114624023438,737777.0
2019-01-23,1850.0,989.1785888671875,3362606.0
2019-01-24,1875.0,1002.5458984375,6361901.0
2019-01-25,1855.0,991.8521118164062,2000993.0
2019-01-28,1885.0,1007.8927612304688,431815.0
2019-01-29,1900.0,1015.9130249023438,3348341.0
2019-01-30,1915.0,1023.9336547851562,590284.0
2019-01-31,1910.0,1021.2600708007812,2843294.0
2019-02-01,1925.0,1029.2802734375,403430.0
2019-02-04,1940.0,1037.3006591796875,615042.0
2019-02-05,1975.0,1056.01513671875,2227387.0
2019-02-06,1955.0,1045.3211669921875,954396.0
2019-02-07,1940.0,1037.3006591796875,704587.0
2019-02-08,1940.0,1037.3006591796875,112335.0
2019-02-11,1930.0,1031.9539794921875,391219.0
2019-02-12,1925.0,1029.2802734375,836338.0
2019-02-13,1905.0,1018.586669921875,1104878.0
2019-02-14,1910.0,1021.2600708007812,1206517.0
2019-02-15,1915.0,1023.9336547851562,1014717.0
2019-02-18,1910.0,1021.2600708007812,326976.0
2019-02-19,1900.0,1015.9130249023438,3724349.0
2019-02-20,1910.0,1021.2600708007812,2187175.0
2019-02-21,1890.0,1010.5662841796875,1688820.0
2019-02-22,1895.0,1013.2396850585938,1045381.0
2019-02-25,1950.0,1042.6475830078125,2088144.0
2019-02-26,1990.0,1064.0355224609375,4084231.0
2019-02-27,2005.0,1072.0556640625,5304614.0
2019-02-28,2040.0,1090.769775390625,3947122.0
2019-03-01,2040.0,1090.769775390625,2766337.0
2019-03-04,2050.0,1096.1170654296875,1630298.0
2019-03-05,2060.0,1101.463623046875,1978839.0
2019-03-06,2075.0,1109.4840087890625,1905544.0
2019-03-07,2055.0,1098.790283203125,2123700.0
2019-03-08,2045.0,1093.4432373046875,2000527.0
2019-03-11,2045.0,1093.4432373046875,748595.0
2019-03-12,2055.0,1098.790283203125,472199.0
2019-03-13,2065.0,1104.1370849609375,2710757.0
2019-03-14,2080.0,1112.1575927734375,10256849.0
2019-03-15,2120.0,1133.5452880859375,41177790.0
2019-03-18,2175.0,1162.9532470703125,6344872.0
2019-03-19,2115.0,1130.87158203125,4347698.0
2019-03-20,2150.0,1149.5859375,2355993.0
2019-03-21,2115.0,1130.87158203125,2311608.0
2019-03-22,2075.0,1109.4840087890625,1328417.0
2019-03-25,2075.0,1109.4840087890625,0.0
2019-03-26,2075.0,1109.4840087890625,2941222.0
2019-03-27,2055.0,1098.790283203125,3129008.0
2019-03-28,2050.0,1096.1170654296875,1345669.0
2019-03-29,2075.0,1109.4840087890625,1004516.0
2019-04-01,2060.0,1101.463623046875,344906.0
2019-04-02,2065.0,1104.1370849609375,584672.0
2019-04-03,2095.0,1120.177978515625,1789100.0
2019-04-04,2105.0,1125.524658203125,1899770.0
2019-04-05,2100.0,1122.8514404296875,2849285.0
2019-04-08,2110.0,1128.1983642578125,855777.0
2019-04-09,2140.0,1144.2391357421875,649722.0
2019-04-10,2130.0,1138.89208984375,854715.0
2019-04-11,2150.0,1149.5859375,1333434.0
2019-04-12,2150.0,1149.5859375,1333434.0
2019-04-15,2175.0,1162.9532470703125,1804847.0
2019-04-16,2175.0,1162.9532470703125,1804847.0
2019-04-17,2170.0,1160.2799072265625,770366.0
2019-04-18,2170.0,1160.2799072265625,0.0
2019-04-19,2170.0,1160.2799072265625,0.0
2019-04-22,2180.0,1165.626708984375,1059180.0
2019-04-23,2180.0,1165.626708984375,1059180.0
2019-04-24,2200.0,1176.3203125,9090669.0
2019-04-25,2185.0,1168.300048828125,2866684.0
2019-04-26,2180.0,1165.626708984375,3696524.0
2019-04-29,2200.0,1176.3203125,1757488.0
2019-04-30,2200.0,1176.3203125,1757488.0
2019-05-01,2200.0,1176.3203125,0.0
2019-05-02,2220.0,1187.0142822265625,3791968.0
2019-05-03,2220.0,1187.0142822265625,3791968.0
2019-05-06,2210.0,1181.6673583984375,269559.0
2019-05-07,2210.0,1181.6673583984375,269559.0
2019-05-08,2160.0,1154.932861328125,2627094.0
2019-05-09,2160.0,1154.932861328125,1288700.0
2019-05-10,2175.0,1162.9532470703125,2289747.0
2019-05-13,2160.0,1154.932861328125,503941.0
2019-05-14,2160.0,1154.932861328125,503941.0
2019-05-15,2130.0,1138.89208984375,5826372.0
2019-05-16,2150.0,1149.5859375,671068.0
2019-05-17,2180.0,1165.626708984375,5896000.0
2019-05-20,2150.0,1149.5859375,199395.0
2019-05-21,2150.0,1149.5859375,199395.0
2019-05-22,2130.0,1138.89208984375,559308.0
2019-05-23,2130.0,1138.89208984375,401114.0
2019-05-24,2135.0,1141.5654296875,361671.0
2019-05-27,2120.0,1133.5452880859375,65897.0
2019-05-28,2120.0,1133.5452880859375,65897.0
2019-05-29,2100.0,1122.8514404296875,4178210.0
2019-05-30,2100.0,1122.8514404296875,1211333.0
2019-05-31,2115.0,1130.87158203125,1024956.0
2019-06-03,2115.0,1130.87158203125,0.0
2019-06-04,2145.0,1146.91259765625,777382.0
2019-06-05,2145.0,1146.91259765625,777382.0
2019-06-06,2140.0,1144.2391357421875,195680.0
2019-06-07,2135.0,1141.5654296875,364297.0
2019-06-11,2145.0,1146.91259765625,4025228.0
2019-06-12,2125.0,1136.2186279296875,3029748.0
2019-06-13,2175.0,1162.9532470703125,2959554.0
2019-06-14,2180.0,1165.626708984375,1758430.0
2019-06-17,2180.0,1165.626708984375,1526703.0
2019-06-18,2185.0,1168.300048828125,2704209.0
2019-06-19,2165.0,1157.6063232421875,1799357.0
2019-06-20,2150.0,1149.5859375,1805673.0
2019-06-21,2135.0,1177.1539306640625,4712437.0
2019-06-24,2135.0,1177.1539306640625,0.0
2019-06-25,2125.0,1171.6405029296875,1440821.0
2019-06-26,2130.0,1174.3970947265625,562397.0
2019-06-27,2125.0,1171.6405029296875,712132.0
2019-06-28,2110.0,1163.3699951171875,1515355.0
2019-07-01,2110.0,1163.3699951171875,0.0
2019-07-02,2100.0,1157.8564453125,628931.0
2019-07-03,2100.0,1157.8564453125,628931.0
2019-07-04,2120.0,1168.8836669921875,2281001.0
2019-07-05,2115.0,1166.1265869140625,419528.0
2019-07-08,2100.0,1157.8564453125,1454408.0
2019-07-09,2100.0,1157.8564453125,1454408.0
2019-07-10,2095.0,1155.099609375,1101366.0
2019-07-11,2100.0,1157.8564453125,6823320.0
2019-07-12,2095.0,1155.099609375,2534759.0
2019-07-15,2120.0,1168.8836669921875,439963.0
2019-07-16,2120.0,1168.8836669921875,439963.0
2019-07-17,2130.0,1174.3970947265625,3168541.0
2019-07-18,2130.0,1174.3970947265625,1856676.0
2019-07-19,2125.0,1171.6405029296875,1040382.0
2019-07-22,2140.0,1179.9107666015625,423795.0
2019-07-23,2140.0,1179.9107666015625,423795.0
2019-07-24,2145.0,1182.6676025390625,713272.0
2019-07-25,2140.0,1179.9107666015625,302408.0
2019-07-26,2145.0,1182.6676025390625,352421.0
2019-07-29,2145.0,1182.6676025390625,385450.0
2019-07-30,2145.0,1182.6676025390625,385450.0
2019-07-31,2125.0,1171.6405029296875,472385.0
2019-08-01,2100.0,1157.8564453125,1997127.0
2019-08-02,2075.0,1144.072265625,2325143.0
2019-08-05,2075.0,1144.072265625,947329.0
2019-08-06,2075.0,1144.072265625,947329.0
2019-08-07,2075.0,1144.072265625,0.0
2019-08-08,2120.0,1168.8836669921875,1293541.0
2019-08-09,2120.0,1168.8836669921875,1293541.0
2019-08-12,2105.0,1160.613037109375,513209.0
2019-08-13,2105.0,1160.613037109375,513209.0
2019-08-14,2125.0,1171.6405029296875,1827918.0
2019-08-15,2100.0,1157.8564453125,1051483.0
2019-08-16,2100.0,1157.8564453125,914737.0
2019-08-19,2100.0,1157.8564453125,0.0
2019-08-20,2130.0,1174.3970947265625,1075142.0
2019-08-21,2130.0,1174.3970947265625,1075142.0
2019-08-22,2145.0,1182.6676025390625,1336581.0
2019-08-23,2140.0,1179.9107666015625,607662.0
2019-08-26,2110.0,1163.3699951171875,2187964.0
2019-08-27,2110.0,1163.3699951171875,2187964.0
2019-08-28,2135.0,1177.1539306640625,784039.0
2019-08-29,2135.0,1177.1539306640625,424949.0
2019-08-30,2115.0,1166.1265869140625,462001.0
2019-09-02,2120.0,1168.8836669921875,41651.0
2019-09-03,2120.0,1168.8836669921875,41651.0
2019-09-04,2140.0,1179.9107666015625,762990.0
2019-09-05,2130.0,1174.3970947265625,1449361.0
2019-09-06,2140.0,1179.9107666015625,1055303.0
2019-09-09,2170.0,1196.4515380859375,767625.0
2019-09-10,2170.0,1196.4515380859375,767625.0
2019-09-11,2170.0,1196.4515380859375,534351.0
2019-09-12,2180.0,1201.965087890625,1946061.0
2019-09-13,2180.0,1201.965087890625,7026736.0
2019-09-16,2180.0,1201.965087890625,1326969.0
2019-09-17,2180.0,1201.965087890625,1326969.0
2019-09-18,2160.0,1190.93798828125,532868.0
2019-09-19,2170.0,1196.4515380859375,1453802.0
2019-09-20,2200.0,1212.9923095703125,7596356.0
2019-09-23,2210.0,1218.5059814453125,2304249.0
2019-09-24,2210.0,1218.5059814453125,2304249.0
2019-09-25,2185.0,1204.721923828125,653262.0
2019-09-26,2195.0,1210.2353515625,2358136.0
2019-09-27,2195.0,1210.2353515625,589933.0
2019-09-30,2185.0,1204.721923828125,1799414.0
2019-10-01,2185.0,1204.721923828125,1799414.0
2019-10-02,2205.0,1215.749267578125,1632180.0
2019-10-03,2205.0,1215.749267578125,635871.0
2019-10-04,2210.0,1218.5059814453125,692665.0
2019-10-07,2215.0,1221.2628173828125,588850.0
2019-10-08,2215.0,1221.2628173828125,588850.0
2019-10-09,2215.0,1221.2628173828125,690994.0
2019-10-10,2220.0,1224.0196533203125,2482375.0
2019-10-11,2220.0,1224.0196533203125,7249670.0
2019-10-14,2220.0,1224.0196533203125,0.0
2019-10-15,2215.0,1221.2628173828125,654023.0
2019-10-16,2215.0,1221.2628173828125,654023.0
2019-10-17,2210.0,1255.3446044921875,4951660.0
2019-10-18,2160.0,1226.943115234375,7523804.0
2019-10-21,2170.0,1232.623291015625,1699192.0
2019-10-22,2170.0,1232.623291015625,1699192.0
2019-10-23,2180.0,1238.3037109375,607327.0
2019-10-24,2185.0,1241.143798828125,1144027.0
2019-10-25,2170.0,1232.623291015625,691304.0
2019-10-28,2165.0,1229.783203125,720003.0
2019-10-29,2165.0,1229.783203125,720003.0
2019-10-30,2165.0,1229.783203125,2164907.0
2019-10-31,2175.0,1235.4635009765625,4754992.0
2019-11-01,2175.0,1235.4635009765625,4754992.0
2019-11-04,2175.0,1235.4635009765625,0.0
2019-11-05,2200.0,1249.664306640625,1347442.0
2019-11-06,2190.0,1243.98388671875,3219155.0
2019-11-07,2180.0,1238.3037109375,887651.0
2019-11-08,2170.0,1232.623291015625,936157.0
2019-11-11,2170.0,1232.623291015625,0.0
2019-11-12,2180.0,1238.3037109375,1232627.0
2019-11-13,2165.0,1229.783203125,3792367.0
2019-11-14,2160.0,1226.943115234375,1736135.0
2019-11-15,2175.0,1235.4635009765625,282232.0
2019-11-18,2180.0,1238.3037109375,5438833.0
2019-11-19,2185.0,1241.143798828125,498995.0
2019-11-20,2165.0,1229.783203125,416608.0
2019-11-21,2180.0,1238.3037109375,350130.0
2019-11-22,2175.0,1235.4635009765625,672328.0
2019-11-25,2170.0,1232.623291015625,2114692.0
2019-11-26,2185.0,1241.143798828125,3464163.0
2019-11-27,2180.0,1238.3037109375,2010439.0
2019-11-28,2180.0,1238.3037109375,1341331.0
2019-11-29,2180.0,1238.3037109375,1341331.0
2019-12-02,2185.0,1241.143798828125,1867457.0
2019-12-03,2185.0,1241.143798828125,1168981.0
2019-12-04,2170.0,1232.623291015625,1620915.0
2019-12-05,2185.0,1241.143798828125,770127.0
2019-12-06,2190.0,1243.98388671875,837103.0
2019-12-09,2185.0,1241.143798828125,1015997.0
2019-12-10,2180.0,1238.3037109375,388189.0
2019-12-11,2185.0,1241.143798828125,1397040.0
2019-12-12,2175.0,1235.4635009765625,2917327.0
2019-12-13,2185.0,1241.143798828125,3100782.0
2019-12-16,2185.0,1241.143798828125,2072520.0
2019-12-17,2185.0,1241.143798828125,1141716.0
2019-12-18,2190.0,1243.98388671875,3178570.0
2019-12-19,2205.0,1252.5045166015625,1752327.0
2019-12-20,2210.0,1255.3446044921875,1258722.0
2019-12-23,2245.0,1275.2255859375,749666.0
2019-12-24,2280.0,1295.106689453125,745879.0
2019-12-25,2280.0,1295.106689453125,0.0
2019-12-26,2275.0,1292.266357421875,2580988.0
2019-12-27,2250.0,1278.065673828125,378061.0
2019-12-30,2220.0,1261.02490234375,307819.0
2019-12-31,2220.0,1261.02490234375,0.0
2020-01-01,2220.0,1261.02490234375,0.0
2020-01-02,2220.0,1261.02490234375,0.0
2020-01-03,2225.0,1263.864990234375,183165.0
2020-01-06,2225.0,1263.864990234375,0.0
2020-01-07,2245.0,1275.2255859375,526079.0
2020-01-08,2260.0,1283.7459716796875,804239.0
2020-01-09,2280.0,1295.106689453125,662344.0
2020-01-10,2265.0,1286.5859375,1709737.0
2020-01-13,2270.0,1289.4263916015625,4477263.0
2020-01-14,2300.0,1306.467041015625,7634875.0
2020-01-15,2300.0,1306.467041015625,1603308.0
2020-01-16,2320.0,1317.827392578125,2835734.0
2020-01-17,2320.0,1317.827392578125,2835734.0
2020-01-20,2310.0,1312.147216796875,615815.0
2020-01-21,2305.0,1309.3072509765625,1193837.0
2020-01-22,2325.0,1320.6678466796875,1003189.0
2020-01-23,2370.0,1346.229248046875,2752733.0
2020-01-24,2370.0,1346.229248046875,633588.0
2020-01-27,2360.0,1340.548828125,1673372.0
2020-01-28,2375.0,1349.0694580078125,1292611.0
2020-01-29,2385.0,1354.7498779296875,1302584.0
2020-01-30,2395.0,1360.429931640625,1675980.0
2020-01-31,2395.0,1360.429931640625,2912815.0
2020-02-03,2405.0,1366.1102294921875,994268.0
2020-02-04,2440.0,1385.991455078125,1182210.0
2020-02-05,2425.0,1377.4708251953125,3755658.0
2020-02-06,2390.0,1357.5897216796875,3635066.0
2020-02-07,2390.0,1357.5897216796875,3317489.0
2020-02-10,2380.0,1351.909423828125,830189.0
2020-02-11,2380.0,1351.909423828125,1813114.0
2020-02-12,2400.0,1363.270263671875,1533799.0
2020-02-13,2410.0,1368.9503173828125,782072.0
2020-02-14,2400.0,1363.270263671875,1016900.0
2020-02-17,2410.0,1368.9503173828125,273074.0
2020-02-18,2395.0,1360.429931640625,5245225.0
2020-02-19,2400.0,1363.270263671875,1154028.0
2020-02-20,2465.0,1400.1920166015625,5524742.0
2020-02-21,2480.0,1408.71240234375,4721813.0
2020-02-24,2580.0,1465.5155029296875,5758028.0
2020-02-25,2570.0,1459.8353271484375,1845928.0
2020-02-26,2495.0,1417.23291015625,1742956.0
2020-02-27,2490.0,1414.3924560546875,3323174.0
2020-02-28,2410.0,1368.9503173828125,3957763.0
2020-03-02,2450.0,1391.6712646484375,1643622.0
2020-03-03,2495.0,1417.23291015625,4406827.0
2020-03-04,2520.0,1431.43359375,1786575.0
2020-03-05,2525.0,1434.2738037109375,723764.0
2020-03-06,2445.0,1388.8314208984375,1200600.0
2020-03-09,2315.0,1314.9876708984375,5827338.0
2020-03-10,2360.0,1340.548828125,4305817.0
2020-03-11,2210.0,1255.3446044921875,7554389.0
2020-03-12,2030.0,1153.0994873046875,4617424.0
2020-03-13,2030.0,1153.0994873046875,4617424.0
2020-03-16,1760.0,999.7314453125,1740792.0
2020-03-17,2025.0,1150.259033203125,3899256.0
2020-03-18,1950.0,1107.656982421875,2798684.0
2020-03-19,2095.0,1190.0211181640625,2894500.0
2020-03-20,2175.0,1235.4635009765625,54879082.0
2020-03-23,2175.0,1235.4635009765625,0.0
2020-03-24,2100.0,1192.861328125,1991716.0
2020-03-25,2200.0,1249.664306640625,4794115.0
2020-03-26,2200.0,1249.664306640625,4794115.0
2020-03-27,2190.0,1243.98388671875,1067971.0
2020-03-30,2190.0,1243.98388671875,2103759.0
2020-03-31,2250.0,1278.065673828125,2052921.0
2020-04-01,2165.0,1229.783203125,533174.0
2020-04-02,2185.0,1241.143798828125,1497828.0
2020-04-03,2185.0,1241.143798828125,260856.0
2020-04-06,2155.0,1224.102783203125,354339.0
2020-04-07,2225.0,1263.864990234375,1301201.0
2020-04-08,2280.0,1295.106689453125,704549.0
2020-04-09,2280.0,1295.106689453125,0.0
2020-04-10,2280.0,1295.106689453125,0.0
2020-04-13,2285.0,1297.9468994140625,1641739.0
2020-04-14,2340.0,1329.1883544921875,2346894.0
2020-04-15,2305.0,1309.3072509765625,1642750.0
2020-04-16,2330.0,1323.5081787109375,1621436.0
2020-04-17,2370.0,1346.229248046875,653272.0
2020-04-20,2350.0,1334.8687744140625,1433439.0
2020-04-21,2210.0,1255.3446044921875,2820157.0
2020-04-22,2215.0,1258.184814453125,1802508.0
2020-04-23,2270.0,1289.4263916015625,1256764.0
2020-04-24,2270.0,1289.4263916015625,517417.0
2020-04-27,2265.0,1286.5859375,868147.0
2020-04-28,2265.0,1286.5859375,754782.0
2020-04-29,2230.0,1266.7052001953125,481767.0
2020-04-30,2240.0,1272.3853759765625,2233801.0
2020-05-01,2240.0,1272.3853759765625,0.0
2020-05-04,2160.0,1266.52197265625,1588248.0
2020-05-05,2095.0,1228.4088134765625,1923033.0
2020-05-06,2150.0,1260.6583251953125,596927.0
2020-05-07,2180.0,1278.248779296875,1758989.0
2020-05-08,2180.0,1278.248779296875,956380.0
2020-05-11,2190.0,1284.1124267578125,631196.0
2020-05-12,2185.0,1281.1805419921875,508710.0
2020-05-13,2140.0,1254.7947998046875,1902435.0
2020-05-14,2135.0,1251.863037109375,479471.0
2020-05-15,2150.0,1260.6583251953125,289521.0
2020-05-18,2160.0,1266.52197265625,1055554.0
2020-05-19,2155.0,1263.5902099609375,891601.0
2020-05-20,2160.0,1266.52197265625,2942595.0
2020-05-21,2130.0,1248.9312744140625,1494447.0
2020-05-22,2125.0,1245.999755859375,126950.0
2020-05-25,2125.0,1245.999755859375,0.0
2020-05-26,2190.0,1284.1124267578125,4188355.0
2020-05-27,2210.0,1295.839599609375,1273704.0
2020-05-28,2210.0,1295.839599609375,872211.0
2020-05-29,2180.0,1278.248779296875,4412723.0
2020-06-01,2385.0,1398.451416015625,832079.0
2020-06-02,2290.0,1342.7476806640625,723352.0
2020-06-03,2290.0,1342.7476806640625,723352.0
2020-06-04,2370.0,1389.656005859375,1743788.0
2020-06-05,2340.0,1372.0654296875,3811347.0
2020-06-08,2325.0,1363.27001953125,583940.0
2020-06-09,2355.0,1380.860595703125,1091695.0
2020-06-10,2330.0,1366.201904296875,952818.0
2020-06-11,2250.0,1319.29345703125,572196.0
2020-06-12,2325.0,1363.27001953125,1672396.0
2020-06-15,2325.0,1363.27001953125,0.0
2020-06-16,2400.0,1407.24658203125,2202523.0
2020-06-17,2360.0,1383.792236328125,523988.0
2020-06-18,2355.0,1380.860595703125,618766.0
2020-06-19,2480.0,1454.1546630859375,46507472.0
2020-06-22,2480.0,1454.1546630859375,0.0
2020-06-23,2370.0,1389.656005859375,2114520.0
2020-06-24,2350.0,1377.928955078125,434340.0
2020-06-25,2350.0,1377.928955078125,817628.0
2020-06-26,2340.0,1372.0654296875,220665.0
2020-06-29,2340.0,1372.0654296875,0.0
2020-06-30,2335.0,1369.133544921875,223876.0
2020-07-01,2370.0,1389.656005859375,251698.0
2020-07-02,2375.0,1392.5880126953125,798124.0
2020-07-03,2345.0,1374.9970703125,202827.0
2020-07-06,2380.0,1395.5194091796875,349190.0
2020-07-07,2370.0,1389.656005859375,5916802.0
2020-07-08,2370.0,1389.656005859375,2344705.0
2020-07-09,2370.0,1389.656005859375,1005469.0
2020-07-10,2395.0,1404.3148193359375,760183.0
2020-07-13,2400.0,1407.24658203125,719008.0
2020-07-14,2385.0,1398.451416015625,579168.0
2020-07-15,2370.0,1389.656005859375,2338411.0
2020-07-16,2360.0,1383.792236328125,1137183.0
2020-07-17,2380.0,1395.5194091796875,637754.0
2020-07-20,2380.0,1395.5194091796875,0.0
2020-07-21,2375.0,1392.5880126953125,1443640.0
2020-07-22,2365.0,1386.72412109375,1181713.0
2020-07-23,2365.0,1386.72412109375,1015618.0
2020-07-24,2360.0,1383.792236328125,798312.0
2020-07-27,2380.0,1395.5194091796875,694844.0
2020-07-28,2340.0,1372.0654296875,750395.0
2020-07-29,2330.0,1366.201904296875,559942.0
2020-07-30,2350.0,1377.928955078125,1085492.0
2020-07-31,2290.0,1342.7476806640625,9734659.0
2020-08-03,2305.0,1351.5430908203125,1247243.0
2020-08-04,2320.0,1360.3380126953125,1715874.0
2020-08-05,2340.0,1372.0654296875,693773.0
2020-08-06,2340.0,1372.0654296875,271923.0
2020-08-07,2340.0,1372.0654296875,0.0
2020-08-10,2325.0,1363.27001953125,156834.0
2020-08-11,2340.0,1372.0654296875,434724.0
2020-08-12,2355.0,1380.860595703125,1798260.0
2020-08-13,2360.0,1383.792236328125,555831.0
2020-08-14,2360.0,1383.792236328125,218386.0
2020-08-17,2360.0,1383.792236328125,0.0
2020-08-18,2375.0,1392.5880126953125,580377.0
2020-08-19,2380.0,1395.5194091796875,707544.0
2020-08-20,2435.0,1427.768798828125,1505705.0
2020-08-21,2455.0,1439.4959716796875,1514655.0
2020-08-24,2455.0,1439.4959716796875,0.0
2020-08-25,2450.0,1436.56396484375,1087567.0
2020-08-26,2460.0,1442.4276123046875,1032547.0
2020-08-27,2450.0,1436.56396484375,1358418.0
2020-08-28,2460.0,1442.4276123046875,637854.0
2020-08-31,2460.0,1442.4276123046875,686975.0
2020-09-01,2450.0,1436.56396484375,4097081.0
2020-09-02,2480.0,1454.1546630859375,1360689.0
2020-09-03,2500.0,1465.8818359375,732198.0
2020-09-04,2420.0,1418.9736328125,1364513.0
2020-09-07,2415.0,1416.041748046875,878159.0
2020-09-08,2445.0,1433.6324462890625,696839.0
2020-09-09,2460.0,1442.4276123046875,485484.0
2020-09-10,2465.0,1445.3594970703125,1055799.0
2020-09-11,2425.0,1421.9052734375,963242.0
2020-09-14,2455.0,1439.4959716796875,232063.0
2020-09-15,2450.0,1436.56396484375,329378.0
2020-09-16,2470.0,1448.2911376953125,550890.0
2020-09-17,2465.0,1445.3594970703125,332169.0
2020-09-18,2550.0,1495.1993408203125,9502474.0
2020-09-21,2520.0,1477.6090087890625,589883.0
2020-09-22,2520.0,1477.6090087890625,577667.0
2020-09-23,2500.0,1465.8818359375,589807.0
2020-09-24,2525.0,1480.540771484375,287180.0
2020-09-25,2480.0,1454.1546630859375,865588.0
2020-09-28,2480.0,1454.1546630859375,237064.0
2020-09-29,2475.0,1451.2227783203125,1468471.0
2020-09-30,2450.0,1436.56396484375,1696710.0
2020-10-01,2460.0,1442.4276123046875,167677.0
2020-10-02,2470.0,1448.2911376953125,245434.0
2020-10-05,2499.0,1465.2952880859375,59011.0
2020-10-06,2490.0,1460.0181884765625,2000200.0
2020-10-07,2482.0,1455.32763671875,537541.0
2020-10-08,2482.0,1455.32763671875,537541.0
2020-10-09,2540.0,1489.3359375,1034119.0
2020-10-12,2540.0,1489.3359375,0.0
2020-10-13,2525.0,1480.540771484375,130078.0
2020-10-14,2515.0,1474.6768798828125,1741915.0
2020-10-15,2529.0,1482.8861083984375,140301.0
2020-10-16,2539.0,1488.74951171875,428348.0
2020-10-19,2525.0,1480.540771484375,207163.0
2020-10-20,2519.0,1477.0224609375,2683151.0
2020-10-21,2522.0,1478.781494140625,419753.0
2020-10-22,2530.0,1483.4722900390625,438768.0
2020-10-23,2494.0,1503.9757080078125,210443.0
2020-10-26,2470.0,1489.5028076171875,209401.0
2020-10-27,2430.0,1465.38134765625,1273949.0
2020-10-28,2405.0,1450.3052978515625,613961.0
2020-10-29,2390.0,1441.259765625,545565.0
2020-10-30,2400.0,1447.290283203125,3205414.0
2020-11-02,2400.0,1447.290283203125,0.0
2020-11-03,2445.0,1474.427001953125,192093.0
2020-11-04,2404.0,1449.7022705078125,232220.0
2020-11-05,2401.0,1447.89306640625,1878450.0
2020-11-06,2401.0,1447.89306640625,1878450.0
2020-11-09,2465.0,1486.4876708984375,676422.0
2020-11-10,2449.0,1476.8392333984375,419373.0
2020-11-11,2430.0,1465.38134765625,678183.0
2020-11-12,2445.0,1474.427001953125,1181346.0
2020-11-13,2450.0,1477.44189453125,67043.0
2020-11-16,2450.0,1477.44189453125,0.0
2020-11-17,2480.0,1495.533203125,448907.0
2020-11-18,2485.0,1498.5482177734375,553293.0
2020-11-19,2480.0,1495.533203125,552211.0
2020-11-20,2499.0,1506.99072265625,794570.0
2020-11-23,2498.0,1506.3876953125,665215.0
2020-11-24,2498.0,1506.3876953125,2035898.0
2020-11-25,2510.0,1513.6243896484375,561013.0
2020-11-26,2510.0,1513.6243896484375,33794.0
2020-11-27,2540.0,1531.7154541015625,312595.0
2020-11-30,2560.0,1543.7760009765625,884828.0
2020-12-01,2650.0,1598.049560546875,623054.0
2020-12-02,2650.0,1598.049560546875,1943998.0
2020-12-03,2675.0,1613.125244140625,1039087.0
2020-12-04,2675.0,1613.125244140625,1039087.0
2020-12-07,2650.0,1598.049560546875,1844428.0
2020-12-08,2650.0,1598.049560546875,0.0
2020-12-09,2620.0,1579.9586181640625,579041.0
2020-12-10,2541.0,1532.318359375,752297.0
2020-12-11,2585.0,1558.8521728515625,4595261.0
2020-12-14,2570.0,1549.8067626953125,966084.0
2020-12-15,2532.0,1526.89111328125,850516.0
2020-12-16,2540.0,1531.7154541015625,1163747.0
2020-12-17,2534.0,1528.0970458984375,926811.0
2020-12-18,2530.0,1525.6849365234375,1422427.0
2020-12-21,2519.0,1519.051513671875,1340148.0
2020-12-22,2515.0,1516.6392822265625,1665581.0
2020-12-23,2542.0,1532.92138671875,1015894.0
2020-12-24,2579.0,1555.23388671875,41463.0
2020-12-25,2579.0,1555.23388671875,0.0
2020-12-28,2581.0,1556.43994140625,554758.0
2020-12-29,2670.0,1610.1103515625,540484.0
2020-12-30,2650.0,1598.049560546875,750859.0
2020-12-31,2650.0,1598.049560546875,0.0
2021-01-01,2650.0,1598.049560546875,0.0
2021-01-04,2675.0,1613.125244140625,327362.0
2021-01-05,2700.0,1628.201171875,682240.0
2021-01-06,2690.0,1622.1708984375,224810.0
2021-01-07,2561.0,1544.379150390625,808173.0
2021-01-08,2563.0,1545.585205078125,334170.0
2021-01-11,2563.0,1545.585205078125,0.0
2021-01-12,2540.0,1531.7154541015625,932475.0
2021-01-13,2584.0,1558.249267578125,1951432.0
2021-01-14,2700.0,1628.201171875,3083649.0
2021-01-15,2730.0,1646.29248046875,603375.0
2021-01-18,2752.0,1659.5594482421875,982573.0
2021-01-19,2809.0,1693.9326171875,1494460.0
2021-01-20,2814.0,1696.947509765625,787681.0
2021-01-21,2809.0,1693.9326171875,841821.0
2021-01-22,2840.0,1712.626708984375,1263152.0
2021-01-25,2778.0,1675.23828125,1608940.0
2021-01-26,2806.0,1692.123779296875,1572213.0
2021-01-27,2800.0,1688.5050048828125,4249468.0
2021-01-28,2795.0,1685.489990234375,1119569.0
2021-01-29,2611.0,1574.531005859375,3879692.0
2021-02-01,2611.0,1574.531005859375,0.0
2021-02-02,2644.0,1594.4315185546875,1960232.0
2021-02-03,2600.0,1567.8974609375,3332703.0
2021-02-04,2570.0,1549.8067626953125,1706568.0
2021-02-05,2569.0,1549.20361328125,854115.0
2021-02-08,2649.0,1597.446533203125,1933804.0
2021-02-09,2620.0,1579.9586181640625,8004826.0
2021-02-10,2640.0,1592.01904296875,7875856.0
2021-02-11,2680.0,1616.140625,405803.0
2021-02-12,2660.0,1604.079833984375,254288.0
2021-02-15,2680.0,1616.140625,60219.0
2021-02-16,2638.0,1590.8128662109375,697230.0
2021-02-17,2679.0,1615.53759765625,312602.0
2021-02-18,2638.0,1590.8128662109375,460089.0
2021-02-19,2621.0,1580.5616455078125,802054.0
2021-02-22,2510.0,1513.6243896484375,3472966.0
2021-02-23,2525.0,1522.669921875,4767562.0
2021-02-24,2540.0,1531.7154541015625,2926339.0
2021-02-25,2565.0,1546.7913818359375,394023.0
2021-02-26,2580.0,1555.8370361328125,739885.0
2021-03-01,2628.0,1584.782470703125,2453121.0
2021-03-02,2623.0,1581.767578125,2705509.0
2021-03-03,2645.0,1595.0343017578125,2817098.0
2021-03-04,2600.0,1567.8974609375,3280481.0
2021-03-05,2570.0,1549.8067626953125,1790815.0
2021-03-08,2530.0,1525.6849365234375,1289310.0
2021-03-09,2529.0,1525.08203125,2160389.0
2021-03-10,2561.0,1544.379150390625,1501990.0
2021-03-11,2545.0,1534.7305908203125,1007919.0
2021-03-12,2545.0,1534.7305908203125,2050616.0
2021-03-15,2550.0,1537.7457275390625,1129328.0
2021-03-16,2575.0,1552.8216552734375,1080896.0
2021-03-17,2558.0,1542.56982421875,1269688.0
2021-03-18,2560.0,1543.7760009765625,591310.0
2021-03-19,2532.0,1526.89111328125,88644711.0
2021-03-22,2532.0,1526.89111328125,0.0
2021-03-23,2600.0,1567.8974609375,3260456.0
2021-03-24,2606.0,1571.515869140625,1448372.0
2021-03-25,2620.0,1579.9586181640625,622322.0
2021-03-26,2603.0,1569.706787109375,779485.0
2021-03-29,2630.0,1585.988525390625,563867.0
2021-03-30,2670.0,1610.1103515625,1193557.0
2021-03-31,2690.0,1622.1708984375,767135.0
2021-04-01,2690.0,1622.1708984375,0.0
2021-04-02,2690.0,1622.1708984375,0.0
2021-04-05,2680.0,1616.140625,258072.0
2021-04-06,2660.0,1604.079833984375,505034.0
2021-04-07,2698.0,1626.9951171875,348468.0
2021-04-08,2636.0,1589.6070556640625,339343.0
2021-04-09,2630.0,1585.988525390625,720153.0
2021-04-12,2620.0,1579.9586181640625,262877.0
2021-04-13,2610.0,1573.9278564453125,657922.0
2021-04-14,2610.0,1573.9278564453125,657922.0
2021-04-15,2640.0,1592.01904296875,219217.0
2021-04-16,2618.0,1578.7523193359375,946165.0
2021-04-19,2627.0,1584.1795654296875,760963.0
2021-04-20,2625.0,1582.9737548828125,653080.0
2021-04-21,2630.0,1585.988525390625,874273.0
2021-04-22,2630.0,1585.988525390625,1092389.0
2021-04-23,2619.0,1579.3553466796875,613906.0
2021-04-26,2619.0,1579.3553466796875,0.0
2021-04-27,2610.0,1573.9278564453125,1301073.0
2021-04-28,2625.0,1582.9737548828125,1402412.0
2021-04-29,2630.0,1585.988525390625,418616.0
2021-04-30,2610.0,1573.9278564453125,1608377.0
2021-05-03,2510.0,1513.6243896484375,2069952.0
2021-05-04,2509.0,1513.0211181640625,2109049.0
2021-05-05,2523.0,1521.4638671875,2281685.0
2021-05-06,2604.0,1570.31005859375,2293073.0
2021-05-07,2583.0,1557.646240234375,1001282.0
2021-05-10,2590.0,1561.866943359375,976222.0
2021-05-11,2592.0,1563.0732421875,1057804.0
2021-05-12,2607.0,1572.119140625,2118963.0
2021-05-13,2610.0,1573.9278564453125,492667.0
2021-05-14,2640.0,1592.01904296875,1027144.0
2021-05-17,2640.0,1592.01904296875,0.0
2021-05-18,2620.0,1579.9586181640625,325553.0
2021-05-19,2623.0,1581.767578125,1194631.0
2021-05-20,2520.0,1578.57275390625,2143805.0
2021-05-21,2504.0,1568.5501708984375,1160209.0
2021-05-24,2470.0,1547.251953125,1005894.0
2021-05-25,2341.0,1466.44384765625,1269074.0
2021-05-26,2340.0,1465.817626953125,745745.0
2021-05-27,2165.0,1356.1943359375,11762844.0
2021-05-28,2300.0,1440.7608642578125,8297221.0
2021-05-31,2329.0,1458.927001953125,284754.0
2021-06-01,2350.0,1472.0816650390625,907501.0
2021-06-02,2486.0,1557.274658203125,2179418.0
2021-06-03,2495.0,1562.9122314453125,1026889.0
2021-06-04,2421.0,1516.5574951171875,642285.0
2021-06-07,2421.0,1516.5574951171875,0.0
2021-06-08,2433.0,1524.0743408203125,437620.0
2021-06-09,2413.0,1511.5462646484375,4644982.0
2021-06-10,2400.0,1503.4027099609375,560352.0
2021-06-11,2380.0,1490.8741455078125,443786.0
2021-06-14,2380.0,1490.8741455078125,0.0
2021-06-15,2346.0,1469.576171875,723993.0
2021-06-16,2395.0,1500.2706298828125,246375.0
2021-06-17,2390.0,1497.138427734375,23961.0
2021-06-18,2439.0,1527.832763671875,3424187.0
2021-06-21,2382.0,1492.1270751953125,198789.0
2021-06-22,2440.0,1528.459228515625,748948.0
2021-06-23,2530.0,1584.8369140625,1101202.0
2021-06-24,2499.0,1565.41796875,1432860.0
2021-06-25,2532.0,1586.08984375,768497.0
2021-06-28,2542.0,1592.35400390625,154586.0
2021-06-29,2600.0,1628.6859130859375,1710618.0
2021-06-30,2571.0,1610.5201416015625,839532.0
2021-07-01,2579.0,1615.531494140625,556975.0
2021-07-02,2541.0,1591.7274169921875,450564.0
2021-07-05,2541.0,1591.7274169921875,0.0
2021-07-06,2507.0,1570.42919921875,179486.0
2021-07-07,2518.0,1577.3199462890625,520351.0
2021-07-08,2514.0,1574.8140869140625,970222.0
2021-07-09,2517.0,1576.693359375,1298780.0
2021-07-12,2519.0,1577.9462890625,55027.0
2021-07-13,2520.0,1578.57275390625,365771.0
2021-07-14,2515.0,1575.4405517578125,204845.0
2021-07-15,2509.0,1571.6820068359375,425151.0
2021-07-16,2504.0,1568.5501708984375,1235450.0
2021-07-19,2450.0,1534.7235107421875,1109920.0
2021-07-20,2450.0,1534.7235107421875,0.0
2021-07-21,2510.0,1572.30859375,900150.0
2021-07-22,2480.0,1553.5159912109375,138973.0
2021-07-23,2505.0,1569.176513671875,295755.0
2021-07-26,2490.0,1559.7802734375,304068.0
2021-07-27,2500.0,1566.0445556640625,496055.0
2021-07-28,2500.0,1566.0445556640625,307972.0
2021-07-29,2515.0,1575.4405517578125,90309.0
2021-07-30,2529.0,1584.2105712890625,270682.0
2021-08-02,2530.0,1584.8369140625,967667.0
2021-08-03,2530.0,1584.8369140625,350512.0
2021-08-04,2567.0,1608.0145263671875,953524.0
2021-08-05,2584.0,1618.6634521484375,378571.0
2021-08-06,2564.0,1606.1351318359375,268254.0
2021-08-09,2549.0,1596.7388916015625,1062094.0
2021-08-10,2560.0,1603.62939453125,312862.0
2021-08-11,2577.0,1614.278564453125,798800.0
2021-08-12,2550.0,1597.365234375,292372.0
2021-08-13,2568.0,1608.640869140625,978090.0
2021-08-16,2568.0,1608.640869140625,0.0
2021-08-17,2625.0,1644.3466796875,2319814.0
2021-08-18,2689.0,1684.437255859375,1726430.0
2021-08-19,2700.0,1691.3277587890625,941949.0
2021-08-20,2700.0,1691.3277587890625,1139772.0
2021-08-23,2700.0,1691.3277587890625,2032748.0
2021-08-24,2680.0,1678.7998046875,1752093.0
2021-08-25,2664.0,1668.777099609375,434022.0
2021-08-26,2660.0,1666.271240234375,219398.0
2021-08-27,2695.0,1688.1956787109375,929896.0
2021-08-30,2680.0,1678.7998046875,409113.0
2021-08-31,2695.0,1688.1956787109375,1118632.0
2021-09-01,2680.0,1678.7998046875,699182.0
2021-09-02,2700.0,1691.3277587890625,929166.0
2021-09-03,2685.0,1681.9317626953125,1621690.0
2021-09-06,2700.0,1691.3277587890625,92747.0
2021-09-07,2700.0,1691.3277587890625,404864.0
2021-09-08,2700.0,1691.3277587890625,379809.0
2021-09-09,2750.0,1722.6490478515625,973212.0
2021-09-10,2753.0,1724.5281982421875,2085807.0
2021-09-13,2796.0,1751.4639892578125,277060.0
2021-09-14,2774.0,1737.6829833984375,691684.0
2021-09-15,2800.0,1753.9696044921875,1114605.0
2021-09-16,2770.0,1735.1771240234375,256725.0
2021-09-17,2720.0,1703.8565673828125,2553165.0
2021-09-20,2720.0,1703.8565673828125,1184758.0
2021-09-21,2744.0,1718.890380859375,58535.0
2021-09-22,2770.0,1735.1771240234375,446720.0
2021-09-23,2756.0,1726.407470703125,598544.0
2021-09-24,2760.0,1728.9130859375,261438.0
2021-09-27,2800.0,1753.9696044921875,1270984.0
2021-09-28,2810.0,1760.234130859375,2086087.0
2021-09-29,2820.0,1766.4981689453125,876146.0
2021-09-30,2816.0,1763.992431640625,2663856.0
2021-10-01,2832.0,1774.014892578125,712209.0
2021-10-04,2856.0,1789.0491943359375,844645.0
2021-10-05,2860.0,1791.5546875,4026866.0
2021-10-06,2882.0,1805.3360595703125,843570.0
2021-10-07,2860.0,1791.5546875,664787.0
2021-10-08,2885.0,1807.215087890625,719981.0
2021-10-11,2890.0,1810.3472900390625,1878647.0
2021-10-12,2899.0,1815.9849853515625,913083.0
2021-10-13,2896.0,1814.105712890625,105365.0
2021-10-14,2927.0,1833.52490234375,910884.0
2021-10-15,2921.0,1829.76611328125,345149.0
2021-10-18,2921.0,1829.76611328125,0.0
2021-10-19,2929.0,1834.7777099609375,461852.0
2021-10-20,2917.0,1827.2606201171875,319869.0
2021-10-21,2905.0,1819.74365234375,322216.0
2021-10-22,2901.0,1817.2379150390625,1350535.0
2021-10-25,2788.0,1826.8045654296875,761062.0
2021-10-26,2769.0,1814.35498046875,1661957.0
2021-10-27,2740.0,1795.352783203125,560878.0
2021-10-28,2769.0,1814.35498046875,1254624.0
2021-10-29,2720.0,1782.248291015625,626056.0
2021-11-01,2720.0,1782.248291015625,0.0
2021-11-02,2682.0,1757.3492431640625,1805468.0
2021-11-03,2740.0,1795.352783203125,1724855.0
2021-11-04,2657.0,1740.9681396484375,2197131.0
2021-11-05,2650.0,1736.3817138671875,1731315.0
2021-11-08,2696.0,1766.5225830078125,640336.0
2021-11-09,2689.0,1761.9356689453125,1031818.0
2021-11-10,2663.0,1744.899658203125,1265137.0
2021-11-11,2668.0,1748.1759033203125,276295.0
2021-11-12,2661.0,1743.589111328125,273970.0
2021-11-15,2661.0,1743.589111328125,0.0
2021-11-16,2583.0,1692.48046875,1113703.0
2021-11-17,2580.0,1690.514892578125,322844.0
2021-11-18,2710.0,1775.69580078125,573150.0
2021-11-19,2520.0,1651.2005615234375,1097109.0
2021-11-22,2501.0,1638.7508544921875,990643.0
2021-11-23,2496.0,1635.4747314453125,704929.0
2021-11-24,2555.0,1674.134033203125,349197.0
2021-11-25,2589.0,1696.412109375,273877.0
2021-11-26,2620.0,1716.724365234375,565183.0
2021-11-29,2700.0,1769.1431884765625,1028582.0
2021-11-30,2634.0,1725.897705078125,2112077.0
2021-12-01,2652.0,1737.692138671875,689678.0
2021-12-02,2700.0,1769.1431884765625,1070659.0
2021-12-03,2670.0,1749.486328125,538113.0
2021-12-06,2666.0,1746.8651123046875,305288.0
2021-12-07,2640.0,1729.8291015625,257683.0
2021-12-08,2640.0,1729.8291015625,0.0
2021-12-09,2621.0,1717.379638671875,417373.0
2021-12-10,2580.0,1721.7174072265625,535784.0
2021-12-13,2593.0,1730.392333984375,499439.0
2021-12-14,2560.0,1708.3704833984375,179110.0
2021-12-15,2568.0,1713.709228515625,351361.0
2021-12-16,2595.0,1731.7271728515625,1338671.0
2021-12-17,2464.0,1644.3067626953125,2814084.0
2021-12-20,2495.0,1664.9940185546875,532147.0
2021-12-21,2520.0,1681.6773681640625,444373.0
2021-12-22,2530.0,1688.3505859375,508857.0
2021-12-23,2500.0,1668.330810546875,303795.0
2021-12-24,2511.0,1675.67138671875,17671.0
2021-12-27,2595.0,1731.7271728515625,166281.0
2021-12-28,2566.0,1712.374755859375,118649.0
2021-12-29,2595.0,1731.7271728515625,113310.0
2021-12-30,2500.0,1668.330810546875,214100.0
2021-12-31,2500.0,1668.330810546875,0.0
2022-01-03,2532.0,1689.6854248046875,153596.0
2022-01-04,2550.0,1701.6971435546875,77867.0
2022-01-05,2521.0,1682.3447265625,53562.0
2022-01-06,2435.0,1624.9539794921875,619564.0
2022-01-07,2480.0,1654.9837646484375,348388.0
2022-01-10,2480.0,1654.9837646484375,0.0
2022-01-11,2508.0,1673.6693115234375,69977.0
2022-01-12,2580.0,1721.7174072265625,680860.0
2022-01-13,2527.0,1686.3489990234375,1464830.0
2022-01-14,2475.0,1651.6473388671875,5903660.0
2022-01-17,2475.0,1651.6473388671875,0.0
2022-01-18,2475.0,1651.6473388671875,0.0
2022-01-19,2475.0,1651.6473388671875,0.0
2022-01-20,2607.0,1739.7354736328125,1481061.0
2022-01-21,2590.0,1728.3905029296875,1431516.0
2022-01-24,2605.0,1738.400634765625,577395.0
2022-01-25,2639.0,1761.0899658203125,830414.0
2022-01-26,2650.0,1768.4305419921875,742791.0
2022-01-27,2650.0,1768.4305419921875,2019938.0
2022-01-28,2650.0,1768.4305419921875,327579.0
2022-01-31,2620.0,1748.4105224609375,915927.0
2022-02-01,2590.0,1728.3905029296875,981900.0
2022-02-02,2557.0,1706.3685302734375,1153110.0
2022-02-03,2530.0,1688.3505859375,692748.0
2022-02-04,2580.0,1721.7174072265625,443455.0
2022-02-07,2580.0,1721.7174072265625,490396.0
2022-02-08,2581.0,1722.3843994140625,386719.0
2022-02-09,2550.0,1701.6971435546875,1189309.0
2022-02-10,2507.0,1673.001953125,674672.0
2022-02-11,2526.0,1685.6812744140625,735592.0
2022-02-14,2490.0,1661.6572265625,1105965.0
2022-02-15,2488.0,1660.3226318359375,782387.0
2022-02-16,2485.0,1658.3204345703125,1300059.0
2022-02-17,2474.0,1650.9798583984375,829418.0
2022-02-18,2488.0,1660.3226318359375,654903.0
2022-02-21,2482.0,1656.3189697265625,219244.0
2022-02-22,2458.0,1640.3026123046875,1454831.0
2022-02-23,2471.0,1648.97802734375,1523145.0
2022-02-24,2430.0,1621.6175537109375,1629188.0
2022-02-25,2441.0,1628.9581298828125,321076.0
2022-02-28,2450.0,1634.9639892578125,1038331.0
2022-03-01,2455.0,1638.3006591796875,2011345.0
2022-03-02,2440.0,1628.290771484375,1179721.0
2022-03-03,2478.0,1653.6492919921875,1018723.0
2022-03-04,2460.0,1641.63720703125,815782.0
2022-03-07,2470.0,1648.310791015625,903795.0
2022-03-08,2470.0,1648.310791015625,1363081.0
2022-03-09,2505.0,1671.6673583984375,2457291.0
2022-03-10,2520.0,1681.6773681640625,1858328028.0
2022-03-11,2520.0,1681.6773681640625,742489.0
2022-03-14,2470.0,1648.310791015625,511939.0
2022-03-15,2515.0,1678.3406982421875,1005566.0
2022-03-16,2512.0,1676.338623046875,657206.0
2022-03-17,2480.0,1654.9837646484375,355618.0
2022-03-18,2510.0,1675.004150390625,3143199.0
2022-03-21,2510.0,1675.004150390625,0.0
2022-03-22,2490.0,1661.6572265625,406454.0
2022-03-23,2490.0,1661.6572265625,457251.0
2022-03-24,2481.0,1655.651611328125,808361.0
2022-03-25,2455.0,1638.3006591796875,985750.0
2022-03-28,2476.0,1652.3148193359375,9155884.0
2022-03-29,2476.0,1652.3148193359375,2168478.0
2022-03-30,2476.0,1652.3148193359375,2168478.0
2022-03-31,2470.0,1648.310791015625,480081.0
2022-04-01,2464.0,1644.3067626953125,511340.0
2022-04-04,2464.0,1644.3067626953125,0.0
2022-04-05,2490.0,1661.6572265625,554561.0
2022-04-06,2480.0,1654.9837646484375,704051.0
2022-04-07,2505.0,1671.6673583984375,3388400.0
2022-04-08,2485.0,1658.3204345703125,7629529.0
2022-04-11,2475.0,1651.6473388671875,197336.0
2022-04-12,2465.0,1644.9742431640625,277957.0
2022-04-13,2480.0,1654.9837646484375,64625.0
2022-04-14,2480.0,1654.9837646484375,0.0
2022-04-15,2480.0,1654.9837646484375,0.0
2022-04-18,2470.0,1648.310791015625,852854.0
2022-04-19,2510.0,1675.004150390625,1356355.0
2022-04-20,2560.0,1708.3704833984375,1079692.0
2022-04-21,2556.0,1705.7012939453125,1603287.0
2022-04-22,2607.0,1739.7354736328125,1318750.0
2022-04-25,2580.0,1721.7174072265625,3613970.0
2022-04-26,2542.0,1696.3585205078125,1102398.0
2022-04-27,2495.0,1664.9940185546875,1285838.0
2022-04-28,2490.0,1661.6572265625,510790.0
2022-04-29,2490.0,1661.6572265625,510790.0
2022-05-02,2516.0,1679.0079345703125,207911.0
2022-05-03,2490.0,1661.6572265625,1489979.0
2022-05-04,2510.0,1675.004150390625,1063366.0
2022-05-05,2482.0,1656.3189697265625,868971.0
2022-05-06,2450.0,1634.9639892578125,1161089.0
2022-05-09,2390.0,1594.9241943359375,1425329.0
2022-05-10,2330.0,1554.88427734375,1301133.0
2022-05-11,2329.0,1554.216796875,1419825.0
2022-05-12,2360.0,1574.9039306640625,928740.0
2022-05-13,2350.0,1568.2308349609375,703568.0
2022-05-16,2400.0,1601.597412109375,2226439.0
2022-05-17,2430.0,1621.6175537109375,1858841.0
2022-05-18,2400.0,1601.597412109375,1819828.0
2022-05-19,2310.0,1541.5374755859375,1008277.0
2022-05-20,2350.0,1568.2308349609375,1340785.0
2022-05-23,2350.0,1635.0233154296875,0.0
2022-05-24,2350.0,1635.0233154296875,0.0
2022-05-25,2350.0,1635.0233154296875,0.0
2022-05-26,2350.0,1635.0233154296875,0.0
2022-05-27,2340.0,1628.065673828125,12497.0
2022-05-30,2340.0,1628.065673828125,0.0
2022-05-31,2202.0,1532.0516357421875,135.0
2022-06-01,2204.0,1533.4429931640625,416986.0
2022-06-02,2211.0,1538.3133544921875,262659.0
2022-06-03,2192.0,1525.0941162109375,31711.0
2022-06-06,2181.0,1517.4405517578125,195169.0
2022-06-07,2120.0,1474.999755859375,413478.0
2022-06-08,2060.0,1433.2542724609375,297642.0
2022-06-09,2001.0,1392.2049560546875,117110.0
2022-06-10,2010.0,1398.4666748046875,187193.0
2022-06-13,2010.0,1398.4666748046875,5222.0
2022-06-14,1986.0,1381.7684326171875,65633.0
2022-06-15,1901.0,1322.6295166015625,219522.0
2022-06-16,1901.0,1322.6295166015625,32214.0
2022-06-17,2000.0,1391.5091552734375,67963.0
2022-06-20,2000.0,1391.5091552734375,0.0
2022-06-21,1830.0,1273.2308349609375,401606.0
2022-06-22,1803.0,1254.445556640625,236190.0
2022-06-23,1800.0,1252.3583984375,105104.0
2022-06-24,1848.0,1285.754638671875,47103.0
2022-06-27,1848.0,1285.754638671875,0.0
2022-06-28,1848.0,1285.754638671875,0.0
2022-06-29,1848.0,1285.754638671875,0.0
2022-06-30,1998.0,1390.11767578125,229705.0
2022-07-01,2147.0,1493.7852783203125,1135161.0
2022-07-04,2147.0,1493.7852783203125,0.0
2022-07-05,2000.0,1391.5091552734375,592674.0
2022-07-06,2000.0,1391.5091552734375,592674.0
2022-07-07,2128.0,1480.565673828125,2963766.0
2022-07-08,2052.0,1427.6884765625,1519359.0
2022-07-11,1985.0,1381.0728759765625,578232.0
2022-07-12,1960.0,1363.6790771484375,1377178.0
2022-07-13,1981.0,1378.2896728515625,80516.0
2022-07-14,1930.0,1342.8062744140625,464612.0
2022-07-15,1900.0,1321.9337158203125,335852.0
2022-07-18,1930.0,1342.8062744140625,260193.0
2022-07-19,1906.0,1326.1082763671875,226548.0
2022-07-20,1906.0,1326.1082763671875,0.0
2022-07-21,1929.0,1342.110595703125,565583.0
2022-07-22,1800.0,1252.3583984375,425083.0
2022-07-25,1948.0,1355.330078125,382788.0
2022-07-26,1882.0,1309.41015625,40580.0
2022-07-27,1831.0,1273.9266357421875,943307.0
2022-07-28,1950.0,1356.7213134765625,788622.0
2022-07-29,1901.0,1322.6295166015625,568446.0
2022-08-01,1850.0,1287.145751953125,662189.0
2022-08-02,1810.0,1259.315673828125,1060498.0
2022-08-03,1870.0,1301.0611572265625,2105150.0
2022-08-04,1831.0,1273.9266357421875,214631.0
2022-08-05,1970.0,1370.6365966796875,1303645.0
2022-08-08,2048.0,1424.9053955078125,518585.0
2022-08-09,1970.0,1370.6365966796875,495680.0
2022-08-10,1971.0,1371.3321533203125,372675.0
2022-08-11,1970.0,1370.6365966796875,177351.0
2022-08-12,1950.0,1356.7213134765625,225157.0
2022-08-15,1950.0,1356.7213134765625,0.0
2022-08-16,1950.0,1356.7213134765625,0.0
2022-08-17,1990.0,1384.5516357421875,540244.0
2022-08-18,1990.0,1384.5516357421875,837201.0
2022-08-19,2020.0,1405.4241943359375,367104.0
2022-08-22,1989.0,1383.8558349609375,305129.0
2022-08-23,1910.0,1328.8912353515625,4015642.0
2022-08-24,1900.0,1321.9337158203125,364856.0
2022-08-25,1934.0,1345.58935546875,4598567.0
2022-08-26,1926.0,1340.0234375,158328.0
2022-08-29,1929.0,1342.110595703125,516622.0
2022-08-30,1902.0,1323.3251953125,170994.0
2022-08-31,1900.0,1321.9337158203125,1484204.0
2022-09-01,1935.0,1346.2850341796875,227172.0
2022-09-02,1872.0,1302.4525146484375,94327.0
2022-09-05,1856.0,1291.320556640625,72169.0
2022-09-06,1864.0,1296.8865966796875,866047.0
2022-09-07,1900.0,1321.9337158203125,755829.0
2022-09-08,1900.0,1321.9337158203125,212212.0
2022-09-09,1930.0,1342.8062744140625,210210.0
2022-09-12,1947.0,1354.634033203125,134977.0
2022-09-13,1950.0,1356.7213134765625,302859.0
2022-09-14,1929.0,1342.110595703125,264627.0
2022-09-15,1980.0,1377.5941162109375,2500947.0
2022-09-16,1970.0,1370.6365966796875,3007133.0
2022-09-19,1950.0,1356.7213134765625,3114087.0
2022-09-20,1936.0,1346.980712890625,1069988.0
2022-09-21,1921.0,1336.544677734375,593348.0
2022-09-22,1916.0,1333.0657958984375,6223450.0
2022-09-23,1915.0,1332.3699951171875,182893.0
2022-09-26,1876.0,1305.235595703125,826340.0
2022-09-27,1870.0,1301.0611572265625,957819.0
2022-09-28,1831.0,1273.9266357421875,429061.0
2022-09-29,1870.0,1301.0611572265625,24891.0
2022-09-30,1871.0,1301.7567138671875,291694.0
2022-10-03,1876.0,1305.235595703125,158908.0
2022-10-04,1940.0,1349.7637939453125,774796.0
2022-10-05,1945.0,1353.2425537109375,195879.0
2022-10-06,1945.0,1353.2425537109375,5091.0
2022-10-07,1910.0,1328.8912353515625,105281.0
2022-10-10,1900.0,1321.9337158203125,32709.0
2022-10-11,1910.0,1328.8912353515625,24170.0
2022-10-12,1910.0,1328.8912353515625,2275.0
2022-10-13,1821.0,1266.9691162109375,68619.0
2022-10-14,1814.0,1262.0987548828125,874268.0
2022-10-17,1814.0,1262.0987548828125,0.0
2022-10-18,1802.0,1253.7498779296875,203596.0
2022-10-19,1780.0,1238.443115234375,270959.0
2022-10-20,1780.0,1238.443115234375,270959.0
2022-10-21,1745.0,1214.0916748046875,405166.0
2022-10-24,1700.0,1182.7828369140625,341893.0
2022-10-25,1739.0,1209.9173583984375,279442.0
2022-10-26,1700.0,1182.7828369140625,154905.0
2022-10-27,1650.0,1147.9951171875,645679.0
2022-10-28,1650.0,1147.9951171875,435305.0
2022-10-31,1647.0,1145.9078369140625,93320.0
2022-11-01,1686.0,1173.0423583984375,1780814.0
2022-11-02,1730.0,1203.6553955078125,212849.0
2022-11-03,1690.0,1175.8251953125,351663.0
2022-11-04,1705.0,1186.261474609375,106517.0
2022-11-07,1705.0,1186.261474609375,0.0
2022-11-08,1748.0,1216.178955078125,128767.0
2022-11-09,1690.0,1175.8251953125,69248.0
2022-11-10,1745.0,1214.0916748046875,621202.0
2022-11-11,1761.0,1225.223876953125,454941.0
2022-11-14,1761.0,1225.223876953125,0.0
2022-11-15,1756.0,1221.7451171875,620029.0
2022-11-16,1732.0,1205.0469970703125,131047.0
2022-11-17,1733.0,1205.7427978515625,192661.0
2022-11-18,1744.0,1213.3958740234375,112463.0
2022-11-21,1730.0,1203.6553955078125,154365.0
2022-11-22,1730.0,1203.6553955078125,154365.0
2022-11-23,1759.0,1223.8323974609375,1491532571.0
2022-11-24,1759.0,1223.8323974609375,0.0
2022-11-25,1879.0,1307.3228759765625,405139.0
2022-11-28,1881.0,1308.71435546875,98189.0
2022-11-29,1839.0,1279.4927978515625,136570.0
2022-11-30,1800.0,1252.3583984375,2681032.0
2022-12-01,1860.0,1294.103515625,3831220.0
2022-12-02,1870.0,1301.0611572265625,261846.0
2022-12-05,1807.0,1257.228515625,255729.0
2022-12-06,1839.0,1279.4927978515625,4316.0
2022-12-07,1810.0,1259.315673828125,124013.0
2022-12-08,1810.0,1259.315673828125,0.0
2022-12-09,1820.0,1266.2733154296875,122053.0
2022-12-12,1812.0,1260.7073974609375,140285.0
2022-12-13,1830.0,1273.2308349609375,192691.0
2022-12-14,1850.0,1287.145751953125,132190.0
2022-12-15,1800.0,1320.902587890625,164596.0
2022-12-16,1730.0,1269.533935546875,105532.0
2022-12-19,1720.0,1262.1956787109375,158451.0
2022-12-20,1698.0,1246.05126953125,95678.0
2022-12-21,1725.0,1265.8648681640625,129836.0
2022-12-22,1700.0,1247.51904296875,886239.0
2022-12-23,1700.0,1247.51904296875,1121609.0
2022-12-26,1680.0,1232.84228515625,336865.0
2022-12-27,1699.0,1246.7850341796875,170491.0
2022-12-28,1700.0,1247.51904296875,55322.0
2022-12-29,1683.0,1235.0438232421875,147610.0
2022-12-30,1683.0,1235.0438232421875,0.0
2023-01-02,1750.0,1284.2105712890625,130954.0
2023-01-03,1715.0,1258.5264892578125,307457.0
2023-01-04,1710.0,1254.8572998046875,142462.0
2023-01-05,1700.0,1247.51904296875,302741.0
2023-01-06,1700.0,1247.51904296875,257049.0
2023-01-09,1700.0,1247.51904296875,0.0
2023-01-10,1700.0,1247.51904296875,184842.0
2023-01-11,1700.0,1247.51904296875,399089.0
2023-01-12,1692.0,1241.6483154296875,724519.0
2023-01-13,1698.0,1246.05126953125,221570.0
2023-01-16,1713.0,1257.05859375,4156213.0
2023-01-17,1720.0,1262.1956787109375,3004121.0
2023-01-18,1683.0,1235.0438232421875,1329498.0
2023-01-19,1685.0,1236.5113525390625,935105.0
2023-01-20,1700.0,1247.51904296875,1331305.0
2023-01-23,1695.0,1243.849853515625,1450002.0
2023-01-24,1703.0,1249.7203369140625,2107656.0
2023-01-25,1692.0,1241.6483154296875,2479318.0
2023-01-26,1705.0,1251.1881103515625,1242608.0
2023-01-27,1609.0,1180.739990234375,1565654.0
2023-01-30,1574.0,1155.0557861328125,1044804.0
2023-01-31,1570.0,1152.12060546875,2445921.0
2023-02-01,1570.0,1152.12060546875,224107.0
2023-02-02,1501.0,1101.48583984375,578481.0
2023-02-03,1500.0,1100.751953125,1055832.0
2023-02-06,1489.0,1092.6798095703125,215173.0
2023-02-07,1509.0,1107.3563232421875,149266.0
2023-02-08,1463.0,1073.6002197265625,568445.0
2023-02-09,1430.0,1049.383544921875,1521137.0
2023-02-10,1410.0,1034.70703125,5314950.0
2023-02-13,1429.0,1048.649658203125,1090640.0
2023-02-14,1380.0,1012.6919555664062,480580.0
2023-02-15,1365.0,1001.684326171875,2005108.0
2023-02-16,1370.0,1005.3533935546875,2851420.0
2023-02-17,1397.0,1025.1668701171875,212078.0
2023-02-20,1399.0,1026.6348876953125,37353.0
2023-02-21,1335.0,979.6693115234375,351652.0
2023-02-22,1340.0,983.3385009765625,263918.0
2023-02-23,1349.0,989.9429931640625,130151.0
2023-02-24,1346.0,987.741455078125,295876.0
2023-02-27,1394.0,1022.965576171875,482432.0
2023-02-28,1400.0,1027.36865234375,2135424.0
2023-03-01,1397.0,1025.1668701171875,188711.0
2023-03-02,1430.0,1049.383544921875,566937.0
2023-03-03,1500.0,1100.751953125,753978.0
2023-03-06,1563.0,1146.9837646484375,1317600.0
2023-03-07,1575.0,1155.7896728515625,326382.0
2023-03-08,1527.0,1120.5655517578125,171138.0
2023-03-09,1467.0,1076.5352783203125,379819.0
2023-03-10,1400.0,1027.36865234375,1191615.0
2023-03-13,1380.0,1012.6919555664062,860832.0
2023-03-14,1420.0,1042.045166015625,172250.0
2023-03-15,1450.0,1064.060302734375,621361.0
2023-03-16,1560.0,1144.781982421875,1886471.0
2023-03-17,1620.0,1188.81201171875,5069042.0
2023-03-20,1620.0,1188.81201171875,0.0
2023-03-21,1600.0,1174.135498046875,156630.0
2023-03-22,1520.0,1115.4287109375,253688.0
2023-03-23,1545.0,1133.7745361328125,657906.0
2023-03-24,1499.0,1100.0181884765625,196886.0
2023-03-27,1450.0,1064.060302734375,1282472.0
2023-03-28,1524.0,1118.3641357421875,179196.0
2023-03-29,1495.0,1097.082763671875,289544.0
2023-03-30,1566.0,1149.1851806640625,1848562.0
2023-03-31,1535.0,1126.4361572265625,211965.0
2023-04-03,1564.0,1147.7174072265625,33900.0
2023-04-04,1566.0,1149.1851806640625,658709.0
2023-04-05,1605.0,1177.8048095703125,890554.0
2023-04-06,1605.0,1177.8048095703125,0.0
2023-04-07,1605.0,1177.8048095703125,0.0
2023-04-10,1684.0,1235.777587890625,1199278.0
2023-04-11,1710.0,1254.8572998046875,1514093.0
2023-04-12,1718.0,1260.72802734375,2200434.0
2023-04-13,1691.0,1240.9144287109375,77947.0
2023-04-14,1715.0,1258.5264892578125,0.0
2023-04-17,1670.0,1225.5037841796875,494552.0
2023-04-18,1689.0,1239.44677734375,384451.0
2023-04-19,1694.0,1243.115966796875,325185.0
2023-04-20,1700.0,1247.51904296875,418249.0
2023-04-21,1670.0,1225.5037841796875,1450774.0
2023-04-24,1696.0,1244.5836181640625,213520.0
2023-04-25,1720.0,1262.1956787109375,251322.0
2023-04-26,1720.0,1262.1956787109375,185061.0
2023-04-27,1840.0,1350.255859375,985614.0
2023-04-28,1800.0,1320.902587890625,2272110.0
2023-05-01,1800.0,1320.902587890625,0.0
2023-05-02,1730.0,1269.533935546875,739586.0
2023-05-03,1809.0,1327.5068359375,809282.0
2023-05-04,1771.0,1299.6212158203125,41779.0
2023-05-05,1770.0,1298.887451171875,425522.0
2023-05-08,1770.0,1298.887451171875,112631.0
2023-05-09,1731.0,1270.267822265625,94462.0
2023-05-10,1749.0,1283.476806640625,326441.0
2023-05-11,1664.0,1221.1009521484375,252871.0
2023-05-12,1760.0,1291.549072265625,312317.0
2023-05-15,1762.0,1293.0167236328125,183052.0
2023-05-16,1730.0,1269.533935546875,89888.0
2023-05-17,1700.0,1247.51904296875,125483.0
2023-05-18,1729.0,1268.8001708984375,375777.0
2023-05-19,1720.0,1262.1956787109375,47842.0
2023-05-22,1720.0,1262.1956787109375,0.0
2023-05-23,1750.0,1284.2105712890625,55149.0
2023-05-24,1700.0,1247.51904296875,54018.0
2023-05-25,1750.0,1284.2105712890625,215777.0
2023-05-26,1753.0,1286.412353515625,1199454.0
2023-05-29,1726.0,1266.5986328125,48493.0
2023-05-30,1738.0,1275.4046630859375,276091.0
2023-05-31,1770.0,1298.887451171875,1320487.0
2023-06-01,1830.0,1342.9173583984375,388280.0
2023-06-02,1840.0,1350.255859375,436713.0
2023-06-05,1879.0,1378.8753662109375,501960.0
2023-06-06,1925.0,1412.6317138671875,2210299.0
2023-06-07,1950.0,1430.9775390625,716864.0
2023-06-08,1980.0,1452.99267578125,270698.0
2023-06-13,1970.0,1445.6544189453125,308115.0
2023-06-14,1950.0,1430.9775390625,236368.0
2023-06-15,1968.0,1444.1866455078125,102690.0
2023-06-16,1839.0,1349.5220947265625,510777.0
2023-06-19,1839.0,1349.5220947265625,0.0
2023-06-20,1879.0,1378.8753662109375,275424.0
2023-06-21,1860.0,1364.932373046875,785621.0
2023-06-22,1888.0,1385.4798583984375,89438.0
2023-06-23,1835.0,1346.5867919921875,228560.0
2023-06-26,1865.0,1368.6015625,374201.0
2023-06-27,1880.0,1379.609130859375,505532.0
2023-06-28,1904.0,1397.2213134765625,116838.0
2023-06-29,1842.0,1433.805908203125,652147.0
2023-06-30,1825.0,1420.5731201171875,378974.0
2023-07-03,1825.0,1420.5731201171875,0.0
2023-07-04,1796.0,1397.99951171875,212077.0
2023-07-05,1840.0,1432.2490234375,535183.0
2023-07-06,1820.0,1416.6810302734375,81403.0
2023-07-07,1840.0,1432.2490234375,5398235.0
2023-07-10,1825.0,1420.5731201171875,100117.0
2023-07-11,1868.0,1454.044189453125,1039755.0
2023-07-12,1889.0,1470.390380859375,205747.0
2023-07-13,1880.0,1463.385009765625,360342.0
2023-07-14,1836.0,1429.135498046875,193999.0
2023-07-17,1809.0,1408.1187744140625,169532.0
2023-07-18,1833.0,1426.80029296875,567801.0
2023-07-19,1822.0,1418.23779296875,1629767.0
2023-07-20,1822.0,1418.23779296875,0.0
2023-07-21,1829.0,1423.6866455078125,357963.0
2023-07-24,1829.0,1423.6866455078125,224616.0
2023-07-25,1807.0,1406.5621337890625,251235.0
2023-07-26,1785.0,1389.437255859375,824438.0
2023-07-27,1790.0,1393.3292236328125,793603.0
2023-07-28,1773.0,1380.096435546875,451922.0
2023-07-31,1773.0,1380.096435546875,0.0
2023-08-01,1760.0,1369.977294921875,416118.0
2023-08-02,1761.949951171875,1371.4951171875,457106.0
2023-08-03,1755.0,1366.0853271484375,189272.0
2023-08-04,1755.0,1366.0853271484375,0.0
2023-08-07,1755.0,1366.0853271484375,0.0
2023-08-08,1754.0,1365.306884765625,38799.0
2023-08-09,1760.0,1369.977294921875,969501.0
2023-08-10,1752.0,1363.7501220703125,385066.0
2023-08-11,1760.0,1369.977294921875,431017026.0
2023-08-14,1760.0,1369.977294921875,632993.0
2023-08-15,1758.0,1368.4205322265625,319993.0
2023-08-16,1778.0,1383.9884033203125,587678.0
2023-08-17,1780.0,1385.545166015625,123695.0
2023-08-18,1769.0,1376.98291015625,189255.0
2023-08-21,1769.0,1376.98291015625,0.0
2023-08-22,1750.0,1362.193359375,495058.0
2023-08-23,1720.0,1338.8414306640625,637611.0
2023-08-24,1720.0,1338.8414306640625,489664.0
2023-08-25,1758.0,1368.4205322265625,166996.0
2023-08-28,1735.0,1350.517333984375,239763.0
2023-08-29,1700.0,1323.2735595703125,433119.0
2023-08-30,1691.0,1316.267822265625,284095.0
2023-08-31,1616.0,1257.8883056640625,2157381.0
2023-09-01,1631.0,1269.564208984375,131564.0
2023-09-04,1642.97998046875,1278.889404296875,12499.0
2023-09-05,1617.0,1258.6666259765625,224864.0
2023-09-06,1630.0,1268.7857666015625,414140.0
2023-09-07,1679.0,1306.927001953125,1264743.0
2023-09-08,1668.0,1298.3648681640625,247171.0
2023-09-11,1641.0,1277.3482666015625,82877.0
2023-09-12,1660.0,1292.1375732421875,440127.0
2023-09-13,1690.0,1315.4896240234375,2641268.0
2023-09-14,1690.0,1315.4896240234375,2156166.0
2023-09-15,1640.0,1276.56982421875,5086238.0
2023-09-18,1640.0,1276.56982421875,865160.0
2023-09-19,1630.0,1268.7857666015625,238290.0
2023-09-20,1620.0,1261.0018310546875,130826.0
2023-09-21,1610.0,1253.218017578125,213693.0
2023-09-22,1604.0,1248.547607421875,1676746.0
2023-09-25,1650.0,1284.3536376953125,87931.0
2023-09-26,1600.0,1245.4339599609375,490379.0
2023-09-27,1700.0,1323.2735595703125,766021.0
2023-09-28,1720.0,1338.8414306640625,187729.0
2023-09-29,1747.0,1359.8580322265625,384957.0
2023-10-02,1700.0,1323.2735595703125,30612.0
2023-10-03,1610.0,1253.218017578125,222561.0
2023-10-04,1650.0,1284.3536376953125,115661.0
2023-10-05,1622.0,1262.5587158203125,25183.0
2023-10-06,1626.0,1265.6722412109375,983173.0
2023-10-09,1634.0,1271.8992919921875,267045.0
2023-10-10,1650.0,1284.3536376953125,119888.0
2023-10-11,1638.0,1275.0130615234375,326766.0
2023-10-12,1641.0,1277.3482666015625,353675.0
2023-10-13,1650.0,1284.3536376953125,164295.0
2023-10-16,1650.0,1284.3536376953125,0.0
2023-10-17,1633.0,1271.1209716796875,331664.0
2023-10-18,1650.0,1284.3536376953125,205616.0
2023-10-19,1635.0,1272.6778564453125,294720.0
2023-10-20,1670.0,1299.9217529296875,396847.0
2023-10-23,1670.0,1299.9217529296875,145881.0
2023-10-24,1650.0,1284.3536376953125,3059528.0
2023-10-25,1661.0,1292.9161376953125,137443.0
2023-10-26,1687.0,1313.1544189453125,301394.0
2023-10-27,1682.0,1309.262451171875,181358.0
2023-10-30,1700.0,1323.2735595703125,242559.0
2023-10-31,1665.0,1296.0296630859375,3632949.0
2023-11-01,1719.0,1338.0631103515625,208756.0
2023-11-02,1750.0,1362.193359375,102171.0
2023-11-03,1747.0,1359.8580322265625,221077.0
2023-11-06,1747.0,1359.8580322265625,0.0
2023-11-07,1728.0,1345.068603515625,185949.0
2023-11-08,1715.0,1334.9495849609375,88386.0
2023-11-09,1735.0,1350.517333984375,13793.0
2023-11-10,1730.0,1346.6253662109375,52475.0
2023-11-13,1730.0,1346.6253662109375,0.0
2023-11-14,1730.0,1346.6253662109375,93084.0
2023-11-15,1730.0,1346.6253662109375,114170.0
2023-11-16,1705.0,1327.16552734375,75221.0
2023-11-17,1780.0,1385.545166015625,976067.0
2023-11-20,1800.0,1401.11328125,803456.0
2023-11-21,1830.0,1424.465087890625,278800.0
2023-11-22,1830.0,1424.465087890625,479834.0
2023-11-23,1850.0,1440.032958984375,272520.0
2023-11-24,1850.0,1440.032958984375,270357.0
2023-11-27,1815.0,1412.7889404296875,625229.0
2023-11-28,1805.0,1405.005126953125,1879178.0
2023-11-29,1865.0,1451.7088623046875,328147.0
2023-11-30,1900.0,1478.9527587890625,274470.0
2023-12-01,1920.0,1494.520751953125,286701.0
2023-12-04,1900.0,1478.9527587890625,306370.0
2023-12-05,1875.0,1459.4930419921875,677026.0
2023-12-06,1855.0,1443.9249267578125,485418.0
2023-12-07,1795.0,1484.447509765625,559692.0
2023-12-08,1795.0,1484.447509765625,0.0
2023-12-11,1780.0,1472.0426025390625,439350.0
2023-12-12,1775.0,1467.9075927734375,418158.0
2023-12-13,1790.0,1480.3126220703125,715835.0
2023-12-14,1825.0,1509.2572021484375,1120828.0
2023-12-15,1800.0,1488.58251953125,308605.0
2023-12-18,1800.0,1488.58251953125,516670.0
2023-12-19,1845.0,1525.7969970703125,1496306.0
2023-12-20,1875.0,1550.606689453125,1485858.0
2023-12-21,1820.0,1505.1221923828125,67941.0
2023-12-22,1850.0,1529.931884765625,457697.0
2023-12-25,1850.0,1529.931884765625,0.0
2023-12-26,1940.0,1604.361083984375,499245.0
2023-12-27,1950.0,1612.630859375,513758.0
2023-12-28,1900.0,1571.2813720703125,235131.0
2023-12-29,1900.0,1571.2813720703125,0.0
2024-01-01,1900.0,1571.2813720703125,0.0
2024-01-02,1970.0,1629.1707763671875,94112.0
2024-01-03,2005.0,1658.1153564453125,348714.0
2024-01-04,2130.0,1761.4891357421875,366735.0
2024-01-05,2220.0,1835.918212890625,1126284.0
2024-01-08,2220.0,1835.918212890625,0.0
2024-01-09,2270.0,1877.267822265625,1011299.0
2024-01-10,2290.0,1893.8077392578125,1211026.0
2024-01-11,2290.0,1893.8077392578125,453185.0
2024-01-12,2310.0,1910.3472900390625,2467241.0
2024-01-15,2305.0,1906.21240234375,38021.0
2024-01-16,2290.0,1893.8077392578125,874290.0
2024-01-17,2200.0,1819.3782958984375,3894001.0
2024-01-18,2150.0,1778.0289306640625,4291230.0
2024-01-19,2240.0,1852.4581298828125,316979.0
2024-01-22,2240.0,1852.4581298828125,0.0
2024-01-23,2150.0,1778.0289306640625,865797.0
2024-01-24,2150.0,1778.0289306640625,0.0
2024-01-25,2150.0,1778.0289306640625,0.0
2024-01-26,2150.0,1778.0289306640625,0.0
2024-01-29,2165.0,1790.4337158203125,124705.0
2024-01-30,2250.0,1860.72802734375,375760.0
2024-01-31,2275.0,1881.4027099609375,192533.0
2024-02-01,2250.0,1860.72802734375,180128.0
2024-02-02,2215.0,1831.783447265625,97862.0
2024-02-05,2200.0,1819.3782958984375,59834.0
2024-02-06,2210.0,1827.6484375,187934.0
2024-02-07,2230.0,1844.188232421875,2865024.0
2024-02-08,2185.0,1806.9736328125,193793.0
2024-02-09,2145.0,1773.89404296875,210400.0
2024-02-12,2125.0,1757.354248046875,2688533.0
2024-02-13,2105.0,1740.814453125,100036.0
2024-02-14,2090.0,1728.4095458984375,340202.0
2024-02-15,2105.0,1740.814453125,415423.0
2024-02-16,2110.0,1744.9493408203125,92006.0
2024-02-19,2100.0,1736.679443359375,113104.0
2024-02-20,2100.0,1736.679443359375,183590.0
2024-02-21,2150.0,1778.0289306640625,1918769.0
2024-02-22,2180.0,1802.8387451171875,1513121.0
2024-02-23,2180.0,1802.8387451171875,198876.0
2024-02-26,2200.0,1819.3782958984375,394241.0
2024-02-27,2210.0,1827.6484375,446097.0
2024-02-28,2230.0,1844.188232421875,370617.0
2024-02-29,2215.0,1831.783447265625,1795262.0
2024-03-01,2245.0,1856.5928955078125,1103677.0
2024-03-04,2310.0,1910.3472900390625,2511417.0
2024-03-05,2340.0,1935.1572265625,6037623.0
2024-03-06,2330.0,1926.88720703125,1105959.0
2024-03-07,2340.0,1935.1572265625,467802.0
2024-03-08,2320.0,1918.6173095703125,462742.0
2024-03-11,2320.0,1918.6173095703125,697896.0
2024-03-12,2300.0,1902.07763671875,577564.0
2024-03-13,2280.0,1885.537841796875,4286299.0
2024-03-14,2200.0,1819.3782958984375,14418710.0
2024-03-15,2080.0,1720.1396484375,16841510.0
2024-03-18,2220.0,1835.918212890625,1321917.0
2024-03-19,2220.0,1835.918212890625,578082.0
2024-03-20,2200.0,1819.3782958984375,337358.0
2024-03-21,2230.0,1844.188232421875,1016259.0
2024-03-22,2280.0,1885.537841796875,727474.0
2024-03-25,2280.0,1885.537841796875,0.0
2024-03-26,2320.0,1918.6173095703125,653147.0
2024-03-27,2370.0,1959.9669189453125,908332.0
2024-03-28,2370.0,1959.9669189453125,0.0
2024-03-29,2370.0,1959.9669189453125,0.0
2024-04-01,2390.0,1976.5067138671875,900139.0
2024-04-02,2470.0,2042.666015625,2279287.0
2024-04-03,2495.0,2063.340576171875,781047.0
2024-04-04,2560.0,2117.09521484375,3093268.0
2024-04-05,2560.0,2117.09521484375,558896.0
2024-04-08,2580.0,2133.634765625,1111590.0
2024-04-09,2590.0,2141.904541015625,2940976.0
2024-04-10,2580.0,2133.634765625,1829104.0
2024-04-11,2610.0,2158.4443359375,6277139.0
2024-04-12,2560.0,2117.09521484375,2474641.0
2024-04-15,2550.0,2108.8251953125,2228384.0
2024-04-16,2460.0,2034.3961181640625,639527.0
2024-04-17,2360.0,1951.6968994140625,1553507.0
2024-04-18,2300.0,1902.07763671875,506752.0
2024-04-19,2305.0,1906.21240234375,372322.0
2024-04-22,2360.0,1951.6968994140625,267812.0
2024-04-23,2345.0,1939.2921142578125,434331.0
2024-04-24,2330.0,1926.88720703125,217276.0
2024-04-25,2460.0,2034.3961181640625,869538.0
2024-04-26,2450.0,2026.1260986328125,387818.0
2024-04-29,2510.0,2075.745361328125,359459.0
2024-04-30,2435.0,2013.72119140625,1198710.0
2024-05-02,2580.0,2133.634765625,2704534.0
2024-05-03,2310.0,1910.3472900390625,2511417.0
2024-05-06,2550.0,2108.8251953125,182990.0
2024-05-07,2550.0,2108.8251953125,1365347.0
2024-05-08,2500.0,2067.475341796875,2367811.0
2024-05-09,2520.0,2084.015380859375,581924.0
2024-05-10,2530.0,2092.28515625,478325.0
2024-05-14,2555.0,2112.9599609375,924866.0
2024-05-15,2520.0,2084.015380859375,316703.0
2024-05-16,2580.0,2133.634765625,1125096.0
2024-05-17,2600.0,2150.174560546875,1215416.0
2024-05-20,2570.0,2125.364990234375,811622.0
2024-05-21,2595.0,2146.039794921875,268612.0
2024-05-22,2550.0,2108.8251953125,1893464.0
2024-05-23,2550.0,2108.8251953125,0.0
2024-05-24,2565.0,2121.22998046875,336682.0
2024-05-27,2590.0,2141.904541015625,230836.0
2024-05-28,2580.0,2133.634765625,256779.0
2024-05-29,2540.0,2100.55517578125,287862.0
2024-05-30,2555.0,2112.9599609375,583868.0
2024-05-31,2545.0,2104.68994140625,7251943.0
2024-06-04,2550.0,2108.8251953125,267519.0
2024-06-05,2550.0,2108.8251953125,2497875.0
2024-06-06,2545.0,2104.68994140625,1008098.0
2024-06-07,2575.0,2129.5,322396.0
2024-06-11,2575.0,2129.5,114138.0
2024-06-12,2530.0,2092.28515625,257153.0
2024-06-13,2530.0,2092.28515625,281530.0
2024-06-14,2525.0,2088.150390625,162772.0
2024-06-17,2505.0,2071.610595703125,345927.0
2024-06-18,2485.0,2055.07080078125,584147.0
2024-06-19,2485.0,2055.07080078125,71782.0
2024-06-20,2485.0,2055.07080078125,193551.0
2024-06-21,2525.0,2088.150390625,230928.0
2024-06-24,2540.0,2100.55517578125,1115759.0
2024-06-25,2530.0,2092.28515625,375936.0
2024-06-26,2520.0,2084.015380859375,1080399.0
2024-06-27,2525.0,2088.150390625,1252924.0
2024-06-28,2500.0,2067.475341796875,1047755.0
2024-07-02,2555.0,2112.9599609375,1381212.0
2024-07-03,2540.0,2100.55517578125,237851.0
2024-07-04,2575.0,2129.5,57356.0
2024-07-05,2560.0,2117.09521484375,240436.0
2024-07-08,2565.0,2121.22998046875,253130.0
2024-07-09,2560.0,2117.09521484375,427181.0
2024-07-10,2510.0,2075.745361328125,2214032.0
2024-07-11,2570.0,2125.364990234375,543680.0
2024-07-12,2600.0,2150.174560546875,152393.0
2024-07-15,2610.0,2158.4443359375,490057.0
2024-07-16,2605.0,2154.3095703125,288686.0
2024-07-17,2595.0,2146.039794921875,620238.0
2024-07-18,2575.0,2129.5,680366.0
2024-07-19,2590.0,2141.904541015625,383557.0
2024-07-22,2600.0,2150.174560546875,1343211.0
2024-07-23,2630.0,2174.984619140625,2836279.0
2024-07-24,2500.0,2171.076171875,580047.0
2024-07-25,2505.0,2175.418701171875,292584.0
2024-07-26,2465.0,2140.68115234375,567111.0
2024-07-29,2455.0,2131.9970703125,182734.0
2024-07-30,2445.0,2123.312744140625,1833483.0
2024-07-31,2460.0,2136.33935546875,554503.0
2024-08-01,2430.0,2110.2861328125,149092.0
2024-08-02,2385.0,2071.20703125,528232.0
2024-08-05,2385.0,2071.20703125,477562.0
2024-08-06,2355.0,2045.1539306640625,316723.0
2024-08-07,2420.0,2101.60205078125,310403.0
2024-08-08,2420.0,2101.60205078125,310403.0
2024-08-09,2445.0,2123.312744140625,274129.0
2024-08-12,2400.0,2084.2333984375,249725.0
2024-08-13,2445.0,2123.312744140625,286189.0
2024-08-14,2415.0,2097.259765625,1304526.0
2024-08-15,2435.0,2114.62841796875,363201.0
2024-08-16,2470.0,2145.023681640625,1987479.0
2024-08-20,2430.0,2110.2861328125,43249.0
2024-08-21,2420.0,2101.60205078125,719441.0
2024-08-22,2400.0,2084.2333984375,1169630.0
2024-08-23,2385.0,2071.20703125,249497.0
2024-08-26,2440.0,2118.970458984375,329471.0
2024-08-27,2495.0,2166.734375,810735.0
2024-08-28,2515.0,2184.10302734375,236033.0
2024-08-29,2460.0,2136.33935546875,55153.0
2024-08-30,2530.0,2197.12939453125,1514244.0
2024-09-02,2535.0,2201.471435546875,239278.0
2024-09-03,2505.0,2175.418701171875,142230.0
2024-09-04,2510.0,2179.760498046875,644345.0
2024-09-05,2530.0,2197.12939453125,1353708.0
2024-09-06,2530.0,2197.12939453125,418573.0
2024-09-09,2515.0,2184.10302734375,684920.0
2024-09-10,2525.0,2192.787109375,67798.0
2024-09-11,2530.0,2197.12939453125,1315970.0
2024-09-12,2510.0,2179.760498046875,242045.0
2024-09-13,2520.0,2188.445068359375,1280006.0
2024-09-16,2550.0,2214.498046875,640642.0
2024-09-17,2535.0,2201.471435546875,141304.0
2024-09-18,2510.0,2179.760498046875,368763.0
2024-09-19,2575.0,2236.208740234375,2972075.0
2024-09-20,2570.0,2231.866455078125,6453093.0
2024-09-23,2495.0,2166.734375,155850.0
2024-09-24,2550.0,2214.498046875,305500.0
2024-09-25,2560.0,2223.182373046875,154996.0
2024-09-26,2560.0,2223.182373046875,225.0
2024-09-27,2505.0,2175.418701171875,107282.0
2024-09-30,2480.0,2153.707763671875,441231.0
2024-10-01,2500.0,2171.076171875,168600.0
2024-10-02,2485.0,2158.050048828125,346111.0
2024-10-03,2495.0,2166.734375,603252.0
2024-10-04,2465.0,2140.68115234375,139120.0
2024-10-07,2475.0,2149.365478515625,60627.0
2024-10-08,2470.0,2145.023681640625,73349.0
2024-10-09,2455.0,2131.9970703125,1422486.0
2024-10-10,2480.0,2153.707763671875,122845.0
2024-10-11,2495.0,2166.734375,69347.0
2024-10-15,2520.0,2188.445068359375,191777.0
2024-10-16,2570.0,2231.866455078125,459750.0
2024-10-17,2575.0,2236.208740234375,949744.0
2024-10-18,2570.0,2231.866455078125,707320.0
2024-10-21,2540.0,2205.813720703125,1257992.0
2024-10-22,2530.0,2197.12939453125,195501.0
2024-10-23,2535.0,2201.471435546875,437567.0
2024-10-24,2535.0,2201.471435546875,279591.0
2024-10-25,2540.0,2205.813720703125,224497.0
2024-10-28,2520.0,2188.445068359375,392403.0
2024-10-29,2525.0,2192.787109375,341679.0
2024-10-30,2525.0,2192.787109375,1482657.0
2024-10-31,2530.0,2197.12939453125,370592.0
2024-11-01,2525.0,2192.787109375,264365.0
2024-11-05,2535.0,2201.471435546875,744153.0
2024-11-06,2500.0,2171.076171875,1401136.0
2024-11-07,2525.0,2192.787109375,479013.0
2024-11-08,2485.0,2158.050048828125,789939.0
2024-11-12,2470.0,2145.023681640625,756019.0
2024-11-13,2480.0,2153.707763671875,1717514.0
2024-11-14,2480.0,2153.707763671875,1556507.0
2024-11-15,2480.0,2153.707763671875,387384.0
2024-11-18,2510.0,2179.760498046875,553634.0
2024-11-19,2575.0,2236.208740234375,735196.0
2024-11-20,2580.0,2240.55078125,426664.0
2024-11-21,2590.0,2249.235107421875,313839.0
2024-11-22,2550.0,2214.498046875,727898.0
2024-11-25,2600.0,2257.91943359375,3144530.0
2024-11-26,2580.0,2240.55078125,71545.0
2024-11-27,2590.0,2249.235107421875,326593.0
2024-11-28,2570.0,2231.866455078125,82899.0
2024-11-29,2580.0,2240.55078125,349456.0
2024-12-02,2600.0,2257.91943359375,409334.0
2024-12-03,2580.0,2240.55078125,521689.0
2024-12-04,2600.0,2257.91943359375,188403.0
2024-12-05,2600.0,2257.91943359375,451597.0
2024-12-06,2490.0,2272.062744140625,663973.0
2024-12-09,2480.0,2262.93798828125,690666.0
2024-12-10,2495.0,2276.625244140625,451438.0
2024-12-11,2485.0,2267.50048828125,718089.0
2024-12-12,2495.0,2276.625244140625,297036.0
2024-12-13,2510.0,2290.312255859375,1060128.0
2024-12-16,2480.0,2262.93798828125,418922.0
2024-12-17,2475.0,2258.37548828125,154279.0
2024-12-18,2450.0,2235.56396484375,540082.0
2024-12-19,2425.0,2212.751953125,779095.0
2024-12-20,2420.0,2208.189697265625,415719.0
2024-12-23,2495.0,2276.625244140625,466888.0
2024-12-24,2495.0,2276.625244140625,19536.0
2024-12-25,2495.0,2276.625244140625,0.0
2024-12-26,2450.0,2235.56396484375,68757.0
2024-12-27,2485.0,2267.50048828125,108609.0
2024-12-30,2440.0,2226.43896484375,131891.0
2024-12-31,2440.0,2226.43896484375,0.0
2025-01-02,2500.0,2281.1875,22408.0
2025-01-03,2490.0,2272.062744140625,90378.0
2025-01-07,2520.0,2299.43701171875,860642.0
2025-01-08,2515.0,2294.87451171875,222483.0
2025-01-09,2510.0,2290.312255859375,1488389.0
2025-01-10,2485.0,2267.50048828125,2693245.0
2025-01-13,2510.0,2290.312255859375,943803.0
2025-01-14,2510.0,2290.312255859375,313596.0
2025-01-15,2525.0,2303.99951171875,808363.0
2025-01-16,2525.0,2303.99951171875,547435.0
2025-01-17,2520.0,2299.43701171875,49119.0
2025-01-20,2545.0,2322.248779296875,1459879.0
2025-01-21,2545.0,2322.248779296875,0.0
2025-01-22,2565.0,2340.49853515625,276895.0
2025-01-23,2580.0,2354.185546875,1939211.0
2025-01-24,2600.0,2372.43505859375,762350.0
2025-01-27,2580.0,2354.185546875,513995.0
2025-01-28,2625.0,2395.2470703125,1316109.0
2025-01-29,2640.0,2408.93408203125,1335741.0
2025-01-30,2770.0,2527.555908203125,1865900.0
2025-01-31,2700.0,2463.6826171875,474929.0
2025-02-03,2625.0,2395.2470703125,446698.0
2025-02-04,2640.0,2408.93408203125,380113.0
2025-02-05,2610.0,2381.559814453125,627160.0
2025-02-06,2600.0,2372.43505859375,919692.0
2025-02-07,2590.0,2363.310302734375,233253.0
2025-02-10,2580.0,2354.185546875,780613.0
2025-02-11,2570.0,2345.060791015625,776985.0
2025-02-12,2555.0,2331.373779296875,1153395.0
2025-02-13,2555.0,2331.373779296875,1350053.0
2025-02-14,2585.0,2358.747802734375,178586.0
2025-02-17,2595.0,2367.872802734375,892086.0
2025-02-18,2570.0,2345.060791015625,764455.0
2025-02-19,2560.0,2335.93603515625,861661.0
2025-02-20,2680.0,2445.43310546875,2371509.0
2025-02-21,2685.0,2449.995361328125,1234211.0
2025-02-24,2770.0,2527.555908203125,1106478.0
2025-02-25,2800.0,2554.93017578125,3398704.0
2025-02-26,2900.0,2646.177490234375,3564311.0
2025-02-27,2940.0,2682.6767578125,3995529.0
2025-02-28,2875.0,2623.36572265625,10384601.0
2025-03-03,2795.0,2550.36767578125,627711.0
2025-03-04,2765.0,2522.993408203125,671931.0
2025-03-05,2760.0,2518.430908203125,961019.0
2025-03-06,2820.0,2573.179443359375,587094.0
2025-03-07,2850.0,2600.5537109375,195023.0
2025-03-10,2810.0,2564.054931640625,517308.0
2025-03-11,2775.0,2532.1181640625,568844.0
2025-03-12,2850.0,2600.5537109375,1638778.0
2025-03-13,2850.0,2600.5537109375,429879.0
2025-03-14,2860.0,2609.678466796875,313275.0
2025-03-17,2940.0,2682.6767578125,1399653.0
2025-03-18,2880.0,2627.927978515625,516307.0
2025-03-19,2900.0,2646.177490234375,494870.0
2025-03-20,2860.0,2609.678466796875,1056555.0
2025-03-21,2860.0,2609.678466796875,0.0
2025-03-24,2860.0,2609.678466796875,0.0
2025-03-25,2900.0,2646.177490234375,911055.0
2025-03-26,2890.0,2637.052734375,422569.0
2025-03-27,2865.0,2614.24072265625,1250280.0
2025-03-28,2860.0,2609.678466796875,3025786.0
2025-03-31,2850.0,2600.5537109375,632261.0
2025-04-01,2885.0,2632.490478515625,2265408.0
2025-04-02,2950.0,2691.80126953125,653164.0
2025-04-03,2995.0,2732.862548828125,1844698.0
2025-04-04,2860.0,2609.678466796875,765966.0
2025-04-07,2860.0,2609.678466796875,460812.0
2025-04-08,2810.0,2564.054931640625,1192222.0
2025-04-09,2895.0,2641.614990234375,567571.0
2025-04-10,2785.0,2541.242919921875,612345.0
2025-04-11,2790.0,2545.80517578125,434991.0
2025-04-14,2830.0,2582.30419921875,188872.0
2025-04-15,2825.0,2577.741943359375,87683.0
2025-04-16,2820.0,2573.179443359375,93962.0
2025-04-17,2820.0,2573.179443359375,0.0
2025-04-18,2820.0,2573.179443359375,0.0
2025-04-21,2750.0,2509.30615234375,474263.0
2025-04-22,2780.0,2536.680419921875,1421846.0
2025-04-23,2845.0,2595.991455078125,1018046.0
2025-04-24,2830.0,2582.30419921875,405391.0
2025-04-25,2805.0,2559.492431640625,167988.0
2025-04-28,2860.0,2609.678466796875,973131.0
2025-04-29,2895.0,2641.614990234375,370365.0
2025-04-30,2930.0,2673.5517578125,1955383.0
2025-05-01,2930.0,2673.5517578125,0.0
2025-05-02,2960.0,2700.926025390625,132996.0
2025-05-05,2970.0,2710.05078125,992084.0
2025-05-06,2930.0,2673.5517578125,1955383.0
2025-05-07,2860.0,2609.678466796875,1352794.0
2025-05-08,2970.0,2710.05078125,696646.0
2025-05-09,2940.0,2682.6767578125,274970.0
2025-05-12,2980.0,2719.175537109375,396411.0
2025-05-13,2965.0,2705.48828125,766460.0
2025-05-14,2905.0,2650.739990234375,584021.0
2025-05-15,2885.0,2632.490478515625,962920.0
2025-05-16,2895.0,2641.614990234375,223035.0
2025-05-19,2900.0,2646.177490234375,202509.0
2025-05-20,2900.0,2646.177490234375,256834.0
2025-05-21,2925.0,2668.989501953125,1678326.0
2025-05-22,2970.0,2710.05078125,325605.0
2025-05-23,2970.0,2710.05078125,397508.0
2025-05-26,2945.0,2687.239013671875,101462.0
2025-05-27,2915.0,2659.86474609375,839402.0
2025-05-28,2950.0,2691.80126953125,567346.0
2025-05-29,2985.0,2723.738037109375,301715.0
2025-05-30,2900.0,2646.177490234375,1877455.0
2025-06-03,2975.0,2714.61328125,361404.0
2025-06-04,2975.0,2714.61328125,264290.0
2025-06-05,2970.0,2710.05078125,412052.0
2025-06-06,2985.0,2723.738037109375,119611.0
2025-06-09,2930.0,2673.5517578125,282388.0
2025-06-10,2940.0,2682.6767578125,238980.0
2025-06-11,2920.0,2664.427001953125,806254.0
2025-06-12,2920.0,2664.427001953125,286471.0
2025-06-13,2910.0,2655.30224609375,493044.0
2025-06-16,2895.0,2641.614990234375,337539.0
2025-06-17,2920.0,2664.427001953125,354349.0
2025-06-18,2940.0,2682.6767578125,225717.0
2025-06-19,2940.0,2682.6767578125,165871.0
2025-06-20,2950.0,2691.80126953125,296337.0
2025-06-24,3020.0,2755.674560546875,2007373.0
2025-06-25,3020.0,2755.674560546875,509709.0
2025-06-26,3020.0,2755.674560546875,678984.0
2025-06-27,3020.0,2755.674560546875,328989.0
2025-06-30,3020.0,2755.674560546875,0.0
2025-07-01,3050.0,2783.048828125,243283.0
2025-07-02,3050.0,2783.048828125,210224.0
2025-07-03,3055.0,2787.611328125,556286.0
2025-07-04,3045.0,2778.486572265625,868884.0
2025-07-07,3045.0,2778.486572265625,431478.0
2025-07-08,3050.0,2783.048828125,232277.0
2025-07-09,3055.0,2787.611328125,720415.0
2025-07-10,3015.0,2751.1123046875,427827.0
2025-07-11,3030.0,2764.79931640625,1134383.0
2025-07-14,3040.0,2773.923828125,208555.0
2025-07-15,3075.0,2805.860595703125,1390519.0
2025-07-16,3075.0,2805.860595703125,4570108.0
2025-07-17,3065.0,2796.73583984375,1815164.0
2025-07-18,2960.0,2810.026611328125,1144933.0
2025-07-21,2970.0,2819.52001953125,540760.0
2025-07-22,2940.0,2791.0400390625,406497.0
2025-07-23,2935.0,2786.293212890625,718475.0
2025-07-24,2940.0,2791.0400390625,243191.0
2025-07-25,2930.0,2781.546630859375,425504.0
2025-07-28,2980.0,2829.01318359375,4810397.0
2025-07-29,2990.0,2838.506591796875,2142102.0
2025-07-30,2980.0,2829.01318359375,455950.0
2025-07-31,2950.0,2800.533203125,198808.0
2025-08-01,2940.0,2791.0400390625,1079557.0
2025-08-04,2940.0,2791.0400390625,0.0
2025-08-05,2930.0,2781.546630859375,773346.0
2025-08-06,2970.0,2819.52001953125,724570.0
2025-08-07,2970.0,2819.52001953125,0.0
2025-08-08,3045.0,2890.719970703125,1504736.0
2025-08-11,2990.0,2838.506591796875,191.0
2025-08-12,2975.0,2824.2666015625,727939.0
2025-08-13,2965.0,2814.773193359375,720092.0
2025-08-14,3010.0,2857.4931640625,793746.0
2025-08-15,2995.0,2843.253173828125,276680.0
2025-08-19,2990.0,2838.506591796875,2028565.0
2025-08-20,3000.0,2848.0,589792.0
2025-08-21,2940.0,2791.0400390625,1027521.0
2025-08-22,2940.0,2791.0400390625,1801755.0
2025-08-25,2960.0,2810.026611328125,906801.0
2025-08-26,2925.0,2776.800048828125,2248884.0
2025-08-27,2950.0,2800.533203125,5386226.0
2025-08-28,2940.0,2791.0400390625,1483341.0
2025-08-29,2950.0,2800.533203125,496538.0
2025-09-01,2940.0,2791.0400390625,79967.0
2025-09-02,2940.0,2791.0400390625,0.0
2025-09-03,2910.0,2762.559814453125,264665.0
2025-09-04,2955.0,2805.280029296875,1789024.0
2025-09-05,2990.0,2838.506591796875,2035511.0
2025-09-08,2985.0,2833.760009765625,332077.0
2025-09-09,2935.0,2786.293212890625,418504.0
2025-09-10,2960.0,2810.026611328125,433510.0
2025-09-11,2980.0,2829.01318359375,380224.0
2025-09-12,2925.0,2776.800048828125,128412.0
2025-09-15,2945.0,2795.78662109375,120876.0
2025-09-16,2950.0,2800.533203125,664143.0
2025-09-17,2900.0,2753.066650390625,104617.0
2025-09-18,2825.0,2681.86669921875,5146851.0
2025-09-19,2805.0,2662.8798828125,12120555.0
2025-09-22,2865.0,2719.83984375,152130.0
2025-09-23,2890.0,2743.5732421875,453200.0
2025-09-24,2905.0,2757.813232421875,295308.0
2025-09-25,2910.0,2762.559814453125,875997.0
2025-09-26,2915.0,2767.306640625,191088.0
2025-09-29,2910.0,2762.559814453125,450169.0
2025-09-30,2940.0,2791.0400390625,79967.0
2025-10-01,2925.0,2776.800048828125,351973.0
2025-10-02,2910.0,2762.559814453125,832448.0
2025-10-03,2880.0,2734.079833984375,337458.0
2025-10-06,2910.0,2762.559814453125,395130.0
2025-10-07,2900.0,2753.066650390625,80495.0
2025-10-08,2900.0,2753.066650390625,152209.0
2025-10-09,2905.0,2757.813232421875,192816.0
2025-10-10,2875.0,2729.333251953125,176015.0
2025-10-14,2910.0,2762.559814453125,126190.0
2025-10-15,2940.0,2791.0400390625,795091.0
2025-10-16,2950.0,2800.533203125,1377237.0
2025-10-17,2985.0,2833.760009765625,851232.0
2025-10-20,2980.0,2829.01318359375,1026958.0
2025-10-21,2980.0,2829.01318359375,311481.0
2025-10-22,3020.0,2866.986572265625,263828.0
2025-10-23,3060.0,2904.9599609375,1190570.0
2025-10-24,3085.0,2928.693359375,602170.0
2025-10-27,3035.0,2881.2265625,1150336.0
2025-10-28,3090.0,2933.43994140625,808842.0
2025-10-29,3105.0,2947.679931640625,2479658.0
2025-10-30,3090.0,2933.43994140625,1020070.0
2025-10-31,3150.0,2990.39990234375,436729.0
2025-11-04,3145.0,2985.6533203125,198968.0
2025-11-05,3150.0,2990.39990234375,2676069.0
2025-11-06,3180.0,3018.8798828125,1090986.0
2025-11-07,3150.0,2990.39990234375,528445.0
2025-11-10,3155.0,2995.146484375,257522.0
2025-11-11,3150.0,2990.39990234375,165161.0
2025-11-12,3175.0,3014.13330078125,739162.0
2025-11-13,3165.0,3004.639892578125,503283.0
2025-11-14,3155.0,2995.146484375,699967.0
2025-11-18,3180.0,3018.8798828125,665825.0
2025-11-19,3145.0,2985.6533203125,2409128.0
2025-11-20,3095.0,2938.1865234375,496453.0
2025-11-21,3095.0,2938.1865234375,670558.0
2025-11-24,3045.0,2890.719970703125,1556995.0
2025-11-25,3095.0,2938.1865234375,8638501.0
2025-11-26,3130.0,2971.413330078125,1594533.0
2025-11-27,3155.0,2995.146484375,1936979.0
2025-11-28,3235.0,3071.09326171875,1272677.0
2025-12-01,3210.0,3047.35986328125,1141876.0
2025-12-02,3200.0,3037.86669921875,1915142.0
2025-12-03,3145.0,2985.6533203125,198968.0
2025-12-04,3200.0,3037.86669921875,1020896.0
2025-12-05,3200.0,3037.86669921875,1028315.0
2025-12-09,3070.0,2914.453369140625,1821823.0
2025-12-10,3030.0,2876.47998046875,750300.0
2025-12-11,3000.0,2848.0,1729435.0
2025-12-12,2990.0,2838.506591796875,460500.0
2025-12-15,2980.0,2829.01318359375,803093.0
2025-12-16,2960.0,2810.026611328125,747086.0
2025-12-17,2950.0,2800.533203125,756786.0
2025-12-18,2940.0,2791.0400390625,2423675.0
2025-12-19,2880.0,2734.079833984375,2061494.0
2025-12-22,2945.0,2795.78662109375,337453.0
2025-12-23,2940.0,2791.0400390625,703473.0
2025-12-24,2985.0,2833.760009765625,381489.0
2025-12-26,3020.0,2866.986572265625,254656.0
2025-12-29,3045.0,2890.719970703125,217513.0
2025-12-30,2970.0,2819.52001953125,296115.0
2025-12-31,2970.0,2819.52001953125,0.0
2026-01-02,2990.0,2838.506591796875,498899.0
2026-01-05,3020.0,2866.986572265625,1425503.0
2026-01-06,3065.0,2909.70654296875,711216.0
2026-01-07,3055.0,2900.21337890625,312120.0
2026-01-08,3065.0,2909.70654296875,514529.0
2026-01-09,3140.0,2980.906494140625,359212.0
2026-01-13,3060.0,2904.9599609375,846807.0
2026-01-14,3090.0,2933.43994140625,971584.0
2026-01-15,3140.0,2980.906494140625,2768642.0
2026-01-16,3200.0,3037.86669921875,1495700.0
2026-01-19,3215.0,3052.106689453125,2641776.0
2026-01-20,3235.0,3071.09326171875,7233428.0
2026-01-21,3240.0,3075.83984375,6922118.0
2026-01-22,3240.0,3075.83984375,1012222.0
2026-01-23,3250.0,3085.333251953125,1088218.0
2026-01-26,3295.0,3128.05322265625,2721705.0
2026-01-27,3335.0,3166.026611328125,1048917.0
2026-01-28,3395.0,3222.986572265625,1419354.0
2026-01-29,3340.0,3170.773193359375,552420.0
2026-01-30,3275.0,3109.066650390625,1800022.0
2026-02-02,3050.0,2895.466552734375,3337008.0
2026-02-03,2985.0,2833.760009765625,2086466.0
2026-02-04,2880.0,2734.079833984375,4313483.0
2026-02-05,2830.0,2686.61328125,3777177.0
2026-02-06,2870.0,2724.586669921875,2296633.0
2026-02-09,2910.0,2762.559814453125,921389.0
2026-02-10,2985.0,2833.760009765625,979949.0
2026-02-11,2995.0,2843.253173828125,1044615.0
2026-02-12,2975.0,2824.2666015625,665328.0
2026-02-13,3015.0,2862.239990234375,3122565.0
2026-02-16,3000.0,2848.0,1288671.0
2026-02-17,3000.0,2848.0,2273037.0
2026-02-18,3020.0,2866.986572265625,2681725.0
2026-02-19,3040.0,2885.97314453125,1819851.0
2026-02-20,3040.0,2885.97314453125,798421.0
2026-02-23,2960.0,2810.026611328125,1858899.0
2026-02-24,2980.0,2829.01318359375,695316.0
2026-02-25,2905.0,2757.813232421875,1670370.0
2026-02-26,2860.0,2715.09326171875,1171419.0
2026-02-27,2790.0,2648.639892578125,6030807.0
2026-03-02,2715.0,2577.43994140625,1062491.0
2026-03-03,2720.0,2582.1865234375,2684357.0
2026-03-04,2720.0,2582.1865234375,2684357.0
2026-03-05,2760.0,2620.159912109375,747630.0
2026-03-06,2775.0,2634.39990234375,726139.0
2026-03-09,2915.0,2767.306640625,1521630.0
2026-03-11,2905.0,2757.813232421875,865648.0
2026-03-12,2805.0,2662.8798828125,1003570.0
2026-03-13,2880.0,2734.079833984375,650026.0
2026-03-16,2860.0,2715.09326171875,619481.0
2026-03-17,2860.0,2715.09326171875,432385.0
2026-03-18,2870.0,2724.586669921875,3407065.0
2026-03-19,2875.0,2729.333251953125,333553.0
2026-03-20,2940.0,2791.0400390625,7420009.0
2026-03-24,3000.0,2848.0,723343.0
2026-03-25,3020.0,2866.986572265625,842017.0
2026-03-26,2995.0,2843.253173828125,373459.0
2026-03-27,2940.0,2791.0400390625,1086296.0
2026-03-30,2945.0,2795.78662109375,284464.0
2026-03-31,2960.0,2810.026611328125,275476.0
2026-04-01,2965.0,2814.773193359375,157714.0
2026-04-02,2965.0,2814.773193359375,0.0
2026-04-03,2965.0,2814.773193359375,0.0
2026-04-06,2955.0,2805.280029296875,404876.0
2026-04-07,2950.0,2800.533203125,550350.0
2026-04-08,3015.0,2862.239990234375,1781533.0
2026-04-09,3090.0,2933.43994140625,2521186.0
2026-04-10,3090.0,2933.43994140625,2521186.0
2026-04-13,3090.0,2933.43994140625,0.0
2026-04-14,3090.0,2933.43994140625,0.0
2026-04-15,3050.0,2895.466552734375,537110.0
2026-04-16,3050.0,2895.466552734375,960743.0
2026-04-17,3090.0,2933.43994140625,1180221.0
2026-04-20,3140.0,2980.906494140625,663797.0
2026-04-21,3130.0,2971.413330078125,2297035.0
2026-04-22,3100.0,2942.933349609375,572815.0
2026-04-23,3100.0,2942.933349609375,643657.0
2026-04-24,3090.0,2933.43994140625,480037.0
2026-04-27,3045.0,2890.719970703125,890336.0
2026-04-28,3030.0,2876.47998046875,1281262.0
2026-04-29,3030.0,2876.47998046875,1052641.0
2026-04-30,3045.0,2890.719970703125,294896.0
2026-05-04,3095.0,2938.1865234375,358570.0
2026-05-05,3095.0,2938.1865234375,0.0
2026-05-06,3000.0,2848.0,836866.0
2026-05-07,3055.0,2900.21337890625,1880655.0
2026-05-08,3010.0,2857.4931640625,873404.0
2026-05-11,2970.0,2819.52001953125,576138.0
2026-05-12,2875.0,2729.333251953125,1020508.0
2026-05-13,2940.0,2791.0400390625,448072.0
2026-05-14,2985.0,2833.760009765625,1210333.0
2026-05-15,2950.0,2800.533203125,620419.0
2026-05-19,2900.0,2753.066650390625,429687.0
2026-05-20,2840.0,2696.106689453125,988441.0
2026-05-21,2840.0,2696.106689453125,661776.0
2026-05-22,2870.0,2724.586669921875,714932.0
2026-05-25,2850.0,2705.599853515625,824810.0
2026-05-26,2845.0,2700.853271484375,3085644.0
2026-05-27,2830.0,2686.61328125,1533366.0
2026-05-28,2780.0,2639.146484375,996526.0
2026-06-01,2850.0,2705.599853515625,589543.0
2026-06-02,2850.0,2705.599853515625,589543.0
2026-06-03,2830.0,2686.61328125,313730.0
2026-06-04,2820.0,2677.119873046875,538935.0
2026-06-05,3130.0,2971.413330078125,971607.0
2026-06-08,3130.0,2971.413330078125,0.0
2026-06-09,2825.0,2681.86669921875,930972.0
2026-06-10,2835.0,2691.35986328125,676983.0
2026-06-11,2950.0,2800.533203125,1158572.0
2026-06-16,3040.0,2885.97314453125,1135589.0
2026-06-17,3065.0,2909.70654296875,1380300.0
2026-06-18,3065.0,2909.70654296875,0.0
2026-06-19,3065.0,2909.70654296875,0.0
2026-06-22,3010.0,2857.4931640625,2237550.0
2026-06-23,2995.0,2843.253173828125,2618983.0
2026-06-24,2890.0,2743.5732421875,840638.0
2026-06-25,2855.0,2710.3466796875,1254010.0
2026-06-26,2905.0,2757.813232421875,1084782.0
2026-06-29,2905.0,2757.813232421875,0.0
2026-06-30,2860.0,2715.09326171875,418122.0
2026-07-01,2910.0,2762.559814453125,795144.0
2026-07-02,2905.0,2757.813232421875,851278.0
2026-07-03,2930.0,2781.546630859375,476509.0
2026-07-06,2930.0,2781.546630859375,601437.0
2026-07-07,2900.0,2753.066650390625,324998.0
2026-07-08,2900.0,2753.066650390625,627395.0
2026-07-09,2890.0,2743.5732421875,1301135.0
2026-07-10,2960.0,2810.026611328125,1157838.0
2026-07-14,2975.0,2824.2666015625,1022107.0
2026-07-15,2980.0,2829.01318359375,855356.0
2026-07-16,2990.0,2838.506591796875,487379.0
2026-07-17,3000.0,2848.0,415744.0
2026-07-21,2985.0,2833.760009765625,880655.0
2026-07-22,2970.0,2819.52001953125,1338773.0
2026-07-23,2835.0,2835.0,2015985.0
2026-07-24,2835.0,2835.0,0.0
2026-07-27,2800.0,2800.0,917853.0
2026-07-28,2800.0,2800.0,993831.0
2026-07-29,2815.0,2815.0,535313.0
2026-07-30,2820.0,2820.0,1537304.0
2026-07-31,2865.0,2865.0,1089942.0
2026-08-03,2915.0,2915.0,3396992.0
2026-08-04,2905.0,2905.0,521195.0
2026-08-05,2915.0,2915.0,628735.0
2026-08-06,2890.0,2890.0,851568.0
2026-08-07,2890.0,2890.0,0.0
2026-08-10,2865.0,2865.0,800377.0
2026-08-11,2845.0,2845.0,1280879.0
2026-08-12,2885.0,2885.0,826681.0
2026-08-13,2850.0,2850.0,787606.0
2026-08-14,2860.0,2860.0,1477211.0
2026-08-18,2845.0,2845.0,538174.0
2026-08-19,2825.0,2825.0,1429038.0
2026-08-20,2830.0,2830.0,876926.0
2026-08-21,2830.0,2830.0,431602.0
2026-08-24,2840.0,2840.0,550682.0
2026-08-25,2850.0,2850.0,794145.0
2026-08-26,2850.0,2850.0,903548.0
2026-08-27,2880.0,2880.0,1204153.0
2026-08-28,2880.0,2880.0,1022055.0
2026-08-31,2830.0,2830.0,2494943.0
2026-09-01,2850.0,2850.0,2018313.0
2026-09-02,2860.0,2860.0,1383446.0
2026-09-03,2865.0,2865.0,612217.0
2026-09-04,2875.0,2875.0,990648.0
2026-09-07,2880.0,2880.0,2108644.0
2026-09-08,2910.0,2910.0,2037198.0
2026-09-09,2940.0,2940.0,1539723.0
2026-09-10,2960.0,2960.0,1420023.0
2026-09-11,2915.0,2915.0,1146939.0
2026-09-14,3000.0,3000.0,1846100.0
2026-09-15,2960.0,2960.0,906802.0
2026-09-16,2925.0,2925.0,427530.0
2026-09-17,2905.0,2905.0,984603.0
2026-09-18,2920.0,2920.0,1399983.0
2026-09-21,3000.0,3000.0,1097035.0
2026-09-22,3060.0,3060.0,2301233.0
2026-09-23,3070.0,3070.0,660813.0
2026-09-24,3060.0,3060.0,849574.0
2026-09-25,3080.0,3080.0,881541.0
