Date,close,adjclose,volume
2014-12-01,19500.0,13832.03125,0.0
2014-12-02,19820.0,14059.013671875,427462.0
2014-12-03,19800.0,14044.83203125,417364.0
2014-12-04,19760.0,14016.455078125,297750.0
2014-12-05,19980.0,14172.5107421875,223342.0
2014-12-08,22300.0,15818.171875,0.0
2014-12-09,19500.0,13832.03125,104672.0
2014-12-10,19500.0,13832.03125,104672.0
2014-12-11,19560.0,13874.5869140625,194370.0
2014-12-12,19100.0,13548.294921875,192188.0
2014-12-15,17620.0,12498.4765625,261165.0
2014-12-16,17620.0,12498.4765625,261165.0
2014-12-17,18000.0,12768.02734375,169701.0
2014-12-18,19000.0,13477.361328125,293785.0
2014-12-19,19500.0,13832.03125,351250.0
2014-12-22,19500.0,13832.03125,0.0
2014-12-23,21020.0,14910.21484375,304449.0
2014-12-24,21380.0,15165.576171875,472688.0
2014-12-25,21220.0,15052.0830078125,160619.0
2014-12-26,20800.0,14754.162109375,93746.0
2014-12-29,20800.0,14754.162109375,0.0
2014-12-30,20220.0,14342.7470703125,135331.0
2014-12-31,20500.0,14541.3583984375,205637.0
2015-01-01,20500.0,14541.3583984375,0.0
2015-01-02,19820.0,14059.013671875,25507.0
2015-01-05,18800.0,13377.33984375,71997.0
2015-01-06,18800.0,13377.33984375,0.0
2015-01-07,18980.0,13505.4208984375,85321.0
2015-01-08,19100.0,13590.8095703125,218289.0
2015-01-09,19100.0,13590.8095703125,236987.0
2015-01-12,19820.0,14103.1298828125,0.0
2015-01-13,18800.0,13377.33984375,250018.0
2015-01-14,18800.0,13377.33984375,250018.0
2015-01-15,18520.0,13178.1044921875,1050683.0
2015-01-16,18440.0,13121.1826171875,346698.0
2015-01-19,18440.0,13121.1826171875,0.0
2015-01-20,18100.0,12879.25,931517.0
2015-01-21,18100.0,12879.25,33743.0
2015-01-22,18480.0,13149.6376953125,242786.0
2015-01-23,19000.0,13519.6533203125,106724.0
2015-01-26,19280.0,13718.888671875,381681.0
2015-01-27,19280.0,13718.888671875,381681.0
2015-01-28,19300.0,13733.1142578125,235493.0
2015-01-29,18720.0,13320.4189453125,109099.0
2015-01-30,19200.0,13661.96875,354533.0
2015-02-02,18900.0,13448.5,59744.0
2015-02-03,18900.0,13448.5,59744.0
2015-02-04,19280.0,13718.888671875,94821.0
2015-02-05,19200.0,13661.96875,350595.0
2015-02-06,19500.0,13875.435546875,374069.0
2015-02-09,19600.0,13946.5908203125,254839.0
2015-02-10,19600.0,13946.5908203125,254839.0
2015-02-11,19440.0,13832.736328125,291768.0
2015-02-12,18740.0,13334.6494140625,80791.0
2015-02-13,19000.0,13519.6533203125,301613.0
2015-02-16,19100.0,13590.8095703125,49662.0
2015-02-17,19100.0,13590.8095703125,49662.0
2015-02-18,19000.0,13519.6533203125,185307.0
2015-02-19,18980.0,13505.4208984375,35478.0
2015-02-20,18820.0,13391.578125,135503.0
2015-02-23,18380.0,13078.482421875,277577.0
2015-02-24,18380.0,13078.482421875,277577.0
2015-02-25,18020.0,12822.3212890625,208854.0
2015-02-26,18200.0,12950.404296875,80485.0
2015-02-27,18160.0,12921.939453125,353846.0
2015-03-02,18200.0,12950.404296875,90239.0
2015-03-03,18200.0,12950.404296875,90239.0
2015-03-04,17440.0,12409.6171875,249978.0
2015-03-05,17320.0,12324.234375,444012.0
2015-03-06,17220.0,12253.0751953125,317392.0
2015-03-09,16380.0,11655.365234375,271455.0
2015-03-10,16380.0,11655.365234375,271455.0
2015-03-11,16040.0,11413.431640625,207877.0
2015-03-12,16000.0,11384.970703125,185812.0
2015-03-13,16200.0,11527.28515625,378157.0
2015-03-16,16020.0,11399.205078125,2178387.0
2015-03-17,16020.0,11399.205078125,2178387.0
2015-03-18,16060.0,11427.6630859375,278254.0
2015-03-19,16640.0,11840.37109375,2491778.0
2015-03-20,16860.0,11996.91015625,208378.0
2015-03-23,18380.0,13078.482421875,0.0
2015-03-24,17360.0,12352.69140625,287561.0
2015-03-25,17360.0,12352.69140625,287561.0
2015-03-26,17200.0,12238.8447265625,47252.0
2015-03-27,16900.0,12025.3740234375,76127.0
2015-03-30,16900.0,12025.3740234375,56006.0
2015-03-31,16900.0,12025.3740234375,56006.0
2015-04-01,16640.0,11840.37109375,151024.0
2015-04-02,17280.0,12295.767578125,41650.0
2015-04-03,17360.0,12352.69140625,0.0
2015-04-06,17660.0,12566.162109375,160057.0
2015-04-07,17660.0,12566.162109375,160057.0
2015-04-08,18000.0,12808.09375,213179.0
2015-04-09,17420.0,12395.3857421875,112876.0
2015-04-10,17720.0,12608.8544921875,329241.0
2015-04-13,17800.0,12665.78125,58387.0
2015-04-14,17800.0,12713.6357421875,58387.0
2015-04-15,17360.0,12399.3642578125,151361.0
2015-04-16,17600.0,12570.7841796875,133087.0
2015-04-17,17960.0,12827.912109375,128251.0
2015-04-20,17740.0,12670.78125,115711.0
2015-04-21,17740.0,12670.78125,115711.0
2015-04-22,17400.0,12427.9326171875,282139.0
2015-04-23,17500.0,12499.361328125,117888.0
2015-04-24,17620.0,12585.068359375,247369.0
2015-04-27,18140.0,12956.4765625,226257.0
2015-04-28,18140.0,12956.4765625,226257.0
2015-04-29,18700.0,13356.462890625,828230.0
2015-04-30,18660.0,13327.88671875,384842.0
2015-05-01,18700.0,13356.462890625,3711973.0
2015-05-04,18700.0,13356.462890625,0.0
2015-05-05,18660.0,13327.88671875,138564.0
2015-05-06,18900.0,13499.3125,64663.0
2015-05-07,18460.0,13185.041015625,158303.0
2015-05-08,18000.0,12856.486328125,98605.0
2015-05-11,17440.0,12456.50390625,209381.0
2015-05-12,17440.0,12456.50390625,209381.0
2015-05-13,17400.0,12427.9326171875,266238.0
2015-05-14,16800.0,11999.384765625,239630.0
2015-05-15,16820.0,12013.6708984375,347073.0
2015-05-18,17440.0,12456.50390625,0.0
2015-05-19,17260.0,12327.9384765625,130179.0
2015-05-20,17260.0,12327.9384765625,130179.0
2015-05-21,17100.0,12213.6611328125,253128.0
2015-05-22,17020.0,12156.5205078125,330768.0
2015-05-25,16820.0,12013.6708984375,68521.0
2015-05-26,16820.0,12013.6708984375,68521.0
2015-05-27,16720.0,11942.2451171875,385011.0
2015-05-28,16880.0,12056.525390625,304381.0
2015-05-29,16520.0,11799.3955078125,218806.0
2015-06-01,16300.0,11642.2607421875,252600.0
2015-06-02,16300.0,11642.2607421875,252600.0
2015-06-03,16360.0,11685.1181640625,364497.0
2015-06-04,16580.0,11842.25,409840.0
2015-06-05,16840.0,12027.955078125,149482.0
2015-06-08,16300.0,11642.2607421875,0.0
2015-06-09,17100.0,12213.6611328125,267373.0
2015-06-10,17100.0,12213.6611328125,267373.0
2015-06-11,17000.0,12142.240234375,889339.0
2015-06-12,17200.0,12285.0849609375,799325.0
2015-06-15,17100.0,12213.6611328125,0.0
2015-06-16,17300.0,12356.5107421875,510307.0
2015-06-17,17300.0,12356.5107421875,510307.0
2015-06-18,17140.0,12242.232421875,855634.0
2015-06-19,17260.0,12327.9384765625,339456.0
2015-06-22,17100.0,12213.6611328125,0.0
2015-06-23,17120.0,12227.9453125,269686.0
2015-06-24,17320.0,12370.798828125,346618.0
2015-06-25,17380.0,12413.646484375,116698.0
2015-06-26,17100.0,12213.6611328125,136168.0
2015-06-29,17100.0,12213.6611328125,0.0
2015-06-30,17000.0,12142.240234375,301499.0
2015-07-01,17000.0,12142.240234375,301499.0
2015-07-02,16700.0,11975.15625,654938.0
2015-07-03,16740.0,12003.8388671875,318142.0
2015-07-06,17100.0,12261.9873046875,101022.0
2015-07-07,17100.0,12261.9873046875,101022.0
2015-07-08,16860.0,12089.888671875,120334.0
2015-07-09,16780.0,12032.5205078125,186068.0
2015-07-10,16780.0,12032.5205078125,111674.0
2015-07-13,16760.0,12018.1796875,139896.0
2015-07-14,16760.0,12018.1796875,139896.0
2015-07-15,16800.0,12046.8623046875,178298.0
2015-07-16,16760.0,12018.1796875,188999.0
2015-07-17,16860.0,12089.888671875,240842.0
2015-07-20,16760.0,12018.1796875,0.0
2015-07-21,16900.0,12118.5712890625,208320.0
2015-07-22,16900.0,12118.5712890625,208320.0
2015-07-23,17000.0,12190.2822265625,802292.0
2015-07-24,16980.0,12175.9384765625,495715.0
2015-07-27,16960.0,12161.5986328125,226214.0
2015-07-28,16960.0,12161.5986328125,226214.0
2015-07-29,16920.0,12132.9169921875,290066.0
2015-07-30,17120.0,12276.326171875,153214.0
2015-07-31,17300.0,12405.4033203125,107595.0
2015-08-03,16980.0,12175.9384765625,122048.0
2015-08-04,16980.0,12175.9384765625,122048.0
2015-08-05,16980.0,12175.9384765625,158087.0
2015-08-06,16700.0,11975.15625,295221.0
2015-08-07,16720.0,11989.4970703125,110773.0
2015-08-10,16400.0,11760.0341796875,137352.0
2015-08-11,16400.0,11760.0341796875,137352.0
2015-08-12,16600.0,11903.451171875,134401.0
2015-08-13,16900.0,12118.5712890625,532767.0
2015-08-14,16940.0,12147.2529296875,215110.0
2015-08-17,17080.0,12247.6455078125,0.0
2015-08-18,17340.0,12434.0859375,310701.0
2015-08-19,17340.0,12434.0859375,310701.0
2015-08-20,17140.0,12290.6708984375,538446.0
2015-08-21,17140.0,12290.6708984375,324716.0
2015-08-24,15600.0,11186.3740234375,319324.0
2015-08-25,15600.0,11186.3740234375,319324.0
2015-08-26,15020.0,10770.470703125,230297.0
2015-08-27,15400.0,11042.9599609375,129029.0
2015-08-28,16240.0,11645.3037109375,260231.0
2015-08-31,16800.0,12046.8623046875,180235.0
2015-09-01,16800.0,12046.8623046875,180235.0
2015-09-02,16240.0,11645.3037109375,121006.0
2015-09-03,16400.0,11760.0341796875,151690.0
2015-09-04,17320.0,12419.7470703125,417545.0
2015-09-07,18300.0,13122.474609375,589457.0
2015-09-08,18300.0,13122.474609375,589457.0
2015-09-09,18200.0,13050.7685546875,596693.0
2015-09-10,18080.0,12964.7197265625,1249825.0
2015-09-11,18360.0,13165.5029296875,718273.0
2015-09-14,18200.0,13050.7685546875,1304646.0
2015-09-15,18200.0,13050.7685546875,1304646.0
2015-09-16,17880.0,12821.306640625,805934.0
2015-09-17,17920.0,12849.9921875,873480.0
2015-09-18,18160.0,13022.0830078125,2415146.0
2015-09-21,17580.0,12606.181640625,59808.0
2015-09-22,17580.0,12606.181640625,59808.0
2015-09-23,17720.0,12706.5693359375,539104.0
2015-09-24,17700.0,12692.2333984375,970609.0
2015-09-25,17800.0,12763.9423828125,288588.0
2015-09-28,17920.0,12849.9921875,205513.0
2015-09-29,17920.0,12849.9921875,205513.0
2015-09-30,17600.0,12620.5244140625,96634.0
2015-10-01,17900.0,12835.6474609375,357043.0
2015-10-02,17900.0,12883.873046875,28791.0
2015-10-05,17860.0,12855.078125,101284.0
2015-10-06,17860.0,12855.078125,101284.0
2015-10-07,18000.0,12955.84765625,121103.0
2015-10-08,18060.0,12999.037109375,270310.0
2015-10-09,18040.0,12984.638671875,145432.0
2015-10-12,18000.0,12955.84765625,0.0
2015-10-13,18400.0,13243.7578125,186864.0
2015-10-14,18400.0,13243.7578125,186864.0
2015-10-15,17500.0,12595.9638671875,184687.0
2015-10-16,17380.0,12509.5927734375,157979.0
2015-10-19,17600.0,12667.9404296875,77355.0
2015-10-20,17600.0,12667.9404296875,77355.0
2015-10-21,17420.0,12538.3828125,122778.0
2015-10-22,17580.0,12653.544921875,82315.0
2015-10-23,17660.0,12711.1279296875,185415.0
2015-10-26,17920.0,12898.2724609375,267851.0
2015-10-27,17920.0,12898.2724609375,267851.0
2015-10-28,17940.0,12912.6630859375,158962.0
2015-10-29,17860.0,12855.078125,149834.0
2015-10-30,17780.0,12797.5029296875,175132.0
2015-11-02,17800.0,12811.8955078125,0.0
2015-11-03,17900.0,12883.873046875,174203.0
2015-11-04,17900.0,12883.873046875,174203.0
2015-11-05,18000.0,12955.84765625,447496.0
2015-11-06,18040.0,12984.638671875,55313.0
2015-11-09,17900.0,12883.873046875,19133.0
2015-11-10,17900.0,12883.873046875,19133.0
2015-11-11,17680.0,12725.5185546875,714923.0
2015-11-12,17580.0,12653.544921875,63323.0
2015-11-13,17000.0,12236.0830078125,270908.0
2015-11-16,16500.0,11876.1943359375,0.0
2015-11-17,15620.0,11242.7978515625,387394.0
2015-11-18,15620.0,11242.7978515625,387394.0
2015-11-19,15800.0,11372.353515625,266087.0
2015-11-20,15760.0,11343.5654296875,544347.0
2015-11-23,16340.0,11761.03125,118294.0
2015-11-24,16340.0,11761.03125,118294.0
2015-11-25,15480.0,11142.0302734375,340309.0
2015-11-26,14700.0,10580.607421875,505274.0
2015-11-27,14700.0,10580.607421875,67725.0
2015-11-30,15640.0,11257.19140625,945688.0
2015-12-01,15640.0,11257.19140625,945688.0
2015-12-02,15100.0,10868.5146484375,192136.0
2015-12-03,14900.0,10724.5634765625,130592.0
2015-12-04,14380.0,10350.2822265625,80807.0
2015-12-07,13800.0,9932.8173828125,191740.0
2015-12-08,13800.0,9932.8173828125,191740.0
2015-12-09,14400.0,10364.6796875,250286.0
2015-12-10,14400.0,10364.6796875,250286.0
2015-12-11,14900.0,10724.5634765625,140399.0
2015-12-14,15400.0,11084.44921875,915066.0
2015-12-15,15400.0,11084.44921875,915066.0
2015-12-16,15620.0,11242.7978515625,514740.0
2015-12-17,15980.0,11501.9130859375,87049.0
2015-12-18,16000.0,11516.30859375,152819.0
2015-12-21,15980.0,11501.9130859375,40551.0
2015-12-22,15980.0,11501.9130859375,40551.0
2015-12-23,15760.0,11343.5654296875,10857622.0
2015-12-24,16000.0,11516.30859375,198036.0
2015-12-25,16120.0,11602.6845703125,51725.0
2015-12-28,16400.0,11804.220703125,69958.0
2015-12-29,16400.0,11804.220703125,69958.0
2015-12-30,16200.0,11660.265625,36948.0
2015-12-31,16200.0,11660.265625,175343.0
2016-01-01,16200.0,11660.265625,0.0
2016-01-04,15800.0,11372.353515625,37502.0
2016-01-05,15800.0,11372.353515625,37502.0
2016-01-06,16200.0,11660.265625,119796.0
2016-01-07,16200.0,11708.6904296875,119796.0
2016-01-08,15600.0,11275.0341796875,62460.0
2016-01-11,15500.0,11202.7568359375,0.0
2016-01-12,15500.0,11202.7568359375,145377.0
2016-01-13,15500.0,11202.7568359375,145377.0
2016-01-14,15780.0,11405.1279296875,254036.0
2016-01-15,16180.0,11694.232421875,548964.0
2016-01-18,14980.0,10826.923828125,120712.0
2016-01-19,14980.0,10826.923828125,120712.0
2016-01-20,15100.0,10913.6533203125,155550.0
2016-01-21,15300.0,11058.203125,218411.0
2016-01-22,15580.0,11260.5771484375,206852.0
2016-01-25,15880.0,11477.4072265625,197338.0
2016-01-26,15880.0,11477.4072265625,197338.0
2016-01-27,16000.0,11564.134765625,243426.0
2016-01-28,16220.0,11723.142578125,199588.0
2016-01-29,16400.0,11853.240234375,269600.0
2016-02-01,16660.0,12041.1552734375,173886.0
2016-02-02,16660.0,12041.1552734375,173886.0
2016-02-03,16600.0,11997.791015625,130904.0
2016-02-04,16760.0,12113.4306640625,166405.0
2016-02-05,17000.0,12286.896484375,256234.0
2016-02-08,17100.0,12359.173828125,61804.0
2016-02-09,17100.0,12359.173828125,61804.0
2016-02-10,17400.0,12575.9990234375,272712.0
2016-02-11,17540.0,12677.18359375,3244149.0
2016-02-12,17500.0,12648.2744140625,406910.0
2016-02-15,17200.0,12431.443359375,68247.0
2016-02-16,17200.0,12431.443359375,68247.0
2016-02-17,17080.0,12344.712890625,310733.0
2016-02-18,17900.0,12937.3779296875,272093.0
2016-02-19,17880.0,12922.9267578125,411793.0
2016-02-22,17960.0,12980.7421875,123728.0
2016-02-23,17960.0,12980.7421875,123728.0
2016-02-24,17720.0,12807.2802734375,191012.0
2016-02-25,17860.0,12908.4677734375,284182.0
2016-02-26,17920.0,12951.8330078125,472666.0
2016-02-29,17900.0,12937.3779296875,224430.0
2016-03-01,17900.0,12937.3779296875,224430.0
2016-03-02,18160.0,13125.29296875,343471.0
2016-03-03,18200.0,13154.205078125,508027.0
2016-03-04,18400.0,13298.7587890625,348904.0
2016-03-07,18100.0,13081.9326171875,102434.0
2016-03-08,18100.0,13081.9326171875,102434.0
2016-03-09,17700.0,12792.826171875,213537.0
2016-03-10,17720.0,12807.2802734375,545322.0
2016-03-11,17640.0,12749.4580078125,315280.0
2016-03-14,17680.0,12778.3681640625,73378.0
2016-03-15,17680.0,12778.3681640625,73378.0
2016-03-16,17700.0,12792.826171875,286994.0
2016-03-17,17900.0,12937.3779296875,234588.0
2016-03-18,19680.0,14223.884765625,1636747.0
2016-03-21,19680.0,14223.884765625,0.0
2016-03-22,19000.0,13732.4130859375,430598.0
2016-03-23,19000.0,13732.4130859375,430598.0
2016-03-24,19440.0,14050.4267578125,78448.0
2016-03-25,19440.0,14050.4267578125,0.0
2016-03-28,19440.0,14050.4267578125,0.0
2016-03-29,19340.0,13978.1474609375,362928.0
2016-03-30,19340.0,13978.1474609375,362928.0
2016-03-31,19480.0,14079.337890625,337592.0
2016-04-01,20060.0,14498.533203125,1001333.0
2016-04-04,20900.0,15105.6513671875,481927.0
2016-04-05,20900.0,15105.6513671875,481927.0
2016-04-06,20200.0,14599.724609375,239780.0
2016-04-07,20180.0,14585.2646484375,430623.0
2016-04-08,20140.0,14556.357421875,87412.0
2016-04-11,20020.0,14469.626953125,189277.0
2016-04-12,20020.0,14469.626953125,189277.0
2016-04-13,20500.0,14869.84375,189079.0
2016-04-14,19940.0,14463.642578125,282259.0
2016-04-15,20200.0,14652.2373046875,229960.0
2016-04-18,19340.0,14028.42578125,425719.0
2016-04-19,19340.0,14028.42578125,425719.0
2016-04-20,19600.0,14217.021484375,97745.0
2016-04-21,19940.0,14463.642578125,136715.0
2016-04-22,19700.0,14289.5576171875,215204.0
2016-04-25,19380.0,14057.4384765625,409120.0
2016-04-26,19380.0,14057.4384765625,409120.0
2016-04-27,19600.0,14217.021484375,271763.0
2016-04-28,19340.0,14028.42578125,38278.0
2016-04-29,19280.0,13984.9111328125,176501.0
2016-05-02,19040.0,13810.81640625,145375.0
2016-05-03,19040.0,13810.81640625,145375.0
2016-05-04,18180.0,13187.0126953125,112475.0
2016-05-05,18000.0,13056.4462890625,145123.0
2016-05-06,17540.0,12722.7822265625,98866.0
2016-05-09,17200.0,12476.16015625,0.0
2016-05-10,18000.0,13056.4462890625,413766.0
2016-05-11,18000.0,13056.4462890625,413766.0
2016-05-12,18100.0,13128.9814453125,307532.0
2016-05-13,18560.0,13462.646484375,520139.0
2016-05-16,18820.0,13651.2373046875,188256.0
2016-05-17,18820.0,13651.2373046875,188256.0
2016-05-18,18680.0,13549.693359375,163755.0
2016-05-19,18000.0,13056.4462890625,280313.0
2016-05-20,17700.0,12838.841796875,136751.0
2016-05-23,18000.0,13056.4462890625,192918.0
2016-05-24,18000.0,13056.4462890625,192918.0
2016-05-25,18000.0,13056.4462890625,100379.0
2016-05-26,17700.0,12838.841796875,114447.0
2016-05-27,17540.0,12722.7822265625,271918.0
2016-05-30,17500.0,12693.7666015625,0.0
2016-05-31,17280.0,12534.1904296875,712546.0
2016-06-01,17280.0,12534.1904296875,712546.0
2016-06-02,17820.0,12925.8818359375,261692.0
2016-06-03,17920.0,12998.4228515625,145313.0
2016-06-06,17780.0,12896.8701171875,0.0
2016-06-07,18100.0,13128.9814453125,135282.0
2016-06-08,18100.0,13128.9814453125,135282.0
2016-06-09,18700.0,13564.1982421875,297423.0
2016-06-10,18600.0,13491.658203125,206351.0
2016-06-13,18280.0,13259.5478515625,37151.0
2016-06-14,18280.0,13259.5478515625,0.0
2016-06-15,18160.0,13172.5009765625,144965.0
2016-06-16,18060.0,13099.9697265625,542697.0
2016-06-17,18100.0,13128.9814453125,56089.0
2016-06-20,18200.0,13201.51953125,151309.0
2016-06-21,18200.0,13201.51953125,151309.0
2016-06-22,18680.0,13549.693359375,311556.0
2016-06-23,18780.0,13622.224609375,489399.0
2016-06-24,18660.0,13535.181640625,171970.0
2016-06-27,18380.0,13332.0810546875,56905.0
2016-06-28,18380.0,13332.0810546875,56905.0
2016-06-29,18240.0,13230.533203125,127919.0
2016-06-30,18400.0,13346.591796875,43910.0
2016-07-01,18500.0,13419.125,204714.0
2016-07-04,18500.0,13419.125,0.0
2016-07-05,18500.0,13419.125,59471.0
2016-07-06,18500.0,13471.0078125,59471.0
2016-07-07,18600.0,13543.826171875,116696.0
2016-07-08,18600.0,13543.826171875,190260.0
2016-07-11,18740.0,13645.7666015625,82272.0
2016-07-12,18740.0,13645.7666015625,82272.0
2016-07-13,18800.0,13689.4599609375,313527.0
2016-07-14,18860.0,13733.14453125,376684.0
2016-07-15,19080.0,13893.3388671875,388442.0
2016-07-18,19480.0,14184.609375,251516.0
2016-07-19,19480.0,14184.609375,251516.0
2016-07-20,19500.0,14199.169921875,451522.0
2016-07-21,19040.0,13864.2119140625,111937.0
2016-07-22,19040.0,13864.2119140625,111937.0
2016-07-25,18900.0,13762.2685546875,75462.0
2016-07-26,18900.0,13762.2685546875,75462.0
2016-07-27,18900.0,13762.2685546875,43646.0
2016-07-28,19080.0,13893.3388671875,122826.0
2016-07-29,19020.0,13849.65234375,81344.0
2016-08-01,18620.0,13558.3828125,204425.0
2016-08-02,18620.0,13558.3828125,204425.0
2016-08-03,18680.0,13602.0771484375,95824.0
2016-08-04,18500.0,13471.0078125,131310.0
2016-08-05,18700.0,13616.642578125,95400.0
2016-08-08,18800.0,13689.4599609375,160305.0
2016-08-09,18800.0,13689.4599609375,160305.0
2016-08-10,18900.0,13762.2685546875,296858.0
2016-08-11,18900.0,13762.2685546875,200045.0
2016-08-12,19000.0,13835.0927734375,272280.0
2016-08-15,18820.0,13704.0185546875,0.0
2016-08-16,19240.0,14009.84765625,265374.0
2016-08-17,19240.0,14009.84765625,265374.0
2016-08-18,19340.0,14082.6630859375,179181.0
2016-08-19,19500.0,14199.169921875,123222.0
2016-08-22,19220.0,13995.2861328125,92194.0
2016-08-23,19220.0,13995.2861328125,92194.0
2016-08-24,19380.0,14111.7890625,124966.0
2016-08-25,19600.0,14271.986328125,373586.0
2016-08-26,19700.0,14344.7998046875,267228.0
2016-08-29,19420.0,14140.919921875,250830.0
2016-08-30,19420.0,14140.919921875,250830.0
2016-08-31,19500.0,14199.169921875,254128.0
2016-09-01,19720.0,14359.36328125,433227.0
2016-09-02,19800.0,14417.6171875,86745.0
2016-09-05,20200.0,14708.8876953125,199556.0
2016-09-06,20200.0,14708.8876953125,199556.0
2016-09-07,20360.0,14825.388671875,203712.0
2016-09-08,20480.0,14912.76953125,503484.0
2016-09-09,20460.0,14898.208984375,271915.0
2016-09-12,19860.0,14461.3154296875,186655.0
2016-09-13,19860.0,14461.3154296875,186655.0
2016-09-14,19480.0,14184.609375,61994.0
2016-09-15,19880.0,14475.873046875,363391.0
2016-09-16,19680.0,14330.2373046875,174651.0
2016-09-19,19160.0,13951.595703125,287731.0
2016-09-20,19160.0,13951.595703125,287731.0
2016-09-21,19080.0,13893.3388671875,185547.0
2016-09-22,19100.0,13907.90234375,207285.0
2016-09-23,19500.0,14199.169921875,224506.0
2016-09-26,19520.0,14213.7333984375,159740.0
2016-09-27,19520.0,14213.7333984375,159740.0
2016-09-28,19060.0,13878.779296875,222882.0
2016-09-29,19040.0,13864.2119140625,382749.0
2016-09-30,19140.0,13937.029296875,295447.0
2016-10-03,18440.0,13427.3173828125,132502.0
2016-10-04,18440.0,13427.3173828125,132502.0
2016-10-05,18280.0,13310.8125,155789.0
2016-10-06,18620.0,13611.4375,271287.0
2016-10-07,18800.0,13743.0244140625,321975.0
2016-10-10,19180.0,14020.8076171875,87117.0
2016-10-11,19180.0,14020.8076171875,87117.0
2016-10-12,19400.0,14181.6279296875,110307.0
2016-10-13,19300.0,14108.533203125,425398.0
2016-10-14,19140.0,13991.5654296875,172066.0
2016-10-17,18660.0,13640.685546875,0.0
2016-10-18,19000.0,13889.2265625,118760.0
2016-10-19,19000.0,13889.2265625,118760.0
2016-10-20,19080.0,13947.7060546875,170482.0
2016-10-21,18860.0,13786.8828125,180297.0
2016-10-24,18800.0,13743.0244140625,90889.0
2016-10-25,18800.0,13743.0244140625,90889.0
2016-10-26,18780.0,13728.400390625,107969.0
2016-10-27,18780.0,13728.400390625,95514.0
2016-10-28,18980.0,13874.603515625,138138.0
2016-10-31,19500.0,14254.73046875,346170.0
2016-11-01,19500.0,14254.73046875,346170.0
2016-11-02,19400.0,14181.6279296875,99997.0
2016-11-03,19400.0,14181.6279296875,171995.0
2016-11-04,18920.0,13830.740234375,147826.0
2016-11-07,18900.0,13816.1201171875,0.0
2016-11-08,19100.0,13962.3251953125,246290.0
2016-11-09,19100.0,13962.3251953125,246290.0
2016-11-10,19180.0,14020.8076171875,198851.0
2016-11-11,18720.0,13684.5390625,317528.0
2016-11-14,18200.0,13304.4150390625,0.0
2016-11-15,18260.0,13348.2763671875,304022.0
2016-11-16,18780.0,13728.400390625,298587.0
2016-11-17,18740.0,13699.1630859375,405883.0
2016-11-18,18800.0,13743.0244140625,151853.0
2016-11-21,19000.0,13889.2265625,68109.0
2016-11-22,19000.0,13889.2265625,326460.0
2016-11-23,18740.0,13699.1630859375,159131.0
2016-11-24,18900.0,13816.1201171875,60931.0
2016-11-25,18340.0,13406.7578125,128441.0
2016-11-28,18500.0,13523.71875,205052.0
2016-11-29,18200.0,13304.4150390625,192394.0
2016-11-30,18020.0,13172.8349609375,908561.0
2016-12-01,18300.0,13377.5185546875,209040.0
2016-12-02,18340.0,13406.7578125,55353.0
2016-12-05,18540.0,13552.9599609375,85759.0
2016-12-06,18560.0,13567.5771484375,135655.0
2016-12-07,18240.0,13333.65625,65051.0
2016-12-08,18240.0,13333.65625,0.0
2016-12-09,18480.0,13509.099609375,166429.0
2016-12-12,18400.0,13450.6181640625,79954.0
2016-12-13,18860.0,13786.8828125,2228415.0
2016-12-14,18700.0,13669.9228515625,162069.0
2016-12-15,18700.0,13669.9228515625,113427.0
2016-12-16,18460.0,13494.4775390625,362413.0
2016-12-19,18660.0,13640.685546875,264169.0
2016-12-20,18640.0,13626.0615234375,202350.0
2016-12-21,18800.0,13743.0244140625,157357.0
2016-12-22,18900.0,13816.1201171875,228341.0
2016-12-23,18900.0,13816.1201171875,79478.0
2016-12-26,19100.0,13962.3251953125,60602.0
2016-12-27,18800.0,13743.0244140625,14258.0
2016-12-28,19500.0,14254.73046875,101405.0
2016-12-29,19280.0,14093.9052734375,116161.0
2016-12-30,19280.0,14093.9052734375,0.0
2017-01-02,19000.0,13889.2265625,3553.0
2017-01-03,19120.0,13976.947265625,25929.0
2017-01-04,19700.0,14454.8017578125,141760.0
2017-01-05,19680.0,14440.123046875,232107.0
2017-01-06,19740.0,14484.1474609375,135658.0
2017-01-09,19740.0,14484.1474609375,0.0
2017-01-10,19680.0,14440.123046875,117223.0
2017-01-11,19520.0,14322.7255859375,242736.0
2017-01-12,19500.0,14308.05078125,157221.0
2017-01-13,19600.0,14381.4267578125,40191.0
2017-01-16,19320.0,14175.9765625,37444.0
2017-01-17,19460.0,14278.6982421875,51962.0
2017-01-18,19500.0,14308.05078125,43781.0
2017-01-19,19440.0,14264.0205078125,91517.0
2017-01-20,19480.0,14293.3759765625,102743.0
2017-01-23,19360.0,14205.3251953125,103708.0
2017-01-24,19780.0,14513.4970703125,184123.0
2017-01-25,19600.0,14381.4267578125,174436.0
2017-01-26,19680.0,14440.123046875,123718.0
2017-01-27,19600.0,14381.4267578125,134271.0
2017-01-30,19420.0,14249.3505859375,101909.0
2017-01-31,19360.0,14205.3251953125,749111.0
2017-02-01,19500.0,14308.05078125,120241.0
2017-02-02,19800.0,14528.17578125,231168.0
2017-02-03,19900.0,14601.548828125,75618.0
2017-02-06,19940.0,14630.8984375,106252.0
2017-02-07,19900.0,14601.548828125,64610.0
2017-02-08,19500.0,14308.05078125,447275.0
2017-02-09,19240.0,14117.27734375,130486.0
2017-02-10,19220.0,14102.599609375,158924.0
2017-02-13,19600.0,14381.4267578125,108949.0
2017-02-14,19280.0,14146.6259765625,230517.0
2017-02-15,19440.0,14264.0205078125,222568.0
2017-02-16,19660.0,14425.447265625,119596.0
2017-02-17,19700.0,14454.8017578125,326535.0
2017-02-20,19660.0,14425.447265625,5352.0
2017-02-21,19760.0,14498.8232421875,102153.0
2017-02-22,19580.0,14366.7529296875,89896.0
2017-02-23,19800.0,14528.17578125,262768.0
2017-02-24,19860.0,14572.2001953125,60423.0
2017-02-27,19880.0,14586.87109375,86138.0
2017-02-28,19760.0,14498.8232421875,2286034.0
2017-03-01,19880.0,14586.87109375,59309.0
2017-03-02,19800.0,14528.17578125,418190.0
2017-03-03,19860.0,14572.2001953125,52457.0
2017-03-06,19840.0,14557.52734375,43884.0
2017-03-07,19920.0,14616.2216796875,168908.0
2017-03-08,19760.0,14498.8232421875,3875023.0
2017-03-09,19900.0,14601.548828125,207728.0
2017-03-10,19900.0,14601.548828125,123223.0
2017-03-13,19960.0,14645.57421875,96408.0
2017-03-14,19640.0,14410.7724609375,161278.0
2017-03-15,19740.0,14484.1474609375,81960.0
2017-03-16,20140.0,14777.646484375,526668.0
2017-03-17,20000.0,14674.9228515625,1557241.0
2017-03-20,20000.0,14674.9228515625,0.0
2017-03-21,19900.0,14601.548828125,169850.0
2017-03-22,19960.0,14645.57421875,164909.0
2017-03-23,20160.0,14792.3232421875,309797.0
2017-03-24,20000.0,14674.9228515625,100202.0
2017-03-27,19980.0,14660.244140625,64557.0
2017-03-28,19960.0,14645.57421875,103626.0
2017-03-29,20140.0,14777.646484375,145756.0
2017-03-30,20260.0,14865.6962890625,306100.0
2017-03-31,20240.0,14851.017578125,180145.0
2017-04-03,20260.0,14865.6962890625,190070.0
2017-04-04,20220.0,14836.34375,114686.0
2017-04-05,20480.0,15027.123046875,156135.0
2017-04-06,20420.0,14983.095703125,93283.0
2017-04-07,20400.0,14968.423828125,251730.0
2017-04-10,20360.0,14939.0654296875,65038.0
2017-04-11,20280.0,14937.228515625,131486.0
2017-04-12,20440.0,15055.0771484375,237694.0
2017-04-13,20440.0,15055.0771484375,0.0
2017-04-14,20440.0,15055.0771484375,0.0
2017-04-17,20360.0,14996.1484375,65126.0
2017-04-18,20400.0,15025.619140625,119332.0
2017-04-19,20420.0,15040.345703125,193782.0
2017-04-20,20400.0,15025.619140625,118718.0
2017-04-21,20400.0,15025.619140625,111585.0
2017-04-24,20260.0,14922.4990234375,63925.0
2017-04-25,20580.0,15158.197265625,223119.0
2017-04-26,20500.0,15099.26953125,164013.0
2017-04-27,20300.0,14951.9580078125,169845.0
2017-04-28,20400.0,15025.619140625,237648.0
2017-05-01,20400.0,15025.619140625,0.0
2017-05-02,20300.0,14951.9580078125,144951.0
2017-05-03,20200.0,14878.3056640625,66869.0
2017-05-04,20180.0,14863.572265625,272005.0
2017-05-05,20500.0,15099.26953125,276695.0
2017-05-08,20800.0,15320.2392578125,220620.0
2017-05-09,20760.0,15290.7744140625,317791.0
2017-05-10,20700.0,15246.5830078125,276446.0
2017-05-11,20800.0,15320.2392578125,138923.0
2017-05-12,21200.0,15614.857421875,611346.0
2017-05-16,20980.0,15452.8193359375,221875.0
2017-05-17,20800.0,15320.2392578125,385791.0
2017-05-18,20540.0,15128.736328125,141209.0
2017-05-19,20740.0,15276.0458984375,165086.0
2017-05-22,20660.0,15217.1171875,122478.0
2017-05-23,21000.0,15467.5478515625,247904.0
2017-05-24,21120.0,15555.931640625,339699.0
2017-05-25,21220.0,15629.5888671875,195970.0
2017-05-26,21400.0,15762.1689453125,256820.0
2017-05-29,21400.0,15762.1689453125,0.0
2017-05-30,21240.0,15644.3115234375,99220.0
2017-05-31,20940.0,15423.357421875,823076.0
2017-06-01,21000.0,15467.5478515625,168382.0
2017-06-02,21200.0,15614.857421875,66116.0
2017-06-05,21200.0,15614.857421875,128474.0
2017-06-06,21040.0,15497.009765625,88049.0
2017-06-07,21380.0,15747.4375,153234.0
2017-06-08,21040.0,15497.009765625,282251.0
2017-06-09,21240.0,15644.3115234375,84855.0
2017-06-12,21020.0,15482.2783203125,74668.0
2017-06-13,21000.0,15467.5478515625,88276.0
2017-06-14,21400.0,15762.1689453125,151846.0
2017-06-15,21240.0,15644.3115234375,47854.0
2017-06-16,21400.0,15762.1689453125,224693.0
2017-06-19,21400.0,15762.1689453125,0.0
2017-06-20,20940.0,15423.357421875,97501.0
2017-06-21,21000.0,15467.5478515625,337386.0
2017-06-22,21200.0,15614.857421875,100378.0
2017-06-23,20860.0,15364.4248046875,74449.0
2017-06-26,20860.0,15364.4248046875,0.0
2017-06-27,20620.0,15187.658203125,253209.0
2017-06-28,20860.0,15364.4248046875,21825.0
2017-06-29,20880.0,15379.15234375,57855.0
2017-06-30,20740.0,15276.0458984375,353100.0
2017-07-03,20740.0,15276.0458984375,0.0
2017-07-04,20900.0,15393.8896484375,66586.0
2017-07-06,21200.0,15614.857421875,134324.0
2017-07-07,21180.0,15600.1240234375,26833.0
2017-07-10,21120.0,15555.931640625,27656.0
2017-07-11,20900.0,15393.8896484375,85322.0
2017-07-12,21180.0,15600.1240234375,186251.0
2017-07-13,21300.0,15688.5126953125,342736.0
2017-07-14,21200.0,15614.857421875,114945.0
2017-07-17,21320.0,15703.2421875,140857.0
2017-07-18,21180.0,15600.1240234375,58931.0
2017-07-19,21100.0,15541.203125,114133.0
2017-07-20,21100.0,15541.203125,0.0
2017-07-21,21200.0,15614.857421875,19484.0
2017-07-24,21300.0,15688.5126953125,186800.0
2017-07-25,21320.0,15703.2421875,301717.0
2017-07-26,21460.0,15806.357421875,83251.0
2017-07-27,21600.0,15909.474609375,173906.0
2017-07-28,21480.0,15821.08984375,144894.0
2017-07-31,21480.0,15821.08984375,396025.0
2017-08-01,21260.0,15659.046875,74439.0
2017-08-02,21480.0,15821.08984375,50044.0
2017-08-03,21460.0,15806.357421875,157468.0
2017-08-04,21360.0,15732.70703125,47482.0
2017-08-07,21360.0,15732.70703125,0.0
2017-08-08,21420.0,15776.896484375,83170.0
2017-08-09,21300.0,15688.5126953125,163906.0
2017-08-10,21360.0,15732.70703125,44569.0
2017-08-11,21200.0,15614.857421875,64671.0
2017-08-14,20980.0,15452.8193359375,178228.0
2017-08-15,21140.0,15570.662109375,31780.0
2017-08-16,21420.0,15776.896484375,229260.0
2017-08-17,21300.0,15688.5126953125,284623.0
2017-08-18,21420.0,15776.896484375,16967.0
2017-08-21,21420.0,15776.896484375,0.0
2017-08-22,21780.0,16042.0546875,139251.0
2017-08-23,21540.0,15865.283203125,55204.0
2017-08-24,21680.0,15968.3984375,86033.0
2017-08-25,21800.0,16056.7880859375,111074.0
2017-08-28,21880.0,16115.7158203125,81802.0
2017-08-29,21780.0,16042.0546875,120889.0
2017-08-30,21520.0,15850.5546875,71093.0
2017-08-31,20980.0,15452.8193359375,1866696.0
2017-09-01,20980.0,15452.8193359375,0.0
2017-09-04,20660.0,15217.1171875,142887.0
2017-09-05,20880.0,15379.15234375,251236.0
2017-09-06,20820.0,15334.9677734375,104737.0
2017-09-07,20740.0,15276.0458984375,95215.0
2017-09-08,20960.0,15438.087890625,207337.0
2017-09-11,20780.0,15305.5068359375,152744.0
2017-09-12,20500.0,15099.26953125,754951.0
2017-09-13,20560.0,15143.4658203125,257939.0
2017-09-14,20800.0,15320.2392578125,459869.0
2017-09-15,20780.0,15305.5068359375,9442776.0
2017-09-18,21220.0,15629.5888671875,2937762.0
2017-09-19,21180.0,15600.1240234375,298985.0
2017-09-20,21000.0,15467.5478515625,530466.0
2017-09-21,20800.0,15320.2392578125,364815.0
2017-09-22,20700.0,15246.5830078125,395143.0
2017-09-25,20640.0,15202.388671875,783278.0
2017-09-26,20760.0,15290.7744140625,56786.0
2017-09-27,21020.0,15482.2783203125,808089.0
2017-09-28,21000.0,15467.5478515625,882981.0
2017-09-29,21120.0,15555.931640625,697361.0
2017-10-02,21120.0,15555.931640625,190110.0
2017-10-03,20840.0,15349.7021484375,190488.0
2017-10-04,20840.0,15349.7021484375,97276.0
2017-10-05,20960.0,15438.087890625,53217.0
2017-10-06,21100.0,15598.8779296875,119303.0
2017-10-09,21100.0,15598.8779296875,42699.0
2017-10-10,21000.0,15524.9501953125,149247.0
2017-10-11,21100.0,15598.8779296875,122650.0
2017-10-12,20880.0,15436.2275390625,83210.0
2017-10-13,20880.0,15436.2275390625,83210.0
2017-10-16,20880.0,15436.2275390625,0.0
2017-10-17,20880.0,15436.2275390625,369162.0
2017-10-18,20800.0,15377.09765625,100663.0
2017-10-19,20720.0,15317.953125,189700.0
2017-10-20,20620.0,15244.021484375,204824.0
2017-10-23,20400.0,15081.3828125,450615.0
2017-10-24,20420.0,15096.1640625,262035.0
2017-10-25,20760.0,15347.5224609375,213812.0
2017-10-26,20500.0,15155.3056640625,415850.0
2017-10-27,20360.0,15051.8017578125,358392.0
2017-10-30,20580.0,15214.4521484375,99163.0
2017-10-31,19840.0,14667.3837890625,580439.0
2017-11-01,20300.0,15007.447265625,200234.0
2017-11-02,20080.0,14844.80859375,65452.0
2017-11-03,19980.0,14770.876953125,163696.0
2017-11-06,19980.0,14770.876953125,0.0
2017-11-07,20480.0,15140.525390625,69159.0
2017-11-08,20160.0,14903.953125,19820.0
2017-11-09,20220.0,14948.3056640625,146900.0
2017-11-10,20040.0,14815.2421875,87386.0
2017-11-13,20040.0,14815.2421875,0.0
2017-11-14,19980.0,14770.876953125,232407.0
2017-11-15,20320.0,15022.2333984375,195100.0
2017-11-16,20320.0,15022.2333984375,342677.0
2017-11-17,20300.0,15007.447265625,46259.0
2017-11-20,20400.0,15081.3828125,40635.0
2017-11-21,20240.0,14963.0908203125,65132.0
2017-11-22,20440.0,15110.951171875,81197.0
2017-11-23,20400.0,15081.3828125,18511.0
2017-11-24,20380.0,15066.5927734375,68818.0
2017-11-27,20380.0,15066.5927734375,106365.0
2017-11-28,20480.0,15140.525390625,163645.0
2017-11-29,20260.0,14977.87890625,319655.0
2017-11-30,20480.0,15140.525390625,582502.0
2017-12-01,20300.0,15007.447265625,305525.0
2017-12-04,20460.0,15125.736328125,32764.0
2017-12-05,20480.0,15140.525390625,47212.0
2017-12-06,20420.0,15096.1640625,515168.0
2017-12-07,20400.0,15081.3828125,143661.0
2017-12-08,20400.0,15081.3828125,0.0
2017-12-12,20300.0,15007.447265625,350784.0
2017-12-13,20340.0,15037.021484375,590627.0
2017-12-14,20340.0,15037.021484375,0.0
2017-12-15,20460.0,15125.736328125,812464.0
2017-12-18,20400.0,15081.3828125,197760.0
2017-12-19,20380.0,15066.5927734375,633683.0
2017-12-20,20560.0,15199.66796875,705859.0
2017-12-21,20680.0,15288.3779296875,189910.0
2017-12-22,20780.0,15362.310546875,1258056.0
2017-12-25,20780.0,15362.310546875,0.0
2017-12-26,20580.0,15214.4521484375,253421.0
2017-12-27,20640.0,15258.80859375,73772.0
2017-12-28,20880.0,15436.2275390625,125326.0
2017-12-29,20880.0,15436.2275390625,125326.0
2018-01-01,20880.0,15436.2275390625,0.0
2018-01-02,20780.0,15362.310546875,11179.0
2018-01-03,20580.0,15214.4521484375,14435.0
2018-01-05,20880.0,15494.5830078125,204220.0
2018-01-08,20880.0,15494.5830078125,0.0
2018-01-09,20880.0,15494.5830078125,101923.0
2018-01-10,20600.0,15286.8046875,58488.0
2018-01-11,20760.0,15405.53515625,38137.0
2018-01-12,20760.0,15405.53515625,38137.0
2018-01-15,20580.0,15271.9619140625,36576.0
2018-01-16,20800.0,15435.2216796875,171699.0
2018-01-17,20800.0,15435.2216796875,171699.0
2018-01-19,20920.0,15524.26953125,108750.0
2018-01-22,21000.0,15583.6357421875,321093.0
2018-01-23,21280.0,15791.41796875,610726.0
2018-01-24,21280.0,15791.41796875,0.0
2018-01-25,21200.0,15732.0537109375,189290.0
2018-01-26,21120.0,15672.6826171875,170122.0
2018-01-29,21400.0,15880.470703125,140138.0
2018-01-30,21300.0,15806.2587890625,91727.0
2018-01-31,20640.0,15316.486328125,353251.0
2018-02-01,21200.0,15732.0537109375,334556.0
2018-02-02,21300.0,15806.2587890625,498717.0
2018-02-05,20920.0,15524.26953125,342958.0
2018-02-06,20700.0,15361.0087890625,254118.0
2018-02-07,20500.0,15212.5927734375,106202.0
2018-02-08,20400.0,15138.3896484375,90186.0
2018-02-09,20040.0,14871.2392578125,127529.0
2018-02-12,20400.0,15138.3896484375,161489.0
2018-02-13,19900.0,14767.349609375,209999.0
2018-02-14,20360.0,15108.705078125,318073.0
2018-02-15,20200.0,14989.97265625,93872.0
2018-02-16,20520.0,15227.435546875,103511.0
2018-02-19,20340.0,15093.861328125,16216.0
2018-02-20,20400.0,15138.3896484375,83693.0
2018-02-21,20600.0,15286.8046875,159537.0
2018-02-22,20380.0,15123.544921875,140681.0
2018-02-23,20340.0,15093.861328125,36025.0
2018-02-26,20120.0,14930.603515625,111696.0
2018-02-27,20160.0,14960.2900390625,216038.0
2018-02-28,19320.0,14336.94140625,630959.0
2018-03-01,18760.0,13921.3818359375,663991.0
2018-03-02,18500.0,13728.439453125,109544.0
2018-03-05,18940.0,14054.955078125,168663.0
2018-03-06,19020.0,14114.3193359375,193529.0
2018-03-07,19200.0,14247.892578125,462647.0
2018-03-08,19000.0,14099.4755859375,214656.0
2018-03-09,19060.0,14144.0048828125,161896.0
2018-03-12,18980.0,14084.6376953125,92377.0
2018-03-14,18800.0,13951.0634765625,137883.0
2018-03-15,18740.0,13906.5390625,76055.0
2018-03-16,18740.0,13906.5390625,76055.0
2018-03-19,18740.0,13906.5390625,0.0
2018-03-20,19100.0,14173.6865234375,103718.0
2018-03-21,19340.0,14351.78125,193954.0
2018-03-22,19260.0,14292.419921875,142329.0
2018-03-23,19260.0,14292.419921875,142329.0
2018-03-26,19360.0,14366.625,46051.0
2018-03-27,19200.0,14247.892578125,73351.0
2018-03-28,19200.0,14247.892578125,73351.0
2018-03-29,19200.0,14247.892578125,0.0
2018-03-30,19200.0,14247.892578125,0.0
2018-04-02,19360.0,14366.625,183940.0
2018-04-03,19380.0,14381.46875,150073.0
2018-04-04,19260.0,14292.419921875,149792.0
2018-04-05,19360.0,14366.625,166286.0
2018-04-06,19360.0,14366.625,166286.0
2018-04-09,20200.0,14989.97265625,231142.0
2018-04-10,20240.0,15019.6533203125,98168.0
2018-04-11,19840.0,14722.8251953125,521135.0
2018-04-12,19820.0,14707.9814453125,122440.0
2018-04-13,19820.0,14707.9814453125,122440.0
2018-04-16,19520.0,14485.3583984375,28965.0
2018-04-17,19740.0,14648.6162109375,121081.0
2018-04-18,19840.0,14784.2373046875,3209850.0
2018-04-19,19900.0,14828.94921875,99014.0
2018-04-20,19900.0,14828.94921875,99014.0
2018-04-23,20020.0,14918.369140625,286184.0
2018-04-24,20360.0,15171.7294921875,314806.0
2018-04-25,19940.0,14858.751953125,78458.0
2018-04-26,19880.0,14814.0439453125,215142.0
2018-04-27,19880.0,14814.0439453125,215142.0
2018-04-30,20000.0,14903.46484375,373137.0
2018-05-01,20000.0,14903.46484375,0.0
2018-05-02,19960.0,14873.658203125,137050.0
2018-05-03,18740.0,13964.5478515625,445595.0
2018-05-04,18740.0,13964.5478515625,445595.0
2018-05-07,19460.0,14501.07421875,61581.0
2018-05-08,18940.0,14113.583984375,157446.0
2018-05-09,19020.0,14173.1962890625,121761.0
2018-05-10,19280.0,14366.9404296875,93291.0
2018-05-11,19280.0,14366.9404296875,93291.0
2018-05-14,19280.0,14366.9404296875,0.0
2018-05-15,19300.0,14381.841796875,107346.0
2018-05-16,19000.0,14158.29296875,56502.0
2018-05-17,18840.0,14039.0654296875,183537.0
2018-05-18,18840.0,14039.0654296875,183537.0
2018-05-21,18660.0,13904.9365234375,114793.0
2018-05-22,18760.0,13979.4501953125,328872.0
2018-05-23,18800.0,14009.2578125,126718.0
2018-05-24,19000.0,14158.29296875,172484.0
2018-05-25,19000.0,14158.29296875,172484.0
2018-05-28,19300.0,14381.841796875,100421.0
2018-05-29,19440.0,14486.16796875,211777.0
2018-05-30,19440.0,14486.16796875,248127.0
2018-05-31,19420.0,14471.2626953125,676625.0
2018-06-01,19420.0,14471.2626953125,676625.0
2018-06-04,19420.0,14471.2626953125,0.0
2018-06-05,19420.0,14471.2626953125,416207.0
2018-06-06,19580.0,14590.4931640625,348297.0
2018-06-07,19480.0,14515.978515625,142433.0
2018-06-08,19480.0,14515.978515625,142433.0
2018-06-11,19480.0,14515.978515625,0.0
2018-06-12,18920.0,14098.677734375,201158.0
2018-06-13,19400.0,14456.3642578125,303011.0
2018-06-14,19420.0,14471.2626953125,311119.0
2018-06-15,19420.0,14471.2626953125,311119.0
2018-06-18,19700.0,14679.9150390625,524345.0
2018-06-19,19540.0,14560.68359375,182755.0
2018-06-20,19200.0,14307.328125,128197.0
2018-06-21,19320.0,14396.74609375,574130.0
2018-06-22,19320.0,14396.74609375,574130.0
2018-06-25,19000.0,14158.29296875,299426.0
2018-06-26,19380.0,14441.4619140625,274709.0
2018-06-27,19700.0,14679.9150390625,158738.0
2018-06-28,19440.0,14486.16796875,158544.0
2018-06-29,19440.0,14486.16796875,158544.0
2018-07-02,19440.0,14486.16796875,0.0
2018-07-03,19800.0,14754.4345703125,116032.0
2018-07-04,19880.0,14814.0439453125,20304.0
2018-07-05,19540.0,14560.68359375,162172.0
2018-07-06,19540.0,14622.044921875,162172.0
2018-07-09,19060.0,14262.8603515625,174594.0
2018-07-10,19060.0,14262.8603515625,202126.0
2018-07-11,19080.0,14277.8291015625,210806.0
2018-07-12,19000.0,14217.958984375,151528.0
2018-07-13,19000.0,14217.958984375,151528.0
2018-07-16,19080.0,14277.8291015625,103604.0
2018-07-17,19140.0,14322.724609375,144148.0
2018-07-18,19500.0,14592.1181640625,290226.0
2018-07-19,19500.0,14592.1181640625,290226.0
2018-07-20,19500.0,14592.1181640625,0.0
2018-07-23,19640.0,14696.8779296875,141940.0
2018-07-24,19600.0,14666.9482421875,104151.0
2018-07-25,19660.0,14711.84375,46709.0
2018-07-26,19360.0,14487.3515625,249424.0
2018-07-27,19360.0,14487.3515625,249424.0
2018-07-30,19680.0,14726.810546875,158761.0
2018-07-31,19400.0,14517.2880859375,193716.0
2018-08-01,19560.0,14637.0107421875,125450.0
2018-08-02,19200.0,14367.623046875,86042.0
2018-08-03,19200.0,14367.623046875,86042.0
2018-08-06,19300.0,14442.451171875,92918.0
2018-08-07,19300.0,14442.451171875,0.0
2018-08-08,19900.0,14891.439453125,195950.0
2018-08-09,19800.0,14816.609375,155912.0
2018-08-10,19800.0,14816.609375,155912.0
2018-08-13,19500.0,14592.1181640625,56206.0
2018-08-14,19700.0,14741.775390625,35804.0
2018-08-15,19500.0,14592.1181640625,135601.0
2018-08-16,19220.0,14382.5859375,2575995.0
2018-08-17,19220.0,14382.5859375,2575995.0
2018-08-20,19220.0,14382.5859375,0.0
2018-08-21,19320.0,14457.4169921875,227279.0
2018-08-22,19100.0,14292.7900390625,551281.0
2018-08-23,19260.0,14412.521484375,418379.0
2018-08-24,19260.0,14412.521484375,418379.0
2018-08-27,19360.0,14487.3515625,128162.0
2018-08-28,19300.0,14442.451171875,91210.0
2018-08-29,19000.0,14217.958984375,112503.0
2018-08-30,18840.0,14098.228515625,1599279.0
2018-08-31,18840.0,14098.228515625,1599279.0
2018-09-03,18940.0,14173.0595703125,9327.0
2018-09-04,18600.0,13918.634765625,95155.0
2018-09-05,17860.0,13364.8818359375,346700.0
2018-09-06,17200.0,12870.9970703125,262462.0
2018-09-07,17200.0,12870.9970703125,262462.0
2018-09-10,17380.0,13005.6884765625,187712.0
2018-09-11,17580.0,13155.349609375,63369.0
2018-09-12,17400.0,13020.6552734375,543042.0
2018-09-13,17400.0,13020.6552734375,155513.0
2018-09-14,17400.0,13020.6552734375,155513.0
2018-09-17,17180.0,12856.02734375,28094.0
2018-09-18,17400.0,13020.6552734375,20649.0
2018-09-19,17360.0,12990.72265625,177238.0
2018-09-20,17000.0,12721.3330078125,344317.0
2018-09-21,17000.0,12721.3330078125,344317.0
2018-09-24,15900.0,11898.1845703125,549469.0
2018-09-25,16040.0,12002.9521484375,71826.0
2018-09-26,16020.0,11987.984375,100169.0
2018-09-27,16240.0,12152.61328125,102604.0
2018-09-28,16240.0,12152.61328125,102604.0
2018-10-01,16200.0,12122.681640625,81139.0
2018-10-02,16200.0,12122.681640625,81139.0
2018-10-03,16200.0,12122.681640625,501422.0
2018-10-04,16440.0,12302.2744140625,66125.0
2018-10-05,16200.0,12122.681640625,144728.0
2018-10-10,15400.0,11582.6572265625,223836.0
2018-10-11,15400.0,11582.6572265625,223836.0
2018-10-12,15300.0,11507.4482421875,161311.0
2018-10-15,15300.0,11507.4482421875,0.0
2018-10-16,15100.0,11357.0234375,1917316.0
2018-10-17,15100.0,11357.0234375,1917316.0
2018-10-18,15480.0,11642.828125,16391212.0
2018-10-19,15600.0,11733.0830078125,904046.0
2018-10-22,15180.0,11417.193359375,194238.0
2018-10-23,15180.0,11417.193359375,194238.0
2018-10-24,15180.0,11417.193359375,1026738.0
2018-10-25,15000.0,11281.80859375,246767.0
2018-10-26,15000.0,11281.80859375,589974.0
2018-10-29,14900.0,11206.5966796875,246505.0
2018-10-30,14900.0,11206.5966796875,246505.0
2018-10-31,14760.0,11101.302734375,735567.0
2018-11-01,15000.0,11281.80859375,612330.0
2018-11-02,15120.0,11372.064453125,188852.0
2018-11-05,15120.0,11372.064453125,0.0
2018-11-06,15460.0,11627.7841796875,339788.0
2018-11-07,15460.0,11627.7841796875,339788.0
2018-11-08,15500.0,11657.869140625,996982.0
2018-11-09,15740.0,11838.3798828125,481007.0
2018-11-12,15740.0,11838.3798828125,0.0
2018-11-13,15400.0,11582.6572265625,170569.0
2018-11-14,15400.0,11582.6572265625,170569.0
2018-11-15,16100.0,12109.14453125,915764.0
2018-11-16,16000.0,12033.931640625,776962.0
2018-11-19,16100.0,12109.14453125,193912.0
2018-11-20,15900.0,11958.716796875,246465.0
2018-11-21,16000.0,12033.931640625,559910.0
2018-11-22,16000.0,12033.931640625,28247.0
2018-11-23,16000.0,12033.931640625,175603.0
2018-11-26,16160.0,12154.26953125,317965.0
2018-11-27,16000.0,12033.931640625,134008.0
2018-11-28,15980.0,12018.88671875,407796.0
2018-11-29,16020.0,12048.97265625,171722.0
2018-11-30,16180.0,12169.3134765625,823566.0
2018-12-03,16200.0,12184.357421875,323554.0
2018-12-04,16560.0,12455.119140625,155934.0
2018-12-05,16780.0,12620.583984375,114392.0
2018-12-06,16680.0,12545.3720703125,137600.0
2018-12-07,16700.0,12560.4140625,177867.0
2018-12-10,16680.0,12545.3720703125,204353.0
2018-12-11,16500.0,12409.990234375,250039.0
2018-12-12,16440.0,12364.8642578125,469514.0
2018-12-13,16440.0,12364.8642578125,200139.0
2018-12-14,16300.0,12259.56640625,175733.0
2018-12-17,15960.0,12003.845703125,539758.0
2018-12-18,16300.0,12259.56640625,188011.0
2018-12-19,16540.0,12440.076171875,292584.0
2018-12-20,16240.0,12214.439453125,519724.0
2018-12-21,16680.0,12545.3720703125,1262584.0
2018-12-24,16720.0,12575.4560546875,128534.0
2018-12-25,16720.0,12575.4560546875,0.0
2018-12-26,17040.0,12816.134765625,49106.0
2018-12-27,17020.0,12801.0927734375,78514.0
2018-12-28,16900.0,12710.8408203125,194272.0
2018-12-31,16900.0,12710.8408203125,0.0
2019-01-01,16900.0,12710.8408203125,0.0
2019-01-02,16820.0,12650.6689453125,36406.0
2019-01-03,17100.0,12861.2666015625,311719.0
2019-01-04,17280.0,13059.2685546875,119222.0
2019-01-07,17280.0,13059.2685546875,0.0
2019-01-08,17040.0,12877.892578125,574063.0
2019-01-09,17000.0,12847.658203125,508025.0
2019-01-10,17100.0,12923.232421875,236414.0
2019-01-11,17080.0,12908.1181640625,170232.0
2019-01-14,17100.0,12923.232421875,209453.0
2019-01-15,17200.0,12998.8076171875,286205.0
2019-01-16,17300.0,13074.380859375,134962.0
2019-01-17,17300.0,13074.380859375,137246.0
2019-01-18,17400.0,13149.9580078125,366176.0
2019-01-21,17400.0,13149.9580078125,31961.0
2019-01-22,17600.0,13301.1064453125,492061.0
2019-01-23,17940.0,13558.0595703125,239420.0
2019-01-24,18100.0,13678.9814453125,352670.0
2019-01-25,18340.0,13860.357421875,215901.0
2019-01-28,18780.0,14192.8837890625,547340.0
2019-01-29,18900.0,14283.57421875,157138.0
2019-01-30,18700.0,14132.4267578125,340539.0
2019-01-31,18560.0,14026.619140625,1781282.0
2019-02-01,18600.0,14056.8525390625,338013.0
2019-02-04,18400.0,13905.7041015625,331302.0
2019-02-05,18500.0,13981.2744140625,164079.0
2019-02-06,18220.0,13769.66796875,175147.0
2019-02-07,18060.0,13648.7490234375,154334.0
2019-02-08,18020.0,13618.5244140625,91417.0
2019-02-11,18060.0,13648.7490234375,120190.0
2019-02-12,18180.0,13739.4365234375,298337.0
2019-02-13,18160.0,13724.3251953125,220343.0
2019-02-14,18340.0,13860.357421875,59739.0
2019-02-15,18480.0,13966.162109375,194023.0
2019-02-18,18080.0,13663.8642578125,104394.0
2019-02-19,17860.0,13497.6005859375,271595.0
2019-02-20,17520.0,13240.646484375,211430.0
2019-02-21,17600.0,13301.1064453125,311997.0
2019-02-22,17780.0,13437.1396484375,83138.0
2019-02-25,18000.0,13603.404296875,187537.0
2019-02-26,18300.0,13830.126953125,218391.0
2019-02-27,18180.0,13739.4365234375,147785.0
2019-02-28,17920.0,13542.9423828125,408920.0
2019-03-01,18140.0,13709.2109375,127565.0
2019-03-04,17920.0,13542.9423828125,83528.0
2019-03-05,17720.0,13391.794921875,87116.0
2019-03-06,18020.0,13618.5244140625,505232.0
2019-03-07,17800.0,13452.255859375,275831.0
2019-03-08,17580.0,13285.990234375,162764.0
2019-03-11,17720.0,13391.794921875,233941.0
2019-03-12,17840.0,13482.4853515625,387237.0
2019-03-13,18300.0,13830.126953125,473167.0
2019-03-14,18700.0,14132.4267578125,432102.0
2019-03-15,18200.0,13754.55078125,1592780.0
2019-03-18,18480.0,13966.162109375,251042.0
2019-03-19,18220.0,13769.66796875,199500.0
2019-03-20,18740.0,14162.6533203125,339572.0
2019-03-21,18700.0,14132.4267578125,333385.0
2019-03-22,18300.0,13830.126953125,300155.0
2019-03-25,18300.0,13830.126953125,0.0
2019-03-26,18220.0,13769.66796875,137142.0
2019-03-27,17700.0,13376.6845703125,160996.0
2019-03-28,17800.0,13452.255859375,212277.0
2019-03-29,18100.0,13678.9814453125,258920.0
2019-04-01,17940.0,13558.0595703125,157162.0
2019-04-02,17860.0,13497.6005859375,81063.0
2019-04-03,18220.0,13769.66796875,192463.0
2019-04-04,18000.0,13603.404296875,72335.0
2019-04-05,17840.0,13482.4853515625,206835.0
2019-04-08,17920.0,13542.9423828125,144199.0
2019-04-09,18380.0,13890.587890625,280286.0
2019-04-10,18380.0,13890.587890625,263153.0
2019-04-11,18040.0,13633.6357421875,123714.0
2019-04-12,18040.0,13700.0859375,123714.0
2019-04-15,17500.0,13289.9921875,156649.0
2019-04-16,17500.0,13289.9921875,156649.0
2019-04-17,17520.0,13305.181640625,197470.0
2019-04-18,17520.0,13305.181640625,0.0
2019-04-19,17520.0,13305.181640625,0.0
2019-04-22,17920.0,13608.9501953125,271210.0
2019-04-23,17920.0,13608.9501953125,271210.0
2019-04-24,18100.0,13745.6484375,83097.0
2019-04-25,18320.0,13912.72265625,189563.0
2019-04-26,18500.0,14049.419921875,133115.0
2019-04-29,18220.0,13836.783203125,57867.0
2019-04-30,18220.0,13836.783203125,57867.0
2019-05-01,18220.0,13836.783203125,0.0
2019-05-02,18020.0,13684.900390625,29342.0
2019-05-03,18020.0,13684.900390625,29342.0
2019-05-06,17980.0,13654.5224609375,96894.0
2019-05-07,17980.0,13654.5224609375,96894.0
2019-05-08,17920.0,13608.9501953125,314933.0
2019-05-09,17980.0,13654.5224609375,281554.0
2019-05-10,17820.0,13533.0087890625,231854.0
2019-05-13,17300.0,13138.107421875,259318.0
2019-05-14,17300.0,13138.107421875,259318.0
2019-05-15,17000.0,12910.28125,479969.0
2019-05-16,16500.0,12530.564453125,237742.0
2019-05-17,16160.0,12272.357421875,216451.0
2019-05-20,16300.0,12378.6796875,158691.0
2019-05-21,16300.0,12378.6796875,158691.0
2019-05-22,16380.0,12439.43359375,164796.0
2019-05-23,16580.0,12591.3203125,225906.0
2019-05-24,16500.0,12530.564453125,166331.0
2019-05-27,16380.0,12439.43359375,118555.0
2019-05-28,16380.0,12439.43359375,118555.0
2019-05-29,16880.0,12819.1474609375,417782.0
2019-05-30,17200.0,13062.1640625,127156.0
2019-05-31,17160.0,13031.787109375,174514.0
2019-06-03,17160.0,13031.787109375,0.0
2019-06-04,17160.0,13031.787109375,43277.0
2019-06-05,17160.0,13031.787109375,43277.0
2019-06-06,16900.0,12834.3359375,105100.0
2019-06-07,16900.0,12834.3359375,129227.0
2019-06-11,16660.0,12652.0771484375,146227.0
2019-06-12,16660.0,12652.0771484375,158953.0
2019-06-13,16880.0,12819.1474609375,837942.0
2019-06-14,17100.0,12986.220703125,308929.0
2019-06-17,17160.0,13031.787109375,268840.0
2019-06-18,17120.0,13001.4111328125,279058.0
2019-06-19,17260.0,13107.7294921875,229727.0
2019-06-20,17600.0,13365.935546875,200761.0
2019-06-21,17460.0,13259.6181640625,736075.0
2019-06-24,17460.0,13259.6181640625,0.0
2019-06-25,17500.0,13289.9921875,298306.0
2019-06-26,17160.0,13031.787109375,120766.0
2019-06-27,17120.0,13001.4111328125,42033.0
2019-06-28,17300.0,13138.107421875,145891.0
2019-07-01,17300.0,13138.107421875,0.0
2019-07-02,17280.0,13122.919921875,114068.0
2019-07-03,17280.0,13122.919921875,114068.0
2019-07-04,17660.0,13411.5,128595.0
2019-07-05,17620.0,13381.123046875,29246.0
2019-07-08,17620.0,13447.904296875,203771.0
2019-07-09,17620.0,13447.904296875,203771.0
2019-07-10,17780.0,13570.021484375,98203.0
2019-07-11,17780.0,13570.021484375,215447.0
2019-07-12,17640.0,13463.173828125,111934.0
2019-07-15,17640.0,13463.173828125,156642.0
2019-07-16,17640.0,13463.173828125,156642.0
2019-07-17,17960.0,13707.40234375,275383.0
2019-07-18,17960.0,13707.40234375,130496.0
2019-07-19,17700.0,13508.962890625,81243.0
2019-07-22,17620.0,13447.904296875,97516.0
2019-07-23,17620.0,13447.904296875,97516.0
2019-07-24,17620.0,13447.904296875,138130.0
2019-07-25,17600.0,13432.6416015625,90316.0
2019-07-26,17400.0,13279.998046875,48645.0
2019-07-29,17200.0,13127.3544921875,82706.0
2019-07-30,17200.0,13127.3544921875,82706.0
2019-07-31,17000.0,12974.7138671875,36786.0
2019-08-01,16820.0,12837.3310546875,409533.0
2019-08-02,16400.0,12516.779296875,291424.0
2019-08-05,16020.0,12226.7548828125,270869.0
2019-08-06,16020.0,12226.7548828125,270869.0
2019-08-07,16020.0,12226.7548828125,0.0
2019-08-08,16480.0,12577.837890625,392365.0
2019-08-09,16480.0,12577.837890625,392365.0
2019-08-12,16060.0,12257.28515625,189464.0
2019-08-13,16060.0,12257.28515625,189464.0
2019-08-14,16220.0,12379.400390625,272919.0
2019-08-15,15400.0,11753.5615234375,300974.0
2019-08-16,15760.0,12028.3212890625,153873.0
2019-08-19,15760.0,12028.3212890625,0.0
2019-08-20,15920.0,12150.4345703125,229168.0
2019-08-21,15920.0,12150.4345703125,229168.0
2019-08-22,15960.0,12180.9609375,199525.0
2019-08-23,15780.0,12043.583984375,186852.0
2019-08-26,16760.0,12791.5390625,670051.0
2019-08-27,16760.0,12791.5390625,670051.0
2019-08-28,17380.0,13264.7353515625,903421.0
2019-08-29,17440.0,13310.52734375,310159.0
2019-08-30,17540.0,13386.849609375,343106.0
2019-09-02,18000.0,13737.9287109375,134997.0
2019-09-03,18000.0,13737.9287109375,134997.0
2019-09-04,17800.0,13585.287109375,1053543.0
2019-09-05,17900.0,13661.6103515625,275068.0
2019-09-06,18000.0,13737.9287109375,270646.0
2019-09-09,18460.0,14089.0087890625,464171.0
2019-09-10,18460.0,14089.0087890625,464171.0
2019-09-11,18180.0,13875.3076171875,796830.0
2019-09-12,18200.0,13890.5712890625,292174.0
2019-09-13,18000.0,13737.9287109375,673778.0
2019-09-16,17980.0,13722.6669921875,809152.0
2019-09-17,17980.0,13722.6669921875,809152.0
2019-09-18,17800.0,13585.287109375,670841.0
2019-09-19,17800.0,13585.287109375,441431.0
2019-09-20,17660.0,13478.435546875,1007504.0
2019-09-23,17660.0,13478.435546875,442521.0
2019-09-24,17660.0,13478.435546875,442521.0
2019-09-25,17660.0,13478.435546875,446353.0
2019-09-26,17780.0,13570.021484375,3838880.0
2019-09-27,17800.0,13585.287109375,322035.0
2019-09-30,17060.0,13020.5087890625,507541.0
2019-10-01,17060.0,13020.5087890625,507541.0
2019-10-02,17200.0,13127.3544921875,276148.0
2019-10-03,17740.0,13539.4921875,534101.0
2019-10-04,17280.0,13188.412109375,1293870.0
2019-10-07,17700.0,13508.962890625,41755.0
2019-10-08,17700.0,13576.076171875,41755.0
2019-10-09,17700.0,13576.076171875,176532.0
2019-10-10,17700.0,13576.076171875,36636.0
2019-10-11,17500.0,13422.6767578125,141347.0
2019-10-14,17500.0,13422.6767578125,0.0
2019-10-15,17660.0,13545.396484375,101609.0
2019-10-16,17660.0,13545.396484375,101609.0
2019-10-17,17600.0,13499.3759765625,128712.0
2019-10-18,17520.0,13438.0146484375,148042.0
2019-10-21,18000.0,13806.1796875,281415.0
2019-10-22,18000.0,13806.1796875,281415.0
2019-10-23,18400.0,14112.986328125,219592.0
2019-10-24,18360.0,14082.3046875,261841.0
2019-10-25,18360.0,14082.3046875,91800.0
2019-10-28,18200.0,13959.580078125,90092.0
2019-10-29,18200.0,13959.580078125,90092.0
2019-10-30,18280.0,14020.9423828125,170683.0
2019-10-31,18300.0,14036.28125,316340.0
2019-11-01,18300.0,14036.28125,316340.0
2019-11-04,18300.0,14036.28125,0.0
2019-11-05,17840.0,13683.4560546875,491960.0
2019-11-06,18040.0,13836.8603515625,279109.0
2019-11-07,18300.0,14036.28125,146215.0
2019-11-08,18300.0,14036.28125,105522.0
2019-11-11,18300.0,14036.28125,0.0
2019-11-12,18160.0,13928.9033203125,137558.0
2019-11-13,18300.0,14036.28125,126453.0
2019-11-14,18280.0,14020.9423828125,91000.0
2019-11-15,18300.0,14036.28125,22296.0
2019-11-18,18200.0,13959.580078125,65062.0
2019-11-19,18300.0,14036.28125,126743.0
2019-11-20,18100.0,13882.87890625,85630.0
2019-11-21,18260.0,14005.6044921875,308732.0
2019-11-22,18240.0,13990.2626953125,92285.0
2019-11-25,18000.0,13806.1796875,261576.0
2019-11-26,18000.0,13806.1796875,2201892.0
2019-11-27,17500.0,13422.6767578125,220138.0
2019-11-28,17560.0,13468.6962890625,96428.0
2019-11-29,17560.0,13468.6962890625,96428.0
2019-12-02,17800.0,13652.779296875,531920.0
2019-12-03,17420.0,13361.314453125,125170.0
2019-12-04,17980.0,13790.841796875,208681.0
2019-12-05,17960.0,13775.5009765625,157229.0
2019-12-06,17680.0,13560.7353515625,55581.0
2019-12-09,17400.0,13345.9736328125,122611.0
2019-12-10,17400.0,13345.9736328125,29287.0
2019-12-11,17680.0,13560.7353515625,52287.0
2019-12-12,18000.0,13806.1796875,234445.0
2019-12-13,18260.0,14005.6044921875,160157.0
2019-12-16,18060.0,13852.19921875,183915.0
2019-12-17,18020.0,13821.5224609375,197582.0
2019-12-18,18380.0,14097.6435546875,179105.0
2019-12-19,17960.0,13775.5009765625,172428.0
2019-12-20,18360.0,14082.3046875,1655190.0
2019-12-23,18880.0,14481.1474609375,157197.0
2019-12-24,18340.0,14066.9638671875,15984.0
2019-12-25,18340.0,14066.9638671875,0.0
2019-12-26,18120.0,13898.2197265625,55434.0
2019-12-27,18300.0,14036.28125,60827.0
2019-12-30,17800.0,13652.779296875,217294.0
2019-12-31,17800.0,13652.779296875,0.0
2020-01-01,17800.0,13652.779296875,0.0
2020-01-02,17800.0,13652.779296875,0.0
2020-01-03,18980.0,14629.7666015625,182811.0
2020-01-06,18980.0,14629.7666015625,0.0
2020-01-07,18820.0,14506.4384765625,61261.0
2020-01-08,18660.0,14383.1103515625,95666.0
2020-01-09,18360.0,14151.8720703125,299628.0
2020-01-10,18400.0,14182.70703125,116221.0
2020-01-13,18160.0,13997.7099609375,143841.0
2020-01-14,18380.0,14167.287109375,169083.0
2020-01-15,18000.0,13874.37890625,602873.0
2020-01-16,18000.0,13874.37890625,194371.0
2020-01-17,18000.0,13874.37890625,194371.0
2020-01-20,17920.0,13812.716796875,79792.0
2020-01-21,18000.0,13874.37890625,102211.0
2020-01-22,18020.0,13889.798828125,174026.0
2020-01-23,18040.0,13905.21484375,102951.0
2020-01-24,17960.0,13843.5498046875,85394.0
2020-01-27,17780.0,13704.8076171875,46744.0
2020-01-28,17500.0,13488.9833984375,180261.0
2020-01-29,17800.0,13720.2236328125,112885.0
2020-01-30,18180.0,14013.126953125,181221.0
2020-01-31,17480.0,13473.56640625,455333.0
2020-02-03,17540.0,13519.8134765625,71266.0
2020-02-04,17980.0,13858.962890625,269717.0
2020-02-05,18300.0,14105.6220703125,233100.0
2020-02-06,18260.0,14074.7919921875,153748.0
2020-02-07,17860.0,13766.470703125,44919.0
2020-02-10,17200.0,13257.744140625,271226.0
2020-02-11,17340.0,13365.65625,145910.0
2020-02-12,17680.0,13627.7265625,154146.0
2020-02-13,17780.0,13704.8076171875,119073.0
2020-02-14,17960.0,13843.5498046875,132500.0
2020-02-17,17820.0,13735.638671875,28283.0
2020-02-18,17520.0,13504.3984375,408120.0
2020-02-19,17780.0,13704.8076171875,236141.0
2020-02-20,17500.0,13488.9833984375,147870.0
2020-02-21,17260.0,13303.9931640625,118985.0
2020-02-24,17380.0,13396.4873046875,313498.0
2020-02-25,16500.0,12718.1865234375,397525.0
2020-02-26,15800.0,12178.6259765625,618693.0
2020-02-27,15500.0,11947.384765625,315856.0
2020-02-28,15000.0,11561.986328125,1371546.0
2020-03-02,15380.0,11854.8896484375,558216.0
2020-03-03,15600.0,12024.46484375,703129.0
2020-03-04,16340.0,12594.8564453125,102114.0
2020-03-05,16120.0,12425.27734375,360694.0
2020-03-06,15780.0,12163.208984375,205664.0
2020-03-09,13800.0,10637.0244140625,321055.0
2020-03-10,14220.0,10960.759765625,254521.0
2020-03-11,13300.0,10251.626953125,586201.0
2020-03-12,10900.0,8401.708984375,157863.0
2020-03-13,10900.0,8401.708984375,157863.0
2020-03-16,8920.0,6875.52734375,318054.0
2020-03-17,9300.0,7168.4296875,649026.0
2020-03-18,7430.0,5727.03662109375,246150.0
2020-03-19,7010.0,5403.30078125,192511.0
2020-03-20,7380.0,5688.49755859375,851784.0
2020-03-23,7380.0,5688.49755859375,0.0
2020-03-24,8000.0,6166.3916015625,393262.0
2020-03-25,10460.0,8062.55615234375,131958.0
2020-03-26,10460.0,8062.55615234375,131958.0
2020-03-27,13640.0,10513.69921875,774442.0
2020-03-30,13680.0,10544.53125,260076.0
2020-03-31,12320.0,9496.2431640625,457904.0
2020-04-01,10700.0,8247.55078125,438506.0
2020-04-02,11760.0,9064.595703125,311213.0
2020-04-03,12100.0,9326.6669921875,439929.0
2020-04-06,11800.0,9095.4267578125,609202.0
2020-04-07,11360.0,8826.591796875,495964.0
2020-04-08,11580.0,8997.52734375,124016.0
2020-04-09,11580.0,8997.52734375,0.0
2020-04-10,11580.0,8997.52734375,0.0
2020-04-13,11520.0,8950.908203125,269957.0
2020-04-14,11500.0,8935.369140625,477300.0
2020-04-15,11580.0,8997.52734375,301600.0
2020-04-16,11280.0,8764.4306640625,360588.0
2020-04-17,11300.0,8779.9677734375,167538.0
2020-04-20,11180.0,8686.7314453125,144112.0
2020-04-21,10500.0,8158.38037109375,223130.0
2020-04-22,9910.0,7699.9560546875,781238.0
2020-04-23,9580.0,7443.55029296875,455682.0
2020-04-24,9110.0,7078.365234375,326090.0
2020-04-27,8600.0,6682.10302734375,434536.0
2020-04-28,8900.0,6915.19970703125,225841.0
2020-04-29,9350.0,7264.84326171875,393453.0
2020-04-30,9220.0,7163.83447265625,187800.0
2020-05-01,9220.0,7163.83447265625,0.0
2020-05-04,9360.0,7272.61328125,292428.0
2020-05-05,9230.0,7171.60595703125,37692.0
2020-05-06,8900.0,6915.19970703125,150310.0
2020-05-07,9000.0,6992.89697265625,316269.0
2020-05-08,8880.0,6899.6591796875,266985.0
2020-05-11,8900.0,6915.19970703125,201545.0
2020-05-12,8700.0,6759.80078125,110441.0
2020-05-13,8030.0,6239.21875,1263770.0
2020-05-14,8250.0,6410.15625,392574.0
2020-05-15,8360.0,6495.62353515625,251270.0
2020-05-18,8600.0,6682.10302734375,476911.0
2020-05-19,8630.0,6705.412109375,410516.0
2020-05-20,8520.0,6619.9423828125,208676.0
2020-05-21,8300.0,6449.00537109375,201460.0
2020-05-22,8120.0,6309.14794921875,652409.0
2020-05-25,8120.0,6309.14794921875,0.0
2020-05-26,8260.0,6417.92578125,302091.0
2020-05-27,8120.0,6309.14794921875,381613.0
2020-05-28,7910.0,6145.98046875,1216305.0
2020-05-29,8700.0,6759.80078125,25539870.0
2020-06-01,9000.0,6992.89697265625,2335922.0
2020-06-02,8960.0,6961.81787109375,485594.0
2020-06-03,8960.0,6961.81787109375,485594.0
2020-06-04,9160.0,7117.21630859375,1143405.0
2020-06-05,9800.0,7614.4892578125,825119.0
2020-06-08,10120.0,7863.12353515625,1031070.0
2020-06-09,9800.0,7614.4892578125,1364118.0
2020-06-10,9900.0,7692.18994140625,465047.0
2020-06-11,9200.0,7148.29736328125,714236.0
2020-06-12,9540.0,7412.4716796875,593312.0
2020-06-15,9540.0,7412.4716796875,0.0
2020-06-16,9700.0,7536.7900390625,691387.0
2020-06-17,9800.0,7614.4892578125,822889.0
2020-06-18,9880.0,7676.64697265625,1234490.0
2020-06-19,10860.0,8438.095703125,4409363.0
2020-06-22,10860.0,8438.095703125,0.0
2020-06-23,10180.0,7909.74462890625,764095.0
2020-06-24,10100.0,7847.58447265625,151318.0
2020-06-25,9990.0,7762.11669921875,205791.0
2020-06-26,9960.0,7738.80517578125,145870.0
2020-06-29,9960.0,7738.80517578125,0.0
2020-06-30,9900.0,7692.18994140625,46015.0
2020-07-01,9750.0,7575.63916015625,153902.0
2020-07-02,9850.0,7653.337890625,60993.0
2020-07-03,9740.0,7567.87158203125,40360.0
2020-07-06,10140.0,7878.66357421875,228706.0
2020-07-07,10280.0,7987.44091796875,76939.0
2020-07-08,10300.0,8002.98291015625,190862.0
2020-07-09,10340.0,8108.0576171875,181791.0
2020-07-10,10280.0,8061.00830078125,211978.0
2020-07-13,10400.0,8155.10595703125,149195.0
2020-07-14,10240.0,8029.6435546875,215670.0
2020-07-15,10300.0,8076.6923828125,421133.0
2020-07-16,10320.0,8092.3740234375,154605.0
2020-07-17,10280.0,8061.00830078125,104525.0
2020-07-20,10280.0,8061.00830078125,0.0
2020-07-21,10680.0,8374.6669921875,548033.0
2020-07-22,10760.0,8437.3974609375,261447.0
2020-07-23,11080.0,8688.32421875,429552.0
2020-07-24,11020.0,8641.2744140625,345104.0
2020-07-27,10800.0,8468.763671875,163459.0
2020-07-28,10580.0,8296.2529296875,176866.0
2020-07-29,10500.0,8233.521484375,83541.0
2020-07-30,10360.0,8123.7421875,288344.0
2020-07-31,10200.0,7998.27734375,2036415.0
2020-08-03,10360.0,8123.7421875,295407.0
2020-08-04,10200.0,7998.27734375,80065.0
2020-08-05,10360.0,8123.7421875,195888.0
2020-08-06,10360.0,8123.7421875,112834.0
2020-08-07,10360.0,8123.7421875,0.0
2020-08-10,10300.0,8076.6923828125,42029.0
2020-08-11,10280.0,8061.00830078125,93283.0
2020-08-12,10320.0,8092.3740234375,43192.0
2020-08-13,10400.0,8155.10595703125,116745.0
2020-08-14,10260.0,8045.32568359375,56507.0
2020-08-17,10260.0,8045.32568359375,0.0
2020-08-18,10520.0,8249.2021484375,117726.0
2020-08-19,10660.0,8358.9833984375,207392.0
2020-08-20,10740.0,8421.71484375,325965.0
2020-08-21,10980.0,8609.912109375,579978.0
2020-08-24,10980.0,8609.912109375,0.0
2020-08-25,11860.0,9299.9580078125,342388.0
2020-08-26,11820.0,9268.5927734375,534116.0
2020-08-27,11900.0,9331.322265625,306817.0
2020-08-28,11780.0,9237.2265625,406828.0
2020-08-31,11920.0,9347.0048828125,136113.0
2020-09-01,12400.0,9723.3955078125,516015.0
2020-09-02,12400.0,9723.3955078125,558345.0
2020-09-03,12180.0,9550.8837890625,384813.0
2020-09-04,12300.0,9644.982421875,197877.0
2020-09-07,12200.0,9566.564453125,200394.0
2020-09-08,12220.0,9582.25,94419.0
2020-09-09,12640.0,9911.591796875,124553.0
2020-09-10,12400.0,9723.3955078125,625895.0
2020-09-11,12200.0,9566.564453125,241507.0
2020-09-14,11860.0,9299.9580078125,111712.0
2020-09-15,11660.0,9143.126953125,442924.0
2020-09-16,11660.0,9143.126953125,433790.0
2020-09-17,11680.0,9158.814453125,113458.0
2020-09-18,11500.0,9017.6669921875,2186683.0
2020-09-21,11500.0,9017.6669921875,109678.0
2020-09-22,11580.0,9080.39453125,115338.0
2020-09-23,11280.0,8845.154296875,111078.0
2020-09-24,11100.0,8704.0078125,223769.0
2020-09-25,11080.0,8688.32421875,214490.0
2020-09-28,11260.0,8829.4697265625,104187.0
2020-09-29,11380.0,8923.568359375,195116.0
2020-09-30,11600.0,9096.0791015625,265161.0
2020-10-01,11700.0,9174.4951171875,139564.0
2020-10-02,11520.0,9033.3486328125,40224.0
2020-10-05,11560.0,9064.7138671875,74715.0
2020-10-06,11400.0,8939.25,74835.0
2020-10-07,11220.0,8798.1064453125,249047.0
2020-10-08,11220.0,8872.4375,249047.0
2020-10-09,11200.0,8856.62109375,98843.0
2020-10-12,11200.0,8856.62109375,0.0
2020-10-13,10720.0,8477.052734375,105735.0
2020-10-14,10880.0,8603.5771484375,288877.0
2020-10-15,10860.0,8587.7607421875,289465.0
2020-10-16,10950.0,8658.9296875,101533.0
2020-10-19,10810.0,8548.22265625,147639.0
2020-10-20,11020.0,8714.283203125,714236.0
2020-10-21,10880.0,8603.5771484375,98712.0
2020-10-22,10990.0,8690.5595703125,19623.0
2020-10-23,10910.0,8627.2978515625,3726.0
2020-10-26,10980.0,8682.654296875,30091.0
2020-10-27,10600.0,8382.1611328125,211820.0
2020-10-28,9915.0,7840.4833984375,320159.0
2020-10-29,10210.0,8073.76025390625,130770.0
2020-10-30,10620.0,8397.9765625,226812.0
2020-11-02,10620.0,8397.9765625,0.0
2020-11-03,10820.0,8556.1298828125,85151.0
2020-11-04,11080.0,8761.73046875,60292.0
2020-11-05,11240.0,8888.2529296875,110284.0
2020-11-06,11240.0,8888.2529296875,110284.0
2020-11-09,11800.0,9331.0849609375,259892.0
2020-11-10,11610.0,9180.837890625,77385.0
2020-11-11,11700.0,9252.0078125,125717.0
2020-11-12,11600.0,9172.9296875,314225.0
2020-11-13,11460.0,9062.2216796875,105978.0
2020-11-16,11460.0,9062.2216796875,0.0
2020-11-17,11800.0,9331.0849609375,136508.0
2020-11-18,11900.0,9410.162109375,1024678.0
2020-11-19,11860.0,9378.5302734375,281130.0
2020-11-20,11900.0,9410.162109375,244598.0
2020-11-23,12090.0,9560.4072265625,77781.0
2020-11-24,12290.0,9718.5595703125,514215.0
2020-11-25,12300.0,9726.470703125,171570.0
2020-11-26,12300.0,9726.470703125,13344.0
2020-11-27,12060.0,9536.6826171875,109370.0
2020-11-30,12000.0,9489.23828125,283872.0
2020-12-01,12420.0,9821.3623046875,139223.0
2020-12-02,12200.0,9647.3896484375,336861.0
2020-12-03,12400.0,9805.544921875,249089.0
2020-12-04,12400.0,9805.544921875,249089.0
2020-12-07,13200.0,10438.162109375,407453.0
2020-12-08,13200.0,10438.162109375,0.0
2020-12-09,13420.0,10612.130859375,219470.0
2020-12-10,13000.0,10280.0078125,274102.0
2020-12-11,13300.0,10517.2373046875,183315.0
2020-12-14,13740.0,10865.17578125,226869.0
2020-12-15,13710.0,10841.455078125,308160.0
2020-12-16,14050.0,11110.3154296875,703079.0
2020-12-17,14390.0,11379.1796875,351088.0
2020-12-18,14030.0,11094.50390625,286132.0
2020-12-21,13280.0,10501.423828125,245726.0
2020-12-22,13440.0,10627.9462890625,74868.0
2020-12-23,13780.0,10896.80859375,85579.0
2020-12-24,13780.0,10896.80859375,85579.0
2020-12-25,13780.0,10896.80859375,0.0
2020-12-28,14080.0,11134.0380859375,143799.0
2020-12-29,14500.0,11466.1640625,146208.0
2020-12-30,13900.0,10991.703125,185645.0
2020-12-31,13900.0,10991.703125,0.0
2021-01-01,13900.0,10991.703125,0.0
2021-01-04,13990.0,11062.8740234375,55405.0
2021-01-05,13900.0,10991.703125,99423.0
2021-01-06,14110.0,11157.7626953125,124024.0
2021-01-07,13430.0,10620.0380859375,313103.0
2021-01-08,13800.0,10989.5439453125,115944.0
2021-01-11,13800.0,10989.5439453125,0.0
2021-01-12,13920.0,11085.1015625,130886.0
2021-01-13,13730.0,10933.798828125,187797.0
2021-01-14,14000.0,11148.8115234375,156940.0
2021-01-15,14000.0,11148.8115234375,108784.0
2021-01-18,13900.0,11069.1787109375,117277.0
2021-01-19,13960.0,11116.9580078125,46560.0
2021-01-20,13900.0,11069.1787109375,129726.0
2021-01-21,13830.0,11013.43359375,131246.0
2021-01-22,13900.0,11069.1787109375,107748.0
2021-01-25,13750.0,10949.7255859375,85012.0
2021-01-26,13560.0,10798.4208984375,70965.0
2021-01-27,13570.0,10806.3837890625,202769.0
2021-01-28,13740.0,10941.7607421875,68158.0
2021-01-29,13300.0,10591.369140625,524037.0
2021-02-01,13300.0,10591.369140625,0.0
2021-02-02,13560.0,10798.4208984375,268053.0
2021-02-03,13420.0,10686.931640625,188640.0
2021-02-04,13240.0,10543.591796875,118250.0
2021-02-05,13210.0,10519.701171875,59425.0
2021-02-08,13300.0,10591.369140625,223113.0
2021-02-09,13280.0,10575.4443359375,263704.0
2021-02-10,13150.0,10471.9189453125,146099.0
2021-02-11,13090.0,10424.1376953125,72718.0
2021-02-12,13280.0,10575.4443359375,109654.0
2021-02-15,13150.0,10471.9189453125,33287.0
2021-02-16,13110.0,10440.064453125,307803.0
2021-02-17,13030.0,10376.359375,82875.0
2021-02-18,12830.0,10217.08984375,104308.0
2021-02-19,12640.0,10065.78515625,134770.0
2021-02-22,12840.0,10225.0498046875,161526.0
2021-02-23,12780.0,10177.271484375,186537.0
2021-02-24,12880.0,10256.9052734375,257908.0
2021-02-25,12780.0,10177.271484375,86482.0
2021-02-26,13300.0,10591.369140625,128200.0
2021-03-01,13060.0,10400.248046875,69353.0
2021-03-02,13000.0,10352.466796875,93941.0
2021-03-03,12790.0,10185.2373046875,201529.0
2021-03-04,12500.0,9954.294921875,43204.0
2021-03-05,12400.0,9874.6611328125,191754.0
2021-03-08,12430.0,9898.5517578125,56008.0
2021-03-09,12580.0,10018.00390625,273325.0
2021-03-10,12780.0,10177.271484375,46778.0
2021-03-11,12940.0,10304.685546875,19281.0
2021-03-12,12840.0,10225.0498046875,29351.0
2021-03-15,12500.0,9954.294921875,50664.0
2021-03-16,12400.0,9874.6611328125,96304.0
2021-03-17,12240.0,9747.24609375,61428.0
2021-03-18,11900.0,9476.4892578125,92096.0
2021-03-19,11400.0,9078.31640625,1611681.0
2021-03-22,11400.0,9078.31640625,0.0
2021-03-23,11490.0,9149.9892578125,120925.0
2021-03-24,11650.0,9277.40234375,520985.0
2021-03-25,11600.0,9237.5859375,89372.0
2021-03-26,11570.0,9213.6962890625,90850.0
2021-03-29,11590.0,9229.6240234375,36023.0
2021-03-30,11850.0,9436.6708984375,133534.0
2021-03-31,11780.0,9380.927734375,146807.0
2021-04-01,11780.0,9380.927734375,0.0
2021-04-02,11780.0,9380.927734375,0.0
2021-04-05,11780.0,9380.927734375,125619.0
2021-04-06,12010.0,9564.0888671875,168309.0
2021-04-07,12000.0,9556.125,162043.0
2021-04-08,11880.0,9460.564453125,59533.0
2021-04-09,11700.0,9317.2216796875,52402.0
2021-04-12,11570.0,9213.6962890625,81966.0
2021-04-13,11500.0,9157.953125,109131.0
2021-04-14,11500.0,9157.953125,109131.0
2021-04-15,11400.0,9078.31640625,50003.0
2021-04-16,11520.0,9173.8779296875,71147.0
2021-04-19,11360.0,9356.73046875,208507.0
2021-04-20,11430.0,9414.38671875,558333.0
2021-04-21,11400.0,9389.67578125,16361.0
2021-04-22,11350.0,9348.4951171875,175101.0
2021-04-23,11280.0,9290.8388671875,16294.0
2021-04-26,11000.0,9060.21484375,223593.0
2021-04-27,10900.0,8977.849609375,209018.0
2021-04-28,11040.0,9093.1611328125,483625.0
2021-04-29,10810.0,8903.720703125,66394.0
2021-04-30,10590.0,8722.513671875,190866.0
2021-05-03,9930.0,8178.9013671875,164951.0
2021-05-04,10020.0,8253.03125,199624.0
2021-05-05,10190.0,8393.0517578125,89716.0
2021-05-06,10600.0,8730.751953125,242992.0
2021-05-07,11300.0,9307.310546875,184624.0
2021-05-10,11800.0,9719.1396484375,304144.0
2021-05-11,11800.0,9719.1396484375,304144.0
2021-05-12,11160.0,9191.9990234375,239447.0
2021-05-13,11050.0,9101.396484375,56392.0
2021-05-14,11280.0,9290.8388671875,89233.0
2021-05-17,11280.0,9290.8388671875,0.0
2021-05-18,11000.0,9060.21484375,57018.0
2021-05-19,10700.0,8813.1171875,52754.0
2021-05-20,10980.0,9043.7421875,452074.0
2021-05-21,10780.0,8879.009765625,337560.0
2021-05-24,10380.0,8549.5478515625,46521.0
2021-05-25,9915.0,8166.5478515625,188749.0
2021-05-26,9910.0,8162.4287109375,181566.0
2021-05-27,9000.0,7412.9033203125,1002842.0
2021-05-28,10270.0,8458.9453125,534348.0
2021-05-31,10100.0,8318.923828125,23152.0
2021-06-01,10220.0,8417.7646484375,193309.0
2021-06-02,10250.0,8442.4736328125,270236.0
2021-06-03,10340.0,8516.6015625,113747.0
2021-06-04,10220.0,8417.7646484375,115000.0
2021-06-07,10220.0,8417.7646484375,0.0
2021-06-08,10320.0,8500.12890625,112220.0
2021-06-09,10200.0,8401.2900390625,46602.0
2021-06-10,10380.0,8549.5478515625,30447.0
2021-06-11,10290.0,8475.4189453125,94633.0
2021-06-14,10290.0,8475.4189453125,0.0
2021-06-15,10200.0,8401.2900390625,23421.0
2021-06-16,10100.0,8318.923828125,116602.0
2021-06-17,10190.0,8393.0517578125,37954.0
2021-06-18,10500.0,8648.3876953125,304788.0
2021-06-21,10310.0,8491.8916015625,111937.0
2021-06-22,10310.0,8491.8916015625,43330.0
2021-06-23,10200.0,8401.2900390625,50665.0
2021-06-24,10560.0,8697.8046875,511820.0
2021-06-25,10800.0,8895.4833984375,122368.0
2021-06-28,10770.0,8870.7734375,54957.0
2021-06-29,10400.0,8566.021484375,94444.0
2021-06-30,10000.0,8236.55859375,203678.0
2021-07-01,10100.0,8318.923828125,125659.0
2021-07-02,10500.0,8648.3876953125,175875.0
2021-07-05,10500.0,8648.3876953125,0.0
2021-07-06,10590.0,8722.513671875,91593.0
2021-07-07,10510.0,8656.625,143464.0
2021-07-08,10500.0,8648.3876953125,112858.0
2021-07-09,10420.0,8582.4931640625,196612.0
2021-07-12,10420.0,8582.4931640625,0.0
2021-07-13,10450.0,8607.203125,304399.0
2021-07-14,10520.0,8664.859375,168303.0
2021-07-15,10520.0,8664.859375,44659.0
2021-07-16,10500.0,8648.3876953125,27029.0
2021-07-19,10300.0,8483.6552734375,45345.0
2021-07-20,10300.0,8483.6552734375,0.0
2021-07-21,10400.0,8566.021484375,75333.0
2021-07-22,10420.0,8582.4931640625,35546.0
2021-07-23,10420.0,8582.4931640625,16000.0
2021-07-26,10450.0,8607.203125,17218.0
2021-07-27,10370.0,8541.3115234375,20791.0
2021-07-28,10090.0,8310.6865234375,71783.0
2021-07-29,9980.0,8220.0849609375,171883.0
2021-07-30,10090.0,8310.6865234375,65998.0
2021-08-02,9905.0,8158.3115234375,83241.0
2021-08-03,9905.0,8158.3115234375,75538.0
2021-08-04,9990.0,8228.322265625,40627.0
2021-08-05,9940.0,8187.14013671875,30788.0
2021-08-06,9890.0,8145.955078125,67537.0
2021-08-09,9950.0,8195.375,46641.0
2021-08-10,10020.0,8253.03125,20740.0
2021-08-11,10130.0,8343.634765625,43630.0
2021-08-12,10350.0,8524.8359375,295909.0
2021-08-13,10350.0,8524.8359375,295909.0
2021-08-16,10350.0,8524.8359375,0.0
2021-08-17,10650.0,8771.93359375,172185.0
2021-08-18,11010.0,9068.4521484375,338373.0
2021-08-19,11080.0,9126.107421875,207747.0
2021-08-20,11100.0,9142.58203125,219907.0
2021-08-23,11030.0,9084.923828125,114491.0
2021-08-24,11000.0,9060.21484375,115582.0
2021-08-25,10940.0,9010.7958984375,188449.0
2021-08-26,10650.0,8771.93359375,45620.0
2021-08-27,10890.0,8969.6103515625,70595.0
2021-08-30,10700.0,8813.1171875,229875.0
2021-08-31,10940.0,9010.7958984375,481240.0
2021-09-01,11100.0,9142.58203125,91813.0
2021-09-02,11300.0,9307.310546875,350060.0
2021-09-03,11150.0,9183.763671875,18840.0
2021-09-06,11180.0,9208.4716796875,44804.0
2021-09-07,11210.0,9233.1806640625,87387.0
2021-09-08,11080.0,9126.107421875,48587.0
2021-09-09,11100.0,9142.58203125,88200.0
2021-09-10,11100.0,9142.58203125,69267.0
2021-09-13,10960.0,9027.265625,169019.0
2021-09-14,10690.0,8804.880859375,550241.0
2021-09-15,10700.0,8813.1171875,754851.0
2021-09-16,10750.0,8854.298828125,663022.0
2021-09-17,10800.0,8895.4833984375,1102720.0
2021-09-20,10700.0,8813.1171875,115998.0
2021-09-21,10690.0,8804.880859375,52419.0
2021-09-22,10770.0,8870.7734375,95901.0
2021-09-23,10700.0,8813.1171875,134354.0
2021-09-24,10580.0,8714.279296875,71824.0
2021-09-27,10870.0,8953.1396484375,228578.0
2021-09-28,11100.0,9142.58203125,382567.0
2021-09-29,11100.0,9142.58203125,265960.0
2021-09-30,11160.0,9191.9990234375,87040.0
2021-10-01,11340.0,9340.2578125,474017.0
2021-10-04,11490.0,9463.806640625,199704.0
2021-10-05,11400.0,9389.67578125,593319.0
2021-10-06,11400.0,9389.67578125,451237.0
2021-10-07,11500.0,9472.0439453125,1042006.0
2021-10-08,11660.0,9603.826171875,248476.0
2021-10-11,11900.0,9801.5048828125,578252.0
2021-10-12,11750.0,9677.95703125,220154.0
2021-10-13,11790.0,9710.9033203125,531269.0
2021-10-14,12070.0,9941.525390625,1116265.0
2021-10-15,12090.0,9957.9990234375,256510.0
2021-10-18,12090.0,9957.9990234375,0.0
2021-10-19,12070.0,9941.525390625,612311.0
2021-10-20,11880.0,9785.0341796875,209538.0
2021-10-21,11850.0,9760.3212890625,123492.0
2021-10-22,11800.0,9719.1396484375,58230.0
2021-10-25,11920.0,9817.9775390625,57376.0
2021-10-26,12060.0,9933.287109375,214248.0
2021-10-27,11750.0,9677.95703125,248707.0
2021-10-28,11790.0,9710.9033203125,148147.0
2021-10-29,11800.0,9719.1396484375,113668.0
2021-11-01,11800.0,9719.1396484375,0.0
2021-11-02,11570.0,9529.6982421875,151069.0
2021-11-03,11600.0,9554.408203125,176979.0
2021-11-04,11770.0,9694.4287109375,156211.0
2021-11-05,11800.0,9719.1396484375,70960.0
2021-11-08,11880.0,9785.0341796875,42838.0
2021-11-09,11800.0,9719.1396484375,165265.0
2021-11-10,11580.0,9537.93359375,193440.0
2021-11-11,11800.0,9719.1396484375,236978.0
2021-11-12,11600.0,9554.408203125,161112.0
2021-11-15,11600.0,9554.408203125,0.0
2021-11-16,11600.0,9554.408203125,48604.0
2021-11-17,11380.0,9373.203125,143428.0
2021-11-18,11500.0,9472.0439453125,122223.0
2021-11-19,11020.0,9076.6865234375,148534.0
2021-11-22,11190.0,9216.708984375,253976.0
2021-11-23,11200.0,9224.9443359375,67362.0
2021-11-24,11700.0,9636.7744140625,193632.0
2021-11-25,12100.0,9966.2353515625,156721.0
2021-11-26,11900.0,9801.5048828125,1042099.0
2021-11-29,12400.0,10213.33203125,676967.0
2021-11-30,12600.0,10378.064453125,944694.0
2021-12-01,15100.0,12437.203125,2913944.0
2021-12-02,15720.0,12947.8701171875,1638310.0
2021-12-03,15420.0,12700.7744140625,354874.0
2021-12-06,15200.0,12519.568359375,678420.0
2021-12-07,14000.0,11531.1826171875,618689.0
2021-12-08,14000.0,11531.1826171875,0.0
2021-12-09,14000.0,11531.1826171875,0.0
2021-12-10,13900.0,11448.8173828125,246186.0
2021-12-13,13290.0,10946.3857421875,108668.0
2021-12-14,13350.0,10995.8076171875,201267.0
2021-12-15,13860.0,11415.8701171875,87468.0
2021-12-16,14270.0,11753.5712890625,247730.0
2021-12-17,13550.0,11160.5380859375,243379.0
2021-12-20,13370.0,11012.2802734375,173756.0
2021-12-21,13620.0,11218.193359375,140148.0
2021-12-22,13530.0,11144.0634765625,97220.0
2021-12-23,13410.0,11045.224609375,36776.0
2021-12-24,13640.0,11234.6669921875,10683.0
2021-12-27,13600.0,11201.7197265625,14276.0
2021-12-28,13500.0,11119.35546875,64032.0
2021-12-29,13500.0,11119.35546875,24412.0
2021-12-30,13550.0,11160.5380859375,49814.0
2021-12-31,13550.0,11160.5380859375,0.0
2022-01-03,13500.0,11119.35546875,18802.0
2022-01-04,13500.0,11119.35546875,9777.0
2022-01-05,13350.0,10995.8076171875,55164.0
2022-01-06,12880.0,10608.6865234375,156230.0
2022-01-07,13650.0,11242.904296875,229003.0
2022-01-10,13650.0,11242.904296875,0.0
2022-01-11,13850.0,11407.6337890625,109600.0
2022-01-12,14400.0,11860.64453125,564952.0
2022-01-13,14950.0,12313.6533203125,624917.0
2022-01-14,14220.0,11712.38671875,758043.0
2022-01-17,14220.0,11712.38671875,0.0
2022-01-18,14220.0,11712.38671875,0.0
2022-01-19,14220.0,11712.38671875,0.0
2022-01-20,16350.0,13466.775390625,614823.0
2022-01-21,15850.0,13054.947265625,444021.0
2022-01-24,15790.0,13005.5263671875,562849.0
2022-01-25,15620.0,12865.505859375,346693.0
2022-01-26,15590.0,12840.794921875,256079.0
2022-01-27,15640.0,12881.9765625,176103.0
2022-01-28,15900.0,13096.130859375,477779.0
2022-01-31,16140.0,13293.8046875,210528.0
2022-02-01,15510.0,12774.90234375,322920.0
2022-02-02,15300.0,12601.9345703125,882876.0
2022-02-03,14960.0,12321.8916015625,205365.0
2022-02-04,14430.0,11885.3544921875,2306146.0
2022-02-07,14230.0,11720.6240234375,316897.0
2022-02-08,14230.0,11720.6240234375,314659.0
2022-02-09,13910.0,11457.052734375,189375.0
2022-02-10,13330.0,10979.33203125,508061.0
2022-02-11,13690.0,11275.8486328125,3003831.0
2022-02-14,13350.0,10995.8076171875,244754.0
2022-02-15,13250.0,10913.4404296875,133408.0
2022-02-16,13220.0,10888.7294921875,170547.0
2022-02-17,13550.0,11160.5380859375,173154.0
2022-02-18,13480.0,11102.880859375,108195.0
2022-02-21,13130.0,10814.6005859375,211034.0
2022-02-22,13400.0,11036.990234375,370619.0
2022-02-23,13100.0,10789.890625,292990.0
2022-02-24,13320.0,10971.09375,238563.0
2022-02-25,13460.0,11086.408203125,107157.0
2022-02-28,12900.0,10625.16015625,324545.0
2022-03-01,13350.0,10995.8076171875,308722.0
2022-03-02,13300.0,10954.6220703125,190968.0
2022-03-03,13300.0,10954.6220703125,537197.0
2022-03-04,13280.0,10938.150390625,64146.0
2022-03-07,13300.0,10954.6220703125,129204.0
2022-03-08,13350.0,10995.8076171875,259376.0
2022-03-09,13360.0,11004.0439453125,921915.0
2022-03-10,13350.0,10995.8076171875,3104210320.0
2022-03-11,13350.0,10995.8076171875,232475.0
2022-03-14,13180.0,10855.7841796875,295446.0
2022-03-15,13250.0,10913.4404296875,165142.0
2022-03-16,13350.0,10995.8076171875,503170.0
2022-03-17,13460.0,11086.408203125,526270.0
2022-03-18,13020.0,10724.0,8678816.0
2022-03-21,13020.0,10724.0,0.0
2022-03-22,13050.0,10748.70703125,545707.0
2022-03-23,13110.0,10798.126953125,283014.0
2022-03-24,13530.0,11144.0634765625,877621.0
2022-03-25,14290.0,11770.04296875,1188024.0
2022-03-28,14170.0,11671.203125,405465.0
2022-03-29,14320.0,11794.75,804482.0
2022-03-30,14320.0,11898.6142578125,804482.0
2022-03-31,13880.0,11533.0146484375,352048.0
2022-04-01,13980.0,11616.10546875,186484.0
2022-04-04,13980.0,11616.10546875,0.0
2022-04-05,14440.0,11998.3232421875,737551.0
2022-04-06,14560.0,12098.0341796875,1005934.0
2022-04-07,14500.0,12048.1806640625,329946.0
2022-04-08,14700.0,12214.3603515625,1686666.0
2022-04-11,14540.0,12081.4140625,140903.0
2022-04-12,14240.0,11832.14453125,82141.0
2022-04-13,14500.0,12048.1806640625,27706.0
2022-04-14,14500.0,12048.1806640625,0.0
2022-04-15,14500.0,12048.1806640625,0.0
2022-04-18,14380.0,11948.4697265625,119800.0
2022-04-19,14420.0,11981.7060546875,87898.0
2022-04-20,14450.0,12006.6337890625,130103.0
2022-04-21,14350.0,11923.5400390625,302900.0
2022-04-22,14350.0,11923.5400390625,429853.0
2022-04-25,14350.0,11923.5400390625,390957.0
2022-04-26,14300.0,11881.9970703125,525733.0
2022-04-27,14300.0,11881.9970703125,333653.0
2022-04-28,14460.0,12014.9423828125,203373.0
2022-04-29,14460.0,12014.9423828125,203373.0
2022-05-02,14390.0,11956.7802734375,113542.0
2022-05-03,14200.0,11798.9072265625,77759.0
2022-05-04,14100.0,11715.81640625,151232.0
2022-05-05,13800.0,11466.5439453125,130661.0
2022-05-06,13660.0,11350.21484375,123515.0
2022-05-09,13120.0,10901.5234375,208710.0
2022-05-10,14000.0,11632.724609375,272485.0
2022-05-11,13800.0,11466.5439453125,66915.0
2022-05-12,14000.0,11632.724609375,246657.0
2022-05-13,14000.0,11632.724609375,716722.0
2022-05-16,14110.0,11724.125,603272.0
2022-05-17,13950.0,11591.177734375,759577.0
2022-05-18,13600.0,11300.3603515625,785431.0
2022-05-19,13540.0,11250.5048828125,1068793.0
2022-05-20,13540.0,11250.5048828125,1068793.0
2022-05-23,13540.0,11250.5048828125,0.0
2022-05-24,13540.0,11250.5048828125,0.0
2022-05-25,13540.0,11250.5048828125,0.0
2022-05-26,13540.0,11250.5048828125,0.0
2022-05-27,13540.0,11250.5048828125,0.0
2022-05-30,13540.0,11250.5048828125,0.0
2022-05-31,13540.0,11250.5048828125,0.0
2022-06-01,13540.0,11250.5048828125,0.0
2022-06-02,13540.0,11250.5048828125,0.0
2022-06-03,13540.0,11250.5048828125,0.0
2022-06-06,13540.0,11250.5048828125,0.0
2022-06-07,13540.0,11250.5048828125,0.0
2022-06-08,13540.0,11250.5048828125,0.0
2022-06-09,13540.0,11250.5048828125,0.0
2022-06-10,13540.0,11250.5048828125,0.0
2022-06-13,16200.0,13460.7236328125,704986.0
2022-06-14,16410.0,13635.21484375,390798.0
2022-06-15,16380.0,13610.2880859375,593134.0
2022-06-16,16440.0,13660.142578125,257620.0
2022-06-17,16200.0,13460.7236328125,184384.0
2022-06-20,16200.0,13460.7236328125,0.0
2022-06-21,16200.0,13460.7236328125,285478.0
2022-06-22,16250.0,13502.271484375,148146.0
2022-06-23,16260.0,13510.580078125,174891.0
2022-06-24,16030.0,13319.4716796875,381216.0
2022-06-27,16030.0,13319.4716796875,0.0
2022-06-28,16030.0,13424.150390625,0.0
2022-06-29,16030.0,13424.150390625,0.0
2022-06-30,15060.0,12611.833984375,266451.0
2022-07-01,15600.0,13064.05078125,131609.0
2022-07-04,15600.0,13064.05078125,0.0
2022-07-05,15460.0,12946.810546875,79769.0
2022-07-06,15460.0,12946.810546875,79769.0
2022-07-07,13800.0,11556.658203125,1245641.0
2022-07-08,13950.0,11682.27734375,130540.0
2022-07-11,14180.0,11874.8876953125,343053.0
2022-07-12,14000.0,11724.1494140625,391394.0
2022-07-13,13630.0,11414.294921875,51523.0
2022-07-14,12700.0,10635.4775390625,145277.0
2022-07-15,13200.0,11054.1982421875,100097.0
2022-07-18,12980.0,10869.9609375,121724.0
2022-07-19,12900.0,10802.96484375,26729.0
2022-07-20,12900.0,10802.96484375,0.0
2022-07-21,12380.0,10367.4970703125,216577.0
2022-07-22,12020.0,10066.01953125,49166.0
2022-07-25,12200.0,10216.7578125,73156.0
2022-07-26,12630.0,10576.857421875,144187.0
2022-07-27,12490.0,10459.6162109375,183300.0
2022-07-28,12460.0,10434.4921875,35505.0
2022-07-29,12100.0,10133.0146484375,115346.0
2022-08-01,11790.0,9873.4091796875,42934.0
2022-08-02,11840.0,9915.2802734375,40160.0
2022-08-03,11500.0,9630.55078125,83567.0
2022-08-04,11200.0,9379.3173828125,51434.0
2022-08-05,11330.0,9488.1865234375,45762.0
2022-08-08,11750.0,9839.91015625,209599.0
2022-08-09,11600.0,9714.29296875,216999.0
2022-08-10,11480.0,9613.7998046875,245647.0
2022-08-11,11690.0,9789.6640625,70215.0
2022-08-12,11600.0,9714.29296875,81624.0
2022-08-15,11600.0,9714.29296875,0.0
2022-08-16,11600.0,9714.29296875,0.0
2022-08-17,11320.0,9479.8125,237171.0
2022-08-18,11300.0,9463.0625,84982.0
2022-08-19,11140.0,9329.072265625,96289.0
2022-08-22,10900.0,9128.0869140625,139233.0
2022-08-23,10100.0,8458.1337890625,517952.0
2022-08-24,10300.0,8625.623046875,236246.0
2022-08-25,10270.0,8600.5009765625,136941.0
2022-08-26,10230.0,8567.00390625,28237.0
2022-08-29,10030.0,8399.515625,80912.0
2022-08-30,9815.0,8219.4658203125,85781.0
2022-08-31,9750.0,8165.03173828125,125579.0
2022-09-01,9790.0,8198.5302734375,83209.0
2022-09-02,9910.0,8299.0224609375,45633.0
2022-09-05,9850.0,8248.7763671875,50841.0
2022-09-06,9840.0,8240.3974609375,22934.0
2022-09-07,9750.0,8165.03173828125,31644.0
2022-09-08,9750.0,8165.03173828125,35844.0
2022-09-09,9700.0,8123.15966796875,66591.0
2022-09-12,9800.0,8206.904296875,48763.0
2022-09-13,10000.0,8374.3935546875,118143.0
2022-09-14,9710.0,8131.533203125,67990.0
2022-09-15,10000.0,8374.3935546875,274816.0
2022-09-16,11000.0,9211.8330078125,1646678.0
2022-09-19,10670.0,8935.4765625,101813.0
2022-09-20,10220.0,8558.626953125,36248.0
2022-09-21,10670.0,8935.4765625,238025.0
2022-09-22,10540.0,8826.609375,96027.0
2022-09-23,10100.0,8458.1337890625,132156.0
2022-09-26,9620.0,8056.1669921875,30652.0
2022-09-27,9700.0,8123.15966796875,165109.0
2022-09-28,9840.0,8240.3974609375,35757.0
2022-09-29,9650.0,8185.265625,19156.0
2022-09-30,9810.0,8320.9814453125,84366.0
2022-10-03,10200.0,8651.78515625,49335.0
2022-10-04,10520.0,8923.2158203125,97870.0
2022-10-05,10700.0,9075.8916015625,126203.0
2022-10-06,10900.0,9245.53515625,108281.0
2022-10-07,10820.0,9177.6796875,13486.0
2022-10-10,10610.0,8999.5537109375,23474.0
2022-10-11,10230.0,8677.23046875,43522.0
2022-10-12,10340.0,8770.53515625,34393.0
2022-10-13,10410.0,8829.91015625,8099.0
2022-10-14,10010.0,8490.6240234375,28692.0
2022-10-17,10010.0,8490.6240234375,0.0
2022-10-18,10030.0,8507.5888671875,97746.0
2022-10-19,10490.0,8897.767578125,133409.0
2022-10-20,10490.0,8897.767578125,133409.0
2022-10-21,10770.0,9135.2666015625,49131.0
2022-10-24,10300.0,8736.6064453125,64943.0
2022-10-25,10400.0,8821.4287109375,11386.0
2022-10-26,10300.0,8736.6064453125,165547.0
2022-10-27,10410.0,8829.91015625,38580.0
2022-10-28,10230.0,8677.23046875,86536.0
2022-10-31,10250.0,8694.1962890625,91124.0
2022-11-01,10360.0,8787.4990234375,241648.0
2022-11-02,10300.0,8736.6064453125,62811.0
2022-11-03,10060.0,8533.03515625,125642.0
2022-11-04,10000.0,8482.1416015625,106681.0
2022-11-07,10000.0,8482.1416015625,0.0
2022-11-08,10040.0,8516.0703125,50183.0
2022-11-09,9900.0,8397.3203125,66824.0
2022-11-10,10170.0,8626.33984375,177937.0
2022-11-11,10280.0,8719.642578125,61122.0
2022-11-14,10280.0,8719.642578125,0.0
2022-11-15,10680.0,9058.9267578125,200973.0
2022-11-16,10590.0,8982.5888671875,278327.0
2022-11-17,10600.0,8991.0703125,217637.0
2022-11-18,10500.0,8906.248046875,42456.0
2022-11-21,10300.0,8736.6064453125,78221.0
2022-11-22,10300.0,8736.6064453125,78221.0
2022-11-23,10400.0,8821.4287109375,806694080.0
2022-11-24,10400.0,8821.4287109375,0.0
2022-11-25,10000.0,8482.1416015625,197581.0
2022-11-28,9940.0,8431.2490234375,41088.0
2022-11-29,10100.0,8566.962890625,92914.0
2022-11-30,9900.0,8397.3203125,966790.0
2022-12-01,9970.0,8456.6962890625,47175.0
2022-12-02,9975.0,8460.9375,53617.0
2022-12-05,9850.0,8354.91015625,45733.0
2022-12-06,9860.0,8363.3916015625,36634.0
2022-12-07,9750.0,8270.0888671875,94300.0
2022-12-08,9750.0,8270.0888671875,0.0
2022-12-09,9700.0,8227.6787109375,99971.0
2022-12-12,9800.0,8312.4990234375,77992.0
2022-12-13,9890.0,8388.8388671875,82275.0
2022-12-14,9520.0,8075.0,53847.0
2022-12-15,9260.0,7854.4638671875,82759.0
2022-12-16,8995.0,7629.68798828125,53609.0
2022-12-19,9130.0,7744.197265625,105651.0
2022-12-20,9000.0,7633.9287109375,83897.0
2022-12-21,8930.0,7574.552734375,433691.0
2022-12-22,9155.0,7765.40087890625,27354.0
2022-12-23,9070.0,7693.3037109375,94433.0
2022-12-26,9100.0,7718.748046875,14149.0
2022-12-27,9000.0,7633.9287109375,190296.0
2022-12-28,9495.0,8053.794921875,110682.0
2022-12-29,9490.0,8156.93896484375,137956.0
2022-12-30,9490.0,8156.93896484375,0.0
2023-01-02,9472.7099609375,8142.07763671875,450.0
2023-01-03,9495.0,8161.2353515625,90079.0
2023-01-04,9330.0,8019.41259765625,91678.0
2023-01-05,9970.0,8569.51171875,93975.0
2023-01-06,9805.0,8427.6875,140382.0
2023-01-09,9805.0,8427.6875,0.0
2023-01-10,9730.0,8363.2255859375,117625.0
2023-01-11,9890.0,8500.7490234375,87964.0
2023-01-12,9925.0,8530.833984375,91520.0
2023-01-13,9810.0,8431.986328125,20876.0
2023-01-16,9850.0,8466.3701171875,13465.0
2023-01-17,9800.0,8423.3916015625,49911.0
2023-01-18,9950.0,8552.3212890625,92081.0
2023-01-19,9790.0,8414.7958984375,140897.0
2023-01-20,9870.0,8483.5595703125,76078.0
2023-01-23,9800.0,8423.3916015625,171668.0
2023-01-24,9640.0,8285.8681640625,60543.0
2023-01-25,9315.0,8006.52001953125,45515.0
2023-01-26,9310.0,8002.22119140625,104891.0
2023-01-27,9440.0,8113.9609375,83205.0
2023-01-30,9400.0,8079.5791015625,40851.0
2023-01-31,9365.0,8049.4970703125,105269.0
2023-02-01,9400.0,8079.5791015625,96586.0
2023-02-02,9290.0,7985.0322265625,148509.0
2023-02-03,9275.0,7972.13916015625,369087.0
2023-02-06,9041.6396484375,7771.56005859375,4406.0
2023-02-07,8950.0,7692.7919921875,476189.0
2023-02-08,8870.0,7624.02880859375,103921.0
2023-02-09,8600.0,7391.9560546875,36077.0
2023-02-10,8420.0,7237.24072265625,131378.0
2023-02-13,8150.0,7005.16796875,104221.0
2023-02-14,8000.0,6876.23828125,293831.0
2023-02-15,8005.0,6880.5361328125,217863.0
2023-02-16,8265.0,7104.01416015625,129136.0
2023-02-17,8265.0,7104.01416015625,158974.0
2023-02-20,8265.0,7104.01416015625,50995.0
2023-02-21,8270.0,7108.31103515625,159360.0
2023-02-22,8380.0,7202.85986328125,47015.0
2023-02-23,8650.0,7434.9326171875,239372.0
2023-02-24,9460.0,8131.15234375,288968.0
2023-02-27,9650.0,8294.4609375,285919.0
2023-02-28,9700.0,8337.439453125,240897.0
2023-03-01,9700.0,8337.439453125,86151.0
2023-03-02,9700.0,8337.439453125,143205.0
2023-03-03,9700.0,8337.439453125,176213.0
2023-03-06,9710.0,8346.03515625,179335.0
2023-03-07,9700.0,8337.439453125,576893.0
2023-03-08,9700.0,8337.439453125,146765.0
2023-03-09,9665.0,8307.353515625,184923.0
2023-03-10,9550.0,8208.509765625,157646.0
2023-03-13,9515.0,8178.4248046875,125553.0
2023-03-14,9625.0,8272.9736328125,145037.0
2023-03-15,9690.0,8328.84375,120840.0
2023-03-16,9650.0,8294.4609375,398198.0
2023-03-17,9630.0,8277.2724609375,402841.0
2023-03-20,9630.0,8277.2724609375,0.0
2023-03-21,9250.0,7950.65234375,181893.0
2023-03-22,9120.0,7838.91162109375,277631.0
2023-03-23,9165.0,7877.58935546875,48792.0
2023-03-24,8700.0,7477.9091796875,147367.0
2023-03-27,8580.0,7374.7666015625,125206.0
2023-03-28,8690.0,7469.3125,15889.0
2023-03-29,8400.0,7220.0498046875,81465.0
2023-03-30,8900.0,7649.81494140625,124012.0
2023-03-31,9090.0,7813.12744140625,61758.0
2023-04-03,9300.0,8122.06982421875,53692.0
2023-04-04,9250.0,8078.4033203125,30638.0
2023-04-05,9300.0,8122.06982421875,119219.0
2023-04-06,9300.0,8122.06982421875,0.0
2023-04-07,9300.0,8122.06982421875,0.0
2023-04-10,9385.0,8196.3037109375,45810.0
2023-04-11,9540.0,8331.6708984375,303459.0
2023-04-12,9840.0,8593.6728515625,122893.0
2023-04-13,9750.0,8515.0732421875,139518.0
2023-04-14,9750.0,8515.0732421875,0.0
2023-04-17,9750.0,8515.0732421875,98098.0
2023-04-18,9560.0,8349.138671875,43536.0
2023-04-19,9400.0,8209.40234375,23554.0
2023-04-20,9300.0,8122.06982421875,16528.0
2023-04-21,9125.0,7969.23388671875,58199.0
2023-04-24,9150.0,7991.06787109375,52769.0
2023-04-25,9000.0,7860.0693359375,151956.0
2023-04-26,9000.0,7860.0693359375,47839.0
2023-04-27,8605.0,7515.09814453125,85560.0
2023-04-28,8850.0,7729.06640625,67217.0
2023-05-01,8850.0,7729.06640625,0.0
2023-05-02,8430.0,7362.26416015625,153623.0
2023-05-03,8850.0,7729.06640625,117583.0
2023-05-04,8660.0,7563.1318359375,88864.0
2023-05-05,8775.0,7663.56689453125,34393.0
2023-05-08,8600.0,7510.73095703125,14728.0
2023-05-09,8700.0,7598.06494140625,29533.0
2023-05-10,9170.0,8008.53466796875,190231.0
2023-05-11,8980.0,7842.60107421875,71672.0
2023-05-12,9250.0,8078.4033203125,149060.0
2023-05-15,9395.0,8205.0380859375,334721.0
2023-05-16,9300.0,8122.06982421875,105915.0
2023-05-17,9400.0,8209.40234375,28384.0
2023-05-18,9400.0,8209.40234375,237065.0
2023-05-19,9300.0,8122.06982421875,22349.0
2023-05-22,9300.0,8122.06982421875,0.0
2023-05-23,9470.0,8270.537109375,42799.0
2023-05-24,9350.0,8165.73681640625,35509.0
2023-05-25,9350.0,8165.73681640625,0.0
2023-05-26,9350.0,8165.73681640625,0.0
2023-05-29,9350.0,8165.73681640625,0.0
2023-05-30,9350.0,8165.73681640625,0.0
2023-05-31,9350.0,8165.73681640625,0.0
2023-06-01,9350.0,8165.73681640625,0.0
2023-06-02,9350.0,8165.73681640625,0.0
2023-06-05,9350.0,8165.73681640625,0.0
2023-06-06,9350.0,8165.73681640625,0.0
2023-06-07,9350.0,8165.73681640625,0.0
2023-06-08,9350.0,8165.73681640625,0.0
2023-06-09,9350.0,8165.73681640625,0.0
2023-06-12,9350.0,8165.73681640625,0.0
2023-06-13,9350.0,8165.73681640625,0.0
2023-06-14,9350.0,8165.73681640625,0.0
2023-06-15,9350.0,8165.73681640625,0.0
2023-06-16,10070.0,8794.541015625,1088877.0
2023-06-19,10070.0,8794.541015625,0.0
2023-06-20,9555.0,8344.7705078125,614842.0
2023-06-21,9025.0,7881.90087890625,180443.0
2023-06-22,9235.0,8065.30224609375,90539.0
2023-06-23,9110.0,7956.13623046875,55268.0
2023-06-26,9090.0,7938.66943359375,40683.0
2023-06-27,9100.0,7947.40185546875,53514.0
2023-06-28,9190.0,8026.001953125,24831.0
2023-06-29,9550.0,8340.4052734375,302571.0
2023-06-30,9650.0,8427.7392578125,66245.0
2023-07-03,9650.0,8427.7392578125,0.0
2023-07-04,9800.0,8558.7412109375,46970.0
2023-07-05,9685.0,8584.2236328125,77440.0
2023-07-06,9335.0,8274.0029296875,105000.0
2023-07-07,9495.0,8415.8173828125,92068.0
2023-07-10,9620.0,8526.6103515625,65470.0
2023-07-11,9725.0,8619.6767578125,313918.0
2023-07-12,9490.0,8411.38671875,184290.0
2023-07-13,9615.0,8522.1787109375,100586.0
2023-07-14,9550.0,8464.56640625,79942.0
2023-07-17,9700.0,8597.5185546875,134914.0
2023-07-18,9630.0,8535.4736328125,181429.0
2023-07-19,9695.0,8593.0869140625,128472.0
2023-07-20,9695.0,8593.0869140625,0.0
2023-07-21,9765.0,8655.1279296875,98397.0
2023-07-24,9785.0,8672.8564453125,100850.0
2023-07-25,9635.0,8539.904296875,99804.0
2023-07-26,9650.0,8553.2001953125,95822.0
2023-07-27,9600.0,8508.8828125,86991.0
2023-07-28,9600.0,8508.8828125,265895.0
2023-07-31,9600.0,8508.8828125,0.0
2023-08-01,9680.0,8579.791015625,67684.0
2023-08-02,9619.2197265625,8525.91796875,228997.0
2023-08-03,9470.0,8393.658203125,145110.0
2023-08-04,9470.0,8393.658203125,0.0
2023-08-07,9470.0,8393.658203125,0.0
2023-08-08,9625.0,8531.041015625,132391.0
2023-08-09,9600.0,8508.8828125,65988.0
2023-08-10,9610.0,8517.74609375,31162.0
2023-08-11,9680.0,8579.791015625,973811570.0
2023-08-14,9390.0,8322.7529296875,132435.0
2023-08-15,9200.0,8154.345703125,125613.0
2023-08-16,9250.0,8198.6640625,83676.0
2023-08-17,9150.0,8110.02880859375,105810.0
2023-08-18,9390.0,8322.7529296875,62674.0
2023-08-21,9390.0,8322.7529296875,0.0
2023-08-22,9020.0,7994.80615234375,114690.0
2023-08-23,8820.0,7817.53662109375,62099.0
2023-08-24,8925.0,7910.60302734375,52138.0
2023-08-25,9075.0,8043.55419921875,75772.0
2023-08-28,8720.0,7728.90234375,280785.0
2023-08-29,8680.0,7693.4482421875,161823.0
2023-08-30,8390.0,7436.40966796875,137333.0
2023-08-31,8060.0,7143.9169921875,4346280.0
2023-09-01,8000.0,7090.73681640625,1265662.0
2023-09-04,7780.0,6895.7412109375,125444.0
2023-09-05,7750.0,6869.150390625,180583.0
2023-09-06,7800.0,6913.4677734375,151737.0
2023-09-07,8300.0,7356.638671875,1340490.0
2023-09-08,8400.0,7445.27197265625,462335.0
2023-09-11,8300.0,7356.638671875,202181.0
2023-09-12,8000.0,7090.73681640625,362849.0
2023-09-13,8270.0,7330.04833984375,4648023.0
2023-09-14,8290.0,7347.77587890625,174587.0
2023-09-15,8290.0,7347.77587890625,579481.0
2023-09-18,8530.0,7560.49658203125,320140.0
2023-09-19,8570.0,7595.9521484375,99770.0
2023-09-20,8600.0,7622.541015625,342877.0
2023-09-21,8545.0,7573.79296875,169634.0
2023-09-22,8870.0,7861.85302734375,148180.0
2023-09-25,8980.0,7959.3515625,137502.0
2023-09-26,9000.0,7977.080078125,340194.0
2023-09-27,9100.0,8065.71240234375,346548.0
2023-09-28,9400.0,8331.61328125,484445.0
2023-09-29,9350.0,8287.2978515625,291574.0
2023-10-02,9270.0,8216.390625,121116.0
2023-10-03,9155.0,8114.4609375,675222.0
2023-10-04,9015.0,7990.375,611517.0
2023-10-05,8955.0,8065.8076171875,100712.0
2023-10-06,8910.0,8025.27685546875,104177.0
2023-10-09,8970.0,8079.3173828125,104811.0
2023-10-10,9050.0,8151.37353515625,137683.0
2023-10-11,8980.0,8088.32470703125,106710.0
2023-10-12,9100.0,8196.4111328125,178584.0
2023-10-13,9050.0,8151.37353515625,101247.0
2023-10-16,9050.0,8151.37353515625,0.0
2023-10-17,9200.0,8286.4794921875,130146.0
2023-10-18,9270.0,8349.529296875,129188.0
2023-10-19,9180.0,8268.4658203125,106976.0
2023-10-20,9240.0,8322.5078125,129907.0
2023-10-23,9230.0,8313.501953125,95001.0
2023-10-24,9230.0,8313.501953125,101553.0
2023-10-25,9045.0,8146.87060546875,50174.0
2023-10-26,9110.0,8205.4150390625,34994.0
2023-10-27,9095.0,8191.90576171875,237333.0
2023-10-30,8950.0,8061.3046875,48415.0
2023-10-31,8920.0,8034.28369140625,36265.0
2023-11-01,8885.0,8002.7578125,220288.0
2023-11-02,8860.0,7980.2421875,12728.0
2023-11-03,8800.0,7926.1982421875,23113.0
2023-11-06,8800.0,7926.1982421875,0.0
2023-11-07,9100.0,8196.4111328125,303495.0
2023-11-08,9190.0,8277.47265625,136305.0
2023-11-09,9280.0,8358.5380859375,150948.0
2023-11-10,9200.0,8286.4794921875,633523.0
2023-11-13,9200.0,8286.4794921875,0.0
2023-11-14,9330.0,8403.572265625,440118.0
2023-11-15,9250.0,8331.515625,137799.0
2023-11-16,9340.0,8412.5791015625,195993.0
2023-11-17,9250.0,8331.515625,523099.0
2023-11-20,9360.0,8430.591796875,138008.0
2023-11-21,9420.0,8484.6357421875,810349.0
2023-11-22,9260.0,8340.5224609375,483600.0
2023-11-23,9480.0,8538.6787109375,224151.0
2023-11-24,9440.0,8502.6484375,115611.0
2023-11-27,9400.0,8466.62109375,235356.0
2023-11-28,9410.0,8475.6298828125,355343.0
2023-11-29,10280.0,9259.2412109375,720024.0
2023-11-30,10400.0,9367.32421875,469186.0
2023-12-01,10380.0,9349.3115234375,109301.0
2023-12-04,10760.0,9691.5791015625,413271.0
2023-12-05,10740.0,9673.5654296875,357290.0
2023-12-06,10180.0,9169.169921875,254813.0
2023-12-07,10400.0,9367.32421875,279409.0
2023-12-08,10400.0,9367.32421875,0.0
2023-12-11,10720.0,9655.5517578125,178374.0
2023-12-12,11380.0,10250.015625,419964.0
2023-12-13,11860.0,10682.353515625,329773.0
2023-12-14,12000.0,10808.4521484375,375718.0
2023-12-15,12200.0,10988.5927734375,289535.0
2023-12-18,12320.0,11096.6796875,333420.0
2023-12-19,12360.0,11132.705078125,339800.0
2023-12-20,11820.0,10646.326171875,326750.0
2023-12-21,11880.0,10700.369140625,254479.0
2023-12-22,12180.0,10970.580078125,227507.0
2023-12-25,12180.0,10970.580078125,0.0
2023-12-26,12300.0,11078.6630859375,118411.0
2023-12-27,12340.0,11114.6923828125,112503.0
2023-12-28,12420.0,11186.748046875,257183.0
2023-12-29,12420.0,11186.748046875,0.0
2024-01-01,12420.0,11186.748046875,0.0
2024-01-02,12900.0,11619.0859375,148023.0
2024-01-03,13100.0,11799.2265625,132616.0
2024-01-04,13460.0,12257.9892578125,136806.0
2024-01-05,13700.0,12476.556640625,128557.0
2024-01-08,13700.0,12476.556640625,0.0
2024-01-09,13900.0,12658.6982421875,194769.0
2024-01-10,13800.0,12567.62890625,475026.0
2024-01-11,13880.0,12640.4833984375,88315.0
2024-01-12,13800.0,12567.62890625,291247.0
2024-01-15,13900.0,12658.6982421875,159203.0
2024-01-16,13720.0,12494.7724609375,393345.0
2024-01-17,13780.0,12549.4150390625,208865.0
2024-01-18,13540.0,12330.8466796875,283493.0
2024-01-19,13500.0,12294.4189453125,182276.0
2024-01-22,13500.0,12294.4189453125,0.0
2024-01-23,13580.0,12367.275390625,420907.0
2024-01-24,13580.0,12367.275390625,0.0
2024-01-25,13580.0,12367.275390625,0.0
2024-01-26,13580.0,12367.275390625,0.0
2024-01-29,13800.0,12567.62890625,217185.0
2024-01-30,13760.0,12531.2001953125,187456.0
2024-01-31,13720.0,12494.7724609375,84102.0
2024-02-01,13600.0,12385.4892578125,73631.0
2024-02-02,13740.0,12512.986328125,84037.0
2024-02-05,13420.0,12221.564453125,68904.0
2024-02-06,13540.0,12330.8466796875,54129.0
2024-02-07,13300.0,12112.2802734375,64142.0
2024-02-08,13200.0,12021.2099609375,92437.0
2024-02-09,12780.0,11638.7177734375,90635.0
2024-02-12,12800.0,11656.931640625,69258.0
2024-02-13,12400.0,11292.65234375,216449.0
2024-02-14,12200.0,11110.51171875,70928.0
2024-02-15,12300.0,11201.5810546875,53569.0
2024-02-16,12820.0,11675.1416015625,646766.0
2024-02-19,12540.0,11420.150390625,20853.0
2024-02-20,12760.0,11620.5029296875,52053.0
2024-02-21,12960.0,11802.640625,166870.0
2024-02-22,13260.0,12075.849609375,51672.0
2024-02-23,13580.0,12367.275390625,397704.0
2024-02-26,13520.0,12312.634765625,53976.0
2024-02-27,13520.0,12312.634765625,85251.0
2024-02-28,13840.0,12604.0556640625,173304.0
2024-02-29,13700.0,12476.556640625,370195.0
2024-03-01,14200.0,12931.9072265625,596406.0
2024-03-04,14740.0,13423.68359375,1116339.0
2024-03-05,15200.0,13842.6044921875,410408.0
2024-03-06,15000.0,13660.4658203125,190150.0
2024-03-07,15080.0,13733.3212890625,105833.0
2024-03-08,14760.0,13441.896484375,115838.0
2024-03-11,14980.0,13642.251953125,239683.0
2024-03-12,14300.0,13022.978515625,826171.0
2024-03-13,14300.0,13022.978515625,624155.0
2024-03-14,14400.0,13114.0478515625,141642.0
2024-03-15,14300.0,13022.978515625,2254159.0
2024-03-18,15000.0,13660.4658203125,301160.0
2024-03-19,14900.0,13569.3955078125,197159.0
2024-03-20,14700.0,13387.2568359375,74678.0
2024-03-21,15200.0,13842.6044921875,118537.0
2024-03-22,15140.0,13787.9638671875,104366.0
2024-03-25,15140.0,13787.9638671875,0.0
2024-03-26,15300.0,13933.6748046875,149904.0
2024-03-27,15380.0,14006.529296875,158039.0
2024-03-28,15380.0,14006.529296875,0.0
2024-03-29,15380.0,14006.529296875,0.0
2024-04-01,15600.0,14206.8828125,210528.0
2024-04-02,15820.0,14407.2373046875,290915.0
2024-04-03,15940.0,14516.5224609375,210332.0
2024-04-04,15900.0,14625.9873046875,758070.0
2024-04-05,15880.0,14607.58984375,252518.0
2024-04-08,16000.0,14717.97265625,210499.0
2024-04-09,16400.0,15085.921875,774435.0
2024-04-10,16380.0,15067.525390625,2582626.0
2024-04-11,16400.0,15085.921875,1034476.0
2024-04-12,16340.0,15030.7294921875,2422034.0
2024-04-15,16200.0,14901.947265625,162854.0
2024-04-16,16200.0,14901.947265625,385281.0
2024-04-17,16040.0,14754.76953125,710104.0
2024-04-18,15800.0,14534.0009765625,383070.0
2024-04-19,15760.0,14497.203125,112275.0
2024-04-22,16060.0,14773.1669921875,159957.0
2024-04-23,15960.0,14681.177734375,259300.0
2024-04-24,16140.0,14846.7548828125,1697931.0
2024-04-25,16420.0,15104.3212890625,347223.0
2024-04-26,16540.0,15214.7060546875,374534.0
2024-04-29,16400.0,15085.921875,110796.0
2024-04-30,16120.0,14828.359375,164600.0
2024-05-02,16280.0,14975.5380859375,239218.0
2024-05-03,14740.0,13558.9326171875,1116339.0
2024-05-06,16180.0,14883.55078125,88938.0
2024-05-07,16180.0,14883.55078125,145504.0
2024-05-08,16160.0,14865.15234375,105480.0
2024-05-09,16240.0,14938.7421875,114697.0
2024-05-10,16220.0,14920.3447265625,338633.0
2024-05-14,16300.0,14993.9345703125,53749.0
2024-05-15,16400.0,15085.921875,316668.0
2024-05-16,16320.0,15012.3330078125,207173.0
2024-05-17,16280.0,14975.5380859375,270237.0
2024-05-20,16360.0,15049.126953125,162519.0
2024-05-21,16600.0,15269.8994140625,179505.0
2024-05-22,16140.0,14846.7548828125,109642.0
2024-05-23,16140.0,14846.7548828125,0.0
2024-05-24,16380.0,15067.525390625,73136.0
2024-05-27,16280.0,14975.5380859375,141935.0
2024-05-28,16560.0,15233.10546875,133090.0
2024-05-29,16380.0,15067.525390625,110377.0
2024-05-30,16500.0,15177.91015625,565808.0
2024-05-31,16420.0,15104.3212890625,913288.0
2024-06-04,16600.0,15269.8994140625,71888.0
2024-06-05,16520.0,15196.3076171875,181923.0
2024-06-06,16580.0,15251.4990234375,297545.0
2024-06-07,16700.0,15361.8857421875,390724.0
2024-06-11,16620.0,15288.2958984375,109038.0
2024-06-12,16400.0,15085.921875,163299.0
2024-06-13,16560.0,15233.10546875,71505.0
2024-06-14,16500.0,15177.91015625,1279233.0
2024-06-17,16660.0,15325.08984375,47277.0
2024-06-18,16600.0,15269.8994140625,29844.0
2024-06-19,16300.0,14993.9345703125,38154.0
2024-06-20,16500.0,15177.91015625,578673.0
2024-06-21,16260.0,14957.1396484375,149780.0
2024-06-24,16480.0,15159.5126953125,54649.0
2024-06-25,16580.0,15251.4990234375,103419.0
2024-06-26,16600.0,15269.8994140625,38056.0
2024-06-27,16680.0,15343.4873046875,140621.0
2024-06-28,16880.0,15527.4619140625,234030.0
2024-07-02,17000.0,15637.845703125,308117.0
2024-07-03,17180.0,15803.42578125,128597.0
2024-07-04,17140.0,15913.9111328125,49988.0
2024-07-05,17160.0,15932.4794921875,102727.0
2024-07-08,17200.0,15969.6201171875,93029.0
2024-07-09,17200.0,15969.6201171875,64430.0
2024-07-10,17080.0,15858.2041015625,83221.0
2024-07-11,17060.0,15839.6337890625,14721.0
2024-07-12,16980.0,15765.3583984375,121845.0
2024-07-15,16820.0,15616.8017578125,67997.0
2024-07-16,16820.0,15616.8017578125,46176.0
2024-07-17,16900.0,15691.0771484375,267054.0
2024-07-18,16960.0,15746.7861328125,56474.0
2024-07-19,16940.0,15728.2177734375,33103.0
2024-07-22,17040.0,15821.0634765625,1082835.0
2024-07-23,17180.0,15951.0517578125,111436.0
2024-07-24,16980.0,15765.3583984375,53300.0
2024-07-25,17000.0,15783.9248046875,73979.0
2024-07-26,16960.0,15746.7861328125,206698.0
2024-07-29,16980.0,15765.3583984375,57427.0
2024-07-30,16900.0,15691.0771484375,65237.0
2024-07-31,16580.0,15393.96875,65057.0
2024-08-01,16480.0,15301.1240234375,3948.0
2024-08-02,16680.0,15486.81640625,542295.0
2024-08-05,16600.0,15412.541015625,140022.0
2024-08-06,16700.0,15505.38671875,38408.0
2024-08-07,16620.0,15431.109375,873968.0
2024-08-08,16620.0,15431.109375,873968.0
2024-08-09,16800.0,15598.232421875,305706.0
2024-08-12,16860.0,15653.9404296875,119411.0
2024-08-13,17000.0,15783.9248046875,67271.0
2024-08-14,16820.0,15616.8017578125,80270.0
2024-08-15,16880.0,15672.509765625,31439.0
2024-08-16,16960.0,15746.7861328125,104664.0
2024-08-20,17000.0,15783.9248046875,292243.0
2024-08-21,16840.0,15635.37109375,634774.0
2024-08-22,16740.0,15542.525390625,378442.0
2024-08-23,16900.0,15691.0771484375,58241.0
2024-08-26,16800.0,15598.232421875,45689.0
2024-08-27,16860.0,15653.9404296875,20164.0
2024-08-28,16900.0,15691.0771484375,221828.0
2024-08-29,17000.0,15783.9248046875,292725.0
2024-08-30,17000.0,15783.9248046875,147883.0
2024-09-02,16800.0,15598.232421875,5970.0
2024-09-03,17000.0,15783.9248046875,36237.0
2024-09-04,17680.0,16415.283203125,402879.0
2024-09-05,17600.0,16341.0078125,204982.0
2024-09-06,17500.0,16248.1611328125,279658.0
2024-09-09,17360.0,16118.1728515625,304855.0
2024-09-10,17500.0,16248.1611328125,415715.0
2024-09-11,17400.0,16155.3134765625,344223.0
2024-09-12,17600.0,16341.0078125,60282.0
2024-09-13,17540.0,16285.2998046875,106586.0
2024-09-16,17480.0,16229.58984375,21405.0
2024-09-17,17740.0,16470.9921875,857801.0
2024-09-18,17700.0,16433.853515625,53244.0
2024-09-19,18260.0,16953.79296875,338910.0
2024-09-20,18300.0,16990.931640625,1559630.0
2024-09-23,18200.0,16898.0859375,70387.0
2024-09-24,18220.0,16916.654296875,59979.0
2024-09-25,18000.0,16712.392578125,40143.0
2024-09-26,18000.0,16712.392578125,11950.0
2024-09-27,17900.0,16619.544921875,56280.0
2024-09-30,17600.0,16341.0078125,85006.0
2024-10-01,17800.0,16526.69921875,86681.0
2024-10-02,17580.0,16322.435546875,186574.0
2024-10-03,18080.0,16786.671875,107382.0
2024-10-04,18060.0,16916.869140625,106182.0
2024-10-07,18180.0,17029.2734375,130616.0
2024-10-08,18200.0,17048.01171875,84808.0
2024-10-09,18020.0,16879.40625,460468.0
2024-10-10,18260.0,17104.2109375,209132.0
2024-10-11,18400.0,17235.34765625,28712.0
2024-10-15,19300.0,18078.38671875,170796.0
2024-10-16,19780.0,18528.001953125,253288.0
2024-10-17,20000.0,18734.07421875,164227.0
2024-10-18,19660.0,18415.599609375,43230.0
2024-10-21,19220.0,18003.447265625,60107.0
2024-10-22,19280.0,18059.646484375,61558.0
2024-10-23,18700.0,17516.36328125,166687.0
2024-10-24,18960.0,17759.90625,32281.0
2024-10-25,18860.0,17666.234375,102397.0
2024-10-28,18500.0,17329.021484375,442616.0
2024-10-29,18500.0,17329.021484375,149629.0
2024-10-30,18640.0,17460.158203125,745260.0
2024-10-31,19400.0,18172.0546875,475962.0
2024-11-01,19280.0,18059.646484375,74340.0
2024-11-05,19320.0,18097.119140625,75676.0
2024-11-06,19260.0,18040.9140625,89934.0
2024-11-07,19280.0,18059.646484375,84641.0
2024-11-08,18700.0,17516.36328125,281775.0
2024-11-12,18900.0,17703.701171875,185496.0
2024-11-13,18860.0,17666.234375,267203.0
2024-11-14,18420.0,17254.0859375,72244.0
2024-11-15,18300.0,17141.681640625,93827.0
2024-11-18,18400.0,17235.34765625,133690.0
2024-11-19,18480.0,17310.2890625,169878.0
2024-11-20,19160.0,17947.24609375,137063.0
2024-11-21,19100.0,17891.04296875,508098.0
2024-11-22,19660.0,18415.599609375,410072.0
2024-11-25,19440.0,18209.5234375,572081.0
2024-11-26,19980.0,18715.34375,99789.0
2024-11-27,20000.0,18734.07421875,130909.0
2024-11-28,20000.0,18734.07421875,26142.0
2024-11-29,20020.0,18752.8125,112496.0
2024-12-02,20000.0,18734.07421875,97696.0
2024-12-03,19980.0,18715.34375,97969.0
2024-12-04,19800.0,18546.73828125,56501.0
2024-12-05,19940.0,18677.873046875,99122.0
2024-12-06,19600.0,18359.396484375,85906.0
2024-12-09,19500.0,18265.724609375,892647.0
2024-12-10,19440.0,18209.5234375,104082.0
2024-12-11,19320.0,18097.119140625,95963.0
2024-12-12,19400.0,18172.0546875,70074.0
2024-12-13,19400.0,18172.0546875,66184.0
2024-12-16,19240.0,18022.18359375,116717.0
2024-12-17,19300.0,18078.38671875,82760.0
2024-12-18,19600.0,18359.396484375,78274.0
2024-12-19,20400.0,19108.759765625,301753.0
2024-12-20,20300.0,19015.087890625,89220.0
2024-12-23,20500.0,19202.427734375,95164.0
2024-12-24,20440.0,19146.224609375,47204.0
2024-12-25,20440.0,19146.224609375,0.0
2024-12-26,20500.0,19202.427734375,56601.0
2024-12-27,20500.0,19202.427734375,14977.0
2024-12-30,20600.0,19296.099609375,75542.0
2024-12-31,20600.0,19296.099609375,0.0
2025-01-02,20480.0,19183.693359375,91352.0
2025-01-03,20480.0,19333.794921875,58096.0
2025-01-07,20420.0,19277.154296875,173749.0
2025-01-08,20160.0,19031.70703125,120797.0
2025-01-09,20100.0,18975.064453125,61241.0
2025-01-10,20280.0,19144.98828125,109913.0
2025-01-13,20260.0,19126.109375,88028.0
2025-01-14,20200.0,19069.46484375,56279.0
2025-01-15,19720.0,18616.33203125,39606.0
2025-01-16,19480.0,18389.76171875,42031.0
2025-01-17,19480.0,18389.76171875,33470.0
2025-01-20,19480.0,18389.76171875,24783.0
2025-01-21,19480.0,18389.76171875,0.0
2025-01-22,19100.0,18031.03125,40682.0
2025-01-23,18800.0,17747.822265625,72503.0
2025-01-24,19020.0,17955.509765625,183356.0
2025-01-27,19000.0,17936.626953125,257740.0
2025-01-28,19560.0,18465.28515625,101048.0
2025-01-29,19800.0,18691.853515625,2758704.0
2025-01-30,19960.0,18842.8984375,294530.0
2025-01-31,19920.0,18805.13671875,134791.0
2025-02-03,19820.0,18710.732421875,630767.0
2025-02-04,19940.0,18824.01953125,92542.0
2025-02-05,19820.0,18710.732421875,357460.0
2025-02-06,20300.0,19163.869140625,214609.0
2025-02-07,20260.0,19126.109375,392241.0
2025-02-10,20400.0,19258.2734375,135875.0
2025-02-11,20220.0,19088.34765625,125751.0
2025-02-12,19960.0,18842.8984375,320509.0
2025-02-13,19700.0,18597.44921875,371842.0
2025-02-14,20080.0,18956.18359375,425685.0
2025-02-17,20020.0,18899.54296875,156819.0
2025-02-18,20200.0,19069.46484375,231495.0
2025-02-19,19480.0,18389.76171875,85588.0
2025-02-20,20300.0,19163.869140625,298096.0
2025-02-21,20600.0,19447.080078125,358671.0
2025-02-24,21000.0,19824.693359375,269238.0
2025-02-25,20700.0,19541.484375,155238.0
2025-02-26,20940.0,19768.0546875,1121613.0
2025-02-27,20200.0,19069.46484375,205854.0
2025-02-28,20200.0,19069.46484375,1761875.0
2025-03-03,20000.0,18880.66015625,133711.0
2025-03-04,19960.0,18842.8984375,132113.0
2025-03-05,20180.0,19050.5859375,415056.0
2025-03-06,20560.0,19409.318359375,166877.0
2025-03-07,20800.0,19635.88671875,105866.0
2025-03-10,20140.0,19012.822265625,173179.0
2025-03-11,20180.0,19050.5859375,93672.0
2025-03-12,20500.0,19352.677734375,78783.0
2025-03-13,20380.0,19239.392578125,381395.0
2025-03-14,20360.0,19220.51171875,97295.0
2025-03-17,20200.0,19069.46484375,483506.0
2025-03-18,20160.0,19031.70703125,185205.0
2025-03-19,20020.0,18899.54296875,184086.0
2025-03-20,20120.0,18993.9453125,87882.0
2025-03-21,20120.0,18993.9453125,0.0
2025-03-24,20120.0,18993.9453125,0.0
2025-03-25,20800.0,19635.88671875,127474.0
2025-03-26,20580.0,19428.201171875,149318.0
2025-03-27,20600.0,19447.080078125,142842.0
2025-03-28,20500.0,19352.677734375,130763.0
2025-03-31,20720.0,19560.365234375,158763.0
2025-04-01,21120.0,19937.978515625,258098.0
2025-04-02,21500.0,20296.708984375,339856.0
2025-04-03,21480.0,20277.830078125,235698.0
2025-04-04,21500.0,20296.708984375,212177.0
2025-04-07,21500.0,20296.708984375,365681.0
2025-04-08,21000.0,19984.5703125,201502.0
2025-04-09,21500.0,20460.39453125,243623.0
2025-04-10,20400.0,19413.58203125,171557.0
2025-04-11,20540.0,19546.8125,77175.0
2025-04-14,21000.0,19984.5703125,94628.0
2025-04-15,21220.0,20193.93359375,31343.0
2025-04-16,21240.0,20212.966796875,19860.0
2025-04-17,21240.0,20212.966796875,0.0
2025-04-18,21240.0,20212.966796875,0.0
2025-04-21,21240.0,20212.966796875,162445.0
2025-04-22,21240.0,20212.966796875,364517.0
2025-04-23,21500.0,20460.39453125,286224.0
2025-04-24,21500.0,20460.39453125,92164.0
2025-04-25,21980.0,20917.185546875,1078591.0
2025-04-28,21840.0,20783.951171875,32125.0
2025-04-29,22000.0,20936.216796875,282772.0
2025-04-30,21980.0,20917.185546875,504085.0
2025-05-01,21980.0,20917.185546875,0.0
2025-05-02,21920.0,20860.0859375,189820.0
2025-05-05,21860.0,20802.986328125,33081.0
2025-05-06,21980.0,20917.185546875,504085.0
2025-05-07,21600.0,20555.55859375,100183.0
2025-05-08,21980.0,20917.185546875,75204.0
2025-05-09,21980.0,20917.185546875,60075.0
2025-05-12,21880.0,20822.017578125,23500.0
2025-05-13,21860.0,20802.986328125,60609.0
2025-05-14,21500.0,20460.39453125,94690.0
2025-05-15,21560.0,20517.4921875,30539.0
2025-05-16,21520.0,20479.42578125,47209.0
2025-05-19,21980.0,20917.185546875,89446.0
2025-05-20,21780.0,20726.853515625,164145.0
2025-05-21,21680.0,20631.69140625,123418.0
2025-05-22,21740.0,20688.787109375,51202.0
2025-05-23,21760.0,20707.822265625,161684.0
2025-05-26,21800.0,20745.88671875,24098.0
2025-05-27,21980.0,20917.185546875,35126.0
2025-05-28,21820.0,20764.919921875,170004.0
2025-05-29,21900.0,20841.052734375,79102.0
2025-05-30,21500.0,20460.39453125,166106.0
2025-06-03,21980.0,20917.185546875,84229.0
2025-06-04,21980.0,20917.185546875,44541.0
2025-06-05,21960.0,20898.15234375,127171.0
2025-06-06,21960.0,20898.15234375,30421.0
2025-06-09,21880.0,20822.017578125,44600.0
2025-06-10,21800.0,20745.88671875,32805.0
2025-06-11,21960.0,20898.15234375,55101.0
2025-06-12,21960.0,20898.15234375,41236.0
2025-06-13,21580.0,20536.5234375,154300.0
2025-06-16,21280.0,20251.03125,177620.0
2025-06-17,21440.0,20403.294921875,65747.0
2025-06-18,21960.0,20898.15234375,165751.0
2025-06-19,21960.0,20898.15234375,55847.0
2025-06-20,21880.0,20822.017578125,59819.0
2025-06-24,22000.0,20936.216796875,153474.0
2025-06-25,21980.0,20917.185546875,175772.0
2025-06-26,22180.0,21107.513671875,144335.0
2025-06-27,22080.0,21012.34765625,77895.0
2025-06-30,22080.0,21012.34765625,0.0
2025-07-01,22900.0,21792.697265625,694530.0
2025-07-02,23000.0,21887.861328125,319894.0
2025-07-03,23480.0,22344.650390625,107801.0
2025-07-04,23500.0,22363.6875,133459.0
2025-07-07,23480.0,22344.650390625,241547.0
2025-07-08,23460.0,22490.37109375,147370.0
2025-07-09,23420.0,22452.025390625,116112.0
2025-07-10,24000.0,23008.052734375,151265.0
2025-07-11,24300.0,23295.654296875,401129.0
2025-07-14,24080.0,23084.748046875,120818.0
2025-07-15,24000.0,23008.052734375,90103.0
2025-07-16,23900.0,22912.185546875,43264.0
2025-07-17,24380.0,23372.34765625,569161.0
2025-07-18,24800.0,23774.98828125,451321.0
2025-07-21,14271.1552734375,13681.3115234375,0.0
2025-07-22,14271.1552734375,13681.3115234375,0.0
2025-07-23,14271.1552734375,13681.3115234375,0.0
2025-07-24,14271.1552734375,13681.3115234375,0.0
2025-07-25,14271.1552734375,13681.3115234375,0.0
2025-07-28,17260.0,16546.623046875,5138725.0
2025-07-29,17260.0,16546.623046875,1486495.0
2025-07-30,16800.0,16105.63671875,1784465.0
2025-07-31,17000.0,16297.369140625,366509.0
2025-08-01,17000.0,16297.369140625,359225.0
2025-08-04,17000.0,16297.369140625,0.0
2025-08-05,16880.0,16182.330078125,94982.0
2025-08-06,17800.0,17064.3046875,364233.0
2025-08-07,17800.0,17064.3046875,0.0
2025-08-08,17360.0,16642.490234375,252322.0
2025-08-11,17300.0,16584.970703125,229.0
2025-08-12,17400.0,16680.837890625,155704.0
2025-08-13,17480.0,16757.53125,278277.0
2025-08-14,17260.0,16546.623046875,83506.0
2025-08-15,17380.0,16661.6640625,72098.0
2025-08-19,17360.0,16642.490234375,216381.0
2025-08-20,17280.0,16565.798828125,516012.0
2025-08-21,17140.0,16431.583984375,118175.0
2025-08-22,17000.0,16297.369140625,257237.0
2025-08-25,17060.0,16354.8916015625,149050.0
2025-08-26,17100.0,16393.23828125,1174347.0
2025-08-27,17160.0,16450.7578125,93947.0
2025-08-28,17180.0,16469.931640625,196564.0
2025-08-29,17280.0,16565.798828125,152531.0
2025-09-01,17200.0,16489.103515625,90020.0
2025-09-02,17200.0,16489.103515625,0.0
2025-09-03,17020.0,16316.5458984375,105007.0
2025-09-04,17120.0,16412.41015625,400594.0
2025-09-05,17000.0,16297.369140625,351077.0
2025-09-08,17180.0,16469.931640625,70484.0
2025-09-09,17100.0,16393.23828125,111069.0
2025-09-10,17060.0,16354.8916015625,96927.0
2025-09-11,16840.0,16143.984375,144186.0
2025-09-12,17100.0,16393.23828125,477713.0
2025-09-15,16500.0,15818.03515625,245165.0
2025-09-16,16820.0,16124.810546875,133738.0
2025-09-17,17000.0,16297.369140625,733498.0
2025-09-18,17000.0,16297.369140625,1049263.0
2025-09-19,17800.0,17064.3046875,1112949.0
2025-09-22,17800.0,17064.3046875,104278.0
2025-09-23,17780.0,17045.130859375,149498.0
2025-09-24,17500.0,16776.705078125,266899.0
2025-09-25,17760.0,17025.958984375,322057.0
2025-09-26,17680.0,16949.265625,236342.0
2025-09-29,17800.0,17064.3046875,262350.0
2025-09-30,17200.0,16489.103515625,90020.0
2025-10-01,17500.0,16776.705078125,333785.0
2025-10-02,17800.0,17064.3046875,395848.0
2025-10-03,17700.0,16968.439453125,125219.0
2025-10-06,17680.0,16949.265625,431140.0
2025-10-07,17600.0,17038.328125,80812.0
2025-10-08,17620.0,17057.69140625,310079.0
2025-10-09,17700.0,17135.13671875,80071.0
2025-10-10,17680.0,17115.775390625,228607.0
2025-10-14,17660.0,17096.4140625,87893.0
2025-10-15,17600.0,17038.328125,193926.0
2025-10-16,17600.0,17038.328125,117134.0
2025-10-17,17800.0,17231.9453125,89109.0
2025-10-20,17800.0,17231.9453125,235177.0
2025-10-21,17460.0,16902.796875,111357.0
2025-10-22,17780.0,17212.5859375,58764.0
2025-10-23,17780.0,17212.5859375,120939.0
2025-10-24,17800.0,17231.9453125,90636.0
2025-10-27,17500.0,16941.51953125,199645.0
2025-10-28,17660.0,17096.4140625,129440.0
2025-10-29,17600.0,17038.328125,442748.0
2025-10-30,17380.0,16825.3515625,114987.0
2025-10-31,17400.0,16844.7109375,44219.0
2025-11-04,17900.0,17328.75390625,162619.0
2025-11-05,18280.0,17696.626953125,232696.0
2025-11-06,18020.0,17444.92578125,246500.0
2025-11-07,17960.0,17386.83984375,304692.0
2025-11-10,17740.0,17173.861328125,206864.0
2025-11-11,17640.0,17077.05078125,75153.0
2025-11-12,17380.0,16825.3515625,414717.0
2025-11-13,17500.0,16941.51953125,175033.0
2025-11-14,17500.0,16941.51953125,255679.0
2025-11-18,17780.0,17212.5859375,207287.0
2025-11-19,17820.0,17251.30859375,305808.0
2025-11-20,17620.0,17057.69140625,191676.0
2025-11-21,17780.0,17212.5859375,265447.0
2025-11-24,17360.0,16805.986328125,564566.0
2025-11-25,17380.0,16825.3515625,226223.0
2025-11-26,17200.0,16651.09375,218311.0
2025-11-27,17300.0,16747.90234375,75029.0
2025-11-28,17700.0,17135.13671875,187257.0
2025-12-01,17420.0,16864.07421875,99308.0
2025-12-02,17420.0,16864.07421875,145484.0
2025-12-03,17900.0,17328.75390625,162619.0
2025-12-04,17360.0,16805.986328125,202092.0
2025-12-05,17380.0,16825.3515625,92730.0
2025-12-09,17180.0,16631.732421875,159343.0
2025-12-10,16940.0,16399.392578125,164296.0
2025-12-11,16860.0,16321.9443359375,117506.0
2025-12-12,17000.0,16457.4765625,122819.0
2025-12-15,16800.0,16263.8583984375,201516.0
2025-12-16,16460.0,15934.7099609375,275547.0
2025-12-17,16400.0,15876.6240234375,468166.0
2025-12-18,16440.0,15915.3486328125,404414.0
2025-12-19,16000.0,15489.3896484375,213141.0
2025-12-22,16580.0,16050.880859375,372194.0
2025-12-23,16900.0,16360.66796875,95752.0
2025-12-24,16960.0,16418.751953125,92100.0
2025-12-26,16980.0,16438.115234375,165065.0
2025-12-29,17300.0,16747.90234375,121466.0
2025-12-30,16980.0,16438.115234375,115700.0
2025-12-31,16980.0,16438.115234375,0.0
2026-01-02,17220.0,16670.45703125,69259.0
2026-01-05,17060.0,16515.5625,186706.0
2026-01-06,17340.0,16786.626953125,119776.0
2026-01-07,17240.0,16857.02734375,106321.0
2026-01-08,17300.0,16915.693359375,79302.0
2026-01-09,17900.0,17502.365234375,136590.0
2026-01-13,17640.0,17248.140625,239728.0
2026-01-14,17720.0,17326.365234375,144402.0
2026-01-15,17720.0,17326.365234375,251916.0
2026-01-16,17960.0,17561.033203125,587644.0
2026-01-19,17880.0,17482.810546875,257197.0
2026-01-20,17940.0,17541.4765625,223608.0
2026-01-21,18480.0,18069.482421875,607538.0
2026-01-22,18480.0,18069.482421875,281346.0
2026-01-23,18480.0,18069.482421875,275536.0
2026-01-26,18660.0,18245.484375,299586.0
2026-01-27,18680.0,18265.0390625,399936.0
2026-01-28,18400.0,17991.2578125,276305.0
2026-01-29,18400.0,17991.2578125,135800.0
2026-01-30,18740.0,18323.705078125,446741.0
2026-02-02,18360.0,17952.1484375,202642.0
2026-02-03,18000.0,17600.14453125,591725.0
2026-02-04,17500.0,17111.251953125,496689.0
2026-02-05,18100.0,17697.921875,193170.0
2026-02-06,17780.0,17385.03125,213243.0
2026-02-09,18100.0,17697.921875,123189.0
2026-02-10,18360.0,17952.1484375,150056.0
2026-02-11,17920.0,17521.921875,146562.0
2026-02-12,17800.0,17404.5859375,76283.0
2026-02-13,18500.0,18089.037109375,202675.0
2026-02-16,18080.0,17678.3671875,21170.0
2026-02-17,17600.0,17209.029296875,212079.0
2026-02-18,17940.0,17541.4765625,128298.0
2026-02-19,17740.0,17345.919921875,81416.0
2026-02-20,17720.0,17326.365234375,227779.0
2026-02-23,17640.0,17248.140625,197429.0
2026-02-24,17340.0,16954.806640625,103983.0
2026-02-25,17000.0,16622.357421875,181653.0
2026-02-26,16900.0,16524.580078125,119372.0
2026-02-27,16500.0,16133.4658203125,344751.0
2026-03-02,16000.0,15644.5732421875,116245.0
2026-03-03,15960.0,15605.4619140625,262154.0
2026-03-04,15960.0,15605.4619140625,262154.0
2026-03-05,15500.0,15155.6796875,97979.0
2026-03-06,15700.0,15351.2373046875,135043.0
2026-03-09,16000.0,15644.5732421875,211151.0
2026-03-11,15820.0,15468.5712890625,152414.0
2026-03-12,15580.0,15233.90234375,288071.0
2026-03-13,16000.0,15644.5732421875,94240.0
2026-03-16,15780.0,15429.4599609375,178506.0
2026-03-17,15640.0,15292.5703125,107421.0
2026-03-18,15600.0,15253.458984375,43590.0
2026-03-19,15800.0,15449.015625,168923.0
2026-03-20,16480.0,16113.9091796875,552811.0
2026-03-24,16560.0,16192.1318359375,276454.0
2026-03-25,16800.0,16426.80078125,159602.0
2026-03-26,16700.0,16329.0224609375,62064.0
2026-03-27,16700.0,16329.0224609375,254644.0
2026-03-30,16700.0,16329.0224609375,89062.0
2026-03-31,16700.0,16329.0224609375,272477.0
2026-04-01,16600.0,16231.244140625,161031.0
2026-04-02,16600.0,16231.244140625,0.0
2026-04-03,16600.0,16231.244140625,0.0
2026-04-06,16580.0,16211.689453125,43435.0
2026-04-07,15980.0,15625.0166015625,35820.0
2026-04-08,16000.0,15830.31640625,141067.0
2026-04-09,16420.0,16245.8623046875,235937.0
2026-04-10,16420.0,16245.8623046875,235937.0
2026-04-13,16580.0,16404.166015625,43435.0
2026-04-14,16460.0,16285.4384765625,275166.0
2026-04-15,16100.0,15929.255859375,107196.0
2026-04-16,16380.0,16206.2861328125,206407.0
2026-04-17,16380.0,16206.2861328125,159398.0
2026-04-20,16340.0,16166.7109375,205045.0
2026-04-21,16380.0,16206.2861328125,75289.0
2026-04-22,15980.0,15810.5283203125,64708.0
2026-04-23,16000.0,15830.31640625,88333.0
2026-04-24,15660.0,15493.921875,60571.0
2026-04-27,15420.0,15256.4677734375,171193.0
2026-04-28,15800.0,15632.4375,97935.0
2026-04-29,15300.0,15137.740234375,107766.0
2026-04-30,15800.0,15632.4375,129477.0
2026-05-04,15240.0,15078.376953125,52903.0
2026-05-05,15240.0,15078.376953125,0.0
2026-05-06,14660.0,14504.52734375,157984.0
2026-05-07,14860.0,14702.40625,284855.0
2026-05-08,14800.0,14643.04296875,150479.0
2026-05-11,14500.0,14346.224609375,128114.0
2026-05-12,14400.0,14247.28515625,123604.0
2026-05-13,14720.0,14563.8916015625,231863.0
2026-05-14,14700.0,14544.103515625,330785.0
2026-05-15,14800.0,14643.04296875,90433.0
2026-05-19,14600.0,14445.1640625,235060.0
2026-05-20,14360.0,14207.708984375,124746.0
2026-05-21,14280.0,14128.5576171875,181665.0
2026-05-22,14180.0,14029.6181640625,226807.0
2026-05-25,14480.0,14326.4365234375,388507.0
2026-05-26,15500.0,15335.619140625,270597.0
2026-05-27,15700.0,15533.498046875,169758.0
2026-05-28,16260.0,16087.5595703125,156374.0
2026-06-01,16500.0,16325.013671875,153997.0
2026-06-02,16500.0,16325.013671875,153997.0
2026-06-03,16500.0,16325.013671875,40332.0
2026-06-04,16840.0,16661.408203125,116165.0
2026-06-05,15100.0,14939.861328125,148537.0
2026-06-08,15100.0,14939.861328125,0.0
2026-06-09,16400.0,16226.07421875,370462.0
2026-06-10,16320.0,16146.9228515625,132848.0
2026-06-11,17000.0,16819.7109375,194818.0
2026-06-16,17800.0,17611.2265625,113522.0
2026-06-17,17620.0,17433.13671875,220009.0
2026-06-18,17620.0,17433.13671875,0.0
2026-06-19,17620.0,17433.13671875,0.0
2026-06-22,17000.0,16819.7109375,186054.0
2026-06-23,17480.0,17294.62109375,137492.0
2026-06-24,17480.0,17294.62109375,229630.0
2026-06-25,17540.0,17353.984375,94054.0
2026-06-26,17700.0,17512.287109375,67452.0
2026-06-29,17700.0,17512.287109375,0.0
2026-06-30,17700.0,17512.287109375,94468.0
2026-07-01,17500.0,17314.408203125,116959.0
2026-07-02,17400.0,17215.46875,104567.0
2026-07-03,17560.0,17373.771484375,73969.0
2026-07-06,17680.0,17492.5,162521.0
2026-07-07,18000.0,18000.0,248822.0
2026-07-08,18100.0,18100.0,265865.0
2026-07-09,18100.0,18100.0,138252.0
2026-07-10,18000.0,18000.0,152669.0
2026-07-14,17900.0,17900.0,163408.0
2026-07-15,18000.0,18000.0,137630.0
2026-07-16,17660.0,17660.0,167157.0
2026-07-17,17900.0,17900.0,121495.0
2026-07-21,17000.0,17000.0,105889.0
2026-07-22,17000.0,17000.0,234117.0
2026-07-23,16160.0,16160.0,144120.0
2026-07-24,16160.0,16160.0,0.0
2026-07-27,16600.0,16600.0,202530.0
2026-07-28,16540.0,16540.0,375645.0
2026-07-29,16480.0,16480.0,224281.0
2026-07-30,16600.0,16600.0,319353.0
2026-07-31,16900.0,16900.0,261715.0
2026-08-03,16760.0,16760.0,85880.0
2026-08-04,16800.0,16800.0,164791.0
2026-08-05,16420.0,16420.0,577675.0
2026-08-06,17400.0,17400.0,812834.0
2026-08-07,17400.0,17400.0,0.0
2026-08-10,18780.0,18780.0,423023.0
2026-08-11,18720.0,18720.0,337099.0
2026-08-12,19360.0,19360.0,312878.0
2026-08-13,19960.0,19960.0,318624.0
2026-08-14,21360.0,21360.0,533343.0
2026-08-18,21800.0,21800.0,963598.0
2026-08-19,21900.0,21900.0,356475.0
2026-08-20,20960.0,20960.0,395015.0
2026-08-21,21000.0,21000.0,501603.0
2026-08-24,20760.0,20760.0,555288.0
2026-08-25,20000.0,20000.0,499475.0
2026-08-26,20980.0,20980.0,326275.0
2026-08-27,21260.0,21260.0,172517.0
2026-08-28,21240.0,21240.0,211085.0
2026-08-31,20200.0,20200.0,775900.0
2026-09-01,20800.0,20800.0,204127.0
2026-09-02,20500.0,20500.0,171318.0
2026-09-03,21000.0,21000.0,454651.0
2026-09-04,21360.0,21360.0,254719.0
2026-09-07,21800.0,21800.0,176893.0
2026-09-08,23480.0,23480.0,747089.0
2026-09-09,23000.0,23000.0,151368.0
2026-09-10,22980.0,22980.0,167583.0
2026-09-11,22580.0,22580.0,191649.0
2026-09-14,21900.0,21900.0,195458.0
2026-09-15,21100.0,21100.0,199052.0
2026-09-16,20000.0,20000.0,861886.0
2026-09-17,20200.0,20200.0,1615317.0
2026-09-18,21000.0,21000.0,1627176.0
2026-09-21,22000.0,22000.0,567463.0
2026-09-22,22320.0,22320.0,480516.0
2026-09-23,22720.0,22720.0,679141.0
2026-09-24,22360.0,22360.0,227888.0
2026-09-25,22300.0,22300.0,155681.0
