Date,close,adjclose,volume
2014-12-01,98.87999725341797,74.40840148925781,4393700
2014-12-02,98.16000366210938,74.2193603515625,4677700
2014-12-03,98.58999633789062,74.54449462890625,4357200
2014-12-04,98.94999694824219,74.8166732788086,5220000
2014-12-05,99.63999938964844,75.33840942382812,4649100
2014-12-08,100.43000030517578,75.93575286865234,6624300
2014-12-09,99.63999938964844,75.33840942382812,5280500
2014-12-10,98.94000244140625,74.80911254882812,5357000
2014-12-11,100.2699966430664,75.81475830078125,6864000
2014-12-12,99.77999877929688,75.44425964355469,5983300
2014-12-15,100.05000305175781,75.64840698242188,5488300
2014-12-16,97.05999755859375,73.38765716552734,7829300
2014-12-17,98.94000244140625,74.80911254882812,6096400
2014-12-18,100.66999816894531,76.1171875,6594000
2014-12-19,101.93000030517578,77.06989288330078,12500600
2014-12-22,103.5,78.2569580078125,5418900
2014-12-23,103.76000213623047,78.45358276367188,4067700
2014-12-24,103.55999755859375,78.3023452758789,1819000
2014-12-26,103.75,78.44601440429688,2594900
2014-12-29,104.52999877929688,79.03577423095703,3492700
2014-12-30,104.2699966430664,78.83919525146484,2927800
2014-12-31,104.97000122070312,79.36846160888672,5821600
2015-01-02,103.43000030517578,78.20406341552734,4323700
2015-01-05,101.26000213623047,76.56331634521484,5878100
2015-01-06,100.94999694824219,76.32892608642578,4910100
2015-01-07,104.41000366210938,78.94502258300781,5091000
2015-01-08,106.72000122070312,80.691650390625,6464600
2015-01-09,104.88999938964844,79.30795288085938,5717600
2015-01-12,104.41999816894531,78.95258331298828,4992900
2015-01-13,103.7300033569336,78.43089294433594,5395200
2015-01-14,102.63999938964844,77.6067123413086,5384400
2015-01-15,101.01000213623047,76.3742904663086,6895000
2015-01-16,104.12000274658203,78.72577667236328,6403800
2015-01-20,103.25,78.06794738769531,5331300
2015-01-21,103.52999877929688,78.2796630859375,5899200
2015-01-22,106.06999969482422,80.20018005371094,5804100
2015-01-23,105.37000274658203,79.67089080810547,4072300
2015-01-26,106.36000061035156,80.41946411132812,4192300
2015-01-27,105.16000366210938,79.51211547851562,4606500
2015-01-28,104.73999786376953,79.19452667236328,4917300
2015-01-29,107.62000274658203,81.37211608886719,6529300
2015-01-30,104.41999816894531,78.95258331298828,7000000
2015-02-02,104.43000030517578,78.96015167236328,5012800
2015-02-03,107.23999786376953,81.0848159790039,5969200
2015-02-04,108.41000366210938,81.96945190429688,6765200
2015-02-05,108.98999786376953,82.40797424316406,4471800
2015-02-06,109.04000091552734,82.44581604003906,4223700
2015-02-09,108.33999633789062,81.91653442382812,4243800
2015-02-10,110.66999816894531,83.67825317382812,5414400
2015-02-11,110.30999755859375,83.40607452392578,4552900
2015-02-12,112.16000366210938,84.8048324584961,4592200
2015-02-13,111.88999938964844,84.60072326660156,5098600
2015-02-17,112.0,84.68389129638672,6028600
2015-02-18,111.98999786376953,84.67633819580078,3731600
2015-02-19,110.94000244140625,83.8824234008789,5910600
2015-02-20,112.23999786376953,84.8653793334961,7276100
2015-02-23,112.27999877929688,84.89556884765625,5638000
2015-02-24,116.75,88.27536010742188,12775500
2015-02-25,116.30999755859375,87.94269561767578,7328200
2015-02-26,115.37999725341797,87.23950958251953,5649900
2015-02-27,114.75,86.76317596435547,5732600
2015-03-02,116.12000274658203,87.7990493774414,5971900
2015-03-03,116.06999969482422,87.76123809814453,3784800
2015-03-04,114.76000213623047,86.77070617675781,3799000
2015-03-05,115.91000366210938,87.64025115966797,4088700
2015-03-06,114.44999694824219,86.53632354736328,5169200
2015-03-09,115.25,87.14122772216797,5351200
2015-03-10,112.55999755859375,85.54521179199219,5685000
2015-03-11,113.06999969482422,85.93282318115234,4356500
2015-03-12,116.0999984741211,88.235595703125,5742000
2015-03-13,114.81999969482422,87.26282501220703,4626900
2015-03-16,116.5,88.53961944580078,4820300
2015-03-17,115.58000183105469,87.84040832519531,3715900
2015-03-18,116.08000183105469,88.22042083740234,4773600
2015-03-19,115.16000366210938,87.5212173461914,3545600
2015-03-20,117.48999786376953,89.29199981689453,8446000
2015-03-23,116.06999969482422,88.21282196044922,4095200
2015-03-24,116.1500015258789,88.27362823486328,4026900
2015-03-25,113.68000030517578,86.39644622802734,4725800
2015-03-26,112.37000274658203,85.40083312988281,5409600
2015-03-27,113.86000061035156,86.533203125,3879300
2015-03-30,114.62999725341797,87.1184310913086,3968400
2015-03-31,113.61000061035156,86.34324645996094,4128800
2015-04-01,113.12999725341797,85.97842407226562,4737700
2015-04-02,114.54000091552734,87.05001068115234,4064800
2015-04-06,114.94999694824219,87.36161804199219,3248900
2015-04-07,114.30000305175781,86.86764526367188,3188300
2015-04-08,115.58999633789062,87.84801483154297,3753500
2015-04-09,114.56999969482422,87.07284545898438,4674000
2015-04-10,115.23999786376953,87.58201599121094,3658100
2015-04-13,114.44000244140625,86.97405242919922,2982000
2015-04-14,114.05000305175781,86.67762756347656,4072500
2015-04-15,113.44999694824219,86.22161865234375,4210800
2015-04-16,113.37000274658203,86.16082000732422,4013000
2015-04-17,112.0999984741211,85.19562530517578,6245200
2015-04-20,112.86000061035156,85.77324676513672,4396300
2015-04-21,113.16999816894531,86.0088119506836,3899500
2015-04-22,112.98999786376953,85.87203979492188,4065500
2015-04-23,113.95999908447266,86.60922241210938,3945300
2015-04-24,113.69999694824219,86.41162872314453,2878300
2015-04-27,111.38999938964844,84.65603637695312,5618000
2015-04-28,110.58000183105469,84.04043579101562,5743300
2015-04-29,108.70999908447266,82.61925506591797,7238900
2015-04-30,106.9800033569336,81.30445861816406,9041600
2015-05-01,109.55000305175781,83.25764465332031,6696900
2015-05-04,110.05999755859375,83.64525604248047,3366800
2015-05-05,108.05999755859375,82.12522888183594,4164800
2015-05-06,108.30999755859375,82.31523895263672,3996600
2015-05-07,110.04000091552734,83.63002014160156,5400200
2015-05-08,112.47000122070312,85.47682189941406,6435300
2015-05-11,111.9000015258789,85.04362487792969,3725200
2015-05-12,112.5199966430664,85.51482391357422,4053800
2015-05-13,111.19000244140625,84.50403594970703,4340700
2015-05-14,111.94000244140625,85.07402801513672,3815700
2015-05-15,113.3499984741211,86.14561462402344,4575800
2015-05-18,114.33000183105469,86.89042663574219,6878200
2015-05-19,112.33999633789062,85.3780517578125,11133200
2015-05-20,112.0999984741211,85.19562530517578,7004500
2015-05-21,112.01000213623047,85.1272201538086,4238600
2015-05-22,112.16000366210938,85.2412109375,3694000
2015-05-26,110.93000030517578,84.30641174316406,4612600
2015-05-27,112.16000366210938,85.2412109375,4147800
2015-05-28,112.19000244140625,85.26406860351562,2806100
2015-05-29,111.41999816894531,84.6788330078125,5310600
2015-06-01,111.66999816894531,84.86883544921875,5114500
2015-06-02,111.58999633789062,85.25846099853516,6088200
2015-06-03,113.16000366210938,86.45802307128906,6337500
2015-06-04,111.45999908447266,85.15917205810547,4328600
2015-06-05,110.37000274658203,84.32637786865234,4505400
2015-06-08,109.93000030517578,83.99019622802734,3449000
2015-06-09,109.52999877929688,83.6845703125,3659000
2015-06-10,110.9800033569336,84.79244232177734,3967900
2015-06-11,111.29000091552734,85.02926635742188,3642800
2015-06-12,110.5999984741211,84.5020980834961,4301900
2015-06-15,110.01000213623047,84.05132293701172,3965200
2015-06-16,110.2300033569336,84.21941375732422,3466600
2015-06-17,110.47000122070312,84.40279388427734,5722200
2015-06-18,111.8499984741211,85.45711517333984,7222600
2015-06-19,112.43000030517578,85.90028381347656,9255100
2015-06-22,113.06999969482422,86.38927459716797,3190200
2015-06-23,113.18000030517578,86.4732894897461,3075900
2015-06-24,112.3499984741211,85.83914947509766,3716100
2015-06-25,112.23999786376953,85.75511932373047,4466300
2015-06-26,112.5999984741211,86.0301513671875,4208500
2015-06-29,110.54000091552734,84.45624542236328,5187400
2015-06-30,111.12999725341797,84.90704345703125,5938800
2015-07-01,112.06999969482422,85.62520599365234,4216200
2015-07-02,111.48999786376953,85.18207550048828,3845000
2015-07-06,111.31999969482422,85.0522232055664,3864700
2015-07-07,112.4000015258789,85.87737274169922,5515900
2015-07-08,111.0,84.80773162841797,3794100
2015-07-09,111.37999725341797,85.0980453491211,3643700
2015-07-10,113.0999984741211,86.41219329833984,4631400
2015-07-13,114.9000015258789,87.78743743896484,4171900
2015-07-14,115.36000061035156,88.13890075683594,3688900
2015-07-15,115.58000183105469,88.30696868896484,3364600
2015-07-16,114.7300033569336,87.65756225585938,5234800
2015-07-17,114.47000122070312,87.45889282226562,5497600
2015-07-20,113.41000366210938,86.64901733398438,6107500
2015-07-21,113.86000061035156,86.99283599853516,4660600
2015-07-22,114.9000015258789,87.78743743896484,5485200
2015-07-23,114.58999633789062,87.55060577392578,4308900
2015-07-24,113.58999633789062,86.78656005859375,4427800
2015-07-27,113.06999969482422,86.38927459716797,4468200
2015-07-28,114.83999633789062,87.74159240722656,4176800
2015-07-29,116.37000274658203,88.91056823730469,5104000
2015-07-30,116.45999908447266,88.97932434082031,3291100
2015-07-31,117.02999877929688,89.41485595703125,4301200
2015-08-03,116.88999938964844,89.307861328125,3645000
2015-08-04,117.52999877929688,89.79684448242188,3008200
2015-08-05,118.0,90.15596008300781,4299100
2015-08-06,116.55999755859375,89.05575561523438,4768900
2015-08-07,116.93000030517578,89.33845520019531,3986100
2015-08-10,117.5999984741211,89.85033416748047,3408900
2015-08-11,117.69000244140625,89.91909790039062,4080000
2015-08-12,117.69000244140625,89.91909790039062,4575800
2015-08-13,119.0199966430664,90.93524169921875,6255500
2015-08-14,119.75,91.49300384521484,5135500
2015-08-17,119.69999694824219,91.45478820800781,7255600
2015-08-18,122.80000305175781,93.82328796386719,11021900
2015-08-19,122.76000213623047,93.792724609375,6490300
2015-08-20,120.54000091552734,92.09659576416016,5555500
2015-08-21,116.16000366210938,88.75011444091797,10190700
2015-08-24,112.54000091552734,85.98432159423828,13983100
2015-08-25,110.97000122070312,84.78478240966797,10221100
2015-08-26,115.93000030517578,88.57439422607422,9313200
2015-08-27,117.66000366210938,89.89617156982422,7579100
2015-08-28,117.5199966430664,89.78919219970703,5016000
2015-08-31,116.45999908447266,88.97932434082031,5444500
2015-09-01,113.06999969482422,86.82914733886719,7392900
2015-09-02,116.4800033569336,89.4477767944336,6487400
2015-09-03,116.5999984741211,89.53990936279297,5302900
2015-09-04,114.41999816894531,87.8658676147461,5752000
2015-09-08,116.43000030517578,89.40937805175781,5775800
2015-09-09,113.97000122070312,87.52027893066406,5316400
2015-09-10,114.48999786376953,87.91958618164062,5259100
2015-09-11,115.44000244140625,88.64912414550781,4472800
2015-09-14,114.7300033569336,88.1039047241211,4248700
2015-09-15,116.18000030517578,89.2173843383789,4994000
2015-09-16,117.81999969482422,90.47679901123047,5285100
2015-09-17,117.91000366210938,90.54589080810547,6607100
2015-09-18,115.12000274658203,88.40340423583984,11366700
2015-09-21,116.58000183105469,89.5245361328125,5201100
2015-09-22,115.80000305175781,88.92559051513672,4631600
2015-09-23,116.16999816894531,89.209716796875,4084900
2015-09-24,116.33999633789062,89.34024047851562,5172300
2015-09-25,116.73999786376953,89.64743041992188,5478900
2015-09-28,114.0999984741211,87.62008666992188,5994600
2015-09-29,112.91000366210938,86.70631408691406,7908800
2015-09-30,115.48999786376953,88.68750762939453,5395600
2015-10-01,117.02999877929688,89.8701400756836,5215200
2015-10-02,117.80999755859375,90.46912384033203,4359800
2015-10-05,119.19999694824219,91.53651428222656,4528700
2015-10-06,118.68000030517578,91.13719940185547,5275400
2015-10-07,119.6500015258789,91.88208770751953,4680100
2015-10-08,121.05999755859375,92.96483612060547,4958200
2015-10-09,121.33000183105469,93.17219543457031,3893500
2015-10-12,121.9000015258789,93.60990905761719,2861900
2015-10-13,121.61000061035156,93.38723754882812,2971400
2015-10-14,120.2699966430664,92.35820007324219,5200400
2015-10-15,121.80999755859375,93.5407943725586,3448900
2015-10-16,122.73999786376953,94.25497436523438,4068800
2015-10-19,123.0999984741211,94.53144836425781,3097700
2015-10-20,122.8499984741211,94.3394546508789,3318400
2015-10-21,123.30000305175781,94.68500518798828,3491800
2015-10-22,124.36000061035156,95.4990005493164,5855300
2015-10-23,124.61000061035156,95.69100189208984,5281600
2015-10-26,125.01000213623047,95.9981460571289,4550200
2015-10-27,124.47000122070312,95.58348846435547,3674800
2015-10-28,123.81999969482422,95.08431243896484,6821500
2015-10-29,123.62999725341797,94.93842315673828,4635300
2015-10-30,123.63999938964844,94.94609832763672,4991500
2015-11-02,124.41000366210938,95.53740692138672,3715600
2015-11-03,125.66000366210938,96.49732208251953,4313700
2015-11-04,125.37999725341797,96.28227233886719,4101200
2015-11-05,125.72000122070312,96.54341125488281,3059400
2015-11-06,125.9800033569336,96.74304962158203,3752000
2015-11-09,124.5,95.60651397705078,4988800
2015-11-10,125.26000213623047,96.19013977050781,3872900
2015-11-11,124.70999908447266,95.76777648925781,3240200
2015-11-12,123.80999755859375,95.07666015625,4285700
2015-11-13,120.0,92.15084075927734,8728800
2015-11-16,120.83999633789062,92.7958984375,7785700
2015-11-17,126.18000030517578,96.89659881591797,10517100
2015-11-18,126.54000091552734,97.17308044433594,6502000
2015-11-19,126.86000061035156,97.4188232421875,4662200
2015-11-20,130.2100067138672,99.99137115478516,8191900
2015-11-23,132.5,101.74990844726562,6329700
2015-11-24,133.60000610351562,102.59465026855469,6672700
2015-11-25,134.64999389648438,103.40093994140625,5300900
2015-11-27,134.74000549316406,103.47004699707031,3337700
2015-11-30,133.8800048828125,102.8096694946289,8057900
2015-12-01,134.42999267578125,103.68894958496094,5267600
2015-12-02,133.80999755859375,103.21070861816406,5022700
2015-12-03,130.92999267578125,100.98930358886719,6688000
2015-12-04,134.52999877929688,103.7660903930664,5387100
2015-12-07,133.92999267578125,103.30329132080078,5444300
2015-12-08,133.83999633789062,103.23388671875,4731400
2015-12-09,131.89999389648438,101.73750305175781,5055600
2015-12-10,132.5399932861328,102.23116302490234,4185600
2015-12-11,130.44000244140625,100.61137390136719,5300800
2015-12-14,132.00999450683594,101.82231903076172,5960100
2015-12-15,131.2899932861328,101.2669906616211,4921800
2015-12-16,132.89999389648438,102.50880432128906,4711700
2015-12-17,131.35000610351562,101.31330108642578,4345800
2015-12-18,130.2899932861328,100.49565887451172,9840600
2015-12-21,131.30999755859375,101.28243255615234,3414800
2015-12-22,131.8800048828125,101.72207641601562,3401900
2015-12-23,133.11000061035156,102.67082214355469,3244800
2015-12-24,132.89999389648438,102.50880432128906,1517100
2015-12-28,132.67999267578125,102.33911895751953,2607200
2015-12-29,133.6999969482422,103.1258773803711,3037400
2015-12-30,133.35000610351562,102.85592651367188,2484700
2015-12-31,132.25,102.00746154785156,3178700
2016-01-04,131.07000732421875,101.09729766845703,8050900
2016-01-05,130.42999267578125,100.60365295410156,5320900
2016-01-06,129.0800018310547,99.56236267089844,8199600
2016-01-07,125.4000015258789,96.723876953125,12551000
2016-01-08,123.9000015258789,95.56693267822266,7104500
2016-01-11,125.77999877929688,97.01700592041016,6811600
2016-01-12,127.48999786376953,98.33599853515625,5695700
2016-01-13,121.4000015258789,93.63862609863281,8932200
2016-01-14,119.62000274658203,92.26565551757812,13389100
2016-01-15,119.2300033569336,91.96485137939453,10515000
2016-01-19,119.76000213623047,92.37364959716797,6350700
2016-01-20,116.45999908447266,89.8282699584961,11331400
2016-01-21,120.22000122070312,92.72844696044922,8993900
2016-01-22,122.76000213623047,94.68759155273438,6554500
2016-01-25,121.70999908447266,93.87772369384766,4854700
2016-01-26,122.19999694824219,94.25566101074219,4475600
2016-01-27,121.56999969482422,93.76974487304688,5431000
2016-01-28,122.27999877929688,94.31737518310547,4871600
2016-01-29,125.76000213623047,97.0015869140625,7616200
2016-02-01,126.51000213623047,97.5800552368164,4674100
2016-02-02,125.2699966430664,96.62361145019531,5832200
2016-02-03,123.79000091552734,95.48208618164062,7485700
2016-02-04,121.11000061035156,93.41493225097656,9171800
2016-02-05,116.43000030517578,89.80514526367188,8117700
2016-02-08,111.8499984741211,86.27247619628906,11286600
2016-02-09,113.86000061035156,87.82282257080078,7572900
2016-02-10,114.33000183105469,88.18536376953125,5307600
2016-02-11,113.2699966430664,87.36775970458984,6447100
2016-02-12,116.31999969482422,89.72029876708984,5361600
2016-02-16,119.43000030517578,92.11908721923828,6966400
2016-02-17,121.20999908447266,93.49205017089844,5970700
2016-02-18,119.97000122070312,92.53561401367188,4460700
2016-02-19,121.69000244140625,93.86229705810547,5435500
2016-02-22,122.8499984741211,94.75704193115234,7796900
2016-02-23,124.52999877929688,96.05284881591797,11168700
2016-02-24,125.61000061035156,96.88587188720703,7935500
2016-02-25,126.86000061035156,97.85003662109375,4738800
2016-02-26,126.26000213623047,97.38723754882812,4608200
2016-02-29,124.12000274658203,95.73661804199219,5575300
2016-03-01,125.69999694824219,96.95530700683594,4916900
2016-03-02,125.58999633789062,96.87045288085938,3967500
2016-03-03,126.80000305175781,97.80379486083984,5009700
2016-03-04,125.55999755859375,96.8473129272461,6448200
2016-03-07,126.16999816894531,97.31782531738281,4161200
2016-03-08,126.72000122070312,98.27951049804688,5280900
2016-03-09,126.02999877929688,97.74437713623047,4047000
2016-03-10,125.88999938964844,97.63580322265625,4503700
2016-03-11,128.4600067138672,99.62902069091797,4626600
2016-03-14,128.83999633789062,99.9237060546875,3653200
2016-03-15,129.7100067138672,100.59844970703125,4033900
2016-03-16,130.4499969482422,101.17237091064453,3609600
2016-03-17,130.8800048828125,101.50587463378906,4130900
2016-03-18,131.35000610351562,101.87040710449219,8069200
2016-03-21,131.00999450683594,101.60667419433594,3817000
2016-03-22,130.58999633789062,101.28095245361328,3946500
2016-03-23,130.22000122070312,100.99398803710938,3625300
2016-03-24,130.4600067138672,101.18012237548828,3448700
2016-03-28,131.0800018310547,101.66098022460938,2621100
2016-03-29,132.47000122070312,102.73902893066406,3405400
2016-03-30,133.4199981689453,103.47579193115234,3138300
2016-03-31,133.42999267578125,103.4835205078125,3685900
2016-04-01,134.85000610351562,104.5848617553711,4259400
2016-04-04,134.85000610351562,104.5848617553711,3547600
2016-04-05,134.5800018310547,104.37545013427734,4068600
2016-04-06,135.44000244140625,105.0424575805664,3364800
2016-04-07,133.8699951171875,103.82478332519531,3953700
2016-04-08,133.6199951171875,103.63092041015625,2924400
2016-04-11,133.00999450683594,103.1578140258789,3472700
2016-04-12,134.3800048828125,104.22032928466797,4251400
2016-04-13,133.83999633789062,103.80155944824219,4324800
2016-04-14,134.3699951171875,104.21258544921875,4183300
2016-04-15,135.00999450683594,104.708984375,3508900
2016-04-18,136.8000030517578,106.09721374511719,3964300
2016-04-19,135.44000244140625,105.0424575805664,4649500
2016-04-20,135.19000244140625,104.84855651855469,4760200
2016-04-21,134.60000610351562,104.39098358154297,3542200
2016-04-22,135.66000366210938,105.21307373046875,4180900
2016-04-25,135.64999389648438,105.20528411865234,2835400
2016-04-26,135.33999633789062,104.96487426757812,3507200
2016-04-27,135.75,105.28288269042969,3488100
2016-04-28,132.72999572753906,102.94068145751953,5553600
2016-04-29,133.88999938964844,103.84033966064453,4610100
2016-05-02,136.0500030517578,105.5155258178711,4284400
2016-05-03,134.5399932861328,104.34442901611328,3408700
2016-05-04,135.16000366210938,104.82527923583984,3192100
2016-05-05,134.6699981689453,104.44524383544922,3474900
2016-05-06,135.6999969482422,105.24407196044922,3356800
2016-05-09,136.24000549316406,105.66287231445312,3552300
2016-05-10,137.50999450683594,106.64787292480469,3662800
2016-05-11,134.3000030517578,104.15829467773438,6058400
2016-05-12,134.19000244140625,104.072998046875,5355600
2016-05-13,133.1300048828125,103.2508773803711,5295800
2016-05-16,135.33999633789062,104.96487426757812,8394800
2016-05-17,132.0,102.37448120117188,15989600
2016-05-18,131.77000427246094,102.19612121582031,8258900
2016-05-19,131.72999572753906,102.16508483886719,4577200
2016-05-20,131.85000610351562,102.2581558227539,5089800
2016-05-23,131.4199981689453,101.92466735839844,3854500
2016-05-24,133.36000061035156,103.42924499511719,5181500
2016-05-25,133.1999969482422,103.30516052246094,5017500
2016-05-26,134.0500030517578,103.96443939208984,3996800
2016-05-27,133.94000244140625,103.87908172607422,4025300
2016-05-31,132.1199951171875,102.99817657470703,6366900
2016-06-01,131.8300018310547,102.77207946777344,4744300
2016-06-02,132.41000366210938,103.22425842285156,3858500
2016-06-03,131.74000549316406,102.70194244384766,4155900
2016-06-06,129.19000244140625,100.7139892578125,8051700
2016-06-07,129.9199981689453,101.28311157226562,4434000
2016-06-08,129.58999633789062,101.02584838867188,3742400
2016-06-09,129.3000030517578,100.79975128173828,3450500
2016-06-10,128.8300018310547,100.43335723876953,3926000
2016-06-13,127.83000183105469,99.65376281738281,4830900
2016-06-14,125.23999786376953,97.63465118408203,7303500
2016-06-15,126.52999877929688,98.64030456542969,5140000
2016-06-16,127.36000061035156,99.28736877441406,4431800
2016-06-17,127.13999938964844,99.1158676147461,7541900
2016-06-20,127.62000274658203,99.49005889892578,3880300
2016-06-21,127.73999786376953,99.5835952758789,3600900
2016-06-22,127.5999984741211,99.47447204589844,3723700
2016-06-23,128.2899932861328,100.01236724853516,4784500
2016-06-24,126.4000015258789,98.53895568847656,8979800
2016-06-27,124.66999816894531,97.19027709960938,5656900
2016-06-28,127.52999877929688,99.4198989868164,5385000
2016-06-29,127.37000274658203,99.29515838623047,5782100
2016-06-30,127.69000244140625,99.54460906982422,6642000
2016-07-01,129.6199951171875,101.04920196533203,5645200
2016-07-05,129.35000610351562,100.83872985839844,4096600
2016-07-06,131.57000732421875,102.56940460205078,4933200
2016-07-07,131.16000366210938,102.24978637695312,3973600
2016-07-08,134.33999633789062,104.72884368896484,4806200
2016-07-11,135.14999389648438,105.36030578613281,4577000
2016-07-12,134.83999633789062,105.11859130859375,3615800
2016-07-13,133.55999755859375,104.12076568603516,4235500
2016-07-14,134.5399932861328,104.88473510742188,3122300
2016-07-15,134.77999877929688,105.07186889648438,5323000
2016-07-18,136.33999633789062,106.28800201416016,3730900
2016-07-19,136.97999572753906,106.78692626953125,3831500
2016-07-20,137.41000366210938,107.12214660644531,3092000
2016-07-21,136.07000732421875,106.07754516601562,4938100
2016-07-22,136.52000427246094,106.4283218383789,2627200
2016-07-25,136.5,106.41272735595703,3352600
2016-07-26,136.75,106.60761260986328,2575600
2016-07-27,136.30999755859375,106.26460266113281,3030800
2016-07-28,137.9600067138672,107.55091094970703,3230000
2016-07-29,138.24000549316406,107.76919555664062,3662600
2016-08-01,138.77000427246094,108.1823959350586,3157800
2016-08-02,137.22000122070312,106.97406005859375,3898100
2016-08-03,137.05999755859375,106.84928894042969,3642600
2016-08-04,136.0500030517578,106.0619125366211,3802900
2016-08-05,136.91000366210938,106.73237609863281,3022100
2016-08-08,136.2100067138672,106.18665313720703,3182800
2016-08-09,136.11000061035156,106.10868835449219,3180400
2016-08-10,135.60000610351562,105.71110534667969,3438000
2016-08-11,137.0399932861328,106.83370971679688,4183300
2016-08-12,136.57000732421875,106.46730041503906,4090000
2016-08-15,137.05999755859375,106.84928894042969,6327400
2016-08-16,136.22999572753906,106.20222473144531,7286100
2016-08-17,136.14999389648438,106.1398696899414,5222200
2016-08-18,134.8000030517578,105.08743286132812,4430800
2016-08-19,135.4600067138672,105.60197448730469,3959000
2016-08-22,135.33999633789062,105.50841522216797,2752500
2016-08-23,136.22000122070312,106.19444274902344,2961100
2016-08-24,135.05999755859375,105.29013061523438,4113000
2016-08-25,135.42999267578125,105.57855987548828,3168900
2016-08-26,134.36000061035156,104.74441528320312,4193400
2016-08-29,135.24000549316406,105.43050384521484,3227700
2016-08-30,134.10000610351562,105.07785034179688,3440600
2016-08-31,134.1199951171875,105.0935287475586,4650600
2016-09-01,134.22999572753906,105.17971801757812,3851800
2016-09-02,135.14999389648438,105.90061950683594,3402600
2016-09-06,134.10000610351562,105.07785034179688,4220400
2016-09-07,132.7899932861328,104.05136108398438,4676000
2016-09-08,131.25999450683594,102.85250091552734,5019600
2016-09-09,127.73999786376953,100.09428405761719,6315000
2016-09-12,128.58999633789062,100.76033020019531,7882600
2016-09-13,125.72000122070312,98.51144409179688,6376300
2016-09-14,126.26000213623047,98.93460845947266,4313900
2016-09-15,126.95999908447266,99.48311614990234,5100700
2016-09-16,126.11000061035156,98.81707000732422,6941200
2016-09-19,126.29000091552734,98.95809173583984,4525400
2016-09-20,126.83000183105469,99.3812255859375,3627100
2016-09-21,128.11000061035156,100.38423156738281,5367400
2016-09-22,128.75,100.88570404052734,4099700
2016-09-23,127.79000091552734,100.13345336914062,4464700
2016-09-26,125.44999694824219,98.29988861083984,5338500
2016-09-27,126.81999969482422,99.3733901977539,4433600
2016-09-28,128.27000427246094,100.50958251953125,5751100
2016-09-29,127.93000030517578,100.24315643310547,5987500
2016-09-30,128.67999267578125,100.83084869384766,6044600
2016-10-03,128.5,100.68983459472656,3652700
2016-10-04,128.1999969482422,100.45472717285156,4848600
2016-10-05,127.58000183105469,99.9688949584961,4115400
2016-10-06,130.19000244140625,102.0140609741211,7472400
2016-10-07,128.30999755859375,100.54095458984375,5511900
2016-10-10,127.25,99.71034240722656,4349700
2016-10-11,125.8499984741211,98.61333465576172,5113900
2016-10-12,126.69000244140625,99.27154541015625,3545900
2016-10-13,126.29000091552734,98.95809173583984,3655700
2016-10-14,126.41999816894531,99.05998229980469,4462100
2016-10-17,125.13999938964844,98.05697631835938,3753000
2016-10-18,125.73999786376953,98.52713775634766,3563300
2016-10-19,125.88999938964844,98.64466857910156,4094800
2016-10-20,126.25,98.92676544189453,3543200
2016-10-21,126.5999984741211,99.20100402832031,3234100
2016-10-24,127.77999877929688,100.1256332397461,3824800
2016-10-25,123.33999633789062,96.64653015136719,8731900
2016-10-26,122.70999908447266,96.15290832519531,5456100
2016-10-27,122.26000213623047,95.80027770996094,4261600
2016-10-28,123.58000183105469,96.83460998535156,4497700
2016-10-31,122.01000213623047,95.60437774658203,5671500
2016-11-01,119.88999938964844,93.94320678710938,7492600
2016-11-02,120.29000091552734,94.2566146850586,4846000
2016-11-03,120.18000030517578,94.17044067382812,5113500
2016-11-04,120.91000366210938,94.7424545288086,4607600
2016-11-07,123.75,96.96780395507812,5510400
2016-11-08,124.25,97.3595962524414,6105900
2016-11-09,126.0199966430664,98.74654388427734,8052500
2016-11-10,129.02999877929688,101.10509490966797,8737000
2016-11-11,129.85000610351562,101.74762725830078,5496100
2016-11-14,127.66999816894531,100.03943634033203,11438500
2016-11-15,124.4000015258789,97.47712707519531,13445400
2016-11-16,125.33000183105469,98.20585632324219,9793400
2016-11-17,128.92999267578125,101.02674102783203,6801200
2016-11-18,128.3300018310547,100.55658721923828,4428900
2016-11-21,128.22000122070312,100.47039031982422,4072100
2016-11-22,130.97999572753906,102.63307189941406,5535800
2016-11-23,131.2100067138672,102.81332397460938,3582700
2016-11-25,131.57000732421875,103.09539794921875,2545800
2016-11-28,130.63999938964844,102.36669158935547,4859000
2016-11-29,129.6199951171875,102.10669708251953,4127100
2016-11-30,129.39999389648438,101.93338775634766,6973800
2016-12-01,129.47000122070312,101.98853302001953,5398700
2016-12-02,129.8699951171875,102.30365753173828,3738300
2016-12-05,129.67999267578125,102.15399932861328,4065400
2016-12-06,128.74000549316406,101.41349792480469,4292600
2016-12-07,132.4600067138672,104.34388732910156,6987300
2016-12-08,132.52999877929688,104.39904022216797,4975400
2016-12-09,133.38999938964844,105.07646942138672,5174600
2016-12-12,134.5800018310547,106.01387786865234,6276500
2016-12-13,136.5399932861328,107.5578842163086,6886300
2016-12-14,135.97999572753906,107.11673736572266,7036300
2016-12-15,135.83999633789062,107.0064468383789,5839800
2016-12-16,135.11000061035156,106.43141174316406,9429300
2016-12-19,135.44000244140625,106.6913833618164,3463600
2016-12-20,137.11000061035156,108.00688934326172,4301500
2016-12-21,136.8300018310547,107.78631591796875,2704700
2016-12-22,135.42999267578125,106.68346405029297,4094800
2016-12-23,135.0500030517578,106.38414764404297,2337300
2016-12-27,135.25999450683594,106.549560546875,2254900
2016-12-28,135.07000732421875,106.39990234375,3369400
2016-12-29,135.10000610351562,106.42352294921875,2777900
2016-12-30,134.0800018310547,105.6200180053711,4149100
2017-01-03,134.30999755859375,105.80119323730469,5299700
2017-01-04,135.5,106.73863220214844,4055300
2017-01-05,133.89999389648438,105.47823333740234,3821100
2017-01-06,133.52999877929688,105.18677520751953,3827500
2017-01-09,134.30999755859375,105.80119323730469,4310200
2017-01-10,136.10000610351562,107.21124267578125,5928300
2017-01-11,135.6999969482422,106.89617156982422,4643700
2017-01-12,135.07000732421875,106.39990234375,3600000
2017-01-13,135.0399932861328,106.37625885009766,3117600
2017-01-17,135.92999267578125,107.0773696899414,3976900
2017-01-18,136.16000366210938,107.25853729248047,3869700
2017-01-19,135.38999938964844,106.65196228027344,5078700
2017-01-20,135.60000610351562,106.81739044189453,4853900
2017-01-23,138.07000732421875,108.76309204101562,7056200
2017-01-24,138.05999755859375,108.75521087646484,4055100
2017-01-25,137.47999572753906,108.29833984375,3631700
2017-01-26,138.4600067138672,109.07035064697266,2931200
2017-01-27,138.3300018310547,108.96792602539062,3149500
2017-01-30,138.47000122070312,109.0782241821289,2705000
2017-01-31,137.5800018310547,108.37711334228516,3227000
2017-02-01,137.44000244140625,108.26683807373047,2968800
2017-02-02,136.9499969482422,107.88082122802734,2197600
2017-02-03,137.97999572753906,108.69219207763672,2654700
2017-02-06,136.49000549316406,107.51844787597656,3864100
2017-02-07,136.64999389648438,107.64451599121094,3242000
2017-02-08,137.8800048828125,108.61344146728516,2882700
2017-02-09,138.7100067138672,109.26727294921875,2931900
2017-02-10,139.85000610351562,110.16526794433594,3297000
2017-02-13,139.8699951171875,110.18099212646484,2753000
2017-02-14,141.36000061035156,111.35478973388672,4775800
2017-02-15,142.19000244140625,112.00861358642578,4343500
2017-02-16,141.5399932861328,111.4965591430664,4295800
2017-02-17,143.0,112.64665985107422,5108400
2017-02-21,145.02000427246094,114.23789978027344,9275900
2017-02-22,145.25,114.41908264160156,5037800
2017-02-23,144.7100067138672,113.99371337890625,4184000
2017-02-24,145.9499969482422,114.97048950195312,3516900
2017-02-27,145.3000030517578,114.45845031738281,4388400
2017-02-28,144.91000366210938,114.15126037597656,4211900
2017-03-01,146.67999267578125,115.5455551147461,6213500
2017-03-02,147.9499969482422,116.54597473144531,4053400
2017-03-03,147.80999755859375,116.4356689453125,3412300
2017-03-06,147.1300048828125,115.90003204345703,3998000
2017-03-07,146.02000427246094,115.72564697265625,3996300
2017-03-08,146.9199981689453,116.43897247314453,3614500
2017-03-09,146.6199951171875,116.20116424560547,3594000
2017-03-10,146.85000610351562,116.38349914550781,3123200
2017-03-13,147.42999267578125,116.84310913085938,2933300
2017-03-14,147.16000366210938,116.629150390625,3272500
2017-03-15,147.9499969482422,117.25525665283203,3670500
2017-03-16,148.72999572753906,117.87345123291016,3544500
2017-03-17,149.60000610351562,118.56294250488281,9002000
2017-03-20,147.8000030517578,117.13639068603516,5906100
2017-03-21,146.61000061035156,116.19329833984375,4530000
2017-03-22,147.36000061035156,116.78762817382812,3169000
2017-03-23,147.99000549316406,117.28694915771484,3219400
2017-03-24,147.7100067138672,117.0650405883789,4735400
2017-03-27,146.8699951171875,116.39930725097656,2943000
2017-03-28,147.1999969482422,116.66082763671875,4635600
2017-03-29,147.0399932861328,116.53404998779297,3730000
2017-03-30,146.9499969482422,116.46270751953125,2450800
2017-03-31,146.8300018310547,116.36760711669922,3248700
2017-04-03,146.6199951171875,116.20116424560547,3775300
2017-04-04,146.33999633789062,115.97930908203125,3124200
2017-04-05,146.63999938964844,116.2170181274414,3390400
2017-04-06,147.24000549316406,116.69255828857422,2699100
2017-04-07,147.1300048828125,116.60537719726562,2869100
2017-04-10,148.2100067138672,117.46134185791016,5044500
2017-04-11,148.1999969482422,117.4533920288086,2844800
2017-04-12,146.5399932861328,116.13777160644531,4445600
2017-04-13,145.91000366210938,115.63850402832031,2346900
2017-04-17,147.30999755859375,116.748046875,3467700
2017-04-18,147.75999450683594,117.10469818115234,2969400
2017-04-19,147.22000122070312,116.67668914794922,3461000
2017-04-20,148.72000122070312,117.86546325683594,3700500
2017-04-21,150.0,118.87998962402344,5019900
2017-04-24,151.88999938964844,120.37786865234375,5077200
2017-04-25,153.02999877929688,121.28135681152344,5496500
2017-04-26,154.22000122070312,122.22439575195312,5120200
2017-04-27,156.1199951171875,123.7302474975586,5881400
2017-04-28,156.10000610351562,123.71438598632812,4983000
2017-05-01,154.2100067138672,122.21652221679688,3152900
2017-05-02,154.9499969482422,122.8029556274414,3295100
2017-05-03,155.0,122.84261322021484,2445500
2017-05-04,154.86000061035156,122.73164367675781,3793100
2017-05-05,155.72999572753906,123.42118072509766,2500600
2017-05-08,156.88999938964844,124.34048461914062,3184600
2017-05-09,157.67999267578125,124.96660614013672,3004400
2017-05-10,158.1300048828125,125.3232421875,2617600
2017-05-11,156.1999969482422,123.79365539550781,3929100
2017-05-12,156.9199981689453,124.36424255371094,2926400
2017-05-15,157.3300018310547,124.68925476074219,6068900
2017-05-16,158.25999450683594,125.42626190185547,10120900
2017-05-17,156.08999633789062,123.70645904541016,5937000
2017-05-18,155.6999969482422,123.39742279052734,4858600
2017-05-19,156.3000030517578,123.8729019165039,4781800
2017-05-22,155.9600067138672,123.60344696044922,3802100
2017-05-23,154.8300018310547,122.70791625976562,4640900
2017-05-24,155.0,122.84261322021484,4558700
2017-05-25,156.4600067138672,123.99970245361328,3110800
2017-05-26,154.89999389648438,122.76336669921875,4284700
2017-05-30,153.8800048828125,122.65973663330078,3504300
2017-05-31,153.50999450683594,122.36480712890625,7158400
2017-06-01,155.14999389648438,123.67208099365234,3385100
2017-06-02,155.35000610351562,123.83150482177734,3485600
2017-06-05,154.7899932861328,123.3851318359375,2651800
2017-06-06,154.1999969482422,122.91481018066406,3260300
2017-06-07,154.9600067138672,123.5206069946289,3159000
2017-06-08,153.5,122.35686492919922,4041600
2017-06-09,152.9600067138672,121.92643737792969,4705300
2017-06-12,152.17999267578125,121.30461883544922,4473900
2017-06-13,153.99000549316406,122.7474136352539,3753800
2017-06-14,156.75999450683594,124.9554443359375,5999400
2017-06-15,156.77000427246094,124.96338653564453,3972300
2017-06-16,156.63999938964844,124.8597412109375,9105400
2017-06-19,158.80999755859375,126.5894546508789,5196100
2017-06-20,157.6699981689453,125.68077850341797,4201200
2017-06-21,156.58999633789062,124.81990814208984,4071300
2017-06-22,155.47999572753906,123.93513488769531,3347400
2017-06-23,151.30999755859375,120.61116027832031,11422200
2017-06-26,151.4199981689453,120.69883728027344,4128500
2017-06-27,152.24000549316406,121.35245513916016,4567100
2017-06-28,153.22999572753906,122.14161682128906,5087000
2017-06-29,152.16000366210938,121.2886962890625,2855400
2017-06-30,153.39999389648438,122.27711486816406,3640900
2017-07-03,154.00999450683594,122.76335144042969,1658500
2017-07-05,152.69000244140625,121.71117401123047,4432500
2017-07-06,152.0500030517578,121.20099639892578,3408500
2017-07-07,152.22999572753906,121.34449005126953,3775400
2017-07-10,151.17999267578125,120.50749969482422,5081100
2017-07-11,150.60000610351562,120.04521942138672,5642000
2017-07-12,152.58999633789062,121.63146209716797,4275900
2017-07-13,153.2899932861328,122.18944549560547,3288000
2017-07-14,152.8800048828125,121.86263275146484,3588400
2017-07-17,153.88999938964844,122.66767883300781,4166600
2017-07-18,152.1699981689453,121.296630859375,3783600
2017-07-19,153.3000030517578,122.1974105834961,2808400
2017-07-20,147.02999877929688,117.19947814941406,18264100
2017-07-21,146.64999389648438,116.89662170410156,9120200
2017-07-24,144.5800018310547,115.24659729003906,7295900
2017-07-25,146.97000122070312,117.15169525146484,5002400
2017-07-26,146.69000244140625,116.92850494384766,2836000
2017-07-27,147.72999572753906,117.75749206542969,5399000
2017-07-28,148.0800018310547,118.0364990234375,3421100
2017-07-31,149.60000610351562,119.24809265136719,5253300
2017-08-01,149.85000610351562,119.44735717773438,4110600
2017-08-02,150.5,119.96549987792969,3754200
2017-08-03,150.7899932861328,120.1966781616211,5146600
2017-08-04,152.75,121.75898742675781,3258600
2017-08-07,153.35000610351562,122.2373046875,3833600
2017-08-08,153.35000610351562,122.2373046875,3218900
2017-08-09,155.25999450683594,123.75975036621094,3844900
2017-08-10,153.8800048828125,122.65973663330078,4433700
2017-08-11,154.8800048828125,123.45684814453125,3650500
2017-08-14,154.25999450683594,122.96265411376953,6662500
2017-08-15,150.1699981689453,119.70244598388672,13528700
2017-08-16,152.25,121.36041259765625,6043900
2017-08-17,149.6699981689453,119.30386352539062,4460900
2017-08-18,147.49000549316406,117.56617736816406,6989100
2017-08-21,149.1999969482422,118.92922973632812,4222500
2017-08-22,149.91000366210938,119.49520111083984,3268100
2017-08-23,149.10000610351562,118.84955596923828,5235400
2017-08-24,148.25,118.1719970703125,3736000
2017-08-25,149.64999389648438,119.28792572021484,3048000
2017-08-28,151.38999938964844,120.6749038696289,6845400
2017-08-29,149.83999633789062,120.1457290649414,5368700
2017-08-30,150.0,120.27403259277344,3641000
2017-08-31,149.8699951171875,120.16979217529297,6083300
2017-09-01,150.77999877929688,120.89940643310547,3383000
2017-09-05,152.92999267578125,122.6233139038086,7488800
2017-09-06,156.55999755859375,125.53398132324219,8126000
2017-09-07,157.92999267578125,126.63248443603516,8273100
2017-09-08,159.66000366210938,128.01966857910156,10088600
2017-09-11,158.3699951171875,126.98526763916016,8847900
2017-09-12,159.91000366210938,128.22012329101562,5794600
2017-09-13,160.02000427246094,128.308349609375,4713700
2017-09-14,159.3800048828125,127.79515075683594,5290800
2017-09-15,158.39999389648438,127.00930786132812,9124200
2017-09-18,157.80999755859375,126.53629302978516,4010600
2017-09-19,157.66000366210938,126.416015625,3713400
2017-09-20,158.67999267578125,127.23383331298828,4599200
2017-09-21,159.19000244140625,127.64275360107422,3082100
2017-09-22,159.97000122070312,128.26824951171875,3576500
2017-09-25,161.10000610351562,129.1742706298828,4897700
2017-09-26,161.25999450683594,129.30262756347656,3222600
2017-09-27,160.9199981689453,129.02999877929688,3966200
2017-09-28,162.36000061035156,130.18460083007812,4614100
2017-09-29,163.55999755859375,131.14678955078125,3467400
2017-10-02,164.02000427246094,131.51560974121094,2721400
2017-10-03,165.1699981689453,132.4377899169922,3046400
2017-10-04,165.2899932861328,132.533935546875,2746500
2017-10-05,166.1199951171875,133.199462890625,3504900
2017-10-06,165.85000610351562,132.9829864501953,2916300
2017-10-09,165.7100067138672,132.87069702148438,2131800
2017-10-10,165.16000366210938,132.42967224121094,2755400
2017-10-11,165.25,132.50181579589844,2319300
2017-10-12,164.58999633789062,131.97271728515625,3397800
2017-10-13,164.47000122070312,131.8764190673828,3259000
2017-10-16,164.22000122070312,131.67596435546875,2586700
2017-10-17,163.35000610351562,130.97840881347656,4189200
2017-10-18,163.4499969482422,131.05857849121094,2757900
2017-10-19,163.24000549316406,130.8901824951172,2676100
2017-10-20,163.42999267578125,131.04257202148438,4166500
2017-10-23,164.74000549316406,132.09292602539062,3995100
2017-10-24,166.02999877929688,133.12730407714844,3686700
2017-10-25,166.07000732421875,133.15939331054688,4189400
2017-10-26,167.64999389648438,134.42628479003906,3750500
2017-10-27,167.33999633789062,134.17770385742188,3720400
2017-10-30,165.30999755859375,132.54998779296875,3906300
2017-10-31,165.77999877929688,132.9268341064453,2922400
2017-11-01,165.3800048828125,132.60610961914062,3568300
2017-11-02,162.7100067138672,130.46527099609375,6518900
2017-11-03,164.38999938964844,131.81231689453125,3080900
2017-11-06,164.22000122070312,131.67596435546875,3275500
2017-11-07,163.66000366210938,131.22694396972656,3198100
2017-11-08,164.0500030517578,131.53965759277344,2912900
2017-11-09,163.27000427246094,130.91424560546875,3405200
2017-11-10,164.11000061035156,131.5878143310547,3554900
2017-11-13,165.35000610351562,132.58206176757812,7189300
2017-11-14,168.05999755859375,134.75502014160156,10284000
2017-11-15,165.47000122070312,132.67825317382812,5534500
2017-11-16,167.5,134.3059844970703,4587900
2017-11-17,167.74000549316406,134.4984588623047,4530100
2017-11-20,170.4499969482422,136.6713409423828,4699900
2017-11-21,172.86000061035156,138.60379028320312,6229000
2017-11-22,172.05999755859375,137.96231079101562,4133500
2017-11-24,172.3300018310547,138.17880249023438,1853600
2017-11-27,174.16000366210938,139.6461639404297,4539100
2017-11-28,176.57000732421875,141.57858276367188,6049000
2017-11-29,177.25,142.84378051757812,4902200
2017-11-30,179.82000732421875,144.91488647460938,9180700
2017-12-01,180.4199981689453,145.39845275878906,4683400
2017-12-04,184.89999389648438,149.0088348388672,6193800
2017-12-05,182.85000610351562,147.3567657470703,6347600
2017-12-06,180.8000030517578,145.70468139648438,6892500
2017-12-07,182.0,146.6717529296875,5484300
2017-12-08,183.41000366210938,147.80809020996094,5092100
2017-12-11,182.25,146.87326049804688,6038900
2017-12-12,181.8000030517578,146.5105743408203,5275500
2017-12-13,183.02999877929688,147.5017852783203,5177400
2017-12-14,182.1300048828125,146.7765350341797,3542500
2017-12-15,182.5800018310547,147.13919067382812,8202200
2017-12-18,184.72999572753906,148.87184143066406,5011900
2017-12-19,185.97999572753906,149.8791961669922,4576300
2017-12-20,187.30999755859375,150.95103454589844,5383700
2017-12-21,188.0800018310547,151.57156372070312,5859100
2017-12-22,188.1300048828125,151.61184692382812,3256600
2017-12-26,190.36000061035156,153.4089813232422,2969200
2017-12-27,190.19000244140625,153.2720184326172,5912600
2017-12-28,189.77999877929688,152.94155883789062,3175700
2017-12-29,189.52999877929688,152.74005126953125,4637800
2018-01-02,188.02999877929688,151.5312957763672,4684700
2018-01-03,189.00999450683594,152.32107543945312,4530500
2018-01-04,190.50999450683594,153.5299072265625,4047400
2018-01-05,192.5,155.1335906982422,4224800
2018-01-08,192.0399932861328,154.7628631591797,3508500
2018-01-09,193.10000610351562,155.6171112060547,3012300
2018-01-10,191.8000030517578,154.5695343017578,3119500
2018-01-11,194.67999267578125,156.89044189453125,3899200
2018-01-12,196.4199981689453,158.2926483154297,6748400
2018-01-16,196.30999755859375,158.2040557861328,5692700
2018-01-17,199.82000732421875,161.03268432617188,3996100
2018-01-18,198.3300018310547,159.83192443847656,4474600
2018-01-19,201.3300018310547,162.24957275390625,5809600
2018-01-22,204.4600067138672,164.7720489501953,4857700
2018-01-23,204.89999389648438,165.1265869140625,3621700
2018-01-24,206.22000122070312,166.19036865234375,4370700
2018-01-25,205.3699951171875,165.50538635253906,3537700
2018-01-26,207.22999572753906,167.00433349609375,3778100
2018-01-29,204.9199981689453,165.1427459716797,3632900
2018-01-30,201.80999755859375,162.6363983154297,5979600
2018-01-31,200.89999389648438,161.9030303955078,4547300
2018-02-01,199.89999389648438,161.0972137451172,3553800
2018-02-02,193.97000122070312,156.31826782226562,6179000
2018-02-05,183.11000061035156,147.56629943847656,10618500
2018-02-06,191.0399932861328,153.95701599121094,11682700
2018-02-07,191.2899932861328,154.15847778320312,6016800
2018-02-08,181.22000122070312,146.04319763183594,7241800
2018-02-09,184.1199951171875,148.3802490234375,9059200
2018-02-12,184.05999755859375,148.33187866210938,6783700
2018-02-13,183.72000122070312,148.05792236328125,4273800
2018-02-14,184.69000244140625,148.83958435058594,6767000
2018-02-15,185.27000427246094,149.30702209472656,5113300
2018-02-16,186.97000122070312,150.677001953125,7619200
2018-02-20,186.7100067138672,150.46749877929688,8922100
2018-02-21,183.05999755859375,147.5260009765625,7527200
2018-02-22,185.47000122070312,149.4681854248047,5653900
2018-02-23,188.35000610351562,151.78915405273438,4315400
2018-02-26,188.4600067138672,151.87782287597656,4648000
2018-02-27,184.97999572753906,149.0733184814453,4618800
2018-02-28,182.27000427246094,146.8893280029297,6419900
2018-03-01,179.63999938964844,144.76992797851562,6123900
2018-03-02,178.4600067138672,143.81898498535156,5671000
2018-03-05,181.74000549316406,146.46226501464844,5748600
2018-03-06,181.63999938964844,146.38165283203125,5306800
2018-03-07,178.5800018310547,144.73635864257812,4799200
2018-03-08,177.94000244140625,144.21759033203125,4750700
2018-03-09,182.16000366210938,147.6378631591797,4477200
2018-03-12,179.7100067138672,145.65220642089844,4993300
2018-03-13,178.35000610351562,144.54995727539062,6128100
2018-03-14,177.41000366210938,143.78810119628906,4531500
2018-03-15,178.07000732421875,144.322998046875,3936700
2018-03-16,178.9600067138672,145.0443878173828,8410900
2018-03-19,177.10000610351562,143.53683471679688,4744500
2018-03-20,178.16000366210938,144.39593505859375,4148300
2018-03-21,178.02000427246094,144.2825164794922,3494400
2018-03-22,175.2899932861328,142.06983947753906,5255100
2018-03-23,171.8000030517578,139.2412872314453,6021300
2018-03-26,176.3800048828125,142.9533233642578,7323600
2018-03-27,174.67999267578125,141.57540893554688,4713900
2018-03-28,174.75999450683594,141.64028930664062,4318600
2018-03-29,178.24000549316406,144.4608154296875,4423500
2018-04-02,172.89999389648438,140.13284301757812,7229300
2018-04-03,173.75999450683594,140.82981872558594,5283300
2018-04-04,177.44000244140625,143.81243896484375,4757300
2018-04-05,179.1300048828125,145.18209838867188,3799900
2018-04-06,174.4499969482422,141.3890838623047,5236900
2018-04-09,172.50999450683594,139.816650390625,5079800
2018-04-10,173.49000549316406,140.61097717285156,4783000
2018-04-11,172.86000061035156,140.10037231445312,4228400
2018-04-12,173.36000061035156,140.505615234375,3396700
2018-04-13,172.8000030517578,140.05178833007812,4311200
2018-04-16,174.42999267578125,141.37283325195312,3534200
2018-04-17,174.91000366210938,141.76190185546875,3106500
2018-04-18,179.85000610351562,145.76565551757812,5858900
2018-04-19,177.0800018310547,143.52064514160156,5407300
2018-04-20,177.00999450683594,143.4639129638672,5008600
2018-04-23,177.66000366210938,143.99070739746094,2987700
2018-04-24,176.25999450683594,142.85601806640625,4435400
2018-04-25,177.38999938964844,143.77183532714844,5587300
2018-04-26,185.72000122070312,150.5232391357422,8782500
2018-04-27,186.4600067138672,151.12295532226562,4382400
2018-04-30,184.8000030517578,149.77755737304688,4173200
2018-05-01,184.6300048828125,149.6398468017578,3423900
2018-05-02,185.91000366210938,150.6772003173828,3866500
2018-05-03,183.19000244140625,148.47271728515625,4123900
2018-05-04,185.02999877929688,149.9639892578125,3896200
2018-05-07,183.55999755859375,148.7725372314453,3582300
2018-05-08,185.0399932861328,149.97207641601562,4168200
2018-05-09,186.36000061035156,151.0419158935547,3392300
2018-05-10,187.16000366210938,151.69033813476562,3850100
2018-05-11,190.30999755859375,154.24337768554688,5355100
2018-05-14,191.0800018310547,154.86741638183594,7035900
2018-05-15,187.97999572753906,152.35491943359375,10147000
2018-05-16,186.3800048828125,151.05816650390625,5044800
2018-05-17,185.3300018310547,150.2071533203125,4227700
2018-05-18,187.4199981689453,151.9010772705078,4697900
2018-05-21,189.7899932861328,153.8218994140625,4147800
2018-05-22,186.8699951171875,151.45530700683594,4585600
2018-05-23,186.6699981689453,151.29324340820312,7387400
2018-05-24,187.14999389648438,151.68223571777344,3941300
2018-05-25,186.85000610351562,151.4390869140625,2730400
2018-05-29,185.0,149.9396514892578,4725500
2018-05-30,187.08999633789062,152.48255920410156,3976000
2018-05-31,186.5500030517578,152.04238891601562,4839900
2018-06-01,187.35000610351562,152.69448852539062,3706200
2018-06-04,191.36000061035156,155.96263122558594,4103300
2018-06-05,191.94000244140625,156.43540954589844,4231300
2018-06-06,193.58999633789062,157.7801513671875,4134700
2018-06-07,196.1699981689453,159.88291931152344,4378700
2018-06-08,198.3300018310547,161.64341735839844,4006200
2018-06-11,199.63999938964844,162.7110595703125,4243000
2018-06-12,201.30999755859375,164.0721435546875,4616700
2018-06-13,200.30999755859375,163.2571258544922,5128100
2018-06-14,199.6699981689453,162.73553466796875,4305900
2018-06-15,200.5399932861328,163.444580078125,7820900
2018-06-18,200.69000244140625,163.56686401367188,3396300
2018-06-19,199.2100067138672,162.36058044433594,5501100
2018-06-20,199.0800018310547,162.25466918945312,3389600
2018-06-21,200.30999755859375,163.2571258544922,4695100
2018-06-22,197.41000366210938,160.8936004638672,6785800
2018-06-25,196.3800048828125,160.05410766601562,5127200
2018-06-26,196.36000061035156,160.0377960205078,3270600
2018-06-27,195.02000427246094,158.94569396972656,3771700
2018-06-28,195.2100067138672,159.1005096435547,2994000
2018-06-29,195.10000610351562,159.01089477539062,4106600
2018-07-02,194.02000427246094,158.13063049316406,3822800
2018-07-03,193.6199951171875,157.80459594726562,1608400
2018-07-05,194.41000366210938,158.44854736328125,3040600
2018-07-06,194.47999572753906,158.5055389404297,2552400
2018-07-09,196.0800018310547,159.8096160888672,2575100
2018-07-10,197.61000061035156,161.05654907226562,2842400
2018-07-11,196.9499969482422,160.51869201660156,3309300
2018-07-12,197.9499969482422,161.3336639404297,2709200
2018-07-13,198.69000244140625,161.936767578125,2308100
2018-07-16,198.8800048828125,162.09165954589844,2530500
2018-07-17,201.10000610351562,163.90098571777344,4662800
2018-07-18,200.97000122070312,163.79505920410156,3787800
2018-07-19,202.6300048828125,165.14801025390625,3691100
2018-07-20,202.4499969482422,165.0012969970703,3564100
2018-07-23,202.22999572753906,164.8219757080078,2264300
2018-07-24,201.99000549316406,164.62635803222656,5058100
2018-07-25,201.0,163.8195037841797,4382700
2018-07-26,199.39999389648438,162.51541137695312,4280000
2018-07-27,197.13999938964844,160.67356872558594,3871200
2018-07-30,197.27999877929688,160.78762817382812,2331100
2018-07-31,197.52000427246094,160.98324584960938,2795900
2018-08-01,196.3000030517578,159.9888916015625,3086800
2018-08-02,195.66000366210938,159.46725463867188,3543500
2018-08-03,195.63999938964844,159.45095825195312,2309000
2018-08-06,195.69000244140625,159.49171447753906,2515700
2018-08-07,197.0500030517578,160.6001739501953,3052500
2018-08-08,198.02000427246094,161.39073181152344,2176700
2018-08-09,198.0800018310547,161.4395751953125,2466000
2018-08-10,196.3000030517578,159.9888916015625,2873000
2018-08-13,194.13999938964844,158.2284698486328,5294400
2018-08-14,193.10000610351562,157.38084411621094,11488000
2018-08-15,193.99000549316406,158.10617065429688,6049300
2018-08-16,195.38999938964844,159.2472381591797,5690100
2018-08-17,195.55999755859375,159.3857879638672,3885800
2018-08-20,197.92999267578125,161.31735229492188,2956700
2018-08-21,200.22999572753906,163.1919403076172,4124600
2018-08-22,198.97000122070312,162.1650390625,5007000
2018-08-23,200.16000366210938,163.13490295410156,3595000
2018-08-24,201.3000030517578,164.06402587890625,3054300
2018-08-27,201.97999572753906,164.61822509765625,2521300
2018-08-28,201.97000122070312,164.61009216308594,3516300
2018-08-29,201.67999267578125,165.21629333496094,2488000
2018-08-30,199.25999450683594,163.23382568359375,2825400
2018-08-31,200.77000427246094,164.47076416015625,4023300
2018-09-04,205.0800018310547,168.00155639648438,4612800
2018-09-05,204.14999389648438,167.2396697998047,3667100
2018-09-06,205.88999938964844,168.66510009765625,3490400
2018-09-07,206.22999572753906,168.94361877441406,3672700
2018-09-10,210.69000244140625,172.5972442626953,5586600
2018-09-11,213.85000610351562,175.1859130859375,5969500
2018-09-12,211.97999572753906,173.65403747558594,5660100
2018-09-13,209.4499969482422,171.58143615722656,4701100
2018-09-14,209.07000732421875,171.27017211914062,3622400
2018-09-17,208.39999389648438,170.7212677001953,3074700
2018-09-18,211.02000427246094,172.8675994873047,4338500
2018-09-19,211.67999267578125,173.4082489013672,2579100
2018-09-20,211.05999755859375,172.90036010742188,4020800
2018-09-21,212.38999938964844,173.9898681640625,9749200
2018-09-24,207.99000549316406,170.3854217529297,4623700
2018-09-25,207.4600067138672,169.95123291015625,4443300
2018-09-26,207.52000427246094,170.00035095214844,2965800
2018-09-27,206.83999633789062,169.443359375,3218800
2018-09-28,207.14999389648438,169.69732666015625,3966100
2018-10-01,207.60000610351562,170.06594848632812,3670500
2018-10-02,204.75,167.73118591308594,4428000
2018-10-03,203.74000549316406,166.90383911132812,4162500
2018-10-04,198.85000610351562,162.89791870117188,5996200
2018-10-05,196.3800048828125,160.87454223632812,5016600
2018-10-08,198.41000366210938,162.53750610351562,3731800
2018-10-09,195.75,160.3583984375,4466800
2018-10-10,193.6999969482422,158.6790771484375,6157900
2018-10-11,189.74000549316406,155.43504333496094,5831400
2018-10-12,192.47000122070312,157.6714324951172,5450200
2018-10-15,191.1699981689453,156.60647583007812,3642800
2018-10-16,193.5800018310547,158.5807647705078,4057400
2018-10-17,185.1699981689453,151.69126892089844,8985700
2018-10-18,180.44000244140625,147.81642150878906,9262000
2018-10-19,179.85000610351562,147.3331298828125,7004300
2018-10-22,178.75,146.43199157714844,4866700
2018-10-23,178.52999877929688,146.25181579589844,7004900
2018-10-24,176.97000122070312,144.97386169433594,6791700
2018-10-25,179.07000732421875,146.6941680908203,5228000
2018-10-26,172.22999572753906,141.09078979492188,9472200
2018-10-29,173.1999969482422,141.88546752929688,5918400
2018-10-30,176.24000549316406,144.37582397460938,5657100
2018-10-31,175.8800048828125,144.0809326171875,6339500
2018-11-01,180.4600067138672,147.8328399658203,5225300
2018-11-02,179.92999267578125,147.39865112304688,4730600
2018-11-05,182.19000244140625,149.25001525878906,3885300
2018-11-06,182.00999450683594,149.10264587402344,3338800
2018-11-07,187.22999572753906,153.3788299560547,4673400
2018-11-08,188.0,154.00962829589844,4054000
2018-11-09,185.99000549316406,152.36302185058594,4761100
2018-11-12,179.42999267578125,146.98912048339844,7590400
2018-11-13,179.0,146.6368408203125,14274000
2018-11-14,179.89999389648438,147.3740997314453,7561100
2018-11-15,177.36000061035156,145.2932891845703,8663100
2018-11-16,177.02000427246094,145.0148162841797,6834900
2018-11-19,173.58999633789062,142.2049102783203,6203400
2018-11-20,169.0500030517578,138.48574829101562,8661000
2018-11-21,169.3000030517578,138.69061279296875,5752100
2018-11-23,168.85000610351562,138.3219451904297,2711000
2018-11-26,169.82000732421875,139.11659240722656,6140500
2018-11-27,173.22000122070312,141.90185546875,7084200
2018-11-28,177.42999267578125,146.22010803222656,7133600
2018-11-29,175.66000366210938,144.76148986816406,4329300
2018-11-30,180.32000732421875,148.60177612304688,8942400
2018-12-03,181.74000549316406,149.77200317382812,7610600
2018-12-04,175.3000030517578,144.4647979736328,7059600
2018-12-06,175.9600067138672,145.0086669921875,7571200
2018-12-07,172.7899932861328,142.3962860107422,6226100
2018-12-10,171.69000244140625,141.4898223876953,5373800
2018-12-11,172.2100067138672,141.9183349609375,5229400
2018-12-12,174.2100067138672,143.56654357910156,5912500
2018-12-13,173.8699951171875,143.28636169433594,6102200
2018-12-14,172.2899932861328,141.98423767089844,4265200
2018-12-17,167.97000122070312,138.42416381835938,5631700
2018-12-18,170.0399932861328,140.13003540039062,4462200
2018-12-19,167.55999755859375,138.08627319335938,6996900
2018-12-20,164.16000366210938,135.28431701660156,7675600
2018-12-21,160.47999572753906,132.2516326904297,13034100
2018-12-24,158.13999938964844,130.3232421875,4547400
2018-12-26,168.27999877929688,138.6795654296875,6141500
2018-12-27,170.32000732421875,140.36080932617188,5069300
2018-12-28,170.22000122070312,140.2783660888672,4552000
2018-12-31,171.82000732421875,141.596923828125,4206000
2019-01-02,172.41000366210938,142.08316040039062,4242900
2019-01-03,168.61000061035156,138.9515838623047,4810500
2019-01-04,173.6199951171875,143.08030700683594,4762600
2019-01-07,177.0399932861328,145.89877319335938,4928800
2019-01-08,177.88999938964844,146.5992431640625,4722400
2019-01-09,179.72999572753906,148.11558532714844,4922000
2019-01-10,179.05999755859375,147.5634002685547,3605300
2019-01-11,179.41000366210938,147.85186767578125,3285100
2019-01-14,178.80999755859375,147.35739135742188,3871400
2019-01-15,176.47000122070312,145.4290008544922,5016100
2019-01-16,177.0399932861328,145.89877319335938,4075400
2019-01-17,174.8699951171875,144.11044311523438,6499200
2019-01-18,179.5800018310547,147.991943359375,6371100
2019-01-22,177.11000061035156,145.95640563964844,6272700
2019-01-23,176.88999938964844,145.77511596679688,4910400
2019-01-24,177.2899932861328,146.10472106933594,3860100
2019-01-25,180.39999389648438,148.66773986816406,4501800
2019-01-28,179.8300018310547,148.19796752929688,4091400
2019-01-29,179.69000244140625,148.08258056640625,3686900
2019-01-30,182.17999267578125,150.13461303710938,5197700
2019-01-31,183.52999877929688,151.24713134765625,5138000
2019-02-01,184.3699951171875,151.9394073486328,4513100
2019-02-04,186.42999267578125,153.6370391845703,3050200
2019-02-05,186.38999938964844,153.6040496826172,4135200
2019-02-06,184.72000122070312,152.2278289794922,3072500
2019-02-07,184.07000732421875,151.69215393066406,2793400
2019-02-08,184.5399932861328,152.07949829101562,2792300
2019-02-11,182.9199981689453,150.74444580078125,3729200
2019-02-12,185.52000427246094,152.8871307373047,3773200
2019-02-13,188.41000366210938,155.2687530517578,4146900
2019-02-14,187.7100067138672,154.69187927246094,2600600
2019-02-15,192.38999938964844,158.5486602783203,4997900
2019-02-19,192.3300018310547,158.49925231933594,3828400
2019-02-20,191.85000610351562,158.10369873046875,3970100
2019-02-21,191.82000732421875,158.0789337158203,3094200
2019-02-22,192.38999938964844,158.5486602783203,3321600
2019-02-25,189.97999572753906,156.56256103515625,6190700
2019-02-26,188.3000030517578,155.17811584472656,13635100
2019-02-27,183.6699981689453,151.3624725341797,8766200
2019-02-28,185.13999938964844,152.57394409179688,8060600
2019-03-01,185.1699981689453,152.59864807128906,5481300
2019-03-04,183.80999755859375,151.47789001464844,5046800
2019-03-05,184.0,151.6344451904297,3691000
2019-03-06,184.4499969482422,152.00534057617188,4460900
2019-03-07,182.50999450683594,150.4065399169922,4122200
2019-03-08,181.22999572753906,149.35169982910156,3867100
2019-03-11,182.44000244140625,150.34889221191406,3866200
2019-03-12,184.0,151.6344451904297,3777000
2019-03-13,181.13999938964844,150.3890838623047,4528300
2019-03-14,181.61000061035156,150.77935791015625,4393000
2019-03-15,182.22999572753906,151.29409790039062,8059100
2019-03-18,183.4199981689453,152.2820281982422,4395800
2019-03-19,184.1300048828125,152.8715362548828,4437100
2019-03-20,186.10000610351562,154.507080078125,4772600
2019-03-21,189.97000122070312,157.72010803222656,4755700
2019-03-22,188.75,156.70721435546875,5173600
2019-03-25,189.67999267578125,157.47926330566406,3845900
2019-03-26,189.33999633789062,157.197021484375,4143300
2019-03-27,189.25,157.1223907470703,4298400
2019-03-28,190.05999755859375,157.79481506347656,3326100
2019-03-29,191.88999938964844,159.3141632080078,4674100
2019-04-01,195.63999938964844,162.42758178710938,5381400
2019-04-02,194.30999755859375,161.3233642578125,2717800
2019-04-03,198.61000061035156,164.8933563232422,4581500
2019-04-04,200.4499969482422,166.42100524902344,3138400
2019-04-05,202.05999755859375,167.75770568847656,3615300
2019-04-08,203.5500030517578,168.99473571777344,3040900
2019-04-09,200.89999389648438,166.79457092285156,3721700
2019-04-10,199.42999267578125,165.57418823242188,3587500
2019-04-11,201.47999572753906,167.276123046875,2465100
2019-04-12,203.85000610351562,169.2438201904297,3097900
2019-04-15,204.86000061035156,170.08233642578125,3049900
2019-04-16,204.47000122070312,169.75852966308594,3271400
2019-04-17,206.5500030517578,171.48544311523438,3271900
2019-04-18,205.66000366210938,170.74655151367188,3162500
2019-04-22,204.77999877929688,170.0159454345703,2593900
2019-04-23,206.0500030517578,171.0703125,3702600
2019-04-24,206.72000122070312,171.62657165527344,2750900
2019-04-25,206.5,171.44390869140625,3292100
2019-04-26,203.61000061035156,169.04457092285156,3560300
2019-04-29,202.16000366210938,167.8406982421875,3785200
2019-04-30,203.6999969482422,169.11924743652344,3415600
2019-05-01,198.8000030517578,165.05108642578125,4644700
2019-05-02,201.00999450683594,166.8859100341797,2810000
2019-05-03,200.55999755859375,166.5123291015625,3583400
2019-05-06,199.6300048828125,165.740234375,2619400
2019-05-07,194.77000427246094,161.70526123046875,4622100
2019-05-08,195.1699981689453,162.03733825683594,3122600
2019-05-09,194.5800018310547,161.54751586914062,2917700
2019-05-10,194.5800018310547,161.54751586914062,3863600
2019-05-13,190.33999633789062,158.02731323242188,3325900
2019-05-14,191.6199951171875,159.08995056152344,3663600
2019-05-15,191.75999450683594,159.2062225341797,3355800
2019-05-16,192.3800048828125,159.72097778320312,3854000
2019-05-17,192.5800018310547,159.88705444335938,5223800
2019-05-20,190.9499969482422,158.53375244140625,4782800
2019-05-21,191.4499969482422,158.9488525390625,8555600
2019-05-22,188.91000366210938,156.84007263183594,5706000
2019-05-23,192.0,159.40548706054688,7754000
2019-05-24,193.58999633789062,160.7255401611328,3799500
2019-05-28,191.5500030517578,159.03187561035156,5165800
2019-05-29,189.99000549316406,157.7367401123047,4569900
2019-05-30,191.0800018310547,158.6416778564453,3029800
2019-05-31,189.85000610351562,157.6204833984375,3681500
2019-06-03,189.57000732421875,157.38800048828125,4620200
2019-06-04,195.25,162.1038055419922,5118100
2019-06-05,196.69000244140625,164.44473266601562,3704600
2019-06-06,197.1699981689453,164.8460235595703,3732900
2019-06-07,197.3000030517578,164.95477294921875,3522300
2019-06-10,198.0500030517578,165.58175659179688,3154500
2019-06-11,198.00999450683594,165.54833984375,3708500
2019-06-12,198.94000244140625,166.32591247558594,2551500
2019-06-13,202.35000610351562,169.17686462402344,3630900
2019-06-14,205.77000427246094,172.03614807128906,4898000
2019-06-17,206.97999572753906,173.0477752685547,4620500
2019-06-18,207.47999572753906,173.4658203125,3891300
2019-06-19,207.94000244140625,173.85040283203125,3648200
2019-06-20,211.25,176.6177520751953,5171500
2019-06-21,209.38999938964844,175.0626983642578,9855000
2019-06-24,205.5,171.81044006347656,4943500
2019-06-25,204.74000549316406,171.1750030517578,3587900
2019-06-26,206.4199981689453,172.57958984375,3071200
2019-06-27,207.02000427246094,173.08126831054688,2286800
2019-06-28,207.97000122070312,173.87547302246094,11069000
2019-07-01,210.27999877929688,175.80679321289062,4097700
2019-07-02,210.13999938964844,175.68975830078125,3160500
2019-07-03,212.10000610351562,177.32843017578125,2183700
2019-07-05,211.4600067138672,176.79335021972656,2547800
2019-07-08,212.91000366210938,178.00563049316406,2705300
2019-07-09,212.0,177.24481201171875,2397400
2019-07-10,210.75,176.19976806640625,3457400
2019-07-11,214.0399932861328,178.9503631591797,3450100
2019-07-12,218.22999572753906,182.45346069335938,4429800
2019-07-15,218.6999969482422,182.84642028808594,3141300
2019-07-16,217.25999450683594,181.6425323486328,2657400
2019-07-17,215.61000061035156,180.2629852294922,3037300
2019-07-18,214.44000244140625,179.28480529785156,3068000
2019-07-19,213.0399932861328,178.11434936523438,3254800
2019-07-22,211.27000427246094,176.634521484375,2764900
2019-07-23,213.0800018310547,178.1477508544922,2589900
2019-07-24,214.7100067138672,179.5105438232422,2207100
2019-07-25,215.5500030517578,180.21286010742188,2335300
2019-07-26,216.91000366210938,181.34991455078125,2675500
2019-07-29,218.0399932861328,182.294677734375,2407200
2019-07-30,217.36000061035156,181.72605895996094,2172600
2019-07-31,213.69000244140625,178.6577606201172,3426400
2019-08-01,212.8300018310547,177.9387664794922,3431500
2019-08-02,212.14999389648438,177.37020874023438,2884900
2019-08-05,204.94000244140625,171.3422088623047,4553200
2019-08-06,208.8000030517578,174.56944274902344,3646800
2019-08-07,207.91000366210938,173.8253173828125,3901100
2019-08-08,211.57000732421875,176.8852996826172,2968000
2019-08-09,210.02000427246094,175.58944702148438,2912100
2019-08-12,207.00999450683594,173.07289123535156,2005000
2019-08-13,208.3300018310547,174.17648315429688,3876700
2019-08-14,201.58999633789062,168.54144287109375,4582100
2019-08-15,201.7899932861328,168.70864868164062,4199700
2019-08-16,203.64999389648438,170.26368713378906,4093600
2019-08-19,207.9499969482422,173.8588104248047,6413600
2019-08-20,217.08999633789062,181.50033569335938,12452600
2019-08-21,220.39999389648438,184.2677001953125,7938600
2019-08-22,221.02000427246094,184.78607177734375,4544600
2019-08-23,217.47000122070312,181.81808471679688,5769300
2019-08-26,218.64999389648438,182.8046417236328,3680200
2019-08-27,218.2100067138672,182.436767578125,4311700
2019-08-28,221.9499969482422,185.5636444091797,3066700
2019-08-29,227.32000732421875,190.05323791503906,4184200
2019-08-30,227.91000366210938,190.5465087890625,3768300
2019-09-03,224.07000732421875,187.33609008789062,4139400
2019-09-04,224.14999389648438,188.54739379882812,3132900
2019-09-05,228.14999389648438,191.91201782226562,3373100
2019-09-06,231.1300048828125,194.418701171875,3237900
2019-09-09,232.8699951171875,195.88230895996094,4449100
2019-09-10,233.0,195.99166870117188,4210600
2019-09-11,232.66000366210938,195.70571899414062,2978300
2019-09-12,233.8000030517578,196.66461181640625,3366100
2019-09-13,233.97999572753906,196.81600952148438,3805500
2019-09-16,230.99000549316406,194.30093383789062,3120200
2019-09-17,230.2100067138672,193.6448211669922,3732500
2019-09-18,230.8300018310547,194.16636657714844,3341800
2019-09-19,228.1199951171875,191.8867950439453,3134000
2019-09-20,224.6699981689453,188.9847869873047,7687700
2019-09-23,226.25,190.3138427734375,2754000
2019-09-24,225.41000366210938,189.60723876953125,4511300
2019-09-25,228.10000610351562,191.8699188232422,3716700
2019-09-26,229.7899932861328,193.29153442382812,4200600
2019-09-27,229.86000061035156,193.35040283203125,3152000
2019-09-30,232.02000427246094,195.1673583984375,3249200
2019-10-01,231.0800018310547,194.37664794921875,3335400
2019-10-02,225.5500030517578,189.7249755859375,4336100
2019-10-03,226.80999755859375,190.78482055664062,2777700
2019-10-04,227.92999267578125,191.72695922851562,3163100
2019-10-07,226.74000549316406,190.7259521484375,2917600
2019-10-08,226.6699981689453,190.66705322265625,3438500
2019-10-09,228.94000244140625,192.57655334472656,2657600
2019-10-10,231.61000061035156,194.8224639892578,2781500
2019-10-11,234.66000366210938,197.38803100585938,3459200
2019-10-14,234.17999267578125,196.98423767089844,2183900
2019-10-15,235.6199951171875,198.19557189941406,2663300
2019-10-16,235.89999389648438,198.4310760498047,2388100
2019-10-17,236.77000427246094,199.16282653808594,2250500
2019-10-18,237.92999267578125,200.13861083984375,3662500
2019-10-21,236.6999969482422,199.10400390625,2041700
2019-10-22,237.1999969482422,199.5245819091797,2003200
2019-10-23,234.6699981689453,197.3964385986328,2110500
2019-10-24,233.88999938964844,196.74029541015625,2173900
2019-10-25,234.3800048828125,197.1524658203125,2210900
2019-10-28,236.8000030517578,199.18812561035156,2705000
2019-10-29,234.13999938964844,196.95059204101562,2558000
2019-10-30,236.24000549316406,198.717041015625,1956700
2019-10-31,234.5800018310547,197.3207244873047,2824100
2019-11-01,237.33999633789062,199.64236450195312,2197400
2019-11-04,234.9199981689453,197.606689453125,2542400
2019-11-05,232.1999969482422,195.31875610351562,3624600
2019-11-06,234.00999450683594,196.8412322998047,2631900
2019-11-07,232.94000244140625,195.94122314453125,2832500
2019-11-08,232.83999633789062,195.85708618164062,2088400
2019-11-11,231.8000030517578,194.98226928710938,2309600
2019-11-12,233.1199951171875,196.0926513671875,2991100
2019-11-13,234.8000030517578,197.50576782226562,2399600
2019-11-14,236.5500030517578,198.97781372070312,2282200
2019-11-15,237.2899932861328,199.6002655029297,3524700
2019-11-18,238.85000610351562,200.9125213623047,5747400
2019-11-19,225.86000061035156,189.9857177734375,14972200
2019-11-20,220.89999389648438,185.8135528564453,10225400
2019-11-21,218.5399932861328,183.82846069335938,7823700
2019-11-22,218.02999877929688,183.3994140625,5786500
2019-11-25,218.39999389648438,183.71063232421875,8865400
2019-11-26,220.75999450683594,185.69583129882812,9981400
2019-11-27,223.0,187.5800018310547,6687500
2019-11-29,220.50999450683594,185.48550415039062,2952900
2019-12-02,217.6199951171875,183.05453491210938,4416300
2019-12-03,214.0,180.009521484375,6505400
2019-12-04,214.10000610351562,181.24551391601562,4256200
2019-12-05,213.0,180.3142547607422,4580500
2019-12-06,214.27999877929688,181.3978729248047,4193700
2019-12-09,216.52999877929688,183.30258178710938,5111100
2019-12-10,215.89999389648438,182.769287109375,4663000
2019-12-11,212.0,179.46771240234375,8284800
2019-12-12,212.0399932861328,179.50160217285156,9915100
2019-12-13,214.0800018310547,181.228515625,6869200
2019-12-16,215.52999877929688,182.4560089111328,5850300
2019-12-17,217.72000122070312,184.3099365234375,7574400
2019-12-18,218.0,184.54701232910156,6677400
2019-12-19,220.22000122070312,186.4263458251953,5405000
2019-12-20,221.19000244140625,187.2474822998047,7778200
2019-12-23,219.2100067138672,185.57135009765625,3943700
2019-12-24,220.6699981689453,186.80731201171875,2260700
2019-12-26,220.82000732421875,186.9342803955078,2649200
2019-12-27,219.97000122070312,186.2147216796875,3082800
2019-12-30,217.30999755859375,183.96287536621094,3952400
2019-12-31,218.3800048828125,184.86871337890625,3789900
2020-01-02,219.66000366210938,185.9522705078125,3935700
2020-01-03,218.92999267578125,185.3342742919922,3423200
2020-01-06,219.9600067138672,186.20623779296875,5682800
2020-01-07,218.52000427246094,184.98715209960938,5685400
2020-01-08,221.7899932861328,187.7554168701172,4916200
2020-01-09,225.19000244140625,190.6337127685547,4843600
2020-01-10,224.22000122070312,189.81251525878906,4226600
2020-01-13,223.33999633789062,189.0675811767578,6060900
2020-01-14,222.80999755859375,188.61886596679688,3915100
2020-01-15,224.58999633789062,190.12571716308594,3444300
2020-01-16,228.82000732421875,193.70664978027344,5390800
2020-01-17,231.91000366210938,196.32244873046875,7979200
2020-01-21,232.9499969482422,197.202880859375,4873500
2020-01-22,232.89999389648438,197.16053771972656,4030800
2020-01-23,233.64999389648438,197.79547119140625,4617900
2020-01-24,232.0,196.39866638183594,4467500
2020-01-27,231.19000244140625,195.7129364013672,3595600
2020-01-28,233.86000061035156,197.97323608398438,3621900
2020-01-29,234.02000427246094,198.10865783691406,2564000
2020-01-30,232.7899932861328,197.0674591064453,4685700
2020-01-31,228.10000610351562,193.0970916748047,5304700
2020-02-03,231.5399932861328,196.00924682617188,5100900
2020-02-04,235.0,198.93829345703125,3505100
2020-02-05,238.11000061035156,201.571044921875,3868600
2020-02-06,238.83999633789062,202.1890411376953,3930300
2020-02-07,237.3000030517578,200.88536071777344,2456100
2020-02-10,240.61000061035156,203.6874237060547,2568000
2020-02-11,241.63999938964844,204.55934143066406,2692400
2020-02-12,241.58999633789062,204.5170440673828,3592100
2020-02-13,242.36000061035156,205.16888427734375,2468100
2020-02-14,245.02999877929688,207.4291534423828,2841600
2020-02-18,243.94000244140625,206.50640869140625,2892600
2020-02-19,243.63999938964844,206.25244140625,2713300
2020-02-20,247.02000427246094,209.11375427246094,3701800
2020-02-21,245.33999633789062,207.69158935546875,3881100
2020-02-24,239.6999969482422,202.91708374023438,5350100
2020-02-25,237.3800048828125,200.95309448242188,8061500
2020-02-26,235.27999877929688,199.17530822753906,6963000
2020-02-27,224.72999572753906,190.2442169189453,7612800
2020-02-28,217.83999633789062,184.41159057617188,11809600
2020-03-02,229.94000244140625,194.65475463867188,7150800
2020-03-03,227.94000244140625,192.96168518066406,8432500
2020-03-04,241.0800018310547,204.08526611328125,6770000
2020-03-05,234.80999755859375,198.77745056152344,6473900
2020-03-06,228.50999450683594,193.44424438476562,7399900
2020-03-09,210.4600067138672,178.16403198242188,10120500
2020-03-10,225.6999969482422,191.06539916992188,7206600
2020-03-11,212.88999938964844,181.42691040039062,7253900
2020-03-12,190.58999633789062,162.4226531982422,10928700
2020-03-13,205.6699981689453,175.27394104003906,10292300
2020-03-16,164.9600067138672,140.58053588867188,12536600
2020-03-17,173.63999938964844,147.9777069091797,16234400
2020-03-18,155.6300048828125,132.62939453125,14681900
2020-03-19,161.1300048828125,137.31654357910156,13499100
2020-03-20,152.14999389648438,129.66366577148438,12602400
2020-03-23,162.38999938964844,138.39031982421875,12241600
2020-03-24,184.72000122070312,157.42018127441406,14676600
2020-03-25,181.75999450683594,154.89761352539062,11497400
2020-03-26,195.2100067138672,166.35986328125,10170300
2020-03-27,190.5500030517578,162.3885498046875,7121700
2020-03-30,196.10000610351562,167.11830139160156,6936700
2020-03-31,186.7100067138672,159.11607360839844,7335400
2020-04-01,178.6300048828125,152.23019409179688,7858200
2020-04-02,181.30999755859375,154.51416015625,6353900
2020-04-03,178.6999969482422,152.28985595703125,7299800
2020-04-06,191.3300018310547,163.05328369140625,7454000
2020-04-07,192.2899932861328,163.8713836669922,6438800
2020-04-08,194.82000732421875,166.0275115966797,6094700
2020-04-09,201.52999877929688,171.74583435058594,7125100
2020-04-13,198.7899932861328,169.41073608398438,4415600
2020-04-14,207.1699981689453,176.55227661132812,5655400
2020-04-15,198.47999572753906,169.1465606689453,5693900
2020-04-16,199.85000610351562,170.31410217285156,7262800
2020-04-17,209.4199981689453,178.46975708007812,6717600
2020-04-20,206.0500030517578,175.59780883789062,4753100
2020-04-21,200.61000061035156,170.96177673339844,4845000
2020-04-22,204.1699981689453,173.9956512451172,4067700
2020-04-23,202.32000732421875,172.41905212402344,3565500
2020-04-24,212.17999267578125,180.8218231201172,5025200
2020-04-27,217.75999450683594,185.57716369628906,5472800
2020-04-28,217.6300048828125,185.46640014648438,5080700
2020-04-29,221.80999755859375,189.02867126464844,4381100
2020-04-30,219.8300018310547,187.34124755859375,5152700
2020-05-01,218.57000732421875,186.26748657226562,3819300
2020-05-04,221.83999633789062,189.0541534423828,4090900
2020-05-05,225.61000061035156,192.2670135498047,4655200
2020-05-06,223.9199981689453,190.82679748535156,3321100
2020-05-07,229.4499969482422,195.53945922851562,4501300
2020-05-08,234.42999267578125,199.7835235595703,4365200
2020-05-11,236.55999755859375,201.59872436523438,4378300
2020-05-12,232.89999389648438,198.47967529296875,4399600
2020-05-13,230.10000610351562,196.09344482421875,6237200
2020-05-14,234.47999572753906,199.82614135742188,6434500
2020-05-15,239.3300018310547,203.95936584472656,16176300
2020-05-18,245.35000610351562,209.0896759033203,8314800
2020-05-19,238.10000610351562,202.9111328125,9387000
2020-05-20,238.19000244140625,202.9878387451172,7534200
2020-05-21,240.8800048828125,205.28030395507812,4772700
2020-05-22,241.8800048828125,206.1324920654297,3041800
2020-05-26,242.47999572753906,206.64378356933594,4535200
2020-05-27,247.36000061035156,210.8025665283203,4664800
2020-05-28,245.13999938964844,208.91065979003906,5259300
2020-05-29,248.47999572753906,211.75704956054688,5341600
2020-06-01,247.2899932861328,210.742919921875,3407800
2020-06-02,252.7100067138672,215.36192321777344,5301000
2020-06-03,251.0,215.18186950683594,4638100
2020-06-04,248.9499969482422,213.42442321777344,4759400
2020-06-05,254.89999389648438,218.52532958984375,5054300
2020-06-08,256.7699890136719,220.12852478027344,3811900
2020-06-09,256.760009765625,220.1199188232422,3716100
2020-06-10,254.4499969482422,218.13955688476562,3589800
2020-06-11,239.47000122070312,205.29725646972656,6563700
2020-06-12,242.4499969482422,207.85195922851562,5238500
2020-06-15,241.36000061035156,206.91757202148438,6250900
2020-06-16,249.9499969482422,214.2816925048828,5291600
2020-06-17,250.85000610351562,215.05332946777344,4234000
2020-06-18,249.2100067138672,213.64735412597656,3347800
2020-06-19,246.64999389648438,211.45260620117188,11114600
2020-06-22,249.16000366210938,213.6044464111328,3815200
2020-06-23,250.30999755859375,214.59034729003906,3105300
2020-06-24,246.1300048828125,211.0068359375,3873000
2020-06-25,245.3800048828125,210.36387634277344,2938400
2020-06-26,241.00999450683594,206.61744689941406,5002700
2020-06-29,246.1199951171875,210.99827575683594,3468300
2020-06-30,250.50999450683594,214.76177978515625,4524600
2020-07-01,248.14999389648438,212.73854064941406,3677300
2020-07-02,248.5,213.03863525390625,3369800
2020-07-06,249.5500030517578,213.93881225585938,3133800
2020-07-07,247.35000610351562,212.05274963378906,2927800
2020-07-08,249.1699981689453,213.613037109375,2294000
2020-07-09,247.9600067138672,212.57568359375,2994700
2020-07-10,250.11000061035156,214.4188995361328,2745300
2020-07-13,249.6199951171875,213.99884033203125,4437500
2020-07-14,257.7900085449219,221.0029296875,4614200
2020-07-15,257.79998779296875,221.011474609375,4343700
2020-07-16,258.0799865722656,221.25155639648438,2511200
2020-07-17,260.3800048828125,223.2233428955078,3091300
2020-07-20,260.1700134277344,223.0433349609375,2451100
2020-07-21,262.4200134277344,224.9722442626953,2439900
2020-07-22,265.1700134277344,227.32984924316406,2750000
2020-07-23,263.80999755859375,226.1638641357422,2680100
2020-07-24,265.30999755859375,227.44979858398438,2984500
2020-07-27,267.4200134277344,229.25868225097656,2412500
2020-07-28,265.2799987792969,227.4241180419922,2227000
2020-07-29,264.6600036621094,226.89256286621094,2874100
2020-07-30,266.30999755859375,228.30715942382812,2347800
2020-07-31,265.489990234375,227.6041259765625,3640600
2020-08-03,266.17999267578125,228.19566345214844,2363500
2020-08-04,267.8699951171875,229.64451599121094,2224000
2020-08-05,267.4800109863281,229.31015014648438,1959900
2020-08-06,269.3699951171875,230.93045043945312,2203400
2020-08-07,271.6400146484375,232.87649536132812,2846300
2020-08-10,274.7300109863281,235.52560424804688,2393100
2020-08-11,274.9200134277344,235.68846130371094,3321300
2020-08-12,281.5799865722656,241.39805603027344,3867900
2020-08-13,281.6600036621094,241.46665954589844,2202400
2020-08-14,280.54998779296875,240.51502990722656,2490400
2020-08-17,288.239990234375,247.107666015625,5584400
2020-08-18,285.0,244.33010864257812,6934300
2020-08-19,282.8599853515625,242.49542236328125,4986800
2020-08-20,280.67999267578125,240.6264190673828,3530000
2020-08-21,283.2300109863281,242.8125762939453,5519100
2020-08-24,286.75,245.83026123046875,4430900
2020-08-25,286.1300048828125,245.298828125,2854500
2020-08-26,291.92999267578125,250.27105712890625,4001900
2020-08-27,288.6300048828125,247.44200134277344,3430900
2020-08-28,286.2900085449219,245.43592834472656,3100100
2020-08-31,285.0400085449219,244.36428833007812,4105400
2020-09-01,285.94000244140625,245.13592529296875,3235100
2020-09-02,287.20001220703125,247.51451110839844,3464600
2020-09-03,274.6300048828125,236.681396484375,5380100
2020-09-04,269.6600036621094,232.39820861816406,5253500
2020-09-08,269.260009765625,232.053466796875,5241200
2020-09-09,277.0400085449219,238.75843811035156,4754700
2020-09-10,272.70001220703125,235.01806640625,3156300
2020-09-11,276.3299865722656,238.146484375,3729200
2020-09-14,280.6499938964844,241.86952209472656,3055800
2020-09-15,285.5799865722656,246.11839294433594,4174900
2020-09-16,281.6300048828125,242.7141571044922,3379100
2020-09-17,279.9599914550781,241.27493286132812,3166600
2020-09-18,275.19000244140625,237.16403198242188,6072900
2020-09-21,272.3500061035156,234.7164306640625,3548000
2020-09-22,273.30999755859375,235.54380798339844,2972000
2020-09-23,266.54998779296875,229.71792602539062,4467600
2020-09-24,265.70001220703125,228.9854278564453,3095600
2020-09-25,268.54998779296875,231.4415740966797,2457700
2020-09-28,272.3299865722656,234.6992645263672,3061100
2020-09-29,272.1099853515625,234.50970458984375,2048900
2020-09-30,277.7099914550781,239.33578491210938,4778800
2020-10-01,277.6199951171875,239.2583465576172,2696900
2020-10-02,279.30999755859375,240.7147216796875,2943600
2020-10-05,282.1000061035156,243.11923217773438,2330700
2020-10-06,276.4700012207031,238.26722717285156,2992500
2020-10-07,282.7900085449219,243.71389770507812,3423700
2020-10-08,284.5199890136719,245.20484924316406,2256200
2020-10-09,285.9200134277344,246.41140747070312,2240100
2020-10-12,286.9100036621094,247.2646026611328,2411900
2020-10-13,290.3599853515625,250.23782348632812,2699900
2020-10-14,287.0899963378906,247.41973876953125,2221000
2020-10-15,287.5400085449219,247.8074951171875,2699400
2020-10-16,287.6600036621094,247.91091918945312,3108600
2020-10-19,283.7300109863281,244.52398681640625,2428100
2020-10-20,286.0400085449219,246.51480102539062,2281500
2020-10-21,284.510009765625,245.1962432861328,2304500
2020-10-22,281.1600036621094,242.3091278076172,2787000
2020-10-23,283.0,243.89486694335938,1750600
2020-10-26,276.0400085449219,237.8966064453125,2911900
2020-10-27,276.8399963378906,238.5860137939453,3014100
2020-10-28,269.7200012207031,232.44992065429688,3255900
2020-10-29,269.6300048828125,232.3723907470703,2872500
2020-10-30,266.7099914550781,229.8557891845703,3872800
2020-11-02,270.739990234375,233.32894897460938,2956400
2020-11-03,277.3699951171875,239.04287719726562,3037500
2020-11-04,282.7200012207031,243.6536102294922,3525300
2020-11-05,285.8500061035156,246.3510284423828,2516600
2020-11-06,284.239990234375,244.9635009765625,2839100
2020-11-09,269.9700012207031,232.66537475585938,7856400
2020-11-10,275.57000732421875,237.49154663085938,4828500
2020-11-11,277.75,239.37034606933594,2987900
2020-11-12,276.239990234375,238.06895446777344,3818600
2020-11-13,277.1700134277344,238.87045288085938,3939200
2020-11-16,279.57000732421875,240.9387969970703,5360200
2020-11-17,272.4700012207031,234.8199462890625,8532200
2020-11-18,269.8299865722656,232.54469299316406,5122200
2020-11-19,270.92999267578125,233.49270629882812,3929400
2020-11-20,269.80999755859375,232.5274658203125,4111000
2020-11-23,271.3999938964844,233.89776611328125,3294200
2020-11-24,273.30999755859375,235.54380798339844,4773400
2020-11-25,273.9599914550781,236.10398864746094,3001700
2020-11-27,275.989990234375,237.85348510742188,1625300
2020-11-30,277.4100036621094,239.07725524902344,4624100
2020-12-01,276.6000061035156,238.37924194335938,3942400
2020-12-02,271.1000061035156,234.91314697265625,4168600
2020-12-03,268.1400146484375,232.3483123779297,4168900
2020-12-04,263.989990234375,228.75221252441406,7732800
2020-12-07,262.6400146484375,227.5823974609375,6379000
2020-12-08,261.7200012207031,226.78521728515625,5338100
2020-12-09,265.5799865722656,230.12989807128906,4550100
2020-12-10,264.80999755859375,229.46275329589844,4234300
2020-12-11,264.54998779296875,229.23745727539062,3454500
2020-12-14,265.5799865722656,230.12989807128906,4576800
2020-12-15,267.9800109863281,232.20962524414062,3754100
2020-12-16,269.5899963378906,233.6046905517578,4669600
2020-12-17,273.9700012207031,237.40013122558594,4247000
2020-12-18,270.45001220703125,234.3499298095703,9817000
2020-12-21,270.989990234375,234.81787109375,4339000
2020-12-22,270.0400085449219,233.99462890625,3140100
2020-12-23,269.80999755859375,233.7953338623047,2337100
2020-12-24,270.9200134277344,234.7571563720703,1093900
2020-12-28,269.25,233.31011962890625,2633800
2020-12-29,266.19000244140625,230.65853881835938,2572100
2020-12-30,265.260009765625,229.8527069091797,2511400
2020-12-31,265.6199951171875,230.16465759277344,2607900
2021-01-04,263.9200134277344,228.69154357910156,5002000
2021-01-05,266.04998779296875,230.53724670410156,3822600
2021-01-06,267.57000732421875,231.85435485839844,3949200
2021-01-07,266.260009765625,230.7191925048828,3833200
2021-01-08,269.0899963378906,233.17144775390625,3757700
2021-01-11,271.2300109863281,235.0258331298828,3764400
2021-01-12,276.3299865722656,239.44497680664062,4030900
2021-01-13,274.04998779296875,237.46937561035156,3921400
2021-01-14,268.3399963378906,232.52151489257812,4641400
2021-01-15,275.5899963378906,238.8037872314453,5131700
2021-01-19,273.19000244140625,236.7241973876953,3615800
2021-01-20,274.29998779296875,237.6859893798828,3498400
2021-01-21,279.04998779296875,241.8019256591797,4397900
2021-01-22,284.0,246.09120178222656,4501900
2021-01-25,285.0799865722656,247.02706909179688,4025900
2021-01-26,282.6000061035156,244.87811279296875,2472200
2021-01-27,274.04998779296875,237.46937561035156,4337000
2021-01-28,278.04998779296875,240.9354705810547,3463000
2021-01-29,270.82000732421875,234.67051696777344,4079500
2021-02-01,270.07000732421875,234.0206298828125,3707800
2021-02-02,272.1600036621094,235.8316192626953,4111800
2021-02-03,274.1700134277344,237.57334899902344,2802700
2021-02-04,278.82000732421875,241.6026153564453,2976000
2021-02-05,278.8599853515625,241.63729858398438,2389900
2021-02-08,280.0299987792969,242.6511993408203,3475600
2021-02-09,276.7699890136719,239.82627868652344,2507800
2021-02-10,278.69000244140625,241.4900665283203,2410600
2021-02-11,277.05999755859375,240.07760620117188,2595300
2021-02-12,277.510009765625,240.4674835205078,2392200
2021-02-16,275.3900146484375,238.63050842285156,2873500
2021-02-17,280.9200134277344,243.42233276367188,3536400
2021-02-18,283.04998779296875,245.26803588867188,3532000
2021-02-19,279.6400146484375,242.3132781982422,4079900
2021-02-22,275.8500061035156,239.0290985107422,3995500
2021-02-23,267.239990234375,231.56837463378906,12111000
2021-02-24,259.9700012207031,225.26878356933594,14512700
2021-02-25,255.25,221.17884826660156,6545400
2021-02-26,258.3399963378906,223.85638427734375,7871200
2021-03-01,261.6199951171875,226.69859313964844,4528900
2021-03-02,260.2900085449219,225.54611206054688,3740300
2021-03-03,257.3599853515625,223.00714111328125,4257500
2021-03-04,250.92999267578125,217.43545532226562,7154900
2021-03-05,253.52000427246094,219.6797332763672,6351800
2021-03-08,259.0299987792969,224.45431518554688,5037400
2021-03-09,264.9599914550781,229.59275817871094,6625300
2021-03-10,266.239990234375,232.1475372314453,3798400
2021-03-11,268.8500061035156,234.42332458496094,4371300
2021-03-12,273.1000061035156,238.129150390625,4190500
2021-03-15,278.5400085449219,242.8725128173828,4355200
2021-03-16,282.0799865722656,245.9591522216797,4458900
2021-03-17,280.0299987792969,244.1716766357422,5908400
2021-03-18,283.1600036621094,246.90093994140625,4808100
2021-03-19,289.1000061035156,252.0802764892578,13729200
2021-03-22,288.94000244140625,251.9407958984375,5564700
2021-03-23,289.9800109863281,252.8475799560547,4801200
2021-03-24,292.75,255.26287841796875,4842000
2021-03-25,297.17999267578125,259.1256103515625,5373500
2021-03-26,303.80999755859375,264.9065856933594,5865900
2021-03-29,302.20001220703125,263.5027770996094,4642900
2021-03-30,304.82000732421875,265.787353515625,5045400
2021-03-31,305.25,266.16229248046875,4744100
2021-04-01,307.75,268.3421936035156,3923900
2021-04-05,315.3999938964844,275.01251220703125,4697200
2021-04-06,313.7799987792969,273.6000061035156,3988600
2021-04-07,312.4700012207031,272.4577331542969,3799300
2021-04-08,314.42999267578125,274.1666564941406,4035600
2021-04-09,319.2300109863281,278.35211181640625,4607800
2021-04-12,320.7900085449219,279.7122802734375,3556800
2021-04-13,320.3999938964844,279.37225341796875,3635100
2021-04-14,320.0199890136719,279.0409240722656,3440600
2021-04-15,322.739990234375,281.41265869140625,3508200
2021-04-16,328.0799865722656,286.06884765625,6213100
2021-04-19,326.8500061035156,284.9963073730469,4494300
2021-04-20,323.9599914550781,282.47637939453125,4462900
2021-04-21,325.95001220703125,284.2115478515625,3740100
2021-04-22,321.4599914550781,280.2965087890625,4875000
2021-04-23,323.8900146484375,282.4154357910156,3405700
2021-04-26,319.989990234375,279.01470947265625,2848500
2021-04-27,320.5899963378906,279.5379333496094,3335800
2021-04-28,319.7099914550781,278.7706298828125,2713400
2021-04-29,325.3399963378906,283.6797180175781,3261900
2021-04-30,323.6700134277344,282.22357177734375,3118700
2021-05-03,330.2699890136719,287.9784240722656,3683700
2021-05-04,332.7699890136719,290.1582946777344,3954400
2021-05-05,332.04998779296875,289.5304260253906,3227200
2021-05-06,337.5799865722656,294.352294921875,3539600
2021-05-07,339.25,295.8085021972656,2998100
2021-05-10,341.1199951171875,297.4389953613281,4840600
2021-05-11,330.6600036621094,288.3184814453125,5500900
2021-05-12,317.0,276.40765380859375,5822000
2021-05-13,325.4200134277344,283.7494201660156,5159800
2021-05-14,323.6300048828125,282.188720703125,3998000
2021-05-17,320.010009765625,279.0322265625,4388000
2021-05-18,316.75,276.189697265625,7010300
2021-05-19,314.45001220703125,274.1841735839844,5242100
2021-05-20,315.8999938964844,275.448486328125,3854700
2021-05-21,315.7699890136719,275.3351745605469,3920600
2021-05-24,314.8399963378906,274.52423095703125,2930600
2021-05-25,316.75,276.189697265625,3523300
2021-05-26,317.3299865722656,276.69537353515625,2881600
2021-05-27,318.7699890136719,277.9510498046875,3734800
2021-05-28,318.9100036621094,278.0730895996094,3194000
2021-06-01,316.30999755859375,275.8059997558594,3549800
2021-06-02,313.2300109863281,274.5526428222656,3380100
2021-06-03,311.42999267578125,272.9748229980469,2652500
2021-06-04,311.010009765625,272.6067199707031,2638700
2021-06-07,309.9599914550781,271.68634033203125,3974800
2021-06-08,310.8999938964844,272.5102844238281,2913500
2021-06-09,307.3399963378906,269.389892578125,3603700
2021-06-10,308.30999755859375,270.2400817871094,3286300
2021-06-11,310.7699890136719,272.3963623046875,2785100
2021-06-14,309.32000732421875,271.1253662109375,3393500
2021-06-15,306.45001220703125,268.6097717285156,5270600
2021-06-16,302.7799987792969,265.3929138183594,4492500
2021-06-17,303.1199951171875,265.6909484863281,4481100
2021-06-18,302.6099853515625,265.243896484375,8792700
2021-06-21,307.6000061035156,269.6177673339844,3774200
2021-06-22,312.7099914550781,274.0967712402344,4418400
2021-06-23,311.6700134277344,273.18524169921875,2564500
2021-06-24,311.8399963378906,273.3341979980469,2649200
2021-06-25,313.6300048828125,274.9031982421875,11733500
2021-06-28,314.2799987792969,275.4729309082031,2635400
2021-06-29,318.239990234375,278.9439392089844,3150100
2021-06-30,318.8900146484375,279.5137023925781,3061500
2021-07-01,321.5400085449219,281.83648681640625,2578000
2021-07-02,322.70001220703125,282.853271484375,2201600
2021-07-06,319.260009765625,279.8380126953125,3109500
2021-07-07,323.4800109863281,283.5368957519531,2939900
2021-07-08,318.5400085449219,279.2068786621094,3663000
2021-07-09,322.0899963378906,282.3185119628906,2587400
2021-07-12,321.739990234375,282.01177978515625,2521800
2021-07-13,317.04998779296875,277.9009094238281,3213800
2021-07-14,319.2200012207031,279.80291748046875,3381600
2021-07-15,322.7099914550781,282.86199951171875,2603900
2021-07-16,321.5400085449219,281.83648681640625,3623700
2021-07-19,318.8699951171875,279.49615478515625,3752600
2021-07-20,325.3500061035156,285.1759948730469,4251700
2021-07-21,326.3599853515625,286.06134033203125,2832600
2021-07-22,326.6600036621094,286.32421875,2208100
2021-07-23,332.8399963378906,291.7411193847656,2786400
2021-07-26,331.17999267578125,290.2861022949219,2752000
2021-07-27,327.260009765625,286.8501281738281,2910300
2021-07-28,325.5199890136719,285.3250427246094,2376200
2021-07-29,327.42999267578125,286.9991455078125,2172400
2021-07-30,328.19000244140625,287.66522216796875,2381200
2021-08-02,327.2200012207031,286.8150634765625,2016400
2021-08-03,331.94000244140625,290.9522399902344,2405900
2021-08-04,330.30999755859375,289.5235900878906,1783700
2021-08-05,333.1099853515625,291.977783203125,2284000
2021-08-06,329.8399963378906,289.111572265625,2656600
2021-08-09,328.760009765625,288.1649475097656,1995300
2021-08-10,331.4800109863281,290.5491027832031,1868100
2021-08-11,337.0,295.3874206542969,3258600
2021-08-12,334.0199890136719,292.77545166015625,2554200
2021-08-13,331.32000732421875,290.4088439941406,2217000
2021-08-16,335.04998779296875,293.67822265625,3496300
2021-08-17,320.75,281.14404296875,9322800
2021-08-18,321.54998779296875,281.84521484375,4880600
2021-08-19,322.8999938964844,283.0285339355469,2974700
2021-08-20,329.239990234375,288.58563232421875,2929900
2021-08-23,327.739990234375,287.2709045410156,2792700
2021-08-24,324.8999938964844,284.781494140625,2359500
2021-08-25,323.8800048828125,283.8874816894531,2586900
2021-08-26,321.4800109863281,281.7838439941406,2952300
2021-08-27,323.3800048828125,283.44927978515625,2985400
2021-08-30,327.1000061035156,286.7099609375,2926900
2021-08-31,326.17999267578125,285.9035339355469,4183100
2021-09-01,323.6400146484375,285.1194763183594,3339100
2021-09-02,327.739990234375,288.7314453125,3109000
2021-09-03,330.3399963378906,291.0220031738281,2774800
2021-09-07,328.95001220703125,289.7975158691406,2555200
2021-09-08,331.5799865722656,292.1143798828125,2219500
2021-09-09,331.7699890136719,292.2817687988281,3011900
2021-09-10,331.95001220703125,292.44036865234375,3178600
2021-09-13,335.45001220703125,295.5237731933594,3908700
2021-09-14,333.1199951171875,293.47113037109375,2857200
2021-09-15,333.3699951171875,293.6913757324219,2875500
2021-09-16,336.3900146484375,296.3519287109375,3043800
2021-09-17,335.6700134277344,295.71759033203125,7098400
2021-09-20,331.2099914550781,291.7884521484375,4036600
2021-09-21,334.2200012207031,294.440185546875,3171100
2021-09-22,335.92999267578125,295.9466552734375,2872800
2021-09-23,335.9100036621094,295.9290466308594,2426600
2021-09-24,337.489990234375,297.3209533691406,2004900
2021-09-27,341.4100036621094,300.7744140625,2966100
2021-09-28,333.79998779296875,294.0700988769531,3304100
2021-09-29,336.92999267578125,296.82763671875,2424000
2021-09-30,328.260009765625,289.1895751953125,4255000
2021-10-01,329.8599853515625,290.59906005859375,2814200
2021-10-04,326.4700012207031,287.6126403808594,2919900
2021-10-05,329.4800109863281,290.264404296875,2514300
2021-10-06,330.3599853515625,291.0396423339844,2226800
2021-10-07,337.4800109863281,297.31219482421875,2789500
2021-10-08,334.3399963378906,294.5458679199219,2912200
2021-10-11,336.9700012207031,296.8629150390625,2589100
2021-10-12,337.79998779296875,297.5940856933594,2960300
2021-10-13,338.2799987792969,298.0169372558594,2477400
2021-10-14,344.04998779296875,303.1001892089844,2824300
2021-10-15,350.4100036621094,308.7032470703125,3473500
2021-10-18,355.010009765625,312.7557067871094,3487500
2021-10-19,357.989990234375,315.3810119628906,2375600
2021-10-20,358.2300109863281,315.59246826171875,2574800
2021-10-21,364.6199951171875,321.2218933105469,2885400
2021-10-22,365.989990234375,322.4288024902344,2734700
2021-10-25,371.260009765625,327.07159423828125,2923400
2021-10-26,369.20001220703125,325.2568054199219,2989500
2021-10-27,372.32000732421875,328.00543212890625,2840300
2021-10-28,371.57000732421875,327.34466552734375,2553500
2021-10-29,371.739990234375,327.49444580078125,3820200
2021-11-01,366.4800109863281,322.8605041503906,3380500
2021-11-02,367.2900085449219,323.57415771484375,2367100
2021-11-03,368.9700012207031,325.05413818359375,2378800
2021-11-04,372.17999267578125,327.8819885253906,3210000
2021-11-05,368.3999938964844,324.552001953125,3090200
2021-11-08,368.5899963378906,324.7193603515625,2357200
2021-11-09,370.6499938964844,326.5341491699219,2183300
2021-11-10,368.5799865722656,324.7105712890625,2161400
2021-11-11,367.6300048828125,323.8736877441406,2387300
2021-11-12,372.6300048828125,328.2784423828125,2793300
2021-11-15,371.0799865722656,326.9129943847656,3650600
2021-11-16,392.3299865722656,345.63372802734375,8648200
2021-11-17,394.8500061035156,347.8537902832031,4647000
2021-11-18,405.8500061035156,357.5445556640625,4503700
2021-11-19,408.69000244140625,360.0465393066406,3542000
2021-11-22,408.7900085449219,360.13470458984375,4006400
2021-11-23,408.3699951171875,359.76458740234375,3557000
2021-11-24,412.1099853515625,363.05950927734375,2676300
2021-11-26,402.70001220703125,354.7694396972656,3007800
2021-11-29,406.82000732421875,358.3991394042969,3725500
2021-11-30,400.6099853515625,352.92822265625,7773500
2021-12-01,400.4200134277344,354.2198486328125,3516200
2021-12-02,407.7699890136719,360.7217712402344,3705000
2021-12-03,407.80999755859375,360.75714111328125,5237500
2021-12-06,415.70001220703125,367.7367858886719,4624500
2021-12-07,416.17999267578125,368.1614685058594,4204500
2021-12-08,411.25,363.80029296875,4079400
2021-12-09,411.3399963378906,363.8798522949219,3822900
2021-12-10,415.3999938964844,367.471435546875,2625200
2021-12-13,405.239990234375,358.4837341308594,3766400
2021-12-14,402.20001220703125,355.79443359375,4662800
2021-12-15,407.80999755859375,360.75714111328125,4421400
2021-12-16,399.5299987792969,353.43255615234375,4632800
2021-12-17,387.9800109863281,343.21514892578125,11097500
2021-12-20,389.3999938964844,344.4713134765625,4294800
2021-12-21,390.4700012207031,345.4178466796875,3038200
2021-12-22,395.6400146484375,349.9913635253906,3267800
2021-12-23,397.07000732421875,351.2563781738281,2743900
2021-12-27,404.0899963378906,357.46649169921875,2228300
2021-12-28,406.2200012207031,359.3505859375,2521400
2021-12-29,410.8399963378906,363.4375,2209300
2021-12-30,409.94000244140625,362.64141845703125,1804400
2021-12-31,415.010009765625,367.1264343261719,2386100
2022-01-03,408.6400146484375,361.49139404296875,3715700
2022-01-04,412.8399963378906,365.2068176269531,3266500
2022-01-05,407.239990234375,360.2529296875,4443200
2022-01-06,405.760009765625,358.94366455078125,3315100
2022-01-07,393.6099853515625,348.19561767578125,4520700
2022-01-10,387.4599914550781,342.7550964355469,6440000
2022-01-11,386.6700134277344,342.0563659667969,4385400
2022-01-12,389.3999938964844,344.4713134765625,3623300
2022-01-13,386.9800109863281,342.3305358886719,3466300
2022-01-14,372.0,329.07891845703125,6336200
2022-01-18,366.7200012207031,324.4081115722656,6435200
2022-01-19,359.69000244140625,318.18927001953125,5175100
2022-01-20,349.5799865722656,309.24566650390625,5440600
2022-01-21,349.1000061035156,308.8210754394531,7718400
2022-01-24,363.80999755859375,321.8338623046875,8584300
2022-01-25,358.9800109863281,317.5611877441406,5536700
2022-01-26,357.2799987792969,316.05731201171875,6103300
2022-01-27,356.42999267578125,315.3053283691406,3941000
2022-01-28,366.5400085449219,324.2488708496094,4551300
2022-01-31,366.9800109863281,324.6380310058594,4084600
2022-02-01,368.70001220703125,326.1596374511719,3406800
2022-02-02,373.7300109863281,330.6093444824219,3839300
2022-02-03,364.80999755859375,322.718505859375,4009700
2022-02-04,359.6700134277344,318.1715087890625,3728100
2022-02-07,357.3500061035156,316.11920166015625,2809300
2022-02-08,361.44000244140625,319.73724365234375,3225100
2022-02-09,364.3699951171875,322.3292541503906,2777500
2022-02-10,355.0899963378906,314.1199035644531,4291800
2022-02-11,350.2900085449219,309.873779296875,3308700
2022-02-14,351.55999755859375,310.99725341796875,3654300
2022-02-15,353.260009765625,312.5011291503906,3552500
2022-02-16,350.0899963378906,309.69683837890625,3594900
2022-02-17,347.94000244140625,307.794921875,3927000
2022-02-18,346.8699951171875,306.8483581542969,5526100
2022-02-22,316.1700134277344,279.6904602050781,19752800
2022-02-23,308.45001220703125,272.86126708984375,11026000
2022-02-24,313.239990234375,277.09857177734375,8416700
2022-02-25,316.6499938964844,280.11505126953125,6510600
2022-02-28,315.8299865722656,279.3897705078125,5735100
2022-03-01,320.25,283.2998352050781,5640900
2022-03-02,327.3699951171875,289.5982360839844,5645600
2022-03-03,324.3599853515625,286.93560791015625,3858400
2022-03-04,324.260009765625,286.8471374511719,3630900
2022-03-07,322.7699890136719,285.5289611816406,4670000
2022-03-08,316.739990234375,280.1947326660156,5092500
2022-03-09,317.20001220703125,282.2950744628906,4443600
2022-03-10,317.94000244140625,282.9536437988281,3895200
2022-03-11,316.7900085449219,281.93017578125,2973300
2022-03-14,318.3599853515625,283.327392578125,3604200
2022-03-15,328.5400085449219,292.3872375488281,3775300
2022-03-16,330.9100036621094,294.49639892578125,3942400
2022-03-17,336.3599853515625,299.3466491699219,3123200
2022-03-18,340.739990234375,303.2447204589844,9409600
2022-03-21,329.3699951171875,293.1258850097656,4521200
2022-03-22,329.7300109863281,293.4462585449219,4852800
2022-03-23,317.04998779296875,282.1615295410156,5207700
2022-03-24,315.7799987792969,281.0312805175781,4599900
2022-03-25,310.67999267578125,276.4925231933594,5176500
2022-03-28,314.2799987792969,279.69635009765625,3936600
2022-03-29,317.7099914550781,282.7488708496094,5306100
2022-03-30,308.4599914550781,274.516845703125,7223800
2022-03-31,299.3299865722656,266.3914489746094,11044600
2022-04-01,301.8900146484375,268.6698303222656,5554600
2022-04-04,305.5799865722656,271.9537353515625,4659500
2022-04-05,304.8599853515625,271.3129577636719,4376100
2022-04-06,298.5400085449219,265.68841552734375,6499900
2022-04-07,302.75,269.43511962890625,5241000
2022-04-08,311.1099853515625,276.8751220703125,5741900
2022-04-11,306.7200012207031,272.9682922363281,4100600
2022-04-12,306.2900085449219,272.58563232421875,4122600
2022-04-13,310.4200134277344,276.2611389160156,3185300
2022-04-14,304.5199890136719,271.01043701171875,4569200
2022-04-18,300.2099914550781,267.17462158203125,3192400
2022-04-19,307.79998779296875,273.9294128417969,3389700
2022-04-20,315.1400146484375,280.46173095703125,4720800
2022-04-21,310.3599853515625,276.20770263671875,3014200
2022-04-22,300.1099853515625,267.0856628417969,4043200
2022-04-25,304.94000244140625,271.3841857910156,4396900
2022-04-26,299.9599914550781,266.95220947265625,3415200
2022-04-27,301.6000061035156,268.4117126464844,3446200
2022-04-28,311.760009765625,277.4537048339844,4149500
2022-04-29,300.3999938964844,267.34368896484375,4878200
2022-05-02,306.9700012207031,273.1907653808594,4233900
2022-05-03,304.9599914550781,271.40191650390625,3336600
2022-05-04,315.30999755859375,280.6129455566406,4021300
2022-05-05,299.1099853515625,266.1956787109375,4959600
2022-05-06,294.30999755859375,261.92388916015625,4325300
2022-05-09,297.0299987792969,264.3445739746094,5243600
2022-05-10,291.1600036621094,259.1205749511719,4392900
2022-05-11,282.9599914550781,251.8227996826172,3880500
2022-05-12,289.69000244140625,257.8122253417969,4447700
2022-05-13,296.0299987792969,263.4546813964844,3949100
2022-05-16,295.989990234375,263.4190368652344,4267900
2022-05-17,300.95001220703125,267.833251953125,12425900
2022-05-18,285.17999267578125,253.798583984375,7799500
2022-05-19,287.760009765625,256.0946960449219,5211500
2022-05-20,287.19000244140625,255.5873565673828,5621800
2022-05-23,286.0299987792969,254.55502319335938,4305600
2022-05-24,287.9200134277344,256.237060546875,4241900
2022-05-25,293.57000732421875,261.26531982421875,4612900
2022-05-26,302.80999755859375,269.4884948730469,4170800
2022-05-27,308.4599914550781,274.516845703125,3899300
2022-05-31,302.75,269.43511962890625,5966600
2022-06-01,297.19000244140625,266.1573486328125,3080800
2022-06-02,305.8699951171875,273.9309997558594,4086400
2022-06-03,305.0799865722656,273.223388671875,2956600
2022-06-06,303.8900146484375,272.15771484375,2562000
2022-06-07,301.7699890136719,270.259033203125,3547800
2022-06-08,297.5299987792969,266.4618225097656,3003100
2022-06-09,299.8599853515625,268.54852294921875,4168400
2022-06-10,289.239990234375,259.0374450683594,4623900
2022-06-13,283.1600036621094,253.5923614501953,4704600
2022-06-14,278.6700134277344,249.57118225097656,3987000
2022-06-15,279.7300109863281,250.5205078125,4050400
2022-06-16,273.4599914550781,244.9052276611328,6181000
2022-06-17,270.7300109863281,242.46029663085938,10775600
2022-06-21,269.20001220703125,241.09005737304688,5498400
2022-06-22,268.9800109863281,240.89300537109375,4678400
2022-06-23,275.4200134277344,246.66058349609375,3747500
2022-06-24,283.0,253.4490203857422,10310700
2022-06-27,282.69000244140625,253.17137145996094,2538600
2022-06-28,270.1499938964844,241.9408416748047,4052100
2022-06-29,273.8699951171875,245.2723846435547,2460500
2022-06-30,274.2699890136719,245.63064575195312,4058000
2022-07-01,279.0799865722656,249.93836975097656,2818300
2022-07-05,283.7300109863281,254.1028594970703,3241300
2022-07-06,283.5799865722656,253.96849060058594,2206100
2022-07-07,286.69000244140625,256.7537536621094,3133900
2022-07-08,286.4700012207031,256.55670166015625,1891000
2022-07-11,286.3900146484375,256.4850158691406,2453200
2022-07-12,285.1199951171875,255.3477325439453,2696100
2022-07-13,287.17999267578125,257.19256591796875,2941600
2022-07-14,289.4800109863281,259.2524719238281,2822200
2022-07-15,292.4100036621094,261.87646484375,2647200
2022-07-18,293.04998779296875,262.4495849609375,2664000
2022-07-19,299.8299865722656,268.5216064453125,2614900
2022-07-20,302.29998779296875,270.7337646484375,2533400
2022-07-21,305.0,273.1518249511719,1965000
2022-07-22,306.5899963378906,274.5758056640625,2391500
2022-07-25,306.1499938964844,274.1817321777344,1910500
2022-07-26,298.17999267578125,267.0439758300781,2690200
2022-07-27,298.9100036621094,267.69775390625,3233700
2022-07-28,299.6300048828125,268.34259033203125,3992100
2022-07-29,300.94000244140625,269.5157165527344,3236000
2022-08-01,305.82000732421875,273.8861999511719,3303900
2022-08-02,300.7099914550781,269.3097839355469,3091000
2022-08-03,306.3699951171875,274.37872314453125,3329400
2022-08-04,307.1700134277344,275.0952453613281,2718400
2022-08-05,309.69000244140625,277.3520812988281,2029100
2022-08-08,311.9700012207031,279.3939514160156,2505100
2022-08-09,305.2099914550781,273.33984375,2607000
2022-08-10,311.5799865722656,279.0447082519531,3863400
2022-08-11,310.69000244140625,278.2476501464844,2444100
2022-08-12,314.8900146484375,282.0090637207031,2273800
2022-08-15,314.6099853515625,281.7583312988281,3917300
2022-08-16,327.3800048828125,293.1949157714844,10089800
2022-08-17,325.760009765625,291.74407958984375,3162600
2022-08-18,325.2099914550781,291.2514953613281,2899600
2022-08-19,321.32000732421875,287.76763916015625,3489100
2022-08-22,312.2099914550781,279.6089172363281,3144200
2022-08-23,306.8999938964844,274.8533630371094,3317500
2022-08-24,308.1099853515625,275.9369812011719,2495600
2022-08-25,309.7799987792969,277.43267822265625,2529700
2022-08-26,298.1000061035156,266.97235107421875,3315500
2022-08-29,296.32000732421875,265.3781433105469,2711800
2022-08-30,293.1000061035156,262.4944152832031,2892400
2022-08-31,288.4200134277344,259.9884948730469,4376200
2022-09-01,293.3699951171875,264.4504699707031,3742500
2022-09-02,291.8999938964844,263.1254577636719,2753600
2022-09-06,289.5400085449219,260.9980773925781,4110000
2022-09-07,297.4700012207031,268.1463317871094,3016000
2022-09-08,299.8999938964844,270.3368225097656,2703200
2022-09-09,299.7699890136719,270.2196044921875,2769200
2022-09-12,297.5400085449219,268.20941162109375,3632900
2022-09-13,277.92999267578125,250.53250122070312,4797200
2022-09-14,276.3399963378906,249.09921264648438,4194400
2022-09-15,271.5400085449219,244.77243041992188,3896100
2022-09-16,275.9700012207031,248.7657012939453,9535100
2022-09-19,280.4200134277344,252.77713012695312,3047200
2022-09-20,274.1700134277344,247.1431427001953,2940700
2022-09-21,271.57000732421875,244.79946899414062,3173500
2022-09-22,269.1400146484375,242.60902404785156,3515800
2022-09-23,270.94000244140625,244.23153686523438,3527900
2022-09-26,266.5799865722656,240.30136108398438,4181800
2022-09-27,268.69000244140625,242.203369140625,3701000
2022-09-28,282.19000244140625,254.37258911132812,5816600
2022-09-29,278.3299865722656,250.89309692382812,4518600
2022-09-30,275.94000244140625,248.73870849609375,4789100
2022-10-03,283.70001220703125,255.7337188720703,3580000
2022-10-04,289.55999755859375,261.01605224609375,3641300
2022-10-05,289.8500061035156,261.2774963378906,2728000
2022-10-06,290.3900146484375,261.76422119140625,2641500
2022-10-07,284.32000732421875,256.2926330566406,2406000
2022-10-10,282.4599914550781,254.61599731445312,2115400
2022-10-11,282.8900146484375,255.00357055664062,2771900
2022-10-12,280.5199890136719,252.86715698242188,2258200
2022-10-13,282.8299865722656,254.94944763183594,3881600
2022-10-14,276.42999267578125,249.18035888671875,2783100
2022-10-17,281.260009765625,253.5343017578125,3426700
2022-10-18,285.05999755859375,256.95965576171875,3166500
2022-10-19,275.489990234375,248.33302307128906,4323000
2022-10-20,269.4599914550781,242.89747619628906,3959500
2022-10-21,275.5299987792969,248.3690643310547,3429100
2022-10-24,283.260009765625,255.33712768554688,2937100
2022-10-25,290.260009765625,261.6471252441406,2791600
2022-10-26,290.1499938964844,261.5478820800781,2615000
2022-10-27,291.05999755859375,262.3681945800781,3041500
2022-10-28,298.6499938964844,269.2099914550781,3243100
2022-10-31,296.1300048828125,266.9384765625,4210900
2022-11-01,296.05999755859375,266.8753662109375,3309100
2022-11-02,288.7300109863281,260.2679443359375,4426400
2022-11-03,281.5,253.7506103515625,4823900
2022-11-04,284.0299987792969,256.0312194824219,4401600
2022-11-07,290.2699890136719,261.6560974121094,3260200
2022-11-08,291.1400146484375,262.4403076171875,3371800
2022-11-09,286.75,258.4830627441406,3071400
2022-11-10,311.70001220703125,280.9735412597656,7794000
2022-11-11,314.94000244140625,283.8941345214844,4945400
2022-11-14,306.9200134277344,276.664794921875,6394800
2022-11-15,311.92999267578125,281.180908203125,9290400
2022-11-16,314.9100036621094,283.8671875,5249500
2022-11-17,311.44000244140625,280.73919677734375,3642100
2022-11-18,313.17999267578125,282.3077087402344,3559300
2022-11-21,316.7799987792969,285.5528564453125,4069000
2022-11-22,324.8800048828125,292.8543701171875,6054700
2022-11-23,321.510009765625,289.8164978027344,4243400
2022-11-25,326.3800048828125,294.20648193359375,3393500
2022-11-28,318.9200134277344,287.4819030761719,4733700
2022-11-29,315.9599914550781,284.8136291503906,3505600
2022-11-30,323.989990234375,293.81890869140625,15106500
2022-12-01,327.07000732421875,296.612060546875,3830100
2022-12-02,327.989990234375,297.4463806152344,3644100
2022-12-05,320.0799865722656,290.2729797363281,5057300
2022-12-06,317.45001220703125,287.8879699707031,3341500
2022-12-07,320.1499938964844,290.3365173339844,4038200
2022-12-08,324.0899963378906,293.9096374511719,3483600
2022-12-09,320.4800109863281,290.63580322265625,3738800
2022-12-12,327.9800109863281,297.4373474121094,4900200
2022-12-13,332.8900146484375,301.89013671875,5787700
2022-12-14,333.42999267578125,302.3799133300781,4546000
2022-12-15,327.6000061035156,297.0928039550781,5056900
2022-12-16,323.3399963378906,293.2294616699219,9615000
2022-12-19,317.3299865722656,287.7790832519531,3000600
2022-12-20,314.8399963378906,285.5210266113281,2632200
2022-12-21,319.3599853515625,289.6201171875,2610400
2022-12-22,316.1199951171875,286.6817321777344,3064400
2022-12-23,318.7300109863281,289.0487365722656,2064900
2022-12-27,319.54998779296875,289.7923583984375,1610200
2022-12-28,315.7300109863281,286.328125,1568200
2022-12-29,320.4100036621094,290.5722961425781,1559100
2022-12-30,315.8599853515625,286.4460144042969,2581600
2023-01-03,315.9100036621094,286.4913635253906,2822400
2023-01-04,319.7300109863281,289.95556640625,3560900
2023-01-05,315.4700012207031,286.0923767089844,2935100
2023-01-06,317.5299987792969,287.9605712890625,4022500
2023-01-09,317.80999755859375,288.2144470214844,3466300
2023-01-10,320.6300048828125,290.7718811035156,2111300
2023-01-11,329.0,298.36236572265625,2864800
2023-01-12,329.8699951171875,299.1513366699219,2481800
2023-01-13,331.2099914550781,300.3665466308594,2798600
2023-01-17,327.5299987792969,297.029296875,3988900
2023-01-18,323.69000244140625,293.546875,2952200
2023-01-19,310.8800048828125,281.9297790527344,5359300
2023-01-20,315.0,285.6660461425781,3725100
2023-01-23,315.4800109863281,286.1014099121094,3237900
2023-01-24,317.69000244140625,288.10565185546875,2127900
2023-01-25,317.260009765625,287.71563720703125,2060400
2023-01-26,313.80999755859375,284.5868835449219,3555300
2023-01-27,316.69000244140625,287.1986999511719,2761200
2023-01-30,314.239990234375,284.976806640625,2643100
2023-01-31,324.1700134277344,293.98223876953125,3526800
2023-02-01,328.0899963378906,297.5372009277344,3076500
2023-02-02,339.7900085449219,308.1475830078125,4776600
2023-02-03,331.5,300.6296081542969,3389700
2023-02-06,329.2699890136719,298.607177734375,2229700
2023-02-07,325.20001220703125,294.9162902832031,3865500
2023-02-08,320.7900085449219,290.9168701171875,2777200
2023-02-09,315.54998779296875,286.16485595703125,3063300
2023-02-10,316.5400085449219,287.06268310546875,2768800
2023-02-13,323.5299987792969,293.4017639160156,2432500
2023-02-14,318.42999267578125,288.77667236328125,3380800
2023-02-15,320.69000244140625,290.8262634277344,2585500
2023-02-16,321.239990234375,291.3249816894531,3169200
2023-02-17,317.95001220703125,288.3414001464844,4985500
2023-02-21,295.5,267.9819641113281,10891800
2023-02-22,296.29998779296875,268.7075500488281,5922100
2023-02-23,299.30999755859375,271.43719482421875,4354500
2023-02-24,296.6600036621094,269.0339660644531,3713300
2023-02-27,296.010009765625,268.4444885253906,3238300
2023-02-28,296.5400085449219,268.9251403808594,3949500
2023-03-01,290.7900085449219,263.71063232421875,5905100
2023-03-02,293.0199890136719,265.73297119140625,4103700
2023-03-03,298.45001220703125,270.65728759765625,4036700
2023-03-06,298.2099914550781,270.43963623046875,3763200
2023-03-07,290.70001220703125,263.6289978027344,4512400
2023-03-08,291.489990234375,266.2596130371094,4680300
2023-03-09,288.0,263.07183837890625,3248000
2023-03-10,286.30999755859375,261.52801513671875,4730900
2023-03-13,286.5199890136719,261.7198486328125,3892100
2023-03-14,285.57000732421875,260.8521423339844,5116000
2023-03-15,287.9700012207031,263.04437255859375,4835500
2023-03-16,286.7300109863281,261.9117126464844,4400200
2023-03-17,288.3900146484375,263.4280700683594,8342000
2023-03-20,289.260009765625,264.2226867675781,3677800
2023-03-21,289.42999267578125,264.3780212402344,4788200
2023-03-22,282.6099853515625,258.14825439453125,3723400
2023-03-23,283.9100036621094,259.3358154296875,6005800
2023-03-24,283.0199890136719,258.5228576660156,3851000
2023-03-27,281.2699890136719,256.9242858886719,4269700
2023-03-28,280.82000732421875,256.5132751464844,3633300
2023-03-29,283.3599853515625,258.83343505859375,3607500
2023-03-30,285.3599853515625,260.6602783203125,3432800
2023-03-31,295.1199951171875,269.5755310058594,5800600
2023-04-03,297.7300109863281,271.9596252441406,4007600
2023-04-04,294.9599914550781,269.4293518066406,2965700
2023-04-05,288.6700134277344,263.6838073730469,4002400
2023-04-06,288.6099853515625,263.6289978027344,3193400
2023-04-10,291.1700134277344,265.9674072265625,2799900
2023-04-11,293.7699890136719,268.3424072265625,2497000
2023-04-12,290.44000244140625,265.30059814453125,3341400
2023-04-13,292.1499938964844,266.8625793457031,3505800
2023-04-14,292.19000244140625,266.8990783691406,2653200
2023-04-17,295.3999938964844,269.831298828125,2621900
2023-04-18,298.95001220703125,273.0740051269531,2847800
2023-04-19,296.9100036621094,271.2106018066406,2889300
2023-04-20,298.57000732421875,272.7269287109375,3371800
2023-04-21,300.0400085449219,274.0696716308594,3506700
2023-04-24,301.6400146484375,275.5311584472656,2515400
2023-04-25,296.3299865722656,270.6808166503906,4529500
2023-04-26,288.07000732421875,263.1357421875,4037400
2023-04-27,293.92999267578125,268.488525390625,3133600
2023-04-28,300.5400085449219,274.5263671875,4063400
2023-05-01,297.70001220703125,271.9322204589844,2970000
2023-05-02,294.2799987792969,268.8082580566406,3413200
2023-05-03,293.0799865722656,267.71209716796875,2743400
2023-05-04,285.75,261.01654052734375,4422500
2023-05-05,289.6199951171875,264.55157470703125,3806600
2023-05-08,287.92999267578125,263.0078125,3736500
2023-05-09,290.5799865722656,265.428466796875,2570000
2023-05-10,289.0299987792969,264.01263427734375,3571000
2023-05-11,287.69000244140625,262.7886657714844,3859700
2023-05-12,290.4700012207031,265.3280029296875,3438300
2023-05-15,288.5400085449219,263.5650329589844,5353600
2023-05-16,282.3299865722656,257.8925476074219,12362100
2023-05-17,292.3900146484375,267.08184814453125,7956900
2023-05-18,295.1600036621094,269.61199951171875,4547000
2023-05-19,290.8800048828125,265.7024841308594,4470600
2023-05-22,290.6600036621094,265.5015563964844,3736200
2023-05-23,294.94000244140625,269.4111328125,5352200
2023-05-24,291.1000061035156,265.9034729003906,4978200
2023-05-25,286.75,261.9300231933594,5355900
2023-05-26,292.8299865722656,267.48370361328125,4626100
2023-05-30,292.3999938964844,267.0909423828125,5193300
2023-05-31,283.45001220703125,260.7796325683594,18288800
2023-06-01,288.3900146484375,265.3245544433594,4305100
2023-06-02,295.94000244140625,272.2706604003906,4515600
2023-06-05,293.1000061035156,269.6578063964844,3028800
2023-06-06,296.0,272.3258361816406,2855400
2023-06-07,301.70001220703125,277.5700378417969,4842700
2023-06-08,301.0899963378906,277.0087890625,3757300
2023-06-09,297.3500061035156,273.5679016113281,3485800
2023-06-12,300.8599853515625,276.7971496582031,4456600
2023-06-13,300.0799865722656,276.0794982910156,4043400
2023-06-14,299.7099914550781,275.7391357421875,4176000
2023-06-15,302.0199890136719,277.8642883300781,4109700
2023-06-16,300.3800048828125,276.35552978515625,10809300
2023-06-20,301.4100036621094,277.30316162109375,3371100
2023-06-21,300.70001220703125,276.64996337890625,2713300
2023-06-22,301.17999267578125,277.09149169921875,3052000
2023-06-23,300.80999755859375,276.751220703125,8525900
2023-06-26,307.8900146484375,283.2649230957031,4440100
2023-06-27,313.739990234375,288.64697265625,5342500
2023-06-28,306.510009765625,281.9952697753906,4025600
2023-06-29,307.82000732421875,283.20050048828125,3279700
2023-06-30,310.6400146484375,285.794921875,3230700
2023-07-03,310.0199890136719,285.2244567871094,1483300
2023-07-05,310.79998779296875,285.94207763671875,2496000
2023-07-06,302.0199890136719,277.8642883300781,4828300
2023-07-07,302.80999755859375,278.5911865234375,2951900
2023-07-10,310.2799987792969,285.4637451171875,3246700
2023-07-11,313.6600036621094,288.5733947753906,2913800
2023-07-12,317.5199890136719,292.1246643066406,5300500
2023-07-13,314.6000061035156,289.438232421875,3235600
2023-07-14,316.5,291.186279296875,2942100
2023-07-17,316.04998779296875,290.7722473144531,2002500
2023-07-18,316.760009765625,291.42547607421875,2315600
2023-07-19,319.4800109863281,293.92791748046875,2361400
2023-07-20,319.0899963378906,293.569091796875,2101900
2023-07-21,320.4700012207031,294.8387451171875,3673400
2023-07-24,325.1099853515625,299.10760498046875,2621900
2023-07-25,325.1300048828125,299.1260070800781,2890800
2023-07-26,329.5899963378906,303.2292785644531,3448100
2023-07-27,329.7099914550781,303.3397521972656,2608600
2023-07-28,331.3699951171875,304.8669738769531,2268200
2023-07-31,333.8399963378906,307.1393737792969,2690000
2023-08-01,332.07000732421875,305.510986328125,2547200
2023-08-02,328.5,302.2264404296875,2752600
2023-08-03,329.8500061035156,303.4685363769531,2451300
2023-08-04,326.42999267578125,300.32208251953125,3591600
2023-08-07,329.1700134277344,302.8428955078125,2111000
2023-08-08,327.80999755859375,301.5916442871094,3272600
2023-08-09,328.2099914550781,301.959716796875,2698900
2023-08-10,329.3999938964844,303.0544738769531,3075100
2023-08-11,331.1099853515625,304.62774658203125,3108400
2023-08-14,329.95001220703125,303.56048583984375,3974800
2023-08-15,332.1400146484375,305.5754089355469,5860900
2023-08-16,333.0299987792969,306.3941955566406,3753900
2023-08-17,327.2799987792969,301.1039733886719,3885100
2023-08-18,327.3699951171875,301.1868591308594,3472000
2023-08-21,324.05999755859375,298.14154052734375,3109700
2023-08-22,324.4800109863281,298.52801513671875,2582200
2023-08-23,326.0899963378906,300.00921630859375,2728000
2023-08-24,322.5899963378906,296.7891845703125,2490000
2023-08-25,322.8599853515625,297.03759765625,2418100
2023-08-28,325.9100036621094,299.8436279296875,2099900
2023-08-29,329.3800048828125,303.03607177734375,2628200
2023-08-30,330.6300048828125,306.1286315917969,2256200
2023-08-31,330.29998779296875,305.82305908203125,2914700
2023-09-01,333.0799865722656,308.39703369140625,2317400
2023-09-05,327.7799987792969,303.4898376464844,3141400
2023-09-06,326.0,301.84173583984375,3199700
2023-09-07,328.4200134277344,304.0823059082031,2454000
2023-09-08,328.7099914550781,304.35089111328125,2210300
2023-09-11,328.3699951171875,304.0361022949219,2087800
2023-09-12,326.2799987792969,302.1009521484375,2190500
2023-09-13,325.8800048828125,301.7305603027344,2564300
2023-09-14,329.6300048828125,305.2027587890625,2707600
2023-09-15,321.3999938964844,297.58258056640625,7117800
2023-09-18,317.260009765625,293.7493591308594,2740400
2023-09-19,314.6099853515625,291.2957458496094,2776500
2023-09-20,310.8599853515625,287.8236083984375,2320000
2023-09-21,306.760009765625,284.0274963378906,2766500
2023-09-22,305.7300109863281,283.0738830566406,2289200
2023-09-25,306.489990234375,283.77752685546875,1882300
2023-09-26,302.5400085449219,280.1202697753906,2655500
2023-09-27,301.82000732421875,279.4535827636719,2513900
2023-09-28,303.489990234375,280.9998474121094,2369600
2023-09-29,302.1600036621094,279.7684020996094,3502600
2023-10-02,299.8299865722656,277.6110534667969,2806800
2023-10-03,291.94000244140625,270.30572509765625,3609200
2023-10-04,292.3900146484375,270.722412109375,2956300
2023-10-05,291.70001220703125,270.0835876464844,2469300
2023-10-06,292.82000732421875,271.1205749511719,2922500
2023-10-09,295.3599853515625,273.4722595214844,1929900
2023-10-10,299.2200012207031,277.0462341308594,3116300
2023-10-11,298.04998779296875,275.96295166015625,2292800
2023-10-12,293.0199890136719,271.3056640625,2546400
2023-10-13,291.9200134277344,270.2872619628906,2092700
2023-10-16,297.3299865722656,275.2962646484375,2567000
2023-10-17,295.94000244140625,274.0093078613281,2139700
2023-10-18,290.239990234375,268.73175048828125,2720100
2023-10-19,286.7699890136719,265.51885986328125,3028600
2023-10-20,286.4100036621094,265.1855163574219,2885300
2023-10-23,285.07000732421875,263.9448547363281,2590900
2023-10-24,283.30999755859375,262.3153076171875,2705200
2023-10-25,280.92999267578125,260.11163330078125,2962800
2023-10-26,278.0,257.39874267578125,3108200
2023-10-27,276.4599914550781,255.97283935546875,2907300
2023-10-30,281.4800109863281,260.62091064453125,3074400
2023-10-31,284.69000244140625,263.5929870605469,3036000
2023-11-01,286.6300048828125,265.38922119140625,2747300
2023-11-02,294.5299987792969,272.7038269042969,3628000
2023-11-03,295.6099853515625,273.7037658691406,3071900
2023-11-06,294.57000732421875,272.7408447265625,2890300
2023-11-07,294.7699890136719,272.9259948730469,2629000
2023-11-08,295.9200134277344,273.9908142089844,2454900
2023-11-09,287.8699951171875,266.537353515625,4059100
2023-11-10,291.5899963378906,269.981689453125,3653500
2023-11-13,288.07000732421875,266.7225646972656,4586700
2023-11-14,303.6300048828125,281.1294860839844,7952800
2023-11-15,308.19000244140625,285.3515319824219,3985900
2023-11-16,306.44000244140625,283.7311706542969,3114000
2023-11-17,307.2699890136719,284.49969482421875,2770300
2023-11-20,308.19000244140625,285.3515319824219,3459000
2023-11-21,305.3399963378906,282.7127685546875,2977200
2023-11-22,309.20001220703125,286.28668212890625,2873500
2023-11-24,310.70001220703125,287.675537109375,1259900
2023-11-27,310.9200134277344,287.8792419433594,2992600
2023-11-28,313.3399963378906,290.119873046875,3116900
2023-11-29,311.0199890136719,289.9055480957031,3083800
2023-11-30,313.489990234375,292.2077941894531,4493700
2023-12-01,319.6199951171875,297.92169189453125,3613600
2023-12-04,324.0199890136719,302.0229797363281,3827900
2023-12-05,323.5,301.5382385253906,3269800
2023-12-06,326.1099853515625,303.9710693359375,3030800
2023-12-07,326.1700134277344,304.0269775390625,2742300
2023-12-08,326.4700012207031,304.3066101074219,2889300
2023-12-11,331.3299865722656,308.8367004394531,3520700
2023-12-12,333.20001220703125,310.5797424316406,2893400
2023-12-13,343.3999938964844,320.0872802734375,5822700
2023-12-14,351.80999755859375,327.9263000488281,7594800
2023-12-15,354.0,329.9676818847656,11212800
2023-12-18,350.80999755859375,326.99420166015625,4420500
2023-12-19,352.07000732421875,328.1686706542969,4654700
2023-12-20,348.6600036621094,324.990234375,3259500
2023-12-21,348.9700012207031,325.2791748046875,2794200
2023-12-22,348.5899963378906,324.92498779296875,2029900
2023-12-26,349.30999755859375,325.5960998535156,1585500
2023-12-27,348.5299987792969,324.86895751953125,2764300
2023-12-28,347.3599853515625,323.7784729003906,2859400
2023-12-29,346.54998779296875,323.0234375,10325700
2024-01-02,345.0799865722656,321.65325927734375,2833600
2024-01-03,338.260009765625,315.29620361328125,3309600
2024-01-04,338.5899963378906,315.6038513183594,3652400
2024-01-05,342.94000244140625,319.65850830078125,2664300
2024-01-08,347.92999267578125,324.30975341796875,2736200
2024-01-09,346.19000244140625,322.6878662109375,2338100
2024-01-10,356.79998779296875,332.57757568359375,4109300
2024-01-11,356.5299987792969,332.3259582519531,3530400
2024-01-12,355.7099914550781,331.56158447265625,1956100
2024-01-16,358.42999267578125,334.0968933105469,3669400
2024-01-17,355.70001220703125,331.5522766113281,2646100
2024-01-18,357.8999938964844,333.6029357910156,2510700
2024-01-19,362.4100036621094,337.8067932128906,3234600
2024-01-22,356.69000244140625,332.4750671386719,4003700
2024-01-23,350.7799987792969,326.96630859375,3878400
2024-01-24,347.2699890136719,323.6945495605469,3474400
2024-01-25,350.9700012207031,327.14337158203125,3064200
2024-01-26,355.29998779296875,331.179443359375,3177700
2024-01-29,355.70001220703125,331.5522766113281,2732000
2024-01-30,357.1000061035156,332.8572082519531,2336500
2024-01-31,352.9599914550781,328.998291015625,3377900
2024-02-01,360.07000732421875,335.6256103515625,2439100
2024-02-02,357.2300109863281,332.9784240722656,3697600
2024-02-05,355.1400146484375,331.0302734375,2653800
2024-02-06,356.25,332.06494140625,2045300
2024-02-07,362.69000244140625,338.067626953125,3272200
2024-02-08,363.7200012207031,339.02777099609375,2521900
2024-02-09,363.1499938964844,338.4964904785156,2389900
2024-02-12,365.45001220703125,340.6404113769531,3119700
2024-02-13,357.5899963378906,333.31402587890625,3106500
2024-02-14,358.2300109863281,333.9105224609375,2998900
2024-02-15,361.0799865722656,336.5669860839844,2662800
2024-02-16,362.3500061035156,337.75079345703125,3899600
2024-02-20,362.57000732421875,337.95587158203125,4830000
2024-02-21,364.1300048828125,339.4099426269531,3277800
2024-02-22,371.3399963378906,346.1304931640625,3387500
2024-02-23,371.9599914550781,346.7084045410156,3398200
2024-02-26,371.6000061035156,346.3728332519531,2461000
2024-02-27,375.55999755859375,350.06402587890625,2802900
2024-02-28,377.6099853515625,351.9748229980469,2282500
2024-02-29,380.6099853515625,354.7711486816406,4382800
2024-03-01,384.45001220703125,358.3504943847656,2750900
2024-03-04,380.3699951171875,354.5474853515625,2619000
2024-03-05,378.45001220703125,352.7578430175781,3011600
2024-03-06,377.44000244140625,353.9205627441406,2496300
2024-03-07,376.54998779296875,353.0859375,2368500
2024-03-08,373.3500061035156,350.0854797363281,2162900
2024-03-11,371.5199890136719,348.3694152832031,2833700
2024-03-12,374.5400085449219,351.20123291015625,2843800
2024-03-13,378.989990234375,355.37396240234375,3761200
2024-03-14,375.2699890136719,351.8857421875,3877500
2024-03-15,373.2300109863281,349.972900390625,9234900
2024-03-18,371.9100036621094,348.73516845703125,3455600
2024-03-19,379.4100036621094,355.7677917480469,3493800
2024-03-20,384.4100036621094,360.456298828125,2750400
2024-03-21,395.20001220703125,370.5738525390625,4212200
2024-03-22,390.2799987792969,365.96044921875,2910900
2024-03-25,383.510009765625,359.6123352050781,2683900
2024-03-26,379.92999267578125,356.25537109375,2720200
2024-03-27,385.8900146484375,361.84405517578125,2536500
2024-03-28,383.6000061035156,359.6966552734375,4108200
2024-04-01,368.0299987792969,345.0968933105469,4333200
2024-04-02,363.0,340.3804016113281,4650500
2024-04-03,359.8999938964844,337.4735107421875,4723000
2024-04-04,357.67999267578125,335.39178466796875,4381600
2024-04-05,357.8699951171875,335.57000732421875,3243400
2024-04-08,362.04998779296875,339.4895324707031,4339600
2024-04-09,361.4200134277344,338.8988037109375,3022600
2024-04-10,350.55999755859375,328.71551513671875,4805200
2024-04-11,347.3699951171875,325.7243347167969,4104700
2024-04-12,342.8699951171875,321.5046691894531,3550300
2024-04-15,337.92999267578125,316.87261962890625,4209200
2024-04-16,334.8299865722656,313.9656982421875,4525500
2024-04-17,332.8299865722656,312.0903015136719,4273800
2024-04-18,332.8900146484375,312.1466369628906,3717300
2024-04-19,335.3599853515625,314.462646484375,3076600
2024-04-22,336.1099853515625,315.1658935546875,3112800
2024-04-23,339.0,317.8758239746094,3697400
2024-04-24,333.010009765625,312.2591857910156,4029200
2024-04-25,331.9800109863281,311.29327392578125,3787800
2024-04-26,335.0899963378906,314.2095642089844,2465300
2024-04-29,336.79998779296875,315.8129577636719,2427400
2024-04-30,334.2200012207031,313.39373779296875,3089900
2024-05-01,331.9700012207031,311.283935546875,3267500
2024-05-02,335.5299987792969,314.6220703125,3213600
2024-05-03,342.8500061035156,321.4859619140625,4165100
2024-05-06,342.2900085449219,320.96087646484375,3366100
2024-05-07,340.69000244140625,319.4605712890625,2930700
2024-05-08,338.8299865722656,317.7164001464844,3123200
2024-05-09,347.44000244140625,325.7899169921875,3801400
2024-05-10,346.42999267578125,324.8428649902344,3413700
2024-05-13,340.9599914550781,319.7137145996094,4055600
2024-05-14,340.5,319.2823486328125,5854300
2024-05-15,348.6700134277344,326.9432678222656,4151100
2024-05-16,342.7300109863281,321.3735046386719,3101600
2024-05-17,344.2099914550781,322.7612609863281,2739000
2024-05-20,337.82000732421875,316.7694091796875,3237400
2024-05-21,336.1499938964844,315.20343017578125,4275100
2024-05-22,330.5899963378906,309.9898986816406,4024400
2024-05-23,326.8900146484375,306.52044677734375,4021100
2024-05-24,325.1000061035156,304.842041015625,2736900
2024-05-28,328.70001220703125,308.2177429199219,3807500
2024-05-29,325.9100036621094,305.6015625,3506200
2024-05-30,329.17999267578125,310.81353759765625,2921800
2024-05-31,334.8699951171875,316.1860656738281,5557800
2024-06-03,328.010009765625,309.7088623046875,3712800
2024-06-04,328.260009765625,309.9449157714844,4296800
2024-06-05,330.260009765625,311.8332824707031,2422400
2024-06-06,331.1000061035156,312.6264953613281,2979400
2024-06-07,327.0299987792969,308.7835693359375,2583800
2024-06-10,332.55999755859375,314.0050048828125,2691000
2024-06-11,335.7200012207031,316.9886779785156,3250900
2024-06-12,344.1400146484375,324.93890380859375,4793000
2024-06-13,347.8800048828125,328.4701843261719,3380800
2024-06-14,346.8399963378906,327.48822021484375,2589000
2024-06-17,349.5,329.99981689453125,2680200
2024-06-18,353.8699951171875,334.1259765625,3655000
2024-06-20,353.44000244140625,333.7200012207031,3661200
2024-06-21,355.79998779296875,335.94830322265625,6596400
2024-06-24,350.8800048828125,331.3028259277344,4278900
2024-06-25,338.32000732421875,319.443603515625,4879600
2024-06-26,341.82000732421875,322.7483215332031,3365300
2024-06-27,341.489990234375,322.4367370605469,2912600
2024-06-28,344.239990234375,325.03326416015625,6344000
2024-07-01,336.19000244140625,317.43243408203125,2643600
2024-07-02,334.9700012207031,316.2805480957031,2995900
2024-07-03,333.6400146484375,315.0247802734375,1733000
2024-07-05,334.5799865722656,315.9122314453125,3437500
2024-07-08,339.6000061035156,320.6521911621094,3534500
2024-07-09,337.0899963378906,318.2822265625,2254300
2024-07-10,344.17999267578125,324.9766540527344,3263100
2024-07-11,353.7900085449219,334.05047607421875,4146900
2024-07-12,359.7699890136719,339.6968078613281,4019900
2024-07-15,358.4599914550781,338.45989990234375,2884000
2024-07-16,369.1199951171875,348.525146484375,3210400
2024-07-17,371.8900146484375,351.1405944824219,3991100
2024-07-18,366.0799865722656,345.6547546386719,2395000
2024-07-19,363.3599853515625,343.0864562988281,2474500
2024-07-22,363.25,342.98260498046875,4049300
2024-07-23,359.6199951171875,339.5551452636719,2535700
2024-07-24,350.30999755859375,330.7646179199219,3508100
2024-07-25,353.2900085449219,333.578369140625,3297600
2024-07-26,359.510009765625,339.4512939453125,2439000
2024-07-29,361.6700134277344,341.4908142089844,2142100
2024-07-30,363.69000244140625,343.3980712890625,2788800
2024-07-31,368.1600036621094,347.6187438964844,3526100
2024-08-01,358.5799865722656,338.5731506347656,3759000
2024-08-02,355.42999267578125,335.5989685058594,3764600
2024-08-05,350.010009765625,330.4813537597656,3827900
2024-08-06,353.9100036621094,334.1637268066406,2831100
2024-08-07,342.3999938964844,323.2959899902344,3429100
2024-08-08,348.3399963378906,328.9045715332031,3591100
2024-08-09,348.6400146484375,329.18780517578125,2314800
2024-08-12,345.80999755859375,326.5157165527344,3830200
2024-08-13,350.07000732421875,330.53802490234375,6388600
2024-08-14,355.6600036621094,335.8161315917969,4814800
2024-08-15,360.07000732421875,339.9800720214844,3575800
2024-08-16,362.05999755859375,341.85906982421875,3308300
2024-08-19,363.07000732421875,342.81268310546875,3634900
2024-08-20,367.2699890136719,346.7783508300781,3459400
2024-08-21,370.4599914550781,349.7903137207031,4587600
2024-08-22,365.3599853515625,344.9748840332031,4097300
2024-08-23,375.5899963378906,354.6341857910156,3426200
2024-08-26,374.1099853515625,353.2367248535156,2452100
2024-08-27,373.17999267578125,352.3586120605469,1780300
2024-08-28,372.69000244140625,351.8960266113281,2218300
2024-08-29,367.05999755859375,348.6851501464844,2698400
2024-08-30,368.5,350.0530700683594,3216700
2024-09-03,364.739990234375,346.48126220703125,3598100
2024-09-04,364.6700134277344,346.414794921875,3221300
2024-09-05,361.8500061035156,343.7359619140625,2789200
2024-09-06,360.04998779296875,342.02606201171875,2228800
2024-09-09,365.5199890136719,347.22216796875,2747600
2024-09-10,370.8699951171875,352.3044128417969,2787400
2024-09-11,370.489990234375,351.94342041015625,2937700
2024-09-12,374.42999267578125,355.6861877441406,2367700
2024-09-13,379.989990234375,360.9678649902344,2514700
2024-09-16,382.010009765625,362.8867492675781,2877800
2024-09-17,383.239990234375,364.0552062988281,2947600
2024-09-18,384.010009765625,364.78662109375,3549400
2024-09-19,390.3399963378906,370.79974365234375,3753500
2024-09-20,389.8599853515625,370.3437805175781,6584200
2024-09-23,391.9599914550781,372.3386535644531,2502300
2024-09-24,400.6600036621094,380.6031494140625,4057700
2024-09-25,396.92999267578125,377.05987548828125,2787300
2024-09-26,396.70001220703125,376.8414001464844,2849500
2024-09-27,399.5299987792969,379.52972412109375,2452300
2024-09-30,405.20001220703125,384.9159240722656,3442000
2024-10-01,409.04998779296875,388.5731201171875,3476200
2024-10-02,411.260009765625,390.6725158691406,3431300
2024-10-03,411.5799865722656,390.9764404296875,3320700
2024-10-04,408.3599853515625,387.91766357421875,3989000
2024-10-07,408.05999755859375,387.6326904296875,3267800
2024-10-08,414.17999267578125,393.4463195800781,3693900
2024-10-09,416.07000732421875,395.2417297363281,3627800
2024-10-10,409.9599914550781,389.4375915527344,3040800
2024-10-11,411.8999938964844,391.28045654296875,2717400
2024-10-14,415.4200134277344,394.62432861328125,2088700
2024-10-15,415.5799865722656,394.7762451171875,3693000
2024-10-16,418.6099853515625,397.654541015625,2429000
2024-10-17,415.6000061035156,394.7952880859375,2013800
2024-10-18,415.0,394.225341796875,2436600
2024-10-21,406.3999938964844,386.0557861328125,3699500
2024-10-22,401.8500061035156,381.73358154296875,4486700
2024-10-23,399.6400146484375,379.63421630859375,3159000
2024-10-24,402.67999267578125,382.52203369140625,2550300
2024-10-25,398.9100036621094,378.9407653808594,1941400
2024-10-28,402.8900146484375,382.72149658203125,2586500
2024-10-29,395.07000732421875,375.29296875,3822700
2024-10-30,392.5199890136719,372.8706359863281,2795600
2024-10-31,393.75,374.0390930175781,2518600
2024-11-01,392.5899963378906,372.9371032714844,3277800
2024-11-04,395.57000732421875,375.7679443359375,2690500
2024-11-05,400.0899963378906,380.0616760253906,2496500
2024-11-06,388.3699951171875,368.9283447265625,7133400
2024-11-07,399.44000244140625,379.4441833496094,4323100
2024-11-08,405.8999938964844,385.5808410644531,3448700
2024-11-11,408.2900085449219,387.8511962890625,4071500
2024-11-12,403.0799865722656,382.9019775390625,5647100
2024-11-13,410.19000244140625,389.6560974121094,3083100
2024-11-14,405.7200012207031,385.40985107421875,3348100
2024-11-15,408.17999267578125,387.74664306640625,3239500
2024-11-18,410.44000244140625,389.89361572265625,3394300
2024-11-19,406.79998779296875,386.4357604980469,3239400
2024-11-20,400.0,379.9761657714844,4732200
2024-11-21,410.45001220703125,389.903076171875,3722200
2024-11-22,420.0,398.97503662109375,4932500
2024-11-25,428.6700134277344,407.2109680175781,4544200
2024-11-26,429.5199890136719,408.0184326171875,2758600
2024-11-27,427.19000244140625,407.94207763671875,2293500
2024-11-29,429.1300048828125,409.7945861816406,2028700
2024-12-02,426.9599914550781,407.7223815917969,2617100
2024-12-03,429.3500061035156,410.0047302246094,2714000
2024-12-04,427.9200134277344,408.6391906738281,1968800
2024-12-05,426.5400085449219,407.3212890625,2523500
2024-12-06,431.3699951171875,411.9337463378906,3161400
2024-12-09,429.17999267578125,409.84234619140625,3426000
2024-12-10,422.5899963378906,403.5492858886719,3354900
2024-12-11,421.3800048828125,402.3938293457031,4211200
2024-12-12,414.4200134277344,395.7474670410156,3673600
2024-12-13,416.9800109863281,398.19207763671875,2649500
2024-12-16,410.7099914550781,392.20458984375,2879600
2024-12-17,408.4700012207031,390.0655212402344,3726500
2024-12-18,393.82000732421875,376.0755920410156,4225500
2024-12-19,385.0199890136719,367.6720886230469,4576100
2024-12-20,392.6000061035156,374.9105529785156,8046400
2024-12-23,392.45001220703125,374.7673034667969,2433800
2024-12-24,396.1400146484375,378.29107666015625,1392600
2024-12-26,395.1400146484375,377.3361511230469,1319500
2024-12-27,392.8599853515625,375.1588134765625,1942700
2024-12-30,389.42999267578125,371.88336181640625,2444700
2024-12-31,388.989990234375,371.4631652832031,2179700
2025-01-02,388.4599914550781,370.95709228515625,2415700
2025-01-03,389.17999267578125,371.6446533203125,2231600
2025-01-06,389.3699951171875,371.82611083984375,3274500
2025-01-07,384.2300109863281,366.9176940917969,2274300
2025-01-08,387.20001220703125,369.75384521484375,2848500
2025-01-10,389.8900146484375,372.3226623535156,5323400
2025-01-13,389.17999267578125,371.6446533203125,3512900
2025-01-14,392.7799987792969,375.08245849609375,3405200
2025-01-15,406.0899963378906,387.7927551269531,4584800
2025-01-16,409.3299865722656,390.8867492675781,2305900
2025-01-17,409.3800048828125,390.93450927734375,3229000
2025-01-21,418.42999267578125,399.57672119140625,3568100
2025-01-22,410.1000061035156,391.6220703125,3581400
2025-01-23,414.3900146484375,395.7187805175781,3840300
2025-01-24,414.5,395.82379150390625,2369800
2025-01-27,424.8699951171875,405.7265319824219,3699200
2025-01-28,418.8299865722656,399.9586486816406,2818300
2025-01-29,413.4200134277344,394.79248046875,2384900
2025-01-30,414.5,395.82379150390625,3081300
2025-01-31,411.9800109863281,393.4173583984375,2761000
2025-02-03,408.760009765625,390.3424377441406,2896200
2025-02-04,411.489990234375,392.949462890625,2150800
2025-02-05,413.82000732421875,395.1744689941406,2212100
2025-02-06,414.1600036621094,395.4991149902344,2023700
2025-02-07,407.3699951171875,389.01507568359375,2530200
2025-02-10,413.989990234375,395.3367919921875,2617600
2025-02-11,416.3599853515625,397.5999450683594,1441800
2025-02-12,407.1400146484375,388.7953796386719,3387000
2025-02-13,412.42999267578125,393.8470458984375,3067900
2025-02-14,409.5,391.0491027832031,3004400
2025-02-18,403.30999755859375,385.1379699707031,3994000
2025-02-19,395.42999267578125,377.61309814453125,3780000
2025-02-20,394.6400146484375,376.858642578125,2703500
2025-02-21,385.29998779296875,367.9394226074219,5287000
2025-02-24,382.4200134277344,365.18927001953125,5722000
2025-02-25,393.2900085449219,375.5694885253906,6823900
2025-02-26,390.4800109863281,372.8860778808594,3871500
2025-02-27,390.2699890136719,372.6855163574219,2825100
2025-02-28,396.6000061035156,378.7303466796875,4263500
2025-03-03,389.69000244140625,372.13165283203125,3397600
2025-03-04,381.67999267578125,364.48260498046875,4384800
2025-03-05,386.3500061035156,368.9421691894531,2780300
2025-03-06,381.7300109863281,364.53033447265625,4222000
2025-03-07,376.79998779296875,359.8224182128906,4573900
2025-03-10,374.6499938964844,357.7693176269531,3710500
2025-03-11,368.1600036621094,351.57177734375,4013300
2025-03-12,364.7300109863281,348.2962646484375,3368000
2025-03-13,347.25,333.70831298828125,7062400
2025-03-14,351.30999755859375,337.6099548339844,5510700
2025-03-17,354.1300048828125,340.32000732421875,3681300
2025-03-18,349.57000732421875,335.93780517578125,3008200
2025-03-19,353.4200134277344,339.6377258300781,2990200
2025-03-20,355.5199890136719,341.6557922363281,3391200
2025-03-21,351.1499938964844,337.4561767578125,8205400
2025-03-24,363.7699890136719,349.58404541015625,4023200
2025-03-25,360.989990234375,346.9124755859375,2799500
2025-03-26,362.1300048828125,348.0080261230469,3140900
2025-03-27,362.7300109863281,348.58465576171875,3036600
2025-03-28,358.1499938964844,344.1831970214844,2980200
2025-03-31,366.489990234375,352.1979675292969,4498800
2025-04-01,365.5199890136719,351.26580810546875,2801600
2025-04-02,370.8900146484375,356.4263916015625,3189500
2025-04-03,355.9100036621094,342.03057861328125,5407100
2025-04-04,353.8999938964844,340.09893798828125,7531100
2025-04-07,341.510009765625,328.1921691894531,6950500
2025-04-08,335.239990234375,322.1666564941406,4868000
2025-04-09,355.3900146484375,341.5308532714844,6793000
2025-04-10,353.6199951171875,339.82989501953125,5574800
2025-04-11,353.8599853515625,340.06048583984375,3576400
2025-04-14,357.20001220703125,343.2702941894531,2841800
2025-04-15,354.1099853515625,340.3007507324219,2883100
2025-04-16,345.989990234375,332.4974060058594,2637200
2025-04-17,355.05999755859375,341.2137145996094,3232400
2025-04-21,346.8999938964844,333.3719177246094,4015200
2025-04-22,354.42999267578125,340.6082763671875,2802400
2025-04-23,356.4200134277344,342.52069091796875,3283300
2025-04-24,359.6400146484375,345.6151123046875,2749500
2025-04-25,357.5799865722656,343.63543701171875,2811300
2025-04-28,356.9200134277344,343.0011901855469,2413000
2025-04-29,359.0,345.0001220703125,2836900
2025-04-30,360.489990234375,346.43194580078125,3741500
2025-05-01,358.29998779296875,344.3273620605469,3210100
2025-05-02,364.5199890136719,350.3048095703125,2283300
2025-05-05,361.7300109863281,347.6236267089844,2563500
2025-05-06,359.3800048828125,345.36529541015625,2299700
2025-05-07,362.75,348.6038513183594,2657200
2025-05-08,364.8599853515625,350.6315002441406,3035800
2025-05-09,362.7099914550781,348.56536865234375,1970700
2025-05-12,376.5899963378906,361.90411376953125,3831400
2025-05-13,373.6000061035156,359.03070068359375,2726800
2025-05-14,372.80999755859375,358.2715148925781,2587400
2025-05-15,378.6300048828125,363.8645935058594,2830500
2025-05-16,380.7799987792969,365.9306945800781,3129100
2025-05-19,379.3800048828125,364.5853576660156,4428200
2025-05-20,377.04998779296875,362.3461608886719,6287400
2025-05-21,370.8399963378906,356.3783264160156,3966000
2025-05-22,366.1300048828125,351.8520202636719,2957300
2025-05-23,362.7099914550781,348.56536865234375,3115000
2025-05-27,370.3999938964844,355.95550537109375,3998500
2025-05-28,368.05999755859375,353.7067565917969,2986100
2025-05-29,368.2900085449219,353.9277648925781,3034800
2025-05-30,368.2900085449219,353.9277648925781,4110400
2025-06-02,367.9599914550781,353.6106262207031,2506900
2025-06-03,373.0799865722656,358.5309753417969,3359500
2025-06-04,372.3999938964844,357.8775329589844,2428800
2025-06-05,369.2799987792969,357.0845947265625,2324100
2025-06-06,367.3299865722656,355.198974609375,2349700
2025-06-09,365.20001220703125,353.13934326171875,2619700
2025-06-10,367.9100036621094,355.75982666015625,3014900
2025-06-11,360.4599914550781,348.55584716796875,3793500
2025-06-12,363.1600036621094,351.16668701171875,2921900
2025-06-13,354.6600036621094,342.9474182128906,3364400
2025-06-16,353.55999755859375,341.88372802734375,3688600
2025-06-17,348.7799987792969,337.2616271972656,4230100
2025-06-18,347.0299987792969,335.5693664550781,4453900
2025-06-20,349.6199951171875,338.0738525390625,8056500
2025-06-23,356.9599914550781,345.17144775390625,3862400
2025-06-24,360.4200134277344,348.5172424316406,4089600
2025-06-25,361.8599853515625,349.90960693359375,4159600
2025-06-26,363.5,351.4954528808594,3187900
2025-06-27,368.739990234375,356.56243896484375,5503700
2025-06-30,366.6400146484375,354.53179931640625,4600700
2025-07-01,373.1600036621094,360.83642578125,5152600
2025-07-02,371.8500061035156,359.5697326660156,3011400
2025-07-03,371.67999267578125,359.40533447265625,2573600
2025-07-07,367.6400146484375,355.498779296875,3433100
2025-07-08,367.5,355.3633728027344,2531700
2025-07-09,371.0400085449219,358.7864990234375,3384200
2025-07-10,373.29998779296875,360.9718322753906,3701700
2025-07-11,370.07000732421875,357.8485412597656,3068900
2025-07-14,370.1099853515625,357.8871765136719,2481100
2025-07-15,358.6400146484375,346.7959899902344,3868700
2025-07-16,357.3999938964844,345.596923828125,4259800
2025-07-17,359.0400085449219,347.1827697753906,3128900
2025-07-18,359.3999938964844,347.5309143066406,3361600
2025-07-21,364.0400085449219,352.0176696777344,3503900
2025-07-22,371.010009765625,358.7574462890625,3095400
2025-07-23,376.3500061035156,363.9211120605469,3238000
2025-07-24,373.0899963378906,360.7687683105469,3088000
2025-07-25,375.3399963378906,362.9444580078125,2221000
2025-07-28,377.2300109863281,364.7720947265625,4062800
2025-07-29,377.3399963378906,364.87841796875,2931600
2025-07-30,372.0799865722656,359.7920837402344,3110700
2025-07-31,367.510009765625,355.3730773925781,3091600
2025-08-01,373.6600036621094,361.3199157714844,3008200
2025-08-04,380.82000732421875,368.2434997558594,2844300
2025-08-05,385.4100036621094,372.681884765625,2931400
2025-08-06,386.79998779296875,374.0260009765625,2812800
2025-08-07,386.1700134277344,373.41680908203125,2433000
2025-08-08,387.8500061035156,375.04132080078125,2326700
2025-08-11,387.5299987792969,374.7319030761719,2605800
2025-08-12,396.0,382.92218017578125,2911300
2025-08-13,407.17999267578125,393.73297119140625,5187500
2025-08-14,400.32000732421875,387.0995178222656,3600200
2025-08-15,399.3800048828125,386.1905517578125,3841400
2025-08-18,394.70001220703125,381.6651306152344,4407100
2025-08-19,407.20001220703125,393.7523193359375,7629300
2025-08-20,401.739990234375,388.4726257324219,4195300
2025-08-21,397.70001220703125,384.5660400390625,2942600
2025-08-22,412.7900085449219,399.1577453613281,5284700
2025-08-25,408.8999938964844,395.39617919921875,3579500
2025-08-26,407.5400085449219,394.0810852050781,3180900
2025-08-27,408.239990234375,394.7579345703125,2487800
2025-08-28,407.45001220703125,393.9940490722656,4051600
2025-08-29,406.7699890136719,393.33648681640625,2210300
2025-09-02,406.30999755859375,392.8916931152344,3328600
2025-09-03,407.7099914550781,394.2454528808594,3025100
2025-09-04,411.69000244140625,400.3525085449219,3873100
2025-09-05,418.95001220703125,407.41259765625,5855600
2025-09-08,419.94000244140625,408.37530517578125,3742600
2025-09-09,415.3399963378906,403.9019775390625,3516000
2025-09-10,413.2300109863281,401.8501281738281,2897800
2025-09-11,423.4200134277344,411.7594909667969,5316400
2025-09-12,422.69000244140625,411.0495910644531,5004200
2025-09-15,422.7099914550781,411.06903076171875,4884700
2025-09-16,421.45001220703125,409.84375,3726700
2025-09-17,417.0,405.51629638671875,4771700
2025-09-18,417.4800109863281,405.9830627441406,3677200
2025-09-19,415.69000244140625,404.24237060546875,6718400
2025-09-22,412.0,400.65399169921875,2656300
2025-09-23,410.9100036621094,399.5939636230469,2597000
2025-09-24,409.7699890136719,398.4853820800781,3220700
2025-09-25,407.45001220703125,396.2292785644531,2554300
2025-09-26,410.0899963378906,398.7966003417969,2316600
2025-09-29,406.79998779296875,395.5971984863281,3008400
2025-09-30,405.19000244140625,394.0315246582031,3211600
2025-10-01,397.0199890136719,386.0865173339844,3787800
2025-10-02,395.010009765625,384.1318664550781,2964700
2025-10-03,395.05999755859375,384.18048095703125,2951300
2025-10-06,389.3299865722656,378.6082458496094,3653700
2025-10-07,386.80999755859375,376.15771484375,2505700
2025-10-08,383.7900085449219,373.2208557128906,2517600
2025-10-09,377.69000244140625,367.288818359375,3321400
2025-10-10,375.75,365.40228271484375,2992400
2025-10-13,379.3699951171875,368.922607421875,2925900
2025-10-14,387.7200012207031,377.0426330566406,4399900
2025-10-15,388.29998779296875,377.6065979003906,3690100
2025-10-16,387.3900146484375,376.72174072265625,2783700
2025-10-17,391.8999938964844,381.1075134277344,2657700
2025-10-20,388.8900146484375,378.180419921875,2761100
2025-10-21,390.8999938964844,380.1350402832031,2306900
2025-10-22,388.9700012207031,378.2582092285156,2857000
2025-10-23,385.0299987792969,374.42669677734375,2767300
2025-10-24,386.67999267578125,376.0312805175781,2426800
2025-10-27,385.2699890136719,374.66009521484375,3065800
2025-10-28,385.75,375.1268615722656,2372800
2025-10-29,378.0400085449219,367.62921142578125,3852300
2025-10-30,379.54998779296875,369.0976257324219,2384300
2025-10-31,379.5899963378906,369.1365051269531,2643500
2025-11-03,378.3500061035156,367.9306640625,2897600
2025-11-04,383.0799865722656,372.5303649902344,2590000
2025-11-05,373.8399963378906,363.54486083984375,4763000
2025-11-06,369.07000732421875,358.9062194824219,3622100
2025-11-07,371.1099853515625,360.8900146484375,2766400
2025-11-10,370.42999267578125,360.228759765625,3257900
2025-11-11,374.239990234375,363.933837890625,2407300
2025-11-12,371.1300048828125,360.90948486328125,3375800
2025-11-13,368.07000732421875,357.93377685546875,3034800
2025-11-14,362.3599853515625,352.3810119628906,3413300
2025-11-17,358.0299987792969,348.1702575683594,5127200
2025-11-18,336.4800109863281,327.2137145996094,10168500
2025-11-19,334.5,325.2882385253906,7595000
2025-11-20,332.3800048828125,323.2266540527344,4025300
2025-11-21,343.32000732421875,333.8653564453125,7441300
2025-11-24,336.5799865722656,327.31097412109375,6132900
2025-11-25,351.07000732421875,341.40191650390625,6316600
2025-11-26,355.4700012207031,345.6807556152344,4517300
2025-11-28,356.9200134277344,347.0908203125,2119600
2025-12-01,357.3299865722656,347.4895324707031,5107100
2025-12-02,354.0299987792969,344.2803649902344,3965300
2025-12-03,357.9100036621094,348.0535888671875,4166700
2025-12-04,351.1700134277344,343.7079162597656,4022800
2025-12-05,354.6099853515625,347.0747985839844,5959200
2025-12-08,349.9100036621094,342.47467041015625,7273000
2025-12-09,345.2699890136719,337.9332580566406,5063100
2025-12-10,351.1300048828125,343.66876220703125,6316100
2025-12-11,357.4599914550781,349.8642578125,6609800
2025-12-12,359.6499938964844,352.0076904296875,3861200
2025-12-15,356.989990234375,349.40423583984375,4387400
2025-12-16,352.67999267578125,345.1858215332031,3497200
2025-12-17,356.75,349.1693420410156,3875200
2025-12-18,354.989990234375,347.44671630859375,4805200
2025-12-19,345.0,337.66900634765625,12825600
2025-12-22,346.3900146484375,339.0295104980469,3523700
2025-12-23,344.9700012207031,337.6396789550781,3873400
2025-12-24,347.3399963378906,339.9592590332031,1368600
2025-12-26,349.7799987792969,342.3474426269531,1786900
2025-12-29,347.45001220703125,340.06695556640625,3790000
2025-12-30,346.3500061035156,338.9903564453125,2392600
2025-12-31,344.1000061035156,336.78814697265625,2317500
2026-01-02,345.82000732421875,338.4715881347656,3763000
2026-01-05,344.0899963378906,336.7783203125,4725300
2026-01-06,349.2900085449219,341.86785888671875,4680300
2026-01-07,349.05999755859375,341.64276123046875,4442700
2026-01-08,359.55999755859375,351.9196472167969,5196500
2026-01-09,374.6400146484375,366.67919921875,7093500
2026-01-12,374.94000244140625,366.9728088378906,5859800
2026-01-13,379.739990234375,371.6707763671875,4785800
2026-01-14,375.95001220703125,367.96136474609375,4959900
2026-01-15,379.1600036621094,371.1031799316406,2990100
2026-01-16,380.1700134277344,372.0917053222656,3709000
2026-01-20,375.1099853515625,367.1391906738281,5353700
2026-01-21,384.6400146484375,376.46673583984375,5169800
2026-01-22,381.0299987792969,372.93341064453125,4828100
2026-01-23,383.7699890136719,375.61517333984375,3138300
2026-01-26,386.5299987792969,378.3165588378906,3984800
2026-01-27,380.3599853515625,372.2776184082031,3466100
2026-01-28,375.29998779296875,367.3251647949219,3371500
2026-01-29,371.80999755859375,363.9093322753906,4744500
2026-01-30,374.5899963378906,366.6302490234375,3755600
2026-02-02,378.1199951171875,370.0852355957031,4757200
2026-02-03,381.1000061035156,373.0019226074219,5684400
2026-02-04,387.20001220703125,378.9723205566406,5574700
2026-02-05,382.3699951171875,374.24493408203125,3759700
2026-02-06,385.1499938964844,376.9658508300781,4685400
2026-02-09,381.0,372.9040222167969,3639300
2026-02-10,389.67999267578125,381.39959716796875,3160800
2026-02-11,390.67999267578125,382.37835693359375,3229900
2026-02-12,390.2200012207031,381.9281311035156,3702200
2026-02-13,391.04998779296875,382.740478515625,2875900
2026-02-17,383.0400085449219,374.9007263183594,3485300
2026-02-18,383.5199890136719,375.3704833984375,2982600
2026-02-19,378.5799865722656,370.53546142578125,2930900
2026-02-20,382.25,374.12750244140625,3984100
2026-02-23,376.989990234375,368.979248046875,5495700
2026-02-24,384.4800109863281,376.31011962890625,5675800
2026-02-25,375.57000732421875,367.5894470214844,5036900
2026-02-26,375.0899963378906,367.11962890625,2889400
2026-02-27,380.7200012207031,372.6300048828125,4819500
2026-03-02,370.80999755859375,362.93060302734375,4537600
2026-03-03,366.9200134277344,359.12322998046875,3964700
2026-03-04,369.1099853515625,361.2667236328125,4324400
2026-03-05,361.67999267578125,353.9945983886719,4752200
2026-03-06,357.9200134277344,350.3144836425781,4167400
2026-03-09,353.55999755859375,346.047119140625,4224500
2026-03-10,357.1499938964844,349.56085205078125,3986000
2026-03-11,350.8399963378906,343.38494873046875,3197100
2026-03-12,338.92999267578125,333.9457702636719,3893600
2026-03-13,339.0299987792969,334.0443115234375,2531900
2026-03-16,342.5799865722656,337.5421142578125,3194400
2026-03-17,341.42999267578125,336.4090270996094,3075900
2026-03-18,330.92999267578125,326.0634460449219,3592200
2026-03-19,328.2099914550781,323.3834533691406,3845400
2026-03-20,320.75,316.03314208984375,9672200
2026-03-23,330.8999938964844,326.03387451171875,5806300
2026-03-24,330.9100036621094,326.04376220703125,4566400
2026-03-25,332.510009765625,327.6202087402344,4397800
2026-03-26,328.42999267578125,323.6001892089844,3448400
2026-03-27,321.6499938964844,316.919921875,3977400
2026-03-30,323.5,318.7427062988281,4066000
2026-03-31,328.8900146484375,324.053466796875,5749100
2026-04-01,329.55999755859375,324.713623046875,3386200
2026-04-02,321.6300048828125,316.90020751953125,3732300
2026-04-06,326.6499938964844,321.84637451171875,2448300
2026-04-07,318.7699890136719,314.082275390625,4661600
2026-04-08,336.1600036621094,331.2165222167969,4610600
2026-04-09,339.5799865722656,334.58624267578125,3002000
2026-04-10,337.3399963378906,332.37921142578125,3208300
2026-04-13,341.1600036621094,336.14300537109375,3741200
2026-04-14,342.7099914550781,337.6701965332031,2882500
2026-04-15,338.9100036621094,333.92608642578125,3365200
2026-04-16,337.1499938964844,332.1919860839844,2856700
2026-04-17,349.3999938964844,344.2618408203125,4930400
2026-04-20,350.989990234375,345.8284606933594,3260900
2026-04-21,343.9200134277344,338.8624267578125,3081000
2026-04-22,339.5,334.5074157714844,2855800
2026-04-23,340.1600036621094,335.1577453613281,2712400
2026-04-24,335.8900146484375,330.9505310058594,3255900
2026-04-27,332.29998779296875,327.4132995605469,3282900
2026-04-28,329.05999755859375,324.220947265625,4279300
2026-04-29,322.80999755859375,318.0628662109375,4150000
2026-04-30,328.79998779296875,323.96478271484375,4317900
2026-05-01,323.8800048828125,319.11712646484375,3865300
2026-05-04,312.4200134277344,307.8256530761719,6396100
2026-05-05,315.4200134277344,310.78155517578125,6391400
2026-05-06,323.04998779296875,318.29931640625,5455900
2026-05-07,322.6400146484375,317.8953552246094,4411700
2026-05-08,317.45001220703125,312.78167724609375,4995500
2026-05-11,311.3999938964844,306.8206481933594,4335700
2026-05-12,310.4599914550781,305.89447021484375,4225700
2026-05-13,302.54998779296875,298.1007995605469,6307800
2026-05-14,304.3500061035156,299.8743591308594,5072600
2026-05-15,297.510009765625,293.1349182128906,6121500
2026-05-18,299.80999755859375,295.4010925292969,6366100
2026-05-19,302.44000244140625,297.9924011230469,8692500
2026-05-20,310.5799865722656,306.0126953125,5810900
2026-05-21,313.7799987792969,309.1656494140625,4516600
2026-05-22,313.07000732421875,308.4660949707031,2963800
2026-05-26,310.5400085449219,305.97332763671875,6978200
2026-05-27,317.8500061035156,313.17578125,5990100
2026-05-28,321.2099914550781,316.48638916015625,6818900
2026-05-29,317.1400146484375,312.47625732421875,6963300
2026-06-01,310.69000244140625,306.12109375,4544200
2026-06-02,311.5199890136719,306.9388732910156,4310000
2026-06-03,312.9700012207031,308.3675537109375,4328300
2026-06-04,309.95001220703125,307.6826171875,4558600
2026-06-05,310.7799987792969,308.50653076171875,3946300
2026-06-08,309.7099914550781,307.4443664550781,4381800
2026-06-09,321.3299865722656,318.9793395996094,4875300
2026-06-10,318.9200134277344,316.5870056152344,4823800
2026-06-11,326.010009765625,323.6251220703125,4656600
2026-06-12,328.3900146484375,325.98773193359375,3649000
2026-06-15,329.82000732421875,327.4072570800781,4695000
2026-06-16,337.0899963378906,334.6240539550781,5131500
2026-06-17,327.4800109863281,325.0843811035156,6085400
2026-06-18,334.2799987792969,331.8346252441406,10604400
2026-06-22,326.6199951171875,324.23065185546875,4713600
2026-06-23,324.45001220703125,322.0765380859375,4788000
2026-06-24,342.8599853515625,340.3518371582031,6385000
2026-06-25,345.0,342.4761962890625,6974100
2026-06-26,348.8599853515625,346.3079528808594,7771700
2026-06-29,350.80999755859375,348.24371337890625,5786500
2026-06-30,352.67999267578125,350.1000061035156,4579000
2026-07-01,350.8399963378906,348.27349853515625,4041300
2026-07-02,357.8999938964844,355.2818298339844,3110500
2026-07-06,350.6499938964844,348.0848693847656,4460800
2026-07-07,345.2099914550781,342.6846618652344,3592800
2026-07-08,336.2099914550781,333.75048828125,4192300
2026-07-09,338.7300109863281,336.2520751953125,2780800
2026-07-10,343.29998779296875,340.78863525390625,2748000
2026-07-13,337.1099853515625,334.6439208984375,3650400
2026-07-14,337.739990234375,335.2693176269531,2807300
2026-07-15,341.44000244140625,338.9422607421875,3953100
2026-07-16,348.0199890136719,345.4740905761719,3810300
2026-07-17,338.8699951171875,336.39105224609375,4434000
2026-07-20,333.0400085449219,330.60369873046875,4125300
2026-07-21,331.6000061035156,329.1742248535156,3112600
2026-07-22,331.45001220703125,329.02532958984375,2907700
2026-07-23,324.7099914550781,322.3346252441406,4523100
2026-07-24,332.9800109863281,330.5441589355469,3874500
2026-07-27,336.0899963378906,333.6313781738281,3622400
2026-07-28,344.4700012207031,341.9500732421875,4308000
2026-07-29,338.2699890136719,335.7954406738281,4028500
2026-07-30,333.3500061035156,330.91143798828125,6275400
2026-07-31,331.9599914550781,329.5315856933594,4961900
2026-08-03,340.0199890136719,337.5326232910156,2908100
2026-08-04,348.239990234375,345.6925048828125,4275000
2026-08-05,353.1400146484375,350.5566711425781,3140400
2026-08-06,349.5199890136719,346.963134765625,2622400
2026-08-07,355.6199951171875,353.0185241699219,3584800
2026-08-10,350.7799987792969,348.21392822265625,3124800
2026-08-11,354.4800109863281,351.8868713378906,2549700
2026-08-12,343.42999267578125,340.9176940917969,3965800
2026-08-13,341.70001220703125,339.2003479003906,2439900
2026-08-14,338.8599853515625,336.381103515625,3073100
2026-08-17,337.8800048828125,335.4082946777344,5580000
2026-08-18,337.489990234375,335.0211486816406,6603400
2026-08-19,344.29998779296875,341.78131103515625,4971000
2026-08-20,334.489990234375,332.0430908203125,4027700
2026-08-21,335.6099853515625,333.1548767089844,3422800
2026-08-24,337.42999267578125,334.9615783691406,3298600
2026-08-25,337.8800048828125,335.4082946777344,2528100
2026-08-26,334.8500061035156,332.40045166015625,4258100
2026-08-27,328.6099853515625,326.2060852050781,3618000
2026-08-28,330.19000244140625,327.7745361328125,3136100
2026-08-31,327.8299865722656,325.4317932128906,3858700
2026-09-01,319.7699890136719,317.4307556152344,3291000
2026-09-02,318.510009765625,316.17999267578125,3499300
2026-09-03,318.07000732421875,318.07000732421875,3377700
2026-09-04,321.04998779296875,321.04998779296875,2261000
2026-09-08,313.70001220703125,313.70001220703125,5655700
2026-09-09,310.45001220703125,310.45001220703125,3611700
2026-09-10,305.69000244140625,305.69000244140625,4493800
2026-09-11,308.739990234375,308.739990234375,3488800
2026-09-14,310.8699951171875,310.8699951171875,4178400
2026-09-15,305.4800109863281,305.4800109863281,4494200
2026-09-16,302.4700012207031,302.4700012207031,3720400
2026-09-17,302.510009765625,302.510009765625,4152600
2026-09-18,299.9800109863281,299.9800109863281,8191600
2026-09-21,297.20001220703125,297.20001220703125,5434300
2026-09-22,305.3500061035156,305.3500061035156,5456100
2026-09-23,296.7200012207031,296.7200012207031,4684900
2026-09-24,292.17999267578125,292.17999267578125,7053800
