Date,close,adjclose,volume
2014-12-01,8130.0,4798.67919921875,0.0
2014-12-02,8170.0,4822.2890625,400880.0
2014-12-03,8000.0,4721.94677734375,539770.0
2014-12-04,8140.0,4804.58056640625,190518.0
2014-12-05,8070.0,4763.2626953125,381074.0
2014-12-08,8810.0,5200.0439453125,0.0
2014-12-09,8280.0,4887.21435546875,75717.0
2014-12-10,8280.0,4887.21435546875,75717.0
2014-12-11,7840.0,4627.5078125,172086.0
2014-12-12,7650.0,4515.361328125,286741.0
2014-12-15,7420.0,4379.60498046875,224754.0
2014-12-16,7420.0,4379.60498046875,224754.0
2014-12-17,7500.0,4426.82568359375,194029.0
2014-12-18,7890.0,4657.02001953125,274972.0
2014-12-19,8010.0,4727.849609375,441333.0
2014-12-22,8010.0,4727.849609375,0.0
2014-12-23,8540.0,5040.67724609375,188269.0
2014-12-24,8710.0,5141.02001953125,527853.0
2014-12-25,8640.0,5099.7021484375,158568.0
2014-12-26,8640.0,5099.7021484375,3116.0
2014-12-29,8640.0,5099.7021484375,0.0
2014-12-30,8260.0,4875.41015625,96849.0
2014-12-31,8630.0,5093.80078125,90315.0
2015-01-01,8630.0,5093.80078125,0.0
2015-01-02,8600.0,5076.09228515625,53690.0
2015-01-05,7930.0,4680.62939453125,127994.0
2015-01-06,7930.0,4680.62939453125,0.0
2015-01-07,7850.0,4633.4091796875,118704.0
2015-01-08,7920.0,4674.7265625,112499.0
2015-01-09,8000.0,4721.94677734375,47452.0
2015-01-12,8600.0,5076.09228515625,0.0
2015-01-13,7850.0,4633.4091796875,267083.0
2015-01-14,7850.0,4633.4091796875,267083.0
2015-01-15,7780.0,4592.0927734375,243072.0
2015-01-16,7720.0,4556.67919921875,165826.0
2015-01-19,7720.0,4556.67919921875,0.0
2015-01-20,7550.0,4456.33837890625,44537.0
2015-01-21,7600.0,4485.85009765625,96568.0
2015-01-22,7730.0,4562.58056640625,235292.0
2015-01-23,8060.0,4757.3603515625,105570.0
2015-01-26,7800.0,4603.8984375,171153.0
2015-01-27,7800.0,4603.8984375,171153.0
2015-01-28,8000.0,4721.94677734375,278324.0
2015-01-29,7840.0,4627.5078125,99228.0
2015-01-30,7740.0,4568.48388671875,184114.0
2015-02-02,7570.0,4468.14208984375,185388.0
2015-02-03,7570.0,4468.14208984375,185388.0
2015-02-04,7760.0,4580.28759765625,144599.0
2015-02-05,7970.0,4704.240234375,597033.0
2015-02-06,8020.0,4733.751953125,428267.0
2015-02-09,7930.0,4680.62939453125,115303.0
2015-02-10,7930.0,4680.62939453125,115303.0
2015-02-11,7700.0,4544.87353515625,354002.0
2015-02-12,7690.0,4538.970703125,908180.0
2015-02-13,7730.0,4562.58056640625,215548.0
2015-02-16,7950.0,4692.43408203125,136713.0
2015-02-17,7950.0,4692.43408203125,136713.0
2015-02-18,7960.0,4698.33837890625,124008.0
2015-02-19,7900.0,4662.92236328125,81829.0
2015-02-20,7810.0,4609.7998046875,236664.0
2015-02-23,7880.0,4651.1181640625,477961.0
2015-02-24,7880.0,4651.1181640625,477961.0
2015-02-25,7870.0,4645.21484375,183939.0
2015-02-26,7820.0,4615.703125,65799.0
2015-02-27,7870.0,4645.21484375,130865.0
2015-03-02,7760.0,4580.28759765625,173246.0
2015-03-03,7760.0,4580.28759765625,173246.0
2015-03-04,7650.0,4515.361328125,229691.0
2015-03-05,7660.0,4521.263671875,326375.0
2015-03-06,7660.0,4521.263671875,257306.0
2015-03-09,7600.0,4485.85009765625,153552.0
2015-03-10,7600.0,4485.85009765625,153552.0
2015-03-11,7450.0,4397.3125,111413.0
2015-03-12,7300.0,4308.775390625,226198.0
2015-03-13,7360.0,4344.19091796875,276743.0
2015-03-16,7400.0,4367.80029296875,244245.0
2015-03-17,7400.0,4367.80029296875,244245.0
2015-03-18,7450.0,4397.3125,273693.0
2015-03-19,7510.0,4432.72705078125,281661.0
2015-03-20,7410.0,4373.70361328125,307699.0
2015-03-23,7880.0,4651.1181640625,0.0
2015-03-24,7410.0,4373.70361328125,170668.0
2015-03-25,7410.0,4373.70361328125,170668.0
2015-03-26,7400.0,4367.80029296875,125788.0
2015-03-27,7420.0,4379.60498046875,136745.0
2015-03-30,7400.0,4367.80029296875,57352.0
2015-03-31,7400.0,4367.80029296875,57352.0
2015-04-01,7430.0,4385.5087890625,230521.0
2015-04-02,7660.0,4521.263671875,217025.0
2015-04-03,7410.0,4373.70361328125,0.0
2015-04-06,7730.0,4562.58056640625,351993.0
2015-04-07,7730.0,4562.58056640625,351993.0
2015-04-08,7740.0,4568.48388671875,135275.0
2015-04-09,7800.0,4603.8984375,149820.0
2015-04-10,7880.0,4651.1181640625,165736.0
2015-04-13,7900.0,4662.92236328125,237370.0
2015-04-14,7900.0,4662.92236328125,237370.0
2015-04-15,7950.0,4692.43408203125,225989.0
2015-04-16,7870.0,4645.21484375,365403.0
2015-04-17,7960.0,4698.33837890625,177707.0
2015-04-20,7970.0,4704.240234375,208585.0
2015-04-21,7970.0,4704.240234375,208585.0
2015-04-22,7950.0,4732.21630859375,211604.0
2015-04-23,7940.0,4726.26318359375,145415.0
2015-04-24,8080.0,4809.59716796875,367921.0
2015-04-27,8300.0,4940.552734375,314489.0
2015-04-28,8300.0,4940.552734375,314489.0
2015-04-29,8360.0,4976.26708984375,812213.0
2015-04-30,8290.0,4934.60009765625,230324.0
2015-05-01,8000.0,4761.97802734375,319712.0
2015-05-04,8000.0,4761.97802734375,0.0
2015-05-05,8110.0,4827.455078125,381876.0
2015-05-06,8400.0,5000.078125,614640.0
2015-05-07,8400.0,5000.078125,249049.0
2015-05-08,8120.0,4833.40771484375,341941.0
2015-05-11,8080.0,4809.59716796875,161695.0
2015-05-12,8080.0,4809.59716796875,161695.0
2015-05-13,8130.0,4839.361328125,74978.0
2015-05-14,8060.0,4797.69189453125,276413.0
2015-05-15,8020.0,4773.88330078125,173691.0
2015-05-18,8080.0,4809.59716796875,0.0
2015-05-19,8190.0,4875.0751953125,519802.0
2015-05-20,8190.0,4875.0751953125,519802.0
2015-05-21,8220.0,4892.9326171875,379621.0
2015-05-22,8200.0,4881.02734375,97392.0
2015-05-25,8130.0,4839.361328125,39750.0
2015-05-26,8130.0,4839.361328125,39750.0
2015-05-27,8010.0,4767.93115234375,704170.0
2015-05-28,7850.0,4672.6904296875,446212.0
2015-05-29,7830.0,4660.78662109375,161518.0
2015-06-01,8110.0,4827.455078125,677848.0
2015-06-02,8110.0,4827.455078125,677848.0
2015-06-03,7920.0,4714.357421875,889930.0
2015-06-04,7920.0,4714.357421875,152533.0
2015-06-05,7980.0,4750.07373046875,66257.0
2015-06-08,8110.0,4827.455078125,0.0
2015-06-09,7820.0,4654.833984375,168767.0
2015-06-10,7820.0,4654.833984375,168767.0
2015-06-11,7710.0,4589.3564453125,814056.0
2015-06-12,7710.0,4589.3564453125,111481.0
2015-06-15,7820.0,4654.833984375,0.0
2015-06-16,7540.0,4488.16455078125,155683.0
2015-06-17,7540.0,4488.16455078125,155683.0
2015-06-18,7600.0,4523.88037109375,292766.0
2015-06-19,7590.0,4517.927734375,120744.0
2015-06-22,7820.0,4654.833984375,0.0
2015-06-23,7450.0,4434.59228515625,212296.0
2015-06-24,7600.0,4523.88037109375,298471.0
2015-06-25,7580.0,4511.974609375,440317.0
2015-06-26,7450.0,4434.59228515625,356973.0
2015-06-29,7820.0,4654.833984375,0.0
2015-06-30,7350.0,4375.0673828125,386047.0
2015-07-01,7350.0,4375.0673828125,386047.0
2015-07-02,7210.0,4291.7333984375,463785.0
2015-07-03,7250.0,4315.54248046875,830013.0
2015-07-06,7280.0,4333.39990234375,214413.0
2015-07-07,7280.0,4333.39990234375,214413.0
2015-07-08,7300.0,4345.30419921875,415694.0
2015-07-09,7210.0,4291.7333984375,327012.0
2015-07-10,7240.0,4309.58984375,120896.0
2015-07-13,7290.0,4339.3525390625,233122.0
2015-07-14,7290.0,4339.3525390625,233122.0
2015-07-15,7450.0,4434.59228515625,413845.0
2015-07-16,7480.0,4452.44873046875,616705.0
2015-07-17,7410.0,4410.78271484375,222356.0
2015-07-20,7330.0,4363.1630859375,0.0
2015-07-21,7150.0,4256.0185546875,548658.0
2015-07-22,7150.0,4296.2763671875,548658.0
2015-07-23,7200.0,4326.3212890625,248074.0
2015-07-24,7110.0,4272.24169921875,112352.0
2015-07-27,6940.0,4170.091796875,360831.0
2015-07-28,6940.0,4170.091796875,360831.0
2015-07-29,6950.0,4176.1015625,270560.0
2015-07-30,7190.0,4320.31201171875,361371.0
2015-07-31,7160.0,4302.28564453125,162139.0
2015-08-03,7020.0,4218.16259765625,86491.0
2015-08-04,7020.0,4218.16259765625,86491.0
2015-08-05,7030.0,4224.17138671875,141007.0
2015-08-06,7090.0,4260.22314453125,322520.0
2015-08-07,7000.0,4206.146484375,128261.0
2015-08-10,7120.0,4278.2509765625,209247.0
2015-08-11,7120.0,4278.2509765625,209247.0
2015-08-12,7060.0,4242.19775390625,390875.0
2015-08-13,7050.0,4236.189453125,73689.0
2015-08-14,6780.0,4073.952392578125,271153.0
2015-08-17,6900.0,4146.05859375,0.0
2015-08-18,6800.0,4085.9697265625,253819.0
2015-08-19,6800.0,4085.9697265625,253819.0
2015-08-20,6860.0,4122.021484375,195021.0
2015-08-21,6670.0,4007.85595703125,184351.0
2015-08-24,5720.0,3437.021484375,336019.0
2015-08-25,5720.0,3437.021484375,336019.0
2015-08-26,5420.0,3256.758056640625,286187.0
2015-08-27,5610.0,3370.925048828125,438918.0
2015-08-28,6230.0,3743.469970703125,640342.0
2015-08-31,6640.0,3989.82861328125,351746.0
2015-09-01,6640.0,3989.82861328125,351746.0
2015-09-02,6500.0,3905.707275390625,304505.0
2015-09-03,6420.0,3857.63671875,199484.0
2015-09-04,6700.0,4025.8828125,1858182.0
2015-09-07,6710.0,4031.889892578125,46126.0
2015-09-08,6710.0,4031.889892578125,46126.0
2015-09-09,6680.0,4013.8642578125,3168202.0
2015-09-10,7000.0,4206.146484375,681145.0
2015-09-11,7050.0,4236.189453125,826558.0
2015-09-14,7040.0,4230.18017578125,263139.0
2015-09-15,7040.0,4230.18017578125,263139.0
2015-09-16,7150.0,4296.2763671875,514437.0
2015-09-17,7190.0,4320.31201171875,280510.0
2015-09-18,7210.0,4332.3291015625,233089.0
2015-09-21,6840.0,4110.0048828125,105777.0
2015-09-22,6840.0,4110.0048828125,105777.0
2015-09-23,6990.0,4200.13623046875,287628.0
2015-09-24,7000.0,4206.146484375,205855.0
2015-09-25,6970.0,4188.1181640625,251099.0
2015-09-28,6830.0,4103.99560546875,42569.0
2015-09-29,6830.0,4103.99560546875,42569.0
2015-09-30,6830.0,4103.99560546875,137082.0
2015-10-01,7150.0,4296.2763671875,299006.0
2015-10-02,7120.0,4278.2509765625,334181.0
2015-10-05,7280.0,4374.39208984375,141412.0
2015-10-06,7280.0,4374.39208984375,141412.0
2015-10-07,7350.0,4416.45263671875,280425.0
2015-10-08,7320.0,4398.42578125,195030.0
2015-10-09,7280.0,4374.39208984375,83113.0
2015-10-12,7060.0,4242.19775390625,0.0
2015-10-13,7230.0,4344.34765625,203644.0
2015-10-14,7230.0,4344.34765625,203644.0
2015-10-15,7020.0,4218.16259765625,145852.0
2015-10-16,6940.0,4170.091796875,207013.0
2015-10-19,6870.0,4128.03076171875,232342.0
2015-10-20,6870.0,4128.03076171875,232342.0
2015-10-21,6700.0,4065.5322265625,367629.0
2015-10-22,6790.0,4120.1435546875,61690.0
2015-10-23,6870.0,4168.68603515625,262408.0
2015-10-26,6890.0,4180.82275390625,188467.0
2015-10-27,6890.0,4180.82275390625,188467.0
2015-10-28,6900.0,4186.89111328125,136247.0
2015-10-29,7000.0,4247.5712890625,213683.0
2015-10-30,6930.0,4205.0947265625,387508.0
2015-11-02,6940.0,4211.16162109375,0.0
2015-11-03,7000.0,4247.5712890625,154177.0
2015-11-04,7000.0,4247.5712890625,154177.0
2015-11-05,7170.0,4350.724609375,292001.0
2015-11-06,7240.0,4393.201171875,665139.0
2015-11-09,7120.0,4320.3857421875,114506.0
2015-11-10,7120.0,4320.3857421875,114506.0
2015-11-11,7100.0,4308.25,188759.0
2015-11-12,7000.0,4247.5712890625,264668.0
2015-11-13,6830.0,4144.41455078125,147005.0
2015-11-16,6790.0,4120.1435546875,0.0
2015-11-17,6300.0,3822.81298828125,377670.0
2015-11-18,6300.0,3822.81298828125,377670.0
2015-11-19,6580.0,3992.716552734375,120153.0
2015-11-20,6660.0,4041.258544921875,223123.0
2015-11-23,6620.0,4016.98828125,124183.0
2015-11-24,6620.0,4016.98828125,124183.0
2015-11-25,6630.0,4023.055908203125,318721.0
2015-11-26,6690.0,4059.463134765625,520511.0
2015-11-27,6600.0,4004.851318359375,43001.0
2015-11-30,6800.0,4126.2109375,1664606.0
2015-12-01,6800.0,4126.2109375,1664606.0
2015-12-02,6650.0,4035.19189453125,243952.0
2015-12-03,6600.0,4045.612060546875,194305.0
2015-12-04,6800.0,4168.20654296875,80856.0
2015-12-07,6690.0,4100.779296875,91115.0
2015-12-08,6690.0,4100.779296875,91115.0
2015-12-09,6700.0,4106.90966796875,217155.0
2015-12-10,6700.0,4106.90966796875,217155.0
2015-12-11,6770.0,4149.81689453125,251392.0
2015-12-14,6980.0,4278.54150390625,707734.0
2015-12-15,6980.0,4278.54150390625,707734.0
2015-12-16,6990.0,4284.67041015625,254553.0
2015-12-17,7000.0,4290.80126953125,264828.0
2015-12-18,7080.0,4339.8388671875,455337.0
2015-12-21,7190.0,4407.265625,189367.0
2015-12-22,7190.0,4407.265625,189367.0
2015-12-23,7100.0,4352.09814453125,108521.0
2015-12-24,7170.0,4395.00537109375,137835.0
2015-12-25,7060.0,4327.5791015625,110788.0
2015-12-28,7210.0,4419.52490234375,74925.0
2015-12-29,7210.0,4419.52490234375,74925.0
2015-12-30,7280.0,4462.43359375,135747.0
2015-12-31,7380.0,4523.72900390625,202592.0
2016-01-01,7380.0,4523.72900390625,0.0
2016-01-04,7050.0,4321.44921875,83255.0
2016-01-05,7050.0,4321.44921875,83255.0
2016-01-06,7180.0,4401.13623046875,180601.0
2016-01-07,7080.0,4339.8388671875,166367.0
2016-01-08,7180.0,4401.13623046875,182049.0
2016-01-11,7040.0,4315.3193359375,0.0
2016-01-12,7170.0,4395.00537109375,208765.0
2016-01-13,7170.0,4395.00537109375,208765.0
2016-01-14,7180.0,4401.13623046875,293085.0
2016-01-15,7200.0,4413.3955078125,325732.0
2016-01-18,6870.0,4211.1142578125,248699.0
2016-01-19,6870.0,4211.1142578125,248699.0
2016-01-20,7180.0,4401.13623046875,418009.0
2016-01-21,7130.0,4370.4873046875,2607282.0
2016-01-22,7190.0,4407.265625,2038284.0
2016-01-25,7090.0,4345.96728515625,331984.0
2016-01-26,7090.0,4345.96728515625,331984.0
2016-01-27,7150.0,4382.74609375,415816.0
2016-01-28,7160.0,4388.87646484375,1556533.0
2016-01-29,7240.0,4437.91357421875,405426.0
2016-02-01,7490.0,4591.15673828125,306632.0
2016-02-02,7490.0,4591.15673828125,306632.0
2016-02-03,7670.0,4701.4921875,906103.0
2016-02-04,7580.0,4646.32421875,83667.0
2016-02-05,7600.0,4658.5830078125,250549.0
2016-02-08,7480.0,4585.0263671875,59714.0
2016-02-09,7480.0,4585.0263671875,59714.0
2016-02-10,7570.0,4640.1943359375,512965.0
2016-02-11,7650.0,4689.2314453125,514377.0
2016-02-12,7680.0,4707.62060546875,290896.0
2016-02-15,7760.0,4756.658203125,72576.0
2016-02-16,7760.0,4756.658203125,72576.0
2016-02-17,7650.0,4689.2314453125,732170.0
2016-02-18,7780.0,4768.91845703125,569124.0
2016-02-19,7840.0,4805.69580078125,421881.0
2016-02-22,7890.0,4836.3447265625,152924.0
2016-02-23,7890.0,4836.3447265625,152924.0
2016-02-24,7950.0,4873.12353515625,376940.0
2016-02-25,7940.0,4866.99462890625,500818.0
2016-02-26,7970.0,4885.38330078125,469879.0
2016-02-29,7750.0,4750.529296875,465649.0
2016-03-01,7750.0,4750.529296875,465649.0
2016-03-02,8000.0,4903.7724609375,1112620.0
2016-03-03,8040.0,4928.29150390625,394243.0
2016-03-04,8110.0,4971.19873046875,324539.0
2016-03-07,8260.0,5063.14501953125,222868.0
2016-03-08,8260.0,5063.14501953125,222868.0
2016-03-09,8240.0,5050.8857421875,286749.0
2016-03-10,8260.0,5063.14501953125,180215.0
2016-03-11,8220.0,5038.6259765625,1228506.0
2016-03-14,8190.0,5020.23681640625,119796.0
2016-03-15,8190.0,5020.23681640625,365085.0
2016-03-16,8190.0,5020.23681640625,365085.0
2016-03-17,8180.0,5014.1064453125,273255.0
2016-03-18,8420.0,5161.22021484375,603198.0
2016-03-21,8420.0,5161.22021484375,0.0
2016-03-22,8600.0,5271.5556640625,336163.0
2016-03-23,8600.0,5271.5556640625,336163.0
2016-03-24,8700.0,5332.85107421875,125275.0
2016-03-25,8700.0,5332.85107421875,0.0
2016-03-28,8700.0,5332.85107421875,0.0
2016-03-29,8670.0,5314.46337890625,333687.0
2016-03-30,8670.0,5314.46337890625,333687.0
2016-03-31,8700.0,5332.85107421875,283628.0
2016-04-01,8650.0,5302.203125,771941.0
2016-04-04,8590.0,5265.42626953125,91067.0
2016-04-05,8590.0,5265.42626953125,91067.0
2016-04-06,8420.0,5161.22021484375,195862.0
2016-04-07,8450.0,5179.609375,169301.0
2016-04-08,8380.0,5136.701171875,696566.0
2016-04-11,8450.0,5179.609375,284955.0
2016-04-12,8450.0,5179.609375,284955.0
2016-04-13,8590.0,5265.42626953125,1102993.0
2016-04-14,8640.0,5296.07373046875,751770.0
2016-04-15,8600.0,5271.5556640625,346083.0
2016-04-18,8740.0,5357.37109375,940047.0
2016-04-19,8740.0,5357.37109375,940047.0
2016-04-20,8750.0,5363.5009765625,781790.0
2016-04-21,8800.0,5394.1494140625,978901.0
2016-04-22,8700.0,5332.85107421875,857633.0
2016-04-25,8660.0,5308.333984375,1377079.0
2016-04-26,8660.0,5308.333984375,1377079.0
2016-04-27,8850.0,5424.7978515625,1359418.0
2016-04-28,8850.0,5424.7978515625,446360.0
2016-04-29,8850.0,5424.7978515625,1211882.0
2016-05-02,8640.0,5296.07373046875,478077.0
2016-05-03,8640.0,5296.07373046875,478077.0
2016-05-04,8580.0,5259.29638671875,340000.0
2016-05-05,8620.0,5283.814453125,185267.0
2016-05-06,8410.0,5155.09033203125,250228.0
2016-05-09,8500.0,5210.2578125,0.0
2016-05-10,8700.0,5332.85107421875,503382.0
2016-05-11,8700.0,5332.85107421875,503382.0
2016-05-12,8820.0,5406.408203125,2387446.0
2016-05-13,8850.0,5424.7978515625,1168384.0
2016-05-16,8890.0,5449.31689453125,337875.0
2016-05-17,8890.0,5449.31689453125,337875.0
2016-05-18,8770.0,5375.76025390625,658655.0
2016-05-19,8700.0,5332.85107421875,348373.0
2016-05-20,8700.0,5332.85107421875,664986.0
2016-05-23,8850.0,5424.7978515625,174052.0
2016-05-24,8850.0,5424.7978515625,174052.0
2016-05-25,8930.0,5473.83642578125,660567.0
2016-05-26,8900.0,5455.447265625,1088660.0
2016-05-27,8760.0,5369.630859375,211072.0
2016-05-30,8900.0,5455.447265625,0.0
2016-05-31,8800.0,5394.1494140625,1099844.0
2016-06-01,8800.0,5394.1494140625,1099844.0
2016-06-02,8860.0,5430.927734375,255824.0
2016-06-03,8810.0,5400.2802734375,90228.0
2016-06-06,8810.0,5400.2802734375,0.0
2016-06-07,8890.0,5449.31689453125,255598.0
2016-06-08,8890.0,5449.31689453125,255598.0
2016-06-09,8850.0,5424.7978515625,263378.0
2016-06-10,8860.0,5430.927734375,357370.0
2016-06-13,8800.0,5394.1494140625,128755.0
2016-06-14,8800.0,5394.1494140625,0.0
2016-06-15,8720.0,5345.111328125,105297.0
2016-06-16,8680.0,5320.5927734375,167036.0
2016-06-17,8640.0,5296.07373046875,147239.0
2016-06-20,8720.0,5345.111328125,213443.0
2016-06-21,8720.0,5345.111328125,213443.0
2016-06-22,8860.0,5430.927734375,787075.0
2016-06-23,8870.0,5437.05810546875,779217.0
2016-06-24,8900.0,5455.447265625,327774.0
2016-06-27,8800.0,5394.1494140625,138552.0
2016-06-28,8800.0,5394.1494140625,138552.0
2016-06-29,8790.0,5388.02099609375,224186.0
2016-06-30,8810.0,5400.2802734375,137316.0
2016-07-01,8940.0,5479.9658203125,335190.0
2016-07-04,8920.0,5467.7060546875,0.0
2016-07-05,8920.0,5467.7060546875,115902.0
2016-07-06,8920.0,5467.7060546875,115902.0
2016-07-07,9000.0,5516.74365234375,267879.0
2016-07-08,8820.0,5406.408203125,768820.0
2016-07-11,8950.0,5486.0947265625,149102.0
2016-07-12,8950.0,5486.0947265625,149102.0
2016-07-13,9100.0,5578.041015625,380653.0
2016-07-14,9170.0,5620.947265625,459705.0
2016-07-15,9200.0,5639.33837890625,658024.0
2016-07-18,9130.0,5596.43017578125,397693.0
2016-07-19,9130.0,5686.11279296875,397693.0
2016-07-20,9190.0,5723.47998046875,793373.0
2016-07-21,9100.0,5667.42822265625,167867.0
2016-07-22,9100.0,5667.42822265625,167867.0
2016-07-25,9120.0,5679.88330078125,418979.0
2016-07-26,9120.0,5679.88330078125,418979.0
2016-07-27,9100.0,5667.42822265625,293125.0
2016-07-28,9130.0,5686.11279296875,195308.0
2016-07-29,9150.0,5698.56884765625,139466.0
2016-08-01,9130.0,5686.11279296875,146301.0
2016-08-02,9130.0,5686.11279296875,146301.0
2016-08-03,9160.0,5704.796875,286908.0
2016-08-04,9100.0,5667.42822265625,328242.0
2016-08-05,9170.0,5711.02294921875,151441.0
2016-08-08,9350.0,5823.126953125,341439.0
2016-08-09,9350.0,5823.126953125,341439.0
2016-08-10,9410.0,5860.494140625,386755.0
2016-08-11,9400.0,5854.267578125,125028.0
2016-08-12,9480.0,5904.09033203125,164503.0
2016-08-15,9450.0,5885.4072265625,0.0
2016-08-16,9700.0,6041.10498046875,760505.0
2016-08-17,9700.0,6041.10498046875,760505.0
2016-08-18,9670.0,6022.42138671875,314084.0
2016-08-19,9650.0,6009.9658203125,173408.0
2016-08-22,9620.0,5991.28076171875,139375.0
2016-08-23,9620.0,5991.28076171875,139375.0
2016-08-24,9700.0,6041.10498046875,158227.0
2016-08-25,9800.0,6103.38427734375,701432.0
2016-08-26,9860.0,6140.7529296875,722696.0
2016-08-29,9880.0,6153.20751953125,229208.0
2016-08-30,9880.0,6153.20751953125,229208.0
2016-08-31,9820.0,6115.84033203125,415672.0
2016-09-01,9900.0,6165.6630859375,654442.0
2016-09-02,9860.0,6140.7529296875,47035.0
2016-09-05,9900.0,6165.6630859375,98426.0
2016-09-06,9900.0,6165.6630859375,98426.0
2016-09-07,9970.0,6209.259765625,273397.0
2016-09-08,10200.0,6352.5029296875,454674.0
2016-09-09,10220.0,6364.95849609375,336484.0
2016-09-12,9660.0,6016.19287109375,154074.0
2016-09-13,9660.0,6016.19287109375,154074.0
2016-09-14,9640.0,6003.73779296875,252417.0
2016-09-15,9890.0,6159.43603515625,460643.0
2016-09-16,9900.0,6165.6630859375,234200.0
2016-09-19,9980.0,6215.4873046875,152927.0
2016-09-20,9980.0,6215.4873046875,152927.0
2016-09-21,10040.0,6252.85498046875,278389.0
2016-09-22,9930.0,6184.34716796875,413417.0
2016-09-23,10040.0,6252.85498046875,327614.0
2016-09-26,9860.0,6140.7529296875,150498.0
2016-09-27,9860.0,6140.7529296875,150498.0
2016-09-28,9700.0,6041.10498046875,301458.0
2016-09-29,9930.0,6184.34716796875,322190.0
2016-09-30,9680.0,6028.6484375,219620.0
2016-10-03,9650.0,6009.9658203125,212150.0
2016-10-04,9650.0,6009.9658203125,212150.0
2016-10-05,9740.0,6066.017578125,250696.0
2016-10-06,9660.0,6016.19287109375,186587.0
2016-10-07,9720.0,6053.5615234375,213982.0
2016-10-10,9740.0,6066.017578125,193402.0
2016-10-11,9740.0,6066.017578125,193402.0
2016-10-12,9850.0,6134.5244140625,215332.0
2016-10-13,9840.0,6128.2958984375,731961.0
2016-10-14,9820.0,6115.84033203125,381864.0
2016-10-17,9900.0,6165.6630859375,0.0
2016-10-18,9930.0,6184.34716796875,125328.0
2016-10-19,9930.0,6184.34716796875,125328.0
2016-10-20,9930.0,6184.34716796875,69000.0
2016-10-21,9930.0,6184.34716796875,28224.0
2016-10-24,9900.0,6165.6630859375,147319.0
2016-10-25,9900.0,6165.6630859375,147319.0
2016-10-26,9960.0,6203.033203125,89485.0
2016-10-27,9970.0,6209.259765625,65597.0
2016-10-28,10000.0,6227.94140625,228057.0
2016-10-31,9990.0,6221.71630859375,526959.0
2016-11-01,9990.0,6221.71630859375,526959.0
2016-11-02,10060.0,6265.3095703125,461139.0
2016-11-03,10160.0,6327.59033203125,420445.0
2016-11-04,10200.0,6352.5029296875,575065.0
2016-11-07,10100.0,6290.22216796875,0.0
2016-11-08,10160.0,6327.59033203125,211239.0
2016-11-09,10160.0,6327.59033203125,211239.0
2016-11-10,10240.0,6377.4150390625,121540.0
2016-11-11,9940.0,6190.5771484375,799971.0
2016-11-14,9800.0,6103.38427734375,0.0
2016-11-15,9740.0,6066.017578125,524294.0
2016-11-16,9820.0,6115.84033203125,407485.0
2016-11-17,9950.0,6196.80419921875,166231.0
2016-11-18,9930.0,6184.34716796875,134987.0
2016-11-21,9950.0,6196.80419921875,225017.0
2016-11-22,9950.0,6196.80419921875,169523.0
2016-11-23,9990.0,6221.71630859375,83196.0
2016-11-24,9940.0,6190.5771484375,110755.0
2016-11-25,9940.0,6190.5771484375,88593.0
2016-11-28,9950.0,6196.80419921875,300074.0
2016-11-29,9900.0,6165.6630859375,135793.0
2016-11-30,9900.0,6165.6630859375,569341.0
2016-12-01,10000.0,6227.94140625,147564.0
2016-12-02,10100.0,6290.22216796875,462387.0
2016-12-05,10160.0,6327.59033203125,76955.0
2016-12-06,10200.0,6352.5029296875,536141.0
2016-12-07,10260.0,6389.87060546875,203010.0
2016-12-08,10260.0,6389.87060546875,0.0
2016-12-09,10180.0,6430.29736328125,506962.0
2016-12-12,10060.0,6354.49658203125,161614.0
2016-12-13,10060.0,6354.49658203125,241903.0
2016-12-14,9970.0,6297.64697265625,1106018.0
2016-12-15,9960.0,6291.33203125,442011.0
2016-12-16,9980.0,6303.96435546875,625497.0
2016-12-19,9970.0,6297.64697265625,891677.0
2016-12-20,9980.0,6303.96435546875,137373.0
2016-12-21,9900.0,6253.4306640625,139702.0
2016-12-22,9850.0,6221.8486328125,441482.0
2016-12-23,9820.0,6202.8984375,273209.0
2016-12-26,9840.0,6215.53173828125,141434.0
2016-12-27,9910.0,6259.74853515625,95075.0
2016-12-28,9980.0,6303.96435546875,262159.0
2016-12-29,9980.0,6303.96435546875,163290.0
2016-12-30,9980.0,6303.96435546875,0.0
2017-01-02,9930.0,6272.38037109375,10524.0
2017-01-03,9960.0,6291.33203125,76867.0
2017-01-04,10080.0,6367.130859375,139152.0
2017-01-05,10140.0,6405.02978515625,962532.0
2017-01-06,10180.0,6430.29736328125,164581.0
2017-01-09,10180.0,6430.29736328125,0.0
2017-01-10,10140.0,6405.02978515625,228809.0
2017-01-11,10120.0,6392.39697265625,124983.0
2017-01-12,10100.0,6379.7626953125,297958.0
2017-01-13,10120.0,6392.39697265625,133744.0
2017-01-16,10060.0,6354.49658203125,39564.0
2017-01-17,10080.0,6367.130859375,161459.0
2017-01-18,10160.0,6417.66162109375,477181.0
2017-01-19,10140.0,6405.02978515625,770784.0
2017-01-20,10140.0,6405.02978515625,75085.0
2017-01-23,10140.0,6405.02978515625,287140.0
2017-01-24,10200.0,6442.92919921875,248735.0
2017-01-25,10260.0,6480.82958984375,904966.0
2017-01-26,10400.0,6569.2607421875,413102.0
2017-01-27,10520.0,6645.0625,701271.0
2017-01-30,10500.0,6632.42724609375,177303.0
2017-01-31,10560.0,6670.3271484375,749124.0
2017-02-01,10480.0,6619.794921875,270287.0
2017-02-02,10540.0,6657.69189453125,2167268.0
2017-02-03,10640.0,6720.8603515625,259443.0
2017-02-06,10760.0,6796.6591796875,268834.0
2017-02-07,10620.0,6708.2265625,492621.0
2017-02-08,10520.0,6645.0625,293697.0
2017-02-09,10600.0,6695.59228515625,480039.0
2017-02-10,10560.0,6670.3271484375,162295.0
2017-02-13,10740.0,6784.02587890625,368818.0
2017-02-14,10600.0,6695.59228515625,472400.0
2017-02-15,10700.0,6758.75927734375,558711.0
2017-02-16,10800.0,6821.92529296875,315687.0
2017-02-17,10840.0,6847.1904296875,275912.0
2017-02-20,10760.0,6796.6591796875,176382.0
2017-02-21,10780.0,6809.29150390625,404700.0
2017-02-22,10800.0,6821.92529296875,244326.0
2017-02-23,10980.0,6935.62353515625,705452.0
2017-02-24,11260.0,7112.48779296875,1280788.0
2017-02-27,11220.0,7087.22216796875,200067.0
2017-02-28,11200.0,7074.58984375,415313.0
2017-03-01,11440.0,7226.18701171875,304618.0
2017-03-02,11380.0,7188.2880859375,423820.0
2017-03-03,11320.0,7150.38916015625,155972.0
2017-03-06,11340.0,7163.02197265625,202935.0
2017-03-07,11340.0,7163.02197265625,480742.0
2017-03-08,11420.0,7213.55517578125,160680.0
2017-03-09,11340.0,7163.02197265625,1038696.0
2017-03-10,11360.0,7175.654296875,151238.0
2017-03-13,11400.0,7200.9208984375,267712.0
2017-03-14,11240.0,7099.85546875,235935.0
2017-03-15,11340.0,7163.02197265625,279199.0
2017-03-16,11380.0,7188.2880859375,305269.0
2017-03-17,11480.0,7251.4541015625,1708334.0
2017-03-20,11480.0,7251.4541015625,0.0
2017-03-21,11680.0,7377.787109375,333409.0
2017-03-22,11580.0,7314.62158203125,406446.0
2017-03-23,11660.0,7365.15283203125,525072.0
2017-03-24,11560.0,7301.98681640625,153386.0
2017-03-27,11540.0,7289.35302734375,157242.0
2017-03-28,11560.0,7301.98681640625,444190.0
2017-03-29,11520.0,7276.72119140625,145689.0
2017-03-30,11600.0,7327.25390625,275283.0
2017-03-31,11600.0,7327.25390625,202970.0
2017-04-03,11540.0,7289.35302734375,279764.0
2017-04-04,11520.0,7276.72119140625,243234.0
2017-04-05,11580.0,7314.62158203125,622587.0
2017-04-06,11520.0,7276.72119140625,194836.0
2017-04-07,11620.0,7339.88720703125,534074.0
2017-04-10,11640.0,7352.517578125,141128.0
2017-04-11,11600.0,7327.25390625,395412.0
2017-04-12,11700.0,7390.41845703125,1522728.0
2017-04-13,11700.0,7390.41845703125,0.0
2017-04-14,11700.0,7390.41845703125,0.0
2017-04-17,11660.0,7365.15283203125,278118.0
2017-04-18,11660.0,7365.15283203125,403244.0
2017-04-19,11500.0,7264.0859375,1317685.0
2017-04-20,11420.0,7213.55517578125,526213.0
2017-04-21,11440.0,7226.18701171875,275413.0
2017-04-24,11540.0,7289.35302734375,235423.0
2017-04-25,11560.0,7301.98681640625,207446.0
2017-04-26,11640.0,7352.517578125,169897.0
2017-04-27,11640.0,7352.517578125,758034.0
2017-04-28,11660.0,7365.15283203125,410262.0
2017-05-01,11660.0,7365.15283203125,0.0
2017-05-02,11700.0,7390.41845703125,286800.0
2017-05-03,11680.0,7377.787109375,99461.0
2017-05-04,11560.0,7301.98681640625,182862.0
2017-05-05,11640.0,7352.517578125,179204.0
2017-05-08,11860.0,7491.484375,383357.0
2017-05-09,11860.0,7491.484375,482033.0
2017-05-10,12180.0,7693.6162109375,421826.0
2017-05-11,12280.0,7756.783203125,591900.0
2017-05-12,12400.0,7832.58056640625,716940.0
2017-05-16,12580.0,7946.27978515625,398587.0
2017-05-17,12660.0,7996.8134765625,545198.0
2017-05-18,12640.0,7984.1796875,588735.0
2017-05-19,12240.0,7731.51513671875,1313801.0
2017-05-22,12620.0,7971.54345703125,652397.0
2017-05-23,13000.0,8211.578125,1047997.0
2017-05-24,13320.0,8413.708984375,1379377.0
2017-05-25,13480.0,8514.7734375,915117.0
2017-05-26,13940.0,8805.3369140625,1287032.0
2017-05-29,13940.0,8805.3369140625,0.0
2017-05-30,13820.0,8729.5361328125,1679081.0
2017-05-31,14100.0,8906.4013671875,7564317.0
2017-06-01,14180.0,8956.9345703125,699958.0
2017-06-02,14000.0,8843.23828125,508394.0
2017-06-05,13860.0,8754.8056640625,270802.0
2017-06-06,14000.0,8843.23828125,903598.0
2017-06-07,13880.0,8767.435546875,337274.0
2017-06-08,13860.0,8754.8056640625,515861.0
2017-06-09,13480.0,8514.7734375,333590.0
2017-06-12,13300.0,8401.07421875,234500.0
2017-06-13,13500.0,8527.40625,472672.0
2017-06-14,13640.0,8615.8388671875,552460.0
2017-06-15,13760.0,8691.6396484375,315777.0
2017-06-16,13520.0,8540.0390625,1163147.0
2017-06-19,13520.0,8540.0390625,0.0
2017-06-20,13600.0,8590.57421875,428995.0
2017-06-21,13400.0,8464.2412109375,300362.0
2017-06-22,13460.0,8502.1416015625,407780.0
2017-06-23,13600.0,8590.57421875,255305.0
2017-06-26,13600.0,8590.57421875,0.0
2017-06-27,13380.0,8451.6083984375,255299.0
2017-06-28,13460.0,8502.1416015625,431495.0
2017-06-29,13500.0,8527.40625,393465.0
2017-06-30,13340.0,8426.3408203125,611882.0
2017-07-03,13340.0,8426.3408203125,0.0
2017-07-04,13460.0,8502.1416015625,177194.0
2017-07-06,13640.0,8615.8388671875,331970.0
2017-07-07,13500.0,8527.40625,274560.0
2017-07-10,13480.0,8514.7734375,120633.0
2017-07-11,13440.0,8489.5068359375,210066.0
2017-07-12,13560.0,8565.3056640625,364264.0
2017-07-13,13540.0,8552.6728515625,591086.0
2017-07-14,13500.0,8527.40625,335813.0
2017-07-17,13500.0,8527.40625,234688.0
2017-07-18,13500.0,8653.0341796875,344004.0
2017-07-19,13380.0,8576.119140625,286384.0
2017-07-20,13380.0,8576.119140625,0.0
2017-07-21,13460.0,8627.3974609375,214632.0
2017-07-24,13420.0,8601.7587890625,281869.0
2017-07-25,13480.0,8640.216796875,637288.0
2017-07-26,13400.0,8588.9384765625,224698.0
2017-07-27,13460.0,8627.3974609375,223014.0
2017-07-28,13460.0,8627.3974609375,139274.0
2017-07-31,13680.0,8768.41015625,1121690.0
2017-08-01,13600.0,8717.1328125,398839.0
2017-08-02,13580.0,8704.3125,215635.0
2017-08-03,13480.0,8640.216796875,367800.0
2017-08-04,13460.0,8627.3974609375,117408.0
2017-08-07,13460.0,8627.3974609375,0.0
2017-08-08,13180.0,8447.92578125,467973.0
2017-08-09,13380.0,8576.119140625,179685.0
2017-08-10,13480.0,8640.216796875,483392.0
2017-08-11,13400.0,8588.9384765625,188751.0
2017-08-14,13520.0,8665.853515625,250107.0
2017-08-15,13460.0,8627.3974609375,195949.0
2017-08-16,13600.0,8717.1328125,376911.0
2017-08-17,13440.0,8614.5771484375,419179.0
2017-08-18,13480.0,8640.216796875,143908.0
2017-08-21,13480.0,8640.216796875,0.0
2017-08-22,13600.0,8717.1328125,479157.0
2017-08-23,13520.0,8665.853515625,95072.0
2017-08-24,13500.0,8653.0341796875,102966.0
2017-08-25,13520.0,8665.853515625,128292.0
2017-08-28,13580.0,8704.3125,347646.0
2017-08-29,13560.0,8691.494140625,158266.0
2017-08-30,13500.0,8653.0341796875,132280.0
2017-08-31,13360.0,8563.30078125,286218.0
2017-09-01,13360.0,8563.30078125,0.0
2017-09-04,13480.0,8640.216796875,41494.0
2017-09-05,13640.0,8742.7705078125,243887.0
2017-09-06,13580.0,8704.3125,202416.0
2017-09-07,13700.0,8781.23046875,121682.0
2017-09-08,13700.0,8781.23046875,91514.0
2017-09-11,13700.0,8781.23046875,42531.0
2017-09-12,13400.0,8588.9384765625,387244.0
2017-09-13,13500.0,8653.0341796875,257373.0
2017-09-14,13560.0,8691.494140625,419964.0
2017-09-15,13720.0,8794.0478515625,1451128.0
2017-09-18,13820.0,8858.14453125,281765.0
2017-09-19,13760.0,8819.6875,205785.0
2017-09-20,13620.0,8729.9521484375,163921.0
2017-09-21,13580.0,8704.3125,129127.0
2017-09-22,13620.0,8729.9521484375,49231.0
2017-09-25,13700.0,8781.23046875,189453.0
2017-09-26,13600.0,8717.1328125,129020.0
2017-09-27,13780.0,8832.505859375,563650.0
2017-09-28,13820.0,8858.14453125,236444.0
2017-09-29,13680.0,8768.41015625,234462.0
2017-10-02,13660.0,8755.5908203125,109193.0
2017-10-03,13760.0,8819.6875,234530.0
2017-10-04,13700.0,8781.23046875,78344.0
2017-10-05,13720.0,8794.0478515625,333660.0
2017-10-06,13960.0,8947.8798828125,2078427.0
2017-10-09,13860.0,8883.7841796875,78846.0
2017-10-10,13880.0,8896.6015625,356912.0
2017-10-11,13680.0,8768.41015625,423954.0
2017-10-12,13880.0,8896.6015625,116179.0
2017-10-13,13880.0,8896.6015625,116179.0
2017-10-16,13880.0,8896.6015625,0.0
2017-10-17,13800.0,8845.326171875,234158.0
2017-10-18,13740.0,8806.8671875,111978.0
2017-10-19,13580.0,8704.3125,118814.0
2017-10-20,13420.0,8601.7587890625,295465.0
2017-10-23,13400.0,8588.9384765625,588480.0
2017-10-24,13420.0,8601.7587890625,417447.0
2017-10-25,13620.0,8729.9521484375,265405.0
2017-10-26,13520.0,8665.853515625,228366.0
2017-10-27,13400.0,8588.9384765625,173544.0
2017-10-30,13300.0,8524.841796875,197306.0
2017-10-31,13320.0,8537.66015625,707732.0
2017-11-01,13420.0,8601.7587890625,366063.0
2017-11-02,13360.0,8563.30078125,416602.0
2017-11-03,13340.0,8550.48046875,171075.0
2017-11-06,13340.0,8550.48046875,0.0
2017-11-07,13460.0,8627.3974609375,322706.0
2017-11-08,13380.0,8576.119140625,427457.0
2017-11-09,13360.0,8563.30078125,169238.0
2017-11-10,13300.0,8524.841796875,134555.0
2017-11-13,13300.0,8524.841796875,0.0
2017-11-14,13280.0,8512.0224609375,364249.0
2017-11-15,13200.0,8460.7451171875,359642.0
2017-11-16,13260.0,8499.205078125,422700.0
2017-11-17,13260.0,8499.205078125,233359.0
2017-11-20,13480.0,8640.216796875,269268.0
2017-11-21,13420.0,8601.7587890625,173436.0
2017-11-22,13460.0,8627.3974609375,291338.0
2017-11-23,13540.0,8678.6748046875,47737.0
2017-11-24,13500.0,8653.0341796875,110436.0
2017-11-27,13580.0,8704.3125,381863.0
2017-11-28,13780.0,8832.505859375,598541.0
2017-11-29,13780.0,8832.505859375,307914.0
2017-11-30,13800.0,8845.326171875,1028547.0
2017-12-01,13840.0,8870.9658203125,261311.0
2017-12-04,13960.0,8947.8798828125,249259.0
2017-12-05,13860.0,9010.2880859375,233646.0
2017-12-06,13720.0,8919.2763671875,394012.0
2017-12-07,13680.0,8893.2724609375,178308.0
2017-12-08,13680.0,8893.2724609375,0.0
2017-12-12,13900.0,9036.2919921875,171429.0
2017-12-13,13920.0,9049.2958984375,817724.0
2017-12-14,13920.0,9049.2958984375,0.0
2017-12-15,14120.0,9179.3134765625,861795.0
2017-12-18,14060.0,9140.3076171875,170453.0
2017-12-19,14100.0,9166.3115234375,231209.0
2017-12-20,14020.0,9114.3046875,717916.0
2017-12-21,14060.0,9140.3076171875,205710.0
2017-12-22,14280.0,9283.328125,393093.0
2017-12-25,14280.0,9283.328125,0.0
2017-12-26,14220.0,9244.322265625,98167.0
2017-12-27,14320.0,9309.3310546875,155822.0
2017-12-28,14200.0,9231.322265625,245685.0
2017-12-29,14200.0,9231.322265625,245685.0
2018-01-01,14200.0,9231.322265625,0.0
2018-01-02,14140.0,9192.3134765625,57159.0
2018-01-03,14240.0,9257.322265625,45861.0
2018-01-04,14240.0,9257.322265625,0.0
2018-01-05,14200.0,9231.322265625,310829.0
2018-01-08,14200.0,9231.322265625,0.0
2018-01-09,14280.0,9283.328125,310501.0
2018-01-10,14280.0,9283.328125,440630.0
2018-01-11,14320.0,9309.3310546875,154966.0
2018-01-12,14320.0,9309.3310546875,154966.0
2018-01-15,14260.0,9270.3251953125,81623.0
2018-01-16,14400.0,9361.3408203125,273486.0
2018-01-17,14400.0,9361.3408203125,273486.0
2018-01-18,14400.0,9361.3408203125,0.0
2018-01-19,14580.0,9478.357421875,193586.0
2018-01-22,14540.0,9452.3515625,307921.0
2018-01-23,14520.0,9439.3505859375,229879.0
2018-01-24,14420.0,9374.33984375,276801.0
2018-01-25,14480.0,9413.345703125,416071.0
2018-01-26,14400.0,9361.3408203125,272288.0
2018-01-29,14500.0,9426.3486328125,189101.0
2018-01-30,14400.0,9361.3408203125,328261.0
2018-01-31,14300.0,9296.33203125,826613.0
2018-02-01,14480.0,9413.345703125,556569.0
2018-02-02,14700.0,9556.3662109375,500515.0
2018-02-05,14300.0,9296.33203125,741805.0
2018-02-06,14220.0,9244.322265625,395429.0
2018-02-07,14360.0,9335.3349609375,590421.0
2018-02-08,14180.0,9218.318359375,140039.0
2018-02-09,14000.0,9101.30078125,514227.0
2018-02-12,13900.0,9036.2919921875,303522.0
2018-02-13,13720.0,8919.2763671875,192680.0
2018-02-14,13780.0,8958.28125,255658.0
2018-02-15,13760.0,8945.279296875,258878.0
2018-02-16,13720.0,8919.2763671875,565916.0
2018-02-19,13540.0,8802.2587890625,85830.0
2018-02-20,13300.0,8646.236328125,331130.0
2018-02-21,13600.0,8841.2646484375,485971.0
2018-02-22,13740.0,8932.2783203125,111905.0
2018-02-23,13800.0,8971.2841796875,133936.0
2018-02-26,13800.0,8971.2841796875,111403.0
2018-02-27,13960.0,9075.2978515625,404244.0
2018-02-28,13700.0,8906.2744140625,795407.0
2018-03-01,13800.0,8971.2841796875,351747.0
2018-03-02,13200.0,8581.2275390625,245546.0
2018-03-05,13400.0,8711.24609375,325821.0
2018-03-06,13540.0,8802.2587890625,149270.0
2018-03-07,13400.0,8711.24609375,365057.0
2018-03-08,13320.0,8659.23828125,135926.0
2018-03-09,13200.0,8581.2275390625,150074.0
2018-03-12,13200.0,8581.2275390625,124852.0
2018-03-14,12980.0,8438.20703125,125543.0
2018-03-15,12820.0,8334.189453125,500885.0
2018-03-16,12820.0,8334.189453125,500885.0
2018-03-19,12820.0,8334.189453125,0.0
2018-03-20,12940.0,8412.2041015625,246812.0
2018-03-21,13000.0,8451.208984375,360987.0
2018-03-22,13260.0,8620.234375,525804.0
2018-03-23,13260.0,8620.234375,525804.0
2018-03-26,13080.0,8503.21484375,324959.0
2018-03-27,13080.0,8503.21484375,283976.0
2018-03-28,13080.0,8503.21484375,283976.0
2018-03-29,13080.0,8503.21484375,0.0
2018-03-30,13080.0,8503.21484375,0.0
2018-04-02,13420.0,8724.24609375,97435.0
2018-04-03,13660.0,8880.26953125,461370.0
2018-04-04,13560.0,8815.26171875,185882.0
2018-04-05,13880.0,9023.291015625,219757.0
2018-04-06,13880.0,9023.291015625,219757.0
2018-04-09,14320.0,9309.3310546875,391221.0
2018-04-10,14420.0,9374.33984375,178718.0
2018-04-11,14120.0,9179.3134765625,1566784.0
2018-04-12,14120.0,9179.3134765625,640193.0
2018-04-13,14120.0,9179.3134765625,640193.0
2018-04-16,13980.0,9088.298828125,105619.0
2018-04-17,14380.0,9348.3359375,158023.0
2018-04-18,14700.0,9556.3662109375,400111.0
2018-04-19,14840.0,9647.3798828125,538357.0
2018-04-20,14840.0,9647.3798828125,538357.0
2018-04-23,15100.0,9816.404296875,830285.0
2018-04-24,14500.0,9426.3486328125,957988.0
2018-04-25,14900.0,9686.3857421875,674802.0
2018-04-26,14640.0,9517.361328125,521725.0
2018-04-27,14640.0,9517.361328125,521725.0
2018-04-30,14480.0,9413.345703125,543093.0
2018-05-01,14480.0,9413.345703125,0.0
2018-05-02,14320.0,9309.3310546875,299436.0
2018-05-03,13980.0,9088.298828125,599307.0
2018-05-04,13980.0,9088.298828125,599307.0
2018-05-07,13900.0,9036.2919921875,266425.0
2018-05-08,13760.0,8945.279296875,376590.0
2018-05-09,13820.0,8984.2861328125,252696.0
2018-05-10,14080.0,9153.3076171875,313987.0
2018-05-11,14080.0,9153.3076171875,313987.0
2018-05-14,14080.0,9153.3076171875,0.0
2018-05-15,14460.0,9400.34375,748634.0
2018-05-16,14080.0,9153.3076171875,410911.0
2018-05-17,13800.0,8971.2841796875,442544.0
2018-05-18,13800.0,8971.2841796875,442544.0
2018-05-21,13900.0,9036.2919921875,338543.0
2018-05-22,14040.0,9127.3076171875,304792.0
2018-05-23,14260.0,9270.3251953125,491680.0
2018-05-24,14140.0,9192.3134765625,360551.0
2018-05-25,14140.0,9192.3134765625,360551.0
2018-05-28,13980.0,9088.298828125,166185.0
2018-05-29,14060.0,9140.3076171875,177173.0
2018-05-30,14000.0,9101.30078125,413021.0
2018-05-31,14160.0,9205.3173828125,3276985.0
2018-06-01,14160.0,9205.3173828125,3276985.0
2018-06-04,14160.0,9205.3173828125,0.0
2018-06-05,14380.0,9348.3359375,531229.0
2018-06-06,14400.0,9361.3408203125,318689.0
2018-06-07,14560.0,9465.353515625,307039.0
2018-06-08,14560.0,9465.353515625,307039.0
2018-06-11,14560.0,9465.353515625,0.0
2018-06-12,14760.0,9595.3720703125,404701.0
2018-06-13,14600.0,9491.3583984375,324760.0
2018-06-14,14420.0,9374.33984375,299133.0
2018-06-15,14420.0,9374.33984375,299133.0
2018-06-18,14120.0,9179.3134765625,581706.0
2018-06-19,13720.0,8919.2763671875,560402.0
2018-06-20,13640.0,8867.2685546875,600790.0
2018-06-21,13700.0,8906.2744140625,1409674.0
2018-06-22,13700.0,8906.2744140625,1409674.0
2018-06-25,13900.0,9036.2919921875,296141.0
2018-06-26,14260.0,9270.3251953125,392483.0
2018-06-27,14220.0,9244.322265625,486542.0
2018-06-28,14400.0,9361.3408203125,747742.0
2018-06-29,14400.0,9361.3408203125,747742.0
2018-07-02,14400.0,9361.3408203125,0.0
2018-07-03,14020.0,9114.3046875,229564.0
2018-07-04,14500.0,9426.3486328125,34475.0
2018-07-05,14500.0,9426.3486328125,268671.0
2018-07-06,14500.0,9605.87890625,268671.0
2018-07-09,14160.0,9380.638671875,406387.0
2018-07-10,14220.0,9420.38671875,281217.0
2018-07-11,14060.0,9314.390625,237551.0
2018-07-12,13940.0,9234.892578125,187311.0
2018-07-13,13940.0,9234.892578125,187311.0
2018-07-16,14160.0,9380.638671875,273630.0
2018-07-17,14180.0,9393.8876953125,467780.0
2018-07-18,14240.0,9433.6337890625,171744.0
2018-07-19,14240.0,9433.6337890625,171744.0
2018-07-20,14240.0,9433.6337890625,0.0
2018-07-23,14320.0,9486.6328125,131819.0
2018-07-24,14240.0,9433.6337890625,81799.0
2018-07-25,13800.0,9142.146484375,223534.0
2018-07-26,14280.0,9460.134765625,161624.0
2018-07-27,14280.0,9460.134765625,161624.0
2018-07-30,14400.0,9539.6328125,238080.0
2018-07-31,14200.0,9407.1376953125,351298.0
2018-08-01,13980.0,9261.390625,543193.0
2018-08-02,13820.0,9155.3974609375,133640.0
2018-08-03,13820.0,9155.3974609375,133640.0
2018-08-06,13720.0,9089.1484375,152832.0
2018-08-07,13720.0,9089.1484375,0.0
2018-08-08,13980.0,9261.390625,296161.0
2018-08-09,13900.0,9208.3935546875,520799.0
2018-08-10,13900.0,9208.3935546875,520799.0
2018-08-13,13680.0,9062.650390625,154380.0
2018-08-14,13740.0,9102.3994140625,83550.0
2018-08-15,13840.0,9168.646484375,1133114.0
2018-08-16,13640.0,9036.150390625,1074733.0
2018-08-17,13640.0,9036.150390625,1074733.0
2018-08-20,13640.0,9036.150390625,0.0
2018-08-21,13660.0,9049.3994140625,236570.0
2018-08-22,13680.0,9062.650390625,227308.0
2018-08-23,13800.0,9142.146484375,212671.0
2018-08-24,13800.0,9142.146484375,212671.0
2018-08-27,13880.0,9195.1435546875,115838.0
2018-08-28,13760.0,9115.6474609375,257770.0
2018-08-29,13600.0,9009.65234375,388743.0
2018-08-30,13560.0,8983.15234375,68404.0
2018-08-31,13560.0,8983.15234375,68404.0
2018-09-03,13440.0,8903.65625,9074.0
2018-09-04,13420.0,8890.40625,50487.0
2018-09-05,12920.0,8559.169921875,389973.0
2018-09-06,13020.0,8625.4169921875,387144.0
2018-09-07,13020.0,8625.4169921875,387144.0
2018-09-10,13460.0,8916.90625,378218.0
2018-09-11,13480.0,8930.15625,134389.0
2018-09-12,13380.0,8863.9072265625,968270.0
2018-09-13,13640.0,9036.150390625,166356.0
2018-09-14,13640.0,9036.150390625,166356.0
2018-09-17,13120.0,8691.666015625,163539.0
2018-09-18,13500.0,8943.4052734375,246780.0
2018-09-19,13380.0,8863.9072265625,198441.0
2018-09-20,13020.0,8625.4169921875,118889.0
2018-09-21,13020.0,8625.4169921875,118889.0
2018-09-24,13260.0,8784.4111328125,456868.0
2018-09-25,13180.0,8731.412109375,156893.0
2018-09-26,13220.0,8757.9111328125,400747.0
2018-09-27,13380.0,8863.9072265625,124641.0
2018-09-28,13380.0,8863.9072265625,124641.0
2018-10-01,13380.0,8863.9072265625,84978.0
2018-10-02,13380.0,8863.9072265625,84978.0
2018-10-03,13400.0,8877.1552734375,97638.0
2018-10-04,13660.0,9049.3994140625,218520.0
2018-10-05,13760.0,9115.6474609375,219212.0
2018-10-10,12840.0,8506.1708984375,303295.0
2018-10-11,12840.0,8506.1708984375,303295.0
2018-10-12,12720.0,8426.6728515625,214573.0
2018-10-15,12720.0,8426.6728515625,0.0
2018-10-16,13340.0,8837.4091796875,112713.0
2018-10-17,13340.0,8837.4091796875,112713.0
2018-10-18,13180.0,8731.412109375,81403.0
2018-10-19,12960.0,8585.6669921875,104630.0
2018-10-22,12200.0,8082.18701171875,80633.0
2018-10-23,12200.0,8082.18701171875,80633.0
2018-10-24,12380.0,8201.431640625,326445.0
2018-10-25,12300.0,8148.43408203125,204897.0
2018-10-26,12140.0,8042.4375,168881.0
2018-10-29,11740.0,7777.44873046875,199255.0
2018-10-30,11740.0,7777.44873046875,199255.0
2018-10-31,11920.0,7896.69384765625,331898.0
2018-11-01,11960.0,7923.19482421875,902564.0
2018-11-02,12280.0,8135.18408203125,143365.0
2018-11-05,12280.0,8135.18408203125,0.0
2018-11-06,13000.0,8612.166015625,255158.0
2018-11-07,13000.0,8612.166015625,255158.0
2018-11-08,13480.0,8930.15625,353973.0
2018-11-09,13580.0,8996.400390625,434354.0
2018-11-12,13580.0,8996.400390625,0.0
2018-11-13,12740.0,8439.923828125,33020.0
2018-11-14,12740.0,8439.923828125,33020.0
2018-11-15,13220.0,8757.9111328125,194793.0
2018-11-16,13420.0,8890.40625,284346.0
2018-11-19,13120.0,8691.666015625,165956.0
2018-11-20,12900.0,8545.9208984375,288311.0
2018-11-21,12900.0,8545.9208984375,314054.0
2018-11-22,12860.0,8519.419921875,61260.0
2018-11-23,12900.0,8545.9208984375,68705.0
2018-11-26,13240.0,8771.1611328125,278700.0
2018-11-27,12900.0,8545.9208984375,606659.0
2018-11-28,12940.0,8756.3701171875,329366.0
2018-11-29,13020.0,8810.5048828125,273899.0
2018-11-30,12940.0,8756.3701171875,789192.0
2018-12-03,13000.0,8796.9736328125,293717.0
2018-12-04,13440.0,9094.716796875,530492.0
2018-12-05,13480.0,9121.783203125,132967.0
2018-12-06,13580.0,9189.4521484375,452317.0
2018-12-07,13740.0,9297.7216796875,374312.0
2018-12-10,13740.0,9297.7216796875,118195.0
2018-12-11,13720.0,9284.1884765625,515901.0
2018-12-12,13740.0,9297.7216796875,553321.0
2018-12-13,13780.0,9324.7900390625,333738.0
2018-12-14,13780.0,9324.7900390625,245315.0
2018-12-17,13800.0,9338.3232421875,323418.0
2018-12-18,13700.0,9270.65625,540699.0
2018-12-19,14080.0,9527.796875,549295.0
2018-12-20,13700.0,9270.65625,388990.0
2018-12-21,14000.0,9473.6611328125,713750.0
2018-12-24,14300.0,9676.669921875,72908.0
2018-12-25,14300.0,9676.669921875,0.0
2018-12-26,14280.0,9663.134765625,27818.0
2018-12-27,14000.0,9473.6611328125,229420.0
2018-12-28,13980.0,9460.1279296875,188696.0
2018-12-31,13980.0,9460.1279296875,0.0
2019-01-01,13980.0,9460.1279296875,0.0
2019-01-02,14000.0,9473.6611328125,114425.0
2019-01-03,14340.0,9703.7373046875,226936.0
2019-01-04,14500.0,9812.0078125,121745.0
2019-01-07,14500.0,9812.0078125,0.0
2019-01-08,14620.0,9893.2099609375,510695.0
2019-01-09,14160.0,9581.93359375,485823.0
2019-01-10,14220.0,9622.53515625,365659.0
2019-01-11,14380.0,9730.8046875,453186.0
2019-01-14,14200.0,9609.0009765625,581865.0
2019-01-15,14220.0,9622.53515625,322976.0
2019-01-16,13880.0,9392.4580078125,595485.0
2019-01-17,13920.0,9419.52734375,476155.0
2019-01-18,13980.0,9460.1279296875,875422.0
2019-01-21,13960.0,9446.5947265625,125945.0
2019-01-22,14000.0,9473.6611328125,484096.0
2019-01-23,14120.0,9554.8662109375,248069.0
2019-01-24,14180.0,9595.466796875,440866.0
2019-01-25,14040.0,9500.73046875,489629.0
2019-01-28,13960.0,9446.5947265625,783792.0
2019-01-29,14000.0,9473.6611328125,342281.0
2019-01-30,13960.0,9446.5947265625,677095.0
2019-01-31,13920.0,9419.52734375,1678684.0
2019-02-01,13920.0,9419.52734375,233218.0
2019-02-04,13900.0,9405.9921875,2038988.0
2019-02-05,14080.0,9527.796875,314452.0
2019-02-06,14100.0,9541.33203125,434858.0
2019-02-07,13960.0,9446.5947265625,157060.0
2019-02-08,13900.0,9405.9921875,428689.0
2019-02-11,13940.0,9433.0595703125,126456.0
2019-02-12,13940.0,9433.0595703125,309956.0
2019-02-13,13960.0,9446.5947265625,364151.0
2019-02-14,14000.0,9473.6611328125,498520.0
2019-02-15,14120.0,9554.8662109375,509202.0
2019-02-18,14100.0,9541.33203125,283841.0
2019-02-19,14060.0,9514.2626953125,674216.0
2019-02-20,14100.0,9541.33203125,542927.0
2019-02-21,14060.0,9514.2626953125,632310.0
2019-02-22,14020.0,9487.1953125,238681.0
2019-02-25,14020.0,9487.1953125,183429.0
2019-02-26,14040.0,9500.73046875,570775.0
2019-02-27,14080.0,9527.796875,377208.0
2019-02-28,13980.0,9460.1279296875,398693.0
2019-03-01,14040.0,9500.73046875,225657.0
2019-03-04,13980.0,9460.1279296875,121360.0
2019-03-05,14000.0,9473.6611328125,137985.0
2019-03-06,14140.0,9568.3984375,725527.0
2019-03-07,14140.0,9568.3984375,428324.0
2019-03-08,14200.0,9609.0009765625,306796.0
2019-03-11,14280.0,9663.134765625,379832.0
2019-03-12,14340.0,9703.7373046875,420978.0
2019-03-13,14880.0,10069.1494140625,743387.0
2019-03-14,15000.0,10150.3515625,1601647.0
2019-03-15,15480.0,10475.1640625,1314472.0
2019-03-18,16480.0,11151.8544921875,289668.0
2019-03-19,16700.0,11300.7265625,479502.0
2019-03-20,16400.0,11097.7197265625,1309365.0
2019-03-21,16100.0,10894.7119140625,554803.0
2019-03-22,16080.0,10881.1767578125,606118.0
2019-03-25,16080.0,10881.1767578125,0.0
2019-03-26,16740.0,11327.79296875,457737.0
2019-03-27,16300.0,11030.0498046875,251391.0
2019-03-28,15900.0,10759.3720703125,256032.0
2019-03-29,15960.0,10799.9736328125,762261.0
2019-04-01,16200.0,10962.3798828125,344773.0
2019-04-02,16160.0,10935.3134765625,274869.0
2019-04-03,16220.0,10975.9140625,180873.0
2019-04-04,16080.0,10881.1767578125,194928.0
2019-04-05,15880.0,10745.83984375,312299.0
2019-04-08,15820.0,10705.23828125,194947.0
2019-04-09,16200.0,10962.3798828125,372945.0
2019-04-10,16300.0,11030.0498046875,236614.0
2019-04-11,16220.0,10975.9140625,326959.0
2019-04-12,16220.0,10975.9140625,326959.0
2019-04-15,15520.0,10502.23046875,161894.0
2019-04-16,15520.0,10502.23046875,161894.0
2019-04-17,15500.0,10488.697265625,190883.0
2019-04-18,15500.0,10488.697265625,0.0
2019-04-19,15500.0,10488.697265625,0.0
2019-04-22,16100.0,10894.7119140625,811157.0
2019-04-23,16100.0,10894.7119140625,811157.0
2019-04-24,16000.0,10827.04296875,183491.0
2019-04-25,16120.0,10908.244140625,290165.0
2019-04-26,16020.0,10840.576171875,253467.0
2019-04-29,16200.0,10962.3798828125,117917.0
2019-04-30,16200.0,10962.3798828125,117917.0
2019-05-01,16200.0,10962.3798828125,0.0
2019-05-02,15960.0,10799.9736328125,152666.0
2019-05-03,15960.0,10799.9736328125,152666.0
2019-05-06,16000.0,10827.04296875,140191.0
2019-05-07,16000.0,10827.04296875,140191.0
2019-05-08,15940.0,10786.44140625,245380.0
2019-05-09,15820.0,10705.23828125,269413.0
2019-05-10,15780.0,10678.1708984375,313648.0
2019-05-13,15500.0,10488.697265625,459044.0
2019-05-14,15500.0,10488.697265625,459044.0
2019-05-15,15540.0,10515.7646484375,391139.0
2019-05-16,15720.0,10637.5693359375,765888.0
2019-05-17,15720.0,10637.5693359375,521377.0
2019-05-20,15660.0,10596.9677734375,653426.0
2019-05-21,15660.0,10596.9677734375,653426.0
2019-05-22,15760.0,10664.6376953125,449324.0
2019-05-23,15780.0,10678.1708984375,610387.0
2019-05-24,15780.0,10678.1708984375,1574173.0
2019-05-27,15800.0,10691.705078125,76926.0
2019-05-28,15800.0,10691.705078125,76926.0
2019-05-29,15580.0,10542.8330078125,8495581.0
2019-05-30,15700.0,10624.0361328125,496584.0
2019-05-31,15880.0,10745.83984375,2013061.0
2019-06-03,15880.0,10745.83984375,0.0
2019-06-04,16500.0,11165.3876953125,897160.0
2019-06-05,16500.0,11165.3876953125,897160.0
2019-06-06,16720.0,11314.259765625,1661547.0
2019-06-07,16880.0,11422.5283203125,1357980.0
2019-06-11,17700.0,11977.4150390625,231329.0
2019-06-12,18400.0,12451.099609375,484620.0
2019-06-13,18600.0,12586.4365234375,446164.0
2019-06-14,18760.0,12694.70703125,241292.0
2019-06-17,18580.0,12572.9052734375,582702.0
2019-06-18,18700.0,12654.107421875,386016.0
2019-06-19,18880.0,12775.91015625,278454.0
2019-06-20,18880.0,12775.91015625,1248119.0
2019-06-21,18980.0,12843.5791015625,1430646.0
2019-06-24,18980.0,12843.5791015625,0.0
2019-06-25,19360.0,13100.72265625,580323.0
2019-06-26,18260.0,12356.36328125,746589.0
2019-06-27,17820.0,12058.619140625,588421.0
2019-06-28,17860.0,12085.6865234375,287437.0
2019-07-01,17860.0,12085.6865234375,0.0
2019-07-02,17920.0,12126.28515625,500784.0
2019-07-03,17920.0,12126.28515625,500784.0
2019-07-04,18400.0,12451.099609375,486945.0
2019-07-05,18500.0,12518.7685546875,32395.0
2019-07-08,19200.0,12992.4521484375,388554.0
2019-07-09,19200.0,12992.4521484375,388554.0
2019-07-10,19500.0,13195.45703125,290994.0
2019-07-11,19900.0,13466.1357421875,958150.0
2019-07-12,19800.0,13398.462890625,589623.0
2019-07-15,19700.0,13330.7978515625,932195.0
2019-07-16,19700.0,13330.7978515625,932195.0
2019-07-17,19680.0,13317.263671875,386432.0
2019-07-18,19660.0,13492.9599609375,228615.0
2019-07-19,19200.0,13177.2548828125,250545.0
2019-07-22,19000.0,13039.9931640625,270330.0
2019-07-23,19000.0,13039.9931640625,270330.0
2019-07-24,19160.0,13149.7998046875,598463.0
2019-07-25,19300.0,13245.8857421875,117499.0
2019-07-26,19800.0,13589.04296875,958041.0
2019-07-29,18960.0,13012.5380859375,274250.0
2019-07-30,18960.0,13012.5380859375,274250.0
2019-07-31,18000.0,12353.6748046875,205511.0
2019-08-01,17800.0,12216.412109375,1501212.0
2019-08-02,17460.0,11983.0654296875,690956.0
2019-08-05,16200.0,11118.306640625,326225.0
2019-08-06,16200.0,11118.306640625,326225.0
2019-08-07,16200.0,11118.306640625,0.0
2019-08-08,17500.0,12010.5166015625,444625.0
2019-08-09,17500.0,12010.5166015625,444625.0
2019-08-12,17100.0,11735.9912109375,141412.0
2019-08-13,17100.0,11735.9912109375,141412.0
2019-08-14,17380.0,11928.16015625,216405.0
2019-08-15,16900.0,11598.7294921875,278938.0
2019-08-16,17400.0,11941.8837890625,280565.0
2019-08-19,17400.0,11941.8837890625,0.0
2019-08-20,18100.0,12422.3076171875,1145980.0
2019-08-21,18100.0,12422.3076171875,1145980.0
2019-08-22,18100.0,12422.3076171875,356978.0
2019-08-23,18000.0,12353.6748046875,216542.0
2019-08-26,17060.0,11708.5390625,157830.0
2019-08-27,17060.0,11708.5390625,157830.0
2019-08-28,17500.0,12010.5166015625,877983.0
2019-08-29,17480.0,11996.79296875,242779.0
2019-08-30,17900.0,12285.044921875,216291.0
2019-09-02,18500.0,12696.8330078125,44219.0
2019-09-03,18500.0,12696.8330078125,44219.0
2019-09-04,18880.0,12957.6328125,263882.0
2019-09-05,19280.0,13232.1572265625,364246.0
2019-09-06,19380.0,13300.791015625,244028.0
2019-09-09,19380.0,13300.791015625,106875.0
2019-09-10,19380.0,13300.791015625,106875.0
2019-09-11,19380.0,13300.791015625,317875.0
2019-09-12,19240.0,13204.7060546875,344543.0
2019-09-13,19240.0,13204.7060546875,824542.0
2019-09-16,20100.0,13794.935546875,438203.0
2019-09-17,20100.0,13794.935546875,438203.0
2019-09-18,20000.0,13726.3056640625,302824.0
2019-09-19,19700.0,13520.4111328125,458326.0
2019-09-20,19860.0,13630.22265625,571262.0
2019-09-23,19500.0,13383.1474609375,100194.0
2019-09-24,19500.0,13383.1474609375,100194.0
2019-09-25,19600.0,13451.7802734375,166349.0
2019-09-26,19060.0,13081.1708984375,269767.0
2019-09-27,19020.0,13053.71484375,205810.0
2019-09-30,18240.0,12518.390625,527746.0
2019-10-01,18240.0,12518.390625,527746.0
2019-10-02,18500.0,12696.8330078125,112672.0
2019-10-03,18500.0,12696.8330078125,784991.0
2019-10-04,18940.0,12998.8095703125,162863.0
2019-10-07,19480.0,13369.423828125,89880.0
2019-10-08,19480.0,13369.423828125,89880.0
2019-10-09,19380.0,13300.791015625,437765.0
2019-10-10,19380.0,13300.791015625,65691.0
2019-10-11,19020.0,13053.71484375,369616.0
2019-10-14,19020.0,13053.71484375,0.0
2019-10-15,18780.0,12889.001953125,187847.0
2019-10-16,18780.0,12889.001953125,187847.0
2019-10-17,18800.0,12902.7275390625,231405.0
2019-10-18,18860.0,12943.9033203125,277768.0
2019-10-21,19000.0,13039.9931640625,433006.0
2019-10-22,19000.0,13039.9931640625,433006.0
2019-10-23,19400.0,13314.515625,374514.0
2019-10-24,19400.0,13314.515625,130433.0
2019-10-25,19760.0,13561.58984375,182922.0
2019-10-28,19960.0,13698.853515625,277861.0
2019-10-29,19960.0,13698.853515625,277861.0
2019-10-30,20000.0,13726.3056640625,295873.0
2019-10-31,19500.0,13383.1474609375,746735.0
2019-11-01,19500.0,13383.1474609375,746735.0
2019-11-04,19500.0,13383.1474609375,0.0
2019-11-05,20480.0,14055.736328125,524569.0
2019-11-06,20160.0,13836.1162109375,330199.0
2019-11-07,20300.0,13932.201171875,148785.0
2019-11-08,20200.0,13863.5673828125,191859.0
2019-11-11,20200.0,13863.5673828125,0.0
2019-11-12,20240.0,13891.021484375,403247.0
2019-11-13,20240.0,13891.021484375,123052.0
2019-11-14,19460.0,13355.6943359375,144410.0
2019-11-15,19640.0,13479.2333984375,65142.0
2019-11-18,20140.0,13822.390625,100392.0
2019-11-19,19220.0,13190.982421875,421439.0
2019-11-20,18500.0,12696.8330078125,320226.0
2019-11-21,17900.0,12285.044921875,265218.0
2019-11-22,18680.0,12820.369140625,207677.0
2019-11-25,18300.0,12559.5693359375,529285.0
2019-11-26,18700.0,12834.0966796875,2022148.0
2019-11-27,18260.0,12532.1201171875,161708.0
2019-11-28,18800.0,12902.7275390625,155094.0
2019-11-29,18800.0,12902.7275390625,155094.0
2019-12-02,18360.0,12600.75,391152.0
2019-12-03,18400.0,12628.2021484375,266146.0
2019-12-04,18340.0,12587.0224609375,225486.0
2019-12-05,18660.0,13002.3173828125,284701.0
2019-12-06,18500.0,12890.828125,136263.0
2019-12-09,18780.0,13085.9326171875,113078.0
2019-12-10,18640.0,12988.3798828125,500063.0
2019-12-11,18240.0,12709.66015625,125393.0
2019-12-12,18300.0,12751.4677734375,401798.0
2019-12-13,19000.0,13239.23046875,220990.0
2019-12-16,18800.0,13099.869140625,159599.0
2019-12-17,18760.0,13071.99609375,256309.0
2019-12-18,18680.0,13016.2509765625,329098.0
2019-12-19,18720.0,13044.1240234375,168845.0
2019-12-20,18640.0,12988.3798828125,1725636.0
2019-12-23,19300.0,13448.271484375,154429.0
2019-12-24,19300.0,13448.271484375,11667.0
2019-12-25,19300.0,13448.271484375,0.0
2019-12-26,19300.0,13448.271484375,70718.0
2019-12-27,19380.0,13504.0146484375,165597.0
2019-12-30,19600.0,13657.310546875,260467.0
2019-12-31,19600.0,13657.310546875,0.0
2020-01-01,19600.0,13657.310546875,0.0
2020-01-02,19600.0,13657.310546875,0.0
2020-01-03,20300.0,14145.072265625,583812.0
2020-01-06,20300.0,14145.072265625,0.0
2020-01-07,19760.0,13768.796875,389433.0
2020-01-08,19600.0,13657.310546875,193356.0
2020-01-09,19760.0,13768.796875,204536.0
2020-01-10,19660.0,13699.1201171875,126810.0
2020-01-13,19960.0,13908.158203125,342679.0
2020-01-14,19700.0,13726.9892578125,302318.0
2020-01-15,19680.0,13713.056640625,701243.0
2020-01-16,19560.0,13629.4404296875,179853.0
2020-01-17,19560.0,13629.4404296875,179853.0
2020-01-20,19620.0,13671.2470703125,31753.0
2020-01-21,19560.0,13629.4404296875,77355.0
2020-01-22,19500.0,13587.6279296875,153921.0
2020-01-23,19300.0,13448.271484375,67420.0
2020-01-24,19380.0,13504.0146484375,118173.0
2020-01-27,19240.0,13406.4599609375,84768.0
2020-01-28,19300.0,13448.271484375,253650.0
2020-01-29,19380.0,13504.0146484375,223096.0
2020-01-30,19740.0,13754.8642578125,340370.0
2020-01-31,18800.0,13099.869140625,831855.0
2020-02-03,19160.0,13350.7158203125,339272.0
2020-02-04,19240.0,13406.4599609375,280751.0
2020-02-05,19240.0,13406.4599609375,241014.0
2020-02-06,18960.0,13211.3564453125,379450.0
2020-02-07,18900.0,13169.5498046875,333992.0
2020-02-10,18740.0,13058.060546875,548728.0
2020-02-11,18600.0,12960.5087890625,1061906.0
2020-02-12,18800.0,13099.869140625,455057.0
2020-02-13,19000.0,13239.23046875,201970.0
2020-02-14,19000.0,13239.23046875,345161.0
2020-02-17,19000.0,13239.23046875,57308.0
2020-02-18,19060.0,13281.0380859375,574462.0
2020-02-19,19280.0,13434.3310546875,159027.0
2020-02-20,19280.0,13434.3310546875,281194.0
2020-02-21,18900.0,13169.5498046875,389527.0
2020-02-24,19040.0,13267.1005859375,597726.0
2020-02-25,19020.0,13253.162109375,316445.0
2020-02-26,18800.0,13099.869140625,924876.0
2020-02-27,18600.0,12960.5087890625,649365.0
2020-02-28,18600.0,12960.5087890625,696751.0
2020-03-02,18320.0,12765.4052734375,284234.0
2020-03-03,18060.0,12584.2373046875,780973.0
2020-03-04,18300.0,12751.4677734375,638270.0
2020-03-05,18500.0,12890.828125,727057.0
2020-03-06,18100.0,12612.107421875,372473.0
2020-03-09,17000.0,11845.6259765625,586279.0
2020-03-10,17500.0,12194.0244140625,398896.0
2020-03-11,17000.0,11845.6259765625,970137.0
2020-03-12,15940.0,11107.015625,210020.0
2020-03-13,15940.0,11107.015625,210020.0
2020-03-16,12100.0,8431.2978515625,640500.0
2020-03-17,12500.0,8710.017578125,1448519.0
2020-03-18,11800.0,8222.2578125,3461107.0
2020-03-19,13100.0,9128.1005859375,500708.0
2020-03-20,13400.0,9337.1396484375,1807020.0
2020-03-23,13400.0,9337.1396484375,0.0
2020-03-24,13320.0,9281.3955078125,1103778.0
2020-03-25,14520.0,10117.55859375,633972.0
2020-03-26,14520.0,10117.55859375,633972.0
2020-03-27,16600.0,11566.908203125,440174.0
2020-03-30,16540.0,11525.0966796875,350369.0
2020-03-31,15480.0,10786.4873046875,741804.0
2020-04-01,14800.0,10312.6630859375,467344.0
2020-04-02,15400.0,10730.744140625,410968.0
2020-04-03,15500.0,10800.4248046875,721042.0
2020-04-06,16140.0,11246.3759765625,520879.0
2020-04-07,16680.0,11622.6494140625,397415.0
2020-04-08,17200.0,11984.9873046875,149575.0
2020-04-09,17200.0,11984.9873046875,0.0
2020-04-10,17200.0,11984.9873046875,0.0
2020-04-13,17860.0,12444.875,279163.0
2020-04-14,17900.0,12472.7490234375,506112.0
2020-04-15,18100.0,12612.107421875,643969.0
2020-04-16,18200.0,12681.7890625,671820.0
2020-04-17,18000.0,12542.427734375,168465.0
2020-04-20,17880.0,12458.8115234375,272009.0
2020-04-21,17500.0,12194.0244140625,175195.0
2020-04-22,18200.0,12681.7890625,224470.0
2020-04-23,18620.0,12974.443359375,218201.0
2020-04-24,18300.0,12751.4677734375,626588.0
2020-04-27,18000.0,12542.427734375,165691.0
2020-04-28,18500.0,12890.828125,338178.0
2020-04-29,18380.0,12807.212890625,345243.0
2020-04-30,18200.0,12681.7890625,272798.0
2020-05-01,18200.0,12681.7890625,0.0
2020-05-04,17900.0,12472.7490234375,189674.0
2020-05-05,17600.0,12263.705078125,45233.0
2020-05-06,17740.0,12361.2587890625,254044.0
2020-05-07,18580.0,12946.57421875,422643.0
2020-05-08,17800.0,12403.0673828125,338676.0
2020-05-11,18100.0,12612.107421875,211195.0
2020-05-12,18100.0,12612.107421875,187587.0
2020-05-13,18000.0,12542.427734375,188974.0
2020-05-14,18400.0,12821.1484375,237712.0
2020-05-15,18200.0,12681.7890625,112033.0
2020-05-18,18500.0,12890.828125,751308.0
2020-05-19,18480.0,12876.8935546875,106618.0
2020-05-20,18520.0,12904.7626953125,133006.0
2020-05-21,18400.0,12821.1484375,582771.0
2020-05-22,18340.0,12779.33984375,207421.0
2020-05-25,18340.0,12779.33984375,0.0
2020-05-26,18600.0,12960.5087890625,203090.0
2020-05-27,19140.0,13336.7822265625,244283.0
2020-05-28,19200.0,13378.58984375,202331.0
2020-05-29,19600.0,13657.310546875,2946216.0
2020-06-01,19040.0,13267.1005859375,304132.0
2020-06-02,19200.0,13378.58984375,193663.0
2020-06-03,19200.0,13378.58984375,193663.0
2020-06-04,19300.0,13448.271484375,604930.0
2020-06-05,19080.0,13294.974609375,479386.0
2020-06-08,19100.0,13308.91015625,387412.0
2020-06-09,19260.0,13420.3974609375,625479.0
2020-06-10,18720.0,13044.1240234375,547107.0
2020-06-11,19000.0,13239.23046875,281193.0
2020-06-12,18820.0,13113.8037109375,417602.0
2020-06-15,18820.0,13113.8037109375,0.0
2020-06-16,19140.0,13336.7822265625,441161.0
2020-06-17,18600.0,12960.5087890625,333055.0
2020-06-18,18680.0,13016.2509765625,234604.0
2020-06-19,18860.0,13141.673828125,1499263.0
2020-06-22,18860.0,13141.673828125,0.0
2020-06-23,18780.0,13085.9326171875,574378.0
2020-06-24,18800.0,13099.869140625,284510.0
2020-06-25,18700.0,13030.1875,155976.0
2020-06-26,18700.0,13030.1875,376290.0
2020-06-29,18700.0,13030.1875,0.0
2020-06-30,18800.0,13099.869140625,201481.0
2020-07-01,18560.0,12932.6357421875,195536.0
2020-07-02,18800.0,13099.869140625,309881.0
2020-07-03,18820.0,13113.8037109375,47844.0
2020-07-06,18880.0,13155.6142578125,102864.0
2020-07-07,19480.0,13573.6943359375,559830.0
2020-07-08,19900.0,13866.349609375,906647.0
2020-07-09,19800.0,13796.6689453125,1575657.0
2020-07-10,19700.0,13726.9892578125,611441.0
2020-07-13,19540.0,13615.5009765625,202789.0
2020-07-14,19700.0,13726.9892578125,399710.0
2020-07-15,19580.0,13643.3740234375,376242.0
2020-07-16,19580.0,13882.6689453125,414223.0
2020-07-17,19640.0,13925.208984375,180777.0
2020-07-20,19640.0,13925.208984375,0.0
2020-07-21,19680.0,13953.5732421875,825783.0
2020-07-22,19640.0,13925.208984375,578859.0
2020-07-23,19700.0,13967.75,295181.0
2020-07-24,19800.0,14038.654296875,85654.0
2020-07-27,19540.0,13854.3076171875,259951.0
2020-07-28,19380.0,13740.86328125,279057.0
2020-07-29,19600.0,13896.8486328125,101486.0
2020-07-30,19400.0,13755.04296875,299912.0
2020-07-31,19200.0,13613.2421875,1853011.0
2020-08-03,18980.0,13457.255859375,255949.0
2020-08-04,19100.0,13542.3359375,264838.0
2020-08-05,19200.0,13613.2421875,82285.0
2020-08-06,19700.0,13967.75,97594.0
2020-08-07,19700.0,13967.75,0.0
2020-08-10,19360.0,13726.68359375,68927.0
2020-08-11,19480.0,13811.767578125,382147.0
2020-08-12,19500.0,13825.9462890625,282886.0
2020-08-13,19900.0,14109.556640625,203599.0
2020-08-14,20400.0,14464.0673828125,157645.0
2020-08-17,20400.0,14464.0673828125,0.0
2020-08-18,21280.0,15088.0087890625,483825.0
2020-08-19,20340.0,14421.52734375,214204.0
2020-08-20,20360.0,14435.7060546875,532060.0
2020-08-21,21000.0,14889.4814453125,497644.0
2020-08-24,21000.0,14889.4814453125,0.0
2020-08-25,21400.0,15173.0908203125,246659.0
2020-08-26,21500.0,15243.9931640625,371804.0
2020-08-27,21960.0,15570.142578125,296885.0
2020-08-28,21680.0,15371.6162109375,129674.0
2020-08-31,20940.0,14846.943359375,440893.0
2020-09-01,22300.0,15811.2119140625,1405953.0
2020-09-02,21860.0,15499.2421875,247325.0
2020-09-03,21320.0,15116.369140625,164543.0
2020-09-04,20860.0,14790.2177734375,248588.0
2020-09-07,21000.0,14889.4814453125,146534.0
2020-09-08,20800.0,14747.6767578125,141044.0
2020-09-09,20800.0,14747.6767578125,235718.0
2020-09-10,20600.0,14605.8720703125,104848.0
2020-09-11,20480.0,14520.7890625,132018.0
2020-09-14,20100.0,14251.357421875,29111.0
2020-09-15,20160.0,14293.90234375,607372.0
2020-09-16,20020.0,14194.638671875,347346.0
2020-09-17,20020.0,14194.638671875,546423.0
2020-09-18,20240.0,14350.623046875,1938236.0
2020-09-21,20580.0,14591.6923828125,141737.0
2020-09-22,20300.0,14393.1650390625,1038811.0
2020-09-23,20320.0,14407.3447265625,127871.0
2020-09-24,20460.0,14506.6103515625,170686.0
2020-09-25,20380.0,14449.8876953125,171876.0
2020-09-28,20240.0,14350.623046875,80741.0
2020-09-29,20000.0,14180.458984375,397259.0
2020-09-30,20380.0,14449.8876953125,237962.0
2020-10-01,20280.0,14378.9853515625,9044.0
2020-10-02,20000.0,14180.458984375,68920.0
2020-10-05,19940.0,14137.916015625,132295.0
2020-10-06,19900.0,14109.556640625,146791.0
2020-10-07,21000.0,14889.4814453125,105128.0
2020-10-08,21000.0,14889.4814453125,105128.0
2020-10-09,21600.0,15314.896484375,153025.0
2020-10-12,21600.0,15314.896484375,0.0
2020-10-13,21470.0,15222.72265625,142847.0
2020-10-14,21700.0,15385.796875,275918.0
2020-10-15,21600.0,15314.896484375,340296.0
2020-10-16,21600.0,15314.896484375,297758.0
2020-10-19,21600.0,15314.896484375,199980.0
2020-10-20,21620.0,15329.0771484375,200876.0
2020-10-21,21440.0,15201.4501953125,153158.0
2020-10-22,21400.0,15173.0908203125,164447.0
2020-10-23,21140.0,14988.7451171875,45654.0
2020-10-26,21550.0,15279.4443359375,333817.0
2020-10-27,21300.0,15102.189453125,351284.0
2020-10-28,20600.0,14605.8720703125,488900.0
2020-10-29,20510.0,14542.0595703125,188922.0
2020-10-30,20860.0,14790.2177734375,481152.0
2020-11-02,20860.0,14790.2177734375,0.0
2020-11-03,20730.0,14698.044921875,126052.0
2020-11-04,20980.0,14875.3017578125,76727.0
2020-11-05,21100.0,14960.384765625,95777.0
2020-11-06,21100.0,14960.384765625,95777.0
2020-11-09,22800.0,16165.7197265625,657639.0
2020-11-10,23190.0,16442.2421875,161374.0
2020-11-11,23000.0,16307.52734375,186208.0
2020-11-12,22940.0,16264.986328125,341344.0
2020-11-13,22520.0,15967.1962890625,235887.0
2020-11-16,22520.0,15967.1962890625,0.0
2020-11-17,23000.0,16307.52734375,340612.0
2020-11-18,23040.0,16335.88671875,209580.0
2020-11-19,22700.0,16094.818359375,116383.0
2020-11-20,22680.0,16080.640625,79743.0
2020-11-23,21700.0,15385.796875,280355.0
2020-11-24,22080.0,15655.2236328125,224033.0
2020-11-25,22200.0,15740.3095703125,290033.0
2020-11-26,22320.0,15825.392578125,69975.0
2020-11-27,22600.0,16023.9189453125,125942.0
2020-11-30,22700.0,16094.818359375,1010395.0
2020-12-01,23000.0,16307.52734375,172951.0
2020-12-02,22550.0,15988.466796875,602990.0
2020-12-03,22920.0,16250.8056640625,597544.0
2020-12-04,22920.0,16250.8056640625,597544.0
2020-12-07,25420.0,18023.36328125,369552.0
2020-12-08,25420.0,18023.36328125,0.0
2020-12-09,24940.0,17920.9609375,356426.0
2020-12-10,24010.0,17252.703125,169030.0
2020-12-11,24490.0,17597.61328125,191751.0
2020-12-14,25000.0,17964.080078125,341166.0
2020-12-15,25160.0,18079.0546875,765968.0
2020-12-16,24770.0,17798.810546875,601745.0
2020-12-17,25300.0,18179.6484375,175451.0
2020-12-18,24670.0,17726.953125,1352836.0
2020-12-21,23400.0,16814.376953125,351794.0
2020-12-22,24200.0,17389.228515625,96534.0
2020-12-23,24620.0,17691.02734375,64641.0
2020-12-24,25000.0,17964.080078125,7296.0
2020-12-25,25000.0,17964.080078125,0.0
2020-12-28,25400.0,18251.5078125,31741.0
2020-12-29,25680.0,18452.705078125,124629.0
2020-12-30,25700.0,18467.076171875,313752.0
2020-12-31,25700.0,18467.076171875,0.0
2021-01-01,25700.0,18467.076171875,0.0
2021-01-04,25300.0,18179.6484375,93883.0
2021-01-05,26000.0,18682.6484375,246130.0
2021-01-06,26550.0,19077.85546875,421848.0
2021-01-07,28000.0,20119.771484375,207833.0
2021-01-08,29000.0,20838.33203125,426641.0
2021-01-11,29000.0,20838.33203125,0.0
2021-01-12,29250.0,21017.97265625,397261.0
2021-01-13,29000.0,20838.33203125,548941.0
2021-01-14,29000.0,20838.33203125,266684.0
2021-01-15,28980.0,20823.9609375,126587.0
2021-01-18,28700.0,20622.765625,99998.0
2021-01-19,29200.0,20982.048828125,280182.0
2021-01-20,29100.0,20910.19140625,368220.0
2021-01-21,28280.0,20320.96875,264834.0
2021-01-22,26000.0,18682.6484375,515927.0
2021-01-25,24700.0,17748.51171875,677083.0
2021-01-26,25000.0,17964.080078125,344252.0
2021-01-27,24000.0,17245.517578125,1016207.0
2021-01-28,23990.0,17238.330078125,385381.0
2021-01-29,23060.0,16570.068359375,1681291.0
2021-02-01,23060.0,16570.068359375,0.0
2021-02-02,23490.0,16879.05078125,504283.0
2021-02-03,23130.0,16620.3671875,597929.0
2021-02-04,23440.0,16843.12109375,262343.0
2021-02-05,23640.0,16986.833984375,233871.0
2021-02-08,23590.0,16950.908203125,330889.0
2021-02-09,23710.0,17037.134765625,304792.0
2021-02-10,23400.0,16814.376953125,269536.0
2021-02-11,23400.0,16814.376953125,142970.0
2021-02-12,23680.0,17015.578125,133434.0
2021-02-15,23500.0,16886.236328125,25575.0
2021-02-16,23200.0,16670.666015625,200077.0
2021-02-17,23200.0,16670.666015625,221126.0
2021-02-18,23100.0,16598.810546875,217583.0
2021-02-19,23000.0,16526.955078125,782101.0
2021-02-22,22970.0,16505.3984375,200795.0
2021-02-23,22620.0,16253.8994140625,342851.0
2021-02-24,23600.0,16958.09375,519651.0
2021-02-25,22820.0,16397.611328125,284581.0
2021-02-26,23800.0,17101.8046875,499688.0
2021-03-01,23630.0,16979.650390625,152239.0
2021-03-02,23680.0,17015.578125,661546.0
2021-03-03,23600.0,16958.09375,364625.0
2021-03-04,23110.0,16605.994140625,461648.0
2021-03-05,23600.0,16958.09375,260141.0
2021-03-08,23520.0,16900.609375,129893.0
2021-03-09,23700.0,17029.947265625,157218.0
2021-03-10,23800.0,17101.8046875,300883.0
2021-03-11,23600.0,16958.09375,228683.0
2021-03-12,23780.0,17087.43359375,161950.0
2021-03-15,23510.0,16893.419921875,145374.0
2021-03-16,23360.0,16785.63671875,150717.0
2021-03-17,23380.0,16800.0078125,257813.0
2021-03-18,23680.0,17015.578125,719106.0
2021-03-19,23600.0,16958.09375,2016069.0
2021-03-22,23600.0,16958.09375,0.0
2021-03-23,23100.0,16598.810546875,171595.0
2021-03-24,23100.0,16598.810546875,90836.0
2021-03-25,22630.0,16261.0859375,334956.0
2021-03-26,22300.0,16023.9619140625,165463.0
2021-03-29,22200.0,15952.103515625,222466.0
2021-03-30,22960.0,16498.212890625,344978.0
2021-03-31,22500.0,16167.671875,199414.0
2021-04-01,22500.0,16167.671875,0.0
2021-04-02,22500.0,16167.671875,0.0
2021-04-05,22950.0,16491.025390625,38026.0
2021-04-06,23200.0,16670.666015625,49989.0
2021-04-07,23200.0,16670.666015625,111943.0
2021-04-08,23190.0,16663.48046875,458303.0
2021-04-09,22570.0,16217.97265625,58024.0
2021-04-12,22700.0,16311.3857421875,153140.0
2021-04-13,22890.0,16447.9140625,314514.0
2021-04-14,22890.0,16447.9140625,314514.0
2021-04-15,23000.0,16526.955078125,182029.0
2021-04-16,22640.0,16268.2734375,150257.0
2021-04-19,22620.0,16253.8994140625,108860.0
2021-04-20,22740.0,16340.126953125,249407.0
2021-04-21,22590.0,16232.3427734375,145833.0
2021-04-22,22500.0,16167.671875,166230.0
2021-04-23,22300.0,16023.9619140625,166247.0
2021-04-26,22050.0,15844.318359375,267840.0
2021-04-27,21660.0,15564.076171875,832123.0
2021-04-28,21340.0,15334.142578125,989507.0
2021-04-29,21400.0,15377.2529296875,1129954.0
2021-04-30,21380.0,15362.880859375,377990.0
2021-05-03,20500.0,14730.544921875,171475.0
2021-05-04,20400.0,14658.6884765625,434518.0
2021-05-05,20900.0,15017.970703125,353327.0
2021-05-06,21160.0,15204.7958984375,561720.0
2021-05-07,21240.0,15262.28515625,464213.0
2021-05-10,22340.0,16052.701171875,185075.0
2021-05-11,22000.0,15808.392578125,387993.0
2021-05-12,21710.0,15600.0107421875,577427.0
2021-05-13,20630.0,14823.9619140625,278662.0
2021-05-14,21500.0,15449.109375,279972.0
2021-05-17,21500.0,15449.109375,0.0
2021-05-18,20820.0,14960.4873046875,167465.0
2021-05-19,21100.0,15161.6845703125,224941.0
2021-05-20,21000.0,15089.8271484375,456504.0
2021-05-21,20990.0,15082.642578125,871591.0
2021-05-24,20660.0,14845.515625,205854.0
2021-05-25,20200.0,14514.9765625,356539.0
2021-05-26,19600.0,14083.8388671875,209731.0
2021-05-27,20500.0,14730.544921875,4155246.0
2021-05-28,20650.0,14838.330078125,479263.0
2021-05-31,20020.0,14385.6357421875,205833.0
2021-06-01,20510.0,14737.732421875,260083.0
2021-06-02,22670.0,16289.828125,460446.0
2021-06-03,22700.0,16311.3857421875,958371.0
2021-06-04,22700.0,16311.3857421875,178422.0
2021-06-07,22700.0,16311.3857421875,0.0
2021-06-08,23290.0,16735.333984375,196427.0
2021-06-09,23360.0,16785.63671875,229599.0
2021-06-10,23560.0,16929.3515625,364586.0
2021-06-11,23300.0,16742.5234375,180876.0
2021-06-14,23300.0,16742.5234375,0.0
2021-06-15,22960.0,16498.212890625,276919.0
2021-06-16,22610.0,16246.71484375,145876.0
2021-06-17,23000.0,16526.955078125,171056.0
2021-06-18,23020.0,16541.328125,710180.0
2021-06-21,22400.0,16095.8173828125,310903.0
2021-06-22,22460.0,16138.9296875,319491.0
2021-06-23,22200.0,15952.103515625,259177.0
2021-06-24,22540.0,16196.4150390625,511182.0
2021-06-25,22460.0,16138.9296875,122558.0
2021-06-28,22300.0,16023.9619140625,86384.0
2021-06-29,22200.0,15952.103515625,186281.0
2021-06-30,22150.0,15916.173828125,330166.0
2021-07-01,22620.0,16253.8994140625,307738.0
2021-07-02,23500.0,16886.236328125,167423.0
2021-07-05,23500.0,16886.236328125,0.0
2021-07-06,23000.0,16526.955078125,58077.0
2021-07-07,23200.0,16670.666015625,144290.0
2021-07-08,23370.0,16792.822265625,559851.0
2021-07-09,23350.0,16778.451171875,467343.0
2021-07-12,23810.0,17108.990234375,48831.0
2021-07-13,23800.0,17101.8046875,157188.0
2021-07-14,23530.0,16907.794921875,265324.0
2021-07-15,23000.0,16997.583984375,93000.0
2021-07-16,23190.0,17138.0,45744.0
2021-07-19,22300.0,16480.26953125,652815.0
2021-07-20,22300.0,16480.26953125,0.0
2021-07-21,22350.0,16517.216796875,383085.0
2021-07-22,22780.0,16834.998046875,44763.0
2021-07-23,22600.0,16701.9765625,25998.0
2021-07-26,22400.0,16554.171875,89539.0
2021-07-27,22010.0,16265.953125,130541.0
2021-07-28,22130.0,16354.630859375,124631.0
2021-07-29,22300.0,16480.26953125,90672.0
2021-07-30,21820.0,16125.5361328125,125682.0
2021-08-02,21980.0,16243.77734375,144689.0
2021-08-03,21900.0,16184.6572265625,126336.0
2021-08-04,22000.0,16258.55859375,166105.0
2021-08-05,22000.0,16258.55859375,82880.0
2021-08-06,21600.0,15962.951171875,87637.0
2021-08-09,21300.0,15741.2421875,100548.0
2021-08-10,21330.0,15763.412109375,167375.0
2021-08-11,21500.0,15889.0478515625,225470.0
2021-08-12,21800.0,16110.75390625,466199.0
2021-08-13,21900.0,16184.6572265625,297490.0
2021-08-16,21900.0,16184.6572265625,0.0
2021-08-17,23040.0,17027.14453125,379341.0
2021-08-18,23270.0,17197.123046875,793451.0
2021-08-19,23650.0,17477.953125,809559.0
2021-08-20,23450.0,17330.1484375,438647.0
2021-08-23,23090.0,17064.09765625,481402.0
2021-08-24,22590.0,16694.5859375,238522.0
2021-08-25,22990.0,16990.1953125,318502.0
2021-08-26,22900.0,16923.68359375,142717.0
2021-08-27,22900.0,16923.68359375,142717.0
2021-08-30,22700.0,16775.87890625,68761.0
2021-08-31,22700.0,16775.87890625,949567.0
2021-09-01,22530.0,16650.2421875,163736.0
2021-09-02,22800.0,16849.779296875,102603.0
2021-09-03,22600.0,16701.9765625,2065435.0
2021-09-06,22710.0,16783.267578125,100266.0
2021-09-07,22660.0,16746.314453125,210589.0
2021-09-08,22800.0,16849.779296875,217141.0
2021-09-09,22850.0,16886.732421875,146595.0
2021-09-10,22660.0,16746.314453125,143841.0
2021-09-13,22500.0,16628.072265625,112516.0
2021-09-14,22330.0,16502.4375,439951.0
2021-09-15,22710.0,16783.267578125,231826.0
2021-09-16,22700.0,16775.87890625,475065.0
2021-09-17,22990.0,16990.1953125,3267956.0
2021-09-20,22650.0,16738.923828125,59495.0
2021-09-21,22400.0,16554.171875,157642.0
2021-09-22,22380.0,16539.390625,83330.0
2021-09-23,22200.0,16406.365234375,87345.0
2021-09-24,22220.0,16421.14453125,134024.0
2021-09-27,22600.0,16701.9765625,113732.0
2021-09-28,22800.0,16849.779296875,418362.0
2021-09-29,22990.0,16990.1953125,100235.0
2021-09-30,22700.0,16775.87890625,253269.0
2021-10-01,22790.0,16842.388671875,209845.0
2021-10-04,23000.0,16997.583984375,473160.0
2021-10-05,22710.0,16783.267578125,350210.0
2021-10-06,22870.0,16901.51171875,221367.0
2021-10-07,22620.0,16716.751953125,439569.0
2021-10-08,22650.0,16738.923828125,181562.0
2021-10-11,22820.0,16864.55859375,183170.0
2021-10-12,22500.0,16628.072265625,93242.0
2021-10-13,22430.0,16576.341796875,168842.0
2021-10-14,22790.0,16842.388671875,133058.0
2021-10-15,22750.0,16812.826171875,215473.0
2021-10-18,22750.0,16812.826171875,0.0
2021-10-19,22500.0,16628.072265625,223637.0
2021-10-20,22690.0,16768.48828125,337893.0
2021-10-21,22520.0,16642.8515625,81915.0
2021-10-22,22500.0,16628.072265625,151320.0
2021-10-25,22700.0,16775.87890625,880418.0
2021-10-26,22800.0,16849.779296875,386388.0
2021-10-27,22750.0,16812.826171875,336583.0
2021-10-28,22730.0,16798.046875,274989.0
2021-10-29,22610.0,16709.36328125,227863.0
2021-11-01,22610.0,16709.36328125,0.0
2021-11-02,22730.0,16798.046875,552155.0
2021-11-03,22830.0,16871.951171875,603171.0
2021-11-04,22800.0,16849.779296875,195110.0
2021-11-05,22730.0,16798.046875,153697.0
2021-11-08,22600.0,16701.9765625,107391.0
2021-11-09,22600.0,16701.9765625,289517.0
2021-11-10,22480.0,16613.2890625,253991.0
2021-11-11,22550.0,16665.01953125,130713.0
2021-11-12,22210.0,16413.755859375,392139.0
2021-11-15,22210.0,16413.755859375,0.0
2021-11-16,22050.0,16295.509765625,237602.0
2021-11-17,22500.0,16628.072265625,206300.0
2021-11-18,22500.0,16628.072265625,436986.0
2021-11-19,21900.0,16184.6572265625,242065.0
2021-11-22,21540.0,15918.6044921875,95406.0
2021-11-23,21500.0,15889.0478515625,360548.0
2021-11-24,21300.0,15741.2421875,266428.0
2021-11-25,21300.0,15741.2421875,141165.0
2021-11-26,20100.0,14854.4130859375,292657.0
2021-11-29,21000.0,15519.5361328125,484279.0
2021-11-30,22300.0,16480.26953125,2925365.0
2021-12-01,22180.0,16391.58203125,690382.0
2021-12-02,22150.0,16369.4111328125,460966.0
2021-12-03,22000.0,16258.55859375,261620.0
2021-12-06,22300.0,16480.26953125,185726.0
2021-12-07,22140.0,16854.431640625,240218.0
2021-12-08,22140.0,16854.431640625,0.0
2021-12-09,21820.0,16610.82421875,226161.0
2021-12-10,21620.0,16458.572265625,208350.0
2021-12-13,20500.0,15605.953125,409135.0
2021-12-14,20610.0,15689.693359375,121018.0
2021-12-15,21260.0,16184.513671875,208443.0
2021-12-16,21750.0,16557.533203125,148660.0
2021-12-17,21700.0,16519.474609375,1306795.0
2021-12-20,21200.0,16138.83984375,159494.0
2021-12-21,21520.0,16382.4453125,64529.0
2021-12-22,22000.0,16747.853515625,87514.0
2021-12-23,22100.0,16823.978515625,672849.0
2021-12-24,22190.0,16892.490234375,25557.0
2021-12-27,22310.0,16983.845703125,240750.0
2021-12-28,22400.0,17052.361328125,76426.0
2021-12-29,22500.0,17128.486328125,60299.0
2021-12-30,22400.0,17052.361328125,59060.0
2021-12-31,22400.0,17052.361328125,0.0
2022-01-03,22490.0,17120.873046875,35991.0
2022-01-04,22600.0,17204.611328125,47146.0
2022-01-05,22750.0,17318.80078125,291116.0
2022-01-06,22620.0,17219.8359375,195018.0
2022-01-07,21700.0,16519.474609375,137339.0
2022-01-10,21700.0,16519.474609375,0.0
2022-01-11,22400.0,17052.361328125,252133.0
2022-01-12,22800.0,17356.865234375,238890.0
2022-01-13,23100.0,17585.244140625,644200.0
2022-01-14,22860.0,17402.54296875,866718.0
2022-01-17,22860.0,17402.54296875,0.0
2022-01-18,22860.0,17402.54296875,0.0
2022-01-19,22860.0,17402.54296875,0.0
2022-01-20,24900.0,18955.5234375,145424.0
2022-01-21,24160.0,18392.189453125,255820.0
2022-01-24,24200.0,18422.638671875,116636.0
2022-01-25,23800.0,18118.130859375,385021.0
2022-01-26,23810.0,18125.740234375,308665.0
2022-01-27,23640.0,17996.32421875,75783.0
2022-01-28,23600.0,17965.876953125,174568.0
2022-01-31,23600.0,17965.876953125,152745.0
2022-02-01,22920.0,17448.212890625,161727.0
2022-02-02,22410.0,17059.96875,178719.0
2022-02-03,22070.0,16801.142578125,180701.0
2022-02-04,22550.0,17166.546875,345748.0
2022-02-07,22750.0,17318.80078125,148097.0
2022-02-08,22660.0,17250.28515625,267419.0
2022-02-09,22150.0,16862.041015625,818838.0
2022-02-10,21400.0,16291.09375,415325.0
2022-02-11,22700.0,17280.73828125,512196.0
2022-02-14,22100.0,16823.978515625,511606.0
2022-02-15,22800.0,17356.865234375,189553.0
2022-02-16,23040.0,17539.56640625,187602.0
2022-02-17,23280.0,17722.271484375,423048.0
2022-02-18,23200.0,17661.373046875,663417.0
2022-02-21,23450.0,17851.689453125,229398.0
2022-02-22,23330.0,17760.333984375,326466.0
2022-02-23,23600.0,17965.876953125,622595.0
2022-02-24,24000.0,18270.384765625,580290.0
2022-02-25,24400.0,18574.890625,542094.0
2022-02-28,24300.0,18498.763671875,4051613.0
2022-03-01,23980.0,18255.16015625,74999.0
2022-03-02,23800.0,18118.130859375,248388.0
2022-03-03,23770.0,18095.29296875,320309.0
2022-03-04,23270.0,17714.6640625,92011.0
2022-03-07,22640.0,17235.0625,150257.0
2022-03-08,23110.0,17592.85546875,232244.0
2022-03-09,23970.0,18247.54296875,326349.0
2022-03-10,23450.0,17851.689453125,4041404790.0
2022-03-11,23450.0,17851.689453125,174222.0
2022-03-14,23000.0,17509.1171875,161586.0
2022-03-15,23300.0,17737.49609375,157520.0
2022-03-16,23480.0,17874.52734375,236080.0
2022-03-17,23600.0,17965.876953125,179090.0
2022-03-18,23650.0,18003.939453125,1726233.0
2022-03-21,23650.0,18003.939453125,0.0
2022-03-22,24000.0,18270.384765625,209615.0
2022-03-23,23900.0,18194.2578125,289210.0
2022-03-24,23900.0,18194.2578125,427957.0
2022-03-25,24500.0,18651.017578125,392069.0
2022-03-28,24340.0,18529.21484375,223204.0
2022-03-29,24640.0,18757.595703125,215707.0
2022-03-30,24640.0,18757.595703125,215707.0
2022-03-31,24300.0,18498.763671875,220034.0
2022-04-01,24900.0,18955.5234375,356055.0
2022-04-04,24900.0,18955.5234375,0.0
2022-04-05,24680.0,18788.046875,250702.0
2022-04-06,24600.0,18727.142578125,345556.0
2022-04-07,24000.0,18270.384765625,342220.0
2022-04-08,24290.0,18491.15234375,1139135.0
2022-04-11,24900.0,18955.5234375,97603.0
2022-04-12,24900.0,18955.5234375,132879.0
2022-04-13,24900.0,18955.5234375,72886.0
2022-04-14,24900.0,18955.5234375,0.0
2022-04-15,24900.0,18955.5234375,0.0
2022-04-18,24400.0,18574.890625,452721.0
2022-04-19,24650.0,18765.20703125,391611.0
2022-04-20,24750.0,18841.333984375,295783.0
2022-04-21,24490.0,18643.40625,262444.0
2022-04-22,23870.0,18171.419921875,656563.0
2022-04-25,22320.0,16991.45703125,350000.0
2022-04-26,22450.0,17090.421875,481338.0
2022-04-27,22450.0,17090.421875,152884.0
2022-04-28,22000.0,16747.853515625,200942.0
2022-04-29,22000.0,16747.853515625,200942.0
2022-05-02,22400.0,17052.361328125,89157.0
2022-05-03,22140.0,16854.431640625,182436.0
2022-05-04,22990.0,17501.50390625,244484.0
2022-05-05,22130.0,16846.81640625,134162.0
2022-05-06,22100.0,16823.978515625,345940.0
2022-05-09,21000.0,15986.5869140625,211001.0
2022-05-10,21050.0,16024.6484375,301522.0
2022-05-11,20560.0,15651.6298828125,201739.0
2022-05-12,20700.0,15758.205078125,176808.0
2022-05-13,20120.0,15316.671875,586037.0
2022-05-16,20120.0,15316.671875,402874.0
2022-05-17,20140.0,15331.8974609375,440881.0
2022-05-18,19530.0,14867.5263671875,193081.0
2022-05-19,18270.0,13908.330078125,271776.0
2022-05-20,19450.0,14806.623046875,564225.0
2022-05-23,20700.0,15758.205078125,869442.0
2022-05-24,21300.0,16214.9638671875,825554.0
2022-05-25,21700.0,16519.474609375,804690.0
2022-05-26,22880.0,17417.765625,266769.0
2022-05-27,23000.0,17509.1171875,583072.0
2022-05-30,23000.0,17509.1171875,0.0
2022-05-31,23780.0,18102.90625,3435387.0
2022-06-01,23800.0,18118.130859375,382202.0
2022-06-02,23200.0,17661.373046875,189360.0
2022-06-03,22600.0,17204.611328125,92563.0
2022-06-06,21750.0,16557.533203125,112136.0
2022-06-07,22430.0,17075.1953125,346648.0
2022-06-08,22990.0,17501.50390625,253497.0
2022-06-09,21620.0,16458.572265625,206522.0
2022-06-10,22190.0,16892.490234375,454897.0
2022-06-13,21500.0,16367.216796875,513002.0
2022-06-14,22690.0,17273.125,307387.0
2022-06-15,21570.0,16420.505859375,295701.0
2022-06-16,22600.0,17204.611328125,455020.0
2022-06-17,21710.0,16527.0859375,2013926.0
2022-06-20,21710.0,16527.0859375,0.0
2022-06-21,21200.0,16138.83984375,339408.0
2022-06-22,20900.0,15910.4599609375,429162.0
2022-06-23,20300.0,15453.6982421875,536878.0
2022-06-24,20420.0,15545.0517578125,140284.0
2022-06-27,20420.0,15545.0517578125,0.0
2022-06-28,20420.0,15545.0517578125,0.0
2022-06-29,20420.0,15545.0517578125,0.0
2022-06-30,20500.0,15605.953125,573428.0
2022-07-01,20770.0,15811.4931640625,273642.0
2022-07-04,20770.0,15811.4931640625,0.0
2022-07-05,21000.0,15986.5869140625,109135.0
2022-07-06,21000.0,15986.5869140625,109135.0
2022-07-07,21800.0,16595.599609375,562773.0
2022-07-08,22180.0,16884.87890625,156579.0
2022-07-11,21300.0,16214.9638671875,401916.0
2022-07-12,21500.0,16367.216796875,131431.0
2022-07-13,21500.0,16367.216796875,134883.0
2022-07-14,21200.0,16138.83984375,526640.0
2022-07-15,21490.0,16653.796875,119403.0
2022-07-18,21490.0,16653.796875,62233.0
2022-07-19,22190.0,17196.265625,142217.0
2022-07-20,22190.0,17196.265625,0.0
2022-07-21,21310.0,16514.306640625,188088.0
2022-07-22,20000.0,15499.111328125,220889.0
2022-07-25,20500.0,15886.5927734375,146341.0
2022-07-26,20480.0,15871.0908203125,27566.0
2022-07-27,20480.0,15871.0908203125,121242.0
2022-07-28,20510.0,15894.341796875,150919.0
2022-07-29,20600.0,15964.0869140625,214123.0
2022-08-01,20500.0,15886.5927734375,283533.0
2022-08-02,20700.0,16041.5830078125,160971.0
2022-08-03,20900.0,16196.5712890625,374833.0
2022-08-04,20900.0,16196.5712890625,140389.0
2022-08-05,20900.0,16196.5712890625,84091.0
2022-08-08,21200.0,16429.05859375,230695.0
2022-08-09,21360.0,16553.0546875,135111.0
2022-08-10,20400.0,15809.0966796875,95256.0
2022-08-11,21100.0,16351.564453125,82101.0
2022-08-12,21100.0,16351.564453125,178059.0
2022-08-15,21100.0,16351.564453125,0.0
2022-08-16,21100.0,16351.564453125,0.0
2022-08-17,21350.0,16545.30078125,295634.0
2022-08-18,21040.0,16305.0673828125,217418.0
2022-08-19,20650.0,16002.8359375,59697.0
2022-08-22,19960.0,15468.11328125,348085.0
2022-08-23,20600.0,15964.0869140625,189271.0
2022-08-24,19700.0,15266.6259765625,135331.0
2022-08-25,20090.0,15568.859375,490515.0
2022-08-26,20020.0,15514.6103515625,91642.0
2022-08-29,20000.0,15499.111328125,160333.0
2022-08-30,19780.0,15328.6220703125,65913.0
2022-08-31,19170.0,14855.900390625,1814950.0
2022-09-01,18540.0,14367.677734375,334129.0
2022-09-02,18490.0,14328.9306640625,220738.0
2022-09-05,18170.0,14080.9423828125,29256.0
2022-09-06,17900.0,13871.7060546875,90927.0
2022-09-07,17600.0,13639.2177734375,77042.0
2022-09-08,16830.0,13042.5029296875,162935.0
2022-09-09,16900.0,13096.7509765625,82465.0
2022-09-12,17590.0,13631.4697265625,120408.0
2022-09-13,17870.0,13848.4560546875,100315.0
2022-09-14,17980.0,13933.703125,221713.0
2022-09-15,18040.0,13980.2001953125,119871.0
2022-09-16,17590.0,13631.4697265625,959070.0
2022-09-19,17740.0,13747.7138671875,108210.0
2022-09-20,17000.0,13174.2451171875,176422.0
2022-09-21,16480.0,12771.2685546875,192576.0
2022-09-22,16310.0,12639.52734375,368748.0
2022-09-23,15510.0,12019.5625,83414.0
2022-09-26,14800.0,11469.3447265625,182495.0
2022-09-27,15490.0,12004.0634765625,210232.0
2022-09-28,15790.0,12236.548828125,208563.0
2022-09-29,16400.0,12709.2724609375,746930.0
2022-09-30,16500.0,12786.767578125,247624.0
2022-10-03,16190.0,12546.53125,93529.0
2022-10-04,16740.0,12972.7578125,144636.0
2022-10-05,17700.0,13716.71484375,110724.0
2022-10-06,17490.0,13553.974609375,123775.0
2022-10-07,17660.0,13685.716796875,124015.0
2022-10-10,19000.0,14724.158203125,76659.0
2022-10-11,18590.0,14406.42578125,354837.0
2022-10-12,18170.0,14080.9423828125,156216.0
2022-10-13,18500.0,14336.6806640625,278741.0
2022-10-14,18590.0,14406.42578125,171864.0
2022-10-17,18590.0,14406.42578125,0.0
2022-10-18,19000.0,14724.158203125,313803.0
2022-10-19,19100.0,14801.6552734375,204710.0
2022-10-20,19100.0,14801.6552734375,204710.0
2022-10-21,18890.0,14638.9130859375,369219.0
2022-10-24,18080.0,14011.197265625,190516.0
2022-10-25,18500.0,14336.6806640625,295832.0
2022-10-26,18700.0,14491.6708984375,324061.0
2022-10-27,19500.0,15111.6337890625,214156.0
2022-10-28,19200.0,14879.150390625,241497.0
2022-10-31,19270.0,14933.39453125,199430.0
2022-11-01,18990.0,14716.4111328125,215326.0
2022-11-02,17900.0,13871.7060546875,329445.0
2022-11-03,16560.0,12833.265625,241972.0
2022-11-04,17500.0,13561.7236328125,190469.0
2022-11-07,17500.0,13561.7236328125,0.0
2022-11-08,17700.0,13716.71484375,231971.0
2022-11-09,18780.0,14553.6689453125,325139.0
2022-11-10,18590.0,14406.42578125,303031.0
2022-11-11,18500.0,14336.6806640625,129953.0
2022-11-14,18500.0,14336.6806640625,0.0
2022-11-15,18750.0,14530.4189453125,275510.0
2022-11-16,19260.0,14925.6435546875,172241.0
2022-11-17,19270.0,14933.39453125,95583.0
2022-11-18,18670.0,14468.4228515625,196407.0
2022-11-21,17520.0,13577.22265625,221928.0
2022-11-22,17520.0,13577.22265625,221928.0
2022-11-23,18280.0,14166.1904296875,3992980710.0
2022-11-24,18280.0,14166.1904296875,0.0
2022-11-25,18450.0,14297.9306640625,169128.0
2022-11-28,18250.0,14142.939453125,10319.0
2022-11-29,19130.0,14824.900390625,107777.0
2022-11-30,19500.0,15111.6337890625,2368992.0
2022-12-01,19000.0,14724.158203125,675463.0
2022-12-02,19000.0,14724.158203125,160909.0
2022-12-05,17780.0,13778.7099609375,98390.0
2022-12-06,18600.0,14414.17578125,41231.0
2022-12-07,19200.0,14879.150390625,294381.0
2022-12-08,19200.0,14879.150390625,0.0
2022-12-09,18900.0,14646.6611328125,346559.0
2022-12-12,18590.0,14697.658203125,130061.0
2022-12-13,17920.0,14167.939453125,259620.0
2022-12-14,19590.0,15488.2802734375,289377.0
2022-12-15,18710.0,14792.533203125,207215.0
2022-12-16,18810.0,14871.5947265625,814245.0
2022-12-19,18270.0,14444.6572265625,870128.0
2022-12-20,20090.0,15883.58984375,228311.0
2022-12-21,20390.0,16120.7734375,166112.0
2022-12-22,20700.0,16365.8671875,908481.0
2022-12-23,20990.0,16595.1484375,53925.0
2022-12-26,20400.0,16128.6826171875,251422.0
2022-12-27,20900.0,16523.990234375,63442.0
2022-12-28,20600.0,16286.8076171875,120598.0
2022-12-29,21000.0,16603.0546875,227197.0
2022-12-30,21000.0,16603.0546875,0.0
2023-01-02,20410.0,16136.5869140625,11412.0
2023-01-03,20300.0,16049.62109375,152085.0
2023-01-04,21320.0,16856.0546875,112159.0
2023-01-05,23000.0,18184.296875,244408.0
2023-01-06,22000.0,17393.67578125,50274.0
2023-01-09,22000.0,17393.67578125,0.0
2023-01-10,22000.0,17393.67578125,490146.0
2023-01-11,21810.0,17243.45703125,126104.0
2023-01-12,21740.0,17188.115234375,165204.0
2023-01-13,21400.0,16919.302734375,199822.0
2023-01-16,21150.0,16721.646484375,12422.0
2023-01-17,21680.0,17140.67578125,473694.0
2023-01-18,21670.0,17132.76953125,217793.0
2023-01-19,21790.0,17227.64453125,255714.0
2023-01-20,21600.0,17077.427734375,130762.0
2023-01-23,21500.0,16998.365234375,162553.0
2023-01-24,20910.0,16531.900390625,134169.0
2023-01-25,20980.0,16587.240234375,239530.0
2023-01-26,20630.0,16310.5244140625,251110.0
2023-01-27,19560.0,15464.5576171875,593402.0
2023-01-30,19900.0,15733.3720703125,516668.0
2023-01-31,19040.0,15053.435546875,692967.0
2023-02-01,18900.0,14942.7490234375,487316.0
2023-02-02,19000.0,15021.8115234375,311543.0
2023-02-03,19000.0,15021.8115234375,512250.0
2023-02-06,19000.0,15021.8115234375,84198.0
2023-02-07,19000.0,15021.8115234375,97442.0
2023-02-08,19000.0,15021.8115234375,208517.0
2023-02-09,18970.0,14998.0927734375,131657.0
2023-02-10,18700.0,14784.625,292967.0
2023-02-13,18110.0,14318.1591796875,147804.0
2023-02-14,18100.0,14310.251953125,279726.0
2023-02-15,19190.0,15172.03125,276083.0
2023-02-16,18800.0,14863.6875,502016.0
2023-02-17,17980.0,14215.3779296875,88061.0
2023-02-20,18010.0,14239.095703125,40325.0
2023-02-21,17910.0,14160.0341796875,205592.0
2023-02-22,18170.0,14365.59375,78174.0
2023-02-23,17890.0,14144.22265625,287719.0
2023-02-24,18170.0,14365.59375,186004.0
2023-02-27,18170.0,14365.59375,49264.0
2023-02-28,17210.0,13606.5986328125,834359.0
2023-03-01,17430.0,13780.53515625,90755.0
2023-03-02,16810.0,13290.349609375,63989.0
2023-03-03,17600.0,13914.9404296875,115632.0
2023-03-06,18250.0,14428.84375,106521.0
2023-03-07,18280.0,14452.564453125,244753.0
2023-03-08,18400.0,14547.4384765625,132869.0
2023-03-09,17530.0,13859.5986328125,51498.0
2023-03-10,17500.0,13835.8779296875,234544.0
2023-03-13,17500.0,13835.8779296875,221711.0
2023-03-14,17490.0,13827.97265625,115324.0
2023-03-15,15900.0,12570.8837890625,332036.0
2023-03-16,15820.0,12507.634765625,573747.0
2023-03-17,15070.0,11914.6669921875,2176660.0
2023-03-20,15070.0,11914.6669921875,0.0
2023-03-21,15590.0,12325.7919921875,39248.0
2023-03-22,15270.0,12072.79296875,364963.0
2023-03-23,14770.0,11677.4814453125,79612.0
2023-03-24,15400.0,12175.57421875,749724.0
2023-03-27,15330.0,12120.2294921875,176114.0
2023-03-28,14700.0,11622.138671875,335922.0
2023-03-29,14800.0,11701.2021484375,279957.0
2023-03-30,15500.0,12254.6357421875,257571.0
2023-03-31,15150.0,11977.919921875,184777.0
2023-04-03,15580.0,12317.884765625,101356.0
2023-04-04,15690.0,12404.853515625,182872.0
2023-04-05,16270.0,12863.4140625,203978.0
2023-04-06,16270.0,12863.4140625,0.0
2023-04-07,16270.0,12863.4140625,0.0
2023-04-10,16310.0,12895.0400390625,168040.0
2023-04-11,16700.0,13203.3818359375,476769.0
2023-04-12,16840.0,13314.0693359375,443275.0
2023-04-13,16840.0,13314.0693359375,212905.0
2023-04-14,16820.0,13298.2568359375,0.0
2023-04-17,17400.0,13756.8154296875,168628.0
2023-04-18,16850.0,13321.974609375,101103.0
2023-04-19,16950.0,13401.0380859375,177613.0
2023-04-20,17480.0,13820.06640625,50687.0
2023-04-21,17340.0,13709.380859375,132272.0
2023-04-24,17960.0,14199.564453125,154885.0
2023-04-25,17700.0,13994.001953125,158950.0
2023-04-26,17730.0,14017.7236328125,305162.0
2023-04-27,17580.0,13899.1298828125,279775.0
2023-04-28,18200.0,14389.3134765625,240075.0
2023-05-01,18200.0,14389.3134765625,0.0
2023-05-02,18100.0,14310.251953125,323981.0
2023-05-03,17880.0,14136.3154296875,256830.0
2023-05-04,18200.0,14389.3134765625,215288.0
2023-05-05,17900.0,14152.1279296875,186284.0
2023-05-08,17520.0,13851.69140625,603058.0
2023-05-09,17800.0,14073.064453125,171632.0
2023-05-10,17600.0,13914.9404296875,201962.0
2023-05-11,17300.0,13677.7548828125,220495.0
2023-05-12,18270.0,14444.6572265625,178021.0
2023-05-15,17530.0,13859.5986328125,288445.0
2023-05-16,17420.0,13772.6298828125,100330.0
2023-05-17,17680.0,13978.1904296875,129600.0
2023-05-18,17220.0,14319.974609375,204110.0
2023-05-19,16460.0,13687.9658203125,45149.0
2023-05-22,16460.0,13687.9658203125,0.0
2023-05-23,16140.0,13421.8583984375,227737.0
2023-05-24,16000.0,13305.435546875,56687.0
2023-05-25,15700.0,13055.958984375,181248.0
2023-05-26,16200.0,13471.7529296875,120791.0
2023-05-29,16670.0,13862.599609375,69246.0
2023-05-30,17000.0,14137.025390625,208541.0
2023-05-31,17600.0,14635.9775390625,2527866.0
2023-06-01,17600.0,14635.9775390625,136384.0
2023-06-02,18000.0,14968.61328125,241778.0
2023-06-05,17780.0,14785.6640625,38513.0
2023-06-06,18700.0,15550.7265625,270244.0
2023-06-07,18000.0,14968.61328125,131662.0
2023-06-08,17600.0,14635.9775390625,73353.0
2023-06-13,18400.0,15301.2509765625,146051.0
2023-06-14,17970.0,14943.666015625,472820.0
2023-06-15,17990.0,14960.2978515625,459949.0
2023-06-16,17750.0,14760.7158203125,1071480.0
2023-06-19,17750.0,14760.7158203125,0.0
2023-06-20,17900.0,14885.4560546875,407777.0
2023-06-21,17550.0,14594.3984375,201950.0
2023-06-22,17150.0,14261.763671875,100339.0
2023-06-23,16980.0,14120.3916015625,173066.0
2023-06-26,16890.0,14045.5498046875,146187.0
2023-06-27,16850.0,14012.2861328125,220394.0
2023-06-28,16550.0,13762.80859375,89459.0
2023-06-29,16850.0,14012.2861328125,113308.0
2023-06-30,16890.0,14045.5498046875,122418.0
2023-07-03,16890.0,14045.5498046875,0.0
2023-07-04,16790.0,13962.390625,53473.0
2023-07-05,16370.0,13613.123046875,834694.0
2023-07-06,16420.0,13654.7021484375,379541.0
2023-07-07,16980.0,14120.3916015625,279703.0
2023-07-10,16750.0,13929.1259765625,129993.0
2023-07-11,16800.0,13970.70703125,211684.0
2023-07-12,16970.0,14112.0751953125,470887.0
2023-07-13,17100.0,14220.1845703125,296298.0
2023-07-14,17100.0,14220.1845703125,512540.0
2023-07-17,17060.0,14186.9208984375,115754.0
2023-07-18,17270.0,14361.5537109375,82071.0
2023-07-19,17300.0,14386.501953125,247152.0
2023-07-20,17300.0,14386.501953125,0.0
2023-07-21,17310.0,14394.8173828125,192379.0
2023-07-24,17200.0,14303.3427734375,79294.0
2023-07-25,17250.0,14344.9228515625,111484.0
2023-07-26,16990.0,14128.7080078125,228514.0
2023-07-27,17230.0,14328.2919921875,199869.0
2023-07-28,17070.0,14195.2353515625,29441.0
2023-07-31,17070.0,14195.2353515625,0.0
2023-08-01,17100.0,14220.1845703125,76797.0
2023-08-02,16916.8203125,14067.8525390625,196205.0
2023-08-03,16830.0,13995.654296875,64767.0
2023-08-04,16830.0,13995.654296875,0.0
2023-08-07,16830.0,13995.654296875,0.0
2023-08-08,17000.0,14137.025390625,161024.0
2023-08-09,17000.0,14137.025390625,372041.0
2023-08-10,17000.0,14137.025390625,118139.0
2023-08-11,16820.0,13987.3388671875,687764106.0
2023-08-14,16900.0,14053.8662109375,88118.0
2023-08-15,16900.0,14053.8662109375,54953.0
2023-08-16,16890.0,14045.5498046875,233167.0
2023-08-17,16500.0,13721.23046875,673660.0
2023-08-18,16330.0,13579.859375,147170.0
2023-08-21,16330.0,13579.859375,0.0
2023-08-22,15640.0,13006.0625,296569.0
2023-08-23,15060.0,12523.7412109375,266518.0
2023-08-24,15300.0,12723.322265625,142391.0
2023-08-25,15520.0,12906.2724609375,110793.0
2023-08-28,15970.0,13280.4873046875,76990.0
2023-08-29,16280.0,13538.279296875,283968.0
2023-08-30,16640.0,13837.65234375,88387.0
2023-08-31,14980.0,12457.2138671875,899504.0
2023-09-01,15550.0,12931.21875,660817.0
2023-09-04,15400.0,12806.482421875,32857.0
2023-09-05,14010.0,11650.5712890625,409157.0
2023-09-06,13800.0,11475.9375,195294.0
2023-09-07,14400.0,11974.8916015625,179901.0
2023-09-08,14300.0,11891.7314453125,118123.0
2023-09-11,14300.0,11891.7314453125,677189.0
2023-09-12,14700.0,12224.3681640625,1128022.0
2023-09-13,14710.0,12232.68359375,636761.0
2023-09-14,14710.0,12232.68359375,62299.0
2023-09-15,15300.0,12723.322265625,2319191.0
2023-09-18,15120.0,12573.6357421875,59854.0
2023-09-19,15200.0,12640.1640625,391767.0
2023-09-20,15230.0,12665.111328125,148699.0
2023-09-21,15220.0,12656.794921875,301972.0
2023-09-22,15200.0,12640.1640625,125067.0
2023-09-25,14840.0,12340.791015625,516277.0
2023-09-26,14500.0,12058.05078125,303486.0
2023-09-27,15300.0,12723.322265625,557509.0
2023-09-28,15000.0,12473.845703125,146385.0
2023-09-29,14920.0,12407.318359375,178828.0
2023-10-02,14600.0,12141.208984375,304565.0
2023-10-03,14150.0,11766.994140625,275865.0
2023-10-04,14200.0,11808.57421875,75374.0
2023-10-05,14010.0,11650.5712890625,181297.0
2023-10-06,14100.0,11725.4140625,70602.0
2023-10-09,14100.0,11725.4140625,48391.0
2023-10-10,13820.0,11492.5703125,167572.0
2023-10-11,14390.0,11966.5751953125,336706.0
2023-10-12,14020.0,11658.888671875,113166.0
2023-10-13,14260.0,11858.46875,118157.0
2023-10-16,14260.0,11858.46875,0.0
2023-10-17,14500.0,12058.05078125,109030.0
2023-10-18,14600.0,12141.208984375,200362.0
2023-10-19,14520.0,12074.681640625,150404.0
2023-10-20,15000.0,12473.845703125,267701.0
2023-10-23,14700.0,12224.3681640625,75084.0
2023-10-24,14700.0,12224.3681640625,45517.0
2023-10-25,14780.0,12290.896484375,81564.0
2023-10-26,13820.0,11492.5703125,280505.0
2023-10-27,14400.0,11974.8916015625,325817.0
2023-10-30,14410.0,11983.2080078125,114894.0
2023-10-31,14500.0,12058.05078125,147541.0
2023-11-01,14400.0,11974.8916015625,130996.0
2023-11-02,14650.0,12182.7890625,54147.0
2023-11-03,14650.0,12182.7890625,185328.0
2023-11-06,14650.0,12182.7890625,0.0
2023-11-07,15000.0,12473.845703125,187673.0
2023-11-08,15100.0,12557.0048828125,65701.0
2023-11-09,15380.0,12789.849609375,124274.0
2023-11-10,14940.0,12423.9501953125,197106.0
2023-11-13,14940.0,12423.9501953125,0.0
2023-11-14,15240.0,12673.4267578125,191875.0
2023-11-15,15100.0,12557.0048828125,410070.0
2023-11-16,15160.0,12606.8994140625,309314.0
2023-11-17,15860.0,13189.0126953125,229176.0
2023-11-20,15860.0,13189.0126953125,213241.0
2023-11-21,15600.0,12972.798828125,117724.0
2023-11-22,15500.0,12889.640625,244624.0
2023-11-23,15240.0,12673.4267578125,252668.0
2023-11-24,15240.0,12673.4267578125,333701.0
2023-11-27,15120.0,12573.6357421875,342329.0
2023-11-28,15200.0,12640.1640625,171786.0
2023-11-29,15160.0,12606.8994140625,568118.0
2023-11-30,15160.0,12606.8994140625,2180442.0
2023-12-01,15220.0,12656.794921875,236859.0
2023-12-04,15200.0,12640.1640625,326892.0
2023-12-05,15300.0,12723.322265625,315082.0
2023-12-06,15300.0,12723.322265625,145288.0
2023-12-07,15800.0,13139.1171875,279730.0
2023-12-08,15800.0,13139.1171875,0.0
2023-12-11,15500.0,12889.640625,184309.0
2023-12-12,15500.0,12889.640625,152471.0
2023-12-13,15600.0,12972.798828125,424543.0
2023-12-14,15060.0,13264.3330078125,581016.0
2023-12-15,15160.0,13352.4091796875,1411651.0
2023-12-18,15160.0,13352.4091796875,126705.0
2023-12-19,15160.0,13352.4091796875,247873.0
2023-12-20,14840.0,13070.564453125,310935.0
2023-12-21,14880.0,13105.794921875,343860.0
2023-12-22,15040.0,13246.716796875,144570.0
2023-12-25,15040.0,13246.716796875,0.0
2023-12-26,15240.0,13422.87109375,45431.0
2023-12-27,15520.0,13669.4853515625,462650.0
2023-12-28,15480.0,13634.255859375,330634.0
2023-12-29,15480.0,13634.255859375,0.0
2024-01-01,15480.0,13634.255859375,0.0
2024-01-02,16320.0,14374.09765625,333946.0
2024-01-03,16160.0,14233.17578125,349464.0
2024-01-04,16600.0,14620.712890625,590039.0
2024-01-05,17000.0,14973.01953125,414704.0
2024-01-08,17000.0,14973.01953125,0.0
2024-01-09,17660.0,15554.32421875,247113.0
2024-01-10,17400.0,15325.3232421875,209076.0
2024-01-11,17400.0,15325.3232421875,312386.0
2024-01-12,17700.0,15589.5546875,305426.0
2024-01-15,17480.0,15395.78515625,117841.0
2024-01-16,18040.0,15889.0146484375,415951.0
2024-01-17,17400.0,15325.3232421875,554381.0
2024-01-18,17020.0,14990.6337890625,807275.0
2024-01-19,17220.0,15166.787109375,325771.0
2024-01-22,17220.0,15166.787109375,0.0
2024-01-23,16880.0,14867.3251953125,328638.0
2024-01-24,16880.0,14867.3251953125,0.0
2024-01-25,16880.0,14867.3251953125,0.0
2024-01-26,16880.0,14867.3251953125,0.0
2024-01-29,17100.0,15061.095703125,263521.0
2024-01-30,16800.0,14796.865234375,510066.0
2024-01-31,16860.0,14849.7109375,315020.0
2024-02-01,16960.0,14937.7900390625,241892.0
2024-02-02,16960.0,14937.7900390625,86731.0
2024-02-05,16880.0,14867.3251953125,120010.0
2024-02-06,16820.0,14814.4814453125,133552.0
2024-02-07,16760.0,14761.634765625,228412.0
2024-02-08,16300.0,14356.482421875,269162.0
2024-02-09,16140.0,14215.5595703125,235899.0
2024-02-12,16140.0,14215.5595703125,0.0
2024-02-13,16000.0,14092.251953125,312107.0
2024-02-14,16600.0,14620.712890625,301394.0
2024-02-15,16600.0,14620.712890625,77007.0
2024-02-16,16800.0,14796.865234375,115617.0
2024-02-19,16600.0,14620.712890625,228343.0
2024-02-20,16800.0,14796.865234375,177819.0
2024-02-21,17140.0,15096.3251953125,797793.0
2024-02-22,17100.0,15061.095703125,282119.0
2024-02-23,17100.0,15061.095703125,499888.0
2024-02-26,17200.0,15149.171875,185033.0
2024-02-27,17340.0,15272.4794921875,134540.0
2024-02-28,17160.0,15113.9423828125,192055.0
2024-02-29,16720.0,14726.404296875,1369569.0
2024-03-01,16860.0,14849.7109375,210754.0
2024-03-04,16900.0,14884.9423828125,153555.0
2024-03-05,17200.0,15149.171875,266136.0
2024-03-06,17740.0,15624.78515625,612659.0
2024-03-07,17980.0,15836.1689453125,461027.0
2024-03-08,18200.0,16029.9365234375,840251.0
2024-03-11,18400.0,16206.0888671875,293109.0
2024-03-12,17640.0,15536.708984375,1339219.0
2024-03-13,18500.0,16294.16796875,388119.0
2024-03-14,19200.0,16910.705078125,641999.0
2024-03-15,19960.0,17580.0859375,2310908.0
2024-03-18,19700.0,17351.0859375,510175.0
2024-03-19,19300.0,16998.78125,120885.0
2024-03-20,19100.0,16822.62890625,230860.0
2024-03-21,19340.0,17034.009765625,511136.0
2024-03-22,19420.0,17104.47265625,157004.0
2024-03-25,19420.0,17104.47265625,0.0
2024-03-26,19400.0,17086.853515625,162065.0
2024-03-27,19780.0,17421.548828125,120625.0
2024-03-28,19780.0,17421.548828125,0.0
2024-03-29,19780.0,17421.548828125,0.0
2024-04-01,19600.0,17263.0078125,219905.0
2024-04-02,19860.0,17492.0078125,438854.0
2024-04-03,19600.0,17263.0078125,160918.0
2024-04-04,19640.0,17298.240234375,483991.0
2024-04-05,19200.0,16910.705078125,363594.0
2024-04-08,19580.0,17245.39453125,566399.0
2024-04-09,19680.0,17333.46875,802037.0
2024-04-10,19800.0,17439.16015625,1261186.0
2024-04-11,19700.0,17351.0859375,1671828.0
2024-04-12,19000.0,16734.548828125,242744.0
2024-04-15,18600.0,16382.244140625,460631.0
2024-04-16,18500.0,16294.16796875,397824.0
2024-04-17,18400.0,16206.0888671875,562475.0
2024-04-18,17980.0,15836.1689453125,402311.0
2024-04-19,18000.0,15853.78125,548947.0
2024-04-22,18100.0,15941.8603515625,345702.0
2024-04-23,17900.0,15765.7080078125,269107.0
2024-04-24,18200.0,16029.9365234375,1238924.0
2024-04-25,17900.0,15765.7080078125,401738.0
2024-04-26,18060.0,15906.62890625,474192.0
2024-04-29,18780.0,16540.78125,443960.0
2024-04-30,18100.0,15941.8603515625,615670.0
2024-05-02,18800.0,16558.396484375,757800.0
2024-05-03,16900.0,14884.9423828125,153555.0
2024-05-06,19000.0,16734.548828125,244289.0
2024-05-07,18760.0,16523.166015625,473189.0
2024-05-08,18760.0,16523.166015625,641427.0
2024-05-09,18740.0,16505.55078125,456948.0
2024-05-10,18680.0,16452.705078125,389945.0
2024-05-14,18800.0,16558.396484375,453803.0
2024-05-15,18760.0,16523.166015625,265723.0
2024-05-16,18760.0,16523.166015625,418874.0
2024-05-17,18760.0,16523.166015625,729299.0
2024-05-20,18760.0,16523.166015625,891597.0
2024-05-21,18600.0,16382.244140625,260985.0
2024-05-22,18440.0,16241.3212890625,300968.0
2024-05-23,18440.0,16573.876953125,0.0
2024-05-24,18580.0,16699.7109375,194875.0
2024-05-27,19080.0,17149.111328125,211783.0
2024-05-28,18320.0,16466.0234375,414909.0
2024-05-29,18220.0,16376.1416015625,181123.0
2024-05-30,18840.0,16933.396484375,411322.0
2024-05-31,19140.0,17203.037109375,3329019.0
2024-06-04,19000.0,17077.205078125,276882.0
2024-06-05,19200.0,17256.966796875,420313.0
2024-06-06,19060.0,17131.1328125,192304.0
2024-06-07,18680.0,16789.58984375,169161.0
2024-06-11,18200.0,16358.1650390625,630125.0
2024-06-12,18000.0,16178.4033203125,265793.0
2024-06-13,17700.0,15908.7646484375,248231.0
2024-06-14,17520.0,15746.982421875,191171.0
2024-06-17,17600.0,15818.8837890625,382291.0
2024-06-18,18280.0,16430.0703125,167500.0
2024-06-19,17720.0,15926.7412109375,185060.0
2024-06-20,17840.0,16034.59765625,364679.0
2024-06-21,17740.0,15944.716796875,414186.0
2024-06-24,18000.0,16178.4033203125,311647.0
2024-06-25,17740.0,15944.716796875,185931.0
2024-06-26,17880.0,16070.546875,408176.0
2024-06-27,18020.0,16196.3818359375,135684.0
2024-06-28,18200.0,16358.1650390625,355884.0
2024-07-02,18200.0,16358.1650390625,369708.0
2024-07-03,18300.0,16448.046875,140773.0
2024-07-04,18380.0,16519.94921875,75726.0
2024-07-05,18320.0,16466.0234375,278229.0
2024-07-08,18400.0,16537.92578125,199408.0
2024-07-09,18280.0,16430.0703125,133964.0
2024-07-10,18100.0,16268.28515625,201467.0
2024-07-11,18140.0,16304.234375,136472.0
2024-07-12,18260.0,16412.09375,180494.0
2024-07-15,18380.0,16519.94921875,131728.0
2024-07-16,18460.0,16591.853515625,147937.0
2024-07-17,18400.0,16537.92578125,142496.0
2024-07-18,18200.0,16693.857421875,120388.0
2024-07-19,18300.0,16785.58203125,209263.0
2024-07-22,18300.0,16785.58203125,232307.0
2024-07-23,18300.0,16785.58203125,139601.0
2024-07-24,18380.0,16858.9609375,148480.0
2024-07-25,18260.0,16748.890625,47784.0
2024-07-26,17880.0,16400.337890625,129374.0
2024-07-29,18000.0,16510.40625,133598.0
2024-07-30,17640.0,16180.201171875,99162.0
2024-07-31,17500.0,16051.7841796875,281830.0
2024-08-01,17600.0,16143.5087890625,93585.0
2024-08-02,17100.0,15684.8876953125,225178.0
2024-08-05,16400.0,15042.8154296875,302902.0
2024-08-06,16740.0,15354.6787109375,538418.0
2024-08-07,16600.0,15226.2666015625,222609.0
2024-08-08,16600.0,15226.2666015625,222609.0
2024-08-09,16440.0,15079.505859375,270548.0
2024-08-12,16860.0,15464.7490234375,275699.0
2024-08-13,17460.0,16015.095703125,322768.0
2024-08-14,18380.0,16858.9609375,472118.0
2024-08-15,18260.0,16748.890625,382236.0
2024-08-16,18200.0,16693.857421875,265174.0
2024-08-20,18120.0,16620.478515625,220234.0
2024-08-21,17940.0,16455.37109375,90182.0
2024-08-22,17680.0,16216.8896484375,342861.0
2024-08-23,17260.0,15831.646484375,222757.0
2024-08-26,17200.0,15776.6123046875,152954.0
2024-08-27,17340.0,15905.0263671875,211506.0
2024-08-28,17440.0,15996.7509765625,217317.0
2024-08-29,17420.0,15978.4072265625,168608.0
2024-08-30,18160.0,16657.16796875,1439352.0
2024-09-02,17940.0,16455.37109375,224386.0
2024-09-03,18000.0,16510.40625,178043.0
2024-09-04,17420.0,15978.4072265625,111500.0
2024-09-05,17380.0,15941.7158203125,270427.0
2024-09-06,17320.0,15886.681640625,183277.0
2024-09-09,17480.0,16033.4404296875,125849.0
2024-09-10,17160.0,15739.9228515625,84146.0
2024-09-11,16840.0,15446.4033203125,204849.0
2024-09-12,17020.0,15611.5078125,108359.0
2024-09-13,16960.0,15556.474609375,94773.0
2024-09-16,16800.0,15409.71484375,86611.0
2024-09-17,16780.0,15391.3681640625,68038.0
2024-09-18,16780.0,15391.3681640625,71678.0
2024-09-19,17300.0,15868.3359375,108540.0
2024-09-20,17480.0,16033.4404296875,1058189.0
2024-09-23,17340.0,15905.0263671875,521134.0
2024-09-24,17560.0,16106.8203125,258481.0
2024-09-25,17240.0,15813.3017578125,274753.0
2024-09-26,17700.0,16235.2333984375,123316.0
2024-09-27,17280.0,15849.990234375,228914.0
2024-09-30,17080.0,15666.5419921875,200389.0
2024-10-01,16720.0,15336.333984375,149678.0
2024-10-02,17080.0,15666.5419921875,209262.0
2024-10-03,17080.0,15666.5419921875,251611.0
2024-10-04,17460.0,16015.095703125,700999.0
2024-10-07,17700.0,16235.2333984375,202116.0
2024-10-08,17200.0,15776.6123046875,443634.0
2024-10-09,17040.0,15629.853515625,137874.0
2024-10-10,17020.0,15611.5078125,365912.0
2024-10-11,17500.0,16051.7841796875,264507.0
2024-10-15,17520.0,16070.1318359375,299367.0
2024-10-16,17600.0,16143.5087890625,99540.0
2024-10-17,18000.0,16510.40625,146261.0
2024-10-18,18020.0,16528.75390625,277165.0
2024-10-21,18420.0,16895.65234375,143277.0
2024-10-22,18100.0,16602.130859375,157400.0
2024-10-23,17740.0,16271.923828125,177590.0
2024-10-24,18180.0,16675.51171875,42417.0
2024-10-25,17900.0,16418.68359375,151356.0
2024-10-28,18000.0,16510.40625,161154.0
2024-10-29,18000.0,16510.40625,105196.0
2024-10-30,17920.0,16437.029296875,439985.0
2024-10-31,17580.0,16125.1640625,241433.0
2024-11-01,17440.0,15996.7509765625,180410.0
2024-11-05,17280.0,15849.990234375,266648.0
2024-11-06,17980.0,16492.0625,543311.0
2024-11-07,17700.0,16235.2333984375,155378.0
2024-11-08,17400.0,15960.0595703125,99744.0
2024-11-12,17340.0,15905.0263671875,251857.0
2024-11-13,17000.0,15593.1640625,179642.0
2024-11-14,17040.0,15629.853515625,226548.0
2024-11-15,16980.0,15574.8173828125,355957.0
2024-11-18,17000.0,15593.1640625,222505.0
2024-11-19,16920.0,15519.7841796875,246799.0
2024-11-20,17300.0,15868.3359375,461120.0
2024-11-21,17240.0,15813.3017578125,345992.0
2024-11-22,17240.0,15813.3017578125,253322.0
2024-11-25,16700.0,15317.9892578125,3275998.0
2024-11-26,16980.0,15574.8173828125,143427.0
2024-11-27,17300.0,15868.3359375,229225.0
2024-11-28,16980.0,15574.8173828125,98810.0
2024-11-29,16800.0,15409.71484375,348018.0
2024-12-02,17220.0,15794.95703125,163460.0
2024-12-03,16960.0,15556.474609375,460885.0
2024-12-04,16800.0,15409.71484375,238521.0
2024-12-05,17160.0,15739.9228515625,305117.0
2024-12-06,16880.0,15483.0927734375,104920.0
2024-12-09,16820.0,15428.05859375,271768.0
2024-12-10,16760.0,15373.0244140625,221554.0
2024-12-11,16920.0,15519.7841796875,341130.0
2024-12-12,16800.0,15754.22265625,115655.0
2024-12-13,16800.0,15754.22265625,188860.0
2024-12-16,16780.0,15735.4658203125,175549.0
2024-12-17,16500.0,15472.896484375,100813.0
2024-12-18,16300.0,15285.345703125,659890.0
2024-12-19,16240.0,15229.0810546875,736196.0
2024-12-20,16200.0,15191.5712890625,824849.0
2024-12-23,16500.0,15472.896484375,217773.0
2024-12-24,16500.0,15472.896484375,6736.0
2024-12-25,16500.0,15472.896484375,0.0
2024-12-26,16700.0,15660.447265625,29359.0
2024-12-27,16500.0,15472.896484375,69021.0
2024-12-30,16700.0,15660.447265625,157139.0
2024-12-31,16700.0,15660.447265625,0.0
2025-01-02,16900.0,15847.998046875,41940.0
2025-01-03,16740.0,15697.9560546875,79565.0
2025-01-07,17300.0,16223.095703125,788482.0
2025-01-08,17040.0,15979.28125,685558.0
2025-01-09,17040.0,15979.28125,142370.0
2025-01-10,17080.0,16016.791015625,128111.0
2025-01-13,17040.0,15979.28125,158572.0
2025-01-14,16940.0,15885.5068359375,293171.0
2025-01-15,17000.0,15941.7724609375,187763.0
2025-01-16,17080.0,16016.791015625,238639.0
2025-01-17,17100.0,16035.5478515625,541860.0
2025-01-20,16920.0,15866.751953125,63601.0
2025-01-21,16920.0,15866.751953125,0.0
2025-01-22,16660.0,15622.9365234375,198427.0
2025-01-23,16740.0,15697.9560546875,232562.0
2025-01-24,16820.0,15772.9765625,166652.0
2025-01-27,16900.0,15847.998046875,185763.0
2025-01-28,17040.0,15979.28125,308416.0
2025-01-29,17980.0,16860.767578125,1001901.0
2025-01-30,18540.0,17385.908203125,926220.0
2025-01-31,18480.0,17329.642578125,705982.0
2025-02-03,17940.0,16823.2578125,186139.0
2025-02-04,18400.0,17254.623046875,284210.0
2025-02-05,18000.0,16879.5234375,343844.0
2025-02-06,18180.0,17048.318359375,219050.0
2025-02-07,18000.0,16879.5234375,242879.0
2025-02-10,18360.0,17217.11328125,200394.0
2025-02-11,18100.0,16973.298828125,157727.0
2025-02-12,18060.0,16935.7890625,331169.0
2025-02-13,17720.0,16616.953125,408589.0
2025-02-14,17860.0,16748.23828125,74041.0
2025-02-17,18180.0,17048.318359375,421008.0
2025-02-18,18780.0,17610.96875,508583.0
2025-02-19,17040.0,15979.28125,162450.0
2025-02-20,19800.0,18567.474609375,612659.0
2025-02-21,20300.0,19036.3515625,482119.0
2025-02-24,20500.0,19223.90234375,292884.0
2025-02-25,20480.0,19205.1484375,240978.0
2025-02-26,20080.0,18830.046875,209664.0
2025-02-27,20700.0,19411.451171875,429560.0
2025-02-28,20720.0,19430.205078125,1524817.0
2025-03-03,20000.0,18755.025390625,338519.0
2025-03-04,20160.0,18905.064453125,260197.0
2025-03-05,19760.0,18529.96484375,240896.0
2025-03-06,19400.0,18192.375,232952.0
2025-03-07,19000.0,17817.275390625,400880.0
2025-03-10,18800.0,17629.724609375,255480.0
2025-03-11,18740.0,17573.458984375,342193.0
2025-03-12,19220.0,18023.580078125,123771.0
2025-03-13,18900.0,17723.5,62557.0
2025-03-14,19420.0,18211.130859375,116145.0
2025-03-17,19500.0,18286.150390625,270684.0
2025-03-18,19380.0,18173.62109375,93547.0
2025-03-19,18900.0,17723.5,115536.0
2025-03-20,18900.0,17723.5,77653.0
2025-03-21,18900.0,17723.5,0.0
2025-03-24,18900.0,17723.5,0.0
2025-03-25,19280.0,18079.84375,636502.0
2025-03-26,19000.0,17817.275390625,175828.0
2025-03-27,19140.0,17948.55859375,123723.0
2025-03-28,19380.0,18173.62109375,909629.0
2025-03-31,19100.0,17911.048828125,535216.0
2025-04-01,20000.0,18755.025390625,383177.0
2025-04-02,20220.0,18961.330078125,984771.0
2025-04-03,20500.0,19223.90234375,263654.0
2025-04-04,19900.0,18661.25,365574.0
2025-04-07,19900.0,18661.25,358509.0
2025-04-08,18900.0,17723.5,514458.0
2025-04-09,19380.0,18173.62109375,180966.0
2025-04-10,19620.0,18398.681640625,731796.0
2025-04-11,19200.0,18004.82421875,119267.0
2025-04-14,19200.0,18004.82421875,75871.0
2025-04-15,19000.0,17817.275390625,98430.0
2025-04-16,19780.0,18548.720703125,196789.0
2025-04-17,19780.0,18548.720703125,0.0
2025-04-18,19780.0,18548.720703125,0.0
2025-04-21,19780.0,18548.720703125,79507.0
2025-04-22,19640.0,18417.435546875,171799.0
2025-04-23,20060.0,18811.2890625,218263.0
2025-04-24,20120.0,18867.5546875,181234.0
2025-04-25,20260.0,18998.83984375,108662.0
2025-04-28,20300.0,19036.3515625,141204.0
2025-04-29,20500.0,19223.90234375,210006.0
2025-04-30,21800.0,20442.978515625,547937.0
2025-05-01,21800.0,20442.978515625,0.0
2025-05-02,21660.0,20311.693359375,84490.0
2025-05-05,21880.0,20517.998046875,118130.0
2025-05-06,21800.0,20442.978515625,547937.0
2025-05-07,22300.0,20911.853515625,243588.0
2025-05-08,22000.0,20630.529296875,334640.0
2025-05-09,21800.0,20442.978515625,187236.0
2025-05-12,22400.0,21005.62890625,130958.0
2025-05-13,22780.0,21361.97265625,222284.0
2025-05-14,22320.0,20930.607421875,248733.0
2025-05-15,21200.0,19880.328125,264342.0
2025-05-16,21000.0,19692.77734375,478460.0
2025-05-19,20900.0,19599.001953125,310040.0
2025-05-20,21200.0,19880.328125,155834.0
2025-05-21,20500.0,19937.708984375,355298.0
2025-05-22,20400.0,19840.451171875,291057.0
2025-05-23,20200.0,19645.9375,552802.0
2025-05-26,20200.0,19645.9375,24457.0
2025-05-27,19500.0,18965.13671875,574926.0
2025-05-28,20100.0,19548.6796875,271693.0
2025-05-29,19500.0,18965.13671875,417436.0
2025-05-30,19320.0,18790.076171875,3197978.0
2025-06-03,19600.0,19062.39453125,297000.0
2025-06-04,20120.0,19568.130859375,433556.0
2025-06-05,20000.0,19451.423828125,342880.0
2025-06-06,19800.0,19256.908203125,158716.0
2025-06-09,19500.0,18965.13671875,126851.0
2025-06-10,19380.0,18848.4296875,194298.0
2025-06-11,19500.0,18965.13671875,165325.0
2025-06-12,19000.0,18478.8515625,169455.0
2025-06-13,19200.0,18673.365234375,298451.0
2025-06-16,19080.0,18556.658203125,313847.0
2025-06-17,19200.0,18673.365234375,437726.0
2025-06-18,19220.0,18692.818359375,334237.0
2025-06-19,19220.0,18692.818359375,65049.0
2025-06-20,19400.0,18867.880859375,2445852.0
2025-06-24,19540.0,19004.041015625,451655.0
2025-06-25,19540.0,19004.041015625,251408.0
2025-06-26,19860.0,19315.263671875,357442.0
2025-06-27,19780.0,19237.458984375,233496.0
2025-06-30,19780.0,19237.458984375,0.0
2025-07-01,19800.0,19256.908203125,431512.0
2025-07-02,19980.0,19431.97265625,357891.0
2025-07-03,19860.0,19315.263671875,61513.0
2025-07-04,19980.0,19431.97265625,36346.0
2025-07-07,19900.0,19354.166015625,164136.0
2025-07-08,20000.0,19451.423828125,219965.0
2025-07-09,19800.0,19256.908203125,169685.0
2025-07-10,19420.0,18887.33203125,187934.0
2025-07-11,20000.0,19451.423828125,264023.0
2025-07-14,20040.0,19490.326171875,294577.0
2025-07-15,19860.0,19315.263671875,198630.0
2025-07-16,20120.0,19568.130859375,494763.0
2025-07-17,20780.0,20210.029296875,307824.0
2025-07-18,20700.0,20132.22265625,346732.0
2025-07-21,20780.0,20210.029296875,124040.0
2025-07-22,20320.0,19762.64453125,90358.0
2025-07-23,20120.0,19568.130859375,89802.0
2025-07-24,19720.0,19179.103515625,126943.0
2025-07-25,19700.0,19159.65234375,181587.0
2025-07-28,20800.0,20229.48046875,489179.0
2025-07-29,20620.0,20054.416015625,499038.0
2025-07-30,21000.0,20423.994140625,230421.0
2025-07-31,21000.0,20423.994140625,189398.0
2025-08-01,20120.0,19568.130859375,178274.0
2025-08-04,20120.0,19568.130859375,0.0
2025-08-05,20980.0,20404.54296875,458314.0
2025-08-06,21200.0,20618.509765625,274744.0
2025-08-07,21200.0,20618.509765625,0.0
2025-08-08,22000.0,21396.56640625,418162.0
2025-08-11,22700.0,22077.365234375,472.0
2025-08-12,22900.0,22271.880859375,391304.0
2025-08-13,22960.0,22330.234375,574570.0
2025-08-14,22800.0,22174.623046875,238144.0
2025-08-15,23120.0,22485.845703125,86256.0
2025-08-19,22840.0,22213.525390625,216013.0
2025-08-20,23080.0,22446.94140625,575551.0
2025-08-21,23460.0,22816.51953125,289041.0
2025-08-22,23620.0,22972.130859375,560266.0
2025-08-25,23200.0,22563.65234375,63020.0
2025-08-26,23000.0,22369.13671875,1268048.0
2025-08-27,22200.0,21591.080078125,222576.0
2025-08-28,21540.0,20949.18359375,271373.0
2025-08-29,21800.0,21202.05078125,196840.0
2025-09-01,21720.0,21124.24609375,105656.0
2025-09-02,21720.0,21124.24609375,0.0
2025-09-03,22000.0,21396.56640625,161421.0
2025-09-04,22940.0,22310.78125,236552.0
2025-09-05,22240.0,21629.984375,598407.0
2025-09-08,22060.0,21454.919921875,216705.0
2025-09-09,22200.0,21591.080078125,249216.0
2025-09-10,22480.0,21863.3984375,403394.0
2025-09-11,22020.0,21416.017578125,335310.0
2025-09-12,22060.0,21454.919921875,314992.0
2025-09-15,22240.0,21629.984375,131831.0
2025-09-16,22000.0,21396.56640625,1240526.0
2025-09-17,21940.0,21338.212890625,819549.0
2025-09-18,22300.0,21688.337890625,363954.0
2025-09-19,22500.0,21882.8515625,1521443.0
2025-09-22,22900.0,22271.880859375,97806.0
2025-09-23,22620.0,21999.55859375,201799.0
2025-09-24,22900.0,22271.880859375,59743.0
2025-09-25,22900.0,22271.880859375,234757.0
2025-09-26,22620.0,21999.55859375,47118.0
2025-09-29,23480.0,22835.970703125,83546.0
2025-09-30,21720.0,21124.24609375,105656.0
2025-10-01,23340.0,22699.810546875,610297.0
2025-10-02,22820.0,22194.07421875,98440.0
2025-10-03,23160.0,22524.748046875,554177.0
2025-10-06,23000.0,22369.13671875,49369.0
2025-10-07,22700.0,22077.365234375,97859.0
2025-10-08,23180.0,22544.19921875,179493.0
2025-10-09,23160.0,22524.748046875,65387.0
2025-10-10,22880.0,22252.427734375,533135.0
2025-10-14,22920.0,22291.330078125,219694.0
2025-10-15,22600.0,21980.109375,239881.0
2025-10-16,22700.0,22077.365234375,107976.0
2025-10-17,22900.0,22271.880859375,91045.0
2025-10-20,22720.0,22096.81640625,268284.0
2025-10-21,22700.0,22077.365234375,143108.0
2025-10-22,23480.0,22835.970703125,505844.0
2025-10-23,23440.0,22797.06640625,200004.0
2025-10-24,24300.0,23633.478515625,312675.0
2025-10-27,25100.0,24411.53515625,303576.0
2025-10-28,25440.0,24742.2109375,432602.0
2025-10-29,25700.0,24995.078125,266375.0
2025-10-30,25700.0,24995.078125,233531.0
2025-10-31,25000.0,24314.279296875,307513.0
2025-11-04,25980.0,25267.3984375,328226.0
2025-11-05,26300.0,25578.62109375,209937.0
2025-11-06,25620.0,24917.2734375,258349.0
2025-11-07,25880.0,25170.142578125,264104.0
2025-11-10,25300.0,24606.05078125,302016.0
2025-11-11,26080.0,25364.65625,286747.0
2025-11-12,25580.0,24878.37109375,1174335.0
2025-11-13,24200.0,23536.220703125,1009029.0
2025-11-14,24220.0,23555.673828125,254178.0
2025-11-18,24540.0,23866.896484375,405292.0
2025-11-19,24060.0,23400.0625,233240.0
2025-11-20,23220.0,22583.1015625,523734.0
2025-11-21,23400.0,22758.166015625,723227.0
2025-11-24,23300.0,22660.908203125,3251632.0
2025-11-25,24660.0,23983.60546875,729243.0
2025-11-26,24740.0,24061.41015625,127317.0
2025-11-27,25000.0,24314.279296875,184187.0
2025-11-28,25200.0,24508.79296875,768472.0
2025-12-01,25480.0,24781.11328125,220218.0
2025-12-02,25740.0,25033.982421875,326710.0
2025-12-03,25980.0,25267.3984375,328226.0
2025-12-04,25340.0,24644.953125,806659.0
2025-12-05,25780.0,25072.884765625,485391.0
2025-12-09,25420.0,24722.759765625,234201.0
2025-12-10,25200.0,25006.5625,141776.0
2025-12-11,25200.0,25006.5625,130840.0
2025-12-12,25780.0,25582.111328125,176860.0
2025-12-15,25700.0,25502.724609375,120953.0
2025-12-16,25400.0,25205.02734375,398537.0
2025-12-17,25060.0,24867.638671875,288342.0
2025-12-18,25400.0,25205.02734375,126645.0
2025-12-19,24980.0,24788.251953125,2005617.0
2025-12-22,25200.0,25006.5625,127095.0
2025-12-23,24700.0,24510.400390625,100569.0
2025-12-24,25040.0,24847.791015625,84504.0
2025-12-26,24980.0,24788.251953125,19546.0
2025-12-29,25300.0,25105.794921875,175488.0
2025-12-30,24660.0,24470.708984375,223989.0
2025-12-31,24660.0,24470.708984375,0.0
2026-01-02,24720.0,24530.248046875,65786.0
2026-01-05,26500.0,26296.583984375,424280.0
2026-01-06,27480.0,27269.0625,334387.0
2026-01-07,27000.0,26792.74609375,1026595.0
2026-01-08,26500.0,26296.583984375,234749.0
2026-01-09,27940.0,27725.53125,160902.0
2026-01-13,28000.0,27785.0703125,499948.0
2026-01-14,29500.0,29273.556640625,310863.0
2026-01-15,29900.0,29670.486328125,376572.0
2026-01-16,31400.0,31158.970703125,421317.0
2026-01-19,32220.0,31972.677734375,238966.0
2026-01-20,32080.0,31833.751953125,458572.0
2026-01-21,32100.0,31853.59765625,941944.0
2026-01-22,31500.0,31258.203125,809968.0
2026-01-23,32600.0,32349.759765625,527700.0
2026-01-26,32880.0,32627.611328125,515892.0
2026-01-27,31900.0,31655.1328125,498403.0
2026-01-28,30600.0,30365.11328125,551114.0
2026-01-29,30600.0,30365.11328125,868655.0
2026-01-30,30300.0,30067.416015625,907981.0
2026-02-02,29520.0,29293.40234375,490580.0
2026-02-03,30000.0,29769.71875,625791.0
2026-02-04,30480.0,30246.033203125,317596.0
2026-02-05,28300.0,28082.767578125,260052.0
2026-02-06,29000.0,28777.39453125,579076.0
2026-02-09,29360.0,29134.630859375,444407.0
2026-02-10,28600.0,28380.46484375,293302.0
2026-02-11,28360.0,28142.306640625,361036.0
2026-02-12,27900.0,27685.837890625,362189.0
2026-02-13,28480.0,28261.384765625,194840.0
2026-02-16,28200.0,27983.53515625,114906.0
2026-02-17,29400.0,29174.32421875,99208.0
2026-02-18,28800.0,28578.9296875,291265.0
2026-02-19,28400.0,28182.0,227754.0
2026-02-20,28600.0,28380.46484375,270075.0
2026-02-23,29500.0,29273.556640625,695839.0
2026-02-24,29280.0,29055.244140625,429878.0
2026-02-25,29360.0,29134.630859375,253258.0
2026-02-26,28100.0,27884.302734375,276911.0
2026-02-27,27500.0,27288.908203125,1421516.0
2026-03-02,25300.0,25105.794921875,169806.0
2026-03-03,26000.0,25800.421875,404081.0
2026-03-04,26000.0,25800.421875,404081.0
2026-03-05,27960.0,27745.376953125,314462.0
2026-03-06,28000.0,27785.0703125,466104.0
2026-03-09,28800.0,28578.9296875,146972.0
2026-03-11,29500.0,29273.556640625,486117.0
2026-03-12,26700.0,26495.048828125,181743.0
2026-03-13,27440.0,27229.369140625,174206.0
2026-03-16,26120.0,25919.501953125,108205.0
2026-03-17,26700.0,26495.048828125,283970.0
2026-03-18,26120.0,25919.501953125,541112.0
2026-03-19,26720.0,26514.896484375,160239.0
2026-03-20,29000.0,28777.39453125,1872810.0
2026-03-24,27400.0,27189.67578125,354144.0
2026-03-25,27220.0,27011.056640625,377131.0
2026-03-26,27600.0,27388.140625,266380.0
2026-03-27,27700.0,27487.373046875,339785.0
2026-03-30,26720.0,26514.896484375,215432.0
2026-03-31,28000.0,27785.0703125,656415.0
2026-04-01,28480.0,28261.384765625,164833.0
2026-04-02,28480.0,28261.384765625,0.0
2026-04-03,28480.0,28261.384765625,0.0
2026-04-06,28840.0,28618.623046875,182112.0
2026-04-07,28840.0,28618.623046875,172737.0
2026-04-08,28680.0,28459.849609375,295253.0
2026-04-09,29200.0,28975.859375,280411.0
2026-04-10,29200.0,28975.859375,280411.0
2026-04-13,29200.0,28975.859375,0.0
2026-04-14,29200.0,28975.859375,0.0
2026-04-15,30740.0,30504.037109375,228379.0
2026-04-16,30480.0,30246.033203125,175558.0
2026-04-17,30180.0,29948.3359375,156217.0
2026-04-20,28980.0,28757.546875,234349.0
2026-04-21,29120.0,28896.47265625,81343.0
2026-04-22,29600.0,29372.7890625,152605.0
2026-04-23,29700.0,29472.021484375,96883.0
2026-04-24,30200.0,29968.18359375,103418.0
2026-04-27,28800.0,28578.9296875,118220.0
2026-04-28,28360.0,28142.306640625,145460.0
2026-04-29,27800.0,27586.60546875,202917.0
2026-04-30,28140.0,27923.99609375,225284.0
2026-05-04,28780.0,28559.08203125,104877.0
2026-05-05,28780.0,28559.08203125,0.0
2026-05-06,30380.0,30146.80078125,236401.0
2026-05-07,30020.0,29789.564453125,320811.0
2026-05-08,28500.0,28281.232421875,228769.0
2026-05-11,28460.0,28241.5390625,99955.0
2026-05-12,27000.0,26792.74609375,580453.0
2026-05-13,27800.0,27586.60546875,308770.0
2026-05-14,28560.0,28340.771484375,304554.0
2026-05-15,28920.0,28698.0078125,141108.0
2026-05-19,28600.0,28380.46484375,316479.0
2026-05-20,28400.0,28182.0,252428.0
2026-05-21,29000.0,29000.0,253612.0
2026-05-22,28240.0,28240.0,191703.0
2026-05-25,30600.0,30600.0,127989.0
2026-05-26,30960.0,30960.0,669803.0
2026-05-27,30180.0,30180.0,178497.0
2026-05-28,30000.0,30000.0,137222.0
2026-06-01,30100.0,30100.0,344103.0
2026-06-02,30100.0,30100.0,344103.0
2026-06-03,30000.0,30000.0,185571.0
2026-06-04,30180.0,30180.0,183357.0
2026-06-05,29480.0,29480.0,203787.0
2026-06-08,29480.0,29480.0,0.0
2026-06-09,29020.0,29020.0,292342.0
2026-06-10,29200.0,29200.0,240891.0
2026-06-11,29780.0,29780.0,186974.0
2026-06-16,33400.0,33400.0,199254.0
2026-06-17,33180.0,33180.0,320120.0
2026-06-18,33180.0,33180.0,0.0
2026-06-19,33180.0,33180.0,0.0
2026-06-22,33500.0,33500.0,178540.0
2026-06-23,31800.0,31800.0,1501970.0
2026-06-24,30200.0,30200.0,387832.0
2026-06-25,29580.0,29580.0,212564.0
2026-06-26,29540.0,29540.0,74332.0
2026-06-29,29540.0,29540.0,0.0
2026-06-30,29500.0,29500.0,426402.0
2026-07-01,30100.0,30100.0,311864.0
2026-07-02,29560.0,29560.0,212649.0
2026-07-03,30080.0,30080.0,49053.0
2026-07-06,29980.0,29980.0,112339.0
2026-07-07,30200.0,30200.0,287526.0
2026-07-08,30700.0,30700.0,163643.0
2026-07-09,30440.0,30440.0,135798.0
2026-07-10,30020.0,30020.0,213241.0
2026-07-14,30000.0,30000.0,175647.0
2026-07-15,30800.0,30800.0,322154.0
2026-07-16,30740.0,30740.0,410923.0
2026-07-17,30800.0,30800.0,83538.0
2026-07-21,30300.0,30300.0,257531.0
2026-07-22,29620.0,29620.0,143353.0
2026-07-23,29200.0,29200.0,142242.0
2026-07-24,29200.0,29200.0,0.0
2026-07-27,28900.0,28900.0,50061.0
2026-07-28,29680.0,29680.0,129129.0
2026-07-29,28640.0,28640.0,182733.0
2026-07-30,29100.0,29100.0,297771.0
2026-07-31,29900.0,29900.0,479199.0
2026-08-03,29800.0,29800.0,147198.0
2026-08-04,30600.0,30600.0,255928.0
2026-08-05,29500.0,29500.0,88629.0
2026-08-06,29500.0,29500.0,147088.0
2026-08-10,29260.0,29260.0,191235.0
2026-08-11,29320.0,29320.0,222039.0
2026-08-12,29420.0,29420.0,77425.0
2026-08-13,29460.0,29460.0,222700.0
2026-08-14,29200.0,29200.0,111734.0
2026-08-18,29260.0,29260.0,229007.0
2026-08-19,29000.0,29000.0,156017.0
2026-08-20,28820.0,28820.0,322492.0
2026-08-21,28640.0,28640.0,216622.0
2026-08-24,29000.0,29000.0,195450.0
2026-08-25,29500.0,29500.0,274357.0
2026-08-26,29140.0,29140.0,52793.0
2026-08-27,29040.0,29040.0,101981.0
2026-08-28,28700.0,28700.0,329157.0
2026-08-31,28540.0,28540.0,1478824.0
2026-09-01,29200.0,29200.0,231582.0
2026-09-02,29100.0,29100.0,92720.0
2026-09-03,29060.0,29060.0,216254.0
2026-09-04,29500.0,29500.0,193430.0
2026-09-07,29600.0,29600.0,71431.0
2026-09-08,30200.0,30200.0,195433.0
2026-09-09,31400.0,31400.0,335702.0
2026-09-10,30820.0,30820.0,130735.0
2026-09-11,30480.0,30480.0,107310.0
2026-09-14,29860.0,29860.0,73192.0
2026-09-15,28900.0,28900.0,285743.0
2026-09-16,28500.0,28500.0,434087.0
2026-09-17,28560.0,28560.0,572243.0
2026-09-18,28500.0,28500.0,1333488.0
2026-09-21,29400.0,29400.0,154958.0
2026-09-22,30500.0,30500.0,226974.0
2026-09-23,30600.0,30600.0,303761.0
2026-09-24,30680.0,30680.0,124322.0
2026-09-25,30020.0,30020.0,273467.0
