Date,close,adjclose,volume
2014-12-01,108.02999877929688,78.28076171875,5638800
2014-12-02,108.51000213623047,78.62862396240234,6184400
2014-12-03,107.72000122070312,78.05614471435547,8957400
2014-12-04,107.55999755859375,77.94023895263672,6697600
2014-12-05,108.51000213623047,78.62862396240234,6449700
2014-12-08,108.5199966430664,78.6358413696289,6499300
2014-12-09,108.05000305175781,78.2953109741211,7214300
2014-12-10,106.23999786376953,76.98368835449219,9416400
2014-12-11,106.72000122070312,77.33154296875,7114600
2014-12-12,104.43000030517578,75.67217254638672,8325500
2014-12-15,103.95999908447266,75.33159637451172,12110600
2014-12-16,102.76000213623047,74.46205139160156,10209200
2014-12-17,104.06999969482422,75.41128540039062,10207600
2014-12-18,106.80999755859375,77.39674377441406,11756800
2014-12-19,105.55000305175781,76.48374938964844,19154400
2014-12-22,106.73999786376953,77.34601593017578,8124500
2014-12-23,104.27999877929688,75.5634536743164,10171700
2014-12-24,104.58999633789062,75.78809356689453,3415100
2014-12-26,105.05999755859375,76.1286849975586,2951000
2014-12-29,105.33000183105469,76.3243179321289,4273400
2014-12-30,105.36000061035156,76.3460693359375,4371700
2014-12-31,104.56999969482422,75.77360534667969,6202100
2015-01-02,104.5199966430664,75.73737335205078,5753600
2015-01-05,103.79000091552734,75.20841217041016,8079300
2015-01-06,103.27999877929688,74.83883666992188,7428000
2015-01-07,105.55999755859375,76.490966796875,7931700
2015-01-08,106.38999938964844,77.0924072265625,9916000
2015-01-09,104.94000244140625,76.04171752929688,7364800
2015-01-12,104.58000183105469,75.78085327148438,6839000
2015-01-13,104.76000213623047,75.9112777709961,10151100
2015-01-14,104.0,75.3605728149414,8887700
2015-01-15,102.48999786376953,74.26640319824219,10834800
2015-01-16,104.04000091552734,75.38955688476562,14092300
2015-01-20,101.29000091552734,73.39685821533203,20460000
2015-01-21,101.9000015258789,73.83888244628906,11702900
2015-01-22,103.76000213623047,75.1866683959961,9036600
2015-01-23,102.19999694824219,74.05623626708984,10126000
2015-01-26,102.26000213623047,74.0997314453125,8962800
2015-01-27,102.08999633789062,73.97654724121094,10160500
2015-01-28,101.4800033569336,73.5345230102539,9053200
2015-01-29,102.37999725341797,74.18667602539062,7569300
2015-01-30,100.13999938964844,72.56356048583984,10676300
2015-02-02,100.83000183105469,73.06352233886719,8990700
2015-02-03,102.45999908447266,74.24467468261719,10005200
2015-02-04,101.36000061035156,73.44754791259766,9514100
2015-02-05,102.45999908447266,74.24467468261719,6642200
2015-02-06,101.0999984741211,73.25916290283203,9215700
2015-02-09,99.77999877929688,72.30266571044922,9851700
2015-02-10,100.3499984741211,72.71570587158203,12275500
2015-02-11,100.37999725341797,72.73745727539062,8177000
2015-02-12,98.44000244140625,71.33169555664062,25835200
2015-02-13,99.62000274658203,72.18675231933594,11153600
2015-02-17,100.44000244140625,72.78092193603516,8627100
2015-02-18,99.95999908447266,72.43310546875,7878200
2015-02-19,100.69999694824219,72.96931457519531,10028200
2015-02-20,100.26000213623047,73.15904998779297,10085700
2015-02-23,100.18000030517578,73.10065460205078,6878200
2015-02-24,100.69999694824219,73.48009490966797,6587200
2015-02-25,101.20999908447266,73.85226440429688,9684000
2015-02-26,102.80000305175781,75.01243591308594,11437900
2015-02-27,102.51000213623047,74.80084991455078,8500000
2015-03-02,103.22000122070312,75.31891632080078,7277600
2015-03-03,102.33999633789062,74.67677307128906,6419700
2015-03-04,101.6500015258789,74.1733169555664,8665500
2015-03-05,102.5199966430664,74.80816650390625,8042300
2015-03-06,100.11000061035156,73.04959106445312,9287600
2015-03-09,100.66000366210938,73.45092010498047,5701100
2015-03-10,99.52999877929688,72.6263656616211,8735700
2015-03-11,98.31999969482422,71.7434310913086,9138100
2015-03-12,99.83000183105469,72.84525299072266,8318000
2015-03-13,99.20999908447266,72.39288330078125,7821800
2015-03-16,101.05999755859375,73.74279022216797,7726500
2015-03-17,99.88999938964844,72.88902282714844,7301500
2015-03-18,101.45999908447266,74.0346908569336,7972500
2015-03-19,101.69000244140625,74.2025146484375,6863100
2015-03-20,102.4000015258789,74.72056579589844,12433800
2015-03-23,102.9800033569336,75.14381408691406,9016000
2015-03-24,101.95999908447266,74.3995132446289,8390700
2015-03-25,100.33999633789062,73.21743774414062,8444100
2015-03-26,100.13999938964844,73.07148742675781,9972400
2015-03-27,100.33999633789062,73.21743774414062,5847400
2015-03-30,101.55000305175781,74.10034942626953,6061200
2015-03-31,100.5999984741211,73.4071273803711,8028000
2015-04-01,99.1500015258789,72.34909057617188,11368100
2015-04-02,99.63999938964844,72.70664978027344,6097100
2015-04-06,99.16000366210938,72.35638427734375,9697600
2015-04-07,100.0999984741211,73.04228973388672,7900300
2015-04-08,100.16000366210938,73.08609008789062,7354100
2015-04-09,101.33000183105469,73.9398193359375,8073900
2015-04-10,102.05999755859375,74.47251892089844,6786500
2015-04-13,100.55000305175781,73.37066650390625,10753500
2015-04-14,100.5199966430664,73.34874725341797,9322200
2015-04-15,100.5999984741211,73.4071273803711,8237100
2015-04-16,99.79000091552734,72.81609344482422,7324800
2015-04-17,99.58000183105469,72.66283416748047,11084200
2015-04-20,100.20999908447266,73.12256622314453,6668500
2015-04-21,100.30000305175781,73.1882095336914,6532700
2015-04-22,100.43000030517578,73.28307342529297,4763900
2015-04-23,100.45999908447266,73.30497741699219,7351500
2015-04-24,101.08000183105469,73.75737762451172,6566900
2015-04-27,100.58000183105469,73.3925552368164,9113900
2015-04-28,100.73999786376953,73.50929260253906,7484600
2015-04-29,100.38999938964844,73.25389099121094,8926200
2015-04-30,99.19999694824219,72.38555145263672,10170600
2015-05-01,100.12999725341797,73.06417846679688,6255000
2015-05-04,100.3499984741211,73.2247085571289,5532400
2015-05-05,99.5,72.60446166992188,8828000
2015-05-06,99.16999816894531,72.3636703491211,8030800
2015-05-07,99.66000366210938,72.72122192382812,6401600
2015-05-08,101.47000122070312,74.04198455810547,7508600
2015-05-11,101.02999877929688,73.72089385986328,5698900
2015-05-12,100.47000122070312,73.31228637695312,6903100
2015-05-13,100.55000305175781,73.37066650390625,5826800
2015-05-14,101.83000183105469,74.30464935302734,5454000
2015-05-15,102.30000305175781,74.64763641357422,6023500
2015-05-18,103.41999816894531,75.46488189697266,10479600
2015-05-19,103.95999908447266,75.8589096069336,7724100
2015-05-20,103.5999984741211,75.59620666503906,7146500
2015-05-21,102.41999816894531,75.28015899658203,6875600
2015-05-22,101.3499984741211,74.49369812011719,6216600
2015-05-26,100.81999969482422,74.1041259765625,7918900
2015-05-27,101.12999725341797,74.33197784423828,9297900
2015-05-28,101.1500015258789,74.3466796875,5700100
2015-05-29,100.13999938964844,73.60432434082031,9957800
2015-06-01,100.04000091552734,73.53083801269531,7298100
2015-06-02,99.9800033569336,73.48672485351562,8312400
2015-06-03,100.08999633789062,73.56758117675781,5375200
2015-06-04,99.2300033569336,72.93547058105469,8057900
2015-06-05,98.58999633789062,72.46504974365234,7557300
2015-06-08,97.95999908447266,72.00200653076172,7054600
2015-06-09,98.20999908447266,72.18572998046875,7844300
2015-06-10,98.87999725341797,72.67821502685547,10025100
2015-06-11,99.23999786376953,72.94279479980469,6175200
2015-06-12,98.3499984741211,72.28865814208984,8717200
2015-06-15,97.48999786376953,71.65653991699219,6833500
2015-06-16,98.36000061035156,72.29600524902344,6049500
2015-06-17,98.7300033569336,72.5679702758789,6155800
2015-06-18,100.36000061035156,73.76602172851562,8815800
2015-06-19,99.86000061035156,73.3985366821289,11653600
2015-06-22,100.08999633789062,73.56758117675781,5055900
2015-06-23,99.77999877929688,73.33972930908203,6046600
2015-06-24,99.33000183105469,73.00896453857422,7254700
2015-06-25,99.12000274658203,72.85460662841797,6581100
2015-06-26,99.63999938964844,73.23683166503906,9041100
2015-06-29,97.68000030517578,71.79619598388672,11150900
2015-06-30,97.45999908447266,71.63448333740234,8967900
2015-07-01,98.47000122070312,72.37684631347656,6726700
2015-07-02,98.44000244140625,72.35480499267578,6091900
2015-07-06,98.19999694824219,72.17840576171875,6817800
2015-07-07,98.91999816894531,72.70759582519531,7122600
2015-07-08,97.7699966430664,71.86236572265625,6845500
2015-07-09,98.4000015258789,72.32540893554688,7316400
2015-07-10,99.52999877929688,73.15596771240234,6969300
2015-07-13,100.2699966430664,73.69986724853516,6986300
2015-07-14,99.77999877929688,73.33972930908203,9890600
2015-07-15,100.41999816894531,73.81015014648438,7990300
2015-07-16,101.11000061035156,74.3172836303711,5775000
2015-07-17,100.08000183105469,73.56025695800781,8054200
2015-07-20,100.37000274658203,73.77337646484375,5016200
2015-07-21,100.33999633789062,73.7513427734375,5891600
2015-07-22,100.18000030517578,73.63373565673828,6721900
2015-07-23,100.19999694824219,73.6484375,5016100
2015-07-24,99.1500015258789,72.87665557861328,6524200
2015-07-27,98.27999877929688,72.23719787597656,8734000
2015-07-28,99.0199966430664,72.7811050415039,7757500
2015-07-29,99.7300033569336,73.302978515625,7853500
2015-07-30,99.83999633789062,73.38384246826172,5517400
2015-07-31,100.20999908447266,73.65579986572266,6216800
2015-08-03,100.0199966430664,73.51611328125,6172500
2015-08-04,99.80000305175781,73.35443878173828,6005300
2015-08-05,100.5199966430664,73.88360595703125,4571300
2015-08-06,99.06999969482422,72.81785583496094,6988000
2015-08-07,98.8499984741211,72.65616607666016,6027900
2015-08-10,99.79000091552734,73.34706115722656,6133500
2015-08-11,99.01000213623047,72.77374267578125,6682600
2015-08-12,98.70999908447266,72.5532455444336,7462400
2015-08-13,98.4800033569336,72.38418579101562,5048000
2015-08-14,98.80999755859375,72.62673950195312,5177300
2015-08-17,99.87000274658203,73.4058837890625,6901800
2015-08-18,99.37000274658203,73.03837585449219,7618800
2015-08-19,99.30999755859375,72.99425506591797,7642400
2015-08-20,98.79000091552734,72.61204528808594,10620400
2015-08-21,95.55999755859375,70.7752685546875,16141500
2015-08-24,92.81999969482422,68.74592590332031,25636300
2015-08-25,90.7300033569336,67.19798278808594,15671100
2015-08-26,95.11000061035156,70.44200134277344,14738300
2015-08-27,96.22000122070312,71.26411437988281,11131200
2015-08-28,95.16999816894531,70.48640441894531,9200300
2015-08-31,93.9800033569336,69.6050796508789,9083500
2015-09-01,92.08999633789062,68.20526123046875,14593500
2015-09-02,93.3499984741211,69.13845825195312,11517400
2015-09-03,92.63999938964844,68.61264038085938,9027200
2015-09-04,91.30999755859375,67.62757110595703,10996800
2015-09-08,93.94000244140625,69.57545471191406,11394100
2015-09-09,92.22000122070312,68.30155181884766,7384500
2015-09-10,92.72000122070312,68.671875,8359500
2015-09-11,92.93000030517578,68.82740020751953,7381300
2015-09-14,93.31999969482422,69.11627197265625,7948700
2015-09-15,94.4000015258789,69.91615295410156,7030700
2015-09-16,94.61000061035156,70.07167053222656,5630400
2015-09-17,94.83999633789062,70.24200439453125,8258000
2015-09-18,93.38999938964844,69.1680908203125,14211100
2015-09-21,93.12999725341797,68.97550964355469,7053700
2015-09-22,93.23999786376953,69.05699157714844,10618700
2015-09-23,92.98999786376953,68.8718490600586,5609300
2015-09-24,92.4800033569336,68.49413299560547,7407600
2015-09-25,91.0,67.39796447753906,10794400
2015-09-28,91.37000274658203,67.67200469970703,14332800
2015-09-29,93.04000091552734,68.90884399414062,11520000
2015-09-30,93.3499984741211,69.13845825195312,10970100
2015-10-01,93.16999816894531,69.00514221191406,9675900
2015-10-02,93.93000030517578,69.56803131103516,8368100
2015-10-05,94.76000213623047,70.18276977539062,9419200
2015-10-06,93.41999816894531,69.19032287597656,8365200
2015-10-07,94.9800033569336,70.3457260131836,9397300
2015-10-08,95.08000183105469,70.4197769165039,7090700
2015-10-09,95.37000274658203,70.63458251953125,8259700
2015-10-12,95.98999786376953,71.0937271118164,8957900
2015-10-13,95.44999694824219,70.69380187988281,12761900
2015-10-14,94.52999877929688,70.01242065429688,8881900
2015-10-15,97.1500015258789,71.95289611816406,9561900
2015-10-16,98.23999786376953,72.76016235351562,9495300
2015-10-19,97.94000244140625,72.53797912597656,8725400
2015-10-20,97.58999633789062,72.2787857055664,6041800
2015-10-21,97.62999725341797,72.30840301513672,7059800
2015-10-22,99.52999877929688,73.71560668945312,9887900
2015-10-23,100.30999755859375,74.2933120727539,9178900
2015-10-26,99.94000244140625,74.0192642211914,7561600
2015-10-27,100.19000244140625,74.20443725585938,8883200
2015-10-28,100.4800033569336,74.41921997070312,7256300
2015-10-29,101.37000274658203,75.07837677001953,6340700
2015-10-30,101.02999877929688,74.8265609741211,10520300
2015-11-02,102.16999816894531,75.67088317871094,6297900
2015-11-03,101.95999908447266,75.51536560058594,6229200
2015-11-04,101.94000244140625,75.50054168701172,5592300
2015-11-05,102.33000183105469,75.78939056396484,6545600
2015-11-06,101.91999816894531,75.48573303222656,6221100
2015-11-09,100.83999633789062,74.68583679199219,6625900
2015-11-10,101.44999694824219,75.13761138916016,5114200
2015-11-11,101.86000061035156,75.44127655029297,6284700
2015-11-12,100.2699966430664,74.263671875,6918700
2015-11-13,99.87999725341797,73.9748306274414,8517500
2015-11-16,101.22000122070312,74.96730041503906,5755800
2015-11-17,101.5,75.17464447021484,5124000
2015-11-18,102.66999816894531,76.04121398925781,7148400
2015-11-19,102.48999786376953,75.90789794921875,5164500
2015-11-20,102.4800033569336,76.46001434326172,7671500
2015-11-23,102.7699966430664,76.6763687133789,6730600
2015-11-24,102.04000091552734,76.13170623779297,7492400
2015-11-25,101.95999908447266,76.07202911376953,5400800
2015-11-27,102.37000274658203,76.37793731689453,2353800
2015-11-30,101.23999786376953,75.53485107421875,8983700
2015-12-01,102.36000061035156,76.37049102783203,7545700
2015-12-02,102.05000305175781,76.13915252685547,6623500
2015-12-03,100.79000091552734,75.19911193847656,12008700
2015-12-04,102.94999694824219,76.81066131591797,7845400
2015-12-07,103.31999969482422,77.08673095703125,7262900
2015-12-08,102.41999816894531,76.41523742675781,8005400
2015-12-09,102.1500015258789,76.21379852294922,7947000
2015-12-10,102.63999938964844,76.57939147949219,6479300
2015-12-11,101.68000030517578,75.86312103271484,7796500
2015-12-14,102.1500015258789,76.21379852294922,10641500
2015-12-15,104.12999725341797,77.6910629272461,9283200
2015-12-16,105.25,78.52668762207031,8178800
2015-12-17,103.63999938964844,77.32549285888672,8740800
2015-12-18,101.94999694824219,76.0645751953125,14966000
2015-12-21,101.58000183105469,75.78852081298828,8321900
2015-12-22,102.70999908447266,76.63158416748047,5581600
2015-12-23,103.48999786376953,77.21356201171875,5531700
2015-12-24,103.72000122070312,77.38514709472656,2546300
2015-12-28,103.22000122070312,77.01211547851562,4063000
2015-12-29,104.02999877929688,77.61644744873047,4230000
2015-12-30,103.77999877929688,77.42991638183594,3847800
2015-12-31,102.72000122070312,76.63905334472656,4592600
2016-01-04,100.4800033569336,74.96781158447266,12722800
2016-01-05,100.9000015258789,75.28117370605469,6467200
2016-01-06,100.38999938964844,74.9006576538086,7733800
2016-01-07,99.22000122070312,74.0277099609375,9433100
2016-01-08,98.16000366210938,73.23684692382812,9766700
2016-01-11,97.56999969482422,72.79666137695312,8151400
2016-01-12,98.23999786376953,73.29653930664062,6745000
2016-01-13,97.0199966430664,72.38629913330078,8290700
2016-01-14,98.88999938964844,73.7815170288086,10164300
2016-01-15,97.0,72.37138366699219,12662200
2016-01-19,97.5,72.74443054199219,12457800
2016-01-20,95.75,71.43878173828125,12685200
2016-01-21,95.94000244140625,71.58052062988281,11266400
2016-01-22,96.75,72.18487548828125,8380000
2016-01-25,96.4000015258789,71.9237289428711,9350200
2016-01-26,101.18000030517578,75.49008178710938,17266600
2016-01-27,102.16000366210938,76.22126007080078,19330500
2016-01-28,102.2699966430664,76.30332946777344,12789500
2016-01-29,104.44000244140625,77.92237091064453,15614600
2016-02-01,104.37000274658203,77.87010955810547,9803700
2016-02-02,103.41000366210938,77.15389251708984,10616300
2016-02-03,104.13999938964844,77.6985092163086,10168600
2016-02-04,103.9000015258789,77.51948547363281,10389000
2016-02-05,100.54000091552734,75.01256561279297,15522200
2016-02-08,102.0,76.10189056396484,14323800
2016-02-09,101.97000122070312,76.07948303222656,10044500
2016-02-10,101.7300033569336,75.90042877197266,9833100
2016-02-11,101.69999694824219,75.8780517578125,12465800
2016-02-12,101.81999969482422,75.96758270263672,9035000
2016-02-16,102.31999969482422,76.34062957763672,10452800
2016-02-17,102.5,76.47494506835938,8904000
2016-02-18,104.23999786376953,77.77313232421875,10744600
2016-02-19,104.16000366210938,78.27664184570312,9343300
2016-02-22,104.75,78.72002410888672,6947000
2016-02-23,104.08000183105469,78.21649932861328,6629200
2016-02-24,104.95999908447266,78.87783813476562,9076100
2016-02-25,106.37999725341797,79.94498443603516,8092500
2016-02-26,105.77999877929688,79.49407958984375,9049400
2016-02-29,105.20999908447266,79.06572723388672,10111100
2016-03-01,107.22000122070312,80.5762710571289,8298500
2016-03-02,107.04000091552734,80.44099426269531,9767000
2016-03-03,106.6500015258789,80.14790344238281,6927200
2016-03-04,106.5,80.03516387939453,6715700
2016-03-07,106.73999786376953,80.21551513671875,6973500
2016-03-08,106.22000122070312,79.82473754882812,7632900
2016-03-09,106.83999633789062,80.29067993164062,7564200
2016-03-10,107.13999938964844,80.5161361694336,10474700
2016-03-11,107.70999908447266,80.94448852539062,7763800
2016-03-14,107.66000366210938,80.90690612792969,7242800
2016-03-15,107.76000213623047,80.98206329345703,8476600
2016-03-16,107.41000366210938,80.71903991699219,7065100
2016-03-17,106.73999786376953,80.21551513671875,8571100
2016-03-18,107.5,80.7866439819336,14758300
2016-03-21,107.27999877929688,80.621337890625,7674700
2016-03-22,107.37999725341797,80.69649505615234,7821700
2016-03-23,108.5,81.53817749023438,8191300
2016-03-24,108.30999755859375,81.39540100097656,6284500
2016-03-28,108.2300033569336,81.33528900146484,4738100
2016-03-29,109.13999938964844,82.01913452148438,6612800
2016-03-30,108.9800033569336,81.89888763427734,5248200
2016-03-31,108.19999694824219,81.3127212524414,8167700
2016-04-01,109.19000244140625,82.05670166015625,9043200
2016-04-04,108.58999633789062,81.60577392578125,10668900
2016-04-05,108.94999694824219,81.87635040283203,7939000
2016-04-06,109.41999816894531,82.22955322265625,6828700
2016-04-07,109.2699966430664,82.1168212890625,7822900
2016-04-08,109.0999984741211,81.98909759521484,6301600
2016-04-11,108.97000122070312,81.8913803100586,6823900
2016-04-12,109.5999984741211,82.36482238769531,8412300
2016-04-13,109.87000274658203,82.56774139404297,5758300
2016-04-14,109.83999633789062,82.5451889038086,4457100
2016-04-15,110.18000030517578,82.80067443847656,10057900
2016-04-18,110.93000030517578,83.36433410644531,7772500
2016-04-19,112.68000030517578,84.679443359375,10526400
2016-04-20,113.58000183105469,85.35579681396484,8213400
2016-04-21,113.56999969482422,85.34828186035156,7884500
2016-04-22,113.31999969482422,85.16039276123047,7508700
2016-04-25,113.51000213623047,85.30321502685547,6139900
2016-04-26,112.91000366210938,84.85228729248047,5853600
2016-04-27,112.7699966430664,84.74710083007812,5759300
2016-04-28,112.4800033569336,84.5291519165039,6640000
2016-04-29,112.08000183105469,84.22856140136719,7774500
2016-05-02,112.75,84.73207092285156,5178800
2016-05-03,112.69000244140625,84.68697357177734,7554500
2016-05-04,112.22000122070312,84.33377075195312,5214600
2016-05-05,112.87999725341797,84.82975006103516,5404300
2016-05-06,112.73999786376953,84.72454071044922,6099900
2016-05-09,113.72000122070312,85.46104431152344,6512700
2016-05-10,114.66999816894531,86.1749496459961,8356400
2016-05-11,114.37000274658203,85.94949340820312,6680700
2016-05-12,114.2300033569336,85.84427642822266,7156300
2016-05-13,113.55999755859375,85.34077453613281,6779900
2016-05-16,114.44000244140625,86.00209045410156,6222900
2016-05-17,113.83000183105469,85.5436782836914,9233900
2016-05-18,113.58999633789062,85.36333465576172,8267900
2016-05-19,112.8499984741211,84.8072280883789,8232200
2016-05-20,112.63999938964844,85.25376892089844,7435200
2016-05-23,112.16000366210938,84.89046478271484,6462300
2016-05-24,112.69000244140625,85.29161071777344,6125300
2016-05-25,113.3499984741211,85.7911376953125,5453800
2016-05-26,112.9000015258789,85.45053100585938,3973600
2016-05-27,113.05999755859375,85.5716552734375,4647000
2016-05-31,112.69000244140625,85.29161071777344,10104700
2016-06-01,112.77999877929688,85.35975646972656,4748900
2016-06-02,114.48999786376953,86.65397644042969,7310800
2016-06-03,114.76000213623047,86.85835266113281,6881700
2016-06-06,115.7699966430664,87.62275695800781,6349400
2016-06-07,115.7300033569336,87.59246826171875,6417400
2016-06-08,115.80000305175781,87.64547729492188,5863800
2016-06-09,117.0,88.55372619628906,7375500
2016-06-10,117.01000213623047,88.56128692626953,6067400
2016-06-13,116.79000091552734,88.394775390625,7940900
2016-06-14,117.12000274658203,88.64453125,6378400
2016-06-15,116.41000366210938,88.10717010498047,6371400
2016-06-16,116.63999938964844,88.28121948242188,6664300
2016-06-17,115.4800033569336,87.40328216552734,10702200
2016-06-20,116.54000091552734,88.20557403564453,5588200
2016-06-21,116.18000030517578,87.93306732177734,5493500
2016-06-22,116.45999908447266,88.14500427246094,5833800
2016-06-23,117.37999725341797,88.84134674072266,6775900
2016-06-24,115.62999725341797,87.51681518554688,13939500
2016-06-27,116.55000305175781,88.21312713623047,10877400
2016-06-28,118.2300033569336,89.48466491699219,10089600
2016-06-29,119.33000183105469,90.31722259521484,8341500
2016-06-30,121.30000305175781,91.80821990966797,11559900
2016-07-01,121.29000091552734,91.80067443847656,7051400
2016-07-05,122.2699966430664,92.54241943359375,9334100
2016-07-06,122.63999938964844,92.82246398925781,9332400
2016-07-07,122.51000213623047,92.72406768798828,6058700
2016-07-08,122.8499984741211,92.98139953613281,6129900
2016-07-11,122.93000030517578,93.04196166992188,6711600
2016-07-12,122.91999816894531,93.03438568115234,6415900
2016-07-13,123.0,93.09492492675781,5230800
2016-07-14,123.18000030517578,93.23118591308594,5322700
2016-07-15,123.0,93.09492492675781,7192800
2016-07-18,123.13999938964844,93.20089721679688,6599200
2016-07-19,125.25,94.79790496826172,11325700
2016-07-20,125.13999938964844,94.71463012695312,7334600
2016-07-21,125.1500015258789,94.7221908569336,5492600
2016-07-22,125.02999877929688,94.63136291503906,5839200
2016-07-25,124.88999938964844,94.5254135131836,4880600
2016-07-26,125.1500015258789,94.7221908569336,5589900
2016-07-27,124.7699966430664,94.43458557128906,4812600
2016-07-28,124.45999908447266,94.19996643066406,4320400
2016-07-29,125.2300033569336,94.78274536132812,7020900
2016-08-01,125.4000015258789,94.91141510009766,4615100
2016-08-02,124.8499984741211,94.4951400756836,7158700
2016-08-03,123.9000015258789,93.77611541748047,5310600
2016-08-04,123.86000061035156,93.74584197998047,4728200
2016-08-05,124.23999786376953,94.03346252441406,5146900
2016-08-08,123.6500015258789,93.58689880371094,5232500
2016-08-09,123.43000030517578,93.4203872680664,3941500
2016-08-10,123.36000061035156,93.36738586425781,4333500
2016-08-11,123.7699966430664,93.67771911621094,4052000
2016-08-12,123.22000122070312,93.26142883300781,4234800
2016-08-15,122.30999755859375,92.57268524169922,6469500
2016-08-16,120.33000183105469,91.07408905029297,11289100
2016-08-17,121.30999755859375,91.81581115722656,10442800
2016-08-18,120.72000122070312,91.3692855834961,8728000
2016-08-19,119.91999816894531,91.3692626953125,7798300
2016-08-22,119.12999725341797,90.76734161376953,6544900
2016-08-23,119.44000244140625,91.0035629272461,5603200
2016-08-24,118.70999908447266,90.44734954833984,6303900
2016-08-25,118.56999969482422,90.3406753540039,5566000
2016-08-26,119.04000091552734,90.69879150390625,6482700
2016-08-29,119.91999816894531,91.3692626953125,5074900
2016-08-30,119.47000122070312,91.02639770507812,3820500
2016-08-31,119.33999633789062,90.92735290527344,5693100
2016-09-01,119.08000183105469,90.72928619384766,4551800
2016-09-02,119.31999969482422,90.912109375,5806400
2016-09-06,119.75,91.23974609375,5280700
2016-09-07,119.61000061035156,91.1330795288086,4753800
2016-09-08,119.47000122070312,91.02639770507812,4833000
2016-09-09,118.2300033569336,90.08163452148438,7957300
2016-09-12,119.16000366210938,90.79022216796875,7239800
2016-09-13,117.61000061035156,89.60923767089844,7957900
2016-09-14,117.86000061035156,89.79971313476562,6124900
2016-09-15,118.62999725341797,90.38639068603516,5812100
2016-09-16,118.25,90.09687805175781,12408800
2016-09-19,117.66000366210938,89.6473617553711,5457600
2016-09-20,117.94999694824219,89.8682861328125,5187700
2016-09-21,118.91000366210938,90.5997543334961,6337300
2016-09-22,119.45999908447266,91.01876831054688,5340500
2016-09-23,118.80999755859375,90.52351379394531,4773000
2016-09-26,117.77999877929688,89.73875427246094,5998900
2016-09-27,119.22000122070312,90.83594512939453,5349500
2016-09-28,119.38999938964844,90.96544647216797,5076100
2016-09-29,117.2699966430664,89.35018920898438,6190200
2016-09-30,118.12999725341797,90.00541687011719,7941100
2016-10-03,118.80999755859375,90.52351379394531,6098600
2016-10-04,118.81999969482422,90.53114318847656,5733900
2016-10-05,119.18000030517578,90.8054428100586,5778700
2016-10-06,118.75,90.47783660888672,4448500
2016-10-07,119.23999786376953,90.85115051269531,4799300
2016-10-10,119.80000305175781,91.27783966064453,3657000
2016-10-11,117.63999938964844,89.632080078125,6394200
2016-10-12,117.97000122070312,89.88353729248047,4685200
2016-10-13,118.26000213623047,90.1044921875,7387400
2016-10-14,117.55999755859375,89.57112121582031,5640500
2016-10-17,118.48999786376953,90.27975463867188,6956400
2016-10-18,115.41000366210938,87.93301391601562,12598300
2016-10-19,114.58999633789062,87.3082275390625,7400900
2016-10-20,114.87000274658203,87.52157592773438,6973000
2016-10-21,113.44000244140625,86.43204498291016,8422000
2016-10-24,113.61000061035156,86.56156921386719,6141900
2016-10-25,113.95999908447266,86.82823181152344,5595000
2016-10-26,114.55999755859375,87.28539276123047,6429200
2016-10-27,115.69999694824219,88.15397644042969,7548700
2016-10-28,115.33000183105469,87.87203979492188,8813300
2016-10-31,115.98999786376953,88.37491607666016,8552500
2016-11-01,115.33999633789062,87.87968444824219,7591900
2016-11-02,114.86000061035156,87.5139389038086,6591300
2016-11-03,115.02999877929688,87.64347839355469,6227100
2016-11-04,115.11000061035156,87.70443725585938,7160600
2016-11-07,116.66000366210938,88.88542175292969,6398200
2016-11-08,117.05000305175781,89.1825942993164,6675300
2016-11-09,120.30999755859375,91.66641998291016,16220000
2016-11-10,119.54000091552734,91.07976531982422,11904500
2016-11-11,118.47000122070312,90.2645034790039,8134800
2016-11-14,116.5999984741211,88.83969116210938,10054900
2016-11-15,116.31999969482422,88.62637329101562,7446700
2016-11-16,116.36000061035156,88.6568374633789,6594800
2016-11-17,116.56999969482422,88.81682586669922,5730300
2016-11-18,115.36000061035156,88.5022964477539,7717800
2016-11-21,115.0,88.2260971069336,5843300
2016-11-22,112.73999786376953,86.49225616455078,11649700
2016-11-23,113.06999969482422,86.74544525146484,7892600
2016-11-25,114.12999725341797,87.55865478515625,3433300
2016-11-28,113.12999725341797,86.79147338867188,9065700
2016-11-29,112.4800033569336,86.29280853271484,7799600
2016-11-30,111.30000305175781,85.38752746582031,11178500
2016-12-01,111.37999725341797,85.44889068603516,8143300
2016-12-02,111.95999908447266,85.89388275146484,6167700
2016-12-05,111.94000244140625,85.8785400390625,5451600
2016-12-06,112.05999755859375,85.97057342529297,6530400
2016-12-07,111.0999984741211,85.23406982421875,11761100
2016-12-08,110.98999786376953,85.14970397949219,7774900
2016-12-09,112.26000213623047,86.12403106689453,7672100
2016-12-12,115.36000061035156,88.5022964477539,9544600
2016-12-13,115.88999938964844,88.90889739990234,7051600
2016-12-14,114.98999786376953,88.21844482421875,9378700
2016-12-15,115.88999938964844,88.90889739990234,6738100
2016-12-16,115.87999725341797,88.9012222290039,11291100
2016-12-19,116.0199966430664,89.00865173339844,6310800
2016-12-20,115.66000366210938,88.73245239257812,5715200
2016-12-21,115.30999755859375,88.46392822265625,5907600
2016-12-22,115.44000244140625,88.56367492675781,4602300
2016-12-23,115.95999908447266,88.96259307861328,2992500
2016-12-27,115.91000366210938,88.92424011230469,3232600
2016-12-28,115.0999984741211,88.3028335571289,3278300
2016-12-29,115.48999786376953,88.60204315185547,2993600
2016-12-30,115.20999908447266,88.38721466064453,5506700
2017-01-03,115.83999633789062,88.87051391601562,5953000
2017-01-04,115.6500015258789,88.72477722167969,5828900
2017-01-05,116.86000061035156,89.65308380126953,6217200
2017-01-06,116.30000305175781,89.22345733642578,5221400
2017-01-09,116.27999877929688,89.20809936523438,5457500
2017-01-10,116.16000366210938,89.11604309082031,5312800
2017-01-11,114.7300033569336,88.01898193359375,8887200
2017-01-12,114.62000274658203,87.9345703125,6627300
2017-01-13,114.5999984741211,87.91924285888672,4935200
2017-01-17,114.87000274658203,88.1263656616211,6255400
2017-01-18,114.69999694824219,87.9959487915039,5014600
2017-01-19,114.19999694824219,87.61235809326172,5540800
2017-01-20,114.1500015258789,87.57398986816406,7502400
2017-01-23,113.91000366210938,87.38987731933594,7989800
2017-01-24,111.76000213623047,85.74043273925781,12450300
2017-01-25,112.80000305175781,86.5383071899414,9385500
2017-01-26,111.83999633789062,85.80181884765625,10164300
2017-01-27,113.37999725341797,86.9832534790039,8886100
2017-01-30,113.12999725341797,86.79147338867188,6969400
2017-01-31,113.25,86.8835220336914,8713400
2017-02-01,113.2300033569336,86.8681869506836,7082300
2017-02-02,113.56999969482422,87.12903594970703,7826300
2017-02-03,113.63999938964844,87.18273162841797,7267600
2017-02-06,113.4000015258789,86.99862670898438,6178400
2017-02-07,113.4800033569336,87.05998992919922,5507900
2017-02-08,113.4000015258789,86.99862670898438,5272000
2017-02-09,114.08000183105469,87.52030181884766,5854600
2017-02-10,115.23999786376953,88.41023254394531,6438500
2017-02-13,115.87999725341797,88.9012222290039,5710800
2017-02-14,116.36000061035156,89.26947784423828,5539100
2017-02-15,117.19999694824219,89.91389465332031,5979700
2017-02-16,118.08000183105469,90.58904266357422,7119300
2017-02-17,118.86000061035156,91.18744659423828,8691400
2017-02-21,119.66000366210938,91.80117797851562,8595100
2017-02-22,119.5199966430664,91.69378662109375,5103900
2017-02-23,121.69999694824219,93.36621856689453,9980900
2017-02-24,122.7300033569336,94.77949523925781,10835000
2017-02-27,122.4000015258789,94.5246353149414,5946200
2017-02-28,122.20999908447266,94.37789154052734,8885500
2017-03-01,123.86000061035156,95.65213775634766,9393900
2017-03-02,123.62999725341797,95.47451782226562,6950200
2017-03-03,123.79000091552734,95.59807586669922,5585200
2017-03-06,123.70999908447266,95.53629302978516,6670700
2017-03-07,123.83000183105469,95.62896728515625,6644000
2017-03-08,124.0999984741211,95.83748626708984,7909900
2017-03-09,125.94999694824219,97.26615142822266,8571100
2017-03-10,126.20999908447266,97.46693420410156,7395400
2017-03-13,126.68000030517578,97.82991790771484,7162500
2017-03-14,127.05000305175781,98.11564636230469,7679700
2017-03-15,128.9600067138672,99.59066772460938,8360600
2017-03-16,128.4600067138672,99.20453643798828,7610700
2017-03-17,128.05999755859375,98.89561462402344,13300800
2017-03-20,128.07000732421875,98.9033432006836,5827500
2017-03-21,127.25,98.27008819580078,7578600
2017-03-22,126.26000213623047,97.50556945800781,10272700
2017-03-23,125.9000015258789,97.22755432128906,8508100
2017-03-24,125.4800033569336,96.90318298339844,6490300
2017-03-27,125.80000305175781,97.15032958984375,5004300
2017-03-28,125.66000366210938,97.0422134399414,5287600
2017-03-29,124.91999816894531,96.47073364257812,3971800
2017-03-30,124.66000366210938,96.26993560791016,4711700
2017-03-31,124.55000305175781,96.18498992919922,5657600
2017-04-03,124.69000244140625,96.29312896728516,4956400
2017-04-04,124.68000030517578,96.28538513183594,5358500
2017-04-05,124.80000305175781,96.37804412841797,5646300
2017-04-06,125.05000305175781,96.57112884521484,4324200
2017-04-07,124.91999816894531,96.47073364257812,3615100
2017-04-10,124.33999633789062,96.0228271484375,4594200
2017-04-11,124.22000122070312,95.93013763427734,4161500
2017-04-12,125.4000015258789,96.84142303466797,5556600
2017-04-13,124.98999786376953,96.52479553222656,5396500
2017-04-17,125.72000122070312,97.08853149414062,5367500
2017-04-18,121.81999969482422,94.07671356201172,13485700
2017-04-19,121.37000274658203,93.72920227050781,6993100
2017-04-20,121.87000274658203,94.11534118652344,6330100
2017-04-21,121.76000213623047,94.0303955078125,6021700
2017-04-24,122.88999938964844,94.90304565429688,5679000
2017-04-25,123.43000030517578,95.32006072998047,5090000
2017-04-26,123.51000213623047,95.3818588256836,5021800
2017-04-27,123.73999786376953,95.55945587158203,4225200
2017-04-28,123.47000122070312,95.35094451904297,4381800
2017-05-01,123.33999633789062,95.25056457519531,4556400
2017-05-02,123.69999694824219,95.528564453125,4881600
2017-05-03,123.33000183105469,95.24283599853516,3736500
2017-05-04,123.94999694824219,95.72164916992188,3753700
2017-05-05,123.51000213623047,95.3818588256836,4139800
2017-05-08,123.25,95.18104553222656,3608600
2017-05-09,123.20999908447266,95.15016174316406,3762500
2017-05-10,122.80999755859375,94.84124755859375,4237400
2017-05-11,123.19999694824219,95.14242553710938,4095900
2017-05-12,123.63999938964844,95.48222351074219,4097100
2017-05-15,126.98999786376953,98.06932067871094,9854600
2017-05-16,127.7699966430664,98.6716537475586,7233800
2017-05-17,126.66999816894531,97.82218170166016,6480800
2017-05-18,126.97000122070312,98.0538558959961,6571300
2017-05-19,127.0,98.0770263671875,6957200
2017-05-22,127.26000213623047,98.27782440185547,4858200
2017-05-23,127.5199966430664,98.47859954833984,3972500
2017-05-24,127.51000213623047,98.47086334228516,3965200
2017-05-25,127.52999877929688,99.13941955566406,5294300
2017-05-26,126.91999816894531,98.66522979736328,4005200
2017-05-30,127.11000061035156,98.81294250488281,3665400
2017-05-31,128.25,99.69914245605469,8813500
2017-06-01,128.77999877929688,100.11115264892578,5790900
2017-06-02,130.0800018310547,101.1217269897461,6562600
2017-06-05,130.36000061035156,101.33941650390625,4634700
2017-06-06,130.8300018310547,101.70478820800781,5619100
2017-06-07,130.75,101.64258575439453,5765200
2017-06-08,130.5500030517578,101.48711395263672,8101700
2017-06-09,131.52999877929688,102.24896240234375,5992500
2017-06-12,131.82000732421875,102.47440338134766,8020700
2017-06-13,132.02000427246094,102.6298828125,5733800
2017-06-14,132.77000427246094,103.21292114257812,7329400
2017-06-15,133.0399932861328,103.42280578613281,5265000
2017-06-16,134.35000610351562,104.44119262695312,12639600
2017-06-19,134.07000732421875,104.22350311279297,7488700
2017-06-20,134.22000122070312,104.34010314941406,5201200
2017-06-21,134.91000366210938,104.8764877319336,5841100
2017-06-22,136.0500030517578,105.76274108886719,7311000
2017-06-23,136.42999267578125,106.05811309814453,9007100
2017-06-26,136.33999633789062,105.9881820678711,5561800
2017-06-27,135.00999450683594,104.95426177978516,6120500
2017-06-28,133.82000732421875,104.02919006347656,6557900
2017-06-29,132.63999938964844,103.11185455322266,5750000
2017-06-30,132.2899932861328,102.83975982666016,5264400
2017-07-03,132.89999389648438,103.31398010253906,2931000
2017-07-05,133.63999938964844,103.88921356201172,4302700
2017-07-06,132.52000427246094,103.01854705810547,4282200
2017-07-07,132.5399932861328,103.03410339355469,4994100
2017-07-10,131.5500030517578,102.2645034790039,4019600
2017-07-11,131.22999572753906,102.01573944091797,3733100
2017-07-12,132.22999572753906,102.79312896728516,5053200
2017-07-13,131.86000061035156,102.5054702758789,4424400
2017-07-14,132.60000610351562,103.08076477050781,4383100
2017-07-17,132.14999389648438,102.73091888427734,4939400
2017-07-18,134.4600067138672,104.52669525146484,10256000
2017-07-19,135.2100067138672,105.10971069335938,5503300
2017-07-20,136.57000732421875,106.16697692871094,6088600
2017-07-21,135.30999755859375,105.18744659423828,6773500
2017-07-24,133.00999450683594,103.39945220947266,8306700
2017-07-25,131.8800048828125,102.5210189819336,6262900
2017-07-26,130.9499969482422,101.79804992675781,5382200
2017-07-27,130.8300018310547,101.70478820800781,5838100
2017-07-28,131.85000610351562,102.49773406982422,4970900
2017-07-31,132.72000122070312,103.17401885986328,5440800
2017-08-01,132.50999450683594,103.01079559326172,3837600
2017-08-02,132.16000366210938,102.73873901367188,4032100
2017-08-03,133.35000610351562,103.66378021240234,4327300
2017-08-04,133.17999267578125,103.53160095214844,3192800
2017-08-07,132.86000061035156,103.2828598022461,3010800
2017-08-08,132.27000427246094,102.82421112060547,5535800
2017-08-09,133.22999572753906,103.57051849365234,6332300
2017-08-10,133.08999633789062,103.46166229248047,5607900
2017-08-11,133.10000610351562,103.46946716308594,4270600
2017-08-14,133.47999572753906,103.76486206054688,3041100
2017-08-15,133.3800048828125,103.6871109008789,3931800
2017-08-16,134.1699981689453,104.30122375488281,4469900
2017-08-17,133.0399932861328,103.42280578613281,5741400
2017-08-18,132.6300048828125,103.10405731201172,4792800
2017-08-21,133.4499969482422,103.74151611328125,4660000
2017-08-22,134.6999969482422,104.71324920654297,4150300
2017-08-23,132.8000030517578,103.2362289428711,5129900
2017-08-24,132.88999938964844,103.30618286132812,5398400
2017-08-25,131.67999267578125,103.0167465209961,4133300
2017-08-28,131.74000549316406,103.06369018554688,5349200
2017-08-29,132.2100067138672,103.4313735961914,3277900
2017-08-30,131.07000732421875,102.53951263427734,5430800
2017-08-31,132.3699951171875,103.5565414428711,7407100
2017-09-01,131.02999877929688,102.50822448730469,3820800
2017-09-05,129.89999389648438,101.62417602539062,5146600
2017-09-06,130.6699981689453,102.22657775878906,5601900
2017-09-07,132.19000244140625,103.41571044921875,3800200
2017-09-08,130.97999572753906,102.46910858154297,4854400
2017-09-11,133.2100067138672,104.21369934082031,5724200
2017-09-12,132.6300048828125,103.75993347167969,5465200
2017-09-13,132.4499969482422,103.61912536621094,4679500
2017-09-14,134.17999267578125,104.97252655029297,6274500
2017-09-15,134.4499969482422,105.18376922607422,15522000
2017-09-18,135.3800048828125,105.91130828857422,5260800
2017-09-19,135.22000122070312,105.7861557006836,4903800
2017-09-20,133.22000122070312,104.22151947021484,8705500
2017-09-21,131.75,103.07147979736328,6051800
2017-09-22,131.38999938964844,102.78984832763672,4334900
2017-09-25,131.1699981689453,102.61775207519531,6017400
2017-09-26,130.94000244140625,102.43779754638672,4516200
2017-09-27,129.75,101.5068588256836,5796100
2017-09-28,129.47000122070312,101.28780364990234,3992700
2017-09-29,130.00999450683594,101.71022033691406,5736900
2017-10-02,131.22000122070312,102.65685272216797,4492900
2017-10-03,132.10000610351562,103.34530639648438,3900800
2017-10-04,132.88999938964844,103.9633560180664,3589000
2017-10-05,133.19000244140625,104.1980209350586,3741100
2017-10-06,133.22000122070312,104.22151947021484,2469500
2017-10-09,133.4499969482422,104.40143585205078,3750500
2017-10-10,133.89999389648438,104.75350952148438,4184600
2017-10-11,136.64999389648438,106.90487670898438,8269400
2017-10-12,136.8300018310547,107.04570770263672,5172800
2017-10-13,136.42999267578125,106.73277282714844,4106600
2017-10-16,136.1199951171875,106.49026489257812,5120100
2017-10-17,140.7899932861328,110.14373016357422,11717300
2017-10-18,140.67999267578125,110.05764770507812,6827700
2017-10-19,142.0399932861328,111.12161254882812,9181300
2017-10-20,142.39999389648438,111.40328216552734,5634500
2017-10-23,143.6199951171875,112.35771179199219,6686000
2017-10-24,141.63999938964844,110.80867767333984,6585800
2017-10-25,142.36000061035156,111.37199401855469,6563600
2017-10-26,141.80999755859375,110.94165802001953,5841100
2017-10-27,141.77999877929688,110.91822052001953,5140100
2017-10-30,140.0,109.52569580078125,6034300
2017-10-31,139.41000366210938,109.06411743164062,4832100
2017-11-01,139.97999572753906,109.51004791259766,5006800
2017-11-02,139.92999267578125,109.47090148925781,3494100
2017-11-03,140.0800018310547,109.58831024169922,2737000
2017-11-06,139.75999450683594,109.33792877197266,4220700
2017-11-07,139.77000427246094,109.34574890136719,4201900
2017-11-08,141.32000732421875,110.55836486816406,4440700
2017-11-09,140.35000610351562,109.7995376586914,3517100
2017-11-10,139.55999755859375,109.18144989013672,4240800
2017-11-13,139.75999450683594,109.33792877197266,4322300
2017-11-14,139.49000549316406,109.126708984375,4078200
2017-11-15,139.10000610351562,108.82162475585938,4811500
2017-11-16,138.8699951171875,108.64167022705078,4193800
2017-11-17,138.0,107.9610595703125,4247400
2017-11-20,137.92999267578125,107.90625762939453,4266300
2017-11-21,138.33999633789062,108.22702026367188,5660600
2017-11-22,137.2899932861328,107.40560150146484,3917000
2017-11-24,138.00999450683594,107.96882629394531,2606800
2017-11-27,138.10000610351562,108.70087432861328,3933100
2017-11-28,140.02000427246094,110.21217346191406,5052800
2017-11-29,139.80999755859375,110.04684448242188,5851400
2017-11-30,139.3300018310547,109.66900634765625,8941900
2017-12-01,139.97999572753906,110.1806640625,5990500
2017-12-04,139.00999450683594,109.41716003417969,5916700
2017-12-05,139.6699981689453,109.9366455078125,6745300
2017-12-06,141.05999755859375,111.03074645996094,5591700
2017-12-07,140.00999450683594,110.20429229736328,4713100
2017-12-08,140.58999633789062,110.66077423095703,5101300
2017-12-11,141.13999938964844,111.09371948242188,4358600
2017-12-12,142.60000610351562,112.242919921875,8016700
2017-12-13,142.88999938964844,112.47118377685547,6118400
2017-12-14,141.64999389648438,111.49515533447266,5337900
2017-12-15,142.4600067138672,112.13272857666016,12517000
2017-12-18,141.8000030517578,111.61322021484375,5833200
2017-12-19,141.77999877929688,111.59747314453125,6580100
2017-12-20,141.16000366210938,111.10946655273438,6289800
2017-12-21,141.05999755859375,111.03074645996094,6284700
2017-12-22,140.1199951171875,110.29086303710938,4665600
2017-12-26,140.08999633789062,110.26725769042969,3271100
2017-12-27,140.57000732421875,110.64506530761719,3753600
2017-12-28,140.55999755859375,110.6371841430664,2485000
2017-12-29,139.72000122070312,109.97602081298828,4452900
2018-01-02,139.22999572753906,109.59032440185547,6842100
2018-01-03,140.55999755859375,110.6371841430664,5350500
2018-01-04,140.5500030517578,110.62930297851562,4837600
2018-01-05,141.7100067138672,111.5423812866211,6158800
2018-01-08,141.88999938964844,111.6840591430664,5129800
2018-01-09,144.13999938964844,113.4551010131836,8897000
2018-01-10,143.97000122070312,113.3212661743164,6558600
2018-01-11,144.7899932861328,113.96668243408203,4962200
2018-01-12,145.75999450683594,114.73019409179688,5450600
2018-01-16,146.86000061035156,115.59606170654297,8804000
2018-01-17,146.97999572753906,115.69047546386719,10619700
2018-01-18,146.9199981689453,115.64324951171875,5554800
2018-01-19,147.36000061035156,115.9895248413086,8738800
2018-01-22,148.13999938964844,116.60350799560547,7010400
2018-01-23,141.8300018310547,111.63684844970703,17473600
2018-01-24,142.07000732421875,111.82574462890625,13034400
2018-01-25,144.39999389648438,113.65972900390625,7938800
2018-01-26,145.3300018310547,114.3917465209961,8065600
2018-01-29,143.67999267578125,113.09297943115234,8013400
2018-01-30,142.42999267578125,112.10909271240234,8376100
2018-01-31,138.19000244140625,108.77172088623047,13137400
2018-02-01,140.02000427246094,110.21217346191406,9393600
2018-02-02,137.67999267578125,108.37029266357422,9262500
2018-02-05,130.38999938964844,102.6322021484375,19954100
2018-02-06,131.8300018310547,103.76566314697266,19193500
2018-02-07,131.4199981689453,103.44290924072266,10550400
2018-02-08,126.36000061035156,99.46011352539062,11680200
2018-02-09,129.52999877929688,101.9552993774414,15030900
2018-02-12,130.27000427246094,102.53773498535156,9963900
2018-02-13,129.9600067138672,102.29373931884766,6339000
2018-02-14,129.6699981689453,102.06550598144531,6259700
2018-02-15,131.22999572753906,103.29337310791016,5606400
2018-02-16,133.14999389648438,104.80464172363281,7970100
2018-02-20,130.8699951171875,103.01002502441406,6563500
2018-02-21,129.91000366210938,102.25436401367188,6578000
2018-02-22,129.91000366210938,102.25436401367188,5732200
2018-02-23,132.02000427246094,103.91520690917969,5126800
2018-02-26,132.07000732421875,104.62024688720703,6684400
2018-02-27,131.6699981689453,104.30335235595703,7158600
2018-02-28,129.8800048828125,102.88540649414062,7985900
2018-03-01,127.27999877929688,100.82579803466797,9424000
2018-03-02,128.82000732421875,102.04572296142578,6910400
2018-03-05,129.7899932861328,102.81410217285156,5799800
2018-03-06,128.22000122070312,101.5704345703125,5546500
2018-03-07,129.0399932861328,102.2199935913086,6391700
2018-03-08,132.05999755859375,104.61228942871094,6423400
2018-03-09,133.8000030517578,105.99066925048828,7557800
2018-03-12,132.6300048828125,105.06383514404297,4942000
2018-03-13,134.35000610351562,106.42635345458984,9152300
2018-03-14,132.32000732421875,104.81826782226562,6770600
2018-03-15,133.05999755859375,105.40446472167969,6147200
2018-03-16,133.67999267578125,105.89559936523438,14233500
2018-03-19,130.24000549316406,103.17060089111328,6017000
2018-03-20,131.2100067138672,103.93899536132812,6214300
2018-03-21,131.19000244140625,103.92311096191406,5158700
2018-03-22,127.37999725341797,100.90501403808594,7560100
2018-03-23,125.0999984741211,99.098876953125,8452500
2018-03-26,127.38999938964844,100.9129409790039,8358200
2018-03-27,127.20999908447266,100.77034759521484,7789900
2018-03-28,127.44999694824219,100.96044158935547,6868500
2018-03-29,128.14999389648438,101.51497650146484,6119400
2018-04-02,124.55999755859375,98.6711196899414,8916900
2018-04-03,128.35000610351562,101.67341613769531,8035000
2018-04-04,130.41000366210938,103.30525207519531,7717100
2018-04-05,130.7100067138672,103.54290008544922,5621700
2018-04-06,128.10000610351562,101.47538757324219,6399300
2018-04-09,129.47999572753906,102.56855010986328,6395800
2018-04-10,130.25,103.17852020263672,6019300
2018-04-11,129.6300048828125,102.68738555908203,4575400
2018-04-12,130.42999267578125,103.32109832763672,4559800
2018-04-13,130.6199951171875,103.47158813476562,4742300
2018-04-16,131.75999450683594,104.37467956542969,6379600
2018-04-17,130.5399932861328,103.408203125,11008700
2018-04-18,127.72000122070312,101.1743392944336,9383600
2018-04-19,127.55000305175781,101.03968811035156,5959500
2018-04-20,126.66000366210938,100.33464050292969,7743900
2018-04-23,126.83000183105469,100.46931457519531,7501900
2018-04-24,126.19000244140625,99.96234893798828,6577500
2018-04-25,126.76000213623047,100.41387176513672,5859600
2018-04-26,128.00999450683594,101.404052734375,8211100
2018-04-27,128.27000427246094,101.61002349853516,4266800
2018-04-30,126.48999786376953,100.19998931884766,8219400
2018-05-01,126.01000213623047,99.81977081298828,5122600
2018-05-02,123.5,97.8314437866211,7390800
2018-05-03,123.02999877929688,97.45911407470703,7282900
2018-05-04,124.19000244140625,98.37803649902344,6127600
2018-05-07,123.58999633789062,97.90271759033203,6707900
2018-05-08,122.61000061035156,97.12641906738281,5951800
2018-05-09,123.51000213623047,97.83936309814453,6808600
2018-05-10,125.3499984741211,99.29692840576172,4948000
2018-05-11,127.23999786376953,100.79409790039062,5716700
2018-05-14,126.05999755859375,99.85934448242188,6101600
2018-05-15,125.12999725341797,99.12265014648438,5875700
2018-05-16,125.3499984741211,99.29692840576172,3818100
2018-05-17,123.8499984741211,98.10870361328125,6473400
2018-05-18,124.23999786376953,98.4176254272461,5433900
2018-05-21,123.72000122070312,98.00572204589844,5558700
2018-05-22,122.91000366210938,97.36404418945312,7172700
2018-05-23,123.44999694824219,97.79182434082031,4940800
2018-05-24,122.25,96.84125518798828,6923600
2018-05-25,121.47000122070312,96.93699645996094,4594800
2018-05-29,119.4000015258789,95.28507995605469,9821900
2018-05-30,120.97000122070312,96.53799438476562,6423700
2018-05-31,119.62000274658203,95.46063995361328,10337500
2018-06-01,121.26000213623047,96.76940155029297,5741000
2018-06-04,121.94999694824219,97.32003021240234,4853000
2018-06-05,121.4800033569336,96.9449691772461,5125400
2018-06-06,122.79000091552734,97.99040222167969,6799300
2018-06-07,123.33000183105469,98.42134094238281,7414100
2018-06-08,124.05999755859375,99.00392150878906,6208100
2018-06-11,122.66000366210938,97.88668823242188,5571400
2018-06-12,122.54000091552734,97.79090881347656,5227300
2018-06-13,122.62999725341797,97.86270904541016,5836900
2018-06-14,122.41000366210938,97.68714141845703,5239200
2018-06-15,122.61000061035156,97.84677124023438,13173500
2018-06-18,121.31999969482422,96.81729125976562,6787400
2018-06-19,122.56999969482422,97.8148193359375,8572400
2018-06-20,122.04000091552734,97.39191436767578,6277200
2018-06-21,121.44999694824219,96.92102813720703,4417200
2018-06-22,122.83999633789062,98.03031158447266,9501400
2018-06-25,122.58999633789062,97.8307876586914,8170500
2018-06-26,122.3499984741211,97.63925170898438,5496400
2018-06-27,121.61000061035156,97.04875946044922,5666000
2018-06-28,122.0,97.35997772216797,5296800
2018-06-29,121.33999633789062,96.833251953125,7308700
2018-07-02,121.58000183105469,97.02481079101562,5481400
2018-07-03,122.70999908447266,97.92658233642578,4248100
2018-07-05,125.0,99.75408172607422,7319100
2018-07-06,125.75,100.35258483886719,7297900
2018-07-09,126.05000305175781,100.59197998046875,6706100
2018-07-10,127.37999725341797,101.65338134765625,5075600
2018-07-11,126.23999786376953,100.7436294555664,4827400
2018-07-12,127.76000213623047,101.95661926269531,6199000
2018-07-13,125.93000030517578,100.49622344970703,8250200
2018-07-16,124.69000244140625,99.50667572021484,7314400
2018-07-17,129.11000061035156,103.03397369384766,12858700
2018-07-18,127.80000305175781,101.9885482788086,7152000
2018-07-19,125.94000244140625,100.50420379638672,5984600
2018-07-20,125.8499984741211,100.4323959350586,5835500
2018-07-23,126.62999725341797,101.05485534667969,4631100
2018-07-24,129.36000061035156,103.23347473144531,7158800
2018-07-25,128.6199951171875,102.6429214477539,6523000
2018-07-26,130.27999877929688,103.9676742553711,7640600
2018-07-27,131.5500030517578,104.98115539550781,6620400
2018-07-30,132.1699981689453,105.47595977783203,11013100
2018-07-31,132.52000427246094,105.75526428222656,7598900
2018-08-01,132.63999938964844,105.8510513305664,5770400
2018-08-02,131.25,104.74177551269531,6563300
2018-08-03,131.9499969482422,105.30039978027344,6498700
2018-08-06,132.02000427246094,105.35625457763672,5840000
2018-08-07,131.4600067138672,104.90933990478516,4664600
2018-08-08,131.1699981689453,104.67793273925781,3721500
2018-08-09,131.1999969482422,104.70186614990234,4057800
2018-08-10,130.75,104.34275817871094,4324000
2018-08-13,130.22000122070312,103.91979217529297,3778000
2018-08-14,129.5,103.3452377319336,4542800
2018-08-15,130.42999267578125,104.08738708496094,5377300
2018-08-16,132.47999572753906,105.72334289550781,7861500
2018-08-17,134.47000122070312,107.31141662597656,6700900
2018-08-20,136.8800048828125,109.23468780517578,7935000
2018-08-21,135.35000610351562,108.01370239257812,5832100
2018-08-22,134.61000061035156,107.42314147949219,4688400
2018-08-23,135.11000061035156,107.82215118408203,5057600
2018-08-24,135.9499969482422,108.49252319335938,4809400
2018-08-27,134.9199981689453,108.3880844116211,4325900
2018-08-28,134.32000732421875,107.90606689453125,6037500
2018-08-29,134.86000061035156,108.33989715576172,4648700
2018-08-30,134.9499969482422,108.41218566894531,4821900
2018-08-31,134.69000244140625,108.20331573486328,6139500
2018-09-04,133.72000122070312,107.42406463623047,4406800
2018-09-05,135.86000061035156,109.14323425292969,6174800
2018-09-06,136.8699951171875,109.95462036132812,6562000
2018-09-07,137.32000732421875,110.31613159179688,6375200
2018-09-10,137.2100067138672,110.22775268554688,4892200
2018-09-11,138.50999450683594,111.2720947265625,7856800
2018-09-12,139.36000061035156,111.95494842529297,6767700
2018-09-13,139.88999938964844,112.38075256347656,6456100
2018-09-14,139.49000549316406,112.05937957763672,4534800
2018-09-17,139.9600067138672,112.43697357177734,5295500
2018-09-18,140.5399932861328,112.90290069580078,4581200
2018-09-19,140.4600067138672,112.8386459350586,5049900
2018-09-20,141.97999572753906,114.05972290039062,5019300
2018-09-21,142.8800048828125,114.78279113769531,13283400
2018-09-24,140.47000122070312,112.84668731689453,6708000
2018-09-25,138.63999938964844,111.37653350830078,7982800
2018-09-26,138.16000366210938,110.99093627929688,7133300
2018-09-27,138.22000122070312,111.03912353515625,6450500
2018-09-28,138.1699981689453,110.99897003173828,6638500
2018-10-01,139.69000244140625,112.22006225585938,4871800
2018-10-02,140.47999572753906,112.85469055175781,6439100
2018-10-03,139.02999877929688,111.68988037109375,5411800
2018-10-04,139.35000610351562,111.94692993164062,4738700
2018-10-05,139.10000610351562,111.74609375,4309300
2018-10-08,139.38999938964844,111.97904968261719,5174100
2018-10-09,139.1999969482422,111.826416015625,4475300
2018-10-10,137.72999572753906,110.64552307128906,7265600
2018-10-11,133.83999633789062,107.52047729492188,11603200
2018-10-12,133.8699951171875,107.54457092285156,6998000
2018-10-15,133.9499969482422,107.60884094238281,6398700
2018-10-16,136.55999755859375,109.7055892944336,9592800
2018-10-17,139.4600067138672,112.03529357910156,8261100
2018-10-18,139.5,112.06741333007812,7583900
2018-10-19,139.0500030517578,111.70592498779297,5924800
2018-10-22,138.67999267578125,111.40865325927734,4864300
2018-10-23,138.92999267578125,111.60952758789062,8282700
2018-10-24,137.47000122070312,110.43663787841797,8279200
2018-10-25,138.47000122070312,111.23998260498047,9720700
2018-10-26,136.97000122070312,110.03492736816406,11371400
2018-10-29,137.5500030517578,110.50089263916016,6783000
2018-10-30,140.75,113.07160949707031,9646200
2018-10-31,139.99000549316406,112.46109008789062,9968900
2018-11-01,140.82000732421875,113.12784576416016,6913500
2018-11-02,140.67999267578125,113.01536560058594,7673200
2018-11-05,142.1999969482422,114.23648071289062,5601400
2018-11-06,142.57000732421875,114.53372192382812,5798900
2018-11-07,144.75,116.28497314453125,7173600
2018-11-08,145.3000030517578,116.72688293457031,5497100
2018-11-09,145.33999633789062,116.75899505615234,5343100
2018-11-12,145.6199951171875,116.98391723632812,7013600
2018-11-13,144.67999267578125,116.22876739501953,7432300
2018-11-14,144.25,115.88336181640625,6433100
2018-11-15,144.5,116.08421325683594,6657900
2018-11-16,145.99000549316406,117.28119659423828,8494300
2018-11-19,147.72999572753906,118.67899322509766,8714600
2018-11-20,146.4499969482422,117.6507339477539,8937700
2018-11-21,141.99000549316406,114.06777954101562,10275400
2018-11-23,142.22999572753906,114.26056671142578,3404900
2018-11-26,141.3699951171875,114.29289245605469,7590900
2018-11-27,143.22000122070312,115.78855895996094,5962100
2018-11-28,146.44000244140625,118.39186096191406,8411400
2018-11-29,145.85000610351562,117.91485595703125,6900000
2018-11-30,146.89999389648438,118.76373291015625,12517600
2018-12-03,146.2100067138672,118.20590209960938,8827200
2018-12-04,146.02999877929688,118.06037139892578,9803500
2018-12-06,145.91000366210938,117.96333312988281,11572500
2018-12-07,145.42999267578125,117.57527923583984,9444500
2018-12-10,145.25999450683594,117.43785095214844,6848100
2018-12-11,146.5,118.4403305053711,9857400
2018-12-12,147.10000610351562,118.92544555664062,8869200
2018-12-13,147.83999633789062,119.52369689941406,6008300
2018-12-14,133.0,107.52603912353516,58140200
2018-12-17,129.13999938964844,104.40536499023438,36933100
2018-12-18,130.4199981689453,105.4402084350586,24640100
2018-12-19,127.61000061035156,103.16842651367188,21232100
2018-12-20,128.27000427246094,103.70199584960938,16609600
2018-12-21,128.08999633789062,103.55648040771484,19732900
2018-12-24,122.83999633789062,99.31204223632812,7531900
2018-12-26,126.70999908447266,102.4407958984375,9253000
2018-12-27,127.41000366210938,103.00672912597656,9918700
2018-12-28,127.2699966430664,102.8935317993164,6537200
2018-12-31,129.0500030517578,104.33260345458984,7409900
2019-01-02,127.75,103.28160095214844,7631700
2019-01-03,125.72000122070312,101.64041900634766,8654500
2019-01-04,127.83000183105469,103.34629821777344,8831700
2019-01-07,127.01000213623047,102.68335723876953,8404700
2019-01-08,129.9600067138672,105.06831359863281,9351600
2019-01-09,128.92999267578125,104.23558807373047,7403500
2019-01-10,129.7100067138672,104.86621856689453,6224400
2019-01-11,129.75,104.89852905273438,5300400
2019-01-14,128.27999877929688,103.71009063720703,7374400
2019-01-15,129.36000061035156,104.58323669433594,5194400
2019-01-16,128.0399932861328,103.51605224609375,6264200
2019-01-17,129.08999633789062,104.36495208740234,7632000
2019-01-18,130.69000244140625,105.65851593017578,10593000
2019-01-22,128.8000030517578,104.13047790527344,10568100
2019-01-23,128.8000030517578,104.13047790527344,9267800
2019-01-24,127.02999877929688,102.69952392578125,9917000
2019-01-25,128.22999572753906,103.66967010498047,7585100
2019-01-28,128.99000549316406,104.28410339355469,6927700
2019-01-29,130.3300018310547,105.3674545288086,6669300
2019-01-30,131.63999938964844,106.42652130126953,7299300
2019-01-31,133.0800018310547,107.59072875976562,17298100
2019-02-01,134.1999969482422,108.49620056152344,9575200
2019-02-04,132.8800048828125,107.42903900146484,7759000
2019-02-05,132.8800048828125,107.42903900146484,6449800
2019-02-06,133.0,107.52603912353516,5066100
2019-02-07,132.0500030517578,106.75799560546875,6085300
2019-02-08,132.39999389648438,107.04096221923828,4436700
2019-02-11,132.0,106.71759033203125,4962200
2019-02-12,134.16000366210938,108.46388244628906,6262300
2019-02-13,134.4499969482422,108.69833374023438,7902200
2019-02-14,134.30999755859375,108.58513641357422,3910400
2019-02-15,136.3800048828125,110.25868225097656,6665000
2019-02-19,135.69000244140625,109.70083618164062,5935500
2019-02-20,136.35000610351562,110.23442077636719,6089800
2019-02-21,135.4199981689453,109.48255157470703,6665500
2019-02-22,136.60000610351562,110.43653869628906,5223900
2019-02-25,136.1999969482422,110.84344482421875,6846600
2019-02-26,136.11000061035156,110.77019500732422,5106900
2019-02-27,135.8699951171875,110.57488250732422,4378100
2019-02-28,136.63999938964844,111.2015380859375,10133200
2019-03-01,138.35000610351562,112.59317779541016,5641600
2019-03-04,138.47999572753906,112.69896697998047,8377700
2019-03-05,138.77000427246094,112.93498229980469,6568900
2019-03-06,139.08999633789062,113.19544219970703,6236900
2019-03-07,138.24000549316406,112.503662109375,6100400
2019-03-08,138.05999755859375,112.3571548461914,7046700
2019-03-11,138.55999755859375,112.7640609741211,6150400
2019-03-12,139.17999267578125,113.26866912841797,5552900
2019-03-13,139.41000366210938,113.4558334350586,6446900
2019-03-14,138.02000427246094,112.3246078491211,8493600
2019-03-15,137.60000610351562,111.98283386230469,11922500
2019-03-18,137.1699981689453,111.63286590576172,7369600
2019-03-19,138.44000244140625,112.66642761230469,5882500
2019-03-20,137.2899932861328,111.73051452636719,5475700
2019-03-21,138.10000610351562,112.38971710205078,5765100
2019-03-22,136.91000366210938,111.42125701904297,6528800
2019-03-25,136.61000061035156,111.1771240234375,4500300
2019-03-26,138.57000732421875,112.772216796875,4758600
2019-03-27,138.6999969482422,112.8780288696289,6764900
2019-03-28,138.8800048828125,113.02452850341797,4602100
2019-03-29,139.7899932861328,113.76506805419922,7168400
2019-04-01,138.97999572753906,113.10591888427734,5885200
2019-04-02,137.7100067138672,112.07237243652344,5517800
2019-04-03,137.1699981689453,111.63286590576172,5947000
2019-04-04,135.57000732421875,110.33074188232422,5844600
2019-04-05,136.17999267578125,110.82718658447266,4759700
2019-04-08,136.13999938964844,110.79462432861328,4329600
2019-04-09,135.57000732421875,110.33074188232422,5210300
2019-04-10,135.5800018310547,110.3388900756836,4194100
2019-04-11,135.2100067138672,110.03775024414062,4485200
2019-04-12,135.97999572753906,110.66437530517578,5756800
2019-04-15,136.52000427246094,111.1038589477539,5380900
2019-04-16,138.02000427246094,112.3246078491211,10745700
2019-04-17,138.52000427246094,112.73151397705078,9543700
2019-04-18,137.52000427246094,111.91768646240234,10485300
2019-04-22,137.8300018310547,112.16998291015625,4666500
2019-04-23,139.89999389648438,113.8546142578125,5790500
2019-04-24,139.1999969482422,113.284912109375,5676300
2019-04-25,139.64999389648438,113.65118408203125,5218100
2019-04-26,140.38999938964844,114.25338745117188,4613600
2019-04-29,139.83999633789062,113.8057861328125,4275200
2019-04-30,141.1999969482422,114.91258239746094,6003700
2019-05-01,141.9499969482422,115.52297973632812,6656300
2019-05-02,141.27999877929688,114.97770690917969,8835600
2019-05-03,142.00999450683594,115.57178497314453,5281600
2019-05-06,142.08999633789062,115.63687896728516,5818900
2019-05-07,139.97000122070312,113.91160583496094,6606700
2019-05-08,139.7899932861328,113.76506805419922,4667300
2019-05-09,138.72999572753906,112.90242767333984,5604200
2019-05-10,139.0500030517578,113.16285705566406,4771600
2019-05-13,137.1999969482422,111.65726470947266,5560000
2019-05-14,136.82000732421875,111.3479995727539,7179400
2019-05-15,136.91000366210938,111.42125701904297,6429400
2019-05-16,138.2100067138672,112.47925567626953,6857200
2019-05-17,138.61000061035156,112.80477142333984,6915300
2019-05-20,138.4199981689453,112.65015411376953,4771100
2019-05-21,138.1199951171875,112.40599060058594,4859000
2019-05-22,138.75999450683594,112.92682647705078,5456800
2019-05-23,139.7899932861328,113.76506805419922,6951800
2019-05-24,138.85000610351562,113.7732925415039,5473300
2019-05-28,137.07000732421875,112.31478881835938,11919600
2019-05-29,131.3300018310547,107.61141204833984,23247400
2019-05-30,132.11000061035156,108.25054168701172,7360600
2019-05-31,131.14999389648438,107.46392822265625,7811000
2019-06-03,131.44000244140625,107.70155334472656,8434600
2019-06-04,133.72999572753906,109.5779800415039,6648900
2019-06-05,134.3800048828125,110.110595703125,6860600
2019-06-06,136.67999267578125,111.99516296386719,9115800
2019-06-07,138.5500030517578,113.5274658203125,6533900
2019-06-10,139.02000427246094,113.9125747680664,4994700
2019-06-11,139.77999877929688,114.53530883789062,8230500
2019-06-12,141.67999267578125,116.09219360351562,9216500
2019-06-13,140.7100067138672,115.29737854003906,7500800
2019-06-14,140.08999633789062,114.78932189941406,6548100
2019-06-17,139.44000244140625,114.2567138671875,5562800
2019-06-18,140.22999572753906,114.90403747558594,7122700
2019-06-19,140.4499969482422,115.08431243896484,6393400
2019-06-20,142.2100067138672,116.52648162841797,7335800
2019-06-21,142.08999633789062,116.42810821533203,11272200
2019-06-24,143.05999755859375,117.22297668457031,5894700
2019-06-25,144.24000549316406,118.18980407714844,7517000
2019-06-26,141.85000610351562,116.23146057128906,7674100
2019-06-27,140.69000244140625,115.28096008300781,5233500
2019-06-28,139.27999877929688,114.12561798095703,12792400
2019-07-01,139.36000061035156,114.19115447998047,5872300
2019-07-02,140.02999877929688,114.74015808105469,4501200
2019-07-03,142.13999938964844,116.46907806396484,3436300
2019-07-05,140.57000732421875,115.1826400756836,4652400
2019-07-08,140.97000122070312,115.51042175292969,4078100
2019-07-09,141.41000366210938,115.87094116210938,4217400
2019-07-10,141.2100067138672,115.70703125,4874400
2019-07-11,140.11000061035156,114.80570983886719,5817400
2019-07-12,134.3000030517578,110.04502868652344,17780100
2019-07-15,134.7100067138672,110.3809585571289,10038200
2019-07-16,132.5,108.57012176513672,10214500
2019-07-17,131.86000061035156,108.04569244384766,8862100
2019-07-18,132.07000732421875,108.21775817871094,6203100
2019-07-19,130.30999755859375,106.77562713623047,8340200
2019-07-22,128.63999938964844,105.4072265625,12624800
2019-07-23,128.83999633789062,105.57110595703125,5803600
2019-07-24,129.77999877929688,106.34134674072266,6838600
2019-07-25,131.1199951171875,107.43934631347656,8897800
2019-07-26,130.72999572753906,107.11975860595703,4894600
2019-07-29,133.02000427246094,108.99622344970703,7832000
2019-07-30,132.0800018310547,108.22594451904297,5509600
2019-07-31,130.22000122070312,106.7018814086914,8559200
2019-08-01,130.2899932861328,106.75923919677734,7870700
2019-08-02,131.07000732421875,107.39839172363281,6574900
2019-08-05,130.16000366210938,106.6527099609375,9480000
2019-08-06,130.77000427246094,107.1525650024414,7880600
2019-08-07,130.2100067138672,106.69368743896484,6771700
2019-08-08,131.67999267578125,107.89820098876953,5260500
2019-08-09,132.0399932861328,108.19319915771484,4677300
2019-08-12,131.92999267578125,108.10304260253906,6852100
2019-08-13,133.4199981689453,109.323974609375,5013200
2019-08-14,130.25999450683594,106.73466491699219,7736200
2019-08-15,130.5399932861328,106.96405792236328,7251200
2019-08-16,131.36000061035156,107.63600158691406,5858900
2019-08-19,132.25,108.3652572631836,4958000
2019-08-20,130.60000610351562,107.01325988769531,7302000
2019-08-21,131.52999877929688,107.77530670166016,6912800
2019-08-22,131.27000427246094,107.56224822998047,7213500
2019-08-23,127.7300033569336,104.66158294677734,15714000
2019-08-26,127.80000305175781,105.5036392211914,8889500
2019-08-27,129.63999938964844,107.02262878417969,20183800
2019-08-28,128.67999267578125,106.23011016845703,9878800
2019-08-29,128.24000549316406,105.86689758300781,6749900
2019-08-30,128.36000061035156,105.96593475341797,7371100
2019-09-03,128.74000549316406,106.2796401977539,5710200
2019-09-04,128.86000061035156,106.37871551513672,4807200
2019-09-05,128.5800018310547,106.14755249023438,4754100
2019-09-06,128.2100067138672,105.84211730957031,6758300
2019-09-09,126.94999694824219,104.80194091796875,7684700
2019-09-10,129.5500030517578,106.94831848144531,8239500
2019-09-11,131.1699981689453,108.28570556640625,6203600
2019-09-12,130.42999267578125,107.67479705810547,5250000
2019-09-13,130.77999877929688,107.9637451171875,5369800
2019-09-16,129.5399932861328,106.9400634765625,5101700
2019-09-17,129.6699981689453,107.04740142822266,4976400
2019-09-18,130.41000366210938,107.65828704833984,4373600
2019-09-19,130.11000061035156,107.41062927246094,4730100
2019-09-20,131.64999389648438,108.68194580078125,12053100
2019-09-23,131.74000549316406,108.75626373291016,5183700
2019-09-24,131.5500030517578,108.59939575195312,7102600
2019-09-25,130.99000549316406,108.13710021972656,4522900
2019-09-26,128.85000610351562,106.37047576904297,7545800
2019-09-27,128.60000610351562,106.16407775878906,6006500
2019-09-30,129.3800048828125,106.80799865722656,6552100
2019-10-01,129.99000549316406,107.31156921386719,7673000
2019-10-02,132.0,108.97089385986328,12051800
2019-10-03,131.19000244140625,108.30220031738281,6997600
2019-10-04,133.66000366210938,110.34130096435547,7233300
2019-10-07,133.16000366210938,109.92851257324219,5427200
2019-10-08,131.83999633789062,108.83877563476562,7870400
2019-10-09,129.22000122070312,106.67589569091797,7787700
2019-10-10,129.05999755859375,106.5438232421875,5119700
2019-10-11,131.3300018310547,108.41777038574219,7161400
2019-10-14,130.72000122070312,107.91419982910156,5700000
2019-10-15,132.83999633789062,109.66436767578125,10008800
2019-10-16,135.1699981689453,111.58785247802734,12434200
2019-10-17,136.1699981689453,112.41339874267578,8434000
2019-10-18,127.69999694824219,105.42109680175781,25868700
2019-10-21,128.02000427246094,105.68525695800781,13823600
2019-10-22,129.1999969482422,106.65938568115234,7613700
2019-10-23,129.89999389648438,107.23726654052734,6693400
2019-10-24,127.5,105.25597381591797,12111600
2019-10-25,128.35000610351562,105.95768737792969,6947300
2019-10-28,129.17999267578125,106.64288330078125,7876300
2019-10-29,129.1199951171875,106.59333801269531,4506300
2019-10-30,132.83999633789062,109.66436767578125,9627600
2019-10-31,132.0399932861328,109.00390625,7686700
2019-11-01,131.1999969482422,108.31046295166016,5541800
2019-11-04,130.22999572753906,107.50968933105469,6140300
2019-11-05,130.4199981689453,107.66654205322266,6257300
2019-11-06,130.9600067138672,108.11234283447266,5450000
2019-11-07,131.42999267578125,108.50033569335938,5873700
2019-11-08,133.0,109.79641723632812,5003000
2019-11-11,131.97999572753906,108.95437622070312,4371400
2019-11-12,131.35000610351562,108.4343032836914,5228700
2019-11-13,131.27000427246094,108.36824035644531,5885400
2019-11-14,130.9600067138672,108.11234283447266,4217500
2019-11-15,134.94000244140625,111.39796447753906,10495100
2019-11-18,134.8300018310547,111.30715942382812,9291800
2019-11-19,134.82000732421875,111.29893493652344,5192200
2019-11-20,135.94000244140625,112.2235107421875,7594400
2019-11-21,136.44000244140625,112.63627624511719,6424900
2019-11-22,138.07000732421875,113.98188781738281,9235800
2019-11-25,137.17999267578125,114.03174591064453,6111900
2019-11-26,137.1699981689453,114.02346801757812,10636500
2019-11-27,137.75,114.50558471679688,5523000
2019-11-29,137.49000549316406,114.28948211669922,3278900
2019-12-02,137.36000061035156,114.18138885498047,4717100
2019-12-03,137.16000366210938,114.01512908935547,5741400
2019-12-04,139.3800048828125,115.86054992675781,7257300
2019-12-05,139.55999755859375,116.01014709472656,5472900
2019-12-06,140.3800048828125,116.69178009033203,6640400
2019-12-09,140.5,116.79156494140625,4241000
2019-12-10,139.99000549316406,116.36760711669922,5310300
2019-12-11,140.97999572753906,117.1905517578125,6631500
2019-12-12,141.33999633789062,117.48980712890625,5012400
2019-12-13,141.3800048828125,117.52306365966797,4257200
2019-12-16,141.7899932861328,117.8638687133789,5353100
2019-12-17,143.55999755859375,119.3351821899414,10722400
2019-12-18,143.19000244140625,119.02764129638672,7849200
2019-12-19,145.35000610351562,120.82312774658203,9414700
2019-12-20,146.05999755859375,121.413330078125,14532800
2019-12-23,146.44000244140625,121.7292251586914,6558700
2019-12-24,145.92999267578125,121.30526733398438,4238900
2019-12-26,145.8300018310547,121.2221908569336,3019300
2019-12-27,145.75,121.15567016601562,3432700
2019-12-30,145.3000030517578,120.78156280517578,2923300
2019-12-31,145.8699951171875,121.25536346435547,4435000
2020-01-02,145.97000122070312,121.33853149414062,5777000
2020-01-03,144.27999877929688,119.93368530273438,5752400
2020-01-06,144.10000610351562,119.78407287597656,7731300
2020-01-07,144.97999572753906,120.5156021118164,7382900
2020-01-08,144.9600067138672,120.49898529052734,6605800
2020-01-09,145.38999938964844,120.85638427734375,6112700
2020-01-10,145.05999755859375,120.58208465576172,5042600
2020-01-13,145.6999969482422,121.11408233642578,4593200
2020-01-14,146.52000427246094,121.79572296142578,7037500
2020-01-15,147.00999450683594,122.2030258178711,4960300
2020-01-16,148.1999969482422,123.19224548339844,6476000
2020-01-17,149.1699981689453,123.99854278564453,9083600
2020-01-21,149.27000427246094,124.08169555664062,9543900
2020-01-22,148.25,123.23380279541016,10305300
2020-01-23,148.52999877929688,123.46651458740234,8671900
2020-01-24,148.32000732421875,123.2919921875,9051900
2020-01-27,148.75,123.64940643310547,7587100
2020-01-28,149.5,124.27288818359375,7336600
2020-01-29,150.5399932861328,125.1373519897461,6288600
2020-01-30,150.36000061035156,124.98771667480469,6470600
2020-01-31,148.8699951171875,123.74917602539062,8651700
2020-02-03,150.1699981689453,124.82982635498047,5765200
2020-02-04,151.60000610351562,126.01851654052734,6541400
2020-02-05,153.99000549316406,128.00518798828125,5979900
2020-02-06,153.52999877929688,127.62285614013672,6201200
2020-02-07,151.88999938964844,126.25956726074219,5700300
2020-02-10,151.86000061035156,126.23462677001953,4835600
2020-02-11,151.99000549316406,126.34269714355469,3715300
2020-02-12,151.08999633789062,125.59458923339844,5166800
2020-02-13,150.08999633789062,124.76329803466797,5480200
2020-02-14,150.1300048828125,124.7965316772461,5716300
2020-02-18,149.13999938964844,123.97357177734375,7230700
2020-02-19,148.94000244140625,123.807373046875,6115200
2020-02-20,148.3699951171875,123.33352661132812,7464700
2020-02-21,149.92999267578125,124.63028717041016,7776800
2020-02-24,145.91000366210938,122.06204223632812,10588900
2020-02-25,144.64999389648438,121.00799560546875,10529000
2020-02-26,143.67999267578125,120.196533203125,10093800
2020-02-27,139.1199951171875,116.3818359375,12566700
2020-02-28,134.47999572753906,112.50022888183594,19820300
2020-03-02,140.02000427246094,117.1347427368164,11508200
2020-03-03,135.58999633789062,113.42878723144531,13662500
2020-03-04,143.47999572753906,120.02921295166016,10560500
2020-03-05,142.00999450683594,118.79949951171875,11339200
2020-03-06,142.02999877929688,118.81623077392578,12239100
2020-03-09,136.44000244140625,114.1398696899414,13848600
2020-03-10,141.63999938964844,118.4899673461914,12698100
2020-03-11,131.8000030517578,110.25824737548828,17763400
2020-03-12,125.41000366210938,104.91265106201172,21539200
2020-03-13,134.2899932861328,112.34127807617188,20084200
2020-03-16,127.12999725341797,106.35150909423828,18877900
2020-03-17,136.58999633789062,114.26536560058594,18911800
2020-03-18,134.9600067138672,112.90174865722656,17521100
2020-03-19,127.05000305175781,106.28460693359375,18482300
2020-03-20,119.88999938964844,100.29483795166016,19785100
2020-03-23,111.13999938964844,92.97496032714844,20815200
2020-03-24,119.18000030517578,99.7009048461914,17604800
2020-03-25,119.4000015258789,99.88493347167969,13986100
2020-03-26,126.56999969482422,105.88302612304688,15066800
2020-03-27,123.16000366210938,103.0304183959961,12133200
2020-03-30,133.00999450683594,111.27047729492188,21754000
2020-03-31,131.1300048828125,109.69775390625,15746100
2020-04-01,128.80999755859375,107.7569351196289,12606100
2020-04-02,133.14999389648438,111.3875961303711,11594500
2020-04-03,134.1699981689453,112.24089050292969,10071200
2020-04-06,139.75999450683594,116.91724395751953,14994400
2020-04-07,137.47999572753906,115.00989532470703,11567100
2020-04-08,143.25999450683594,119.84516906738281,10758200
2020-04-09,141.22999572753906,118.14698791503906,11125400
2020-04-13,139.77000427246094,116.92559814453125,8153200
2020-04-14,146.02999877929688,122.16242980957031,13838000
2020-04-15,147.66000366210938,123.52605438232422,11962300
2020-04-16,149.6699981689453,125.20750427246094,12181700
2020-04-17,152.02000427246094,127.17343139648438,10920000
2020-04-20,151.6699981689453,126.88063049316406,12226200
2020-04-21,149.67999267578125,125.21590423583984,9951100
2020-04-22,152.99000549316406,127.98489379882812,11515600
2020-04-23,155.50999450683594,130.093017578125,10665000
2020-04-24,154.86000061035156,129.54928588867188,8653400
2020-04-27,154.2899932861328,129.07240295410156,8924000
2020-04-28,151.38999938964844,126.64639282226562,8558700
2020-04-29,150.24000549316406,125.68437957763672,9285200
2020-04-30,150.0399932861328,125.51703643798828,14829600
2020-05-01,148.2899932861328,124.05303955078125,7309000
2020-05-04,148.27000427246094,124.03633880615234,7198400
2020-05-05,149.5,125.06531524658203,6562300
2020-05-06,148.0800018310547,123.87738037109375,6191600
2020-05-07,147.58999633789062,123.46747589111328,5570500
2020-05-08,148.6999969482422,124.39607238769531,4712100
2020-05-11,149.11000061035156,124.7390365600586,5887500
2020-05-12,147.13999938964844,123.09104919433594,7039200
2020-05-13,147.1300048828125,123.08267211914062,6970500
2020-05-14,147.63999938964844,123.50933074951172,6871400
2020-05-15,150.44000244140625,125.85166931152344,10340400
2020-05-18,150.52000427246094,125.91859436035156,7388400
2020-05-19,149.02000427246094,124.66378784179688,6107300
2020-05-20,147.67999267578125,123.54275512695312,5713400
2020-05-21,146.7100067138672,122.73133850097656,6487300
2020-05-22,144.3699951171875,121.61100006103516,6140900
2020-05-26,144.55999755859375,121.77098846435547,7072300
2020-05-27,144.88999938964844,122.04900360107422,7950000
2020-05-28,146.97000122070312,123.80113220214844,6189600
2020-05-29,148.75,125.3005142211914,8504000
2020-06-01,147.19000244140625,123.98643493652344,6141800
2020-06-02,148.25,124.87932586669922,6078300
2020-06-03,148.64999389648438,125.21627807617188,6339500
2020-06-04,146.72999572753906,123.59893798828125,8170500
2020-06-05,147.3000030517578,124.07909393310547,9725400
2020-06-08,146.77000427246094,123.63265228271484,7555600
2020-06-09,145.9600067138672,122.95030975341797,8247200
2020-06-10,147.8000030517578,124.50023651123047,10137100
2020-06-11,140.8699951171875,118.66272735595703,11913300
2020-06-12,142.14999389648438,119.74095916748047,8687400
2020-06-15,141.25,118.98281860351562,8649600
2020-06-16,144.4600067138672,121.6867904663086,7579100
2020-06-17,144.02000427246094,121.31616973876953,5100100
2020-06-18,143.41000366210938,120.80231475830078,4797400
2020-06-19,143.8300018310547,121.15608215332031,12206900
2020-06-22,143.38999938964844,120.78546142578125,5285600
2020-06-23,142.86000061035156,120.3390121459961,5921600
2020-06-24,139.82000732421875,117.77825164794922,8211200
2020-06-25,139.6699981689453,117.65187072753906,7421200
2020-06-26,137.80999755859375,116.0851058959961,12849700
2020-06-29,139.0399932861328,117.1212158203125,5309800
2020-06-30,140.6300048828125,118.46058654785156,7738300
2020-07-01,140.3800048828125,118.25,6174800
2020-07-02,140.97000122070312,118.7469482421875,5152200
2020-07-06,142.97999572753906,120.44010925292969,6156400
2020-07-07,142.85000610351562,120.3305892944336,5622600
2020-07-08,143.27000427246094,120.68437194824219,6257400
2020-07-09,142.49000549316406,120.02735900878906,5738600
2020-07-10,142.3699951171875,119.92628479003906,4282400
2020-07-13,145.2100067138672,122.31857299804688,6951900
2020-07-14,147.9199981689453,124.601318359375,7447100
2020-07-15,148.25999450683594,124.88774871826172,8512800
2020-07-16,149.25,125.7216796875,9304700
2020-07-17,149.35000610351562,125.80592346191406,7441100
2020-07-20,149.60000610351562,126.01648712158203,6191500
2020-07-21,149.74000549316406,126.13442993164062,5575900
2020-07-22,150.00999450683594,126.36186218261719,5910200
2020-07-23,149.61000061035156,126.02495574951172,6566300
2020-07-24,148.1199951171875,124.76981353759766,5405900
2020-07-27,147.17999267578125,123.97798156738281,5675200
2020-07-28,146.8300018310547,123.68318176269531,4842200
2020-07-29,146.5399932861328,123.43889617919922,4489100
2020-07-30,146.83999633789062,123.69165802001953,5922500
2020-07-31,145.75999450683594,122.7818374633789,8259600
2020-08-03,147.35000610351562,124.1212158203125,4078700
2020-08-04,147.22000122070312,124.01166534423828,4162200
2020-08-05,148.39999389648438,125.0056381225586,5467500
2020-08-06,147.5500030517578,124.28971099853516,4837900
2020-08-07,148.60000610351562,125.17413330078125,3635100
2020-08-10,148.02999877929688,124.69398498535156,4096600
2020-08-11,146.97000122070312,123.80113220214844,6388400
2020-08-12,149.66000366210938,126.06703186035156,5257300
2020-08-13,148.0,124.66873931884766,5155500
2020-08-14,148.24000549316406,124.87088775634766,4240200
2020-08-17,148.99000549316406,125.5026626586914,4306900
2020-08-18,150.08999633789062,126.42924499511719,4322600
2020-08-19,150.38999938964844,126.68195343017578,7816300
2020-08-20,151.4199981689453,127.54959106445312,4874700
2020-08-21,152.75999450683594,128.6783447265625,6722800
2020-08-24,152.14999389648438,129.01756286621094,5387900
2020-08-25,152.05999755859375,128.9412384033203,3863500
2020-08-26,152.3000030517578,129.14476013183594,8008300
2020-08-27,152.97999572753906,129.72137451171875,5575400
2020-08-28,153.63999938964844,130.28099060058594,5395700
2020-08-31,153.41000366210938,130.08596801757812,6362700
2020-09-01,151.52000427246094,128.48330688476562,6307700
2020-09-02,153.8300018310547,130.44210815429688,6881900
2020-09-03,149.5500030517578,126.8128433227539,8672800
2020-09-04,148.58999633789062,125.99877166748047,7200100
2020-09-08,147.25999450683594,124.87101745605469,8756800
2020-09-09,149.6999969482422,126.94000244140625,6960700
2020-09-10,146.91000366210938,124.5742416381836,6191800
2020-09-11,147.77999877929688,125.31192016601562,3934700
2020-09-14,148.35000610351562,125.7953109741211,4375800
2020-09-15,148.88999938964844,126.253173828125,3658800
2020-09-16,148.39999389648438,125.83765411376953,4323000
2020-09-17,147.1699981689453,124.79468536376953,5461400
2020-09-18,149.17999267578125,126.49908447265625,12174000
2020-09-21,145.10000610351562,123.0394058227539,7574500
2020-09-22,144.2100067138672,122.28471374511719,5295900
2020-09-23,144.44000244140625,122.4797592163086,8784400
2020-09-24,144.6699981689453,122.67476654052734,5614800
2020-09-25,145.66000366210938,123.51426696777344,5531200
2020-09-28,147.11000061035156,124.74381256103516,5843200
2020-09-29,147.05999755859375,124.70143127441406,6768600
2020-09-30,148.8800048828125,126.24472045898438,8487700
2020-10-01,147.32000732421875,124.92188262939453,6457800
2020-10-02,146.24000549316406,124.00605773925781,5485600
2020-10-05,148.22999572753906,125.69352722167969,4992800
2020-10-06,146.25999450683594,124.02301788330078,5118200
2020-10-07,147.8800048828125,125.396728515625,5603100
2020-10-08,148.88999938964844,126.253173828125,4413500
2020-10-09,150.97000122070312,128.01693725585938,5054100
2020-10-12,151.83999633789062,128.754638671875,7273200
2020-10-13,148.36000061035156,125.80374145507812,11057600
2020-10-14,148.10000610351562,125.58330535888672,7706400
2020-10-15,147.19000244140625,124.81166076660156,5978600
2020-10-16,148.10000610351562,125.58330535888672,6097000
2020-10-19,144.32000732421875,122.37799835205078,7250800
2020-10-20,144.5500030517578,122.57301330566406,5325400
2020-10-21,143.92999267578125,122.04731750488281,5221300
2020-10-22,145.0800018310547,123.0224838256836,5279700
2020-10-23,145.24000549316406,123.15813446044922,4154400
2020-10-26,143.97000122070312,122.08121490478516,6929500
2020-10-27,143.14999389648438,121.3858871459961,4890100
2020-10-28,138.36000061035156,117.32411193847656,8426100
2020-10-29,137.19000244140625,116.33201599121094,7205400
2020-10-30,137.11000061035156,116.2641830444336,7364100
2020-11-02,138.69000244140625,117.60395812988281,7088000
2020-11-03,138.5,117.44285583496094,6363000
2020-11-04,139.39999389648438,118.20599365234375,10263500
2020-11-05,139.75999450683594,118.5112533569336,8016200
2020-11-06,142.25,120.6227035522461,5942500
2020-11-09,146.0800018310547,123.87036895751953,12351600
2020-11-10,148.27999877929688,125.73590087890625,7386500
2020-11-11,147.8000030517578,125.32888793945312,6382400
2020-11-12,148.3000030517578,125.7529067993164,4710300
2020-11-13,149.89999389648438,127.10961151123047,5893500
2020-11-16,150.85000610351562,127.91517639160156,6266400
2020-11-17,149.35000610351562,126.64324951171875,7297700
2020-11-18,147.3699951171875,124.9642562866211,6661000
2020-11-19,147.13999938964844,124.76923370361328,7987700
2020-11-20,146.36000061035156,124.10783386230469,6354900
2020-11-23,143.8699951171875,122.84415435791016,7318300
2020-11-24,143.8699951171875,122.84415435791016,11034800
2020-11-25,143.67999267578125,122.68187713623047,7594600
2020-11-27,144.0,122.95513153076172,3059000
2020-11-30,144.67999267578125,123.53573608398438,15663200
2020-12-01,147.4499969482422,125.90090942382812,9738200
2020-12-02,148.13999938964844,126.49008178710938,7745500
2020-12-03,149.0,127.22441101074219,7310500
2020-12-04,150.27000427246094,128.30880737304688,6747100
2020-12-07,148.97000122070312,127.19879913330078,6634700
2020-12-08,151.5500030517578,129.40176391601562,8339800
2020-12-09,153.10000610351562,130.72520446777344,8440100
2020-12-10,152.25,129.99945068359375,7392900
2020-12-11,152.9499969482422,130.59715270996094,5977400
2020-12-14,149.07000732421875,127.28418731689453,8547300
2020-12-15,150.57000732421875,128.56495666503906,7612600
2020-12-16,149.6699981689453,127.79647827148438,8486100
2020-12-17,153.6199951171875,131.16921997070312,9920300
2020-12-18,154.50999450683594,131.92913818359375,17137200
2020-12-21,153.02000427246094,130.6569061279297,7893400
2020-12-22,152.72000122070312,130.4007568359375,4699500
2020-12-23,151.94000244140625,129.73475646972656,4607300
2020-12-24,152.47000122070312,130.18728637695312,2114900
2020-12-28,153.19000244140625,130.8020782470703,3855500
2020-12-29,154.13999938964844,131.6132049560547,5212000
2020-12-30,156.0500030517578,133.24407958984375,5412800
2020-12-31,157.3800048828125,134.37969970703125,5099900
2021-01-04,156.5,133.6283416748047,11765900
2021-01-05,158.33999633789062,135.1993865966797,9602300
2021-01-06,159.8300018310547,136.47166442871094,8230100
2021-01-07,160.3699951171875,136.93276977539062,7747200
2021-01-08,160.0399932861328,136.65093994140625,8228900
2021-01-11,159.3699951171875,136.07887268066406,7066200
2021-01-12,158.1300048828125,135.0200958251953,6903200
2021-01-13,157.88999938964844,134.81515502929688,6643100
2021-01-14,160.64999389648438,137.1718292236328,10030800
2021-01-15,160.3000030517578,136.87298583984375,7630800
2021-01-19,162.77999877929688,138.9905242919922,9057600
2021-01-20,162.3800048828125,138.64898681640625,6839900
2021-01-21,161.72999572753906,138.09396362304688,6818000
2021-01-22,163.5500030517578,139.64797973632812,8137000
2021-01-25,165.97999572753906,141.72286987304688,9924400
2021-01-26,170.47999572753906,145.56520080566406,14205700
2021-01-27,167.8800048828125,143.34519958496094,14207300
2021-01-28,169.16000366210938,144.43817138671875,8944400
2021-01-29,163.1300048828125,139.2893829345703,22505900
2021-02-01,162.7100067138672,138.93080139160156,9971400
2021-02-02,161.25,137.68414306640625,11443300
2021-02-03,160.5,137.043701171875,8601900
2021-02-04,161.99000549316406,138.3159942626953,7758100
2021-02-05,164.4499969482422,140.41644287109375,9495300
2021-02-08,164.9199981689453,140.81776428222656,6035300
2021-02-09,166.27000427246094,141.9705047607422,5544200
2021-02-10,166.80999755859375,142.43157958984375,5921300
2021-02-11,166.05999755859375,141.7911834716797,4871300
2021-02-12,166.5800018310547,142.23519897460938,4413100
2021-02-16,165.07000732421875,140.94589233398438,5656100
2021-02-17,165.66000366210938,141.4496307373047,6676700
2021-02-18,165.74000549316406,141.5179443359375,5189100
2021-02-19,162.97999572753906,139.1613006591797,8190900
2021-02-22,161.8699951171875,139.0753631591797,6447100
2021-02-23,160.44000244140625,137.84674072265625,7042800
2021-02-24,162.58999633789062,139.69400024414062,10286100
2021-02-25,162.75999450683594,139.8400421142578,9719700
2021-02-26,158.4600067138672,136.1455841064453,14417500
2021-03-01,159.32000732421875,136.88446044921875,10551400
2021-03-02,159.02000427246094,136.62672424316406,7610900
2021-03-03,156.22000122070312,134.2210235595703,8499600
2021-03-04,153.07000732421875,131.5145721435547,11033200
2021-03-05,156.10000610351562,134.11790466308594,8331600
2021-03-08,157.39999389648438,135.23484802246094,6546700
2021-03-09,157.6999969482422,135.49261474609375,7461300
2021-03-10,159.14999389648438,136.73843383789062,6635600
2021-03-11,159.13999938964844,136.72982788085938,6305600
2021-03-12,159.60000610351562,137.12503051757812,5474800
2021-03-15,160.4199981689453,137.82957458496094,5524100
2021-03-16,161.3699951171875,138.6457977294922,6369100
2021-03-17,160.77000427246094,138.13027954101562,6001400
2021-03-18,160.47000122070312,137.87252807617188,4801800
2021-03-19,160.0399932861328,137.5030975341797,14891500
2021-03-22,160.5,137.89830017089844,7544100
2021-03-23,160.35000610351562,137.76943969726562,7178300
2021-03-24,161.91000366210938,139.10975646972656,6370100
2021-03-25,161.97000122070312,139.1613006591797,6269800
2021-03-26,164.92999267578125,141.7044677734375,7619200
2021-03-29,166.0399932861328,142.6581573486328,8535100
2021-03-30,165.00999450683594,141.77317810058594,7236300
2021-03-31,164.35000610351562,141.20616149902344,8281500
2021-04-01,162.8300018310547,139.9002227783203,7229700
2021-04-05,163.42999267578125,140.41567993164062,7387100
2021-04-06,163.38999938964844,140.38133239746094,5074200
2021-04-07,163.61000061035156,140.57034301757812,4608000
2021-04-08,162.97000122070312,140.02049255371094,5039400
2021-04-09,161.25,138.5426788330078,8418300
2021-04-12,161.63999938964844,138.87777709960938,5022800
2021-04-13,159.47999572753906,137.02195739746094,18424100
2021-04-14,159.9199981689453,137.39996337890625,7718300
2021-04-15,160.38999938964844,137.8037872314453,7524600
2021-04-16,162.24000549316406,139.3932647705078,9049400
2021-04-19,162.69000244140625,139.77993774414062,8353500
2021-04-20,166.47999572753906,143.0361785888672,14050700
2021-04-21,166.58999633789062,143.1306915283203,6333200
2021-04-22,165.17999267578125,141.91925048828125,7233000
2021-04-23,165.52000427246094,142.21139526367188,6015300
2021-04-26,164.1199951171875,141.008544921875,6027800
2021-04-27,163.17999267578125,140.20089721679688,6217700
2021-04-28,161.97999572753906,139.169921875,7448000
2021-04-29,164.1999969482422,141.07728576660156,6394300
2021-04-30,162.72999572753906,139.81430053710938,9079100
2021-05-03,165.2100067138672,141.94505310058594,6594100
2021-05-04,167.77000427246094,144.14456176757812,10179500
2021-05-05,167.07000732421875,143.54315185546875,7792300
2021-05-06,167.74000549316406,144.11874389648438,5529900
2021-05-07,168.5,144.77178955078125,5316200
2021-05-10,170.27000427246094,146.29251098632812,8357500
2021-05-11,168.8800048828125,145.0982208251953,8217900
2021-05-12,168.1999969482422,144.51400756835938,6758300
2021-05-13,169.9600067138672,146.02615356445312,8018600
2021-05-14,170.22000122070312,146.24952697753906,5797700
2021-05-17,170.38999938964844,146.39559936523438,5722600
2021-05-18,170.4499969482422,146.44712829589844,5846000
2021-05-19,170.0800018310547,146.12924194335938,5533800
2021-05-20,171.07000732421875,146.97984313964844,4853200
2021-05-21,170.9600067138672,146.88531494140625,6501800
2021-05-24,170.5500030517578,147.447265625,5195100
2021-05-25,170.0800018310547,147.0409393310547,7444700
2021-05-26,169.07000732421875,146.1677703857422,5726400
2021-05-27,168.80999755859375,145.9429931640625,8114700
2021-05-28,169.25,146.32334899902344,6400800
2021-06-01,165.52999877929688,143.10726928710938,10448400
2021-06-02,166.1999969482422,143.68650817871094,6806000
2021-06-03,166.0399932861328,143.54818725585938,5808800
2021-06-04,165.97000122070312,143.4876708984375,6510300
2021-06-07,164.83999633789062,142.51077270507812,5362800
2021-06-08,163.38999938964844,141.25717163085938,7746800
2021-06-09,165.58999633789062,143.15919494628906,5552600
2021-06-10,167.0800018310547,144.44732666015625,6463100
2021-06-11,164.9600067138672,142.614501953125,7389900
2021-06-14,165.3699951171875,142.96897888183594,4931300
2021-06-15,164.49000549316406,142.20816040039062,5062900
2021-06-16,164.42999267578125,142.15628051757812,6988500
2021-06-17,165.22000122070312,142.8392791748047,5874700
2021-06-18,161.97999572753906,140.03819274902344,12993000
2021-06-21,163.83999633789062,141.6461944580078,6592300
2021-06-22,163.6199951171875,141.45602416992188,5627800
2021-06-23,162.6300048828125,140.60011291503906,4493400
2021-06-24,163.3699951171875,141.2398681640625,4549200
2021-06-25,164.2100067138672,141.96607971191406,10963800
2021-06-28,164.02000427246094,141.8018341064453,5604000
2021-06-29,164.02999877929688,141.8104705810547,3749500
2021-06-30,164.74000549316406,142.42430114746094,6151700
2021-07-01,165.9600067138672,143.47903442382812,6320200
2021-07-02,168.97999572753906,146.08995056152344,9059900
2021-07-06,167.97000122070312,145.21678161621094,6098500
2021-07-07,169.41000366210938,146.46170043945312,6293500
2021-07-08,169.0800018310547,146.17640686035156,5755500
2021-07-09,169.75,146.75564575195312,6120900
2021-07-12,169.47999572753906,146.522216796875,7840500
2021-07-13,169.27000427246094,146.34066772460938,4691200
2021-07-14,170.4199981689453,147.3348846435547,6162900
2021-07-15,168.3699951171875,145.56256103515625,6656900
2021-07-16,168.10000610351562,145.3291473388672,5834900
2021-07-19,166.8800048828125,144.27439880371094,8219700
2021-07-20,168.4499969482422,145.63174438476562,9902800
2021-07-21,169.49000549316406,146.5308837890625,7585200
2021-07-22,169.97999572753906,146.9544677734375,5281900
2021-07-23,171.7899932861328,148.519287109375,5014900
2021-07-26,171.8699951171875,148.58843994140625,4484900
2021-07-27,172.66000366210938,149.27145385742188,7089300
2021-07-28,172.17999267578125,148.85646057128906,5750700
2021-07-29,172.17999267578125,148.85646057128906,4214100
2021-07-30,172.1999969482422,148.873779296875,5346400
2021-08-02,172.27000427246094,148.9342803955078,3721500
2021-08-03,174.38999938964844,150.76707458496094,6033000
2021-08-04,173.36000061035156,149.87661743164062,4793100
2021-08-05,173.69000244140625,150.1619415283203,4291000
2021-08-06,173.11000061035156,149.6604766845703,4581100
2021-08-09,173.7100067138672,150.17922973632812,3950200
2021-08-10,173.77000427246094,150.23109436035156,3678300
2021-08-11,173.8000030517578,150.2570037841797,4221300
2021-08-12,175.1999969482422,151.46737670898438,4300400
2021-08-13,176.25,152.37515258789062,5882100
2021-08-16,177.83999633789062,153.7498016357422,4782800
2021-08-17,179.47000122070312,155.1589813232422,6041900
2021-08-18,177.19000244140625,153.18783569335938,7134100
2021-08-19,178.57000732421875,154.38087463378906,5615000
2021-08-20,179.44000244140625,155.13304138183594,5428700
2021-08-23,177.61000061035156,154.46336364746094,6461700
2021-08-24,175.38999938964844,152.53268432617188,5734800
2021-08-25,174.22999572753906,151.5238494873047,5700300
2021-08-26,173.3000030517578,150.71505737304688,5031600
2021-08-27,172.92999267578125,150.393310546875,7046100
2021-08-30,173.66000366210938,151.02813720703125,3252700
2021-08-31,173.1300048828125,150.56724548339844,7106800
2021-09-01,173.74000549316406,151.09774780273438,5327400
2021-09-02,174.92999267578125,152.1326446533203,4544300
2021-09-03,175.0399932861328,152.22830200195312,4096900
2021-09-07,172.32000732421875,149.8628387451172,6859900
2021-09-08,171.89999389648438,149.49752807617188,4661700
2021-09-09,168.07000732421875,146.16661071777344,7114600
2021-09-10,166.97000122070312,145.2100067138672,6699300
2021-09-13,165.8000030517578,144.19248962402344,6273500
2021-09-14,164.8000030517578,143.3228302001953,5259600
2021-09-15,165.4199981689453,143.8620147705078,7935300
2021-09-16,165.22000122070312,143.6880645751953,5665400
2021-09-17,164.75,143.2793426513672,13419800
2021-09-20,163.80999755859375,142.46182250976562,7270800
2021-09-21,164.52999877929688,143.0880126953125,6663600
2021-09-22,163.92999267578125,142.56619262695312,5657100
2021-09-23,164.86000061035156,143.37498474121094,4697900
2021-09-24,164.36000061035156,142.94015502929688,4399300
2021-09-27,163.1699981689453,141.9051971435547,5775500
2021-09-28,162.80999755859375,141.59214782714844,7610400
2021-09-29,164.02000427246094,142.64443969726562,5124100
2021-09-30,161.5,140.452880859375,6972300
2021-10-01,160.47000122070312,139.55711364746094,8568300
2021-10-04,159.22000122070312,138.47000122070312,8620700
2021-10-05,159.5800018310547,138.7831268310547,5129000
2021-10-06,159.91000366210938,139.070068359375,7312600
2021-10-07,161.33999633789062,140.31373596191406,5309200
2021-10-08,160.92999267578125,139.9571533203125,4343200
2021-10-11,160.25,139.36578369140625,4101600
2021-10-12,157.69000244140625,137.13938903808594,6686400
2021-10-13,159.1999969482422,138.45266723632812,6901100
2021-10-14,160.11000061035156,139.2440643310547,4579200
2021-10-15,161.3000030517578,140.27894592285156,6918400
2021-10-18,160.1199951171875,139.2527313232422,7465500
2021-10-19,163.8699951171875,142.51397705078125,10081300
2021-10-20,163.77999877929688,142.4357452392578,6003200
2021-10-21,163.39999389648438,142.10523986816406,4524100
2021-10-22,163.72000122070312,142.38356018066406,4304300
2021-10-25,164.0800018310547,142.69662475585938,6715400
2021-10-26,165.75,144.14898681640625,6939100
2021-10-27,163.74000549316406,142.40093994140625,7018800
2021-10-28,162.85000610351562,141.62693786621094,6278800
2021-10-29,162.8800048828125,141.6530303955078,8526800
2021-11-01,163.02000427246094,141.77476501464844,5846400
2021-11-02,165.58999633789062,144.00985717773438,8450600
2021-11-03,165.05999755859375,143.5489044189453,6717800
2021-11-04,164.60000610351562,143.1488800048828,8224400
2021-11-05,163.42999267578125,142.13137817382812,6215900
2021-11-08,162.8699951171875,141.64431762695312,5578800
2021-11-09,162.50999450683594,141.3312530517578,6112800
2021-11-10,164.27000427246094,142.86187744140625,6225100
2021-11-11,163.05999755859375,141.8095703125,4118800
2021-11-12,165.00999450683594,143.50546264648438,18995200
2021-11-15,163.52000427246094,142.20962524414062,7496200
2021-11-16,162.6699981689453,141.47036743164062,7594700
2021-11-17,163.27999877929688,142.00088500976562,5414500
2021-11-18,162.39999389648438,141.23556518554688,6358700
2021-11-19,162.88999938964844,141.6616973876953,7620700
2021-11-22,159.6999969482422,139.79718017578125,7634500
2021-11-23,160.69000244140625,140.66380310058594,7734000
2021-11-24,160.24000549316406,140.26986694335938,5230900
2021-11-26,159.1999969482422,139.3594970703125,8523100
2021-11-29,159.75,139.84095764160156,9188500
2021-11-30,155.92999267578125,136.4970245361328,14981700
2021-12-01,158.0800018310547,138.3791046142578,9835800
2021-12-02,157.08999633789062,137.51246643066406,11334700
2021-12-03,159.3800048828125,139.51707458496094,8750500
2021-12-06,162.94000244140625,142.63336181640625,9692000
2021-12-07,163.36000061035156,143.00103759765625,8311300
2021-12-08,164.33999633789062,143.8589324951172,6216400
2021-12-09,165.89999389648438,145.2244873046875,8574200
2021-12-10,165.49000549316406,144.86561584472656,6572200
2021-12-13,168.4499969482422,147.45669555664062,11142300
2021-12-14,170.2899932861328,149.06735229492188,10482400
2021-12-15,171.13999938964844,149.8114471435547,8552200
2021-12-16,173.00999450683594,151.4484100341797,8998600
2021-12-17,168.22999572753906,147.2641143798828,16726200
2021-12-20,167.75,146.8439483642578,7954500
2021-12-21,167.2100067138672,146.3712615966797,7954200
2021-12-22,167.92999267578125,147.0015106201172,4178200
2021-12-23,168.25,147.28163146972656,3501500
2021-12-27,169.6699981689453,148.52464294433594,3704800
2021-12-28,170.35000610351562,149.11993408203125,3187000
2021-12-29,171.5500030517578,150.17034912109375,3662000
2021-12-30,172.30999755859375,150.83563232421875,4231800
2021-12-31,171.07000732421875,149.7501678466797,4409500
2022-01-03,171.5399932861328,150.16162109375,6012200
2022-01-04,171.0800018310547,149.75892639160156,6748400
2022-01-05,172.22000122070312,150.7568359375,7016100
2022-01-06,171.6300048828125,150.2404327392578,7301600
2022-01-07,173.9499969482422,152.27127075195312,6986000
2022-01-10,173.08999633789062,151.51844787597656,7698400
2022-01-11,171.25,149.90777587890625,8341100
2022-01-12,169.7899932861328,148.62965393066406,8116200
2022-01-13,168.75999450683594,147.7280731201172,6159400
2022-01-14,167.83999633789062,146.92269897460938,5847700
2022-01-18,167.10000610351562,146.2749481201172,7815600
2022-01-19,166.5800018310547,145.8197479248047,5926500
2022-01-20,165.25,144.655517578125,6011300
2022-01-21,164.8699951171875,144.32286071777344,10550300
2022-01-24,162.97000122070312,142.6596221923828,14054600
2022-01-25,167.6300048828125,146.7388916015625,14081200
2022-01-26,168.3800048828125,147.3954315185547,9963200
2022-01-27,170.58999633789062,149.3300018310547,9066700
2022-01-28,171.7899932861328,150.3804168701172,9783100
2022-01-31,172.2899932861328,150.81813049316406,8054800
2022-02-01,170.8800048828125,149.5838623046875,8154700
2022-02-02,172.77000427246094,151.23831176757812,7382800
2022-02-03,172.75999450683594,151.22955322265625,6240400
2022-02-04,171.6300048828125,150.2404327392578,6392200
2022-02-07,171.05999755859375,149.74142456054688,6065700
2022-02-08,171.50999450683594,150.1353302001953,6296100
2022-02-09,171.49000549316406,150.1178436279297,5387500
2022-02-10,169.4199981689453,148.3058319091797,10355300
2022-02-11,167.7100067138672,146.80892944335938,13125300
2022-02-14,165.60000610351562,144.9619140625,8967600
2022-02-15,167.30999755859375,146.45877075195312,6631400
2022-02-16,167.2100067138672,146.3712615966797,8482400
2022-02-17,166.19000244140625,145.47833251953125,6227600
2022-02-18,163.36000061035156,143.9189910888672,6423200
2022-02-22,161.13999938964844,141.9631805419922,6868900
2022-02-23,161.22000122070312,142.03366088867188,8016900
2022-02-24,158.13999938964844,139.3201904296875,12883400
2022-02-25,166.0,146.2447967529297,11340400
2022-02-28,164.57000732421875,144.9849853515625,9373500
2022-03-01,164.0,144.4828338623047,8737800
2022-03-02,166.0399932861328,146.28004455566406,6793300
2022-03-03,168.47999572753906,148.42965698242188,7333700
2022-03-04,169.47999572753906,149.31068420410156,6302500
2022-03-07,172.2100067138672,151.7157745361328,11663400
2022-03-08,168.72000122070312,148.64111328125,11100300
2022-03-09,169.36000061035156,149.20494079589844,7248200
2022-03-10,169.66000366210938,149.46923828125,6171400
2022-03-11,169.35000610351562,149.19610595703125,5188000
2022-03-14,171.69000244140625,151.2576904296875,7729500
2022-03-15,176.13999938964844,155.17808532714844,10554400
2022-03-16,174.52000427246094,153.75088500976562,9603300
2022-03-17,176.8000030517578,155.7595672607422,7472100
2022-03-18,174.83999633789062,154.03282165527344,13809500
2022-03-21,175.8300018310547,154.9049530029297,7574900
2022-03-22,175.0,154.17376708984375,8442100
2022-03-23,174.33999633789062,153.5923309326172,5254200
2022-03-24,175.24000549316406,154.38519287109375,5012300
2022-03-25,176.9199981689453,155.865234375,4809500
2022-03-28,177.8300018310547,156.6669921875,5604200
2022-03-29,177.74000549316406,156.5876922607422,5933400
2022-03-30,179.58999633789062,158.21749877929688,6277600
2022-03-31,177.22999572753906,156.13833618164062,11490400
2022-04-01,178.19000244140625,156.984130859375,6525600
2022-04-04,176.47000122070312,155.4688262939453,6860600
2022-04-05,177.61000061035156,156.47317504882812,7446100
2022-04-06,182.22999572753906,160.5433349609375,10330900
2022-04-07,181.75999450683594,160.12925720214844,7385200
2022-04-08,182.1199951171875,160.4464111328125,7144500
2022-04-11,179.83999633789062,158.43772888183594,5932000
2022-04-12,179.89999389648438,158.4906005859375,5957500
2022-04-13,180.66000366210938,159.16018676757812,5643100
2022-04-14,179.89999389648438,158.4906005859375,6188200
2022-04-18,177.66000366210938,156.5172119140625,6318700
2022-04-19,183.0800018310547,161.2921905517578,14380800
2022-04-20,183.88999938964844,162.00575256347656,8044900
2022-04-21,183.36000061035156,161.53883361816406,6969200
2022-04-22,181.5399932861328,159.93540954589844,8003600
2022-04-25,186.00999450683594,163.8734893798828,11176500
2022-04-26,184.67999267578125,162.70175170898438,10190000
2022-04-27,182.10000610351562,160.42880249023438,11090100
2022-04-28,183.4600067138672,161.626953125,9403900
2022-04-29,180.4600067138672,158.98397827148438,8463100
2022-05-02,178.63999938964844,157.38055419921875,7145400
2022-05-03,178.2899932861328,157.07223510742188,5898700
2022-05-04,180.1999969482422,158.75491333007812,5923000
2022-05-05,176.75999450683594,155.7242889404297,7089200
2022-05-06,176.3699951171875,155.38072204589844,6434000
2022-05-09,177.3300018310547,156.22647094726562,7855200
2022-05-10,177.08999633789062,156.01502990722656,8186700
2022-05-11,176.1300048828125,155.16928100585938,6138900
2022-05-12,177.8699951171875,156.70220947265625,6898600
2022-05-13,176.85000610351562,155.8035888671875,7732200
2022-05-16,178.0800018310547,156.88723754882812,5516700
2022-05-17,178.82000732421875,157.5391387939453,5751100
2022-05-18,175.5,154.61427307128906,8608800
2022-05-19,173.94000244140625,153.2399139404297,6874500
2022-05-20,176.97999572753906,155.91810607910156,7522100
2022-05-23,179.44000244140625,159.10122680664062,7040800
2022-05-24,181.39999389648438,160.83905029296875,6419800
2022-05-25,179.6199951171875,159.2608184814453,6558900
2022-05-26,179.4600067138672,159.1189422607422,6897600
2022-05-27,181.08999633789062,160.56417846679688,5853600
2022-05-31,179.52999877929688,159.1809844970703,16391400
2022-06-01,177.7100067138672,157.56729125976562,5175400
2022-06-02,177.14999389648438,157.0707244873047,8666500
2022-06-03,176.4199981689453,156.4235076904297,4234200
2022-06-06,176.39999389648438,156.40579223632812,5386500
2022-06-07,178.33999633789062,158.12588500976562,5447800
2022-06-08,177.27999877929688,157.18603515625,4333100
2022-06-09,173.7100067138672,154.02066040039062,5509600
2022-06-10,172.5500030517578,152.99215698242188,6647300
2022-06-13,170.80999755859375,151.44937133789062,7997000
2022-06-14,168.19000244140625,149.12631225585938,7116800
2022-06-15,169.99000549316406,150.7223663330078,7796100
2022-06-16,170.0800018310547,150.80213928222656,7056700
2022-06-17,169.4600067138672,150.25242614746094,12486600
2022-06-21,173.00999450683594,153.40003967285156,8219700
2022-06-22,175.74000549316406,155.82058715820312,10593100
2022-06-23,179.66000366210938,159.2962646484375,10223500
2022-06-24,182.2899932861328,161.628173828125,9374400
2022-06-27,182.1199951171875,161.47744750976562,5908600
2022-06-28,176.94000244140625,156.88458251953125,9245700
2022-06-29,176.99000549316406,156.9289093017578,7097900
2022-06-30,177.50999450683594,157.3899688720703,10777200
2022-07-01,179.52000427246094,159.17214965820312,5498400
2022-07-05,178.13999938964844,157.9485626220703,5676400
2022-07-06,178.3000030517578,158.0904083251953,5335600
2022-07-07,178.5,158.2677459716797,5725800
2022-07-08,178.27999877929688,158.0726776123047,3828300
2022-07-11,178.35000610351562,158.13475036621094,3645200
2022-07-12,175.85000610351562,155.91812133789062,4708800
2022-07-13,175.44000244140625,155.5546112060547,5291700
2022-07-14,175.67999267578125,155.76739501953125,5359600
2022-07-15,178.22999572753906,158.02833557128906,5691100
2022-07-18,174.22999572753906,154.48175048828125,7605700
2022-07-19,171.69000244140625,152.22964477539062,13256400
2022-07-20,170.7100067138672,151.3607177734375,7455800
2022-07-21,171.30999755859375,151.89268493652344,5729200
2022-07-22,172.1199951171875,152.61093139648438,4257000
2022-07-25,172.4600067138672,152.91233825683594,4437300
2022-07-26,173.67999267578125,153.99404907226562,4525500
2022-07-27,173.1999969482422,153.56849670410156,4648500
2022-07-28,174.1999969482422,154.4551239013672,5513000
2022-07-29,174.52000427246094,154.73890686035156,6451400
2022-08-01,173.91000366210938,154.197998046875,5461400
2022-08-02,172.9199981689453,153.32028198242188,5794200
2022-08-03,174.58999633789062,154.80096435546875,5010000
2022-08-04,171.7899932861328,152.31826782226562,5651600
2022-08-05,171.11000061035156,151.71536254882812,5235500
2022-08-08,170.1999969482422,150.90855407714844,4629800
2022-08-09,170.17999267578125,150.89077758789062,5532500
2022-08-10,170.6699981689453,151.3252410888672,5603400
2022-08-11,167.13999938964844,148.19534301757812,9328700
2022-08-12,165.3000030517578,146.56390380859375,14606900
2022-08-15,166.08999633789062,147.2643585205078,10072000
2022-08-16,167.57000732421875,148.5766143798828,7453600
2022-08-17,167.5800018310547,148.58551025390625,7406600
2022-08-18,166.77000427246094,147.8673095703125,8312100
2022-08-19,169.30999755859375,150.119384765625,8128500
2022-08-22,167.58999633789062,149.5927734375,5462600
2022-08-23,166.1300048828125,148.28953552246094,5566300
2022-08-24,165.5800018310547,147.79861450195312,5684300
2022-08-25,167.1300048828125,149.18215942382812,5678700
2022-08-26,164.27000427246094,146.62928771972656,5667100
2022-08-29,163.0,145.4956817626953,5259200
2022-08-30,162.42999267578125,144.98687744140625,6973300
2022-08-31,161.33999633789062,144.01388549804688,8741700
2022-09-01,165.33999633789062,147.5843963623047,7509600
2022-09-02,162.74000549316406,145.2635955810547,5803700
2022-09-06,163.17999267578125,145.65634155273438,7394600
2022-09-07,164.07000732421875,146.45079040527344,4590600
2022-09-08,165.38999938964844,147.62901306152344,5838400
2022-09-09,165.7100067138672,147.91464233398438,5500600
2022-09-12,165.63999938964844,147.8521728515625,6365300
2022-09-13,161.3300018310547,144.00506591796875,6726400
2022-09-14,164.66000366210938,146.97740173339844,9555700
2022-09-15,165.0800018310547,147.352294921875,7174500
2022-09-16,167.60000610351562,149.60166931152344,20201500
2022-09-19,166.27999877929688,148.4234161376953,7380900
2022-09-20,164.97000122070312,147.2541046142578,7143400
2022-09-21,163.27999877929688,145.74559020996094,8071200
2022-09-22,166.17999267578125,148.3341522216797,7401100
2022-09-23,166.72000122070312,148.81619262695312,9598600
2022-09-26,165.6999969482422,147.90570068359375,8735500
2022-09-27,164.94000244140625,147.2273712158203,8686700
2022-09-28,166.36000061035156,148.49484252929688,8660900
2022-09-29,164.52999877929688,146.86138916015625,7008100
2022-09-30,163.36000061035156,145.81704711914062,8985200
2022-10-03,163.1999969482422,145.67417907714844,8657000
2022-10-04,165.6199951171875,147.83433532714844,6236100
2022-10-05,165.11000061035156,147.37908935546875,4539400
2022-10-06,161.91000366210938,144.52273559570312,5890700
2022-10-07,160.1999969482422,142.99636840820312,6363500
2022-10-10,160.41000366210938,143.18382263183594,5315600
2022-10-11,162.72999572753906,145.25466918945312,6212200
2022-10-12,162.69000244140625,145.21900939941406,4341700
2022-10-13,165.14999389648438,147.414794921875,6465100
2022-10-14,164.4600067138672,146.7989044189453,5684600
2022-10-17,166.58999633789062,148.7001495361328,6710800
2022-10-18,166.00999450683594,148.1824493408203,10883600
2022-10-19,164.69000244140625,147.0041961669922,10044600
2022-10-20,165.11000061035156,147.37908935546875,5659900
2022-10-21,168.7100067138672,150.59251403808594,8487600
2022-10-24,170.97999572753906,152.61871337890625,6855500
2022-10-25,170.7100067138672,152.37770080566406,5661900
2022-10-26,172.2100067138672,153.7166290283203,6123800
2022-10-27,172.30999755859375,153.805908203125,5390900
2022-10-28,174.8699951171875,156.09097290039062,6073900
2022-10-31,173.97000122070312,155.28761291503906,7810000
2022-11-01,173.08999633789062,154.5021209716797,6985000
2022-11-02,170.42999267578125,152.12779235839844,6877300
2022-11-03,170.72000122070312,152.38665771484375,4819900
2022-11-04,171.47999572753906,153.06503295898438,5300900
2022-11-07,172.97999572753906,154.4039764404297,6621000
2022-11-08,173.83999633789062,155.17160034179688,5148400
2022-11-09,172.4499969482422,153.9308319091797,6150000
2022-11-10,174.47000122070312,155.7339324951172,7877500
2022-11-11,169.25,151.0745086669922,11074700
2022-11-14,171.91000366210938,153.4488525390625,6581500
2022-11-15,172.38999938964844,153.87728881835938,9351000
2022-11-16,173.4600067138672,154.83241271972656,5500900
2022-11-17,174.86000061035156,156.08204650878906,4464100
2022-11-18,176.1999969482422,157.27813720703125,6555700
2022-11-21,175.97000122070312,158.086669921875,5706600
2022-11-22,176.82000732421875,158.85031127929688,4707900
2022-11-23,177.00999450683594,159.02099609375,5389200
2022-11-25,177.24000549316406,159.22763061523438,3058600
2022-11-28,177.3300018310547,159.3084716796875,6183100
2022-11-29,176.08999633789062,158.1945037841797,6700500
2022-11-30,178.0,159.91036987304688,13288000
2022-12-01,178.74000549316406,160.57518005371094,6282600
2022-12-02,178.8800048828125,160.7009735107422,5823900
2022-12-05,178.77999877929688,160.6111297607422,5120600
2022-12-06,176.10000610351562,158.20347595214844,7943500
2022-12-07,177.1699981689453,159.16473388671875,5702600
2022-12-08,177.1999969482422,159.19166564941406,4798500
2022-12-09,175.74000549316406,157.88006591796875,4561000
2022-12-12,177.83999633789062,159.7666473388672,4882400
2022-12-13,179.2100067138672,160.99745178222656,9177500
2022-12-14,179.75999450683594,161.49151611328125,9533600
2022-12-15,177.49000549316406,159.45220947265625,7602400
2022-12-16,175.6699981689453,157.817138671875,18841800
2022-12-19,175.47999572753906,157.64649963378906,5736000
2022-12-20,175.6699981689453,157.817138671875,6174700
2022-12-21,177.67999267578125,159.62289428710938,5472000
2022-12-22,177.02999877929688,159.0389404296875,5709100
2022-12-23,177.47999572753906,159.44325256347656,3683400
2022-12-27,177.42999267578125,159.39828491210938,3067300
2022-12-28,176.66000366210938,158.7065887451172,2645400
2022-12-29,177.55999755859375,159.5150909423828,2828800
2022-12-30,176.64999389648438,158.69754028320312,4216600
2023-01-03,178.19000244140625,160.08106994628906,6344900
2023-01-04,180.1300048828125,161.82391357421875,9788800
2023-01-05,178.8000030517578,160.6291046142578,6255300
2023-01-06,180.25,161.93170166015625,5706000
2023-01-09,175.5800018310547,157.73631286621094,7925300
2023-01-10,175.16000366210938,157.35902404785156,5047500
2023-01-11,174.8800048828125,157.1074676513672,6494800
2023-01-12,174.0,156.31690979003906,4269400
2023-01-13,173.42999267578125,155.8048095703125,6088000
2023-01-17,172.36000061035156,154.8435516357422,6053300
2023-01-18,169.75999450683594,152.50778198242188,7047800
2023-01-19,169.52999877929688,152.30113220214844,6939500
2023-01-20,168.74000549316406,151.59144592285156,8620600
2023-01-23,168.30999755859375,151.20516967773438,8425400
2023-01-24,168.30999755859375,151.20516967773438,10541800
2023-01-25,169.50999450683594,152.28321838378906,7099800
2023-01-26,168.88999938964844,151.72618103027344,6946100
2023-01-27,168.22999572753906,151.13327026367188,6058100
2023-01-30,162.0,145.53640747070312,23259100
2023-01-31,163.4199981689453,146.81211853027344,11612500
2023-02-01,164.9199981689453,148.15966796875,9865300
2023-02-02,165.5399932861328,148.7166748046875,10099000
2023-02-03,164.61000061035156,147.88121032714844,6868500
2023-02-06,163.36000061035156,146.75820922851562,7021000
2023-02-07,163.39999389648438,146.79412841796875,7310800
2023-02-08,163.61000061035156,146.98280334472656,6054700
2023-02-09,161.39999389648438,144.9973907470703,7949500
2023-02-10,162.14999389648438,145.67117309570312,7028000
2023-02-13,162.75,146.21017456054688,6414700
2023-02-14,162.0399932861328,145.57235717773438,6316000
2023-02-15,159.3699951171875,143.1737060546875,12621800
2023-02-16,158.24000549316406,142.15855407714844,11177000
2023-02-17,160.38999938964844,145.12637329101562,12401900
2023-02-21,158.0,142.9638214111328,9423900
2023-02-22,157.77999877929688,142.7647705078125,9820200
2023-02-23,157.72999572753906,142.71949768066406,9385100
2023-02-24,155.97000122070312,141.1270294189453,8689700
2023-02-27,155.6300048828125,140.8193817138672,7267100
2023-02-28,153.25999450683594,138.6749267578125,9062300
2023-03-01,152.57000732421875,138.0506134033203,6767000
2023-03-02,152.4499969482422,137.94200134277344,8762500
2023-03-03,154.02000427246094,139.36260986328125,5747200
2023-03-06,155.55999755859375,140.75604248046875,8148200
2023-03-07,154.08999633789062,139.42591857910156,7457700
2023-03-08,152.9600067138672,138.4035186767578,6230500
2023-03-09,151.24000549316406,136.8471221923828,7439400
2023-03-10,151.61000061035156,137.18197631835938,8504300
2023-03-13,153.05999755859375,138.49392700195312,10799600
2023-03-14,153.9199981689453,139.2720947265625,8421200
2023-03-15,154.35000610351562,139.6611785888672,7757700
2023-03-16,154.02999877929688,139.3716278076172,7605500
2023-03-17,152.3800048828125,137.878662109375,20540700
2023-03-20,153.88999938964844,139.24497985839844,7129000
2023-03-21,153.88999938964844,139.24497985839844,8376800
2023-03-22,151.0500030517578,136.67523193359375,7943500
2023-03-23,151.1300048828125,136.7476348876953,9051500
2023-03-24,152.64999389648438,138.12295532226562,5696200
2023-03-27,153.3000030517578,138.71112060546875,6772300
2023-03-28,151.82000732421875,137.37196350097656,6115300
2023-03-29,153.30999755859375,138.72015380859375,6012000
2023-03-30,153.42999267578125,138.82875061035156,4555700
2023-03-31,155.0,140.2493438720703,9890000
2023-04-03,156.85000610351562,141.92327880859375,6841900
2023-04-04,158.49000549316406,143.40719604492188,8314500
2023-04-05,165.61000061035156,149.84963989257812,16704200
2023-04-06,165.14999389648438,149.4334259033203,9615400
2023-04-10,164.32000732421875,148.682373046875,5354000
2023-04-11,164.27000427246094,148.63714599609375,5903800
2023-04-12,163.9199981689453,148.3204345703125,5764100
2023-04-13,166.11000061035156,150.3020477294922,5640600
2023-04-14,165.83999633789062,150.0577392578125,7225100
2023-04-17,165.6699981689453,149.9039306640625,8046400
2023-04-18,161.00999450683594,145.68736267089844,14571500
2023-04-19,162.52999877929688,147.062744140625,6752000
2023-04-20,163.5800018310547,148.0128173828125,9498800
2023-04-21,162.69000244140625,147.20751953125,7014200
2023-04-24,163.67999267578125,148.1033172607422,5278900
2023-04-25,165.17999267578125,149.4605255126953,6263100
2023-04-26,162.6199951171875,147.14414978027344,5518200
2023-04-27,163.0,147.48800659179688,5739700
2023-04-28,163.6999969482422,148.12135314941406,6024900
2023-05-01,163.60000610351562,148.03089904785156,4893400
2023-05-02,165.02999877929688,149.32481384277344,7541700
2023-05-03,162.8699951171875,147.370361328125,5937200
2023-05-04,162.1300048828125,146.70079040527344,5128000
2023-05-05,162.67999267578125,147.19847106933594,5194500
2023-05-08,162.30999755859375,146.86366271972656,4994900
2023-05-09,161.0500030517578,145.7235870361328,5520500
2023-05-10,161.64999389648438,146.26646423339844,6756600
2023-05-11,160.99000549316406,145.6693115234375,5867600
2023-05-12,160.77999877929688,145.47926330566406,3904200
2023-05-15,159.5500030517578,144.36631774902344,5104500
2023-05-16,159.33999633789062,144.17630004882812,5599200
2023-05-17,158.99000549316406,143.85960388183594,6840700
2023-05-18,158.47999572753906,143.3981475830078,5173000
2023-05-19,158.91000366210938,143.78726196289062,6527100
2023-05-22,156.8699951171875,143.01231384277344,5675900
2023-05-23,156.80999755859375,142.9576416015625,5793000
2023-05-24,156.66000366210938,142.8208770751953,5015100
2023-05-25,154.41000366210938,140.76962280273438,6886100
2023-05-26,154.35000610351562,140.7149200439453,6845400
2023-05-30,154.3699951171875,140.733154296875,5593100
2023-05-31,155.05999755859375,141.36221313476562,11324600
2023-06-01,154.5399932861328,140.88815307617188,7901300
2023-06-02,156.97000122070312,143.1034698486328,7659700
2023-06-05,158.32000732421875,144.33425903320312,6430500
2023-06-06,158.17999267578125,144.20657348632812,5073600
2023-06-07,158.52000427246094,144.51657104492188,6504300
2023-06-08,160.25999450683594,146.1028289794922,5818400
2023-06-09,160.00999450683594,145.8749237060547,6264400
2023-06-12,159.89999389648438,145.774658203125,6510600
2023-06-13,160.74000549316406,146.5404510498047,6066800
2023-06-14,161.55999755859375,147.28802490234375,6699100
2023-06-15,163.72999572753906,149.26632690429688,7138300
2023-06-16,164.22999572753906,149.72215270996094,13426600
2023-06-20,164.1300048828125,149.6309814453125,7995800
2023-06-21,163.8800048828125,149.40306091308594,7177500
2023-06-22,165.6199951171875,150.98934936523438,5485900
2023-06-23,165.47999572753906,150.86170959472656,9450700
2023-06-26,163.6300048828125,149.17514038085938,6978800
2023-06-27,163.2899932861328,148.86517333984375,4927500
2023-06-28,162.9600067138672,148.5643310546875,6780400
2023-06-29,164.10000610351562,149.6036376953125,4547500
2023-06-30,165.52000427246094,150.89817810058594,7580000
2023-07-03,163.35000610351562,148.91989135742188,4033700
2023-07-05,162.80999755859375,148.42759704589844,7224600
2023-07-06,161.60000610351562,147.324462890625,6332500
2023-07-07,159.25,145.18209838867188,7022200
2023-07-10,159.50999450683594,145.41909790039062,5739200
2023-07-11,158.6300048828125,144.61683654785156,6606700
2023-07-12,158.0800018310547,144.1154327392578,6940400
2023-07-13,158.80999755859375,144.78094482421875,6401700
2023-07-14,159.8699951171875,145.7472686767578,5362200
2023-07-17,159.07000732421875,145.0179443359375,5486800
2023-07-18,159.05999755859375,145.00881958007812,6332500
2023-07-19,158.74000549316406,144.71714782714844,7522600
2023-07-20,168.3800048828125,153.50555419921875,21892900
2023-07-21,170.19000244140625,155.1556396484375,12080000
2023-07-24,171.0800018310547,155.96701049804688,15155400
2023-07-25,172.38999938964844,157.1613006591797,13790100
2023-07-26,172.72000122070312,157.46217346191406,14288200
2023-07-27,173.69000244140625,158.34649658203125,12446400
2023-07-28,174.47999572753906,159.0666961669922,14138800
2023-07-31,167.52999877929688,152.7306365966797,22632700
2023-08-01,168.88999938964844,153.97047424316406,15810300
2023-08-02,169.91000366210938,154.900390625,14595600
2023-08-03,170.63999938964844,155.5658721923828,17424800
2023-08-04,169.0399932861328,154.1072235107422,23415100
2023-08-07,173.10000610351562,157.80859375,17736400
2023-08-08,173.17999267578125,157.88148498535156,27378700
2023-08-09,173.07000732421875,157.78126525878906,42974400
2023-08-10,172.1699981689453,156.96072387695312,48213800
2023-08-11,173.85000610351562,158.49234008789062,45905600
2023-08-14,173.44000244140625,158.1185302734375,64036900
2023-08-15,172.94000244140625,157.66273498535156,88958100
2023-08-16,172.38999938964844,157.1613006591797,85832700
2023-08-17,174.00999450683594,158.63818359375,70904200
2023-08-18,172.49000549316406,157.25245666503906,49631700
2023-08-21,167.35000610351562,152.56651306152344,151319500
2023-08-22,166.02000427246094,151.3540496826172,56834800
2023-08-23,164.52999877929688,149.9956512451172,119011400
2023-08-24,165.08999633789062,150.5061798095703,70755100
2023-08-25,166.25,152.6641387939453,18185500
2023-08-28,164.2899932861328,150.8643035888672,18458000
2023-08-29,164.30999755859375,150.88265991210938,12208600
2023-08-30,163.72999572753906,150.35006713867188,9939100
2023-08-31,161.67999267578125,148.46759033203125,15333000
2023-09-01,160.47999572753906,147.3656463623047,8610100
2023-09-05,160.67999267578125,147.54933166503906,9019800
2023-09-06,158.00999450683594,145.09750366210938,9753800
2023-09-07,160.02999877929688,146.95242309570312,9931800
2023-09-08,160.55999755859375,147.43911743164062,6957000
2023-09-11,162.66000366210938,149.3675079345703,6309300
2023-09-12,163.5800018310547,150.2123260498047,6045800
2023-09-13,163.99000549316406,150.5888214111328,7397500
2023-09-14,163.74000549316406,150.3592529296875,7758400
2023-09-15,161.4499969482422,148.25637817382812,13392100
2023-09-18,162.47000122070312,149.19305419921875,5789000
2023-09-19,162.1999969482422,148.94508361816406,5550800
2023-09-20,162.91000366210938,149.59707641601562,3837400
2023-09-21,161.66000366210938,148.44923400878906,4526700
2023-09-22,160.5,147.38401794433594,4976700
2023-09-25,160.25999450683594,147.16360473632812,6722500
2023-09-26,159.02000427246094,146.02496337890625,4904800
2023-09-27,157.11000061035156,144.2710418701172,10211600
2023-09-28,156.8800048828125,144.05984497070312,7861900
2023-09-29,155.75,143.02220153808594,7680700
2023-10-02,155.14999389648438,142.47122192382812,7259700
2023-10-03,155.33999633789062,142.64569091796875,5740800
2023-10-04,155.52000427246094,142.8109893798828,4955200
2023-10-05,157.13999938964844,144.29861450195312,5993300
2023-10-06,157.63999938964844,144.75770568847656,5802200
2023-10-09,158.5399932861328,145.58421325683594,4414100
2023-10-10,158.36000061035156,145.4188995361328,5273500
2023-10-11,156.17999267578125,143.41705322265625,6922900
2023-10-12,156.3300018310547,143.55479431152344,5792400
2023-10-13,156.85000610351562,144.0323028564453,5359800
2023-10-16,157.52999877929688,144.65670776367188,6408100
2023-10-17,156.08999633789062,143.3343963623047,12244400
2023-10-18,152.72999572753906,140.2489776611328,9097300
2023-10-19,152.32000732421875,139.8725128173828,7733800
2023-10-20,153.0,140.49693298339844,7207000
2023-10-23,151.38999938964844,139.0184783935547,5874000
2023-10-24,151.22999572753906,138.87152099609375,6155300
2023-10-25,151.57000732421875,139.18377685546875,5880800
2023-10-26,149.0,136.82379150390625,7612500
2023-10-27,145.60000610351562,133.70164489746094,11385800
2023-10-30,147.02999877929688,135.01478576660156,8205300
2023-10-31,148.33999633789062,136.21768188476562,7576900
2023-11-01,148.69000244140625,136.5391082763672,5733000
2023-11-02,150.24000549316406,137.9624481201172,5349100
2023-11-03,151.33999633789062,138.97254943847656,4926800
2023-11-06,151.6999969482422,139.30313110351562,4851400
2023-11-07,150.89999389648438,138.56854248046875,4840400
2023-11-08,150.35000610351562,138.0634765625,5460000
2023-11-09,147.4199981689453,135.37290954589844,6973600
2023-11-10,147.25,135.21682739257812,6930700
2023-11-13,147.6300048828125,135.56573486328125,5889300
2023-11-14,147.66000366210938,135.59327697753906,6713600
2023-11-15,148.8000030517578,136.64015197753906,6729100
2023-11-16,150.10000610351562,137.83392333984375,6875600
2023-11-17,149.7899932861328,137.5492401123047,7023300
2023-11-20,149.91000366210938,138.76181030273438,8851700
2023-11-21,151.1199951171875,139.88182067871094,5916300
2023-11-22,150.82000732421875,139.60415649414062,4633500
2023-11-24,152.5,141.1592254638672,3351400
2023-11-27,151.27999877929688,140.02992248535156,6449700
2023-11-28,151.6300048828125,140.35391235351562,5909000
2023-11-29,152.11000061035156,140.79820251464844,5190000
2023-11-30,154.66000366210938,143.15855407714844,12481900
2023-12-01,158.3800048828125,146.6019287109375,10342900
2023-12-04,158.8800048828125,147.0647430419922,8920300
2023-12-05,158.5500030517578,146.75929260253906,7268200
2023-12-06,156.6199951171875,144.9728240966797,6642900
2023-12-07,155.39999389648438,143.84353637695312,6532400
2023-12-08,154.4199981689453,142.93641662597656,6254700
2023-12-11,155.05999755859375,143.52882385253906,6090400
2023-12-12,155.07000732421875,143.53811645507812,5324400
2023-12-13,155.7899932861328,144.2045440673828,10764600
2023-12-14,156.8699951171875,145.2042236328125,9240700
2023-12-15,155.16000366210938,143.6214141845703,21727800
2023-12-18,155.44000244140625,143.8805694580078,7231400
2023-12-19,156.4600067138672,144.82473754882812,6651500
2023-12-20,153.27000427246094,141.8719482421875,7008300
2023-12-21,154.83999633789062,143.32516479492188,4598600
2023-12-22,155.4600067138672,143.89907836914062,3798900
2023-12-26,156.13999938964844,144.52853393554688,4170000
2023-12-27,156.35000610351562,144.722900390625,5288100
2023-12-28,156.5800018310547,144.93582153320312,4377500
2023-12-29,156.74000549316406,145.0839080810547,4313700
2024-01-02,159.97000122070312,148.0736846923828,9622100
2024-01-03,160.97000122070312,148.99932861328125,8232000
2024-01-04,160.6300048828125,148.6846160888672,6766600
2024-01-05,161.1300048828125,149.14744567871094,5602500
2024-01-08,161.52999877929688,149.51766967773438,6569800
2024-01-09,161.6300048828125,149.61026000976562,6357000
2024-01-10,161.8699951171875,149.83238220214844,4945100
2024-01-11,161.14999389648438,149.1659393310547,4946000
2024-01-12,162.38999938964844,150.31370544433594,4496900
2024-01-16,160.52000427246094,148.58279418945312,6923200
2024-01-17,160.42999267578125,148.49948120117188,5072100
2024-01-18,161.2100067138672,149.2214813232422,5368500
2024-01-19,161.67999267578125,149.6565399169922,7071300
2024-01-22,162.47000122070312,150.38780212402344,6824200
2024-01-23,159.80999755859375,147.92556762695312,9149800
2024-01-24,158.9600067138672,147.13880920410156,7247900
2024-01-25,159.55999755859375,147.69418334960938,5478900
2024-01-26,159.5,147.63865661621094,5591900
2024-01-29,159.36000061035156,147.50904846191406,6483200
2024-01-30,158.77000427246094,146.9629669189453,7200500
2024-01-31,158.89999389648438,147.08328247070312,8256800
2024-02-01,158.36000061035156,146.5834197998047,8012000
2024-02-02,156.61000061035156,144.9635772705078,8295900
2024-02-05,155.8000030517578,144.21380615234375,9121600
2024-02-06,158.05999755859375,146.30572509765625,9229900
2024-02-07,157.97999572753906,146.231689453125,8690300
2024-02-08,156.39999389648438,144.76918029785156,9755000
2024-02-09,156.75999450683594,145.10238647460938,6529200
2024-02-12,157.85000610351562,146.11135864257812,6701500
2024-02-13,156.47000122070312,144.83395385742188,8621000
2024-02-14,155.74000549316406,144.1582794189453,9098800
2024-02-15,157.9199981689453,146.1761474609375,7462500
2024-02-16,156.5500030517578,146.00827026367188,8541000
2024-02-20,157.86000061035156,147.2300567626953,9501700
2024-02-21,158.67999267578125,147.99484252929688,7472500
2024-02-22,160.4499969482422,149.6456298828125,8065000
2024-02-23,161.83999633789062,150.94204711914062,6726000
2024-02-26,160.7899932861328,149.9627685546875,5465400
2024-02-27,160.97999572753906,150.1399688720703,5078600
2024-02-28,161.5500030517578,150.67156982421875,6071100
2024-02-29,161.3800048828125,150.51304626464844,9849100
2024-03-01,162.1199951171875,151.20318603515625,5670100
2024-03-04,159.83999633789062,149.07675170898438,8532900
2024-03-05,159.97000122070312,149.19796752929688,8298200
2024-03-06,159.33999633789062,148.6103973388672,5773700
2024-03-07,158.8699951171875,148.1720428466797,5188700
2024-03-08,159.52000427246094,148.77828979492188,5284000
2024-03-11,161.22999572753906,150.37310791015625,4620800
2024-03-12,162.74000549316406,151.78146362304688,8018700
2024-03-13,161.10000610351562,150.25189208984375,6260000
2024-03-14,159.2100067138672,148.48916625976562,6988300
2024-03-15,158.17999267578125,147.5284881591797,13165500
2024-03-18,156.75999450683594,146.20411682128906,6602300
2024-03-19,156.2100067138672,145.691162109375,7840600
2024-03-20,155.75999450683594,145.27145385742188,5982300
2024-03-21,155.75,145.2621612548828,5915800
2024-03-22,155.22999572753906,144.7771453857422,7248600
2024-03-25,155.22000122070312,144.76783752441406,7498100
2024-03-26,155.77000427246094,145.28079223632812,6864100
2024-03-27,157.9600067138672,147.32333374023438,8461600
2024-03-28,158.19000244140625,147.537841796875,6181500
2024-04-01,157.77999877929688,147.15545654296875,4364700
2024-04-02,157.72999572753906,147.1088104248047,6102300
2024-04-03,154.25999450683594,143.87246704101562,8098200
2024-04-04,152.5,142.23098754882812,6947400
2024-04-05,152.38999938964844,142.12840270996094,6783000
2024-04-08,151.58999633789062,141.3822479248047,5935400
2024-04-09,152.2899932861328,142.03512573242188,6135300
2024-04-10,150.1999969482422,140.08584594726562,6809500
2024-04-11,148.7899932861328,138.7707977294922,8374400
2024-04-12,147.52000427246094,137.58631896972656,7100200
2024-04-15,147.58999633789062,137.65159606933594,8502300
2024-04-16,144.4499969482422,134.72305297851562,12774900
2024-04-17,144.77000427246094,135.0215301513672,9378100
2024-04-18,145.74000549316406,135.9261932373047,9887700
2024-04-19,147.91000366210938,137.95005798339844,9750800
2024-04-22,149.1199951171875,139.07858276367188,10118700
2024-04-23,149.55999755859375,139.4889678955078,10110400
2024-04-24,148.52999877929688,138.5283203125,9756300
2024-04-25,146.82000732421875,136.93348693847656,7642700
2024-04-26,146.13999938964844,136.29925537109375,6183000
2024-04-29,146.82000732421875,136.93348693847656,6149600
2024-04-30,144.58999633789062,134.85362243652344,8817700
2024-05-01,151.17999267578125,140.99984741210938,14470900
2024-05-02,149.9199981689453,139.82470703125,8459800
2024-05-03,149.27000427246094,139.2184600830078,6532700
2024-05-06,148.5800018310547,138.57492065429688,5042800
2024-05-07,148.72000122070312,138.7055206298828,7333500
2024-05-08,148.9499969482422,138.92001342773438,7735100
2024-05-09,149.85000610351562,139.75942993164062,6546200
2024-05-10,149.91000366210938,139.81539916992188,5710600
2024-05-13,151.22000122070312,141.0371856689453,5628500
2024-05-14,151.3800048828125,141.18638610839844,8254200
2024-05-15,152.6699981689453,142.3895263671875,5548000
2024-05-16,154.27999877929688,143.89109802246094,7591000
2024-05-17,154.63999938964844,144.22686767578125,6521800
2024-05-20,151.27000427246094,142.2242431640625,7742300
2024-05-21,151.24000549316406,142.196044921875,5492400
2024-05-22,153.5,144.32090759277344,6609800
2024-05-23,149.6999969482422,140.74813842773438,8000400
2024-05-24,146.97000122070312,138.18138122558594,9520600
2024-05-28,144.3800048828125,135.7462615966797,10499800
2024-05-29,144.44000244140625,135.8026885986328,8263800
2024-05-30,145.27999877929688,136.5924530029297,8490300
2024-05-31,146.6699981689453,137.8993377685547,14621200
2024-06-03,147.74000549316406,138.9053497314453,7329200
2024-06-04,147.8000030517578,138.9617462158203,8876400
2024-06-05,145.97000122070312,137.24119567871094,5891300
2024-06-06,146.4199981689453,137.66427612304688,5016300
2024-06-07,147.0800018310547,138.28480529785156,5111600
2024-06-10,147.1300048828125,138.33181762695312,5749900
2024-06-11,146.75999450683594,137.98394775390625,5661200
2024-06-12,145.41000366210938,136.71469116210938,6180500
2024-06-13,145.4499969482422,136.75228881835938,6840400
2024-06-14,145.5399932861328,136.8368682861328,4075300
2024-06-17,145.9499969482422,137.22238159179688,6666600
2024-06-18,145.64999389648438,136.9403076171875,6156600
2024-06-20,147.77999877929688,138.94296264648438,8749700
2024-06-21,148.75,139.85494995117188,15172300
2024-06-24,149.1199951171875,140.20281982421875,6914700
2024-06-25,147.19000244140625,138.3882293701172,5912500
2024-06-26,146.82000732421875,138.04037475585938,5267800
2024-06-27,145.8000030517578,137.0813446044922,5739200
2024-06-28,146.16000366210938,137.41983032226562,10495700
2024-07-01,146.44000244140625,137.68309020996094,5144400
2024-07-02,146.02999877929688,137.29762268066406,5492000
2024-07-03,145.69000244140625,136.9779510498047,3246200
2024-07-05,146.47999572753906,137.720703125,4888500
2024-07-08,145.47999572753906,136.78045654296875,5260200
2024-07-09,147.0500030517578,138.256591796875,5890400
2024-07-10,149.42999267578125,140.4942626953125,6093200
2024-07-11,149.6999969482422,140.74813842773438,6350400
2024-07-12,149.8800048828125,140.91738891601562,5336400
2024-07-15,149.24000549316406,140.31564331054688,6711400
2024-07-16,151.00999450683594,141.97979736328125,6469600
2024-07-17,156.5800018310547,147.21673583984375,13801400
2024-07-18,155.4199981689453,146.1260986328125,10166200
2024-07-19,154.69000244140625,145.43975830078125,7398000
2024-07-22,154.24000549316406,145.01666259765625,6840600
2024-07-23,152.35000610351562,143.23965454101562,6261900
2024-07-24,156.27999877929688,146.93466186523438,7168200
2024-07-25,159.63999938964844,150.0937042236328,10019600
2024-07-26,160.63999938964844,151.03392028808594,8356900
2024-07-29,158.55999755859375,149.0783233642578,5625000
2024-07-30,161.3300018310547,151.6826934814453,6545700
2024-07-31,157.85000610351562,148.4107666015625,8293200
2024-08-01,160.75999450683594,151.14675903320312,7213400
2024-08-02,164.13999938964844,154.3246307373047,11280400
2024-08-05,161.25,151.60745239257812,12032200
2024-08-06,158.97000122070312,149.46377563476562,7607100
2024-08-07,158.89999389648438,149.3979949951172,5993000
2024-08-08,160.22000122070312,150.63905334472656,5094800
2024-08-09,160.6199951171875,151.01512145996094,4579200
2024-08-12,159.8800048828125,150.31939697265625,7605400
2024-08-13,158.38999938964844,148.91845703125,9711400
2024-08-14,158.47999572753906,149.0030975341797,5141200
2024-08-15,159.08999633789062,149.5766143798828,7237800
2024-08-16,159.38999938964844,149.85870361328125,5012800
2024-08-19,159.6300048828125,150.08432006835938,4408400
2024-08-20,160.16000366210938,150.5826416015625,7275100
2024-08-21,161.42999267578125,151.7766876220703,5019400
2024-08-22,162.35000610351562,152.6416778564453,6552100
2024-08-23,164.1300048828125,154.31524658203125,7093400
2024-08-26,164.61000061035156,154.7665252685547,6870600
2024-08-27,162.9499969482422,154.36865234375,4388700
2024-08-28,163.9199981689453,155.28756713867188,5187000
2024-08-29,164.22999572753906,155.5812530517578,7390100
2024-08-30,165.86000061035156,157.12542724609375,7971000
2024-09-03,167.16000366210938,158.35694885253906,6956500
2024-09-04,167.36000061035156,158.54638671875,6939100
2024-09-05,164.99000549316406,156.3012237548828,4600400
2024-09-06,164.3800048828125,155.7233428955078,6016900
2024-09-09,166.61000061035156,157.83590698242188,7538200
2024-09-10,167.3800048828125,158.56536865234375,6559600
2024-09-11,164.82000732421875,156.1401824951172,5920200
2024-09-12,164.63999938964844,155.9696502685547,4540900
2024-09-13,165.52000427246094,156.80331420898438,3693400
2024-09-16,166.99000549316406,158.19590759277344,5187800
2024-09-17,167.07000732421875,158.27169799804688,5066500
2024-09-18,166.14999389648438,157.40013122558594,4722800
2024-09-19,164.82000732421875,156.1401824951172,4956100
2024-09-20,164.16000366210938,155.5149383544922,11839000
2024-09-23,163.22000122070312,154.6244659423828,4671600
2024-09-24,162.77999877929688,154.20761108398438,6041600
2024-09-25,160.60000610351562,152.1424102783203,5420000
2024-09-26,161.38999938964844,152.89080810546875,6122000
2024-09-27,161.39999389648438,152.9002685546875,7553800
2024-09-30,162.05999755859375,153.52552795410156,6010000
2024-10-01,161.99000549316406,153.45921325683594,4408000
2024-10-02,161.1699981689453,152.68238830566406,4684400
2024-10-03,160.5,152.04769897460938,4791200
2024-10-04,160.2899932861328,151.84873962402344,5331100
2024-10-07,159.52999877929688,151.12875366210938,4266000
2024-10-08,159.69000244140625,151.28033447265625,4766300
2024-10-09,160.64999389648438,152.1897735595703,6047200
2024-10-10,160.50999450683594,152.0571746826172,4793900
2024-10-11,161.4600067138672,152.95712280273438,5253500
2024-10-14,161.60000610351562,153.08975219726562,5964000
2024-10-15,164.10000610351562,155.4580841064453,10548000
2024-10-16,164.27999877929688,155.62863159179688,5982100
2024-10-17,164.47000122070312,155.80860900878906,4798000
2024-10-18,165.1199951171875,156.4243621826172,5908000
2024-10-21,162.8300018310547,154.25497436523438,6082700
2024-10-22,163.4499969482422,154.84231567382812,5680300
2024-10-23,165.86000061035156,157.12542724609375,7441600
2024-10-24,163.6699981689453,155.05075073242188,5386300
2024-10-25,160.8800048828125,152.40765380859375,6400400
2024-10-28,161.60000610351562,153.08975219726562,4842500
2024-10-29,160.08999633789062,151.6592559814453,5216900
2024-10-30,160.61000061035156,152.15188598632812,5820500
2024-10-31,159.86000061035156,151.44139099121094,8613900
2024-11-01,160.1300048828125,151.69715881347656,5256400
2024-11-04,158.24000549316406,149.90672302246094,4644000
2024-11-05,158.35000610351562,150.0109100341797,6547100
2024-11-06,157.8800048828125,149.56565856933594,8926600
2024-11-07,156.72999572753906,148.47622680664062,7522800
2024-11-08,155.47000122070312,147.28257751464844,8926100
2024-11-11,155.0399932861328,146.8751983642578,7146800
2024-11-12,152.63999938964844,144.6016082763672,7181400
2024-11-13,153.24000549316406,145.1699981689453,7161900
2024-11-14,151.8699951171875,143.87216186523438,7716400
2024-11-15,154.0,145.88998413085938,11328500
2024-11-18,154.77000427246094,146.6194305419922,7510600
2024-11-19,153.0,144.94265747070312,8233700
2024-11-20,153.11000061035156,145.04685974121094,9061300
2024-11-21,155.5,147.3109893798828,10141100
2024-11-22,155.1699981689453,146.9983673095703,8266000
2024-11-25,155.77999877929688,147.5762481689453,12256200
2024-11-26,154.52000427246094,147.55714416503906,5683500
2024-11-27,155.39999389648438,148.39749145507812,4140400
2024-11-29,155.00999450683594,148.02503967285156,5687800
2024-12-02,154.8000030517578,147.82455444335938,6946500
2024-12-03,152.36000061035156,145.49449157714844,8674400
2024-12-04,150.47000122070312,143.68963623046875,10333100
2024-12-05,149.52000427246094,142.782470703125,7898100
2024-12-06,149.30999755859375,142.5819091796875,8389600
2024-12-09,149.60000610351562,142.8588409423828,8410300
2024-12-10,149.22999572753906,142.50552368164062,9398700
2024-12-11,146.63999938964844,140.0322265625,13446700
2024-12-12,146.24000549316406,139.65025329589844,6176300
2024-12-13,146.6199951171875,140.01315307617188,8324900
2024-12-16,143.85000610351562,137.36798095703125,8732400
2024-12-17,146.41000366210938,139.81259155273438,10343000
2024-12-18,144.75,138.22740173339844,9336100
2024-12-19,143.5800018310547,137.11013793945312,9516700
2024-12-20,144.47000122070312,137.9600067138672,17702800
2024-12-23,145.27000427246094,138.72396850585938,8720800
2024-12-24,145.85000610351562,139.27783203125,3164100
2024-12-26,145.5800018310547,139.02000427246094,4656300
2024-12-27,145.0500030517578,138.5138702392578,5588300
2024-12-30,143.33999633789062,136.8809356689453,6268700
2024-12-31,144.6199951171875,138.10325622558594,5811400
2025-01-02,144.02000427246094,137.53028869628906,6051300
2025-01-03,144.19000244140625,137.692626953125,5878800
2025-01-06,143.66000366210938,137.18650817871094,7910500
2025-01-07,146.22999572753906,139.6407012939453,8422000
2025-01-08,142.27000427246094,135.859130859375,11175600
2025-01-10,142.05999755859375,135.65858459472656,8821500
2025-01-13,144.47000122070312,137.9600067138672,10376400
2025-01-14,144.75,138.22740173339844,8681700
2025-01-15,144.97000122070312,138.43748474121094,7434600
2025-01-16,147.77000427246094,141.111328125,8964000
2025-01-17,147.02999877929688,140.4046630859375,10773100
2025-01-21,148.14999389648438,141.47418212890625,11111700
2025-01-22,145.27000427246094,138.72396850585938,16834700
2025-01-23,146.63999938964844,140.0322265625,10506400
2025-01-24,146.82000732421875,140.20413208007812,9887300
2025-01-27,152.88999938964844,146.0006103515625,15152300
2025-01-28,150.3800048828125,143.6037139892578,10320600
2025-01-29,151.14999389648438,144.33900451660156,7156400
2025-01-30,152.8699951171875,145.98147583007812,8911000
2025-01-31,152.14999389648438,145.2939453125,8457800
2025-02-03,151.8699951171875,145.0265655517578,6687500
2025-02-04,153.49000549316406,146.5735626220703,9645000
2025-02-05,154.69000244140625,147.71949768066406,8947000
2025-02-06,153.50999450683594,146.5926513671875,7418100
2025-02-07,153.1199951171875,146.22023010253906,6204900
2025-02-10,154.24000549316406,147.28976440429688,6936200
2025-02-11,156.1300048828125,149.09458923339844,7554500
2025-02-12,155.25999450683594,148.26380920410156,7746000
2025-02-13,157.25,150.16415405273438,10704700
2025-02-14,156.14999389648438,149.1136932373047,6411800
2025-02-18,154.99000549316406,149.19070434570312,9670700
2025-02-19,157.88999938964844,151.98219299316406,7974700
2025-02-20,159.67999267578125,153.7052001953125,7224000
2025-02-21,162.3000030517578,156.22718811035156,12546900
2025-02-24,163.74000549316406,157.61329650878906,10201900
2025-02-25,166.08999633789062,159.8753662109375,12303700
2025-02-26,163.0800018310547,156.97799682617188,11396400
2025-02-27,163.72999572753906,157.6036834716797,8364600
2025-02-28,165.02000427246094,158.84539794921875,12037200
2025-03-03,167.27999877929688,161.02084350585938,9191500
2025-03-04,165.4199981689453,159.23043823242188,11999700
2025-03-05,165.1199951171875,158.941650390625,8744800
2025-03-06,165.8300018310547,159.62509155273438,8037900
2025-03-07,166.69000244140625,160.4529266357422,9637600
2025-03-10,167.6999969482422,161.4251251220703,17559000
2025-03-11,165.86000061035156,159.65399169921875,9890300
2025-03-12,162.85000610351562,156.756591796875,8010700
2025-03-13,162.99000549316406,156.89138793945312,5286700
2025-03-14,162.80999755859375,156.71810913085938,6235800
2025-03-17,162.83999633789062,156.74696350097656,6669800
2025-03-18,164.25,158.10423278808594,7348800
2025-03-19,162.99000549316406,156.89138793945312,5936400
2025-03-20,163.02000427246094,156.9202423095703,7485900
2025-03-21,163.6300048828125,157.50741577148438,17047100
2025-03-24,163.2899932861328,157.1801300048828,8046400
2025-03-25,161.02000427246094,154.9950714111328,7456200
2025-03-26,161.72000122070312,155.66888427734375,7223500
2025-03-27,163.1300048828125,157.02613830566406,6752500
2025-03-28,163.7100067138672,157.5844268798828,5760300
2025-03-31,165.83999633789062,159.63473510742188,12481400
2025-04-01,153.25,147.5158233642578,23303100
2025-04-02,155.36000061035156,149.54685974121094,10356900
2025-04-03,159.82000732421875,153.8399658203125,13249300
2025-04-04,153.24000549316406,147.50619506835938,16601700
2025-04-07,150.6199951171875,144.98422241210938,18083000
2025-04-08,150.0,144.38742065429688,12018400
2025-04-09,150.97000122070312,145.32115173339844,18773700
2025-04-10,148.69000244140625,143.12643432617188,13830500
2025-04-11,151.72999572753906,146.05267333984375,9943900
2025-04-14,154.36000061035156,148.5842742919922,10685300
2025-04-15,153.6199951171875,147.8719482421875,10847700
2025-04-16,153.91000366210938,148.151123046875,7986900
2025-04-17,157.47000122070312,151.57791137695312,10981100
2025-04-21,156.9199981689453,151.04849243164062,6285400
2025-04-22,157.75,151.84744262695312,7136300
2025-04-23,155.3800048828125,149.56613159179688,9099400
2025-04-24,154.92999267578125,149.1329345703125,8310400
2025-04-25,154.5800018310547,148.79603576660156,8643600
2025-04-28,155.35000610351562,149.5372314453125,5815200
2025-04-29,155.91000366210938,150.07627868652344,5246700
2025-04-30,156.30999755859375,150.46128845214844,9598200
2025-05-01,154.4600067138672,148.6805419921875,7325800
2025-05-02,156.1199951171875,150.27842712402344,5974500
2025-05-05,155.0,149.2003173828125,5464100
2025-05-06,154.47000122070312,148.69017028808594,8644200
2025-05-07,157.3000030517578,151.4142608642578,7853100
2025-05-08,155.66000366210938,149.83563232421875,7606100
2025-05-09,154.22000122070312,148.44952392578125,6520400
2025-05-12,154.13999938964844,148.3725128173828,9023800
2025-05-13,148.44000244140625,142.8857879638672,10549600
2025-05-14,146.36000061035156,140.8836212158203,10216000
2025-05-15,149.61000061035156,144.0120086669922,7945800
2025-05-16,151.3300018310547,145.66766357421875,8051200
2025-05-19,152.49000549316406,146.7842559814453,12639900
2025-05-20,153.66000366210938,147.91049194335938,7351500
2025-05-21,153.17999267578125,147.44842529296875,7032200
2025-05-22,152.61000061035156,146.89976501464844,7535300
2025-05-23,152.94000244140625,147.2174072265625,6727300
2025-05-27,153.25,148.78045654296875,6990700
2025-05-28,152.42999267578125,147.98435974121094,8459300
2025-05-29,153.5800018310547,149.100830078125,6810600
2025-05-30,155.2100067138672,150.6832733154297,15529700
2025-06-02,155.39999389648438,150.86773681640625,6669300
2025-06-03,154.4199981689453,149.91632080078125,8209800
2025-06-04,153.22000122070312,148.75131225585938,6983900
2025-06-05,153.66000366210938,149.1785125732422,5295400
2025-06-06,155.02999877929688,150.50852966308594,5391500
2025-06-09,155.22999572753906,150.70269775390625,5319000
2025-06-10,156.4499969482422,151.8871307373047,6791600
2025-06-11,155.25999450683594,150.73182678222656,6016000
2025-06-12,156.66000366210938,152.0909881591797,7075500
2025-06-13,157.10000610351562,152.51815795898438,6587500
2025-06-16,155.22000122070312,150.6929931640625,7024000
2025-06-17,152.3800048828125,147.93582153320312,6407100
2025-06-18,150.72999572753906,146.3339385986328,8325200
2025-06-20,149.7899932861328,145.42135620117188,22605500
2025-06-23,151.32000732421875,146.90673828125,7397900
2025-06-24,152.19000244140625,147.75137329101562,9544200
2025-06-25,152.27999877929688,147.83872985839844,7153700
2025-06-26,152.00999450683594,147.5766143798828,7156900
2025-06-27,152.41000366210938,147.96493530273438,10010800
2025-06-30,152.75,148.29502868652344,9039300
2025-07-01,155.9199981689453,151.37257385253906,10896700
2025-07-02,155.55999755859375,151.0230712890625,5544000
2025-07-03,156.00999450683594,151.4599609375,3482500
2025-07-07,155.27000427246094,150.7415313720703,6270900
2025-07-08,155.7899932861328,151.24636840820312,6438200
2025-07-09,156.27999877929688,151.72207641601562,6147400
2025-07-10,157.69000244140625,153.09095764160156,6732900
2025-07-11,156.89999389648438,152.32400512695312,7872000
2025-07-14,156.82000732421875,152.246337890625,10185600
2025-07-15,155.1699981689453,150.64443969726562,6873200
2025-07-16,164.77999877929688,159.9741668701172,22134800
2025-07-17,162.97999572753906,158.22666931152344,11295700
2025-07-18,163.6999969482422,158.9256591796875,9792600
2025-07-21,164.36000061035156,159.56643676757812,8254000
2025-07-22,167.92999267578125,163.03228759765625,9288000
2025-07-23,169.10000610351562,164.16818237304688,10617600
2025-07-24,169.55999755859375,164.61476135253906,6636900
2025-07-25,168.3000030517578,163.3915252685547,6254900
2025-07-28,166.22000122070312,161.37217712402344,8014600
2025-07-29,168.11000061035156,163.20704650878906,7663400
2025-07-30,167.25999450683594,162.3818359375,6189200
2025-07-31,164.74000549316406,159.9353485107422,11036200
2025-08-01,167.3300018310547,162.44981384277344,8927800
2025-08-04,171.0399932861328,166.05157470703125,12679100
2025-08-05,170.74000549316406,165.76036071777344,7934400
2025-08-06,170.58999633789062,165.61471557617188,8957200
2025-08-07,171.52999877929688,166.52728271484375,9315900
2025-08-08,173.3300018310547,168.2748260498047,7686800
2025-08-11,173.82000732421875,168.7505340576172,7256800
2025-08-12,172.77999877929688,167.74085998535156,7916700
2025-08-13,174.4199981689453,169.33302307128906,5878700
2025-08-14,174.72000122070312,169.624267578125,8241700
2025-08-15,176.63999938964844,171.48826599121094,9477600
2025-08-18,176.25,171.10963439941406,9284000
2025-08-19,177.8000030517578,172.6144561767578,9274200
2025-08-20,178.83999633789062,173.62413024902344,9030000
2025-08-21,178.92999267578125,173.7114715576172,8859600
2025-08-22,179.2899932861328,174.0609893798828,9524000
2025-08-25,178.41000366210938,173.20664978027344,6229100
2025-08-26,176.49000549316406,172.600341796875,9145000
2025-08-27,176.7899932861328,172.89370727539062,5951100
2025-08-28,175.4499969482422,171.58323669433594,6424700
2025-08-29,177.1699981689453,173.2653350830078,6942300
2025-09-02,178.05999755859375,174.1357421875,9049000
2025-09-03,178.0,174.07704162597656,7111700
2025-09-04,178.75999450683594,174.82028198242188,7854800
2025-09-05,178.42999267578125,174.49755859375,9733800
2025-09-08,178.1300048828125,174.2041778564453,8382500
2025-09-09,176.9600067138672,173.05996704101562,6005700
2025-09-10,175.7899932861328,171.9157257080078,6891600
2025-09-11,178.5,174.5660400390625,5792500
2025-09-12,178.05999755859375,174.1357421875,7220200
2025-09-15,177.39999389648438,173.4902801513672,4768100
2025-09-16,176.4600067138672,172.57098388671875,7959300
2025-09-17,177.1999969482422,173.294677734375,6714900
2025-09-18,174.16000366210938,170.32167053222656,8200900
2025-09-19,176.19000244140625,172.30694580078125,25621000
2025-09-22,174.2100067138672,170.37057495117188,7193900
2025-09-23,176.5800018310547,172.68833923339844,8350400
2025-09-24,176.69000244140625,172.79591369628906,6676800
2025-09-25,177.72999572753906,173.81298828125,8475000
2025-09-26,179.7100067138672,175.74935913085938,8634400
2025-09-29,181.6199951171875,177.6172637939453,8597100
2025-09-30,185.4199981689453,181.33352661132812,11569000
2025-10-01,186.0500030517578,181.94961547851562,13063800
2025-10-02,185.97999572753906,181.8811798095703,7728100
2025-10-03,188.63999938964844,184.4825439453125,8675100
2025-10-06,188.16000366210938,184.0131378173828,5806100
2025-10-07,188.88999938964844,184.72703552246094,8776800
2025-10-08,189.69000244140625,185.5093994140625,5751200
2025-10-09,191.0800018310547,186.8687744140625,7484800
2025-10-10,190.72000122070312,186.51669311523438,9598000
2025-10-13,190.89999389648438,186.69273376464844,7979500
2025-10-14,190.85000610351562,186.6438446044922,13613300
2025-10-15,191.1699981689453,186.956787109375,9473000
2025-10-16,192.1199951171875,187.88584899902344,10611800
2025-10-17,193.22000122070312,188.96160888671875,7764400
2025-10-20,193.72000122070312,189.45059204101562,8034700
2025-10-21,191.8800048828125,187.65115356445312,6716000
2025-10-22,192.94000244140625,188.68777465820312,6343100
2025-10-23,192.47000122070312,188.2281494140625,8882500
2025-10-24,190.39999389648438,186.2037353515625,6903400
2025-10-27,190.3000030517578,186.10595703125,7126000
2025-10-28,186.92999267578125,182.8102264404297,8329500
2025-10-29,186.60000610351562,182.48751831054688,10551100
2025-10-30,189.0500030517578,184.88351440429688,7072500
2025-10-31,188.8699951171875,184.7074737548828,8791700
2025-11-03,186.25999450683594,182.15499877929688,7542600
2025-11-04,186.86000061035156,182.7417755126953,7209400
2025-11-05,186.0,181.9007110595703,5049400
2025-11-06,186.97000122070312,182.849365234375,6767400
2025-11-07,186.57000732421875,182.4581756591797,6959200
2025-11-10,188.41000366210938,184.2576141357422,5323800
2025-11-11,193.8300018310547,189.55816650390625,7465600
2025-11-12,194.38999938964844,190.10581970214844,8803000
2025-11-13,195.25,190.94686889648438,8631600
2025-11-14,195.92999267578125,191.61187744140625,8824800
2025-11-17,199.5800018310547,195.1814422607422,13257000
2025-11-18,200.0,195.59217834472656,12468600
2025-11-19,202.50999450683594,198.04685974121094,14690800
2025-11-20,203.07000732421875,198.5945281982422,10612600
2025-11-21,203.89999389648438,199.40621948242188,13189100
2025-11-24,206.0500030517578,201.5088653564453,14803900
2025-11-25,206.6699981689453,203.39845275878906,10275300
2025-11-26,207.55999755859375,204.2743682861328,6729000
2025-11-28,206.9199981689453,203.64450073242188,5638300
2025-12-01,205.33999633789062,202.0895233154297,8473700
2025-12-02,205.4199981689453,202.16824340820312,8393600
2025-12-03,205.3300018310547,202.0796661376953,8363300
2025-12-04,202.47999572753906,199.27476501464844,9049900
2025-12-05,201.92999267578125,198.73348999023438,7785300
2025-12-08,201.6199951171875,198.4283905029297,7785700
2025-12-09,199.9600067138672,196.794677734375,7509400
2025-12-10,206.5399932861328,203.2705078125,11599800
2025-12-11,210.00999450683594,206.68557739257812,9009000
2025-12-12,211.5800018310547,208.23072814941406,6922700
2025-12-15,214.1699981689453,210.7797393798828,8467000
2025-12-16,209.3000030517578,205.98683166503906,9949800
2025-12-17,210.3300018310547,207.0005340576172,8457600
2025-12-18,208.30999755859375,205.0124969482422,7499900
2025-12-19,206.3699951171875,203.1031951904297,24803900
2025-12-22,207.32000732421875,204.03817749023438,8187800
2025-12-23,205.77999877929688,202.52255249023438,7047300
2025-12-24,207.77999877929688,204.49087524414062,2376500
2025-12-26,207.6300048828125,204.34324645996094,2316700
2025-12-29,207.55999755859375,204.2743682861328,4348900
2025-12-30,206.91000366210938,203.6346435546875,3937400
2025-12-31,206.9499969482422,203.6740264892578,4083800
2026-01-02,207.35000610351562,204.06768798828125,6325500
2026-01-05,204.30999755859375,201.07582092285156,9477000
2026-01-06,204.7899932861328,201.54820251464844,8107900
2026-01-07,207.49000549316406,204.20547485351562,7545900
2026-01-08,205.75,202.49301147460938,6557800
2026-01-09,204.38999938964844,201.154541015625,6154300
2026-01-12,209.72000122070312,206.40017700195312,11794300
2026-01-13,213.64999389648438,210.2679443359375,11379600
2026-01-14,218.5500030517578,215.09039306640625,11858800
2026-01-15,219.57000732421875,216.09425354003906,8492100
2026-01-16,218.66000366210938,215.1986541748047,10021500
2026-01-20,218.2100067138672,214.75579833984375,14057100
2026-01-21,218.00999450683594,214.55894470214844,14762900
2026-01-22,218.49000549316406,215.03135681152344,13160000
2026-01-23,220.13999938964844,216.6552276611328,6950600
2026-01-26,221.49000549316406,217.98385620117188,6856700
2026-01-27,224.44000244140625,220.88717651367188,8154100
2026-01-28,227.72000122070312,224.11524963378906,9026500
2026-01-29,227.2899932861328,223.69203186035156,9645300
2026-01-30,227.25,223.65267944335938,11045500
2026-02-02,230.75,227.09727478027344,8187500
2026-02-03,233.10000610351562,229.4100799560547,9346600
2026-02-04,234.47000122070312,230.7583770751953,8641400
2026-02-05,237.7899932861328,234.02581787109375,10267500
2026-02-06,239.99000549316406,236.19102478027344,8274000
2026-02-09,238.63999938964844,234.8623809814453,9378500
2026-02-10,238.35000610351562,234.57696533203125,6723300
2026-02-11,240.86000061035156,237.04722595214844,6803900
2026-02-12,244.5500030517578,240.67881774902344,10254300
2026-02-13,243.4499969482422,239.59622192382812,13268500
2026-02-17,243.3300018310547,239.4781494140625,12703000
2026-02-18,244.99000549316406,241.1118621826172,8129700
2026-02-19,246.91000366210938,243.00146484375,7553900
2026-02-20,242.49000549316406,238.6514434814453,13565800
2026-02-23,245.83999633789062,241.94839477539062,9622700
2026-02-24,246.27999877929688,243.6699676513672,7246300
2026-02-25,245.1699981689453,242.5717315673828,7698200
2026-02-26,243.47000122070312,240.88975524902344,7172600
2026-02-27,248.42999267578125,245.79718017578125,16428600
2026-03-02,248.55999755859375,245.92579650878906,9042400
2026-03-03,246.75,244.13497924804688,6178700
2026-03-04,245.3000030517578,242.7003631591797,5768000
2026-03-05,239.6300048828125,237.0904541015625,9375400
2026-03-06,240.39999389648438,237.85227966308594,7179800
2026-03-09,242.58999633789062,240.01905822753906,7844000
2026-03-10,243.7100067138672,241.12721252441406,7214100
2026-03-11,242.99000549316406,240.41482543945312,6933200
2026-03-12,242.0399932861328,239.47488403320312,7710200
2026-03-13,241.52000427246094,238.9604034423828,6415300
2026-03-16,243.19000244140625,240.61270141601562,7571500
2026-03-17,238.11000061035156,235.5865478515625,7281800
2026-03-18,237.27999877929688,234.7653350830078,6811500
2026-03-19,237.60000610351562,235.0819549560547,7511500
2026-03-20,235.3699951171875,232.87557983398438,17156600
2026-03-23,235.4199981689453,232.925048828125,7313700
2026-03-24,235.27000427246094,232.77664184570312,9046200
2026-03-25,239.92999267578125,237.3872528076172,6456400
2026-03-26,239.24000549316406,236.70458984375,5171400
2026-03-27,240.4499969482422,237.90174865722656,7617600
2026-03-30,242.49000549316406,239.92013549804688,7241300
2026-03-31,244.44000244140625,241.84947204589844,7554200
2026-04-01,244.1199951171875,241.53285217285156,6314600
2026-04-02,243.0399932861328,240.46429443359375,6878700
2026-04-06,240.97000122070312,238.41622924804688,4442400
2026-04-07,238.41000366210938,235.8833770751953,6241100
2026-04-08,241.3000030517578,238.7427520751953,8771100
2026-04-09,241.30999755859375,238.7526397705078,6216500
2026-04-10,238.4600067138672,235.93284606933594,7354500
2026-04-13,237.9600067138672,235.43814086914062,7663600
2026-04-14,240.10000610351562,237.5554656982422,10318700
2026-04-15,238.6699981689453,236.14060974121094,6463500
2026-04-16,234.5399932861328,232.05438232421875,8668900
2026-04-17,234.17999267578125,231.6981964111328,8946300
2026-04-20,230.69000244140625,228.2451934814453,7810500
2026-04-21,226.16000366210938,223.76318359375,11681200
2026-04-22,226.10000610351562,223.70384216308594,9003400
2026-04-23,230.64999389648438,228.2056121826172,7097600
2026-04-24,227.5,225.0889892578125,6067500
2026-04-27,225.33999633789062,222.95188903808594,7897800
2026-04-28,227.7899932861328,225.37591552734375,7179800
2026-04-29,227.35000610351562,224.94058227539062,7071100
2026-04-30,229.85000610351562,227.41409301757812,8157200
2026-05-01,227.19000244140625,224.7822723388672,6863600
2026-05-04,224.1999969482422,221.82395935058594,8215200
2026-05-05,225.5500030517578,223.15966796875,5556700
2026-05-06,224.6199951171875,222.23951721191406,7982300
2026-05-07,222.50999450683594,220.15187072753906,7269700
2026-05-08,221.32000732421875,218.9744873046875,5550600
2026-05-11,221.42999267578125,219.08331298828125,6223200
2026-05-12,224.25999450683594,221.88331604003906,8632500
2026-05-13,230.4199981689453,227.97804260253906,7464500
2026-05-14,230.8000030517578,228.35403442382812,6974400
2026-05-15,226.7100067138672,224.307373046875,12167000
2026-05-18,228.9199981689453,226.4939422607422,10141600
2026-05-19,230.0,227.56248474121094,9677900
2026-05-20,229.32000732421875,226.88970947265625,7353800
2026-05-21,231.72999572753906,229.27415466308594,5239000
2026-05-22,234.33999633789062,231.85650634765625,5462300
2026-05-26,230.17999267578125,229.0503387451172,6619600
2026-05-27,231.2899932861328,230.15489196777344,5835500
2026-05-28,230.8000030517578,229.66729736328125,7193400
2026-05-29,225.3300018310547,224.22413635253906,13897700
2026-06-01,223.50999450683594,222.41307067871094,8041000
2026-06-02,222.88999938964844,221.79611206054688,5669000
2026-06-03,223.24000549316406,222.1444091796875,6507200
2026-06-04,228.1699981689453,227.05020141601562,7274800
2026-06-05,232.77000427246094,231.6276397705078,8034900
2026-06-08,232.16000366210938,231.0206298828125,7559800
2026-06-09,237.0,235.8368682861328,8354500
2026-06-10,238.49000549316406,237.31956481933594,8350800
2026-06-11,238.3300018310547,237.16033935546875,7399000
2026-06-12,240.8699951171875,239.6878662109375,6459400
2026-06-15,235.66000366210938,234.50344848632812,7732000
2026-06-16,235.17999267578125,234.02578735351562,7718100
2026-06-17,234.1999969482422,233.0506134033203,8548000
2026-06-18,228.38999938964844,227.2691192626953,18989800
2026-06-22,231.2899932861328,230.15489196777344,8518300
2026-06-23,239.0800018310547,237.9066619873047,11802000
2026-06-24,241.0,239.81723022460938,8139200
2026-06-25,244.8800048828125,243.67820739746094,10130400
2026-06-26,254.66000366210938,253.4102020263672,16316800
2026-06-29,258.510009765625,257.2413024902344,8608400
2026-06-30,253.97000122070312,252.7235870361328,8469500
2026-07-01,253.97999572753906,252.73353576660156,6516500
2026-07-02,263.0400085449219,261.74908447265625,7998700
2026-07-06,259.3299865722656,258.0572509765625,6803700
2026-07-07,267.239990234375,265.9284362792969,9089700
2026-07-08,263.3999938964844,262.1072998046875,6769400
2026-07-09,259.1000061035156,257.8283996582031,6426100
2026-07-10,256.9800109863281,255.7188262939453,6534700
2026-07-13,257.7699890136719,256.5049133300781,5272200
2026-07-14,253.85000610351562,252.60418701171875,8770600
2026-07-15,247.02000427246094,245.8076934814453,10547300
2026-07-16,249.97000122070312,248.7432098388672,11097600
2026-07-17,253.0399932861328,251.7981414794922,10167700
2026-07-20,248.82000732421875,247.59886169433594,8114700
2026-07-21,250.61000061035156,249.3800811767578,7793100
2026-07-22,255.6300048828125,254.3754425048828,9100200
2026-07-23,259.2699890136719,257.99755859375,8063300
2026-07-24,263.3999938964844,262.1072998046875,6351800
2026-07-27,265.95001220703125,264.6448059082031,9647900
2026-07-28,266.7300109863281,265.42095947265625,10491000
2026-07-29,265.5299987792969,264.2268371582031,6105600
2026-07-30,255.82000732421875,254.56451416015625,8216500
2026-07-31,256.3500061035156,255.09190368652344,6782100
2026-08-03,254.41000366210938,253.1614227294922,8136300
2026-08-04,254.92999267578125,253.67886352539062,7362400
2026-08-05,257.5899963378906,256.3258056640625,6472600
2026-08-06,256.9800109863281,255.7188262939453,6931800
2026-08-07,259.239990234375,257.96771240234375,6532100
2026-08-10,261.80999755859375,260.5251159667969,8985100
2026-08-11,259.79998779296875,258.52496337890625,5945900
2026-08-12,260.8599853515625,259.5797424316406,4629300
2026-08-13,262.0799865722656,260.79376220703125,4852700
2026-08-14,260.3500061035156,259.072265625,4998100
2026-08-17,262.3699951171875,261.0823669433594,5515500
2026-08-18,271.1099853515625,269.7794494628906,7838200
2026-08-19,273.4100036621094,272.06817626953125,7728500
2026-08-20,267.3699951171875,266.0578308105469,6475900
2026-08-21,270.239990234375,268.9137268066406,6186800
2026-08-24,273.0400085449219,271.70001220703125,5436100
2026-08-25,273.1400146484375,273.1400146484375,4687000
2026-08-26,270.0,270.0,7214100
2026-08-27,265.7699890136719,265.7699890136719,7306200
2026-08-28,268.0400085449219,268.0400085449219,5765600
2026-08-31,265.8500061035156,265.8500061035156,7900100
2026-09-01,271.19000244140625,271.19000244140625,6033600
2026-09-02,275.2099914550781,275.2099914550781,7910600
2026-09-03,278.42999267578125,278.42999267578125,5940300
2026-09-04,275.2300109863281,275.2300109863281,4320100
2026-09-08,269.1199951171875,269.1199951171875,8084700
2026-09-09,267.0799865722656,267.0799865722656,6124600
2026-09-10,266.3500061035156,266.3500061035156,4929500
2026-09-11,265.5799865722656,265.5799865722656,4701200
2026-09-14,266.32000732421875,266.32000732421875,4740800
2026-09-15,267.20001220703125,267.20001220703125,5283500
2026-09-16,267.2799987792969,267.2799987792969,4887300
2026-09-17,270.2200012207031,270.2200012207031,6568800
2026-09-18,269.989990234375,269.989990234375,16428400
2026-09-21,269.4700012207031,269.4700012207031,4485300
2026-09-22,269.19000244140625,269.19000244140625,5680700
2026-09-23,269.1700134277344,269.1700134277344,6632700
2026-09-24,270.67999267578125,270.67999267578125,6320600
