Date,close,adjclose,volume
2014-12-01,44.54999923706055,30.88679313659668,10065700
2014-12-02,44.540000915527344,30.879873275756836,9878100
2014-12-03,43.79999923706055,30.36681365966797,15246500
2014-12-04,43.5,30.158830642700195,13779700
2014-12-05,43.529998779296875,30.17961883544922,12536900
2014-12-08,43.13999938964844,29.90924072265625,12802300
2014-12-09,42.040000915527344,29.146602630615234,25714600
2014-12-10,41.599998474121094,28.84153938293457,18324100
2014-12-11,41.529998779296875,28.79301643371582,16201500
2014-12-12,40.90999984741211,28.363161087036133,18432400
2014-12-15,40.56999969482422,28.127437591552734,23378500
2014-12-16,40.38999938964844,28.002639770507812,23475400
2014-12-17,41.54999923706055,28.80687141418457,20223900
2014-12-18,42.38999938964844,29.389251708984375,18030700
2014-12-19,41.95000076293945,29.084196090698242,24009500
2014-12-22,42.349998474121094,29.361513137817383,11190900
2014-12-23,42.970001220703125,29.79137420654297,13411300
2014-12-24,42.939998626708984,29.770580291748047,6405900
2014-12-26,42.959999084472656,29.784435272216797,6466900
2014-12-29,42.86000061035156,29.715110778808594,8694500
2014-12-30,42.7599983215332,29.645774841308594,9222000
2014-12-31,42.220001220703125,29.271392822265625,9369500
2015-01-02,42.13999938964844,29.215932846069336,9921100
2015-01-05,42.13999938964844,29.215932846069336,26292600
2015-01-06,42.459999084472656,29.437789916992188,16897500
2015-01-07,42.9900016784668,29.805248260498047,13412300
2015-01-08,43.5099983215332,30.165760040283203,21743600
2015-01-09,43.029998779296875,29.832956314086914,12733500
2015-01-12,42.63999938964844,29.562578201293945,11415800
2015-01-13,42.630001068115234,29.555648803710938,12529500
2015-01-14,42.560001373291016,29.507123947143555,13447600
2015-01-15,42.380001068115234,29.38231658935547,11193100
2015-01-16,42.529998779296875,29.48630714416504,15114900
2015-01-20,43.15999984741211,29.923097610473633,17047300
2015-01-21,43.36000061035156,30.061767578125,10720600
2015-01-22,43.779998779296875,30.352951049804688,14709100
2015-01-23,43.310001373291016,30.027088165283203,12357700
2015-01-26,43.0,29.81218147277832,11151900
2015-01-27,42.38999938964844,29.389251708984375,15274000
2015-01-28,41.91999816894531,29.063392639160156,14278500
2015-01-29,42.099998474121094,29.188194274902344,13657900
2015-01-30,41.16999816894531,28.543420791625977,19193700
2015-02-02,41.59000015258789,28.834606170654297,15197500
2015-02-03,41.630001068115234,28.86234474182129,13193100
2015-02-04,41.68000030517578,28.897008895874023,16400000
2015-02-05,41.790000915527344,28.97327423095703,11078500
2015-02-06,41.45000076293945,28.73754119873047,12366400
2015-02-09,41.22999954223633,28.58501625061035,13371100
2015-02-10,42.400001525878906,29.39617347717285,32184200
2015-02-11,42.369998931884766,29.375391006469727,20496300
2015-02-12,42.16999816894531,29.236726760864258,13818200
2015-02-13,41.9900016784668,29.1119327545166,10792100
2015-02-17,41.810001373291016,28.987136840820312,12804200
2015-02-18,41.72999954223633,28.931671142578125,9789800
2015-02-19,42.11000061035156,29.195138931274414,16578300
2015-02-20,41.970001220703125,29.098047256469727,15982400
2015-02-23,41.849998474121094,29.01486587524414,11830300
2015-02-24,42.130001068115234,29.209003448486328,12782700
2015-02-25,42.04999923706055,29.153526306152344,10323300
2015-02-26,42.459999084472656,29.437789916992188,14346500
2015-02-27,43.29999923706055,30.020160675048828,28312800
2015-03-02,43.20000076293945,29.950843811035156,13514600
2015-03-03,42.95000076293945,29.777511596679688,10036300
2015-03-04,42.5,29.465511322021484,16263000
2015-03-05,42.400001525878906,29.39617347717285,9223000
2015-03-06,41.52000045776367,28.78607749938965,18180500
2015-03-09,41.38999938964844,28.695945739746094,10123300
2015-03-10,40.689998626708984,28.210628509521484,14599100
2015-03-11,40.099998474121094,27.801584243774414,18549700
2015-03-12,40.56999969482422,28.36083221435547,17728700
2015-03-13,39.90999984741211,27.89944839477539,17438400
2015-03-16,40.290000915527344,28.16509437561035,15238800
2015-03-17,40.5099983215332,28.31888771057129,21661800
2015-03-18,40.599998474121094,28.381797790527344,26247500
2015-03-19,40.02000045776367,27.97635269165039,16057600
2015-03-20,40.650001525878906,28.41675567626953,31608500
2015-03-23,40.619998931884766,28.39578628540039,17060500
2015-03-24,40.470001220703125,28.290924072265625,13485700
2015-03-25,40.45000076293945,28.276947021484375,22811300
2015-03-26,40.349998474121094,28.207040786743164,17359600
2015-03-27,40.08000183105469,28.018291473388672,14384400
2015-03-30,40.5099983215332,28.31888771057129,12561400
2015-03-31,40.54999923706055,28.346839904785156,16604800
2015-04-01,40.68000030517578,28.43772315979004,14300700
2015-04-02,40.68000030517578,28.43772315979004,14343100
2015-04-06,41.16999816894531,28.78026008605957,19843400
2015-04-07,41.0099983215332,28.668424606323242,9773400
2015-04-08,40.88999938964844,28.58452606201172,8954700
2015-04-09,41.04999923706055,28.696374893188477,12710900
2015-04-10,40.880001068115234,28.57754135131836,8720000
2015-04-13,40.70000076293945,28.451704025268555,9616300
2015-04-14,40.5099983215332,28.31888771057129,11209700
2015-04-15,40.400001525878906,28.241992950439453,11189100
2015-04-16,40.599998474121094,28.381797790527344,13121000
2015-04-17,40.29999923706055,28.172082901000977,15330300
2015-04-20,40.65999984741211,28.423748016357422,13023700
2015-04-21,40.779998779296875,28.50762367248535,19673100
2015-04-22,41.310001373291016,28.878145217895508,26887200
2015-04-23,40.95000076293945,28.62647819519043,17408800
2015-04-24,40.88999938964844,28.58452606201172,11623300
2015-04-27,40.83000183105469,28.542600631713867,10044600
2015-04-28,40.77000045776367,28.500648498535156,12174800
2015-04-29,40.4900016784668,28.304908752441406,11371400
2015-04-30,40.560001373291016,28.35383415222168,12700800
2015-05-01,40.90999984741211,28.598512649536133,10848300
2015-05-04,40.959999084472656,28.633472442626953,10204800
2015-05-05,40.75,28.486663818359375,11721300
2015-05-06,40.65999984741211,28.423748016357422,11906900
2015-05-07,40.70000076293945,28.451704025268555,13834700
2015-05-08,40.97999954223633,28.647445678710938,11144400
2015-05-11,40.939998626708984,28.619482040405273,10113500
2015-05-12,40.689998626708984,28.44471549987793,12384500
2015-05-13,41.04999923706055,28.696374893188477,13183700
2015-05-14,41.5,29.01096534729004,9961000
2015-05-15,41.52000045776367,29.024932861328125,8479000
2015-05-18,41.31999969482422,28.8851261138916,11511700
2015-05-19,41.310001373291016,28.878145217895508,9072000
2015-05-20,41.349998474121094,28.90610122680664,10965200
2015-05-21,41.22999954223633,28.82221031188965,9270900
2015-05-22,41.209999084472656,28.80824089050293,11909500
2015-05-26,40.9900016784668,28.654441833496094,15194300
2015-05-27,41.119998931884766,28.74530792236328,9863100
2015-05-28,41.13999938964844,28.75929069519043,9395200
2015-05-29,40.959999084472656,28.633472442626953,19628600
2015-06-01,40.939998626708984,28.619482040405273,12684100
2015-06-02,40.9900016784668,28.654441833496094,11878600
2015-06-03,40.869998931884766,28.570558547973633,8153800
2015-06-04,40.59000015258789,28.37480354309082,10145800
2015-06-05,40.099998474121094,28.032276153564453,15975600
2015-06-08,40.15999984741211,28.07421112060547,14339300
2015-06-09,40.20000076293945,28.1021785736084,10772700
2015-06-10,40.33000183105469,28.19305419921875,11979900
2015-06-11,40.099998474121094,28.26354217529297,11944900
2015-06-12,39.959999084472656,28.16486167907715,15568600
2015-06-15,39.59000015258789,27.904067993164062,11364800
2015-06-16,40.08000183105469,28.249441146850586,12517400
2015-06-17,40.27000045776367,28.383359909057617,13898400
2015-06-18,40.650001525878906,28.65119171142578,16314600
2015-06-19,40.400001525878906,28.47498893737793,23550600
2015-06-22,40.47999954223633,28.5313663482666,8775900
2015-06-23,40.380001068115234,28.460891723632812,11094900
2015-06-24,40.189998626708984,28.32697296142578,10385100
2015-06-25,40.02000045776367,28.207155227661133,10607600
2015-06-26,40.0,28.193058013916016,16215600
2015-06-29,39.400001525878906,27.770160675048828,15500800
2015-06-30,39.22999954223633,27.650346755981445,14621300
2015-07-01,39.5,27.84065055847168,11177400
2015-07-02,39.4900016784668,27.833599090576172,8975900
2015-07-06,39.41999816894531,27.78426170349121,10252600
2015-07-07,40.25,28.369264602661133,20335000
2015-07-08,39.86000061035156,28.094375610351562,11383700
2015-07-09,39.91999816894531,28.13666343688965,13392000
2015-07-10,40.38999938964844,28.46793556213379,13360400
2015-07-13,40.65999984741211,28.65824317932129,9854200
2015-07-14,41.16999816894531,29.017698287963867,19531000
2015-07-15,41.130001068115234,28.989513397216797,11252100
2015-07-16,41.47999954223633,29.236188888549805,10483700
2015-07-17,41.25,29.074085235595703,9608300
2015-07-20,41.380001068115234,29.165712356567383,10024200
2015-07-21,41.189998626708984,29.031801223754883,13653800
2015-07-22,40.900001525878906,28.827404022216797,15528600
2015-07-23,40.84000015258789,28.785110473632812,13522200
2015-07-24,40.439998626708984,28.5031795501709,10912500
2015-07-27,40.540000915527344,28.573657989501953,10945700
2015-07-28,40.54999923706055,28.580699920654297,11021800
2015-07-29,40.59000015258789,28.60889434814453,8479900
2015-07-30,40.560001373291016,28.587751388549805,9095500
2015-07-31,41.08000183105469,28.95427131652832,15309500
2015-08-03,41.540000915527344,29.27849769592285,14672600
2015-08-04,41.849998474121094,29.496984481811523,17559900
2015-08-05,42.119998931884766,29.687278747558594,15329200
2015-08-06,41.91999816894531,29.546308517456055,11378900
2015-08-07,41.77000045776367,29.440597534179688,10886700
2015-08-10,41.68000030517578,29.377164840698242,9501900
2015-08-11,41.47999954223633,29.236188888549805,11254900
2015-08-12,41.2599983215332,29.08114242553711,9602200
2015-08-13,41.099998474121094,28.96835708618164,10270900
2015-08-14,41.25,29.074085235595703,9904800
2015-08-17,41.349998474121094,29.144577026367188,8272800
2015-08-18,41.29999923706055,29.109331130981445,11199400
2015-08-19,40.779998779296875,28.742807388305664,15796500
2015-08-20,40.54999923706055,28.580699920654297,14218000
2015-08-21,39.529998779296875,27.861791610717773,28036200
2015-08-24,38.380001068115234,27.05124282836914,44065300
2015-08-25,37.9900016784668,26.77635383605957,31363700
2015-08-26,38.72999954223633,27.297929763793945,23523300
2015-08-27,39.27000045776367,27.67853546142578,18871600
2015-08-28,39.45000076293945,27.805400848388672,14503900
2015-08-31,39.31999969482422,27.713777542114258,12673300
2015-09-01,38.75,27.312028884887695,23703200
2015-09-02,38.900001525878906,27.41774559020996,14054800
2015-09-03,39.15999984741211,27.60100555419922,13311600
2015-09-04,38.52000045776367,27.149913787841797,15450500
2015-09-08,38.900001525878906,27.41774559020996,15273900
2015-09-09,38.29999923706055,26.994850158691406,13764600
2015-09-10,38.41999816894531,27.079425811767578,14952500
2015-09-11,38.130001068115234,27.107872009277344,11802300
2015-09-14,38.099998474121094,27.086536407470703,8950000
2015-09-15,38.5,27.370914459228516,13019800
2015-09-16,39.150001525878906,27.83301544189453,22233400
2015-09-17,39.380001068115234,27.996532440185547,21232500
2015-09-18,38.97999954223633,27.712160110473633,27527300
2015-09-21,39.189998626708984,27.861454010009766,12935800
2015-09-22,38.790000915527344,27.57707977294922,15021300
2015-09-23,38.7599983215332,27.555755615234375,8910800
2015-09-24,39.150001525878906,27.83301544189453,19385700
2015-09-25,39.619998931884766,28.167158126831055,22511300
2015-09-28,39.529998779296875,28.103178024291992,19323100
2015-09-29,39.65999984741211,28.195589065551758,14166900
2015-09-30,40.119998931884766,28.522615432739258,19752600
2015-10-01,39.79999923706055,28.295120239257812,19606600
2015-10-02,40.38999938964844,28.71457290649414,15537300
2015-10-05,41.0099983215332,29.15536117553711,15664000
2015-10-06,40.959999084472656,29.119813919067383,14579400
2015-10-07,41.52000045776367,29.517927169799805,14329700
2015-10-08,41.97999954223633,29.844966888427734,11960200
2015-10-09,42.02000045776367,29.873397827148438,13931200
2015-10-12,42.0,29.859172821044922,12299100
2015-10-13,41.650001525878906,29.6103458404541,12903600
2015-10-14,41.68000030517578,29.631681442260742,14180000
2015-10-15,41.91999816894531,29.802288055419922,11801600
2015-10-16,42.02000045776367,29.873397827148438,20384200
2015-10-19,41.9900016784668,29.85206413269043,15553800
2015-10-20,42.290000915527344,30.06534767150879,16199300
2015-10-21,42.189998626708984,29.99425506591797,19254900
2015-10-22,43.2400016784668,30.740724563598633,35920200
2015-10-23,42.790000915527344,30.420806884765625,18796100
2015-10-26,42.59000015258789,30.278621673583984,14788600
2015-10-27,42.61000061035156,30.2928466796875,30166600
2015-10-28,42.72999954223633,30.378145217895508,13667300
2015-10-29,42.790000915527344,30.420806884765625,9427400
2015-10-30,42.349998474121094,30.10799217224121,15356200
2015-11-02,42.2400016784668,30.029808044433594,16252200
2015-11-03,42.15999984741211,29.972923278808594,9693100
2015-11-04,41.970001220703125,29.837831497192383,10488500
2015-11-05,42.33000183105469,30.09378433227539,9625100
2015-11-06,41.959999084472656,29.830730438232422,11926700
2015-11-09,41.540000915527344,29.53215789794922,10842700
2015-11-10,41.77000045776367,29.695659637451172,8283100
2015-11-11,42.040000915527344,29.887624740600586,9101200
2015-11-12,41.58000183105469,29.560575485229492,10725000
2015-11-13,41.380001068115234,29.418394088745117,11619500
2015-11-16,41.959999084472656,29.830730438232422,11244900
2015-11-17,41.66999816894531,29.62456512451172,12739400
2015-11-18,42.279998779296875,30.05823516845703,12966300
2015-11-19,43.11000061035156,30.648298263549805,24090700
2015-11-20,42.43000030517578,30.164880752563477,19780800
2015-11-23,42.959999084472656,30.54167366027832,13338100
2015-11-24,43.36000061035156,30.82604217529297,15767200
2015-11-25,43.36000061035156,30.82604217529297,10344900
2015-11-27,43.150001525878906,30.912017822265625,7236700
2015-11-30,42.619998931884766,30.532329559326172,16063000
2015-12-01,42.88999938964844,30.725751876831055,11153000
2015-12-02,42.77000045776367,30.63979148864746,12598500
2015-12-03,42.459999084472656,30.417705535888672,15004400
2015-12-04,43.290000915527344,31.012298583984375,16488000
2015-12-07,43.20000076293945,30.947834014892578,12030700
2015-12-08,43.0099983215332,30.811725616455078,10736200
2015-12-09,42.65999984741211,30.56098175048828,12945500
2015-12-10,42.7599983215332,30.632617950439453,15483300
2015-12-11,42.27000045776367,30.281599044799805,17313400
2015-12-14,42.45000076293945,30.410541534423828,20092900
2015-12-15,43.06999969482422,30.854698181152344,17916400
2015-12-16,43.84000015258789,31.406307220458984,21868600
2015-12-17,43.4900016784668,31.15557861328125,14697000
2015-12-18,42.5,30.44635581970215,24583700
2015-12-21,42.779998779296875,30.646949768066406,10444400
2015-12-22,43.290000915527344,31.012298583984375,12280800
2015-12-23,43.66999816894531,31.284534454345703,9092300
2015-12-24,43.540000915527344,31.19139862060547,3036600
2015-12-28,43.4900016784668,31.15557861328125,6326100
2015-12-29,43.709999084472656,31.31317710876465,7739800
2015-12-30,43.56999969482422,31.212892532348633,5112500
2015-12-31,42.959999084472656,30.775894165039062,9727900
2016-01-04,42.400001525878906,30.374713897705078,16084100
2016-01-05,42.54999923706055,30.482179641723633,15781900
2016-01-06,42.31999969482422,30.317415237426758,16245100
2016-01-07,41.619998931884766,29.81593894958496,20563600
2016-01-08,41.5099983215332,29.73713493347168,14645900
2016-01-11,41.58000183105469,29.78727912902832,15815200
2016-01-12,42.119998931884766,30.17412757873535,21814800
2016-01-13,41.849998474121094,29.980710983276367,16854300
2016-01-14,41.880001068115234,30.00221061706543,16028000
2016-01-15,41.5,29.729984283447266,21153600
2016-01-19,41.91999816894531,30.030853271484375,15462200
2016-01-20,41.380001068115234,29.644012451171875,19923500
2016-01-21,41.38999938964844,29.651168823242188,15568900
2016-01-22,42.060001373291016,30.131155014038086,15209200
2016-01-25,42.15999984741211,30.20278549194336,12505200
2016-01-26,42.08000183105469,30.145496368408203,13018500
2016-01-27,42.09000015258789,30.152650833129883,14167000
2016-01-28,42.56999969482422,30.496511459350586,16622800
2016-01-29,42.91999816894531,30.747249603271484,20457000
2016-02-01,43.0,30.804561614990234,17097800
2016-02-02,42.439998626708984,30.403366088867188,12332900
2016-02-03,42.720001220703125,30.603971481323242,15958300
2016-02-04,42.529998779296875,30.46784210205078,14413700
2016-02-05,42.439998626708984,30.403366088867188,17315700
2016-02-08,42.650001525878906,30.55381965637207,17254400
2016-02-09,43.29999923706055,31.01947021484375,24853800
2016-02-10,42.54999923706055,30.482179641723633,16729600
2016-02-11,42.40999984741211,30.381881713867188,16825300
2016-02-12,43.11000061035156,30.88334083557129,15222400
2016-02-16,43.36000061035156,31.062448501586914,12675900
2016-02-17,43.4900016784668,31.15557861328125,12332500
2016-02-18,43.61000061035156,31.24154281616211,11170300
2016-02-19,43.77000045776367,31.356172561645508,12850000
2016-02-22,43.939998626708984,31.477943420410156,20716100
2016-02-23,43.689998626708984,31.29886245727539,11166400
2016-02-24,43.90999984741211,31.456462860107422,10844200
2016-02-25,44.15999984741211,31.635562896728516,10903300
2016-02-26,43.13999938964844,30.904844284057617,18421000
2016-02-29,43.130001068115234,30.897674560546875,15049800
2016-03-01,43.689998626708984,31.29886245727539,12358300
2016-03-02,43.77000045776367,31.356172561645508,12856300
2016-03-03,43.959999084472656,31.492265701293945,13134800
2016-03-04,44.11000061035156,31.59973907470703,13691500
2016-03-07,44.0099983215332,31.528099060058594,10695300
2016-03-08,44.31999969482422,31.750185012817383,18900200
2016-03-09,44.810001373291016,32.1012077331543,18466600
2016-03-10,45.22999954223633,32.40209197998047,28908600
2016-03-11,45.20000076293945,32.633113861083984,16129300
2016-03-14,45.290000915527344,32.69809341430664,13206700
2016-03-15,45.2400016784668,32.6619987487793,13686300
2016-03-16,45.04999923706055,32.52482223510742,15386100
2016-03-17,45.77000045776367,33.04465103149414,24080000
2016-03-18,45.599998474121094,32.92191696166992,23853400
2016-03-21,45.66999816894531,32.972442626953125,9740400
2016-03-22,45.5,32.84970474243164,13788300
2016-03-23,45.459999084472656,32.820838928222656,9292100
2016-03-24,45.58000183105469,32.907466888427734,10890200
2016-03-28,45.79999923706055,33.06631088256836,13306600
2016-03-29,46.47999954223633,33.55723571777344,25010400
2016-03-30,46.58000183105469,33.629459381103516,14312200
2016-03-31,46.38999938964844,33.49226760864258,15544500
2016-04-01,46.83000183105469,33.8099365234375,14922900
2016-04-04,46.88999938964844,33.853248596191406,10629800
2016-04-05,46.529998779296875,33.59334182739258,10696700
2016-04-06,46.709999084472656,33.723297119140625,9122700
2016-04-07,46.36000061035156,33.470611572265625,9292000
2016-04-08,46.869998931884766,33.83881759643555,11959300
2016-04-11,46.439998626708984,33.52836227416992,11880100
2016-04-12,46.650001525878906,33.67997360229492,11219100
2016-04-13,46.040000915527344,33.239585876464844,13234100
2016-04-14,45.83000183105469,33.08795928955078,12982200
2016-04-15,46.099998474121094,33.28288650512695,13647800
2016-04-18,46.220001220703125,33.369529724121094,11538100
2016-04-19,46.599998474121094,33.64387512207031,14418300
2016-04-20,44.369998931884766,32.03390121459961,40360300
2016-04-21,43.65999984741211,31.521276473999023,37206900
2016-04-22,44.540000915527344,32.1566276550293,25134200
2016-04-25,44.709999084472656,32.27935791015625,11173800
2016-04-26,44.529998779296875,32.149410247802734,13935500
2016-04-27,44.68000030517578,32.25769805908203,11335500
2016-04-28,44.630001068115234,32.221595764160156,10932500
2016-04-29,44.79999923706055,32.344329833984375,11716000
2016-05-02,44.97999954223633,32.47428894042969,12577500
2016-05-03,44.84000015258789,32.37321472167969,10420500
2016-05-04,44.97999954223633,32.47428894042969,9350500
2016-05-05,45.060001373291016,32.53205490112305,8801100
2016-05-06,45.31999969482422,32.71976089477539,8564000
2016-05-09,45.2400016784668,32.6619987487793,8110600
2016-05-10,45.75,33.03020095825195,8933500
2016-05-11,45.459999084472656,32.820838928222656,8833100
2016-05-12,45.83000183105469,33.08795928955078,10463400
2016-05-13,45.349998474121094,32.74141311645508,10341200
2016-05-16,45.619998931884766,32.93634796142578,9413600
2016-05-17,44.75,32.308231353759766,17457000
2016-05-18,44.47999954223633,32.11330032348633,12524300
2016-05-19,44.31999969482422,31.997787475585938,10659500
2016-05-20,43.95000076293945,31.730670928955078,12914100
2016-05-23,43.970001220703125,31.74509048461914,13554700
2016-05-24,44.369998931884766,32.03390121459961,12634200
2016-05-25,44.380001068115234,32.04110336303711,9218100
2016-05-26,44.689998626708984,32.26492691040039,8695800
2016-05-27,44.779998779296875,32.32988357543945,7893900
2016-05-31,44.599998474121094,32.19994354248047,18935200
2016-06-01,44.70000076293945,32.27214050292969,8916000
2016-06-02,44.720001220703125,32.28657150268555,6693900
2016-06-03,45.040000915527344,32.51759719848633,13434900
2016-06-06,45.369998931884766,32.755863189697266,10310600
2016-06-07,45.31999969482422,32.71976089477539,9812600
2016-06-08,45.54999923706055,32.885807037353516,7915400
2016-06-09,45.7599983215332,33.03743362426758,8042900
2016-06-10,45.9900016784668,33.2034797668457,12357000
2016-06-13,45.119998931884766,32.82518005371094,10613500
2016-06-14,45.040000915527344,32.766963958740234,11298200
2016-06-15,45.0099983215332,32.745147705078125,8360400
2016-06-16,45.310001373291016,32.963401794433594,11305400
2016-06-17,44.790000915527344,32.58510208129883,20805400
2016-06-20,44.97999954223633,32.723323822021484,10712400
2016-06-21,45.130001068115234,32.83245086669922,7919400
2016-06-22,44.86000061035156,32.636024475097656,10738900
2016-06-23,45.08000183105469,32.796077728271484,9655300
2016-06-24,43.93000030517578,31.95943832397461,26003700
2016-06-27,43.779998779296875,31.850313186645508,15779500
2016-06-28,44.18000030517578,32.141326904296875,16509800
2016-06-29,44.439998626708984,32.330474853515625,12250900
2016-06-30,45.33000183105469,32.97795867919922,16056500
2016-07-01,45.119998931884766,32.82518005371094,11799700
2016-07-05,45.43000030517578,33.05068588256836,12339100
2016-07-06,45.27000045776367,32.93431091308594,10902600
2016-07-07,45.09000015258789,32.80335998535156,9741100
2016-07-08,45.380001068115234,33.014320373535156,11127100
2016-07-11,45.56999969482422,33.152557373046875,10937800
2016-07-12,45.58000183105469,33.15982437133789,9739000
2016-07-13,45.7400016784668,33.2762336730957,8028400
2016-07-14,45.689998626708984,33.239837646484375,7621200
2016-07-15,45.630001068115234,33.19620895385742,10621000
2016-07-18,45.630001068115234,33.19620895385742,7958300
2016-07-19,45.630001068115234,33.19620895385742,7761100
2016-07-20,45.5099983215332,33.10890197753906,8478200
2016-07-21,45.45000076293945,33.06523895263672,8045100
2016-07-22,45.83000183105469,33.34169387817383,8836100
2016-07-25,45.56999969482422,33.152557373046875,9134300
2016-07-26,44.880001068115234,32.650577545166016,15819900
2016-07-27,43.400001525878906,31.57386016845703,37461100
2016-07-28,43.650001525878906,31.755741119384766,13077800
2016-07-29,43.630001068115234,31.741191864013672,16530500
2016-08-01,43.45000076293945,31.6102294921875,12349700
2016-08-02,43.529998779296875,31.668432235717773,12825200
2016-08-03,43.63999938964844,31.74846839904785,12119100
2016-08-04,43.5099983215332,31.653888702392578,11244100
2016-08-05,43.47999954223633,31.632070541381836,10398200
2016-08-08,43.439998626708984,31.602964401245117,8680300
2016-08-09,43.470001220703125,31.624797821044922,7281300
2016-08-10,43.61000061035156,31.726633071899414,8412100
2016-08-11,43.75,31.8284854888916,11303300
2016-08-12,44.029998779296875,32.03218078613281,10928900
2016-08-15,44.2400016784668,32.184974670410156,10390600
2016-08-16,43.83000183105469,31.886686325073242,9706100
2016-08-17,44.060001373291016,32.05401611328125,11208500
2016-08-18,44.099998474121094,32.083106994628906,9144300
2016-08-19,43.91999816894531,31.95216941833496,9385900
2016-08-22,43.7400016784668,31.821212768554688,8687500
2016-08-23,43.849998474121094,31.90123748779297,8421100
2016-08-24,43.849998474121094,31.90123748779297,11508900
2016-08-25,43.66999816894531,31.770292282104492,9815700
2016-08-26,43.31999969482422,31.51564598083496,11824900
2016-08-29,43.540000915527344,31.675710678100586,9544600
2016-08-30,43.2400016784668,31.457448959350586,9720100
2016-08-31,43.43000030517578,31.595685958862305,10217900
2016-09-01,43.349998474121094,31.537494659423828,8457800
2016-09-02,43.65999984741211,31.76300048828125,9026000
2016-09-06,43.790000915527344,31.857593536376953,8600400
2016-09-07,43.63999938964844,31.74846839904785,8656600
2016-09-08,43.630001068115234,31.741191864013672,10020400
2016-09-09,42.27000045776367,30.75178337097168,23624200
2016-09-12,43.189998626708984,31.42106819152832,15932300
2016-09-13,42.279998779296875,31.010343551635742,12962700
2016-09-14,42.11000061035156,30.88567543029785,9823900
2016-09-15,42.36000061035156,31.06903076171875,10158500
2016-09-16,42.13999938964844,30.907672882080078,16354000
2016-09-19,42.099998474121094,30.87833023071289,7659900
2016-09-20,42.34000015258789,31.054359436035156,8407200
2016-09-21,42.529998779296875,31.193706512451172,13654700
2016-09-22,42.959999084472656,31.509098052978516,9288300
2016-09-23,42.7400016784668,31.347734451293945,8852700
2016-09-26,42.04999923706055,30.841651916503906,15036000
2016-09-27,42.59000015258789,31.237722396850586,11920400
2016-09-28,42.150001525878906,30.91499900817871,15523800
2016-09-29,42.029998779296875,30.826988220214844,12671700
2016-09-30,42.31999969482422,31.039691925048828,14375700
2016-10-03,42.029998779296875,30.826988220214844,11152800
2016-10-04,41.84000015258789,30.6876220703125,13682700
2016-10-05,41.810001373291016,30.665626525878906,9607300
2016-10-06,41.709999084472656,30.592267990112305,9722900
2016-10-07,41.72999954223633,30.60695457458496,8122800
2016-10-10,41.72999954223633,30.60695457458496,8983600
2016-10-11,41.540000915527344,30.46760368347168,12249100
2016-10-12,41.779998779296875,30.643625259399414,12216300
2016-10-13,41.7599983215332,30.628969192504883,17655600
2016-10-14,41.66999816894531,30.56294059753418,9893800
2016-10-17,41.599998474121094,30.511594772338867,10792500
2016-10-18,41.970001220703125,30.782958984375,11297300
2016-10-19,42.04999923706055,30.841651916503906,16367400
2016-10-20,41.93000030517578,30.753639221191406,10620500
2016-10-21,42.130001068115234,30.900339126586914,14401500
2016-10-24,42.560001373291016,31.215726852416992,13439200
2016-10-25,42.540000915527344,31.201053619384766,16484700
2016-10-26,42.439998626708984,31.1276912689209,16886200
2016-10-27,42.119998931884766,30.89299201965332,14537000
2016-10-28,42.22999954223633,30.97367286682129,13398400
2016-10-31,42.400001525878906,31.098358154296875,13327500
2016-11-01,42.119998931884766,30.89299201965332,12223400
2016-11-02,42.04999923706055,30.841651916503906,12034300
2016-11-03,42.029998779296875,30.826988220214844,11258000
2016-11-04,41.689998626708984,30.577617645263672,14464200
2016-11-07,42.459999084472656,31.142375946044922,14038500
2016-11-08,42.880001068115234,31.450435638427734,12036600
2016-11-09,42.27000045776367,31.003021240234375,21351000
2016-11-10,40.939998626708984,30.02752113342285,33245500
2016-11-11,41.029998779296875,30.093534469604492,13421000
2016-11-14,41.16999816894531,30.196216583251953,19514200
2016-11-15,41.439998626708984,30.394250869750977,16554000
2016-11-16,41.2599983215332,30.26223373413086,12681400
2016-11-17,41.119998931884766,30.159542083740234,12398800
2016-11-18,40.90999984741211,30.00551986694336,16345300
2016-11-21,41.36000061035156,30.335582733154297,12307000
2016-11-22,41.369998931884766,30.342918395996094,12743500
2016-11-23,41.119998931884766,30.159542083740234,9281300
2016-11-25,41.529998779296875,30.46026039123535,7402300
2016-11-28,41.75,30.621631622314453,19424400
2016-11-29,41.150001525878906,30.436708450317383,11421900
2016-11-30,40.349998474121094,29.84498405456543,22410400
2016-12-01,40.16999816894531,29.71184539794922,20409900
2016-12-02,40.36000061035156,29.852371215820312,11176300
2016-12-05,40.619998931884766,30.044694900512695,15977800
2016-12-06,40.56999969482422,30.007715225219727,11303500
2016-12-07,41.290000915527344,30.540250778198242,13726500
2016-12-08,40.97999954223633,30.310956954956055,13077100
2016-12-09,42.0,31.065410614013672,28125800
2016-12-12,41.900001525878906,30.991445541381836,17561900
2016-12-13,41.7599983215332,30.887887954711914,18986000
2016-12-14,41.209999084472656,30.481090545654297,17937900
2016-12-15,41.54999923706055,30.73256492614746,14265300
2016-12-16,41.7400016784668,30.873104095458984,19675200
2016-12-19,41.66999816894531,30.821319580078125,8687300
2016-12-20,41.65999984741211,30.813928604125977,10603500
2016-12-21,41.56999969482422,30.747365951538086,9693600
2016-12-22,41.54999923706055,30.73256492614746,11894100
2016-12-23,41.599998474121094,30.76954460144043,6436600
2016-12-27,41.61000061035156,30.776945114135742,6999200
2016-12-28,41.38999938964844,30.614212036132812,8988000
2016-12-29,41.599998474121094,30.76954460144043,6875300
2016-12-30,41.459999084472656,30.666000366210938,11470200
2017-01-03,41.79999923706055,30.917478561401367,14711000
2017-01-04,41.650001525878906,30.806543350219727,9959400
2017-01-05,41.75,30.880502700805664,8968300
2017-01-06,41.7400016784668,30.873104095458984,10246600
2017-01-09,41.31999969482422,30.562440872192383,14822500
2017-01-10,41.040000915527344,30.355348587036133,19706800
2017-01-11,41.04999923706055,30.362749099731445,9266200
2017-01-12,40.95000076293945,30.288782119750977,8541200
2017-01-13,40.880001068115234,30.23700523376465,8123500
2017-01-17,41.220001220703125,30.488481521606445,12469400
2017-01-18,41.290000915527344,30.540250778198242,10390500
2017-01-19,41.13999938964844,30.429306030273438,10987100
2017-01-20,41.31999969482422,30.562440872192383,14695400
2017-01-23,41.43000030517578,30.643800735473633,11628900
2017-01-24,41.900001525878906,30.991445541381836,17040100
2017-01-25,42.119998931884766,31.15416717529297,12538200
2017-01-26,41.810001373291016,30.924877166748047,8976800
2017-01-27,41.45000076293945,30.65859603881836,12967400
2017-01-30,41.380001068115234,30.606826782226562,11626200
2017-01-31,41.56999969482422,30.747365951538086,12678000
2017-02-01,41.2599983215332,30.518077850341797,11136100
2017-02-02,41.400001525878906,30.62163543701172,9459700
2017-02-03,41.540000915527344,30.725170135498047,11882400
2017-02-06,41.560001373291016,30.739967346191406,15742800
2017-02-07,41.900001525878906,30.991445541381836,13315200
2017-02-08,42.02000045776367,31.080202102661133,14219700
2017-02-09,41.25,30.51067352294922,27240300
2017-02-10,40.58000183105469,30.015111923217773,28847300
2017-02-13,40.619998931884766,30.044694900512695,23617100
2017-02-14,40.529998779296875,29.97810935974121,32177800
2017-02-15,40.439998626708984,29.91155433654785,26600800
2017-02-16,41.20000076293945,30.47368812561035,22214800
2017-02-17,41.22999954223633,30.49588394165039,15065100
2017-02-21,41.459999084472656,30.666000366210938,17072600
2017-02-22,41.599998474121094,30.76954460144043,11186800
2017-02-23,41.65999984741211,30.813928604125977,12856800
2017-02-24,41.779998779296875,30.902692794799805,13215300
2017-02-27,41.66999816894531,30.821319580078125,12186400
2017-02-28,41.959999084472656,31.035829544067383,15946800
2017-03-01,42.15999984741211,31.183753967285156,14662000
2017-03-02,42.470001220703125,31.413042068481445,15507600
2017-03-03,42.47999954223633,31.420438766479492,11740000
2017-03-06,42.18000030517578,31.19853401184082,16307800
2017-03-07,41.9900016784668,31.058019638061523,11273700
2017-03-08,41.9900016784668,31.058019638061523,14636000
2017-03-09,42.029998779296875,31.087600708007812,14496400
2017-03-10,42.290000915527344,31.27991485595703,16369700
2017-03-13,42.029998779296875,31.361988067626953,12831500
2017-03-14,41.970001220703125,31.317216873168945,9844500
2017-03-15,42.119998931884766,31.42913818359375,22757800
2017-03-16,42.25,31.52615737915039,16004200
2017-03-17,42.029998779296875,31.361988067626953,37526500
2017-03-20,42.18000030517578,31.473913192749023,11484200
2017-03-21,42.5,31.71270179748535,17187300
2017-03-22,42.380001068115234,31.62315559387207,11605500
2017-03-23,42.16999816894531,31.466466903686523,11503300
2017-03-24,42.119998931884766,31.42913818359375,13804400
2017-03-27,42.31999969482422,31.578386306762695,12387400
2017-03-28,42.43000030517578,31.660465240478516,14123800
2017-03-29,42.41999816894531,31.65300178527832,9580100
2017-03-30,42.599998474121094,31.787311553955078,11999900
2017-03-31,42.439998626708984,31.667917251586914,11551800
2017-04-03,42.40999984741211,31.64553451538086,11240000
2017-04-04,42.68000030517578,31.847003936767578,10946200
2017-04-05,42.56999969482422,31.76491928100586,10142800
2017-04-06,42.66999816894531,31.83954429626465,14597800
2017-04-07,42.61000061035156,31.794769287109375,11028800
2017-04-10,42.689998626708984,31.854469299316406,9426900
2017-04-11,42.65999984741211,31.83208656311035,8909400
2017-04-12,42.939998626708984,32.04102325439453,13417200
2017-04-13,42.790000915527344,31.929088592529297,9891900
2017-04-17,43.06999969482422,32.138023376464844,11318100
2017-04-18,43.47999954223633,32.443965911865234,13181600
2017-04-19,43.22999954223633,32.257408142089844,13893100
2017-04-20,43.09000015258789,32.152950286865234,10838300
2017-04-21,43.06999969482422,32.138023376464844,13833800
2017-04-24,43.279998779296875,32.29471969604492,16703800
2017-04-25,43.11000061035156,32.1678581237793,18745100
2017-04-26,43.2400016784668,32.26488494873047,13626600
2017-04-27,43.0099983215332,32.09324264526367,10386200
2017-04-28,43.150001525878906,32.197715759277344,10337800
2017-05-01,43.220001220703125,32.24995040893555,13208200
2017-05-02,43.38999938964844,32.37680435180664,11823900
2017-05-03,43.31999969482422,32.324562072753906,10389000
2017-05-04,43.65999984741211,32.5782585144043,10193100
2017-05-05,43.689998626708984,32.60065460205078,8133000
2017-05-08,43.88999938964844,32.749881744384766,14284300
2017-05-09,43.5099983215332,32.46633529663086,8694400
2017-05-10,43.56999969482422,32.51110076904297,7597700
2017-05-11,43.66999816894531,32.585731506347656,6860100
2017-05-12,43.59000015258789,32.52603530883789,7275800
2017-05-15,43.72999954223633,32.630496978759766,8493000
2017-05-16,43.849998474121094,32.720035552978516,10454100
2017-05-17,43.93000030517578,32.77974319458008,14538800
2017-05-18,43.79999923706055,32.6827278137207,13832200
2017-05-19,43.900001525878906,32.757362365722656,11796800
2017-05-22,44.18000030517578,32.96628189086914,12857900
2017-05-23,44.38999938964844,33.12297439575195,11996100
2017-05-24,45.029998779296875,33.60051727294922,12738300
2017-05-25,45.40999984741211,33.88408279418945,16704200
2017-05-26,45.38999938964844,33.86915969848633,11341400
2017-05-30,45.43000030517578,33.89900588989258,13093500
2017-05-31,45.470001220703125,33.928863525390625,14148000
2017-06-01,45.790000915527344,34.167633056640625,11049300
2017-06-02,45.88999938964844,34.24226379394531,9923700
2017-06-05,45.9900016784668,34.316856384277344,10015200
2017-06-06,45.97999954223633,34.30940246582031,9836700
2017-06-07,45.5099983215332,33.958702087402344,12776300
2017-06-08,45.130001068115234,33.675148010253906,12879000
2017-06-09,45.31999969482422,33.81692886352539,9358800
2017-06-12,45.33000183105469,33.82440185546875,11228500
2017-06-13,45.029998779296875,33.877037048339844,10023400
2017-06-14,45.29999923706055,34.08018112182617,11497500
2017-06-15,45.25,34.04255676269531,9908700
2017-06-16,45.310001373291016,34.08769989013672,27025300
2017-06-19,45.380001068115234,34.140357971191406,7624700
2017-06-20,45.61000061035156,34.31340026855469,14920900
2017-06-21,45.220001220703125,34.02001190185547,9515800
2017-06-22,45.06999969482422,33.90714645385742,7446300
2017-06-23,45.25,34.04255676269531,9544800
2017-06-26,45.43000030517578,34.177978515625,7747100
2017-06-27,45.04999923706055,33.89209747314453,11432200
2017-06-28,45.31999969482422,34.0952262878418,9218800
2017-06-29,44.83000183105469,33.726593017578125,9283500
2017-06-30,44.849998474121094,33.74162673950195,9352800
2017-07-03,44.7599983215332,33.673919677734375,6434500
2017-07-05,44.81999969482422,33.71906280517578,6853600
2017-07-06,44.400001525878906,33.4030876159668,13113000
2017-07-07,44.38999938964844,33.39556121826172,9566000
2017-07-10,44.380001068115234,33.38804244995117,9672000
2017-07-11,44.33000183105469,33.35042953491211,10300700
2017-07-12,44.5099983215332,33.48584747314453,7737400
2017-07-13,44.43000030517578,33.4256591796875,6371900
2017-07-14,44.68000030517578,33.613746643066406,8558700
2017-07-17,44.72999954223633,33.65135955810547,7189200
2017-07-18,44.66999816894531,33.60620880126953,9037200
2017-07-19,44.83000183105469,33.726593017578125,6986900
2017-07-20,44.81999969482422,33.71906280517578,7430300
2017-07-21,45.029998779296875,33.877037048339844,8545600
2017-07-24,44.84000015258789,33.73410415649414,9103600
2017-07-25,45.2400016784668,34.0350341796875,14096300
2017-07-26,45.7400016784668,34.41120147705078,13608900
2017-07-27,46.119998931884766,34.697078704833984,15195200
2017-07-28,46.0099983215332,34.61432647705078,11945300
2017-07-31,45.84000015258789,34.486427307128906,13622900
2017-08-01,45.70000076293945,34.381107330322266,10306800
2017-08-02,45.59000015258789,34.29835891723633,10187900
2017-08-03,45.66999816894531,34.35853576660156,14261400
2017-08-04,45.5,34.23064041137695,9523600
2017-08-07,45.63999938964844,34.33596420288086,6226300
2017-08-08,45.599998474121094,34.30587387084961,5747900
2017-08-09,45.59000015258789,34.29835891723633,9635300
2017-08-10,45.7400016784668,34.41120147705078,8901600
2017-08-11,45.59000015258789,34.29835891723633,8357600
2017-08-14,45.79999923706055,34.45634460449219,8421200
2017-08-15,46.189998626708984,34.74976348876953,9638100
2017-08-16,46.20000076293945,34.75727081298828,8087300
2017-08-17,45.86000061035156,34.5014762878418,8477000
2017-08-18,45.66999816894531,34.35853576660156,10879800
2017-08-21,45.68000030517578,34.366058349609375,9429700
2017-08-22,45.599998474121094,34.30587387084961,10536700
2017-08-23,45.540000915527344,34.26073455810547,6528400
2017-08-24,45.40999984741211,34.162933349609375,7534400
2017-08-25,45.56999969482422,34.2833137512207,8807100
2017-08-28,45.41999816894531,34.170448303222656,8024000
2017-08-29,45.45000076293945,34.193023681640625,7762200
2017-08-30,45.38999938964844,34.147884368896484,7134900
2017-08-31,45.54999923706055,34.26826095581055,14264600
2017-09-01,45.779998779296875,34.44129180908203,7391200
2017-09-05,45.91999816894531,34.5466194152832,9916700
2017-09-06,45.959999084472656,34.57672119140625,9238900
2017-09-07,46.279998779296875,34.81744384765625,9418400
2017-09-08,46.29999923706055,34.8325080871582,10534900
2017-09-11,46.52000045776367,34.998008728027344,10430300
2017-09-12,46.720001220703125,35.14847183227539,8567600
2017-09-13,46.869998931884766,35.26131820678711,10218000
2017-09-14,46.11000061035156,34.96558380126953,13768800
2017-09-15,46.18000030517578,35.01865768432617,16141400
2017-09-18,46.11000061035156,34.96558380126953,8535300
2017-09-19,45.97999954223633,34.867000579833984,7297900
2017-09-20,45.779998779296875,34.71533966064453,11026600
2017-09-21,45.400001525878906,34.42718505859375,7555300
2017-09-22,45.4900016784668,34.49543762207031,8024800
2017-09-25,45.689998626708984,34.647090911865234,9215300
2017-09-26,45.56999969482422,34.55609893798828,6480100
2017-09-27,44.63999938964844,33.85087203979492,14816200
2017-09-28,44.90999984741211,34.055606842041016,8789500
2017-09-29,45.0099983215332,34.13145446777344,10082200
2017-10-02,44.79999923706055,33.97219467163086,10707800
2017-10-03,45.189998626708984,34.2679328918457,12038100
2017-10-04,45.5,34.50300979614258,14060300
2017-10-05,45.52000045776367,34.5181884765625,10215300
2017-10-06,45.4900016784668,34.49543762207031,5437900
2017-10-09,45.40999984741211,34.43476867675781,5268300
2017-10-10,45.869998931884766,34.78358459472656,6310400
2017-10-11,46.099998474121094,34.9579963684082,6638200
2017-10-12,46.11000061035156,34.96558380126953,7710200
2017-10-13,46.18000030517578,35.01865768432617,7126000
2017-10-16,46.619998931884766,35.352325439453125,12708600
2017-10-17,46.52000045776367,35.276485443115234,7699400
2017-10-18,46.400001525878906,35.18549346923828,6272200
2017-10-19,46.59000015258789,35.329566955566406,7515500
2017-10-20,46.380001068115234,35.17033004760742,9646800
2017-10-23,46.31999969482422,35.12483215332031,7153600
2017-10-24,46.18000030517578,35.01865768432617,9539500
2017-10-25,46.04999923706055,34.92009353637695,11994200
2017-10-26,46.22999954223633,35.056575775146484,10569100
2017-10-27,46.06999969482422,34.93525695800781,9988000
2017-10-30,45.86000061035156,34.775997161865234,7201900
2017-10-31,45.97999954223633,34.867000579833984,6560500
2017-11-01,45.79999923706055,34.73051071166992,7067600
2017-11-02,45.880001068115234,34.79116439819336,8317800
2017-11-03,45.970001220703125,34.85941696166992,4730400
2017-11-06,45.470001220703125,34.48027038574219,7451300
2017-11-07,45.939998626708984,34.836673736572266,9868000
2017-11-08,46.18000030517578,35.01865768432617,7586900
2017-11-09,46.22999954223633,35.056575775146484,6532400
2017-11-10,46.540000915527344,35.29166030883789,8022900
2017-11-13,46.720001220703125,35.42814636230469,7653600
2017-11-14,47.43000030517578,35.96654510498047,17200700
2017-11-15,46.810001373291016,35.49639892578125,12419100
2017-11-16,46.54999923706055,35.29924774169922,12506400
2017-11-17,45.709999084472656,34.662254333496094,19720700
2017-11-20,45.459999084472656,34.47268295288086,19160900
2017-11-21,45.779998779296875,34.71533966064453,10280800
2017-11-22,45.84000015258789,34.76083755493164,8434400
2017-11-24,45.880001068115234,34.79116439819336,2996300
2017-11-27,45.900001525878906,34.806339263916016,5649200
2017-11-28,45.83000183105469,34.75324630737305,8432800
2017-11-29,45.5,34.50300979614258,16502100
2017-11-30,45.77000045776367,34.992313385009766,17147600
2017-12-01,45.970001220703125,35.14521408081055,12468800
2017-12-04,46.22999954223633,35.343990325927734,17523600
2017-12-05,46.2599983215332,35.36692428588867,13670800
2017-12-06,46.45000076293945,35.51219177246094,8154000
2017-12-07,45.779998779296875,34.99995422363281,9106500
2017-12-08,45.310001373291016,34.640628814697266,13238600
2017-12-11,45.33000183105469,34.65592956542969,9698700
2017-12-12,45.290000915527344,34.625343322753906,13999300
2017-12-13,45.900001525878906,35.091697692871094,12418700
2017-12-14,46.029998779296875,35.19108581542969,9029000
2017-12-15,46.189998626708984,35.31342697143555,21181600
2017-12-18,45.93000030517578,35.1146354675293,10156800
2017-12-19,46.130001068115234,35.26754379272461,8253200
2017-12-20,46.08000183105469,35.229312896728516,7311000
2017-12-21,45.599998474121094,34.86233901977539,9657100
2017-12-22,45.59000015258789,34.854698181152344,5406300
2017-12-26,45.810001373291016,35.02290344238281,6100400
2017-12-27,45.93000030517578,35.1146354675293,5660600
2017-12-28,45.720001220703125,34.95408630371094,6538900
2017-12-29,45.880001068115234,35.0764045715332,8371500
2018-01-02,45.540000915527344,34.816471099853516,10872200
2018-01-03,45.439998626708984,34.740020751953125,12635600
2018-01-04,46.08000183105469,35.229312896728516,12709400
2018-01-05,46.06999969482422,35.22167205810547,13113100
2018-01-08,46.0,35.168148040771484,7068600
2018-01-09,46.22999954223633,35.343990325927734,9962400
2018-01-10,46.06999969482422,35.22167205810547,10700700
2018-01-11,46.040000915527344,35.198734283447266,7583200
2018-01-12,46.150001525878906,35.28282928466797,14570100
2018-01-16,46.529998779296875,35.57334518432617,16459300
2018-01-17,46.81999969482422,35.79507064819336,12143100
2018-01-18,46.880001068115234,35.840938568115234,11952900
2018-01-19,47.15999984741211,36.05501174926758,16187400
2018-01-22,47.380001068115234,36.22319030761719,9577400
2018-01-23,47.45000076293945,36.2767219543457,11463700
2018-01-24,47.83000183105469,36.56724166870117,15964500
2018-01-25,47.84000015258789,36.57487487792969,11755000
2018-01-26,48.529998779296875,37.102394104003906,16671200
2018-01-29,47.70000076293945,36.46784973144531,11662600
2018-01-30,47.40999984741211,36.24613952636719,12404800
2018-01-31,47.59000015258789,36.38374710083008,10960100
2018-02-01,47.45000076293945,36.2767219543457,10279400
2018-02-02,46.72999954223633,35.72625732421875,12912300
2018-02-05,44.88999938964844,34.31953430175781,23261500
2018-02-06,44.66999816894531,34.15132141113281,25184300
2018-02-07,44.560001373291016,34.067230224609375,18041600
2018-02-08,43.099998474121094,32.95103073120117,23295300
2018-02-09,43.130001068115234,32.97395706176758,22853100
2018-02-12,43.970001220703125,33.61616134643555,14689000
2018-02-13,44.189998626708984,33.78435516357422,13163200
2018-02-14,44.099998474121094,33.715545654296875,13457900
2018-02-15,44.779998779296875,34.23543167114258,13467300
2018-02-16,44.97999954223633,34.38834762573242,17202300
2018-02-20,43.9900016784668,33.6314582824707,14137300
2018-02-21,43.34000015258789,33.134525299072266,12792900
2018-02-22,43.52000045776367,33.27214050292969,12377800
2018-02-23,44.040000915527344,33.669677734375,8277200
2018-02-26,44.029998779296875,33.662025451660156,12713300
2018-02-27,43.619998931884766,33.348575592041016,12774400
2018-02-28,43.220001220703125,33.04277420043945,11929400
2018-03-01,43.43000030517578,33.20332717895508,17746800
2018-03-02,43.720001220703125,33.425025939941406,14050100
2018-03-05,43.88999938964844,33.554996490478516,11992700
2018-03-06,43.93000030517578,33.585594177246094,10010500
2018-03-07,43.81999969482422,33.50148010253906,10881700
2018-03-08,44.45000076293945,33.9831428527832,12361100
2018-03-09,44.81999969482422,34.266014099121094,9778600
2018-03-12,44.529998779296875,34.0443000793457,11857700
2018-03-13,44.56999969482422,34.07488250732422,11342100
2018-03-14,43.779998779296875,33.766380310058594,15321200
2018-03-15,43.66999816894531,33.6815299987793,12456700
2018-03-16,43.459999084472656,33.5195426940918,26603300
2018-03-19,43.2599983215332,33.36530685424805,12380300
2018-03-20,43.15999984741211,33.288185119628906,13559800
2018-03-21,43.0,33.16477584838867,13054000
2018-03-22,42.7599983215332,32.979671478271484,12274100
2018-03-23,42.33000183105469,32.64801788330078,13475200
2018-03-26,42.689998626708984,32.92568588256836,11276100
2018-03-27,42.88999938964844,33.07992935180664,11627000
2018-03-28,43.31999969482422,33.411582946777344,16277400
2018-03-29,43.43000030517578,33.49643325805664,10450500
2018-04-02,42.66999816894531,32.910255432128906,14207900
2018-04-03,43.380001068115234,33.45785903930664,15484600
2018-04-04,44.2400016784668,34.121150970458984,13563300
2018-04-05,44.400001525878906,34.244564056396484,11707800
2018-04-06,43.91999816894531,33.87434768676758,11495100
2018-04-09,43.83000183105469,33.80494689941406,11913400
2018-04-10,43.9900016784668,33.928340911865234,10379500
2018-04-11,43.9900016784668,33.928340911865234,8424300
2018-04-12,44.029998779296875,33.95920181274414,8476400
2018-04-13,44.5099983215332,34.329402923583984,10774200
2018-04-16,44.68000030517578,34.46052169799805,8962100
2018-04-17,44.880001068115234,34.614768981933594,8406400
2018-04-18,44.5099983215332,34.329402923583984,7429000
2018-04-19,44.310001373291016,34.17514419555664,10370400
2018-04-20,43.7400016784668,33.73552703857422,14690700
2018-04-23,43.97999954223633,33.92062759399414,11878500
2018-04-24,43.06999969482422,33.21875762939453,18523900
2018-04-25,42.43000030517578,32.72514724731445,20774700
2018-04-26,42.75,32.97195053100586,13561000
2018-04-27,43.310001373291016,33.40387725830078,9777900
2018-04-30,43.209999084472656,33.32674789428711,16037700
2018-05-01,42.59000015258789,32.848567962646484,11514200
2018-05-02,42.060001373291016,32.43977737426758,13736400
2018-05-03,41.88999938964844,32.308658599853516,18352200
2018-05-04,42.36000061035156,32.671165466308594,10946200
2018-05-07,42.13999938964844,32.50148010253906,9336000
2018-05-08,41.810001373291016,32.24696731567383,15062200
2018-05-09,41.779998779296875,32.22382354736328,9295200
2018-05-10,42.18000030517578,32.5323371887207,7924200
2018-05-11,42.13999938964844,32.50148010253906,6331900
2018-05-14,42.040000915527344,32.42435836791992,10715500
2018-05-15,41.720001220703125,32.177547454833984,16449700
2018-05-16,41.54999923706055,32.04642105102539,11590500
2018-05-17,42.29999923706055,32.624881744384766,14857400
2018-05-18,42.18000030517578,32.5323371887207,11950200
2018-05-21,42.40999984741211,32.7097282409668,9110200
2018-05-22,42.25,32.58631896972656,8222900
2018-05-23,42.400001525878906,32.7020149230957,8971400
2018-05-24,42.31999969482422,32.64031219482422,9269600
2018-05-25,42.400001525878906,32.7020149230957,8806500
2018-05-29,42.68000030517578,32.91796875,14826900
2018-05-30,43.130001068115234,33.265045166015625,10114200
2018-05-31,43.0,33.16477584838867,15571300
2018-06-01,43.119998931884766,33.257328033447266,10664700
2018-06-04,43.4900016784668,33.54270553588867,11727600
2018-06-05,43.11000061035156,33.249603271484375,9975900
2018-06-06,43.459999084472656,33.5195426940918,9202900
2018-06-07,43.439998626708984,33.50412368774414,11948100
2018-06-08,43.95000076293945,33.897499084472656,12078800
2018-06-11,44.130001068115234,34.03631591796875,7526100
2018-06-12,44.40999984741211,34.25226974487305,8243300
2018-06-13,44.18000030517578,34.074886322021484,16745000
2018-06-14,43.58000183105469,33.911476135253906,12696200
2018-06-15,44.119998931884766,34.3316650390625,21562500
2018-06-18,43.54999923706055,33.888118743896484,12161900
2018-06-19,43.599998474121094,33.92702865600586,12936400
2018-06-20,43.2599983215332,33.66246032714844,10893700
2018-06-21,43.09000015258789,33.53017807006836,10465200
2018-06-22,43.25,33.65467834472656,14924400
2018-06-25,43.58000183105469,33.911476135253906,12092400
2018-06-26,43.33000183105469,33.71693420410156,13974700
2018-06-27,43.06999969482422,33.514610290527344,15332600
2018-06-28,43.470001220703125,33.82588577270508,12668900
2018-06-29,43.86000061035156,34.12935256958008,11485600
2018-07-02,43.75,34.043758392333984,9232500
2018-07-03,43.9900016784668,34.230506896972656,8214300
2018-07-05,44.65999984741211,34.75185775756836,11653000
2018-07-06,44.63999938964844,34.73629379272461,8733900
2018-07-09,44.400001525878906,34.54954528808594,7373100
2018-07-10,44.970001220703125,34.993080139160156,10606100
2018-07-11,44.790000915527344,34.853031158447266,7715600
2018-07-12,44.66999816894531,34.7596549987793,6331600
2018-07-13,44.7400016784668,34.81412124633789,5585900
2018-07-16,44.72999954223633,34.80633544921875,5831400
2018-07-17,45.25,35.210968017578125,11592200
2018-07-18,45.119998931884766,35.109806060791016,7351600
2018-07-19,45.11000061035156,35.10202407836914,10097500
2018-07-20,45.279998779296875,35.23429870605469,8588400
2018-07-23,44.95000076293945,34.97752380371094,9055700
2018-07-24,45.2599983215332,35.21874237060547,13786100
2018-07-25,46.09000015258789,35.86460494995117,21330600
2018-07-26,46.2400016784668,35.9813346862793,12673100
2018-07-27,46.209999084472656,35.957984924316406,10516900
2018-07-30,46.22999954223633,35.97354507446289,8967900
2018-07-31,46.630001068115234,36.284820556640625,12438800
2018-08-01,46.38999938964844,36.09804153442383,9904100
2018-08-02,46.18000030517578,35.934635162353516,12009700
2018-08-03,46.619998931884766,36.27702331542969,11462800
2018-08-06,46.650001525878906,36.30036926269531,10056100
2018-08-07,46.5,36.18364334106445,8632900
2018-08-08,46.150001525878906,35.91130065917969,6810000
2018-08-09,46.349998474121094,36.066925048828125,8924100
2018-08-10,46.08000183105469,35.856834411621094,7535400
2018-08-13,45.83000183105469,35.66229248046875,8143400
2018-08-14,45.88999938964844,35.708980560302734,6846100
2018-08-15,46.08000183105469,35.856834411621094,9686400
2018-08-16,46.220001220703125,35.965763092041016,10600700
2018-08-17,46.599998474121094,36.26145935058594,8885700
2018-08-20,46.72999954223633,36.36261749267578,6392000
2018-08-21,46.220001220703125,35.965763092041016,13986300
2018-08-22,45.93000030517578,35.7401123046875,7159100
2018-08-23,45.70000076293945,35.561119079589844,13144900
2018-08-24,45.630001068115234,35.506656646728516,10952900
2018-08-27,45.689998626708984,35.5533561706543,9581200
2018-08-28,45.369998931884766,35.304344177246094,8476800
2018-08-29,45.33000183105469,35.273216247558594,12410900
2018-08-30,44.95000076293945,34.97752380371094,9716500
2018-08-31,44.56999969482422,34.68182373046875,19834100
2018-09-04,44.7599983215332,34.82968521118164,11138500
2018-09-05,45.380001068115234,35.3121223449707,10554900
2018-09-06,45.77000045776367,35.61560821533203,11439400
2018-09-07,45.720001220703125,35.576690673828125,10208100
2018-09-10,46.060001373291016,35.84127426147461,8568900
2018-09-11,46.02000045776367,35.81014633178711,9278300
2018-09-12,46.2400016784668,35.9813346862793,13216400
2018-09-13,45.83000183105469,35.96563720703125,8294800
2018-09-14,45.9900016784668,36.09120178222656,7612900
2018-09-17,46.31999969482422,36.35016632080078,8527300
2018-09-18,45.93000030517578,36.04412078857422,9847400
2018-09-19,45.959999084472656,36.06765365600586,7119000
2018-09-20,46.63999938964844,36.60129165649414,9736700
2018-09-21,46.58000183105469,36.55421447753906,19240300
2018-09-24,46.06999969482422,36.15398406982422,10778900
2018-09-25,45.68000030517578,35.84791946411133,7919100
2018-09-26,45.849998474121094,35.98133087158203,10162600
2018-09-27,46.0099983215332,36.10689163208008,10826900
2018-09-28,46.189998626708984,36.24814987182617,9071900
2018-10-01,46.22999954223633,36.279541015625,9364700
2018-10-02,46.5099983215332,36.499267578125,7462700
2018-10-03,45.869998931884766,35.99703598022461,10542300
2018-10-04,45.849998474121094,35.98133087158203,9582300
2018-10-05,45.880001068115234,36.0048713684082,8734100
2018-10-08,46.47999954223633,36.47572326660156,9808100
2018-10-09,46.38999938964844,36.40509796142578,10824500
2018-10-10,45.68000030517578,35.84791946411133,13917000
2018-10-11,44.63999938964844,35.03175735473633,17677900
2018-10-12,44.68000030517578,35.063167572021484,12420100
2018-10-15,44.90999984741211,35.243648529052734,11608500
2018-10-16,45.4900016784668,35.69881820678711,10442500
2018-10-17,45.86000061035156,35.989173889160156,11055800
2018-10-18,45.61000061035156,35.79298400878906,12716900
2018-10-19,46.33000183105469,36.3580207824707,13989200
2018-10-22,45.970001220703125,36.07550811767578,14283600
2018-10-23,46.36000061035156,36.38156509399414,17483900
2018-10-24,46.72999954223633,36.67192077636719,21626000
2018-10-25,46.5099983215332,36.499267578125,14220200
2018-10-26,45.91999816894531,36.03626251220703,21458000
2018-10-29,46.459999084472656,36.46002960205078,20932200
2018-10-30,47.630001068115234,37.37820053100586,20895400
2018-10-31,47.880001068115234,37.57439422607422,25309400
2018-11-01,47.7400016784668,37.46452713012695,16494500
2018-11-02,48.0,37.6685676574707,17584900
2018-11-05,48.689998626708984,38.210052490234375,16543500
2018-11-06,49.11000061035156,38.53964614868164,14373400
2018-11-07,49.369998931884766,38.743690490722656,12239700
2018-11-08,49.33000183105469,38.712303161621094,9762800
2018-11-09,49.68000030517578,38.98697280883789,12398100
2018-11-12,49.869998931884766,39.13606643676758,13918300
2018-11-13,49.86000061035156,39.12821578979492,13872900
2018-11-14,49.7599983215332,39.04975128173828,12106800
2018-11-15,49.7400016784668,39.03404998779297,12080100
2018-11-16,50.16999816894531,39.371490478515625,13405800
2018-11-19,50.5099983215332,39.63832473754883,13575800
2018-11-20,49.380001068115234,38.75154113769531,16255300
2018-11-21,48.72999954223633,38.24143981933594,13559200
2018-11-23,49.02000045776367,38.46902847290039,4792500
2018-11-26,48.869998931884766,38.3513069152832,9341900
2018-11-27,49.369998931884766,38.743690490722656,9180700
2018-11-28,49.709999084472656,39.01051330566406,11368700
2018-11-29,48.97999954223633,38.7415885925293,11564300
2018-11-30,50.400001525878906,39.864768981933594,25538200
2018-12-03,49.689998626708984,39.30316162109375,14877200
2018-12-04,49.58000183105469,39.216163635253906,19059900
2018-12-06,49.380001068115234,39.05796432495117,17674900
2018-12-07,49.09000015258789,38.828590393066406,15565700
2018-12-10,49.2400016784668,38.947235107421875,12331100
2018-12-11,49.540000915527344,39.18452835083008,18083600
2018-12-12,49.220001220703125,38.93141555786133,12316900
2018-12-13,49.470001220703125,39.12915802001953,13766200
2018-12-14,49.34000015258789,39.02634048461914,13835900
2018-12-17,48.33000183105469,38.227455139160156,18482700
2018-12-18,48.31999969482422,38.219539642333984,14765700
2018-12-19,47.900001525878906,37.887332916259766,17903800
2018-12-20,47.540000915527344,37.60258865356445,21130000
2018-12-21,47.56999969482422,37.62632369995117,32477700
2018-12-24,45.959999084472656,36.35285949707031,10733700
2018-12-26,46.939998626708984,37.128013610839844,14342600
2018-12-27,47.529998779296875,37.594688415527344,16966500
2018-12-28,47.20000076293945,37.33366012573242,13218200
2018-12-31,47.349998474121094,37.45229721069336,10576300
2019-01-02,46.93000030517578,37.120113372802734,11603700
2019-01-03,46.63999938964844,36.89072036743164,14714400
2019-01-04,47.56999969482422,37.62632369995117,13013700
2019-01-07,46.95000076293945,37.135921478271484,13135500
2019-01-08,47.47999954223633,37.55512619018555,15420700
2019-01-09,46.56999969482422,36.83535385131836,18032500
2019-01-10,47.06999969482422,37.2308235168457,15976600
2019-01-11,47.34000015258789,37.444393157958984,11088600
2019-01-14,47.150001525878906,37.29411315917969,11514300
2019-01-15,47.56999969482422,37.62632369995117,11342900
2019-01-16,46.91999816894531,37.11220169067383,16907800
2019-01-17,47.060001373291016,37.222923278808594,12044600
2019-01-18,47.61000061035156,37.657962799072266,12760700
2019-01-22,47.720001220703125,37.74496078491211,11700400
2019-01-23,48.27000045776367,38.18000030517578,12058300
2019-01-24,47.689998626708984,37.72124481201172,10272000
2019-01-25,47.369998931884766,37.4681282043457,12066500
2019-01-28,47.16999816894531,37.30992126464844,9966900
2019-01-29,47.400001525878906,37.491851806640625,11998600
2019-01-30,47.86000061035156,37.855690002441406,12952500
2019-01-31,48.130001068115234,38.06925964355469,32181500
2019-02-01,48.70000076293945,38.52011489868164,19130100
2019-02-04,49.25,38.95516586303711,15105700
2019-02-05,49.2599983215332,38.963043212890625,12651900
2019-02-06,49.2599983215332,38.963043212890625,8689100
2019-02-07,49.41999816894531,39.089603424072266,10047800
2019-02-08,49.5,39.15290069580078,9813300
2019-02-11,49.61000061035156,39.23989486694336,9369300
2019-02-12,49.65999984741211,39.27943801879883,10983300
2019-02-13,49.790000915527344,39.382266998291016,12748800
2019-02-14,45.59000015258789,36.06019973754883,58905400
2019-02-15,45.2400016784668,35.78336715698242,35701600
2019-02-19,44.83000183105469,35.45906448364258,25511300
2019-02-20,45.099998474121094,35.672630310058594,27464000
2019-02-21,45.86000061035156,36.273765563964844,23121200
2019-02-22,45.279998779296875,35.81500244140625,24728400
2019-02-25,44.939998626708984,35.54607009887695,23774400
2019-02-26,44.689998626708984,35.34832763671875,20463200
2019-02-27,44.939998626708984,35.54607009887695,17827500
2019-02-28,45.34000015258789,35.862464904785156,22533900
2019-03-01,45.380001068115234,35.89411163330078,16291600
2019-03-04,45.650001525878906,36.10765838623047,15973800
2019-03-05,45.599998474121094,36.068111419677734,13062300
2019-03-06,45.45000076293945,35.949466705322266,14232100
2019-03-07,45.279998779296875,35.81500244140625,12084000
2019-03-08,44.84000015258789,35.466976165771484,15579100
2019-03-11,46.18000030517578,36.5268669128418,22126900
2019-03-12,46.04999923706055,36.424049377441406,19348500
2019-03-13,46.220001220703125,36.55851745605469,16222500
2019-03-14,45.70000076293945,36.462772369384766,18504100
2019-03-15,45.29999923706055,36.143619537353516,47254500
2019-03-18,45.40999984741211,36.23139190673828,24006400
2019-03-19,45.560001373291016,36.351070404052734,14987000
2019-03-20,45.529998779296875,36.32712936401367,13376100
2019-03-21,45.5099983215332,36.311161041259766,20043000
2019-03-22,45.93000030517578,36.646270751953125,19055900
2019-03-25,46.029998779296875,36.726070404052734,11668200
2019-03-26,46.63999938964844,37.21276092529297,11434900
2019-03-27,46.61000061035156,37.18882751464844,11543600
2019-03-28,46.58000183105469,37.16489028930664,11121100
2019-03-29,46.86000061035156,37.38829803466797,16045600
2019-04-01,46.720001220703125,37.2765998840332,11522700
2019-04-02,46.56999969482422,37.156917572021484,8495000
2019-04-03,46.18000030517578,36.84574508666992,12854500
2019-04-04,46.47999954223633,37.085105895996094,7814900
2019-04-05,46.470001220703125,37.077125549316406,7677600
2019-04-08,46.54999923706055,37.14095687866211,9421300
2019-04-09,46.66999816894531,37.2367057800293,8641800
2019-04-10,46.63999938964844,37.21276092529297,8059900
2019-04-11,46.709999084472656,37.26862716674805,7352400
2019-04-12,46.7400016784668,37.292564392089844,10690000
2019-04-15,47.0,37.500003814697266,10261300
2019-04-16,46.95000076293945,37.460121154785156,10804600
2019-04-17,47.279998779296875,37.72340774536133,11849300
2019-04-18,47.47999954223633,37.882972717285156,12167000
2019-04-22,47.400001525878906,37.81915283203125,9834700
2019-04-23,48.209999084472656,38.465431213378906,25327800
2019-04-24,47.97999954223633,38.28191375732422,15997300
2019-04-25,47.84000015258789,38.17021560668945,11444400
2019-04-26,48.2599983215332,38.50531768798828,10154300
2019-04-29,48.41999816894531,38.63298797607422,9731500
2019-04-30,49.060001373291016,39.14362335205078,17912900
2019-05-01,48.59000015258789,38.768619537353516,10551200
2019-05-02,48.38999938964844,38.609046936035156,8724600
2019-05-03,48.720001220703125,38.872337341308594,7076900
2019-05-06,48.470001220703125,38.672874450683594,8657800
2019-05-07,48.0,38.29787063598633,12487500
2019-05-08,47.849998474121094,38.178192138671875,9281400
2019-05-09,47.400001525878906,37.81915283203125,11450500
2019-05-10,48.189998626708984,38.449459075927734,9653800
2019-05-13,48.04999923706055,38.337772369384766,11911500
2019-05-14,48.689998626708984,38.84840393066406,16844200
2019-05-15,49.18000030517578,39.23936080932617,11422500
2019-05-16,49.58000183105469,39.55851745605469,17771300
2019-05-17,49.20000076293945,39.255332946777344,11257000
2019-05-20,48.849998474121094,38.97606658935547,13850500
2019-05-21,48.599998474121094,38.77659606933594,10587400
2019-05-22,49.650001525878906,39.614356994628906,16050400
2019-05-23,49.849998474121094,39.77393341064453,12199400
2019-05-24,49.61000061035156,39.58245086669922,6887600
2019-05-28,49.099998474121094,39.17552947998047,18614000
2019-05-29,48.61000061035156,38.784576416015625,12534600
2019-05-30,49.25,39.29521560668945,9087200
2019-05-31,49.130001068115234,39.19947052001953,11368600
2019-06-03,49.97999954223633,39.877647399902344,14167200
2019-06-04,50.0,39.893611907958984,12010600
2019-06-05,50.779998779296875,40.51595687866211,15837600
2019-06-06,51.400001525878906,41.0106315612793,15190400
2019-06-07,51.4900016784668,41.08244705200195,15293600
2019-06-10,51.380001068115234,40.994693756103516,9737400
2019-06-11,51.33000183105469,40.95479202270508,9915600
2019-06-12,51.63999938964844,41.20212936401367,11088100
2019-06-13,51.130001068115234,41.11366653442383,10353600
2019-06-14,51.310001373291016,41.2584228515625,8694300
2019-06-17,50.869998931884766,40.90460968017578,12322400
2019-06-18,50.63999938964844,40.719661712646484,9221100
2019-06-19,51.119998931884766,41.105628967285156,9414100
2019-06-20,51.65999984741211,41.539852142333984,10656600
2019-06-21,51.54999923706055,41.45138931274414,21264400
2019-06-24,51.91999816894531,41.74890899658203,10780000
2019-06-25,51.7599983215332,41.620262145996094,11519900
2019-06-26,51.119998931884766,41.105628967285156,12405100
2019-06-27,51.08000183105469,41.07347106933594,12374900
2019-06-28,50.91999816894531,40.94480895996094,16339900
2019-07-01,51.599998474121094,41.49159240722656,14976400
2019-07-02,51.97999954223633,41.79716110229492,8569200
2019-07-03,52.099998474121094,41.89365768432617,7253700
2019-07-05,52.11000061035156,41.901695251464844,8916300
2019-07-08,52.0,41.8132438659668,9495100
2019-07-09,51.59000015258789,41.483551025390625,10584900
2019-07-10,51.81999969482422,41.66849899291992,7620900
2019-07-11,52.040000915527344,41.84541702270508,10376500
2019-07-12,52.119998931884766,41.909732818603516,7347400
2019-07-15,52.130001068115234,41.91777038574219,5876100
2019-07-16,52.13999938964844,41.925811767578125,7132500
2019-07-17,52.18000030517578,41.95798110961914,8264200
2019-07-18,52.029998779296875,41.837364196777344,11911800
2019-07-19,51.38999938964844,41.32273864746094,10355500
2019-07-22,51.220001220703125,41.18604278564453,12090700
2019-07-23,54.33000183105469,43.686798095703125,33417900
2019-07-24,53.779998779296875,43.24454116821289,15633400
2019-07-25,53.06999969482422,42.67363357543945,19135000
2019-07-26,54.16999816894531,43.55815124511719,11451900
2019-07-29,53.9900016784668,43.413414001464844,12283900
2019-07-30,53.720001220703125,43.196292877197266,8127100
2019-07-31,52.630001068115234,42.3198356628418,16865500
2019-08-01,52.029998779296875,41.837364196777344,19527200
2019-08-02,52.33000183105469,42.07859420776367,13102300
2019-08-05,51.650001525878906,41.531803131103516,19986500
2019-08-06,52.27000045776367,42.03035354614258,19903100
2019-08-07,53.18000030517578,42.762088775634766,17937000
2019-08-08,53.689998626708984,43.172176361083984,10799000
2019-08-09,53.41999816894531,42.955074310302734,9260900
2019-08-12,53.20000076293945,42.77816390991211,6588600
2019-08-13,53.5,43.0193977355957,8581200
2019-08-14,52.9900016784668,42.60930633544922,17088900
2019-08-15,53.869998931884766,43.31690979003906,12393200
2019-08-16,54.40999984741211,43.75112533569336,14288700
2019-08-19,54.689998626708984,43.976280212402344,10936200
2019-08-20,53.880001068115234,43.324947357177734,8176700
2019-08-21,54.099998474121094,43.501853942871094,10886500
2019-08-22,54.4900016784668,43.815460205078125,7467900
2019-08-23,53.7400016784668,43.212379455566406,14160400
2019-08-26,54.540000915527344,43.85566711425781,9226900
2019-08-27,54.720001220703125,44.000396728515625,13537000
2019-08-28,55.11000061035156,44.313995361328125,10046400
2019-08-29,55.04999923706055,44.2657585144043,9262800
2019-08-30,55.040000915527344,44.257713317871094,8746700
2019-09-03,55.29999923706055,44.46677780151367,12991400
2019-09-04,55.77000045776367,44.84469985961914,10718100
2019-09-05,55.119998931884766,44.32202911376953,13677000
2019-09-06,55.22999954223633,44.41048812866211,9093500
2019-09-09,54.52000045776367,43.839576721191406,10814900
2019-09-10,54.400001525878906,43.74308395385742,12038200
2019-09-11,54.77000045776367,44.04060363769531,9740400
2019-09-12,55.11000061035156,44.313995361328125,12357900
2019-09-13,54.2599983215332,43.949501037597656,11486100
2019-09-16,53.959999084472656,43.70651626586914,11172000
2019-09-17,54.2400016784668,43.93330383300781,11347400
2019-09-18,54.22999954223633,43.925201416015625,9700400
2019-09-19,54.52000045776367,44.16009521484375,7560300
2019-09-20,53.90999984741211,43.666015625,19211500
2019-09-23,54.13999938964844,43.85231018066406,6485300
2019-09-24,54.29999923706055,43.981903076171875,10093000
2019-09-25,54.16999816894531,43.87661361694336,10248400
2019-09-26,54.38999938964844,44.054805755615234,10031200
2019-09-27,54.310001373291016,43.990013122558594,7939900
2019-09-30,54.439998626708984,44.095306396484375,9808700
2019-10-01,54.650001525878906,44.26539611816406,14261500
2019-10-02,53.08000183105469,42.99373245239258,14343600
2019-10-03,53.84000015258789,43.609317779541016,13817500
2019-10-04,54.540000915527344,44.17628860473633,9295400
2019-10-07,53.869998931884766,43.633609771728516,5964900
2019-10-08,53.58000183105469,43.398719787597656,13301900
2019-10-09,53.83000183105469,43.60122299194336,7135000
2019-10-10,53.65999984741211,43.46352005004883,8942900
2019-10-11,53.29999923706055,43.17192459106445,8981700
2019-10-14,53.29999923706055,43.17192459106445,7306300
2019-10-15,53.5099983215332,43.342037200927734,9564300
2019-10-16,53.4900016784668,43.3258171081543,10454800
2019-10-17,53.790000915527344,43.568817138671875,13190300
2019-10-18,54.779998779296875,44.37069320678711,18122400
2019-10-21,54.22999954223633,43.925201416015625,12778900
2019-10-22,53.849998474121094,43.617408752441406,9533400
2019-10-23,54.63999938964844,44.257301330566406,8556600
2019-10-24,54.61000061035156,44.23299789428711,11051400
2019-10-25,53.75,43.536415100097656,9782400
2019-10-28,53.56999969482422,43.390621185302734,8866100
2019-10-29,53.40999984741211,43.26102066040039,7999700
2019-10-30,53.939998626708984,43.69031524658203,8620900
2019-10-31,54.43000030517578,44.087196350097656,13982000
2019-11-01,53.900001525878906,43.65791320800781,9889500
2019-11-04,53.13999938964844,43.04232406616211,17515100
2019-11-05,52.41999816894531,42.459144592285156,19284000
2019-11-06,52.79999923706055,42.76694107055664,13288900
2019-11-07,52.290000915527344,42.353843688964844,11725500
2019-11-08,52.209999084472656,42.28905487060547,7141800
2019-11-11,51.84000015258789,41.989356994628906,8198300
2019-11-12,51.709999084472656,41.88406753540039,12656900
2019-11-13,52.40999984741211,42.45105743408203,12257900
2019-11-14,52.630001068115234,42.629234313964844,8660300
2019-11-15,52.66999816894531,42.66164016723633,8982400
2019-11-18,53.029998779296875,42.9532356262207,13782000
2019-11-19,53.08000183105469,42.99373245239258,12679500
2019-11-20,53.220001220703125,43.107120513916016,11970300
2019-11-21,52.959999084472656,42.89653015136719,7856100
2019-11-22,53.029998779296875,42.9532356262207,9113300
2019-11-25,53.220001220703125,43.107120513916016,10963500
2019-11-26,53.900001525878906,43.65791320800781,13219800
2019-11-27,53.95000076293945,43.69841384887695,9595200
2019-11-29,53.400001525878906,43.576011657714844,7222300
2019-12-02,53.75,43.86162567138672,13173800
2019-12-03,53.79999923706055,43.90242004394531,14498300
2019-12-04,54.290000915527344,44.30228042602539,13624000
2019-12-05,54.189998626708984,44.22068405151367,14068100
2019-12-06,54.41999816894531,44.408355712890625,7843500
2019-12-09,54.06999969482422,44.12275695800781,13887200
2019-12-10,53.77000045776367,43.87793731689453,8993900
2019-12-11,53.95000076293945,44.02483367919922,8879100
2019-12-12,54.13999938964844,44.17987060546875,11233300
2019-12-13,54.41999816894531,44.408355712890625,13072200
2019-12-16,54.41999816894531,44.408355712890625,9538100
2019-12-17,54.41999816894531,44.408355712890625,9230000
2019-12-18,53.90999984741211,43.992183685302734,15132100
2019-12-19,54.31999969482422,44.32675552368164,13385900
2019-12-20,54.970001220703125,44.857177734375,23832800
2019-12-23,54.90999984741211,44.80821228027344,9300800
2019-12-24,54.709999084472656,44.64501190185547,3359300
2019-12-26,55.02000045776367,44.89797592163086,6228500
2019-12-27,55.349998474121094,45.167274475097656,6895500
2019-12-30,55.27000045776367,45.10198974609375,6431700
2019-12-31,55.349998474121094,45.167274475097656,7982600
2020-01-02,54.9900016784668,44.87348937988281,11867700
2020-01-03,54.689998626708984,44.628692626953125,11354500
2020-01-06,54.66999816894531,44.612369537353516,14698300
2020-01-07,54.25,44.26963424682617,9973900
2020-01-08,54.349998474121094,44.35123825073242,10676000
2020-01-09,55.34000015258789,45.159122467041016,15398000
2020-01-10,55.529998779296875,45.31414794921875,13040100
2020-01-13,56.130001068115234,45.80377960205078,14302900
2020-01-14,56.0,45.69767761230469,16345300
2020-01-15,56.70000076293945,46.26891326904297,17735400
2020-01-16,56.81999969482422,46.3668327331543,10234100
2020-01-17,56.939998626708984,46.46475601196289,14264300
2020-01-21,57.16999816894531,46.65243148803711,11968900
2020-01-22,57.61000061035156,47.0114860534668,12869600
2020-01-23,57.83000183105469,47.19103240966797,12858900
2020-01-24,57.68000030517578,47.06861877441406,8594300
2020-01-27,57.47999954223633,46.90541458129883,14359900
2020-01-28,57.0099983215332,46.52187728881836,15240200
2020-01-29,57.0099983215332,46.52187728881836,13163600
2020-01-30,58.86000061035156,48.03152847290039,20225600
2020-01-31,58.400001525878906,47.656166076660156,17685200
2020-02-03,58.58000183105469,47.80305480957031,12333600
2020-02-04,58.84000015258789,48.01521682739258,15417900
2020-02-05,58.849998474121094,48.023372650146484,11414900
2020-02-06,58.9900016784668,48.13762283325195,9347000
2020-02-07,59.189998626708984,48.30081558227539,8757800
2020-02-10,59.75,48.75779724121094,7984900
2020-02-11,59.59000015258789,48.62723922729492,7431200
2020-02-12,59.40999984741211,48.48035430908203,9179100
2020-02-13,59.61000061035156,48.6435546875,8173200
2020-02-14,59.95000076293945,48.92100143432617,9965500
2020-02-18,59.529998779296875,48.57826614379883,10075700
2020-02-19,59.77000045776367,48.77411651611328,6265700
2020-02-20,59.720001220703125,48.73332977294922,7597200
2020-02-21,60.130001068115234,49.06789016723633,10842400
2020-02-24,58.650001525878906,47.86017608642578,14415500
2020-02-25,57.81999969482422,47.182865142822266,15915100
2020-02-26,57.599998474121094,47.00334167480469,15837800
2020-02-27,54.93000030517578,44.82453918457031,23754000
2020-02-28,53.4900016784668,43.649452209472656,40890600
2020-03-02,55.91999816894531,45.63240051269531,25698600
2020-03-03,56.060001373291016,45.74665451049805,27099200
2020-03-04,58.91999816894531,48.08050537109375,20526100
2020-03-05,56.7400016784668,46.30155563354492,17948500
2020-03-06,55.2599983215332,45.09382247924805,22353900
2020-03-09,51.86000061035156,42.31932830810547,27898300
2020-03-10,53.65999984741211,43.788177490234375,27457400
2020-03-11,52.209999084472656,42.60493469238281,22653900
2020-03-12,47.15999984741211,38.483978271484375,31913100
2020-03-13,48.470001220703125,39.899871826171875,33697200
2020-03-16,45.2599983215332,37.25741958618164,28682300
2020-03-17,47.18000030517578,38.837947845458984,32106700
2020-03-18,44.849998474121094,36.919921875,35408300
2020-03-19,41.83000183105469,34.43389892578125,41956900
2020-03-20,38.29999923706055,31.528051376342773,51513500
2020-03-23,37.560001373291016,30.918899536132812,44978500
2020-03-24,39.45000076293945,32.4747200012207,49096200
2020-03-25,41.61000061035156,34.2527961730957,42511700
2020-03-26,44.290000915527344,36.45895767211914,37821700
2020-03-27,42.810001373291016,35.240623474121094,23297900
2020-03-30,45.0,37.04341125488281,23446000
2020-03-31,44.25,36.42601776123047,25373900
2020-04-01,42.119998931884766,34.67262649536133,21936400
2020-04-02,43.95000076293945,36.179054260253906,17621900
2020-04-03,43.83000183105469,36.08027267456055,14207100
2020-04-06,46.66999816894531,38.418128967285156,22850000
2020-04-07,46.5099983215332,38.28641128540039,21279600
2020-04-08,47.81999969482422,39.36479568481445,18937100
2020-04-09,49.0,40.33616256713867,19165300
2020-04-13,46.93000030517578,38.63215255737305,19586000
2020-04-14,48.91999816894531,40.270301818847656,21801900
2020-04-15,47.61000061035156,39.191917419433594,12893200
2020-04-16,47.099998474121094,38.772098541259766,17606800
2020-04-17,48.060001373291016,39.56236267089844,19844600
2020-04-20,46.529998779296875,38.30287551879883,18957900
2020-04-21,45.380001068115234,37.35622024536133,26863700
2020-04-22,45.68000030517578,37.603172302246094,15811600
2020-04-23,45.06999969482422,37.10102844238281,17668200
2020-04-24,45.43000030517578,37.39738082885742,15175000
2020-04-27,46.779998779296875,38.50867462158203,19175500
2020-04-28,46.7400016784668,38.47575378417969,17246700
2020-04-29,47.119998931884766,38.7885627746582,15780000
2020-04-30,45.88999938964844,37.77603530883789,20801100
2020-05-01,45.599998474121094,37.53731918334961,14290400
2020-05-04,45.13999938964844,37.15864181518555,22544200
2020-05-05,45.400001525878906,37.372684478759766,13370500
2020-05-06,44.75,36.83760452270508,11892900
2020-05-07,44.599998474121094,36.714141845703125,16466000
2020-05-08,46.11000061035156,37.95714569091797,13985100
2020-05-11,45.540000915527344,37.48793411254883,10874600
2020-05-12,44.81999969482422,36.895233154296875,13424400
2020-05-13,43.939998626708984,36.17082214355469,15854800
2020-05-14,43.70000076293945,35.9732551574707,18000800
2020-05-15,43.2599983215332,35.61105728149414,31579400
2020-05-18,44.970001220703125,37.018714904785156,26118500
2020-05-19,44.540000915527344,36.66474151611328,17839900
2020-05-20,45.88999938964844,37.77603530883789,22295900
2020-05-21,45.16999816894531,37.183349609375,13193500
2020-05-22,45.029998779296875,37.068092346191406,13008400
2020-05-26,46.09000015258789,37.94068145751953,22223100
2020-05-27,46.72999954223633,38.46752166748047,18447600
2020-05-28,47.09000015258789,38.76386642456055,16230600
2020-05-29,46.68000030517578,38.426368713378906,51125000
2020-06-01,46.9900016784668,38.68154525756836,17010700
2020-06-02,46.900001525878906,38.60747146606445,15255100
2020-06-03,47.900001525878906,39.430641174316406,15508300
2020-06-04,47.91999816894531,39.44710922241211,13604700
2020-06-05,49.09000015258789,40.41024398803711,20504800
2020-06-08,49.849998474121094,41.03586196899414,19896700
2020-06-09,49.0,40.33616256713867,16713700
2020-06-10,48.619998931884766,40.02334213256836,15716600
2020-06-11,45.540000915527344,37.48793411254883,26070400
2020-06-12,45.599998474121094,37.87834548950195,21822700
2020-06-15,46.29999923706055,38.45980453491211,15622300
2020-06-16,46.77000045776367,38.850215911865234,18803500
2020-06-17,46.58000183105469,38.692405700683594,12602800
2020-06-18,46.9900016784668,39.032962799072266,9380800
2020-06-19,46.02000045776367,38.227210998535156,30464600
2020-06-22,45.7400016784668,37.994632720947266,20876200
2020-06-23,45.63999938964844,37.91156768798828,14675300
2020-06-24,44.650001525878906,37.08921432495117,17631800
2020-06-25,44.93000030517578,37.32179641723633,13829700
2020-06-26,43.56999969482422,36.192100524902344,21955100
2020-06-29,44.36000061035156,36.848323822021484,17603900
2020-06-30,44.68000030517578,37.11412811279297,23679800
2020-07-01,44.81999969482422,37.23041534423828,14316500
2020-07-02,44.880001068115234,37.2802619934082,15111900
2020-07-06,45.22999954223633,37.57099151611328,15146000
2020-07-07,45.209999084472656,37.55437088012695,13043600
2020-07-08,45.06999969482422,37.438079833984375,13851200
2020-07-09,43.90999984741211,36.47452163696289,16087100
2020-07-10,45.150001525878906,37.50454330444336,15627800
2020-07-13,45.25,37.587615966796875,16705300
2020-07-14,45.869998931884766,38.10261917114258,17080100
2020-07-15,46.400001525878906,38.542877197265625,23738000
2020-07-16,46.150001525878906,38.335205078125,13306100
2020-07-17,46.81999969482422,38.89175033569336,13899800
2020-07-20,46.119998931884766,38.31028366088867,16633200
2020-07-21,47.20000076293945,39.2074089050293,25681500
2020-07-22,48.47999954223633,40.27064895629883,29831200
2020-07-23,48.279998779296875,40.10451889038086,15935000
2020-07-24,48.4900016784668,40.278961181640625,16196800
2020-07-27,48.47999954223633,40.27064895629883,17346500
2020-07-28,48.18000030517578,40.02145767211914,13872700
2020-07-29,48.02000045776367,39.8885498046875,13758100
2020-07-30,47.689998626708984,39.61442565917969,17276500
2020-07-31,47.2400016784668,39.24062728881836,14849200
2020-08-03,46.29999923706055,38.45980453491211,14137500
2020-08-04,46.689998626708984,38.783775329589844,11717200
2020-08-05,47.220001220703125,39.22401809692383,10498700
2020-08-06,47.47999954223633,39.43999481201172,10745000
2020-08-07,47.79999923706055,39.70580291748047,11669700
2020-08-10,47.720001220703125,39.63935089111328,11888000
2020-08-11,47.93000030517578,39.81378936767578,16531600
2020-08-12,48.43000030517578,40.229122161865234,9562200
2020-08-13,48.380001068115234,40.18758773803711,9882900
2020-08-14,48.45000076293945,40.24573516845703,10075800
2020-08-17,48.209999084472656,40.046382904052734,9102400
2020-08-18,48.41999816894531,40.2208137512207,9829000
2020-08-19,47.369998931884766,39.34862518310547,17371000
2020-08-20,47.349998474121094,39.332008361816406,11308700
2020-08-21,47.279998779296875,39.273860931396484,14734100
2020-08-24,47.970001220703125,39.84701919555664,9257700
2020-08-25,47.90999984741211,39.79718780517578,7827800
2020-08-26,48.15999984741211,40.00484085083008,10124200
2020-08-27,48.22999954223633,40.062984466552734,10931600
2020-08-28,49.83000183105469,41.39206314086914,16420300
2020-08-31,49.529998779296875,41.14284896850586,18510800
2020-09-01,49.119998931884766,40.80227279663086,12588400
2020-09-02,51.189998626708984,42.521759033203125,26332600
2020-09-03,50.47999954223633,41.93198776245117,22289400
2020-09-04,51.040000915527344,42.39716720581055,21019500
2020-09-08,49.810001373291016,41.37544631958008,17776700
2020-09-09,50.189998626708984,41.691097259521484,15252300
2020-09-10,50.0,41.533260345458984,15439500
2020-09-11,51.060001373291016,42.41377258300781,18272300
2020-09-14,50.709999084472656,42.46401596069336,10911700
2020-09-15,51.04999923706055,42.74872589111328,12838400
2020-09-16,50.790000915527344,42.531005859375,15353900
2020-09-17,50.54999923706055,42.33002853393555,13287100
2020-09-18,50.45000076293945,42.24629592895508,23816600
2020-09-21,49.09000015258789,41.10743713378906,17514800
2020-09-22,49.65999984741211,41.584754943847656,13034600
2020-09-23,48.209999084472656,40.37054443359375,17121200
2020-09-24,48.70000076293945,40.78086853027344,16788100
2020-09-25,48.720001220703125,40.79761505126953,12603400
2020-09-28,49.279998779296875,41.26654815673828,11215700
2020-09-29,48.91999816894531,40.96508026123047,12426600
2020-09-30,49.369998931884766,41.341915130615234,15755900
2020-10-01,49.18000030517578,41.182804107666016,17577300
2020-10-02,49.36000061035156,41.33354187011719,13610100
2020-10-05,49.380001068115234,41.35028839111328,10628700
2020-10-06,48.939998626708984,40.98182678222656,10077400
2020-10-07,49.560001373291016,41.501014709472656,10135600
2020-10-08,50.459999084472656,42.254661560058594,12143900
2020-10-09,50.810001373291016,42.547752380371094,11407800
2020-10-12,51.09000015258789,42.7822265625,11386500
2020-10-13,50.220001220703125,42.05370330810547,14365300
2020-10-14,50.119998931884766,41.969970703125,10582100
2020-10-15,49.9900016784668,41.86111068725586,9961700
2020-10-16,50.029998779296875,41.894596099853516,13569800
2020-10-19,49.619998931884766,41.55126190185547,9930400
2020-10-20,50.25,42.07881164550781,10970700
2020-10-21,49.9900016784668,41.86111068725586,12517400
2020-10-22,50.68000030517578,42.43889236450195,20189200
2020-10-23,50.52000045776367,42.30491256713867,13491300
2020-10-26,49.79999923706055,41.701988220214844,14696400
2020-10-27,49.900001525878906,41.78572463989258,13892100
2020-10-28,47.959999084472656,40.16119384765625,19886200
2020-10-29,48.02000045776367,40.2114372253418,15369900
2020-10-30,48.060001373291016,40.244930267333984,15804000
2020-11-02,48.619998931884766,40.713863372802734,15156100
2020-11-03,49.349998474121094,41.325164794921875,15285100
2020-11-04,49.16999816894531,41.174434661865234,12930800
2020-11-05,49.439998626708984,41.40053176879883,12452400
2020-11-06,49.45000076293945,41.40890884399414,9294900
2020-11-09,52.56999969482422,44.02155303955078,33442000
2020-11-10,53.97999954223633,45.2022705078125,29706700
2020-11-11,53.58000183105469,44.86732482910156,17399900
2020-11-12,53.0099983215332,44.3900032043457,15024400
2020-11-13,53.45000076293945,44.75845718383789,12447900
2020-11-16,53.849998474121094,45.093421936035156,14908200
2020-11-17,53.68000030517578,44.951053619384766,14248400
2020-11-18,52.61000061035156,44.055049896240234,15278200
2020-11-19,53.130001068115234,44.49049377441406,17189500
2020-11-20,52.66999816894531,44.10529708862305,15645600
2020-11-23,52.68000030517578,44.11367416381836,13191900
2020-11-24,53.220001220703125,44.565860748291016,13827600
2020-11-25,52.93000030517578,44.32302474975586,10194800
2020-11-27,52.70000076293945,44.13042068481445,8499300
2020-11-30,51.599998474121094,43.548095703125,43203600
2020-12-01,52.040000915527344,43.91943359375,18968800
2020-12-02,52.11000061035156,43.978515625,14913100
2020-12-03,52.779998779296875,44.54396057128906,17318900
2020-12-04,53.849998474121094,45.44699478149414,18122400
2020-12-07,52.9900016784668,44.721187591552734,16210900
2020-12-08,53.18000030517578,44.88153839111328,12485800
2020-12-09,53.33000183105469,45.00813674926758,11508400
2020-12-10,53.04999923706055,44.77183151245117,12097300
2020-12-11,53.349998474121094,45.025020599365234,10638100
2020-12-14,53.27000045776367,44.95750045776367,22292000
2020-12-15,53.84000015258789,45.43854522705078,16193700
2020-12-16,53.060001373291016,44.78025817871094,15679600
2020-12-17,53.27000045776367,44.95750045776367,12677300
2020-12-18,53.7400016784668,45.354156494140625,35480100
2020-12-21,52.810001373291016,44.56927490234375,14926600
2020-12-22,52.7599983215332,44.52708053588867,9689500
2020-12-23,53.08000183105469,44.797149658203125,7040300
2020-12-24,53.439998626708984,45.100975036621094,3265500
2020-12-28,54.15999984741211,45.7086181640625,9020500
2020-12-29,54.130001068115234,45.68330764770508,8320600
2020-12-30,54.439998626708984,45.94491958618164,8142700
2020-12-31,54.84000015258789,46.28250503540039,8495000
2021-01-04,52.7599983215332,44.52708053588867,25611100
2021-01-05,52.18000030517578,44.0375862121582,20323800
2021-01-06,50.52000045776367,42.63662338256836,38724500
2021-01-07,49.959999084472656,42.16401290893555,53225700
2021-01-08,51.08000183105469,43.10923385620117,29674000
2021-01-11,50.20000076293945,42.366546630859375,19304400
2021-01-12,50.11000061035156,42.29059600830078,18538700
2021-01-13,50.15999984741211,42.33280563354492,18864100
2021-01-14,49.22999954223633,41.54792022705078,34303600
2021-01-15,48.70000076293945,41.10062789916992,24366800
2021-01-19,48.5099983215332,40.940277099609375,29114500
2021-01-20,48.68000030517578,41.0837287902832,23115800
2021-01-21,48.95000076293945,41.311614990234375,19702500
2021-01-22,48.4900016784668,40.92339324951172,15400300
2021-01-25,48.779998779296875,41.16812515258789,16604200
2021-01-26,49.290000915527344,41.598548889160156,12922600
2021-01-27,48.529998779296875,40.95714569091797,21242400
2021-01-28,49.150001525878906,41.48040771484375,17498900
2021-01-29,48.150001525878906,40.63645553588867,18670300
2021-02-01,48.47999954223633,40.91494369506836,12183600
2021-02-02,48.959999084472656,41.320045471191406,13319800
2021-02-03,48.77000045776367,41.15969467163086,12274100
2021-02-04,49.0099983215332,41.36225128173828,20597400
2021-02-05,49.650001525878906,41.902374267578125,12742000
2021-02-08,49.91999816894531,42.1302490234375,17833200
2021-02-09,49.70000076293945,41.94456481933594,14592900
2021-02-10,49.599998474121094,41.86016845703125,22965400
2021-02-11,50.29999923706055,42.45094299316406,21928600
2021-02-12,50.689998626708984,42.780094146728516,13137100
2021-02-16,50.27000045776367,42.42562484741211,15093400
2021-02-17,50.130001068115234,42.307472229003906,12794300
2021-02-18,50.77000045776367,42.84761047363281,12747100
2021-02-19,50.11000061035156,42.29059600830078,15968800
2021-02-22,50.630001068115234,42.72945022583008,14370900
2021-02-23,50.540000915527344,42.65349578857422,16222300
2021-02-24,50.709999084472656,42.79697036743164,14442000
2021-02-25,50.16999816894531,42.34123611450195,14211100
2021-02-26,48.9900016784668,41.34537124633789,23638400
2021-03-01,49.900001525878906,42.11336135864258,13901200
2021-03-02,50.099998474121094,42.28215026855469,11755100
2021-03-03,49.97999954223633,42.18088150024414,15410700
2021-03-04,49.939998626708984,42.147132873535156,22036400
2021-03-05,50.790000915527344,42.8644905090332,21310800
2021-03-08,51.63999938964844,43.581844329833984,25084900
2021-03-09,50.86000061035156,42.92355728149414,23082700
2021-03-10,51.439998626708984,43.413047790527344,21331600
2021-03-11,50.880001068115234,42.94044494628906,17417700
2021-03-12,50.36000061035156,42.855342864990234,17598600
2021-03-15,51.029998779296875,43.425498962402344,13411900
2021-03-16,51.220001220703125,43.587188720703125,14214200
2021-03-17,51.2400016784668,43.604209899902344,17502700
2021-03-18,50.56999969482422,43.0340576171875,18007300
2021-03-19,50.810001373291016,43.238285064697266,67845700
2021-03-22,51.0,43.39997482299805,17911400
2021-03-23,51.38999938964844,43.73185348510742,16936700
2021-03-24,51.52000045776367,43.84248733520508,14997400
2021-03-25,52.02000045776367,44.26796340942383,17091900
2021-03-26,53.040000915527344,45.13597869873047,17126700
2021-03-29,53.849998474121094,45.82526779174805,17514100
2021-03-30,53.150001525878906,45.22957992553711,14871800
2021-03-31,52.709999084472656,44.85514450073242,15826500
2021-04-01,52.5099983215332,44.6849479675293,15834700
2021-04-05,52.810001373291016,44.94024658203125,16368700
2021-04-06,53.189998626708984,45.26361846923828,15614300
2021-04-07,53.279998779296875,45.34020233154297,10062700
2021-04-08,53.119998931884766,45.20404052734375,9695600
2021-04-09,53.18000030517578,45.2551155090332,10828200
2021-04-12,53.349998474121094,45.39977264404297,8565300
2021-04-13,53.09000015258789,45.17852783203125,11071700
2021-04-14,53.08000183105469,45.170005798339844,9787600
2021-04-15,53.33000183105469,45.38275909423828,13078100
2021-04-16,53.68000030517578,45.680599212646484,17974100
2021-04-19,54.0,45.952911376953125,19352900
2021-04-20,54.16999816894531,46.09758377075195,14419200
2021-04-21,54.61000061035156,46.47201156616211,13866500
2021-04-22,54.439998626708984,46.32733917236328,12558900
2021-04-23,54.470001220703125,46.352874755859375,9020500
2021-04-26,53.65999984741211,45.6635856628418,11684600
2021-04-27,53.58000183105469,45.59550094604492,9852400
2021-04-28,53.59000015258789,45.60401153564453,10868100
2021-04-29,54.2599983215332,46.174163818359375,15391000
2021-04-30,53.97999954223633,45.93588638305664,14912600
2021-05-03,54.47999954223633,46.36137771606445,10417900
2021-05-04,54.13999938964844,46.07203674316406,14151000
2021-05-05,54.0,45.952911376953125,9665900
2021-05-06,54.540000915527344,46.41244125366211,11572700
2021-05-07,54.5099983215332,46.38690948486328,10637500
2021-05-10,54.90999984741211,46.72730255126953,15545800
2021-05-11,54.31999969482422,46.22522735595703,12986700
2021-05-12,54.040000915527344,45.98695755004883,15836500
2021-05-13,54.5099983215332,46.38690948486328,15475800
2021-05-14,54.72999954223633,46.574127197265625,11725300
2021-05-17,54.63999938964844,46.49753189086914,12119800
2021-05-18,54.34000015258789,46.24224090576172,13232500
2021-05-19,54.16999816894531,46.09758377075195,15126100
2021-05-20,54.650001525878906,46.50605392456055,10948400
2021-05-21,54.619998931884766,46.48051834106445,16033200
2021-05-24,54.79999923706055,46.633705139160156,10326100
2021-05-25,54.790000915527344,46.625179290771484,11916500
2021-05-26,55.029998779296875,46.82942199707031,16064300
2021-05-27,55.4900016784668,47.22087478637695,59109600
2021-05-28,55.290000915527344,47.050682067871094,17011600
2021-06-01,55.279998779296875,47.042171478271484,13304000
2021-06-02,55.5,47.22938919067383,11328500
2021-06-03,55.63999938964844,47.3485221862793,17364300
2021-06-04,56.2400016784668,47.85911178588867,18935100
2021-06-07,56.040000915527344,47.68891906738281,14010800
2021-06-08,55.650001525878906,47.35703659057617,10968300
2021-06-09,55.47999954223633,47.21236038208008,9838800
2021-06-10,55.90999984741211,47.57828903198242,12444400
2021-06-11,56.15999984741211,47.7910270690918,11825800
2021-06-14,55.54999923706055,47.62812423706055,9710800
2021-06-15,55.40999984741211,47.508094787597656,11154200
2021-06-16,54.66999816894531,46.87362289428711,15211700
2021-06-17,54.95000076293945,47.11369323730469,10658400
2021-06-18,53.77000045776367,46.101966857910156,31445600
2021-06-21,54.36000061035156,46.60783004760742,14404300
2021-06-22,54.560001373291016,46.7793083190918,13072800
2021-06-23,54.119998931884766,46.40205001831055,12339200
2021-06-24,54.38999938964844,46.633544921875,11488400
2021-06-25,54.31999969482422,46.57353591918945,18880300
2021-06-28,54.2599983215332,46.52208709716797,10556900
2021-06-29,53.86000061035156,46.17913055419922,12300900
2021-06-30,54.11000061035156,46.39348602294922,14614200
2021-07-01,53.959999084472656,46.26487350463867,13214700
2021-07-02,54.18000030517578,46.4534912109375,10604600
2021-07-06,53.880001068115234,46.196285247802734,15278200
2021-07-07,54.31999969482422,46.57353591918945,14377700
2021-07-08,54.130001068115234,46.41062545776367,11943900
2021-07-09,54.459999084472656,46.69356918334961,10847000
2021-07-12,54.47999954223633,46.71071243286133,15107600
2021-07-13,55.02000045776367,47.173709869384766,15170800
2021-07-14,56.2599983215332,48.236873626708984,22002700
2021-07-15,56.439998626708984,48.391197204589844,15068200
2021-07-16,56.400001525878906,48.35690689086914,14860500
2021-07-19,55.72999954223633,47.782447814941406,19527000
2021-07-20,55.83000183105469,47.868186950683594,16257900
2021-07-21,56.54999923706055,48.48550796508789,20918200
2021-07-22,56.470001220703125,48.416927337646484,13402700
2021-07-23,57.0099983215332,48.87990951538086,12144000
2021-07-26,57.060001373291016,48.922786712646484,8681100
2021-07-27,57.2599983215332,49.09426498413086,12794400
2021-07-28,56.7400016784668,48.64842224121094,9858000
2021-07-29,57.04999923706055,48.91421127319336,9599100
2021-07-30,57.029998779296875,48.89706039428711,11727000
2021-08-02,56.880001068115234,48.768455505371094,9778000
2021-08-03,56.91999816894531,48.80275344848633,8825500
2021-08-04,56.099998474121094,48.09968948364258,11888400
2021-08-05,56.5,48.442649841308594,9806800
2021-08-06,56.63999938964844,48.562686920166016,10409300
2021-08-09,56.650001525878906,48.57125473022461,8859900
2021-08-10,56.79999923706055,48.699867248535156,10906900
2021-08-11,56.72999954223633,48.63984680175781,8370700
2021-08-12,56.84000015258789,48.734161376953125,6169200
2021-08-13,57.22999954223633,49.06855392456055,7714200
2021-08-16,57.47999954223633,49.28288650512695,7972000
2021-08-17,57.279998779296875,49.11141586303711,10346400
2021-08-18,56.5,48.442649841308594,13873700
2021-08-19,56.86000061035156,48.751312255859375,9223700
2021-08-20,56.63999938964844,48.562686920166016,10543600
2021-08-23,56.439998626708984,48.391197204589844,8912800
2021-08-24,56.0099983215332,48.02252960205078,12067200
2021-08-25,56.06999969482422,48.0739631652832,11270700
2021-08-26,55.540000915527344,47.61954879760742,10331500
2021-08-27,55.650001525878906,47.713871002197266,8844100
2021-08-30,56.18000030517578,48.168277740478516,10034700
2021-08-31,56.310001373291016,48.279747009277344,14185700
2021-09-01,56.689998626708984,48.60554885864258,9518900
2021-09-02,56.77000045776367,48.67414855957031,11653200
2021-09-03,56.72999954223633,48.63984680175781,13220400
2021-09-07,55.66999816894531,47.73101043701172,20035300
2021-09-08,56.41999816894531,48.374061584472656,12040100
2021-09-09,55.86000061035156,47.8939208984375,12545400
2021-09-10,55.61000061035156,47.679569244384766,10573700
2021-09-13,56.06999969482422,48.0739631652832,20274300
2021-09-14,55.689998626708984,48.1085205078125,13918900
2021-09-15,55.880001068115234,48.27266311645508,15746000
2021-09-16,55.349998474121094,47.81481170654297,17430400
2021-09-17,54.439998626708984,47.0286865234375,33370200
2021-09-20,54.060001373291016,46.7004280090332,27542500
2021-09-21,54.04999923706055,46.69178009033203,16418200
2021-09-22,54.130001068115234,46.760902404785156,12719700
2021-09-23,54.040000915527344,46.68315124511719,13836200
2021-09-24,53.88999938964844,46.55356216430664,9682200
2021-09-27,53.61000061035156,46.31169128417969,12429500
2021-09-28,52.63999938964844,45.473751068115234,19926100
2021-09-29,52.959999084472656,45.750179290771484,13941500
2021-09-30,52.470001220703125,45.32688903808594,17672000
2021-10-01,53.02000045776367,45.80200958251953,16277400
2021-10-04,52.9900016784668,45.77610397338867,18973400
2021-10-05,53.08000183105469,45.85383605957031,17173100
2021-10-06,53.709999084472656,46.39807891845703,21284500
2021-10-07,53.880001068115234,46.5449333190918,13774400
2021-10-08,54.119998931884766,46.75225830078125,13786800
2021-10-11,54.22999954223633,46.84728240966797,12378500
2021-10-12,54.22999954223633,46.84728240966797,19474400
2021-10-13,54.2400016784668,46.85591506958008,12143300
2021-10-14,54.61000061035156,47.175559997558594,13704000
2021-10-15,54.47999954223633,47.06324768066406,17867000
2021-10-18,53.939998626708984,46.59675979614258,15861800
2021-10-19,54.150001525878906,46.77819061279297,11068500
2021-10-20,54.630001068115234,47.19282913208008,12474800
2021-10-21,54.349998474121094,46.9509391784668,14388300
2021-10-22,54.45000076293945,47.03733825683594,12828600
2021-10-25,54.22999954223633,46.84728240966797,11855000
2021-10-26,54.470001220703125,47.05461502075195,12086700
2021-10-27,55.52000045776367,47.961669921875,24019800
2021-10-28,56.040000915527344,48.41088104248047,15928000
2021-10-29,56.369998931884766,48.69594192504883,24463700
2021-11-01,56.16999816894531,48.52317428588867,11651100
2021-11-02,56.099998474121094,48.46269989013672,11498900
2021-11-03,56.290000915527344,48.62684631347656,10788300
2021-11-04,56.599998474121094,48.89463424682617,10820200
2021-11-05,56.84000015258789,49.10197067260742,12886700
2021-11-08,56.33000183105469,48.661399841308594,12828000
2021-11-09,56.4900016784668,48.799617767333984,10155800
2021-11-10,56.720001220703125,48.99830627441406,8813600
2021-11-11,56.7400016784668,49.015586853027344,7257700
2021-11-12,56.61000061035156,48.903282165527344,10162500
2021-11-15,56.619998931884766,48.91191482543945,10289200
2021-11-16,56.220001220703125,48.566375732421875,13756500
2021-11-17,55.90999984741211,48.2985725402832,13288700
2021-11-18,55.40999984741211,47.86664962768555,15380100
2021-11-19,55.130001068115234,47.624755859375,15813700
2021-11-22,55.470001220703125,47.91847229003906,16905600
2021-11-23,55.880001068115234,48.27266311645508,13835900
2021-11-24,55.43000030517578,47.8839225769043,12598900
2021-11-26,53.72999954223633,46.415348052978516,14754300
2021-11-29,54.58000183105469,47.14964294433594,22712500
2021-11-30,52.45000076293945,45.660980224609375,30485200
2021-12-01,52.29999923706055,45.53038024902344,18719600
2021-12-02,53.06999969482422,46.200721740722656,17074200
2021-12-03,53.540000915527344,46.60988998413086,21064400
2021-12-06,54.90999984741211,47.80256271362305,26624100
2021-12-07,55.209999084472656,48.06372833251953,23832700
2021-12-08,55.0,47.88090896606445,18026300
2021-12-09,54.86000061035156,47.759029388427734,13846400
2021-12-10,56.279998779296875,48.9952278137207,23153600
2021-12-13,57.7599983215332,50.283653259277344,31362800
2021-12-14,57.79999923706055,50.318477630615234,24806600
2021-12-15,58.060001373291016,50.54482650756836,24923800
2021-12-16,58.650001525878906,51.05846405029297,24696900
2021-12-17,57.72999954223633,50.257537841796875,51874400
2021-12-20,57.540000915527344,50.09213638305664,20879500
2021-12-21,57.77000045776367,50.292362213134766,15864900
2021-12-22,58.18000030517578,50.649295806884766,12447400
2021-12-23,58.220001220703125,50.684120178222656,11027300
2021-12-27,58.650001525878906,51.05846405029297,9860000
2021-12-28,58.880001068115234,51.25869369506836,8979900
2021-12-29,58.95000076293945,51.31962966918945,9996000
2021-12-30,58.779998779296875,51.17162322998047,7703900
2021-12-31,59.209999084472656,51.54597473144531,10021300
2022-01-03,59.29999923706055,51.62432861328125,20187300
2022-01-04,60.290000915527344,52.486183166503906,26141600
2022-01-05,60.790000915527344,52.92145919799805,22507300
2022-01-06,60.470001220703125,52.642887115478516,17902300
2022-01-07,60.33000183105469,52.520999908447266,12307900
2022-01-10,60.43000030517578,52.60807418823242,20954300
2022-01-11,60.45000076293945,52.6254768371582,19369600
2022-01-12,60.540000915527344,52.70381546020508,15753800
2022-01-13,60.900001525878906,53.01723098754883,14318000
2022-01-14,61.38999938964844,53.44380187988281,19729600
2022-01-18,60.900001525878906,53.01723098754883,21976700
2022-01-19,61.0,53.104286193847656,18654700
2022-01-20,60.75,52.88664245605469,23002400
2022-01-21,60.45000076293945,52.6254768371582,26643200
2022-01-24,59.959999084472656,52.19889450073242,30185100
2022-01-25,59.81999969482422,52.077022552490234,19027100
2022-01-26,59.599998474121094,51.885494232177734,19190200
2022-01-27,59.650001525878906,51.92902374267578,18893800
2022-01-28,60.84000015258789,52.96499252319336,19101500
2022-01-31,61.0099983215332,53.11298751831055,22045300
2022-02-01,60.560001373291016,52.72123718261719,20841700
2022-02-02,61.18000030517578,53.260982513427734,20225600
2022-02-03,61.61000061035156,53.63532638549805,19440500
2022-02-04,60.959999084472656,53.0694580078125,17403700
2022-02-07,61.599998474121094,53.62662124633789,17846400
2022-02-08,62.0,53.9748420715332,18771700
2022-02-09,61.040000915527344,53.139095306396484,23595600
2022-02-10,61.380001068115234,53.43508529663086,23561500
2022-02-11,60.290000915527344,52.486183166503906,22781400
2022-02-14,60.68000030517578,52.82569885253906,23641300
2022-02-15,60.90999984741211,53.02593231201172,13408700
2022-02-16,60.900001525878906,53.01723098754883,15484700
2022-02-17,62.119998931884766,54.07931137084961,21468700
2022-02-18,62.540000915527344,54.4449462890625,21975000
2022-02-22,62.279998779296875,54.21860122680664,21731400
2022-02-23,61.59000015258789,53.61790466308594,19248500
2022-02-24,60.5099983215332,52.67770767211914,27207400
2022-02-25,62.849998474121094,54.71482467651367,21487800
2022-02-28,62.2400016784668,54.18378448486328,25879100
2022-03-01,61.970001220703125,53.9487190246582,15871100
2022-03-02,62.43000030517578,54.349185943603516,17319100
2022-03-03,62.470001220703125,54.384010314941406,21262800
2022-03-04,62.56999969482422,54.471065521240234,17163000
2022-03-07,61.08000183105469,53.173927307128906,29151400
2022-03-08,58.65999984741211,51.067161560058594,30242100
2022-03-09,58.959999084472656,51.328338623046875,23022700
2022-03-10,57.880001068115234,50.38813018798828,20887300
2022-03-11,57.91999816894531,50.422950744628906,19855600
2022-03-14,58.540000915527344,51.352806091308594,17799400
2022-03-15,59.619998931884766,52.30021286010742,18607200
2022-03-16,59.459999084472656,52.15985870361328,17347300
2022-03-17,60.09000015258789,52.71250915527344,15586200
2022-03-18,60.099998474121094,52.721275329589844,30197800
2022-03-21,60.58000183105469,53.14234924316406,17440100
2022-03-22,60.79999923706055,53.33534622192383,17559500
2022-03-23,60.400001525878906,52.98445510864258,15529200
2022-03-24,60.97999954223633,53.49324417114258,13151300
2022-03-25,61.529998779296875,53.975711822509766,12259800
2022-03-28,61.91999816894531,54.31782913208008,11485200
2022-03-29,62.15999984741211,54.52836990356445,14720600
2022-03-30,62.209999084472656,54.57223129272461,13641000
2022-03-31,62.0,54.38800811767578,16822900
2022-04-01,62.869998931884766,55.15119171142578,12644900
2022-04-04,62.540000915527344,54.86170959472656,11505800
2022-04-05,62.470001220703125,54.80031204223633,15721200
2022-04-06,63.099998474121094,55.352962493896484,19267400
2022-04-07,63.439998626708984,55.65121078491211,13960800
2022-04-08,63.83000183105469,55.99333572387695,12703500
2022-04-11,63.810001373291016,55.975799560546875,12720100
2022-04-12,64.55999755859375,56.63370895385742,18089900
2022-04-13,64.7300033569336,56.782840728759766,11883000
2022-04-14,65.0199966430664,57.03722381591797,16388400
2022-04-18,64.44000244140625,56.5284423828125,11679400
2022-04-19,65.06999969482422,57.081092834472656,11993800
2022-04-20,65.95999908447266,57.86182403564453,14827100
2022-04-21,66.20999908447266,58.08113479614258,15120400
2022-04-22,65.25,57.23899841308594,14902200
2022-04-25,65.94000244140625,57.84428024291992,25082000
2022-04-26,65.05000305175781,57.06355667114258,21982600
2022-04-27,65.55999755859375,57.51093292236328,16971000
2022-04-28,66.19000244140625,58.0635986328125,22010600
2022-04-29,64.61000061035156,56.67756271362305,20137100
2022-05-02,63.439998626708984,55.65121078491211,24970300
2022-05-03,63.08000183105469,55.335426330566406,21686300
2022-05-04,65.02999877929688,57.04600143432617,19780200
2022-05-05,64.51000213623047,56.58985137939453,20155200
2022-05-06,64.73999786376953,56.79160690307617,18984000
2022-05-09,64.61000061035156,56.67756271362305,20055300
2022-05-10,64.01000213623047,56.15122985839844,21322200
2022-05-11,64.30999755859375,56.414398193359375,19648400
2022-05-12,64.51000213623047,56.58985137939453,22574700
2022-05-13,65.72000122070312,57.65128707885742,16167000
2022-05-16,65.95999908447266,57.86182403564453,13223200
2022-05-17,65.77999877929688,57.703922271728516,21300600
2022-05-18,61.20000076293945,53.68622970581055,31437300
2022-05-19,60.0,52.63356018066406,31493900
2022-05-20,60.97999954223633,53.49324417114258,29133800
2022-05-23,62.86000061035156,55.14242172241211,19406900
2022-05-24,64.0199966430664,56.16000747680664,16154200
2022-05-25,64.06999969482422,56.20386505126953,15360500
2022-05-26,64.30000305175781,56.405635833740234,16159800
2022-05-27,64.68000030517578,56.73897933959961,17709000
2022-05-31,63.380001068115234,55.59858322143555,43159000
2022-06-01,63.06999969482422,55.32664108276367,15408300
2022-06-02,63.72999954223633,55.905609130859375,14586000
2022-06-03,62.970001220703125,55.238922119140625,13539900
2022-06-06,62.869998931884766,55.15119171142578,15112800
2022-06-07,63.25,55.48453903198242,17886300
2022-06-08,62.88999938964844,55.168739318847656,10211500
2022-06-09,61.79999923706055,54.212554931640625,13382200
2022-06-10,61.40999984741211,53.870460510253906,14967600
2022-06-13,61.34000015258789,53.80904006958008,23064200
2022-06-14,59.22999954223633,52.3334846496582,24620000
2022-06-15,59.66999816894531,52.72225570678711,19684700
2022-06-16,59.06999969482422,52.192115783691406,15053800
2022-06-17,59.43000030517578,52.51020050048828,34781900
2022-06-21,60.70000076293945,53.632328033447266,17705000
2022-06-22,61.150001525878906,54.02993392944336,15207100
2022-06-23,61.880001068115234,54.674930572509766,17190900
2022-06-24,63.040000915527344,55.69987106323242,18147100
2022-06-27,62.90999984741211,55.58500671386719,12142100
2022-06-28,62.279998779296875,55.02836608886719,13150100
2022-06-29,62.72999954223633,55.42596435546875,11795500
2022-06-30,62.90999984741211,55.58500671386719,15514200
2022-07-01,64.37999725341797,56.883846282958984,15143200
2022-07-05,63.279998779296875,55.91191864013672,15921200
2022-07-06,63.40999984741211,56.02677917480469,13450500
2022-07-07,62.90999984741211,55.58500671386719,14828400
2022-07-08,63.13999938964844,55.788230895996094,11311500
2022-07-11,62.939998626708984,55.61151123046875,12702100
2022-07-12,62.66999816894531,55.37294387817383,14731100
2022-07-13,62.380001068115234,55.11671447753906,13145300
2022-07-14,62.18000030517578,54.940006256103516,14433000
2022-07-15,62.5,55.222740173339844,21968400
2022-07-18,61.650001525878906,54.47171401977539,10780800
2022-07-19,62.529998779296875,55.24925231933594,10998200
2022-07-20,61.5,54.33917236328125,11010500
2022-07-21,61.36000061035156,54.21548843383789,11959600
2022-07-22,61.59000015258789,54.418697357177734,11644700
2022-07-25,62.189998626708984,54.94883728027344,14941700
2022-07-26,63.209999084472656,55.85007858276367,20118000
2022-07-27,63.0099983215332,55.67335891723633,12142900
2022-07-28,64.05999755859375,56.60110855102539,10837000
2022-07-29,64.16999816894531,56.69829177856445,13734200
2022-08-01,64.5199966430664,57.007545471191406,12831500
2022-08-02,63.63999938964844,56.23000717163086,15241900
2022-08-03,63.91999816894531,56.47739791870117,11317000
2022-08-04,63.66999816894531,56.25651168823242,11795600
2022-08-05,63.380001068115234,56.00027847290039,10445400
2022-08-08,62.970001220703125,55.63802719116211,9165200
2022-08-09,63.04999923706055,55.70870590209961,7910900
2022-08-10,63.650001525878906,56.23884963989258,8857300
2022-08-11,63.220001220703125,55.85891342163086,8507800
2022-08-12,63.70000076293945,56.283023834228516,9489300
2022-08-15,64.5,56.989871978759766,9863300
2022-08-16,65.02999877929688,57.458160400390625,9569600
2022-08-17,64.87999725341797,57.325626373291016,8144000
2022-08-18,65.22000122070312,57.626033782958984,6532000
2022-08-19,65.16999816894531,57.58186340332031,8921100
2022-08-22,64.19999694824219,56.72480010986328,9087900
2022-08-23,64.2699966430664,56.786651611328125,8443800
2022-08-24,64.36000061035156,56.866180419921875,6844700
2022-08-25,64.66999816894531,57.14007568359375,7913900
2022-08-26,63.11000061035156,55.761714935302734,10089500
2022-08-29,62.72999954223633,55.42596435546875,9115900
2022-08-30,62.150001525878906,54.91350555419922,8456800
2022-08-31,61.709999084472656,54.52473068237305,14633600
2022-09-01,62.0,54.78095626831055,14939700
2022-09-02,61.150001525878906,54.02993392944336,11809800
2022-09-06,61.18000030517578,54.05643844604492,12181800
2022-09-07,62.310001373291016,55.054874420166016,13290700
2022-09-08,62.119998931884766,54.886993408203125,17193500
2022-09-09,62.31999969482422,55.06370162963867,11855900
2022-09-12,62.5,55.222740173339844,13026900
2022-09-13,60.470001220703125,53.42910385131836,18532800
2022-09-14,60.790000915527344,53.711849212646484,12881600
2022-09-15,59.529998779296875,52.9820442199707,11451900
2022-09-16,59.540000915527344,52.990943908691406,20493500
2022-09-19,59.9900016784668,53.39145278930664,12596200
2022-09-20,59.900001525878906,53.31134796142578,11984600
2022-09-21,59.400001525878906,52.8663444519043,14165300
2022-09-22,59.2599983215332,52.74174499511719,11657600
2022-09-23,58.599998474121094,52.15433120727539,14824000
2022-09-26,57.869998931884766,51.5046272277832,18670100
2022-09-27,56.380001068115234,50.178524017333984,23829300
2022-09-28,56.97999954223633,50.712528228759766,21480100
2022-09-29,56.56999969482422,50.347625732421875,14570700
2022-09-30,56.02000045776367,49.85812759399414,16124600
2022-10-03,56.650001525878906,50.418827056884766,16277600
2022-10-04,56.779998779296875,50.53453063964844,18861400
2022-10-05,56.2400016784668,50.05392074584961,14324900
2022-10-06,55.029998779296875,48.97700881958008,17192800
2022-10-07,54.5099983215332,48.51421356201172,11479800
2022-10-10,54.38999938964844,48.407413482666016,10239100
2022-10-11,54.47999954223633,48.48752212524414,14303900
2022-10-12,55.13999938964844,49.07491683959961,18377400
2022-10-13,55.869998931884766,49.72462463378906,16220700
2022-10-14,54.97999954223633,48.93252182006836,15997900
2022-10-17,55.689998626708984,49.56441879272461,13721400
2022-10-18,56.439998626708984,50.23192596435547,11823100
2022-10-19,55.959999084472656,49.804725646972656,10182300
2022-10-20,55.08000183105469,49.02151870727539,16905100
2022-10-21,55.959999084472656,49.804725646972656,15034100
2022-10-24,57.56999969482422,51.237640380859375,17416700
2022-10-25,58.95000076293945,52.4658317565918,28829900
2022-10-26,59.38999938964844,52.85744094848633,15831400
2022-10-27,59.529998779296875,52.9820442199707,16026100
2022-10-28,60.7599983215332,54.076759338378906,12888900
2022-10-31,59.849998474121094,53.266845703125,14016400
2022-11-01,59.63999938964844,53.07994079589844,10659500
2022-11-02,58.810001373291016,52.341243743896484,14549200
2022-11-03,58.779998779296875,52.31452941894531,9194000
2022-11-04,59.2599983215332,52.74174499511719,9725900
2022-11-07,59.4900016784668,52.946441650390625,8849700
2022-11-08,59.599998474121094,53.044349670410156,10081600
2022-11-09,58.77000045776367,52.30564880371094,10115200
2022-11-10,60.880001068115234,54.18354797363281,16804800
2022-11-11,61.31999969482422,54.57515335083008,18972100
2022-11-14,60.72999954223633,54.050052642822266,16361000
2022-11-15,60.630001068115234,53.9610481262207,13295800
2022-11-16,60.52000045776367,53.8631477355957,14199500
2022-11-17,60.709999084472656,54.03224563598633,11212600
2022-11-18,61.13999938964844,54.414955139160156,10415600
2022-11-21,62.08000183105469,55.251564025878906,15399400
2022-11-22,62.349998474121094,55.491851806640625,12319600
2022-11-23,62.630001068115234,55.74106216430664,8990400
2022-11-25,62.689998626708984,55.794464111328125,5165500
2022-11-28,62.70000076293945,55.8033561706543,12267500
2022-11-29,62.47999954223633,55.60755920410156,10969600
2022-11-30,63.61000061035156,57.01477813720703,30433900
2022-12-01,63.790000915527344,57.176116943359375,12001400
2022-12-02,64.3499984741211,57.67805480957031,13643500
2022-12-05,63.470001220703125,56.88928985595703,9185100
2022-12-06,63.439998626708984,56.862403869628906,10099500
2022-12-07,63.540000915527344,56.9520378112793,12307600
2022-12-08,63.810001373291016,57.19404602050781,9946200
2022-12-09,63.13999938964844,56.593509674072266,13914900
2022-12-12,63.970001220703125,57.33744430541992,11647900
2022-12-13,63.9900016784668,57.35538101196289,17521600
2022-12-14,63.9900016784668,57.35538101196289,12826700
2022-12-15,63.11000061035156,56.566619873046875,12212300
2022-12-16,62.75,56.243934631347656,33631500
2022-12-19,62.84000015258789,56.32461166381836,10919700
2022-12-20,62.790000915527344,56.2797966003418,10286500
2022-12-21,63.79999923706055,57.185081481933594,10411300
2022-12-22,63.34000015258789,56.77277755737305,9666700
2022-12-23,63.81999969482422,57.2030029296875,6463300
2022-12-27,64.20999908447266,57.55257034301758,7320700
2022-12-28,63.56999969482422,56.97891616821289,7159400
2022-12-29,63.95000076293945,57.319522857666016,7169300
2022-12-30,63.61000061035156,57.01477813720703,7650200
2023-01-03,62.95000076293945,56.4232177734375,12180500
2023-01-04,62.91999816894531,56.39632034301758,13387900
2023-01-05,62.20000076293945,55.75096893310547,9814700
2023-01-06,63.400001525878906,56.82655334472656,9990000
2023-01-09,62.61000061035156,56.118465423583984,9442600
2023-01-10,62.130001068115234,55.688228607177734,10134600
2023-01-11,62.0099983215332,55.580665588378906,10823000
2023-01-12,61.209999084472656,54.86362075805664,13907300
2023-01-13,61.43000030517578,55.06081008911133,13986400
2023-01-17,61.68000030517578,55.284881591796875,18327800
2023-01-18,59.810001373291016,53.60877227783203,19679400
2023-01-19,59.720001220703125,53.52810287475586,14894500
2023-01-20,60.08000183105469,53.85077667236328,14237700
2023-01-23,60.22999954223633,53.985225677490234,12613400
2023-01-24,60.54999923706055,54.27204513549805,10103300
2023-01-25,60.93000030517578,54.61265182495117,11265800
2023-01-26,60.810001373291016,54.505096435546875,11884800
2023-01-27,60.4900016784668,54.21826171875,14087000
2023-01-30,60.63999938964844,54.35270690917969,15632000
2023-01-31,61.31999969482422,54.96221160888672,14344400
2023-02-01,61.33000183105469,54.97117233276367,12535400
2023-02-02,60.279998779296875,54.0300407409668,16947200
2023-02-03,59.83000183105469,53.62669372558594,15404400
2023-02-06,60.16999816894531,53.93144226074219,11330900
2023-02-07,60.06999969482422,53.84181213378906,14922700
2023-02-08,59.720001220703125,53.52810287475586,11012000
2023-02-09,59.619998931884766,53.43846130371094,12515300
2023-02-10,59.619998931884766,53.43846130371094,14420700
2023-02-13,60.599998474121094,54.31686019897461,16191800
2023-02-14,59.59000015258789,53.411582946777344,20505700
2023-02-15,59.59000015258789,53.411582946777344,13171400
2023-02-16,59.220001220703125,53.07993698120117,16538300
2023-02-17,60.119998931884766,53.886627197265625,16814700
2023-02-21,59.79999923706055,53.59981155395508,14278300
2023-02-22,59.97999954223633,53.761146545410156,12409600
2023-02-23,60.09000015258789,53.859737396240234,12222800
2023-02-24,59.84000015258789,53.63566207885742,9736200
2023-02-27,59.81999969482422,53.61772537231445,8849800
2023-02-28,59.5099983215332,53.33987808227539,16082200
2023-03-01,58.86000061035156,52.75727462768555,13275800
2023-03-02,59.720001220703125,53.52810287475586,11758300
2023-03-03,59.439998626708984,53.277137756347656,13101800
2023-03-06,60.36000061035156,54.101749420166016,16282700
2023-03-07,60.0099983215332,53.788028717041016,13961200
2023-03-08,60.040000915527344,53.81492233276367,10851600
2023-03-09,59.459999084472656,53.295066833496094,13900900
2023-03-10,59.209999084472656,53.07097625732422,13745800
2023-03-13,59.810001373291016,53.60877227783203,21956000
2023-03-14,60.029998779296875,53.80595779418945,19496900
2023-03-15,60.43000030517578,54.16448974609375,21089900
2023-03-16,60.29999923706055,54.462547302246094,15658300
2023-03-17,60.02000045776367,54.209651947021484,27351200
2023-03-20,60.599998474121094,54.733497619628906,12904100
2023-03-21,60.31999969482422,54.48059844970703,13716500
2023-03-22,60.04999923706055,54.23674392700195,10494200
2023-03-23,59.91999816894531,54.119327545166016,15479000
2023-03-24,60.900001525878906,55.004459381103516,12975600
2023-03-27,61.349998474121094,55.410888671875,12777400
2023-03-28,61.41999816894531,55.47411346435547,10925700
2023-03-29,61.86000061035156,55.87152099609375,9441000
2023-03-30,61.849998474121094,55.86248779296875,9870700
2023-03-31,62.029998779296875,56.02506637573242,14440900
2023-04-03,62.400001525878906,56.359249114990234,12300700
2023-04-04,62.209999084472656,56.18763732910156,11433400
2023-04-05,62.79999923706055,56.72052001953125,12789600
2023-04-06,62.84000015258789,56.756649017333984,9644200
2023-04-10,62.689998626708984,56.621177673339844,7952600
2023-04-11,62.58000183105469,56.521820068359375,9913000
2023-04-12,62.689998626708984,56.621177673339844,9593700
2023-04-13,63.150001525878906,57.03663635253906,9871400
2023-04-14,63.04999923706055,56.946319580078125,8946000
2023-04-17,63.459999084472656,57.31663513183594,9452400
2023-04-18,63.560001373291016,57.406951904296875,9035700
2023-04-19,63.68000030517578,57.51533889770508,9769500
2023-04-20,63.959999084472656,57.76823043823242,10706400
2023-04-21,64.05000305175781,57.84952163696289,12931100
2023-04-24,63.95000076293945,57.759193420410156,15532300
2023-04-25,63.849998474121094,57.66886520385742,12818900
2023-04-26,63.54999923706055,57.397918701171875,13179600
2023-04-27,63.68000030517578,57.51533889770508,13795800
2023-04-28,64.1500015258789,57.93983840942383,13687600
2023-05-01,64.30000305175781,58.0753173828125,9091500
2023-05-02,64.01000213623047,57.81338119506836,10948400
2023-05-03,63.650001525878906,57.48823928833008,11084600
2023-05-04,63.720001220703125,57.55146026611328,11938300
2023-05-05,64.0199966430664,57.822418212890625,9039000
2023-05-08,63.91999816894531,57.73208999633789,7240700
2023-05-09,63.38999938964844,57.2534065246582,9067700
2023-05-10,63.5,57.352752685546875,10134000
2023-05-11,63.86000061035156,57.67790985107422,9581500
2023-05-12,64.11000061035156,57.90370559692383,8740800
2023-05-15,63.939998626708984,57.750160217285156,8150000
2023-05-16,63.220001220703125,57.0998649597168,9129600
2023-05-17,63.150001525878906,57.03663635253906,11583000
2023-05-18,62.79999923706055,56.72052001953125,13595100
2023-05-19,62.83000183105469,56.747623443603516,14251400
2023-05-22,61.5099983215332,55.5554084777832,15055400
2023-05-23,61.400001525878906,55.4560546875,13932700
2023-05-24,60.880001068115234,54.986392974853516,11090100
2023-05-25,60.40999984741211,54.561893463134766,14463600
2023-05-26,60.2599983215332,54.42641067504883,12570300
2023-05-30,59.779998779296875,53.99287414550781,15634200
2023-05-31,59.65999984741211,53.88449478149414,59432200
2023-06-01,60.0,54.191585540771484,13402700
2023-06-02,61.15999984741211,55.23929214477539,15259800
2023-06-05,60.75,54.86898422241211,12915600
2023-06-06,60.310001373291016,54.47157669067383,10943500
2023-06-07,60.220001220703125,54.390281677246094,16817900
2023-06-08,60.369998931884766,54.52576446533203,15585900
2023-06-09,60.470001220703125,54.616085052490234,12581500
2023-06-12,60.209999084472656,54.381256103515625,14208900
2023-06-13,60.45000076293945,54.598026275634766,13397800
2023-06-14,60.86000061035156,54.96833038330078,14099700
2023-06-15,61.22999954223633,55.723690032958984,15271400
2023-06-16,61.66999816894531,56.124114990234375,26738000
2023-06-20,61.2599983215332,55.750999450683594,13971800
2023-06-21,61.43000030517578,55.90570831298828,13948700
2023-06-22,61.849998474121094,56.287933349609375,15193400
2023-06-23,61.20000076293945,55.696388244628906,25112100
2023-06-26,61.220001220703125,55.714595794677734,12856100
2023-06-27,61.09000015258789,55.59627914428711,9068500
2023-06-28,60.52000045776367,55.077537536621094,11173200
2023-06-29,60.02000045776367,54.62250900268555,17142300
2023-06-30,60.220001220703125,54.80451965332031,19739200
2023-07-03,60.58000183105469,55.13214874267578,9694500
2023-07-05,61.029998779296875,55.54167938232422,14716600
2023-07-06,60.560001373291016,55.11394500732422,12603900
2023-07-07,59.7599983215332,54.38588333129883,14574000
2023-07-10,59.310001373291016,53.97635269165039,15480600
2023-07-11,59.52000045776367,54.16746139526367,15967700
2023-07-12,59.84000015258789,54.45869445800781,14241300
2023-07-13,60.349998474121094,54.922821044921875,11269800
2023-07-14,60.900001525878906,55.423362731933594,11634200
2023-07-17,60.810001373291016,55.341468811035156,10014300
2023-07-18,60.56999969482422,55.12303924560547,11152900
2023-07-19,61.63999938964844,56.09681701660156,12936000
2023-07-20,62.38999938964844,56.77936935424805,11563000
2023-07-21,62.439998626708984,56.82487869262695,12815100
2023-07-24,62.459999084472656,56.843074798583984,10251100
2023-07-25,62.25,56.65196228027344,13422700
2023-07-26,63.04999923706055,57.38002014160156,17145500
2023-07-27,62.439998626708984,56.82487869262695,11517100
2023-07-28,62.47999954223633,56.861270904541016,9721800
2023-07-31,61.93000030517578,56.360740661621094,15577900
2023-08-01,61.77000045776367,56.21512985229492,9281600
2023-08-02,61.959999084472656,56.38804626464844,11059400
2023-08-03,61.63999938964844,56.09681701660156,8037400
2023-08-04,60.709999084472656,55.250450134277344,9359300
2023-08-07,61.189998626708984,55.68729019165039,6982600
2023-08-08,60.91999816894531,55.44157028198242,7956100
2023-08-09,61.060001373291016,55.56897735595703,7904100
2023-08-10,60.91999816894531,55.44157028198242,7870300
2023-08-11,61.16999816894531,55.66908264160156,8483900
2023-08-14,60.880001068115234,55.40516662597656,7176300
2023-08-15,60.470001220703125,55.032039642333984,7187400
2023-08-16,60.47999954223633,55.041133880615234,8372300
2023-08-17,60.61000061035156,55.159446716308594,12873500
2023-08-18,60.95000076293945,55.4688720703125,11083800
2023-08-21,60.43000030517578,54.99563217163086,8648500
2023-08-22,60.060001373291016,54.658905029296875,9411500
2023-08-23,60.27000045776367,54.85002517700195,7749500
2023-08-24,60.11000061035156,54.70441436767578,8955100
2023-08-25,60.38999938964844,54.95923614501953,7629200
2023-08-28,60.560001373291016,55.11394500732422,6254300
2023-08-29,60.5,55.05934143066406,8189600
2023-08-30,60.470001220703125,55.032039642333984,9447900
2023-08-31,59.83000183105469,54.4495849609375,14663500
2023-09-01,59.310001373291016,53.97635269165039,11262300
2023-09-05,58.81999969482422,53.53041076660156,12474600
2023-09-06,58.779998779296875,53.494014739990234,13923500
2023-09-07,58.33000183105469,53.08448791503906,17628600
2023-09-08,58.33000183105469,53.08448791503906,14312300
2023-09-11,58.880001068115234,53.58502197265625,14767400
2023-09-12,58.29999923706055,53.05717849731445,12292700
2023-09-13,58.439998626708984,53.18458938598633,12641400
2023-09-14,58.459999084472656,53.6248893737793,12311600
2023-09-15,57.939998626708984,53.14789962768555,55727500
2023-09-18,58.29999923706055,53.47812271118164,13617400
2023-09-19,58.18000030517578,53.36804962158203,11998900
2023-09-20,58.439998626708984,53.60654830932617,14766600
2023-09-21,57.540000915527344,52.780982971191406,15941800
2023-09-22,57.599998474121094,52.836021423339844,14644100
2023-09-25,57.0,52.285640716552734,12358800
2023-09-26,56.529998779296875,51.85451889038086,11194700
2023-09-27,55.95000076293945,51.32248306274414,13766300
2023-09-28,55.810001373291016,51.19406509399414,12484800
2023-09-29,55.97999954223633,51.350006103515625,12271600
2023-10-02,55.47999954223633,50.891357421875,11792500
2023-10-03,54.880001068115234,50.34098434448242,13604200
2023-10-04,55.040000915527344,50.48775100708008,12100500
2023-10-05,52.380001068115234,48.047760009765625,29878100
2023-10-06,53.13999938964844,48.74490737915039,30298900
2023-10-09,52.880001068115234,48.50640106201172,15704700
2023-10-10,54.029998779296875,49.56128692626953,20909700
2023-10-11,53.709999084472656,49.267757415771484,21138900
2023-10-12,52.810001373291016,48.442195892333984,19330400
2023-10-13,52.88999938964844,48.51557159423828,14494600
2023-10-16,53.43000030517578,49.01091384887695,12816800
2023-10-17,54.06999969482422,49.59798049926758,16457200
2023-10-18,54.04999923706055,49.579627990722656,12809500
2023-10-19,54.349998474121094,49.85481643676758,16202200
2023-10-20,54.56999969482422,50.05662536621094,15686400
2023-10-23,54.08000183105469,49.60715103149414,21212700
2023-10-24,55.63999938964844,51.038124084472656,25290800
2023-10-25,56.119998931884766,51.47842788696289,16701000
2023-10-26,55.779998779296875,51.16654586791992,16228400
2023-10-27,55.2400016784668,50.67121124267578,13626500
2023-10-30,56.150001525878906,51.50594711303711,15014300
2023-10-31,56.4900016784668,51.81781768798828,16639400
2023-11-01,56.439998626708984,51.7719612121582,14110800
2023-11-02,57.09000015258789,52.368194580078125,13087200
2023-11-03,56.7400016784668,52.04715347290039,13958700
2023-11-06,56.970001220703125,52.25812911987305,12673200
2023-11-07,57.18000030517578,52.45075607299805,10449300
2023-11-08,57.09000015258789,52.368194580078125,13744000
2023-11-09,56.65999984741211,51.97376251220703,12021100
2023-11-10,56.720001220703125,52.02880859375,11678900
2023-11-13,56.93000030517578,52.221435546875,12798200
2023-11-14,57.099998474121094,52.37736892700195,12697100
2023-11-15,57.209999084472656,52.478271484375,10201900
2023-11-16,57.150001525878906,52.423240661621094,16010400
2023-11-17,57.2599983215332,52.52413558959961,14475800
2023-11-20,57.400001525878906,52.65256118774414,13051000
2023-11-21,58.029998779296875,53.2304573059082,13891600
2023-11-22,58.41999816894531,53.588199615478516,11320600
2023-11-24,58.56999969482422,53.72579574584961,4816000
2023-11-27,58.459999084472656,53.6248893737793,16246500
2023-11-28,58.58000183105469,53.73497009277344,13739600
2023-11-29,58.22999954223633,53.413917541503906,11263600
2023-11-30,58.439998626708984,54.033390045166016,22727500
2023-12-01,58.63999938964844,54.21831130981445,15371200
2023-12-04,58.56999969482422,54.153587341308594,14942200
2023-12-05,58.65999984741211,54.23680114746094,11891500
2023-12-06,58.599998474121094,54.18132781982422,14868500
2023-12-07,58.7400016784668,54.31077194213867,11587900
2023-12-08,58.61000061035156,54.19057846069336,11178700
2023-12-11,59.040000915527344,54.58815383911133,14524800
2023-12-12,59.41999816894531,54.93949890136719,12899000
2023-12-13,59.93000030517578,55.411041259765625,16196800
2023-12-14,59.040000915527344,54.58815383911133,22478300
2023-12-15,58.599998474121094,54.18132781982422,65177400
2023-12-18,59.02000045776367,54.56966018676758,16717700
2023-12-19,58.83000183105469,54.39398193359375,14612200
2023-12-20,57.61000061035156,53.26597595214844,17701000
2023-12-21,57.9900016784668,53.61732482910156,11725100
2023-12-22,58.31999969482422,53.92243957519531,9029400
2023-12-26,58.560001373291016,54.14434814453125,6422500
2023-12-27,58.709999084472656,54.28303146362305,8560100
2023-12-28,58.75,54.320011138916016,8400100
2023-12-29,58.93000030517578,54.48643493652344,9244300
2024-01-02,59.81999969482422,55.30933380126953,16322600
2024-01-03,59.959999084472656,55.438777923583984,14830600
2024-01-04,59.7599983215332,55.25386047363281,12912900
2024-01-05,59.66999816894531,55.170650482177734,10412800
2024-01-08,60.11000061035156,55.57747268676758,11554600
2024-01-09,60.0,55.47575759887695,10493700
2024-01-10,60.20000076293945,55.660682678222656,12258000
2024-01-11,59.810001373291016,55.30009460449219,13754200
2024-01-12,60.38999938964844,55.83634948730469,13218000
2024-01-16,59.9900016784668,55.466514587402344,11826900
2024-01-17,59.9900016784668,55.466514587402344,8982100
2024-01-18,60.15999984741211,55.623695373535156,10397700
2024-01-19,59.83000183105469,55.31858444213867,14392600
2024-01-22,59.56999969482422,55.07818603515625,14314300
2024-01-23,59.849998474121094,55.337074279785156,14481600
2024-01-24,58.90999984741211,54.46795654296875,16370500
2024-01-25,59.15999984741211,54.69910430908203,14899700
2024-01-26,59.369998931884766,54.89326477050781,13025100
2024-01-29,59.72999954223633,55.22611618041992,14547100
2024-01-30,59.900001525878906,55.38330841064453,22061500
2024-01-31,59.4900016784668,55.00421905517578,22837000
2024-02-01,60.97999954223633,56.381866455078125,15870900
2024-02-02,60.540000915527344,55.97504425048828,17544900
2024-02-05,60.040000915527344,55.51274871826172,12759600
2024-02-06,59.939998626708984,55.4202880859375,12775200
2024-02-07,59.9900016784668,55.466514587402344,10259900
2024-02-08,59.83000183105469,55.31858444213867,12874800
2024-02-09,59.560001373291016,55.06893539428711,15235300
2024-02-12,59.70000076293945,55.19838333129883,13516800
2024-02-13,59.349998474121094,54.87477111816406,24195700
2024-02-14,59.290000915527344,54.819297790527344,15872500
2024-02-15,59.400001525878906,54.9210090637207,13695800
2024-02-16,59.38999938964844,54.911766052246094,13947100
2024-02-20,60.70000076293945,56.122982025146484,18339300
2024-02-21,61.2400016784668,56.62226486206055,14373000
2024-02-22,61.150001525878906,56.53904724121094,12982800
2024-02-23,61.20000076293945,56.58528137207031,13612900
2024-02-26,60.709999084472656,56.132225036621094,10336100
2024-02-27,60.34000015258789,55.790122985839844,9931100
2024-02-28,60.400001525878906,55.84560775756836,8076500
2024-02-29,60.02000045776367,55.4942512512207,18152700
2024-03-01,59.529998779296875,55.041194915771484,10927600
2024-03-04,59.810001373291016,55.30009460449219,10150200
2024-03-05,59.52000045776367,55.031951904296875,12310000
2024-03-06,59.54999923706055,55.0596923828125,12378800
2024-03-07,59.439998626708984,54.95798110961914,13686900
2024-03-08,59.52000045776367,55.031951904296875,13239000
2024-03-11,60.2400016784668,55.69765853881836,14114300
2024-03-12,60.5,55.93805694580078,12684600
2024-03-13,61.119998931884766,56.51131057739258,13909500
2024-03-14,60.5,56.385494232177734,13996600
2024-03-15,59.880001068115234,55.807655334472656,36849900
2024-03-18,60.130001068115234,56.04065704345703,15856700
2024-03-19,60.22999954223633,56.13385772705078,15030600
2024-03-20,60.75,56.61848831176758,15258800
2024-03-21,60.470001220703125,56.3575325012207,13067100
2024-03-22,60.4900016784668,56.37617492675781,11502800
2024-03-25,60.400001525878906,56.292293548583984,13144700
2024-03-26,60.540000915527344,56.42276382446289,13277400
2024-03-27,61.029998779296875,56.87944793701172,12551200
2024-03-28,61.18000030517578,57.019248962402344,13683500
2024-04-01,60.68000030517578,56.553253173828125,11668700
2024-04-02,60.150001525878906,56.05929946899414,13017300
2024-04-03,59.83000183105469,55.76105880737305,13672900
2024-04-04,59.29999923706055,55.2671012878418,14320700
2024-04-05,59.5099983215332,55.46281814575195,10157800
2024-04-08,59.27000045776367,55.2391471862793,10284500
2024-04-09,59.720001220703125,55.658538818359375,10779100
2024-04-10,58.91999816894531,54.91294479370117,11861900
2024-04-11,59.04999923706055,55.03409957885742,11109000
2024-04-12,58.279998779296875,54.316463470458984,12250900
2024-04-15,58.13999938964844,54.18598556518555,12425000
2024-04-16,58.060001373291016,54.11143493652344,11236800
2024-04-17,58.5099983215332,54.53082275390625,13805100
2024-04-18,58.90999984741211,54.903621673583984,11125900
2024-04-19,60.16999816894531,56.077938079833984,21207900
2024-04-22,60.54999923706055,56.432090759277344,15624500
2024-04-23,60.63999938964844,56.515968322753906,13689100
2024-04-24,61.54999923706055,57.36408233642578,19548300
2024-04-25,61.7400016784668,57.54115676879883,19048500
2024-04-26,61.7400016784668,57.54115676879883,10994300
2024-04-29,62.040000915527344,57.82076644897461,13409300
2024-04-30,61.77000045776367,57.56912612915039,19349200
2024-05-01,61.93000030517578,57.718238830566406,16729800
2024-05-02,61.9900016784668,57.774166107177734,10991300
2024-05-03,62.16999816894531,57.94190979003906,11628700
2024-05-06,62.349998474121094,58.109676361083984,9310700
2024-05-07,62.619998931884766,58.36130905151367,9807000
2024-05-08,62.849998474121094,58.5756721496582,10484400
2024-05-09,62.880001068115234,58.60363006591797,9113700
2024-05-10,63.2599983215332,58.95779037475586,8371700
2024-05-13,63.58000183105469,59.25603103637695,10137600
2024-05-14,63.099998474121094,58.80866622924805,10852200
2024-05-15,63.130001068115234,58.83662796020508,9838900
2024-05-16,63.31999969482422,59.01370620727539,10228000
2024-05-17,63.029998779296875,58.743431091308594,11539000
2024-05-20,62.56999969482422,58.314720153808594,11000900
2024-05-21,62.90999984741211,58.631595611572266,9796200
2024-05-22,63.0,58.71547317504883,7419400
2024-05-23,62.09000015258789,57.86735916137695,9834300
2024-05-24,62.0,57.783485412597656,8203100
2024-05-28,61.81999969482422,57.61571502685547,12347000
2024-05-29,61.70000076293945,57.503875732421875,11861800
2024-05-30,61.970001220703125,57.755523681640625,9433800
2024-05-31,62.93000030517578,58.65023422241211,19816600
2024-06-03,62.93000030517578,58.65023422241211,9369000
2024-06-04,63.939998626708984,59.59154510498047,11895600
2024-06-05,63.91999816894531,59.57290267944336,9632500
2024-06-06,64.1500015258789,59.78726577758789,8658500
2024-06-07,63.90999984741211,59.56358337402344,9523100
2024-06-10,63.59000015258789,59.265342712402344,15685300
2024-06-11,63.54999923706055,59.22806930541992,8396000
2024-06-12,62.880001068115234,58.60363006591797,9569600
2024-06-13,62.9900016784668,58.70615005493164,9668900
2024-06-14,62.54999923706055,58.748409271240234,8179200
2024-06-17,62.619998931884766,58.81415939331055,10532700
2024-06-18,62.630001068115234,58.82355499267578,10651700
2024-06-20,62.18000030517578,58.400901794433594,13306300
2024-06-21,62.77000045776367,58.955039978027344,28278100
2024-06-24,63.970001220703125,60.08211135864258,13212500
2024-06-25,63.84000015258789,59.96000289916992,10235300
2024-06-26,64.05000305175781,60.157249450683594,9402500
2024-06-27,63.90999984741211,60.0257568359375,8494100
2024-06-28,63.650001525878906,59.78156661987305,17358800
2024-07-01,63.279998779296875,59.43404769897461,10033400
2024-07-02,63.150001525878906,59.31195068359375,8878200
2024-07-03,63.33000183105469,59.481014251708984,9154200
2024-07-05,63.7599983215332,59.88488006591797,11735500
2024-07-08,62.959999084472656,59.13349533081055,11235100
2024-07-09,62.689998626708984,58.87990951538086,11657500
2024-07-10,62.83000183105469,59.01139831542969,11930400
2024-07-11,63.099998474121094,59.264984130859375,11431600
2024-07-12,63.70000076293945,59.828521728515625,9201500
2024-07-15,63.40999984741211,59.5561408996582,8207500
2024-07-16,64.2699966430664,60.36387634277344,9025100
2024-07-17,65.20999908447266,61.24674606323242,12508200
2024-07-18,65.19000244140625,61.227962493896484,11128200
2024-07-19,65.29000091552734,61.3218879699707,13775700
2024-07-22,64.7699966430664,60.83349609375,11794200
2024-07-23,64.95999908447266,61.011940002441406,11810300
2024-07-24,65.80999755859375,61.810279846191406,13244600
2024-07-25,66.06999969482422,62.054473876953125,16328600
2024-07-26,67.05000305175781,62.974937438964844,13530100
2024-07-29,66.83000183105469,62.7682991027832,12140200
2024-07-30,67.68000030517578,63.56663131713867,13258000
2024-07-31,66.73999786376953,62.683753967285156,15576800
2024-08-01,67.95999908447266,63.829612731933594,16495900
2024-08-02,69.33000183105469,65.11634826660156,22514800
2024-08-05,68.0999984741211,63.96110534667969,25484300
2024-08-06,68.05000305175781,63.914154052734375,12969100
2024-08-07,68.45999908447266,64.2992172241211,13365300
2024-08-08,68.7300033569336,64.55282592773438,15240900
2024-08-09,68.68000030517578,64.50585174560547,12080400
2024-08-12,68.16999816894531,64.02684783935547,11012300
2024-08-13,68.45999908447266,64.2992172241211,9877600
2024-08-14,68.58000183105469,64.41193389892578,14328000
2024-08-15,68.6500015258789,64.4776840209961,11285100
2024-08-16,69.18000030517578,64.9754638671875,12651200
2024-08-19,68.9800033569336,64.78762817382812,9843900
2024-08-20,69.37999725341797,65.16329956054688,11957400
2024-08-21,69.56999969482422,65.34176635742188,8792400
2024-08-22,69.33000183105469,65.11634826660156,12509200
2024-08-23,69.79000091552734,65.54840087890625,11834700
2024-08-26,70.83999633789062,66.53456115722656,12912200
2024-08-27,71.5,67.15446472167969,16988400
2024-08-28,71.75,67.38926696777344,13272600
2024-08-29,72.05000305175781,67.67102813720703,17201700
2024-08-30,72.47000122070312,68.06550598144531,18624200
2024-09-03,73.01000213623047,68.57268524169922,14755800
2024-09-04,72.55999755859375,68.1500473022461,18140800
2024-09-05,71.16999816894531,66.84451293945312,23866100
2024-09-06,71.13999938964844,66.81634521484375,17485700
2024-09-09,71.8499984741211,67.48318481445312,12939300
2024-09-10,71.55000305175781,67.20142364501953,10277600
2024-09-11,71.08000183105469,66.7599868774414,11418200
2024-09-12,71.2300033569336,66.90087127685547,12337800
2024-09-13,71.41000366210938,67.52973937988281,11073800
2024-09-16,72.0999984741211,68.18223571777344,10786500
2024-09-17,71.80000305175781,67.89854431152344,12974400
2024-09-18,71.75,67.85126495361328,10719700
2024-09-19,70.62000274658203,66.78266143798828,13635600
2024-09-20,71.63999938964844,67.74724578857422,48578500
2024-09-23,71.7300033569336,67.83235931396484,11613000
2024-09-24,71.33000183105469,67.45408630371094,13330600
2024-09-25,71.44999694824219,67.56757354736328,12329100
2024-09-26,71.4000015258789,67.52029418945312,10815200
2024-09-27,71.79000091552734,67.88908386230469,11175700
2024-09-30,71.86000061035156,67.95527648925781,18015300
2024-10-01,71.70999908447266,67.81343078613281,13294500
2024-10-02,71.01000213623047,67.15147399902344,11155500
2024-10-03,70.5199966430664,66.68809509277344,9374800
2024-10-04,70.16999816894531,66.35711669921875,12684800
2024-10-07,69.01000213623047,65.26016235351562,14512000
2024-10-08,69.18000030517578,65.42091369628906,13549700
2024-10-09,69.56999969482422,65.78972625732422,9037700
2024-10-10,69.25,65.48711395263672,8635200
2024-10-11,69.56999969482422,65.78972625732422,8786300
2024-10-14,70.33999633789062,66.51787567138672,7659300
2024-10-15,70.33999633789062,66.51787567138672,10358700
2024-10-16,70.56999969482422,66.73538208007812,7937300
2024-10-17,69.9000015258789,66.10179901123047,14674600
2024-10-18,70.44000244140625,66.6124496459961,15087500
2024-10-21,69.44999694824219,65.67623901367188,11981200
2024-10-22,69.44999694824219,65.67623901367188,18603300
2024-10-23,68.01000213623047,64.31448364257812,24655200
2024-10-24,67.30000305175781,63.64306640625,17568800
2024-10-25,66.91999816894531,63.28370666503906,11138100
2024-10-28,66.66999816894531,63.047298431396484,10761400
2024-10-29,65.55999755859375,61.99760818481445,16525900
2024-10-30,65.91999816894531,62.338050842285156,14177800
2024-10-31,65.30999755859375,61.76119613647461,13383700
2024-11-01,65.01000213623047,61.477500915527344,12163100
2024-11-04,65.11000061035156,61.57206726074219,10984500
2024-11-05,65.37000274658203,61.81794738769531,8780200
2024-11-06,63.70000076293945,60.23868179321289,22899300
2024-11-07,63.65999984741211,60.20085525512695,14856100
2024-11-08,63.91999816894531,60.44672775268555,14719300
2024-11-11,63.36000061035156,59.91715621948242,13980900
2024-11-12,63.20000076293945,59.765846252441406,15021000
2024-11-13,63.0,59.57672119140625,13177600
2024-11-14,62.54999923706055,59.15116500854492,15910800
2024-11-15,61.7400016784668,58.38518142700195,26284300
2024-11-18,61.86000061035156,58.49866485595703,16062100
2024-11-19,62.59000015258789,59.188995361328125,16254800
2024-11-20,62.9900016784668,59.5672607421875,18904900
2024-11-21,63.7599983215332,60.29542922973633,17292300
2024-11-22,63.91999816894531,60.44672775268555,19562200
2024-11-25,64.37999725341797,60.88172912597656,36805300
2024-11-26,64.55000305175781,61.04249954223633,14473300
2024-11-27,64.43000030517578,60.92900848388672,13263400
2024-11-29,64.08000183105469,61.057647705078125,10648400
2024-12-02,63.650001525878906,60.64793395996094,16500100
2024-12-03,63.52000045776367,60.5240592956543,24874500
2024-12-04,62.209999084472656,59.275848388671875,28137700
2024-12-05,62.91999816894531,59.95235824584961,21040400
2024-12-06,62.529998779296875,59.580753326416016,15581100
2024-12-09,62.599998474121094,59.6474494934082,22348300
2024-12-10,62.90999984741211,59.94282913208008,14949400
2024-12-11,62.63999938964844,59.68556594848633,32819000
2024-12-12,63.84000015258789,60.8289680480957,17542100
2024-12-13,63.119998931884766,60.14292526245117,13429000
2024-12-16,62.54999923706055,59.59980773925781,24559700
2024-12-17,63.400001525878906,60.409725189208984,21902400
2024-12-18,62.849998474121094,59.88566207885742,20946100
2024-12-19,62.45000076293945,59.50453186035156,21300600
2024-12-20,62.54999923706055,59.59980773925781,42458100
2024-12-23,62.380001068115234,59.43783187866211,13010800
2024-12-24,62.84000015258789,59.876136779785156,5019100
2024-12-26,62.56999969482422,59.61886978149414,7943800
2024-12-27,62.45000076293945,59.50453186035156,8542800
2024-12-30,62.029998779296875,59.10433578491211,8972200
2024-12-31,62.2599983215332,59.32349395751953,9256700
2025-01-02,61.84000015258789,58.923301696777344,12991000
2025-01-03,61.75,58.83753967285156,10403200
2025-01-06,60.810001373291016,57.94187927246094,17924200
2025-01-07,60.84000015258789,57.970462799072266,17799600
2025-01-08,61.709999084472656,58.7994270324707,14412400
2025-01-10,61.06999969482422,58.189613342285156,22425000
2025-01-13,61.650001525878906,58.74226379394531,18016200
2025-01-14,62.040000915527344,59.113868713378906,16658300
2025-01-15,61.77000045776367,58.856605529785156,16187200
2025-01-16,62.25,59.31396484375,12585500
2025-01-17,62.709999084472656,59.752262115478516,17948900
2025-01-21,62.41999816894531,59.4759407043457,19817100
2025-01-22,61.779998779296875,58.866127014160156,18191900
2025-01-23,61.529998779296875,58.6279182434082,16528400
2025-01-24,61.91999816894531,58.9995231628418,19244600
2025-01-27,63.869998931884766,60.8575553894043,20742900
2025-01-28,62.36000061035156,59.41877365112305,14956000
2025-01-29,62.83000183105469,59.86660385131836,11325600
2025-01-30,64.05000305175781,61.0290641784668,13201000
2025-01-31,63.47999954223633,60.485939025878906,12096800
2025-02-03,63.349998474121094,60.362083435058594,12067900
2025-02-04,62.66999816894531,59.714149475097656,15678000
2025-02-05,63.119998931884766,60.14292526245117,10686800
2025-02-06,63.36000061035156,60.371604919433594,13423400
2025-02-07,63.84000015258789,60.8289680480957,13184700
2025-02-10,64.55000305175781,61.5054817199707,16154300
2025-02-11,67.5999984741211,64.41162872314453,30589100
2025-02-12,68.70999908447266,65.46926879882812,26033800
2025-02-13,69.5,66.22201538085938,24393100
2025-02-14,68.87000274658203,65.6217269897461,20779100
2025-02-18,69.05000305175781,65.79324340820312,15569100
2025-02-19,70.06999969482422,66.76512908935547,16032300
2025-02-20,70.04000091552734,66.73654174804688,13398000
2025-02-21,71.3499984741211,67.9847640991211,21662300
2025-02-24,70.58999633789062,67.2605972290039,21418400
2025-02-25,71.48999786376953,68.11815643310547,21555600
2025-02-26,70.80000305175781,67.46070098876953,14531200
2025-02-27,70.87000274658203,67.52739715576172,16789500
2025-02-28,71.20999908447266,67.85135650634766,22167400
2025-03-03,72.31999969482422,68.90899658203125,21717600
2025-03-04,70.19000244140625,66.87947082519531,25411900
2025-03-05,70.08000183105469,66.77465057373047,23933600
2025-03-06,70.45999908447266,67.13671875,21694000
2025-03-07,71.43000030517578,68.06098175048828,28393300
2025-03-10,71.44999694824219,68.08003997802734,25251200
2025-03-11,71.04000091552734,67.68938446044922,28076400
2025-03-12,69.94000244140625,66.64126586914062,18923300
2025-03-13,69.62000274658203,66.33634948730469,15746600
2025-03-14,69.16000366210938,66.38434600830078,14205100
2025-03-17,70.12000274658203,67.30581665039062,15634800
2025-03-18,69.37999725341797,66.59550476074219,12657600
2025-03-19,69.27999877929688,66.49952697753906,14780000
2025-03-20,69.70999908447266,66.91226959228516,16295300
2025-03-21,68.66999816894531,65.91400146484375,47479500
2025-03-24,68.94999694824219,66.18276977539062,12575400
2025-03-25,68.80999755859375,66.04839324951172,12513900
2025-03-26,70.0199966430664,67.2098159790039,14478200
2025-03-27,70.73999786376953,67.90093231201172,11663400
2025-03-28,70.37000274658203,67.54579162597656,17412900
2025-03-31,71.62000274658203,68.74561309814453,24016900
2025-04-01,71.87000274658203,68.98558807373047,15309100
2025-04-02,71.33000183105469,68.46725463867188,14606500
2025-04-03,73.18000030517578,70.24300384521484,24959600
2025-04-04,69.93000030517578,67.12344360351562,26517300
2025-04-07,68.37000274658203,65.62606048583984,34258400
2025-04-08,68.41999816894531,65.6740493774414,22774400
2025-04-09,69.94999694824219,67.14263153076172,27918700
2025-04-10,70.76000213623047,67.92013549804688,22450200
2025-04-11,71.43000030517578,68.56324005126953,19988200
2025-04-14,72.44999694824219,69.54230499267578,13930200
2025-04-15,71.86000061035156,68.97598266601562,14965500
2025-04-16,71.68000030517578,68.80321502685547,15276200
2025-04-17,73.0,70.07022857666016,20754500
2025-04-21,72.7699966430664,69.84944915771484,16037200
2025-04-22,73.9000015258789,70.93411254882812,15613500
2025-04-23,73.30000305175781,70.35818481445312,16353900
2025-04-24,72.5199966430664,69.60948944091797,16893900
2025-04-25,71.91000366210938,69.02397918701172,16316000
2025-04-28,71.79000091552734,68.90878295898438,15997500
2025-04-29,72.3499984741211,69.44631958007812,16244100
2025-04-30,72.55000305175781,69.63829803466797,21074700
2025-05-01,71.29000091552734,68.42886352539062,18034200
2025-05-02,71.6500015258789,68.7744140625,12629600
2025-05-05,71.69999694824219,68.82240295410156,11932700
2025-05-06,71.72000122070312,68.84160614013672,12705500
2025-05-07,72.4000015258789,69.49430084228516,15018200
2025-05-08,71.16999816894531,68.31366729736328,14371100
2025-05-09,70.5199966430664,67.68975830078125,11228900
2025-05-12,69.52999877929688,66.73948669433594,21539000
2025-05-13,68.95999908447266,66.19237518310547,14389100
2025-05-14,69.16000366210938,66.38434600830078,16286800
2025-05-15,71.61000061035156,68.73601531982422,19817100
2025-05-16,72.0,69.11036682128906,18441200
2025-05-19,71.93000030517578,69.04317474365234,13282800
2025-05-20,71.69000244140625,68.81279754638672,12137800
2025-05-21,71.8499984741211,68.96638488769531,12094400
2025-05-22,71.13999938964844,68.28488159179688,11101800
2025-05-23,71.7699966430664,68.88959503173828,12822100
2025-05-27,71.77999877929688,68.89918518066406,10666100
2025-05-28,71.1500015258789,68.29447937011719,8710900
2025-05-29,71.48999786376953,68.62081909179688,10291100
2025-05-30,72.0999984741211,69.20635223388672,28019500
2025-06-02,72.0,69.11036682128906,10202700
2025-06-03,71.16000366210938,68.30408477783203,20139800
2025-06-04,71.37000274658203,68.50565338134766,13565900
2025-06-05,70.91000366210938,68.06411743164062,13531400
2025-06-06,71.3499984741211,68.4864501953125,9524000
2025-06-09,71.7699966430664,68.88959503173828,12281300
2025-06-10,72.3499984741211,69.44631958007812,12265000
2025-06-11,72.06999969482422,69.17755889892578,12718500
2025-06-12,72.23999786376953,69.34073638916016,12806900
2025-06-13,71.0199966430664,68.65438079833984,17467200
2025-06-16,70.5199966430664,68.17103576660156,15045900
2025-06-17,69.62000274658203,67.30101776123047,15437000
2025-06-18,69.20999908447266,66.90467071533203,16227600
2025-06-20,68.83999633789062,66.54698944091797,40859400
2025-06-23,69.73999786376953,67.4170150756836,21822800
2025-06-24,70.20999908447266,67.87136840820312,15216100
2025-06-25,69.62999725341797,67.3106689453125,12540400
2025-06-26,69.47000122070312,67.15602111816406,14454100
2025-06-27,70.33000183105469,67.98737335205078,23470700
2025-06-30,70.75,68.39337921142578,15429000
2025-07-01,71.66999816894531,69.28273010253906,21729300
2025-07-02,70.91000366210938,68.54805755615234,13050200
2025-07-03,71.3499984741211,68.973388671875,9440500
2025-07-07,71.01000213623047,68.64472198486328,16984700
2025-07-08,70.23999786376953,67.90036010742188,17115500
2025-07-09,69.4800033569336,67.16567993164062,33704100
2025-07-10,69.7699966430664,67.44601440429688,14608400
2025-07-11,69.87000274658203,67.54267883300781,12916700
2025-07-14,69.47000122070312,67.15602111816406,13983200
2025-07-15,69.36000061035156,67.0496826171875,12639800
2025-07-16,69.2699966430664,66.96266174316406,13178300
2025-07-17,70.58999633789062,68.23870849609375,20464700
2025-07-18,69.8499984741211,67.52335357666016,14928000
2025-07-21,70.06999969482422,67.73603057861328,17811700
2025-07-22,69.66000366210938,67.33968353271484,22339900
2025-07-23,69.16000366210938,66.85633087158203,21030000
2025-07-24,69.0999984741211,66.79833221435547,12511400
2025-07-25,69.16999816894531,66.86599731445312,12574800
2025-07-28,68.08999633789062,65.82196807861328,13668800
2025-07-29,69.37999725341797,67.0689926147461,16223400
2025-07-30,68.75,66.45999908447266,10448200
2025-07-31,67.88999938964844,65.6286392211914,17193400
2025-08-01,68.86000061035156,66.56633758544922,16107500
2025-08-04,68.95999908447266,66.66299438476562,10701500
2025-08-05,69.05000305175781,66.75000762939453,11993400
2025-08-06,69.51000213623047,67.19467163085938,10783000
2025-08-07,70.43000030517578,68.08403778076172,15790800
2025-08-08,70.33999633789062,67.99702453613281,9232700
2025-08-11,70.75,68.39337921142578,10909400
2025-08-12,70.70999908447266,68.35470581054688,11061100
2025-08-13,70.45999908447266,68.11302947998047,10356500
2025-08-14,69.55000305175781,67.23334503173828,10722400
2025-08-15,69.91999816894531,67.59101867675781,12381100
2025-08-18,69.12999725341797,66.82733917236328,14094900
2025-08-19,70.12999725341797,67.79402923583984,13862200
2025-08-20,70.69999694824219,68.34503936767578,17530800
2025-08-21,70.66000366210938,68.30638122558594,8840400
2025-08-22,70.12999725341797,67.79402923583984,12999600
2025-08-25,68.93000030517578,66.63400268554688,13634600
2025-08-26,68.7300033569336,66.44066619873047,17964200
2025-08-27,68.83000183105469,66.5373306274414,11562700
2025-08-28,68.36000061035156,66.08299255371094,16209900
2025-08-29,68.98999786376953,66.69200134277344,14601100
2025-09-02,69.05999755859375,66.75965881347656,24770100
2025-09-03,68.98999786376953,66.69200134277344,33581500
2025-09-04,68.25,65.97664642333984,16736000
2025-09-05,67.95999908447266,65.69629669189453,23978000
2025-09-08,67.43000030517578,65.1839599609375,21671700
2025-09-09,67.86000061035156,65.5996322631836,14120600
2025-09-10,67.81999969482422,65.56096649169922,16041900
2025-09-11,67.62000274658203,65.36763000488281,15128700
2025-09-12,67.01000213623047,64.77794647216797,18712400
2025-09-15,66.20999908447266,64.49546813964844,15986100
2025-09-16,66.23999786376953,64.52468872070312,18555900
2025-09-17,67.04000091552734,65.30397033691406,17372300
2025-09-18,66.45999908447266,64.7389907836914,17722900
2025-09-19,66.43000030517578,64.70976257324219,31192900
2025-09-22,66.20999908447266,64.49546813964844,13298700
2025-09-23,66.70999908447266,64.98251342773438,15072800
2025-09-24,66.44999694824219,64.729248046875,14759300
2025-09-25,65.9800033569336,64.27142333984375,14395000
2025-09-26,65.66999816894531,63.969444274902344,17821600
2025-09-29,66.04000091552734,64.32986450195312,14818500
2025-09-30,66.31999969482422,64.60261535644531,13815000
2025-10-01,66.77999877929688,65.05069732666016,14877500
2025-10-02,66.0999984741211,64.3883056640625,14350700
2025-10-03,66.6500015258789,64.92406463623047,12249200
2025-10-06,66.0999984741211,64.3883056640625,14333300
2025-10-07,66.79000091552734,65.06044006347656,13328300
2025-10-08,66.12000274658203,64.40779113769531,12606700
2025-10-09,66.37000274658203,64.65132141113281,12705200
2025-10-10,67.04000091552734,65.30397033691406,17991700
2025-10-13,66.80000305175781,65.0701904296875,13690000
2025-10-14,67.51000213623047,65.76180267333984,14245600
2025-10-15,67.08000183105469,65.34293365478516,11193700
2025-10-16,67.58999633789062,65.83971405029297,15707200
2025-10-17,68.44000244140625,66.66771697998047,15541800
2025-10-20,68.44000244140625,66.66771697998047,17786800
2025-10-21,71.22000122070312,69.37572479248047,33651300
2025-10-22,70.80999755859375,68.9763412475586,18293000
2025-10-23,69.94000244140625,68.1288833618164,13989400
2025-10-24,69.70999908447266,67.90483093261719,15688200
2025-10-27,70.05999755859375,68.24576568603516,13800000
2025-10-28,70.16000366210938,68.34317779541016,12730500
2025-10-29,68.3499984741211,66.58003997802734,19789600
2025-10-30,68.9800033569336,67.19373321533203,14751700
2025-10-31,68.9000015258789,67.11579895019531,16742700
2025-11-03,67.97000122070312,66.20988464355469,15660400
2025-11-04,68.66000366210938,66.88201904296875,12743800
2025-11-05,68.51000213623047,66.73590087890625,12850100
2025-11-06,69.05999755859375,67.27165222167969,15906700
2025-11-07,70.55000305175781,68.72308349609375,25108300
2025-11-10,70.5199966430664,68.69384765625,15318000
2025-11-11,71.61000061035156,69.75562286376953,16160200
2025-11-12,71.51000213623047,69.65821838378906,13612600
2025-11-13,71.06999969482422,69.22960662841797,14002800
2025-11-14,71.16000366210938,69.3172836303711,13172000
2025-11-17,70.68000030517578,68.8497085571289,14772300
2025-11-18,71.22000122070312,69.37572479248047,12838900
2025-11-19,71.11000061035156,69.26856994628906,12401500
2025-11-20,71.20999908447266,69.36598205566406,15396500
2025-11-21,72.94999694824219,71.06092834472656,26492500
2025-11-24,72.58999633789062,70.71024322509766,39818600
2025-11-25,72.61000061035156,70.72974395751953,17451200
2025-11-26,72.87999725341797,70.99273681640625,11795100
2025-11-28,73.12000274658203,71.22652435302734,7423000
2025-12-01,71.94999694824219,70.57909393310547,14388100
2025-12-02,70.66999816894531,69.323486328125,19871300
2025-12-03,70.80999755859375,69.4608154296875,17001700
2025-12-04,70.44999694824219,69.10767364501953,17710000
2025-12-05,70.0,68.66624450683594,13978200
2025-12-08,70.25,68.91149139404297,17775100
2025-12-09,70.08999633789062,68.75452423095703,13010600
2025-12-10,70.20999908447266,68.87225341796875,29789400
2025-12-11,69.11000061035156,67.79320526123047,23124200
2025-12-12,70.5199966430664,69.17634582519531,18444500
2025-12-15,70.97000122070312,69.6177749633789,18660100
2025-12-16,70.37000274658203,69.02920532226562,17370000
2025-12-17,70.66999816894531,69.323486328125,13672700
2025-12-18,70.36000061035156,69.0193862915039,15524800
2025-12-19,70.05999755859375,68.72510528564453,36911100
2025-12-22,70.20999908447266,68.87225341796875,12828500
2025-12-23,69.87000274658203,68.53872680664062,9471000
2025-12-24,70.11000061035156,68.77416229248047,4515300
2025-12-26,69.87000274658203,68.53872680664062,5711400
2025-12-29,70.16000366210938,68.82321166992188,9686900
2025-12-30,70.06999969482422,68.73491668701172,8610900
2025-12-31,69.91000366210938,68.57797241210938,8127800
2026-01-02,69.12000274658203,67.80302429199219,12151300
2026-01-05,67.94000244140625,66.64550018310547,21186600
2026-01-06,67.83999633789062,66.54740142822266,21019900
2026-01-07,67.54000091552734,66.25312805175781,20223400
2026-01-08,69.37000274658203,68.04826354980469,19237000
2026-01-09,70.51000213623047,69.16653442382812,19638600
2026-01-12,70.5,69.15673065185547,20582500
2026-01-13,71.23999786376953,69.88262939453125,18324800
2026-01-14,71.44000244140625,70.07881927490234,16739100
2026-01-15,70.4800033569336,69.1371078491211,15464100
2026-01-16,70.44000244140625,69.09786987304688,20027500
2026-01-20,71.75,70.3829116821289,22152200
2026-01-21,72.01000213623047,70.63795471191406,21660600
2026-01-22,71.87000274658203,70.50062561035156,13962800
2026-01-23,72.87999725341797,71.49137878417969,18307100
2026-01-26,72.55999755859375,71.17747497558594,14017400
2026-01-27,73.55000305175781,72.14861297607422,13239200
2026-01-28,73.05999755859375,71.6679458618164,14633700
2026-01-29,73.43000030517578,72.03089904785156,20862100
2026-01-30,74.80999755859375,73.38460540771484,26420500
2026-02-02,75.33000183105469,73.89469909667969,19301500
2026-02-03,76.88999938964844,75.42497253417969,27007100
2026-02-04,77.3499984741211,75.87620544433594,28607300
2026-02-05,78.51000213623047,77.01410675048828,21633500
2026-02-06,79.02999877929688,77.52420043945312,18512400
2026-02-09,77.97000122070312,76.4843978881836,23415600
2026-02-10,76.80999755859375,75.34649658203125,28848200
2026-02-11,78.5999984741211,77.10238647460938,22649700
2026-02-12,79.0,77.4947738647461,26043500
2026-02-13,78.68000030517578,77.18087005615234,16711900
2026-02-17,79.55999755859375,78.04409790039062,16260200
2026-02-18,79.48999786376953,77.97543334960938,16304900
2026-02-19,78.91000366210938,77.40648651123047,14924700
2026-02-20,79.83999633789062,78.31876373291016,17175100
2026-02-23,80.55999755859375,79.0250473022461,17157700
2026-02-24,80.72000122070312,79.1820068359375,16448500
2026-02-25,80.47000122070312,78.936767578125,18086900
2026-02-26,80.5,78.96619415283203,12843200
2026-02-27,81.55999755859375,80.0059814453125,28483500
2026-03-02,80.22000122070312,78.69152069091797,18137200
2026-03-03,79.33999633789062,77.82829284667969,20549300
2026-03-04,78.0999984741211,76.61192321777344,21011800
2026-03-05,77.02999877929688,75.56230163574219,23165700
2026-03-06,77.04000091552734,75.57211303710938,15516000
2026-03-09,77.80000305175781,76.31763458251953,18554100
2026-03-10,77.87999725341797,76.39611053466797,17243900
2026-03-11,77.62999725341797,76.15087890625,11546800
2026-03-12,77.61000061035156,76.13125610351562,16842200
2026-03-13,77.33999633789062,76.38805389404297,11974500
2026-03-16,77.81999969482422,76.86214447021484,11761200
2026-03-17,77.58000183105469,76.62510681152344,14900100
2026-03-18,75.97000122070312,75.034912109375,13134600
2026-03-19,75.55000305175781,74.6200942993164,13023300
2026-03-20,74.75,73.8299331665039,33298700
2026-03-23,75.11000061035156,74.18550872802734,15054900
2026-03-24,74.66999816894531,73.75092315673828,15653700
2026-03-25,75.25,74.32378387451172,14787900
2026-03-26,74.69000244140625,73.77067565917969,11202100
2026-03-27,75.70999908447266,74.77811431884766,17461000
2026-03-30,76.2699966430664,75.33122253417969,18502800
2026-03-31,76.05000305175781,75.11393737792969,18301800
2026-04-01,76.08000183105469,75.14356231689453,15834300
2026-04-02,76.72000122070312,75.77568817138672,14573400
2026-04-06,77.22000122070312,76.26953125,8259900
2026-04-07,75.91000366210938,74.97566223144531,12769200
2026-04-08,77.29000091552734,76.33867645263672,12331300
2026-04-09,78.18000030517578,77.21771240234375,14311000
2026-04-10,77.47000122070312,76.5164566040039,11081400
2026-04-13,76.41000366210938,75.46951293945312,12696200
2026-04-14,75.9000015258789,74.96577453613281,12397600
2026-04-15,75.30999755859375,74.3830337524414,16212100
2026-04-16,75.18000030517578,74.25464630126953,11501900
2026-04-17,75.73999786376953,74.80774688720703,15033900
2026-04-20,75.4800033569336,74.55094909667969,10141800
2026-04-21,74.69999694824219,73.7805404663086,11806900
2026-04-22,74.62999725341797,73.71141052246094,9352300
2026-04-23,76.27999877929688,75.34110260009766,12060300
2026-04-24,76.62999725341797,75.68679809570312,12008700
2026-04-27,75.44000244140625,74.51144409179688,15812200
2026-04-28,78.3499984741211,77.3856201171875,30710700
2026-04-29,78.87000274658203,77.89922332763672,18294700
2026-04-30,78.76000213623047,77.79058074951172,15142200
2026-05-01,78.58000183105469,77.61279296875,12610400
2026-05-04,78.19000244140625,77.22759246826172,12672400
2026-05-05,78.4800033569336,77.51402282714844,11637500
2026-05-06,79.2300033569336,78.25479125976562,14060300
2026-05-07,78.43000030517578,77.46463775634766,16531400
2026-05-08,78.41999816894531,77.45475769042969,12447200
2026-05-11,78.66000366210938,77.69181060791016,10967900
2026-05-12,80.02999877929688,79.0449447631836,19883100
2026-05-13,80.26000213623047,79.27210998535156,12357000
2026-05-14,80.44999694824219,79.45977783203125,10642000
2026-05-15,80.81999969482422,79.82522583007812,17527200
2026-05-18,81.19999694824219,80.2005386352539,12375500
2026-05-19,81.91999816894531,80.91168212890625,16595200
2026-05-20,81.55000305175781,80.5462417602539,16999700
2026-05-21,81.16999816894531,80.17090606689453,15708400
2026-05-22,81.4800033569336,80.47710418701172,8240200
2026-05-26,80.45999908447266,79.46965026855469,13004200
2026-05-27,81.62000274658203,80.6153793334961,13209600
2026-05-28,80.41000366210938,79.42027282714844,14691400
2026-05-29,79.01000213623047,78.0374984741211,32477000
2026-06-01,78.63999938964844,77.67205810546875,12776300
2026-06-02,78.41000366210938,77.44489288330078,12533200
2026-06-03,78.76000213623047,77.79058074951172,14964300
2026-06-04,76.81999969482422,75.87445831298828,19361600
2026-06-05,79.4800033569336,78.50171661376953,25708100
2026-06-08,79.54000091552734,78.56098175048828,12828900
2026-06-09,81.33999633789062,80.33881378173828,20591600
2026-06-10,83.58999633789062,82.56111907958984,20880500
2026-06-11,82.52999877929688,81.51417541503906,14264500
2026-06-12,82.62000274658203,81.60306549072266,11757700
2026-06-15,80.91000366210938,80.43006896972656,20055200
2026-06-16,80.27999877929688,79.80380249023438,17565100
2026-06-17,79.93000030517578,79.45587921142578,17055400
2026-06-18,79.38999938964844,78.91908264160156,46857900
2026-06-22,79.52999877929688,79.0582504272461,21205900
2026-06-23,80.30999755859375,79.8336181640625,16854000
2026-06-24,80.5999984741211,80.12190246582031,20632600
2026-06-25,80.41999816894531,79.9429702758789,16021400
2026-06-26,82.62999725341797,82.13985443115234,53357500
2026-06-29,82.6500015258789,82.15974426269531,15015800
2026-06-30,81.2699966430664,80.78792572021484,16422100
2026-07-01,81.29000091552734,80.80780792236328,21734800
2026-07-02,84.13999938964844,83.64089965820312,18308400
2026-07-06,82.95999908447266,82.46790313720703,18992600
2026-07-07,84.05000305175781,83.55143737792969,17835200
2026-07-08,83.4000015258789,82.9052963256836,14160000
2026-07-09,82.62999725341797,82.13985443115234,15782500
2026-07-10,83.48999786376953,82.99475860595703,10694600
2026-07-13,84.25,83.75025177001953,12085800
2026-07-14,83.08000183105469,82.58719635009766,13775400
2026-07-15,82.44999694824219,81.96092224121094,18383800
2026-07-16,84.91999816894531,84.41627502441406,17889900
2026-07-17,81.55999755859375,81.07620239257812,32903000
2026-07-20,82.12000274658203,81.63288879394531,14967200
2026-07-21,81.97000122070312,81.48377990722656,12949400
2026-07-22,82.19999694824219,81.71240997314453,11701300
2026-07-23,81.16999816894531,80.68852233886719,13755600
2026-07-24,82.25,81.76211547851562,11980400
2026-07-27,84.06999969482422,83.57131958007812,19937600
2026-07-28,88.2699966430664,87.74639892578125,34982900
2026-07-29,89.08000183105469,88.55160522460938,21711700
2026-07-30,88.48999786376953,87.96509552001953,17616100
2026-07-31,87.58999633789062,87.0704345703125,14725900
2026-08-03,86.86000061035156,86.34477233886719,23197100
2026-08-04,86.55999755859375,86.04654693603516,17085700
2026-08-05,86.83000183105469,86.31494903564453,15868600
2026-08-06,86.8499984741211,86.33482360839844,13568500
2026-08-07,87.05000305175781,86.53364562988281,11221700
2026-08-10,86.87000274658203,86.3547134399414,13710800
2026-08-11,86.4800033569336,85.96702575683594,16018000
2026-08-12,86.70999908447266,86.1956558227539,12651900
2026-08-13,87.41999816894531,86.90144348144531,10140600
2026-08-14,87.70999908447266,87.18972778320312,9166400
2026-08-17,86.9800033569336,86.46405792236328,12056400
2026-08-18,88.81999969482422,88.29314422607422,12524500
2026-08-19,90.3499984741211,89.8140640258789,15993900
2026-08-20,90.5,89.96318054199219,14928000
2026-08-21,91.0999984741211,90.55961608886719,15595800
2026-08-24,91.98999786376953,91.4443359375,14787700
2026-08-25,91.63999938964844,91.0964126586914,11940100
2026-08-26,90.08000183105469,89.54566955566406,17133900
2026-08-27,89.05999755859375,88.5317153930664,13452600
2026-08-28,89.66000366210938,89.12816619873047,9887200
2026-08-31,88.66999816894531,88.14402770996094,23764800
2026-09-01,88.0,87.4780044555664,14824100
2026-09-02,88.23999786376953,87.71658325195312,18492800
2026-09-03,88.80999755859375,88.283203125,13763000
2026-09-04,88.06999969482422,87.54759216308594,17290700
2026-09-08,88.36000061035156,87.83586883544922,19426900
2026-09-09,87.55000305175781,87.03067779541016,12337500
2026-09-10,87.83000183105469,87.30902099609375,12019900
2026-09-11,88.29000091552734,87.76628875732422,9988700
2026-09-14,89.3499984741211,88.81999969482422,14066100
2026-09-15,88.70999908447266,88.70999908447266,13148900
2026-09-16,87.87000274658203,87.87000274658203,17074800
2026-09-17,88.05999755859375,88.05999755859375,16563600
2026-09-18,88.25,88.25,28048200
2026-09-21,87.12000274658203,87.12000274658203,18100400
2026-09-22,88.61000061035156,88.61000061035156,17266800
2026-09-23,88.08999633789062,88.08999633789062,13016400
2026-09-24,88.0999984741211,88.0999984741211,13163300
