Date,close,adjclose,volume
2014-12-01,87.45999908447266,81.3707504272461,4989800
2014-12-02,87.69000244140625,81.584716796875,5458300
2014-12-03,88.31999969482422,82.17088317871094,6085400
2014-12-04,88.7699966430664,82.58953857421875,3527900
2014-12-05,89.08000183105469,82.87799072265625,3739900
2014-12-08,88.04000091552734,81.91036987304688,4473300
2014-12-09,87.83999633789062,81.72428131103516,3732400
2014-12-10,86.33000183105469,80.3194580078125,3277400
2014-12-11,87.69000244140625,81.584716796875,4078500
2014-12-12,84.12999725341797,78.27259063720703,6644500
2014-12-15,84.61000061035156,78.71918487548828,4921600
2014-12-16,82.63999938964844,76.88633728027344,6970300
2014-12-17,84.7300033569336,78.83081817626953,6443700
2014-12-18,86.91999816894531,80.86833190917969,6442100
2014-12-19,86.44000244140625,80.4217758178711,6262000
2014-12-22,86.83000183105469,80.78462219238281,2561600
2014-12-23,87.62999725341797,81.52888488769531,2749700
2014-12-24,87.7699966430664,81.6591567993164,1219500
2014-12-26,87.7699966430664,81.6591567993164,1508400
2014-12-29,87.68000030517578,81.5754165649414,2376100
2014-12-30,86.97000122070312,80.91484832763672,2493300
2014-12-31,86.16000366210938,80.1612548828125,2811100
2015-01-02,85.68000030517578,79.71465301513672,4505800
2015-01-05,83.2699966430664,77.47245025634766,6441400
2015-01-06,83.08999633789062,77.30500793457031,7690000
2015-01-07,84.22000122070312,78.50751495361328,5846800
2015-01-08,85.52999877929688,79.72865295410156,5174200
2015-01-09,84.44000244140625,78.71261596679688,4582200
2015-01-12,83.36000061035156,77.70584106445312,4030100
2015-01-13,83.55000305175781,77.8829574584961,4222100
2015-01-14,83.45999908447266,77.7990493774414,5084300
2015-01-15,82.25,76.671142578125,4331500
2015-01-16,83.80000305175781,78.11602783203125,4763700
2015-01-20,84.26000213623047,78.54476928710938,3540600
2015-01-21,83.72000122070312,78.04142761230469,3598400
2015-01-22,84.37999725341797,78.6566390991211,4796200
2015-01-23,84.38999938964844,78.66596984863281,5012200
2015-01-26,83.5999984741211,77.92955780029297,5440400
2015-01-27,81.7699966430664,76.22366333007812,5486000
2015-01-28,80.73999786376953,75.26355743408203,5070200
2015-01-29,81.37999725341797,75.86012268066406,6277200
2015-01-30,82.02999877929688,76.46604919433594,13332400
2015-02-02,82.9800033569336,77.35162353515625,10576500
2015-02-03,83.80999755859375,78.12531280517578,8490400
2015-02-04,84.18000030517578,78.47022247314453,4923200
2015-02-05,85.81999969482422,79.99894714355469,5426000
2015-02-06,84.16000366210938,78.45157623291016,5540900
2015-02-09,84.58999633789062,78.85238647460938,3951100
2015-02-10,84.2300033569336,78.51683044433594,4441800
2015-02-11,84.45999908447266,78.73123931884766,4051300
2015-02-12,87.5199966430664,81.58367919921875,7053500
2015-02-13,87.13999938964844,81.22943115234375,5510900
2015-02-17,87.5199966430664,81.58367919921875,5083400
2015-02-18,87.7300033569336,81.77943420410156,2974300
2015-02-19,89.19999694824219,83.14973449707031,5271700
2015-02-20,90.79000091552734,84.63188934326172,6276500
2015-02-23,91.12000274658203,84.93949127197266,4316300
2015-02-24,91.31999969482422,85.12592315673828,5547500
2015-02-25,92.66999816894531,86.38434600830078,6144400
2015-02-26,91.26000213623047,85.06999206542969,5666700
2015-02-27,90.12999725341797,84.0166244506836,4675300
2015-03-02,92.0199966430664,85.77842712402344,5568300
2015-03-03,90.97000122070312,84.7996597290039,3444400
2015-03-04,91.70999908447266,85.4894790649414,4733900
2015-03-05,92.80999755859375,86.51486206054688,4651300
2015-03-06,90.79000091552734,84.63188934326172,4963200
2015-03-09,91.12000274658203,84.93949127197266,4144800
2015-03-10,88.83999633789062,82.81413269042969,5050200
2015-03-11,86.97000122070312,81.07099914550781,9452300
2015-03-12,89.25,83.19633483886719,7035500
2015-03-13,87.75,81.79808807373047,4609700
2015-03-16,88.70999908447266,82.69295501708984,3843900
2015-03-17,87.97000122070312,82.00314331054688,2880800
2015-03-18,88.87999725341797,82.85140991210938,5437300
2015-03-19,89.0199966430664,82.98193359375,3172500
2015-03-20,89.81999969482422,83.72769927978516,4372000
2015-03-23,89.33000183105469,83.27088928222656,3395200
2015-03-24,89.48999786376953,83.42005920410156,4050500
2015-03-25,87.37000274658203,81.44385528564453,3813600
2015-03-26,87.93000030517578,81.9658432006836,4141800
2015-03-27,87.25,81.33200073242188,4927400
2015-03-30,87.66999816894531,81.72349548339844,3451100
2015-03-31,86.38999938964844,80.53035736083984,5985500
2015-04-01,86.73999786376953,80.85658264160156,4736900
2015-04-02,87.02999877929688,81.12692260742188,4628400
2015-04-06,87.33999633789062,81.41585540771484,5853800
2015-04-07,87.91999816894531,82.10698699951172,4091200
2015-04-08,89.31999969482422,83.41439819335938,3659900
2015-04-09,89.05999755859375,83.17157745361328,3482100
2015-04-10,88.56999969482422,82.7139892578125,2575300
2015-04-13,88.25,82.4151382446289,3526000
2015-04-14,89.12000274658203,83.22760772705078,3453500
2015-04-15,89.25,83.3490219116211,2683600
2015-04-16,88.72000122070312,82.85406494140625,2952100
2015-04-17,86.93000030517578,81.18241119384766,4352800
2015-04-20,87.33000183105469,81.55599212646484,2681000
2015-04-21,87.7699966430664,81.96687316894531,3148200
2015-04-22,91.19999694824219,85.17011260986328,12232000
2015-04-23,90.87999725341797,84.87122344970703,4322300
2015-04-24,90.72000122070312,84.7218246459961,3519200
2015-04-27,89.75,83.81597900390625,4854300
2015-04-28,90.2300033569336,84.26424407958984,4786300
2015-04-29,90.25,84.28289794921875,9364700
2015-04-30,90.20999908447266,84.24555206298828,7470700
2015-05-01,91.25,85.21678161621094,4663100
2015-05-04,91.18000030517578,85.15142822265625,4596900
2015-05-05,90.77999877929688,84.77788543701172,3707000
2015-05-06,90.56999969482422,84.5817642211914,3495800
2015-05-07,92.05000305175781,85.96387481689453,4369800
2015-05-08,93.51000213623047,87.32736206054688,9933400
2015-05-11,92.5199966430664,86.40281677246094,4731400
2015-05-12,92.38999938964844,86.28142547607422,5191800
2015-05-13,92.5199966430664,86.40281677246094,3443200
2015-05-14,93.83999633789062,87.63554382324219,3467200
2015-05-15,93.22000122070312,87.05655670166016,3403800
2015-05-18,93.08000183105469,86.92578887939453,4281200
2015-05-19,93.80000305175781,87.59820556640625,3279700
2015-05-20,93.23999786376953,87.07521057128906,2701100
2015-05-21,92.9000015258789,86.7576675415039,2891000
2015-05-22,92.69000244140625,86.56161499023438,2448200
2015-05-26,91.88999938964844,85.81446838378906,2965400
2015-05-27,92.58999633789062,86.46818542480469,2597800
2015-05-28,92.81999969482422,86.6830062866211,1777700
2015-05-29,92.26000213623047,86.1600112915039,3561400
2015-06-01,92.55999755859375,86.44014739990234,2635400
2015-06-02,93.16999816894531,87.00983428955078,2795500
2015-06-03,93.5,87.31802368164062,3638000
2015-06-04,92.56999969482422,86.44951629638672,3320300
2015-06-05,92.62000274658203,86.4962158203125,2655000
2015-06-08,91.9000015258789,85.82380676269531,2561500
2015-06-09,92.08999633789062,86.0012435913086,2375100
2015-06-10,94.16999816894531,87.94373321533203,3727600
2015-06-11,94.5,88.25189208984375,3403600
2015-06-12,93.7699966430664,87.57017517089844,2777500
2015-06-15,93.30000305175781,87.13125610351562,3229000
2015-06-16,94.1500015258789,87.92504119873047,2446100
2015-06-17,94.44999694824219,88.2052230834961,2962100
2015-06-18,96.05000305175781,89.69943237304688,4208000
2015-06-19,94.80999755859375,88.54141998291016,5011200
2015-06-22,95.41999816894531,89.1110610961914,3290100
2015-06-23,95.69999694824219,89.37255859375,4195400
2015-06-24,95.51000213623047,89.19513702392578,3682500
2015-06-25,94.45999908447266,88.21452331542969,3214900
2015-06-26,94.51000213623047,88.26121520996094,3201100
2015-06-29,92.5199966430664,86.40281677246094,4426500
2015-06-30,93.4800033569336,87.29937744140625,4750400
2015-07-01,94.5,88.25189208984375,3737000
2015-07-02,94.23999786376953,88.00907897949219,3034700
2015-07-06,94.5199966430664,88.27056121826172,3042000
2015-07-07,93.88999938964844,87.8309097290039,4859200
2015-07-08,92.48999786376953,86.5212631225586,4367200
2015-07-09,93.04000091552734,87.03577423095703,2986000
2015-07-10,94.62000274658203,88.5138168334961,2721800
2015-07-13,95.5,89.33700561523438,3454400
2015-07-14,95.2699966430664,89.12183380126953,3148400
2015-07-15,95.25,89.10314178466797,3969400
2015-07-16,95.81999969482422,89.6363754272461,3100400
2015-07-17,96.08000183105469,89.87955474853516,2726300
2015-07-20,97.26000213623047,90.98345184326172,4621700
2015-07-21,96.70999908447266,90.46894836425781,3836200
2015-07-22,96.87999725341797,90.6279525756836,3809900
2015-07-23,95.16000366210938,89.01897430419922,4896900
2015-07-24,95.83000183105469,89.64572143554688,6798800
2015-07-27,94.38999938964844,88.29866790771484,4538900
2015-07-28,95.16000366210938,89.01897430419922,6528700
2015-07-29,96.7300033569336,90.48765563964844,11420600
2015-07-30,98.41000366210938,92.05921936035156,4407300
2015-07-31,97.4000015258789,91.11441040039062,3956700
2015-08-03,97.44000244140625,91.15184783935547,2989800
2015-08-04,97.30000305175781,91.02085876464844,2976200
2015-08-05,98.2699966430664,91.92826843261719,3306100
2015-08-06,97.16000366210938,90.889892578125,4109900
2015-08-07,97.7699966430664,91.46051788330078,3114900
2015-08-10,98.08000183105469,91.75053405761719,3445500
2015-08-11,97.19999694824219,90.92730712890625,4178100
2015-08-12,97.04000091552734,90.77762603759766,3924200
2015-08-13,97.2300033569336,90.95536804199219,2440200
2015-08-14,97.88999938964844,91.57279205322266,1849200
2015-08-17,97.86000061035156,91.54470825195312,2423900
2015-08-18,97.5999984741211,91.30148315429688,2215000
2015-08-19,96.5999984741211,90.3660659790039,3737000
2015-08-20,94.55999755859375,88.45769500732422,4884000
2015-08-21,90.68000030517578,84.82809448242188,7992200
2015-08-24,87.83000183105469,82.16197967529297,11374700
2015-08-25,86.81999969482422,81.21717071533203,6600600
2015-08-26,91.70999908447266,85.79161071777344,6591600
2015-08-27,94.05000305175781,87.9805908203125,5435400
2015-08-28,94.08000183105469,88.0086441040039,3136600
2015-08-31,92.37000274658203,86.40899658203125,4963100
2015-09-01,89.05000305175781,83.3032455444336,6341900
2015-09-02,90.43000030517578,84.5942153930664,5175400
2015-09-03,91.6500015258789,85.73546600341797,3617900
2015-09-04,90.52999877929688,84.687744140625,3595400
2015-09-08,92.9000015258789,86.90478515625,4176300
2015-09-09,89.97000122070312,84.16387176513672,8118200
2015-09-10,89.68000030517578,83.89261627197266,7370000
2015-09-11,91.3499984741211,85.45484161376953,4572400
2015-09-14,90.94000244140625,85.0712890625,3740400
2015-09-15,92.11000061035156,86.16580200195312,4670200
2015-09-16,92.7300033569336,86.74580383300781,4128600
2015-09-17,93.20999908447266,87.19480895996094,4627000
2015-09-18,92.1500015258789,86.20320892333984,8342900
2015-09-21,93.05000305175781,87.04511260986328,3998800
2015-09-22,92.06999969482422,86.12835693359375,3457100
2015-09-23,92.13999938964844,86.19384765625,2557000
2015-09-24,91.12000274658203,85.23970031738281,3513900
2015-09-25,91.30000305175781,85.40803527832031,3880800
2015-09-28,88.3499984741211,82.64842987060547,4966800
2015-09-29,88.76000213623047,83.031982421875,4501200
2015-09-30,90.12000274658203,84.30419921875,4550800
2015-10-01,90.7300033569336,84.87482452392578,4496000
2015-10-02,92.06999969482422,86.12835693359375,3543600
2015-10-05,94.33000183105469,88.2425308227539,3837600
2015-10-06,93.91999816894531,87.85897827148438,3641700
2015-10-07,95.18000030517578,89.18960571289062,3754300
2015-10-08,95.87000274658203,89.83617401123047,2970500
2015-10-09,95.81999969482422,89.78933715820312,4733200
2015-10-12,96.63999938964844,90.55772399902344,2577900
2015-10-13,95.93000030517578,89.89239501953125,2415100
2015-10-14,95.02999877929688,89.04905700683594,2832500
2015-10-15,97.16000366210938,91.04499816894531,2896900
2015-10-16,97.63999938964844,91.49475860595703,3388300
2015-10-19,97.73999786376953,91.58850860595703,4024100
2015-10-20,97.66999816894531,91.52287292480469,2451600
2015-10-21,96.5999984741211,90.5202407836914,2899600
2015-10-22,98.0199966430664,91.85086822509766,4033400
2015-10-23,99.79000091552734,93.50947570800781,5240400
2015-10-26,99.62999725341797,93.35953521728516,3652000
2015-10-27,98.43000030517578,92.23505401611328,3789300
2015-10-28,100.08999633789062,93.79057312011719,4583800
2015-10-29,100.58999633789062,94.25910949707031,4940600
2015-10-30,98.98999786376953,92.75981140136719,5539000
2015-11-02,99.37999725341797,93.1252670288086,5480700
2015-11-03,100.12000274658203,93.81871032714844,4497500
2015-11-04,100.5199966430664,94.19351196289062,3292200
2015-11-05,100.69000244140625,94.35282897949219,3032300
2015-11-06,101.5,95.11187744140625,4333200
2015-11-09,100.47000122070312,94.14666748046875,3722700
2015-11-10,100.6500015258789,94.31534576416016,2991700
2015-11-11,100.87999725341797,94.53083801269531,4663300
2015-11-12,98.27999877929688,92.09449768066406,5274800
2015-11-13,96.86000061035156,90.76386260986328,4363900
2015-11-16,98.30000305175781,92.11322784423828,3979900
2015-11-17,98.06999969482422,91.89771270751953,3767500
2015-11-18,99.16000366210938,92.91914367675781,4502400
2015-11-19,98.93000030517578,92.70359802246094,3620800
2015-11-20,99.5,93.23772430419922,3319700
2015-11-23,99.37000274658203,93.11589813232422,2115900
2015-11-24,98.5,92.30066680908203,2588400
2015-11-25,98.16000366210938,91.98204803466797,2196200
2015-11-27,98.66999816894531,92.45997619628906,1502600
2015-11-30,97.91999816894531,91.75716400146484,3847500
2015-12-01,97.93000030517578,91.76654815673828,4891600
2015-12-02,97.0999984741211,90.9887924194336,3584400
2015-12-03,95.95999908447266,89.92051696777344,3479200
2015-12-04,98.69999694824219,92.48806762695312,3868100
2015-12-07,97.81999969482422,91.6634521484375,2855600
2015-12-08,98.18000030517578,92.00078582763672,3664000
2015-12-09,97.81999969482422,91.6634521484375,5111300
2015-12-10,97.61000061035156,91.46665954589844,2907900
2015-12-11,94.83000183105469,88.86163330078125,4558700
2015-12-14,96.30000305175781,90.2391128540039,3930200
2015-12-15,98.43000030517578,92.23505401611328,4579900
2015-12-16,100.04000091552734,93.74372863769531,4493600
2015-12-17,99.33000183105469,93.07842254638672,4581200
2015-12-18,96.29000091552734,90.22975158691406,6039600
2015-12-21,97.04000091552734,90.93254852294922,2748400
2015-12-22,97.54000091552734,91.40106964111328,3341900
2015-12-23,98.7300033569336,92.51615905761719,2054200
2015-12-24,98.58999633789062,92.38497924804688,932700
2015-12-28,98.52999877929688,92.3287353515625,1673400
2015-12-29,99.72000122070312,93.4438705444336,2362300
2015-12-30,98.87000274658203,92.64736938476562,1856700
2015-12-31,97.36000061035156,91.2323989868164,3219200
2016-01-04,94.80999755859375,88.84290313720703,6378700
2016-01-05,94.98999786376953,89.01155090332031,4352500
2016-01-06,93.3499984741211,87.65009307861328,4370000
2016-01-07,91.63999938964844,86.04452514648438,6600000
2016-01-08,89.88999938964844,84.40137481689453,5912100
2016-01-11,90.58000183105469,85.04922485351562,5845600
2016-01-12,91.44000244140625,85.85671997070312,4441800
2016-01-13,89.19000244140625,83.744140625,4895000
2016-01-14,90.70999908447266,85.17129516601562,6235800
2016-01-15,88.70999908447266,83.29341125488281,6459800
2016-01-19,86.22000122070312,80.9554443359375,10175200
2016-01-20,85.12999725341797,79.9320068359375,11672100
2016-01-21,86.12000274658203,80.86156463623047,5989700
2016-01-22,88.0,82.62677764892578,4912500
2016-01-25,86.7699966430664,81.47185516357422,5110500
2016-01-26,87.0,81.6878433227539,4872500
2016-01-27,84.80999755859375,79.63152313232422,6750900
2016-01-28,83.43000030517578,78.3357925415039,9169600
2016-01-29,89.02999877929688,83.5938720703125,16410500
2016-02-01,88.62999725341797,83.21829986572266,5956400
2016-02-02,85.93000030517578,80.68315887451172,7096900
2016-02-03,86.47000122070312,81.19019317626953,5253600
2016-02-04,86.33000183105469,81.0587387084961,4490600
2016-02-05,82.76000213623047,77.70670318603516,8474000
2016-02-08,80.6500015258789,75.72557067871094,9213800
2016-02-09,81.97000122070312,76.9649658203125,7802700
2016-02-10,83.30999755859375,78.22315216064453,4858900
2016-02-11,82.11000061035156,77.09639739990234,6285400
2016-02-12,84.88999938964844,79.70667266845703,5213300
2016-02-16,86.18000030517578,80.91790771484375,4908000
2016-02-17,87.20999908447266,81.88501739501953,4143400
2016-02-18,86.04000091552734,80.78644561767578,3551500
2016-02-19,86.79000091552734,81.49064636230469,3490500
2016-02-22,87.81999969482422,82.45774841308594,3010800
2016-02-23,86.20999908447266,80.94608306884766,4236900
2016-02-24,86.41999816894531,81.14323425292969,3361300
2016-02-25,87.41999816894531,82.0821762084961,3280500
2016-02-26,87.56999969482422,82.22303771972656,3294900
2016-02-29,86.91999816894531,81.61270904541016,4302900
2016-03-01,90.0999984741211,84.59854125976562,4967500
2016-03-02,89.88999938964844,84.40137481689453,3898300
2016-03-03,89.73999786376953,84.26051330566406,4202500
2016-03-04,90.05000305175781,84.55158996582031,3181300
2016-03-07,88.30000305175781,82.90846252441406,4939800
2016-03-08,86.8499984741211,81.5469741821289,4251700
2016-03-09,87.18000030517578,81.85684204101562,3477800
2016-03-10,86.88999938964844,81.58454895019531,3239100
2016-03-11,88.58000183105469,83.17134857177734,4003200
2016-03-14,88.87000274658203,83.44365692138672,4407400
2016-03-15,89.36000061035156,83.90373992919922,4468800
2016-03-16,90.01000213623047,84.51402282714844,3005000
2016-03-17,91.41000366210938,85.82852935791016,4568900
2016-03-18,92.30999755859375,86.67359924316406,5972900
2016-03-21,92.3499984741211,86.7111587524414,3176900
2016-03-22,91.76000213623047,86.15718841552734,3541300
2016-03-23,92.12999725341797,86.50459289550781,2816100
2016-03-24,91.91000366210938,86.29801940917969,2618700
2016-03-28,91.23999786376953,85.66893005371094,2304300
2016-03-29,92.77999877929688,87.11492919921875,3326300
2016-03-30,93.80999755859375,88.08202362060547,3477900
2016-03-31,94.5,88.7298812866211,5647100
2016-04-01,95.87000274658203,90.0162353515625,5276900
2016-04-04,95.05000305175781,89.24629974365234,4449900
2016-04-05,94.3499984741211,88.58902740478516,5378300
2016-04-06,94.75,89.1441650390625,3334200
2016-04-07,93.51000213623047,87.97750854492188,3046500
2016-04-08,93.79000091552734,88.24095153808594,2564000
2016-04-11,93.47000122070312,87.93988037109375,3858200
2016-04-12,93.86000061035156,88.30681610107422,2673700
2016-04-13,95.75,90.0849609375,3698600
2016-04-14,96.16999816894531,90.48011016845703,3292200
2016-04-15,96.68000030517578,90.95994567871094,4127600
2016-04-18,97.66999816894531,91.89138793945312,3079700
2016-04-19,97.23999786376953,91.48682403564453,3635900
2016-04-20,97.9000015258789,92.10774230957031,3627300
2016-04-21,97.54000091552734,91.7690658569336,2913600
2016-04-22,97.44999694824219,91.68440246582031,7176300
2016-04-25,96.9800033569336,91.2422103881836,3276100
2016-04-26,97.2699966430664,91.5150375366211,2929200
2016-04-27,98.37999725341797,92.55933380126953,5211900
2016-04-28,97.18000030517578,91.43036651611328,6261400
2016-04-29,96.98999786376953,91.2515869140625,5338500
2016-05-02,97.7699966430664,91.98545837402344,3813100
2016-05-03,96.44999694824219,90.74356079101562,3362100
2016-05-04,96.25,90.55538940429688,3187500
2016-05-05,96.19000244140625,90.49895477294922,2848600
2016-05-06,96.68000030517578,90.95994567871094,2042700
2016-05-09,96.72000122070312,90.99756622314453,1972600
2016-05-10,97.63999938964844,91.8631820678711,1903500
2016-05-11,96.41000366210938,90.7059097290039,2540600
2016-05-12,95.8499984741211,90.17906188964844,4216800
2016-05-13,95.36000061035156,89.71803283691406,3371600
2016-05-16,96.1500015258789,90.46129608154297,2273600
2016-05-17,95.5999984741211,89.94384765625,3463300
2016-05-18,95.62999725341797,89.97207641601562,2469900
2016-05-19,94.69999694824219,89.09708404541016,2268900
2016-05-20,95.47000122070312,89.821533203125,2446700
2016-05-23,95.08000183105469,89.45462036132812,2231800
2016-05-24,96.4800033569336,90.77178192138672,2446500
2016-05-25,96.44999694824219,90.74356079101562,2689500
2016-05-26,96.37999725341797,90.67768859863281,1738300
2016-05-27,97.18000030517578,91.43036651611328,2724300
2016-05-31,95.9000015258789,90.22608947753906,4028800
2016-06-01,96.41000366210938,90.7059097290039,2677500
2016-06-02,96.87999725341797,91.14810943603516,2662100
2016-06-03,96.02999877929688,90.3484115600586,2814800
2016-06-06,96.63999938964844,90.92230987548828,2160700
2016-06-07,96.68000030517578,90.95994567871094,2394900
2016-06-08,97.98999786376953,92.19245147705078,4365200
2016-06-09,97.0199966430664,91.27983856201172,2044700
2016-06-10,95.20999908447266,89.57691955566406,4080700
2016-06-13,94.19000244140625,88.61726379394531,3082200
2016-06-14,94.11000061035156,88.5419921875,5338200
2016-06-15,93.33999633789062,87.81755065917969,4025900
2016-06-16,94.08000183105469,88.51374816894531,4976200
2016-06-17,93.29000091552734,87.77051544189453,6941700
2016-06-20,94.3499984741211,88.7677993774414,4949500
2016-06-21,95.11000061035156,89.48283386230469,4203000
2016-06-22,94.05999755859375,88.49494934082031,2876700
2016-06-23,95.70999908447266,90.0473403930664,2992400
2016-06-24,91.47000122070312,86.05818176269531,8356800
2016-06-27,89.06999969482422,83.8001708984375,7444800
2016-06-28,90.41999816894531,85.07032012939453,4820400
2016-06-29,92.12999725341797,86.67915344238281,3987900
2016-06-30,88.05999755859375,82.84996795654297,12706800
2016-07-01,88.8499984741211,83.59323120117188,8342100
2016-07-05,88.23999786376953,83.01927947998047,7077000
2016-07-06,86.83000183105469,81.86901092529297,9412800
2016-07-07,87.80999755859375,82.79299926757812,4707200
2016-07-08,88.55999755859375,83.50017547607422,5621800
2016-07-11,88.75,83.6792984008789,5274700
2016-07-12,90.0,84.85787200927734,6122200
2016-07-13,90.33999633789062,85.1784439086914,3996900
2016-07-14,91.44999694824219,86.22502899169922,4240100
2016-07-15,90.93000030517578,85.73474884033203,3262400
2016-07-18,91.5999984741211,86.36647033691406,3407300
2016-07-19,92.37999725341797,87.10189056396484,3423800
2016-07-20,93.30000305175781,87.96932983398438,3794100
2016-07-21,92.45999908447266,87.17730712890625,4305900
2016-07-22,93.66000366210938,88.30876922607422,4348200
2016-07-25,93.0,87.68647766113281,3773500
2016-07-26,93.43000030517578,88.0919189453125,4469600
2016-07-27,93.75,88.3936538696289,5696800
2016-07-28,96.01000213623047,90.52452087402344,5209400
2016-07-29,95.23999786376953,89.79851531982422,4364100
2016-08-01,95.06999969482422,89.63819885253906,3512100
2016-08-02,95.25,89.80792236328125,3948600
2016-08-03,95.08000183105469,89.64763641357422,3006100
2016-08-04,95.91000366210938,90.43022918701172,2875600
2016-08-05,96.87999725341797,91.34479522705078,2632200
2016-08-08,96.77999877929688,91.25050354003906,2873000
2016-08-09,96.69999694824219,91.17507934570312,1937100
2016-08-10,96.29000091552734,90.78853607177734,2004700
2016-08-11,96.52999877929688,91.01480102539062,2971100
2016-08-12,96.12000274658203,90.62822723388672,1988600
2016-08-15,96.44000244140625,90.9299545288086,2081200
2016-08-16,95.62000274658203,90.15680694580078,2866200
2016-08-17,95.58999633789062,90.1285171508789,4054700
2016-08-18,95.2699966430664,89.8267822265625,3134200
2016-08-19,95.22000122070312,89.77964782714844,3090800
2016-08-22,95.79000091552734,90.31707763671875,2390800
2016-08-23,96.29000091552734,90.78853607177734,3099700
2016-08-24,95.52999877929688,90.07192993164062,2008100
2016-08-25,95.58999633789062,90.1285171508789,1983000
2016-08-26,96.47000122070312,90.9582290649414,3123100
2016-08-29,96.77999877929688,91.25050354003906,2590200
2016-08-30,97.08999633789062,91.54281616210938,2634100
2016-08-31,96.62999725341797,91.10908508300781,3499300
2016-09-01,97.62000274658203,92.04252624511719,4198100
2016-09-02,97.88999938964844,92.29708862304688,2572400
2016-09-06,98.79000091552734,93.14564514160156,3879300
2016-09-07,99.56999969482422,93.88111114501953,4198200
2016-09-08,99.9800033569336,94.26768493652344,4605400
2016-09-09,98.1500015258789,92.54225158691406,5458500
2016-09-12,100.11000061035156,94.39022827148438,4264300
2016-09-13,99.38999938964844,93.71139526367188,4732200
2016-09-14,98.70999908447266,93.07025146484375,4400300
2016-09-15,99.47000122070312,93.78685760498047,3485700
2016-09-16,99.36000061035156,93.68309020996094,4498800
2016-09-19,99.68000030517578,93.98484802246094,3056900
2016-09-20,100.48999786376953,94.74853515625,3848700
2016-09-21,101.26000213623047,95.47454071044922,3251900
2016-09-22,102.12000274658203,96.28540802001953,3390600
2016-09-23,101.66000366210938,95.85173797607422,2759400
2016-09-26,101.16000366210938,95.38030242919922,3468900
2016-09-27,101.44999694824219,95.65371704101562,3547700
2016-09-28,101.51000213623047,95.71026611328125,3629500
2016-09-29,100.61000061035156,94.8616943359375,3010000
2016-09-30,101.7699966430664,95.95543670654297,5503900
2016-10-03,101.87999725341797,96.05912017822266,3696700
2016-10-04,101.22000122070312,95.43685913085938,2881900
2016-10-05,102.4000015258789,96.73098754882812,3768100
2016-10-06,102.94000244140625,97.24110412597656,3875600
2016-10-07,102.25,96.58928680419922,4225600
2016-10-10,102.6500015258789,96.9671630859375,2376500
2016-10-11,101.3499984741211,95.73912048339844,3412900
2016-10-12,101.36000061035156,95.74859619140625,3467800
2016-10-13,100.6500015258789,95.077880859375,3657400
2016-10-14,100.87999725341797,95.29517364501953,3280200
2016-10-17,100.8499984741211,95.2668228149414,1975500
2016-10-18,101.7300033569336,96.09808349609375,2623700
2016-10-19,102.7300033569336,97.04273986816406,3305200
2016-10-20,102.55000305175781,96.87267303466797,2945300
2016-10-21,102.8499984741211,97.15608978271484,3018800
2016-10-24,103.19000244140625,97.47727966308594,2565600
2016-10-25,102.87999725341797,97.18441772460938,4869300
2016-10-26,103.22000122070312,97.505615234375,3356000
2016-10-27,103.5999984741211,97.86454772949219,5096100
2016-10-28,106.9000015258789,100.98186492919922,9282800
2016-10-31,107.0199966430664,101.09521484375,5820000
2016-11-01,104.95999908447266,99.14927673339844,7076500
2016-11-02,104.0,98.2424087524414,3527500
2016-11-03,103.77999877929688,98.03458404541016,3127300
2016-11-04,103.02999877929688,97.32609558105469,3067200
2016-11-07,105.95999908447266,100.09390258789062,3067500
2016-11-08,105.69999694824219,99.84830474853516,2864300
2016-11-09,106.19000244140625,100.31118774414062,4775000
2016-11-10,104.5,98.7147445678711,6584300
2016-11-11,104.62000274658203,98.82808685302734,3300300
2016-11-14,101.13999938964844,95.54076385498047,7106800
2016-11-15,102.4800033569336,96.80657958984375,4633100
2016-11-16,104.0,98.2424087524414,4567900
2016-11-17,104.44999694824219,98.66751861572266,3096800
2016-11-18,104.77999877929688,98.97924041748047,3275000
2016-11-21,105.94000244140625,100.07503509521484,2650800
2016-11-22,105.93000030517578,100.0655517578125,4570100
2016-11-23,104.55999755859375,98.77140045166016,4952300
2016-11-25,105.7300033569336,99.87662506103516,1566900
2016-11-28,103.36000061035156,97.6378402709961,5401700
2016-11-29,103.81999969482422,98.0723876953125,3356600
2016-11-30,102.19999694824219,96.54206848144531,6889200
2016-12-01,100.18000030517578,94.63390350341797,5452100
2016-12-02,101.0999984741211,95.50294494628906,3981100
2016-12-05,103.55000305175781,97.81732940673828,5427900
2016-12-06,102.0,96.35313415527344,4975200
2016-12-07,105.25,99.42323303222656,5423500
2016-12-08,104.81999969482422,99.01703643798828,3024700
2016-12-09,104.41000366210938,98.62972259521484,2541000
2016-12-12,103.27999877929688,97.5622787475586,3827700
2016-12-13,103.31999969482422,97.60004425048828,4297700
2016-12-14,103.27999877929688,97.5622787475586,3515800
2016-12-15,104.3499984741211,98.57305145263672,3774100
2016-12-16,103.43000030517578,97.70394134521484,4659700
2016-12-19,103.54000091552734,97.8078842163086,2980900
2016-12-20,104.54000091552734,98.75249481201172,2354400
2016-12-21,104.16999816894531,98.40298461914062,1952500
2016-12-22,104.30999755859375,98.5352554321289,2463900
2016-12-23,104.70999908447266,98.9131088256836,1610700
2016-12-27,104.80000305175781,98.99813842773438,2160700
2016-12-28,103.68000030517578,97.94014739990234,2552300
2016-12-29,103.7699966430664,98.025146484375,2858600
2016-12-30,103.25,97.53395080566406,3834700
2017-01-03,105.38999938964844,99.55545806884766,4711300
2017-01-04,106.38999938964844,100.50009155273438,3299000
2017-01-05,106.98999786376953,101.27629852294922,3262200
2017-01-06,107.76000213623047,102.00521087646484,3044600
2017-01-09,107.55000305175781,101.8064193725586,2500700
2017-01-10,107.31999969482422,101.58869934082031,3162200
2017-01-11,107.80999755859375,102.05253601074219,2499000
2017-01-12,108.70999908447266,102.90445709228516,3288500
2017-01-13,108.69999694824219,102.89497375488281,4661900
2017-01-17,108.4000015258789,102.61101531982422,2898200
2017-01-18,108.66000366210938,102.85712432861328,2652300
2017-01-19,108.52999877929688,102.73408508300781,1885300
2017-01-20,109.95999908447266,104.08768463134766,4173300
2017-01-23,109.62999725341797,103.77532196044922,3678200
2017-01-24,109.91999816894531,104.04983520507812,2899600
2017-01-25,110.19000244140625,104.30542755126953,3848300
2017-01-26,109.37999725341797,103.53868103027344,2568700
2017-01-27,109.83999633789062,103.97410583496094,2591600
2017-01-30,109.30000305175781,103.46293640136719,4304400
2017-01-31,106.33000183105469,100.65155029296875,6470200
2017-02-01,105.0,99.3926010131836,6149100
2017-02-02,105.13999938964844,99.52510070800781,4112000
2017-02-03,106.58000183105469,100.88821411132812,7132600
2017-02-06,106.58999633789062,100.89768981933594,3445100
2017-02-07,106.5999984741211,100.90714263916016,3204800
2017-02-08,106.72000122070312,101.02073669433594,2993600
2017-02-09,107.30000305175781,101.56978607177734,2679200
2017-02-10,107.2699966430664,101.54135131835938,2078400
2017-02-13,108.27999877929688,102.4974365234375,2337100
2017-02-14,108.87999725341797,103.06537628173828,2336800
2017-02-15,109.66000366210938,103.8037109375,2920000
2017-02-16,109.30000305175781,103.46293640136719,2146400
2017-02-17,109.41999816894531,103.57654571533203,2850900
2017-02-21,110.16000366210938,104.27701568603516,3117200
2017-02-22,109.44000244140625,103.595458984375,3049300
2017-02-23,110.73999786376953,104.82606506347656,4162200
2017-02-24,111.0,105.07215118408203,2471700
2017-02-27,110.56999969482422,104.66514587402344,2361200
2017-02-28,110.45999908447266,104.56099700927734,3367200
2017-03-01,112.30999755859375,106.31219482421875,3218700
2017-03-02,111.33000183105469,105.3845443725586,2690800
2017-03-03,111.73999786376953,105.77265167236328,2938200
2017-03-06,111.36000061035156,105.4129409790039,2175800
2017-03-07,110.95999908447266,105.0342788696289,2474200
2017-03-08,110.9800033569336,105.05322265625,2355400
2017-03-09,110.79000091552734,104.87335968017578,3195400
2017-03-10,111.20999908447266,105.27093505859375,2735400
2017-03-13,111.52999877929688,105.57386016845703,3123000
2017-03-14,110.48999786376953,104.58941650390625,2891400
2017-03-15,112.0199966430664,106.03768920898438,3305500
2017-03-16,112.66999816894531,106.65296936035156,2746400
2017-03-17,112.83000183105469,106.8044204711914,4119200
2017-03-20,112.41000366210938,106.4068832397461,2435400
2017-03-21,110.70999908447266,104.79766082763672,3734000
2017-03-22,111.44999694824219,105.49813842773438,2576200
2017-03-23,111.5999984741211,105.6401138305664,3107000
2017-03-24,111.9800033569336,105.99987030029297,3221900
2017-03-27,111.94000244140625,105.96200561523438,2724200
2017-03-28,112.47000122070312,106.46367645263672,2986100
2017-03-29,112.05999755859375,106.0755615234375,1783800
2017-03-30,112.66999816894531,106.65296936035156,2029400
2017-03-31,112.47000122070312,106.46367645263672,2507700
2017-04-03,112.23999786376953,106.24593353271484,3170100
2017-04-04,112.08999633789062,106.10395812988281,2169700
2017-04-05,112.06999969482422,106.29363250732422,2486600
2017-04-06,112.43000030517578,106.63507843017578,2238500
2017-04-07,112.23999786376953,106.45487976074219,1995100
2017-04-10,112.31999969482422,106.53074645996094,1862800
2017-04-11,112.11000061035156,106.33157348632812,2045800
2017-04-12,111.47000122070312,105.72457122802734,2651200
2017-04-13,111.22000122070312,105.48746490478516,2690300
2017-04-17,112.66999816894531,106.86271667480469,1731200
2017-04-18,112.5199966430664,106.720458984375,2141000
2017-04-19,112.29000091552734,106.5023193359375,2242400
2017-04-20,114.58999633789062,108.68376159667969,3459600
2017-04-21,114.2699966430664,108.38023376464844,4067400
2017-04-24,115.69999694824219,109.73653411865234,3207800
2017-04-25,116.12999725341797,110.14439392089844,2873700
2017-04-26,116.16999816894531,110.18231201171875,2202700
2017-04-27,117.0999984741211,111.06439971923828,3350800
2017-04-28,116.31999969482422,110.32456970214844,3536000
2017-05-01,116.37000274658203,110.37200164794922,3556600
2017-05-02,118.12000274658203,112.03181457519531,6802600
2017-05-03,117.33000183105469,111.28250885009766,3640900
2017-05-04,117.91999816894531,111.8421401977539,2560400
2017-05-05,117.5,111.44378662109375,2335900
2017-05-08,116.61000061035156,110.59963989257812,2562400
2017-05-09,116.41000366210938,110.40996551513672,2350700
2017-05-10,116.6500015258789,110.63756561279297,1812500
2017-05-11,116.52999877929688,110.52377319335938,2239000
2017-05-12,117.12999725341797,111.09282684326172,3195200
2017-05-15,118.20999908447266,112.11717987060547,2998200
2017-05-16,118.48999786376953,112.38274383544922,2375700
2017-05-17,116.80000305175781,110.77986145019531,4195000
2017-05-18,116.23999786376953,110.24871063232422,5088400
2017-05-19,117.58000183105469,111.51964569091797,4360500
2017-05-22,119.0,112.86644744873047,2578200
2017-05-23,119.5999984741211,113.43553924560547,2857100
2017-05-24,120.69999694824219,114.47882080078125,2509000
2017-05-25,121.91999816894531,115.63593292236328,4689200
2017-05-26,121.62999725341797,115.36088562011719,2141600
2017-05-30,121.6500015258789,115.37984466552734,3405500
2017-05-31,122.87999725341797,116.54645538330078,4708500
2017-06-01,123.4000015258789,117.03965759277344,3279000
2017-06-02,125.19999694824219,118.74687957763672,3731900
2017-06-05,125.9000015258789,119.41082000732422,4617400
2017-06-06,125.23999786376953,118.78484344482422,2712100
2017-06-07,125.19000244140625,118.73739624023438,3219700
2017-06-08,124.76000213623047,118.32958221435547,3332400
2017-06-09,123.04000091552734,116.69822692871094,3556700
2017-06-12,120.76000213623047,114.53575134277344,6574200
2017-06-13,122.31999969482422,116.01533508300781,3938200
2017-06-14,122.5,116.1860580444336,2940000
2017-06-15,121.41999816894531,115.16171264648438,3492600
2017-06-16,121.95999908447266,115.67387390136719,3804900
2017-06-19,123.08999633789062,116.74564361572266,2547100
2017-06-20,122.93000030517578,116.59390258789062,3015300
2017-06-21,123.0999984741211,116.755126953125,2384100
2017-06-22,123.30000305175781,116.94481658935547,2160600
2017-06-23,124.01000213623047,117.61820983886719,3381500
2017-06-26,123.5199966430664,117.15349578857422,2376700
2017-06-27,122.73999786376953,116.41366577148438,2516400
2017-06-28,124.80999755859375,118.37698364257812,2574900
2017-06-29,121.51000213623047,115.24707794189453,4147400
2017-06-30,121.44999694824219,115.19017791748047,3574000
2017-07-03,120.77999877929688,114.5547103881836,2314200
2017-07-05,121.9800033569336,115.90398406982422,3856500
2017-07-06,120.80000305175781,114.78275299072266,2702600
2017-07-07,122.19999694824219,116.113037109375,2119000
2017-07-10,122.7300033569336,116.61663055419922,2886900
2017-07-11,124.2300033569336,118.04191589355469,3885700
2017-07-12,125.27999877929688,119.03959655761719,2770400
2017-07-13,125.47000122070312,119.22016143798828,3330900
2017-07-14,127.01000213623047,120.68344116210938,2690800
2017-07-17,127.43000030517578,121.08248901367188,2291700
2017-07-18,127.7300033569336,121.36756134033203,3732800
2017-07-19,128.0399932861328,121.66209411621094,2550400
2017-07-20,128.47000122070312,122.07068634033203,2350300
2017-07-21,129.27000427246094,122.83084106445312,4375500
2017-07-24,129.52000427246094,123.06838989257812,3065400
2017-07-25,129.97999572753906,123.5054931640625,2476000
2017-07-26,130.99000549316406,124.4652099609375,3547800
2017-07-27,128.92999267578125,122.50780487060547,4914500
2017-07-28,127.91000366210938,121.53860473632812,5257900
2017-07-31,127.80000305175781,121.43406677246094,3347500
2017-08-01,129.49000549316406,123.03988647460938,4010500
2017-08-02,130.61000061035156,124.10409545898438,3578600
2017-08-03,129.88999938964844,123.41998291015625,2568100
2017-08-04,129.82000732421875,123.35348510742188,2208100
2017-08-07,130.3800048828125,123.88558197021484,1585600
2017-08-08,129.83999633789062,123.37246704101562,2062800
2017-08-09,129.72000122070312,123.25843811035156,1789900
2017-08-10,127.66999816894531,121.31055450439453,2590400
2017-08-11,128.5500030517578,122.14671325683594,2484300
2017-08-14,131.08999633789062,124.5602035522461,2793300
2017-08-15,131.5800018310547,125.0257568359375,2155600
2017-08-16,132.3699951171875,125.77643585205078,2000700
2017-08-17,130.8800048828125,124.36067199707031,2673000
2017-08-18,131.13999938964844,124.60773468017578,3167300
2017-08-21,131.94000244140625,125.36782836914062,1807600
2017-08-22,133.8000030517578,127.13519287109375,2180100
2017-08-23,133.07000732421875,126.44156646728516,2006400
2017-08-24,132.9600067138672,126.33706665039062,2046600
2017-08-25,132.75,126.13752746582031,2215500
2017-08-28,133.85000610351562,127.18274688720703,2154700
2017-08-29,133.83999633789062,127.17327117919922,2122000
2017-08-30,133.8000030517578,127.13519287109375,3224500
2017-08-31,133.3000030517578,126.66009521484375,4374700
2017-09-01,133.24000549316406,126.60310363769531,2446600
2017-09-05,132.66000366210938,126.0519790649414,2726500
2017-09-06,132.88999938964844,126.27053833007812,3652100
2017-09-07,136.52999877929688,129.72918701171875,7269000
2017-09-08,137.22000122070312,130.38487243652344,4451300
2017-09-11,141.99000549316406,134.91726684570312,5457600
2017-09-12,142.4199981689453,135.32583618164062,3775000
2017-09-13,140.10000610351562,133.12136840820312,3613800
2017-09-14,141.47000122070312,134.42315673828125,4179400
2017-09-15,141.5800018310547,134.52767944335938,6152500
2017-09-18,141.39999389648438,134.3566131591797,2843500
2017-09-19,142.49000549316406,135.39236450195312,4179000
2017-09-20,142.24000549316406,135.15478515625,2749700
2017-09-21,141.72000122070312,134.66078186035156,2835300
2017-09-22,141.88999938964844,134.82220458984375,1860400
2017-09-25,138.57000732421875,131.66761779785156,5541200
2017-09-26,138.3699951171875,131.47755432128906,3162600
2017-09-27,139.6699981689453,132.71278381347656,3716800
2017-09-28,140.1999969482422,133.21640014648438,2732000
2017-09-29,141.1999969482422,134.16659545898438,2603200
2017-10-02,141.82000732421875,134.75575256347656,2300700
2017-10-03,143.02000427246094,135.89590454101562,2514500
2017-10-04,142.08999633789062,135.0122833251953,3245700
2017-10-05,143.75,136.80137634277344,2723000
2017-10-06,143.52000427246094,136.5824737548828,3067400
2017-10-09,144.5500030517578,137.56271362304688,2557700
2017-10-10,145.64999389648438,138.6095733642578,2593400
2017-10-11,146.85000610351562,139.7515411376953,3341900
2017-10-12,146.74000549316406,139.64686584472656,3226200
2017-10-13,147.33999633789062,140.2178192138672,2337300
2017-10-16,146.22000122070312,139.1519775390625,2590100
2017-10-17,145.92999267578125,138.87596130371094,3002400
2017-10-18,146.19000244140625,139.12342834472656,2525900
2017-10-19,144.97999572753906,137.97193908691406,4169900
2017-10-20,145.3800048828125,138.3526153564453,3547300
2017-10-23,145.55999755859375,138.52389526367188,2514500
2017-10-24,145.8000030517578,138.75230407714844,2918400
2017-10-25,146.24000549316406,139.17100524902344,3439700
2017-10-26,146.58999633789062,139.50408935546875,2574900
2017-10-27,148.52000427246094,141.34085083007812,3491900
2017-10-30,148.9499969482422,141.75003051757812,6555700
2017-10-31,148.77000427246094,141.57876586914062,7613700
2017-11-01,148.88999938964844,141.6929473876953,4531700
2017-11-02,148.25,141.0838623046875,3883600
2017-11-03,149.2899932861328,142.07359313964844,2338700
2017-11-06,150.08999633789062,142.83489990234375,3142900
2017-11-07,149.97000122070312,142.7207489013672,2683400
2017-11-08,149.97000122070312,142.7207489013672,3786800
2017-11-09,149.2899932861328,142.07359313964844,2716400
2017-11-10,149.5399932861328,142.3114776611328,1795900
2017-11-13,149.69000244140625,142.45428466796875,1750500
2017-11-14,149.9499969482422,142.70169067382812,3062300
2017-11-15,148.3300018310547,141.16006469726562,3058100
2017-11-16,150.3300018310547,143.06333923339844,2715400
2017-11-17,149.02000427246094,141.81666564941406,3186400
2017-11-20,149.55999755859375,142.33053588867188,2048700
2017-11-21,152.50999450683594,145.13795471191406,3999000
2017-11-22,151.25,143.93890380859375,2658600
2017-11-24,152.74000549316406,145.3568572998047,1577500
2017-11-27,152.97000122070312,145.57569885253906,3260200
2017-11-28,154.19000244140625,146.73672485351562,3874500
2017-11-29,148.35000610351562,141.17906188964844,7217000
2017-11-30,150.47000122070312,143.19654846191406,6943700
2017-12-01,149.69000244140625,142.45428466796875,3933000
2017-12-04,143.42999267578125,136.49684143066406,7490100
2017-12-05,145.1300048828125,138.1146697998047,6807100
2017-12-06,147.4199981689453,140.2939910888672,3752000
2017-12-07,149.4499969482422,142.22586059570312,3417900
2017-12-08,149.88999938964844,142.6445770263672,2521500
2017-12-11,150.8800048828125,143.5867462158203,3394800
2017-12-12,152.5,145.12844848632812,3360300
2017-12-13,151.69000244140625,144.3575897216797,3618700
2017-12-14,151.92999267578125,144.5860137939453,3016700
2017-12-15,153.39999389648438,145.98489379882812,5067300
2017-12-18,153.1199951171875,145.7184600830078,3531500
2017-12-19,151.67999267578125,144.34803771972656,2712700
2017-12-20,151.4499969482422,144.12918090820312,1992500
2017-12-21,150.52999877929688,143.25369262695312,2789000
2017-12-22,150.85000610351562,143.5582275390625,1892300
2017-12-26,151.27999877929688,143.9674072265625,1200700
2017-12-27,151.39999389648438,144.0815887451172,1730200
2017-12-28,151.77000427246094,144.4337158203125,1570600
2017-12-29,151.36000061035156,144.04347229003906,2258800
2018-01-02,151.91000366210938,144.5669403076172,3168900
2018-01-03,153.82000732421875,146.38462829589844,3732400
2018-01-04,155.80999755859375,148.27842712402344,3247200
2018-01-05,159.0399932861328,151.35227966308594,2747700
2018-01-08,159.27000427246094,151.80982971191406,3143100
2018-01-09,159.5,152.029052734375,2573900
2018-01-10,159.86000061035156,152.37222290039062,2416900
2018-01-11,160.9199981689453,153.3824920654297,2804000
2018-01-12,162.3300018310547,154.7264404296875,3041000
2018-01-16,162.2899932861328,154.68836975097656,4673400
2018-01-17,164.32000732421875,156.62330627441406,3136000
2018-01-18,165.47999572753906,157.7289276123047,4150600
2018-01-19,166.8300018310547,159.01568603515625,2947800
2018-01-22,168.27999877929688,160.39781188964844,2275900
2018-01-23,167.19000244140625,159.35882568359375,3035300
2018-01-24,167.00999450683594,159.18727111816406,3912400
2018-01-25,168.58999633789062,160.69326782226562,2088900
2018-01-26,170.33999633789062,162.36131286621094,2191600
2018-01-29,168.5500030517578,160.6551513671875,3082800
2018-01-30,167.19000244140625,159.35882568359375,4227100
2018-01-31,169.0,161.0840606689453,5815300
2018-02-01,172.92999267578125,164.82997131347656,6848400
2018-02-02,170.5500030517578,162.5614776611328,6556500
2018-02-05,164.58999633789062,156.88058471679688,7196000
2018-02-06,169.27999877929688,161.35098266601562,7259900
2018-02-07,168.72999572753906,160.82666015625,4364800
2018-02-08,160.6199951171875,153.0966033935547,6557700
2018-02-09,165.1999969482422,157.4621124267578,6303000
2018-02-12,168.19000244140625,160.31201171875,5227400
2018-02-13,170.1199951171875,162.15158081054688,3471000
2018-02-14,172.52000427246094,164.43917846679688,4203700
2018-02-15,174.69000244140625,166.507568359375,3915000
2018-02-16,175.64999389648438,167.4225311279297,4213100
2018-02-20,175.35000610351562,167.13661193847656,3750100
2018-02-21,172.32000732421875,164.24859619140625,5999500
2018-02-22,172.9499969482422,164.8490447998047,5605800
2018-02-23,175.75999450683594,167.5274200439453,3093800
2018-02-26,177.8699951171875,169.53855895996094,4088100
2018-02-27,175.92999267578125,167.68943786621094,3815900
2018-02-28,175.75999450683594,167.5274200439453,4145700
2018-03-01,173.49000549316406,165.36373901367188,4658500
2018-03-02,175.02000427246094,166.82212829589844,4190100
2018-03-05,178.52999877929688,170.16769409179688,4826500
2018-03-06,177.52999877929688,169.21449279785156,3820900
2018-03-07,179.2100067138672,170.8158416748047,2766100
2018-03-08,179.25,170.85394287109375,2235300
2018-03-09,183.24000549316406,174.6570587158203,4168900
2018-03-12,182.5399932861328,173.9899139404297,3589000
2018-03-13,181.00999450683594,172.53152465820312,3286600
2018-03-14,180.1199951171875,171.68319702148438,2820700
2018-03-15,180.9499969482422,172.47433471679688,2258200
2018-03-16,182.5500030517578,173.9993896484375,4605000
2018-03-19,180.5800018310547,172.12168884277344,3770000
2018-03-20,182.50999450683594,173.9612579345703,2859300
2018-03-21,180.75,172.28367614746094,3238400
2018-03-22,175.52000427246094,167.29867553710938,4387300
2018-03-23,171.8300018310547,163.781494140625,4324100
2018-03-26,177.1699981689453,168.8713836669922,5470100
2018-03-27,172.52000427246094,164.43917846679688,5069100
2018-03-28,170.35000610351562,162.37081909179688,5166600
2018-03-29,175.16000366210938,166.95555114746094,3719200
2018-04-02,171.60000610351562,163.56231689453125,4222400
2018-04-03,172.47000122070312,164.39151000976562,3612600
2018-04-04,173.69000244140625,165.5543975830078,4628300
2018-04-05,175.8000030517578,167.5655975341797,3434100
2018-04-06,169.6999969482422,161.98159790039062,5005500
2018-04-09,170.33999633789062,162.592529296875,3910700
2018-04-10,174.72000122070312,166.77333068847656,3149900
2018-04-11,172.36000061035156,164.52064514160156,2783000
2018-04-12,174.8000030517578,166.84963989257812,3065600
2018-04-13,174.27000427246094,166.3438262939453,3059600
2018-04-16,173.8699951171875,165.96197509765625,4668200
2018-04-17,178.33999633789062,170.2286376953125,4210200
2018-04-18,179.4600067138672,171.29776000976562,3150600
2018-04-19,179.00999450683594,170.86817932128906,3560400
2018-04-20,177.0800018310547,169.0260009765625,4233000
2018-04-23,175.42999267578125,167.4510040283203,4355000
2018-04-24,173.24000549316406,165.36062622070312,5369000
2018-04-25,172.47000122070312,164.62562561035156,3396200
2018-04-26,178.16000366210938,170.05677795410156,4784400
2018-04-27,175.94000244140625,167.93783569335938,3781000
2018-04-30,178.27000427246094,170.16184997558594,4323900
2018-05-01,180.25,172.05177307128906,4828300
2018-05-02,185.82000732421875,177.36843872070312,10133100
2018-05-03,186.47999572753906,177.99844360351562,5785700
2018-05-04,188.1699981689453,179.61155700683594,3593600
2018-05-07,189.10000610351562,180.49923706054688,4077300
2018-05-08,190.52999877929688,181.86419677734375,3396400
2018-05-09,190.6300048828125,181.95968627929688,2933900
2018-05-10,193.0500030517578,184.2696075439453,2821200
2018-05-11,193.35000610351562,184.55596923828125,3301700
2018-05-14,192.1199951171875,183.38189697265625,2877200
2018-05-15,192.0,183.26736450195312,2747500
2018-05-16,192.3800048828125,183.63006591796875,2109300
2018-05-17,191.1999969482422,182.50375366210938,2378300
2018-05-18,190.39999389648438,181.7401885986328,4208500
2018-05-21,191.1999969482422,182.50375366210938,2632600
2018-05-22,191.6199951171875,182.9046630859375,2620200
2018-05-23,192.99000549316406,184.2123565673828,2529900
2018-05-24,191.91000366210938,183.1814727783203,2912900
2018-05-25,191.1699981689453,182.47511291503906,2459600
2018-05-29,189.52999877929688,180.90966796875,4545000
2018-05-30,191.75999450683594,183.0382843017578,2764200
2018-05-31,190.1199951171875,181.47288513183594,4641400
2018-06-01,195.3699951171875,186.48406982421875,4194900
2018-06-04,197.72999572753906,188.73672485351562,3917200
2018-06-05,199.36000061035156,190.2926025390625,2655500
2018-06-06,203.2100067138672,193.96751403808594,3233100
2018-06-07,199.5399932861328,190.46441650390625,4084100
2018-06-08,200.0399932861328,190.941650390625,2296700
2018-06-11,198.49000549316406,189.46221923828125,2616900
2018-06-12,200.1300048828125,191.02761840820312,2660500
2018-06-13,199.41000366210938,190.34034729003906,2686100
2018-06-14,199.30999755859375,190.24493408203125,2846900
2018-06-15,199.52999877929688,190.45489501953125,4162100
2018-06-18,201.1300048828125,191.9821014404297,2081300
2018-06-19,199.69000244140625,190.60763549804688,2666200
2018-06-20,201.5399932861328,192.37347412109375,3898600
2018-06-21,200.77999877929688,191.64797973632812,2678200
2018-06-22,201.47999572753906,192.31617736816406,2993600
2018-06-25,194.97999572753906,186.11184692382812,4780600
2018-06-26,196.4600067138672,187.52452087402344,4271200
2018-06-27,193.17999267578125,184.39366149902344,3233000
2018-06-28,197.10000610351562,188.1354522705078,2621100
2018-06-29,196.52000427246094,187.58177185058594,3006900
2018-07-02,197.6699981689453,188.6794891357422,3018300
2018-07-03,196.2899932861328,187.3622589111328,1567400
2018-07-05,198.8699951171875,189.82492065429688,3101900
2018-07-06,199.52000427246094,190.68508911132812,2050300
2018-07-09,200.92999267578125,192.03262329101562,2377300
2018-07-10,201.52000427246094,192.59646606445312,2265100
2018-07-11,203.83999633789062,194.813720703125,2827900
2018-07-12,207.77999877929688,198.57933044433594,3970800
2018-07-13,205.91000366210938,196.7921142578125,2590800
2018-07-16,204.0800018310547,195.04319763183594,2955000
2018-07-17,206.3699951171875,197.2317657470703,2919000
2018-07-18,208.36000061035156,199.1336212158203,3595400
2018-07-19,206.05999755859375,196.9354705810547,2264600
2018-07-20,206.7100067138672,197.5567169189453,2801000
2018-07-23,207.83999633789062,198.63661193847656,2717900
2018-07-24,209.5800018310547,200.29959106445312,3509100
2018-07-25,214.16000366210938,204.67677307128906,4967900
2018-07-26,207.3699951171875,198.18743896484375,7279900
2018-07-27,202.94000244140625,193.9535675048828,4913000
2018-07-30,197.8699951171875,189.10809326171875,5939300
2018-07-31,198.0,189.23236083984375,4416600
2018-08-01,201.1999969482422,192.29063415527344,4614200
2018-08-02,202.00999450683594,193.06478881835938,3615000
2018-08-03,201.1999969482422,192.29063415527344,2722800
2018-08-06,201.5399932861328,192.61561584472656,3061300
2018-08-07,202.6199951171875,193.6477813720703,2422200
2018-08-08,202.86000061035156,193.87716674804688,2697900
2018-08-09,203.60000610351562,194.58438110351562,2444900
2018-08-10,202.64999389648438,193.67645263671875,2567000
2018-08-13,202.30999755859375,193.35150146484375,2014000
2018-08-14,203.8800048828125,194.8520050048828,2076600
2018-08-15,200.24000549316406,191.37318420410156,2955700
2018-08-16,203.60000610351562,194.58438110351562,2894000
2018-08-17,203.2100067138672,194.21163940429688,2308900
2018-08-20,204.75,195.68345642089844,2469300
2018-08-21,203.08999633789062,194.09698486328125,1979600
2018-08-22,204.30999755859375,195.26296997070312,1905300
2018-08-23,205.22000122070312,196.13267517089844,2247600
2018-08-24,209.39999389648438,200.12754821777344,2722600
2018-08-27,211.52999877929688,202.1632080078125,2550200
2018-08-28,212.6300048828125,203.2145233154297,2240200
2018-08-29,214.57000732421875,205.06866455078125,3172100
2018-08-30,213.8000030517578,204.33274841308594,3083000
2018-08-31,215.55999755859375,206.0147705078125,3020000
2018-09-04,216.82000732421875,207.218994140625,3776500
2018-09-05,211.16000366210938,201.80958557128906,3869500
2018-09-06,212.77000427246094,203.34835815429688,3032800
2018-09-07,211.08999633789062,201.7427520751953,3298500
2018-09-10,211.6699981689453,202.29702758789062,3326300
2018-09-11,213.4499969482422,203.9982147216797,2728500
2018-09-12,214.02999877929688,204.5525665283203,2291300
2018-09-13,217.22000122070312,207.6012725830078,3898000
2018-09-14,217.9600067138672,208.3084716796875,2638000
2018-09-17,216.47000122070312,206.8844757080078,2500900
2018-09-18,220.0500030517578,210.3059539794922,2851000
2018-09-19,218.19000244140625,208.52833557128906,2883000
2018-09-20,221.38999938964844,211.586669921875,3108500
2018-09-21,221.89999389648438,212.0740203857422,7177800
2018-09-24,221.35000610351562,211.54843139648438,2520000
2018-09-25,222.1199951171875,212.28427124023438,2181300
2018-09-26,222.25999450683594,212.41810607910156,2963600
2018-09-27,222.30999755859375,212.46591186523438,2645200
2018-09-28,222.61000061035156,212.75257873535156,2955000
2018-10-01,223.77000427246094,213.8612518310547,2955500
2018-10-02,222.3699951171875,212.523193359375,3060700
2018-10-03,223.1300048828125,213.2496337890625,2662400
2018-10-04,216.14999389648438,206.5786590576172,5664900
2018-10-05,213.25999450683594,204.05267333984375,4268300
2018-10-08,208.25999450683594,199.26849365234375,5611000
2018-10-09,209.75999450683594,200.70376586914062,5659400
2018-10-10,196.69000244140625,188.19805908203125,8455000
2018-10-11,194.50999450683594,186.1121826171875,9185200
2018-10-12,204.22000122070312,195.4029083251953,6160300
2018-10-15,200.32000732421875,191.6713104248047,3969200
2018-10-16,207.77999877929688,198.8092498779297,4694900
2018-10-17,207.3800048828125,198.42649841308594,4431200
2018-10-18,203.6199951171875,194.828857421875,6264500
2018-10-19,203.05999755859375,194.29302978515625,4832500
2018-10-22,204.5,195.67086791992188,4045100
2018-10-23,202.42999267578125,193.69020080566406,5076800
2018-10-24,195.69000244140625,187.24127197265625,4415900
2018-10-25,204.1999969482422,195.38380432128906,4940700
2018-10-26,197.49000549316406,188.96348571777344,6523600
2018-10-29,191.0399932861328,182.79196166992188,6623800
2018-10-30,187.72999572753906,179.62489318847656,9239200
2018-10-31,197.6699981689453,189.13572692871094,7683500
2018-11-01,199.7100067138672,191.087646484375,4439000
2018-11-02,197.72000122070312,189.18357849121094,4261500
2018-11-05,197.97999572753906,189.43235778808594,3110800
2018-11-06,199.14999389648438,190.5518341064453,2916000
2018-11-07,208.24000549316406,199.24932861328125,4922800
2018-11-08,208.86000061035156,199.8426055908203,3922200
2018-11-09,205.6199951171875,196.7425079345703,3229700
2018-11-12,199.13999938964844,190.542236328125,3507300
2018-11-13,198.1699981689453,189.61416625976562,2852000
2018-11-14,197.5800018310547,189.0496063232422,3218600
2018-11-15,200.7100067138672,192.0444793701172,3424600
2018-11-16,199.0399932861328,190.44656372070312,2939500
2018-11-19,189.27999877929688,181.1079559326172,4488100
2018-11-20,187.05999755859375,178.98379516601562,7892900
2018-11-21,187.66000366210938,179.5579071044922,3950200
2018-11-23,182.60000610351562,174.7163543701172,2601000
2018-11-26,191.85000610351562,183.56703186035156,6917200
2018-11-27,192.97999572753906,184.64822387695312,3976300
2018-11-28,202.27999877929688,193.54672241210938,6203000
2018-11-29,196.66000366210938,188.16929626464844,5447700
2018-11-30,201.07000732421875,192.388916015625,7944700
2018-12-03,209.86000061035156,200.7994384765625,6599900
2018-12-04,200.49000549316406,191.83399963378906,6628600
2018-12-06,202.99000549316406,194.22605895996094,6558900
2018-12-07,196.5,188.0162353515625,4968100
2018-12-10,198.05999755859375,189.5089111328125,4101000
2018-12-11,197.74000549316406,189.20272827148438,3582400
2018-12-12,200.2899932861328,191.64266967773438,5160100
2018-12-13,198.9600067138672,190.37002563476562,5246200
2018-12-14,195.3300018310547,186.89675903320312,3801700
2018-12-17,190.4499969482422,182.22740173339844,5459900
2018-12-18,191.61000061035156,183.3373565673828,4345200
2018-12-19,187.1199951171875,179.0412139892578,6100600
2018-12-20,182.7100067138672,174.82164001464844,6562600
2018-12-21,175.19000244140625,167.6262969970703,8374300
2018-12-24,174.64999389648438,167.109619140625,4351900
2018-12-26,186.42999267578125,178.3810577392578,5261400
2018-12-27,188.69000244140625,180.54342651367188,4695200
2018-12-28,186.16000366210938,178.12269592285156,4830300
2018-12-31,188.64999389648438,180.5051727294922,3658500
2019-01-02,189.74000549316406,181.54812622070312,4294000
2019-01-03,181.17999267578125,173.357666015625,5070900
2019-01-04,189.75999450683594,181.5672149658203,4452900
2019-01-07,191.22000122070312,182.96417236328125,4219200
2019-01-08,192.27999877929688,184.29647827148438,5069700
2019-01-09,195.77000427246094,187.64157104492188,5471500
2019-01-10,196.9499969482422,188.7725372314453,3693600
2019-01-11,195.89999389648438,187.7661895751953,2500100
2019-01-14,195.42999267578125,187.3157196044922,3336500
2019-01-15,196.52000427246094,188.36044311523438,3783000
2019-01-16,197.77000427246094,189.55850219726562,3546300
2019-01-17,199.30999755859375,191.03460693359375,2764100
2019-01-18,202.0,193.61294555664062,4866600
2019-01-22,199.4600067138672,191.17840576171875,4457700
2019-01-23,198.35000610351562,190.114501953125,3086100
2019-01-24,199.7899932861328,191.4946746826172,2792000
2019-01-25,202.94000244140625,194.51388549804688,4677500
2019-01-28,200.16000366210938,191.84930419921875,3277200
2019-01-29,199.24000549316406,190.967529296875,3661900
2019-01-30,204.02000427246094,195.5490264892578,4079500
2019-01-31,211.1300048828125,202.36383056640625,11316200
2019-02-01,213.77000427246094,204.8942413330078,6470100
2019-02-04,214.91000366210938,205.9868927001953,4397500
2019-02-05,215.86000061035156,206.89744567871094,3091500
2019-02-06,215.3000030517578,206.36070251464844,2698000
2019-02-07,213.97000122070312,205.0858917236328,2742900
2019-02-08,216.5800018310547,207.5875244140625,3248400
2019-02-11,217.10000610351562,208.08596801757812,2974400
2019-02-12,218.91000366210938,209.82081604003906,3411400
2019-02-13,220.5399932861328,211.38308715820312,2996600
2019-02-14,219.80999755859375,210.68344116210938,2875600
2019-02-15,222.11000061035156,212.88795471191406,2758500
2019-02-19,220.58999633789062,211.43104553222656,2836700
2019-02-20,221.11000061035156,211.92950439453125,3103600
2019-02-21,219.30999755859375,210.2041473388672,3528800
2019-02-22,223.32000732421875,214.04766845703125,3295300
2019-02-25,223.32000732421875,214.04766845703125,3359200
2019-02-26,224.0,214.699462890625,2852300
2019-02-27,224.57000732421875,215.24578857421875,2119500
2019-02-28,224.77000427246094,215.43753051757812,3240400
2019-03-01,227.25,217.8145294189453,3001400
2019-03-04,226.2899932861328,216.8944091796875,2977700
2019-03-05,226.22000122070312,216.82728576660156,2779100
2019-03-06,224.47000122070312,215.1499481201172,2849300
2019-03-07,222.41000366210938,213.1754913330078,3879600
2019-03-08,221.8699951171875,212.6579132080078,2691800
2019-03-11,225.63999938964844,216.27134704589844,2670100
2019-03-12,226.94000244140625,217.51742553710938,2478700
2019-03-13,228.5,219.01255798339844,2690400
2019-03-14,229.50999450683594,219.9806671142578,2838700
2019-03-15,231.1699981689453,221.57179260253906,3894200
2019-03-18,230.38999938964844,220.8241729736328,2734100
2019-03-19,231.00999450683594,221.41839599609375,3212000
2019-03-20,229.88999938964844,220.34490966796875,3747400
2019-03-21,235.8699951171875,226.07662963867188,4441100
2019-03-22,230.75999450683594,221.1787872314453,3709400
2019-03-25,230.4199981689453,220.85292053222656,3506500
2019-03-26,233.2899932861328,223.60374450683594,3046900
2019-03-27,232.52000427246094,222.86569213867188,2640700
2019-03-28,234.86000061035156,225.10853576660156,2712100
2019-03-29,235.4499969482422,225.6740264892578,3453900
2019-04-01,239.0500030517578,229.12460327148438,3475900
2019-04-02,239.25999450683594,229.32586669921875,3386400
2019-04-03,238.92999267578125,229.009521484375,2911700
2019-04-04,236.05999755859375,226.25872802734375,3096300
2019-04-05,236.6300048828125,226.8050537109375,2590000
2019-04-08,236.27000427246094,226.77627563476562,2714500
2019-04-09,235.91000366210938,226.43075561523438,2491300
2019-04-10,237.05999755859375,227.53453063964844,1984200
2019-04-11,236.0399932861328,226.5554656982422,1908200
2019-04-12,238.8300018310547,229.23338317871094,3452100
2019-04-15,239.14999389648438,229.54054260253906,3437500
2019-04-16,240.08999633789062,230.44276428222656,2564300
2019-04-17,241.0,231.3162078857422,2829200
2019-04-18,240.88999938964844,231.21058654785156,3016800
2019-04-22,243.0500030517578,233.2838592529297,2217700
2019-04-23,243.49000549316406,233.70619201660156,3108400
2019-04-24,245.2899932861328,235.433837890625,3255200
2019-04-25,245.61000061035156,235.74099731445312,3152400
2019-04-26,246.67999267578125,236.76797485351562,3349300
2019-04-29,247.1300048828125,237.1998748779297,3274900
2019-04-30,254.24000549316406,244.024169921875,7179600
2019-05-01,248.75,238.75477600097656,5146000
2019-05-02,247.19000244140625,237.2574920654297,4747300
2019-05-03,247.9499969482422,237.98695373535156,3194200
2019-05-06,248.63999938964844,238.64923095703125,3022000
2019-05-07,245.05999755859375,235.2130584716797,4257500
2019-05-08,245.3300018310547,235.47225952148438,3050700
2019-05-09,245.30999755859375,235.45297241210938,3891000
2019-05-10,247.42999267578125,237.48785400390625,2816200
2019-05-13,241.3800048828125,231.6809539794922,4136900
2019-05-14,245.94000244140625,236.05767822265625,3862100
2019-05-15,249.14999389648438,239.13876342773438,4186900
2019-05-16,253.4199981689453,243.23709106445312,4911900
2019-05-17,252.5500030517578,242.4021453857422,3129800
2019-05-20,253.49000549316406,243.30430603027344,2951500
2019-05-21,255.36000061035156,245.09921264648438,2881600
2019-05-22,256.8999938964844,246.5772705078125,2936000
2019-05-23,249.72999572753906,239.6954345703125,5072500
2019-05-24,251.47999572753906,241.37509155273438,2710800
2019-05-28,253.42999267578125,243.24673461914062,6252100
2019-05-29,253.55999755859375,243.3715057373047,4014300
2019-05-30,254.19000244140625,243.97616577148438,2817400
2019-05-31,251.49000549316406,241.38473510742188,5041400
2019-06-03,242.25999450683594,232.52561950683594,5452100
2019-06-04,249.17999267578125,239.1675262451172,4862200
2019-06-05,256.260009765625,245.9630584716797,4742400
2019-06-06,257.8299865722656,247.46995544433594,3443500
2019-06-07,265.79998779296875,255.11965942382812,3691800
2019-06-10,266.1000061035156,255.40769958496094,4469000
2019-06-11,263.6600036621094,253.06564331054688,3119600
2019-06-12,263.8500061035156,253.248046875,2295300
2019-06-13,261.20001220703125,250.7045440673828,4331000
2019-06-14,260.1000061035156,249.64877319335938,3158200
2019-06-17,259.20001220703125,248.78497314453125,3332200
2019-06-18,258.80999755859375,248.4105987548828,3921300
2019-06-19,259.8699951171875,249.42803955078125,4326500
2019-06-20,266.7900085449219,256.0699462890625,4667300
2019-06-21,264.4700012207031,253.84310913085938,4285800
2019-06-24,265.29998779296875,254.6397705078125,2538100
2019-06-25,259.7300109863281,249.29364013671875,3138000
2019-06-26,261.29998779296875,250.80055236816406,3869400
2019-06-27,261.1000061035156,250.6085662841797,2186900
2019-06-28,264.5299987792969,253.9007568359375,4400300
2019-07-01,266.7699890136719,256.0508117675781,2646800
2019-07-02,270.57000732421875,259.697998046875,2649100
2019-07-03,273.0799865722656,262.107177734375,1896800
2019-07-05,272.1400146484375,261.2048645019531,2561000
2019-07-08,271.2300109863281,260.6476135253906,2291700
2019-07-09,273.3399963378906,262.67529296875,2477400
2019-07-10,275.3800048828125,264.6356506347656,2323000
2019-07-11,278.32000732421875,267.46099853515625,2583900
2019-07-12,279.5400085449219,268.6333923339844,2299700
2019-07-15,279.3699951171875,268.4699401855469,3349500
2019-07-16,276.6199951171875,265.8272705078125,2976000
2019-07-17,275.2799987792969,264.5395812988281,2318900
2019-07-18,276.7799987792969,265.9809875488281,3241000
2019-07-19,275.6000061035156,264.8470764160156,3048200
2019-07-22,278.6099853515625,267.7396545410156,2092400
2019-07-23,278.9700012207031,268.0856018066406,2275400
2019-07-24,280.25,269.3157043457031,2805200
2019-07-25,279.3500061035156,268.4507751464844,2312200
2019-07-26,282.07000732421875,271.0646667480469,2942100
2019-07-29,281.44000244140625,270.45928955078125,3677700
2019-07-30,278.1600036621094,267.3071594238281,3957900
2019-07-31,272.2699890136719,261.6470031738281,5513100
2019-08-01,274.1600036621094,263.4632873535156,4988100
2019-08-02,269.45001220703125,258.9371032714844,4438000
2019-08-05,256.8399963378906,246.8190155029297,6861300
2019-08-06,264.67999267578125,254.3531494140625,4918500
2019-08-07,269.30999755859375,258.802490234375,4476000
2019-08-08,278.0400085449219,267.1918640136719,4135500
2019-08-09,274.95001220703125,264.2224426269531,3410500
2019-08-12,270.0,259.4655456542969,3322600
2019-08-13,274.5299987792969,263.8188171386719,3899800
2019-08-14,267.1499938964844,256.7267150878906,3750300
2019-08-15,271.8900146484375,261.28179931640625,3364300
2019-08-16,274.3599853515625,263.655517578125,2718100
2019-08-19,278.07000732421875,267.22076416015625,2502300
2019-08-20,277.0400085449219,266.2308349609375,2583600
2019-08-21,282.010009765625,271.0069580078125,2492200
2019-08-22,280.7699890136719,269.8153381347656,2975800
2019-08-23,271.8900146484375,261.28179931640625,4415000
2019-08-26,276.42999267578125,265.6447448730469,2184400
2019-08-27,276.6400146484375,265.8464660644531,2169400
2019-08-28,278.239990234375,267.384033203125,2306900
2019-08-29,281.3800048828125,270.4015808105469,2297200
2019-08-30,281.3699951171875,270.3919677734375,2600300
2019-09-03,280.1099853515625,269.1810302734375,2350800
2019-09-04,286.1000061035156,274.93743896484375,2631000
2019-09-05,292.0799865722656,280.6841125488281,3808300
2019-09-06,291.3800048828125,280.01141357421875,2783300
2019-09-09,283.3599853515625,272.3043212890625,4795900
2019-09-10,272.3299865722656,261.70465087890625,8683800
2019-09-11,269.95001220703125,259.4175720214844,6342300
2019-09-12,276.3999938964844,265.6158142089844,5497900
2019-09-13,276.32000732421875,265.53900146484375,4631100
2019-09-16,274.0799865722656,263.38641357421875,2755100
2019-09-17,276.25,265.4717102050781,2929500
2019-09-18,275.1000061035156,264.3666076660156,2975900
2019-09-19,275.9100036621094,265.1450500488281,2623800
2019-09-20,271.1700134277344,260.5899353027344,5540800
2019-09-23,273.1499938964844,262.49267578125,3092000
2019-09-24,271.1199951171875,260.5417785644531,4120300
2019-09-25,272.75,262.10833740234375,4083600
2019-09-26,273.8900146484375,263.2037658691406,2924600
2019-09-27,269.1300048828125,258.6294860839844,3175700
2019-09-30,271.57000732421875,260.9742736816406,3128700
2019-10-01,270.94000244140625,260.3689270019531,3066400
2019-10-02,264.4800109863281,254.1609649658203,4308900
2019-10-03,268.2900085449219,257.8222351074219,3948100
2019-10-04,274.05999755859375,263.3672180175781,2671400
2019-10-07,272.19000244140625,261.5701599121094,2861900
2019-10-08,267.07000732421875,256.9613952636719,2818900
2019-10-09,272.239990234375,261.9358215332031,2169600
2019-10-10,273.8299865722656,263.46563720703125,2194700
2019-10-11,275.9100036621094,265.46685791015625,3493000
2019-10-14,276.3800048828125,265.9190673828125,2042500
2019-10-15,278.55999755859375,268.01654052734375,3006600
2019-10-16,278.2699890136719,267.73748779296875,2689400
2019-10-17,276.510009765625,266.04412841796875,2396600
2019-10-18,270.6300048828125,260.3866882324219,4052300
2019-10-21,274.29998779296875,263.91766357421875,2921200
2019-10-22,261.260009765625,251.371337890625,5619500
2019-10-23,260.8500061035156,250.97691345214844,5367000
2019-10-24,268.75,258.577880859375,3791900
2019-10-25,270.19000244140625,259.9634094238281,2760200
2019-10-28,275.92999267578125,265.48602294921875,3796600
2019-10-29,274.2900085449219,263.9082336425781,4706700
2019-10-30,277.1499938964844,266.65997314453125,3485500
2019-10-31,276.80999755859375,266.332763671875,5356000
2019-11-01,279.04998779296875,268.4879150390625,2880000
2019-11-04,276.3299865722656,265.87091064453125,3726600
2019-11-05,269.0,258.8183898925781,4717500
2019-11-06,269.8599853515625,259.6457824707031,3742900
2019-11-07,272.7900085449219,262.4649353027344,4277800
2019-11-08,274.8900146484375,264.48553466796875,2241300
2019-11-11,277.0,266.51556396484375,2132600
2019-11-12,277.1400146484375,266.6502990722656,2217200
2019-11-13,278.07000732421875,267.5451354980469,3320600
2019-11-14,279.6300048828125,269.0460510253906,2365900
2019-11-15,280.7799987792969,270.1524963378906,2544200
2019-11-18,280.8599853515625,270.22955322265625,2715900
2019-11-19,285.30999755859375,274.5110778808594,3013800
2019-11-20,285.3800048828125,274.5783386230469,2903900
2019-11-21,284.45001220703125,273.6835632324219,2777000
2019-11-22,282.57000732421875,271.87469482421875,2968100
2019-11-25,287.6099853515625,276.7240295410156,3760200
2019-11-26,289.3800048828125,278.4270324707031,5712800
2019-11-27,291.70001220703125,280.6591491699219,2163500
2019-11-29,292.2300109863281,281.169189453125,1754400
2019-12-02,286.4700012207031,275.6271057128906,3062300
2019-12-03,287.0899963378906,276.2237243652344,2528300
2019-12-04,286.8399963378906,275.9831237792969,2743300
2019-12-05,289.8500061035156,278.87921142578125,2580300
2019-12-06,290.3999938964844,279.40838623046875,2425200
2019-12-09,289.05999755859375,278.1191101074219,1903000
2019-12-10,288.6099853515625,277.68621826171875,2514300
2019-12-11,290.04998779296875,279.0716552734375,2298100
2019-12-12,292.2099914550781,281.1499328613281,2746400
2019-12-13,296.0899963378906,284.8830261230469,3565400
2019-12-16,296.9599914550781,285.7200622558594,4210700
2019-12-17,296.0,284.79644775390625,3354500
2019-12-18,294.739990234375,283.58416748046875,2902700
2019-12-19,297.5299987792969,286.26849365234375,2536900
2019-12-20,298.57000732421875,287.26922607421875,5099400
2019-12-23,297.2699890136719,286.0182800292969,3590500
2019-12-24,297.4800109863281,286.22039794921875,641100
2019-12-26,299.20001220703125,287.8753662109375,1369200
2019-12-27,300.739990234375,289.35693359375,2042600
2019-12-30,297.7200012207031,286.4513854980469,2717600
2019-12-31,298.5899963378906,287.2884216308594,2478600
2020-01-02,303.3900146484375,291.90679931640625,3272400
2020-01-03,300.42999267578125,289.05877685546875,2501300
2020-01-06,301.2300109863281,289.82843017578125,3307200
2020-01-07,300.2099914550781,288.8470764160156,3182000
2020-01-08,305.1000061035156,293.9437255859375,3224400
2020-01-09,309.1000061035156,297.7974853515625,3292600
2020-01-10,311.1700134277344,299.7917175292969,2948000
2020-01-13,315.2099914550781,303.6839599609375,3236400
2020-01-14,310.6400146484375,299.2811279296875,4951400
2020-01-15,314.25,302.759033203125,4664200
2020-01-16,320.29998779296875,308.5877990722656,3323300
2020-01-17,323.6600036621094,311.8250427246094,4821000
2020-01-21,321.92999267578125,310.15826416015625,5998600
2020-01-22,324.30999755859375,312.451171875,3518500
2020-01-23,324.9800109863281,313.0966796875,4188300
2020-01-24,323.6700134277344,311.8345642089844,3634700
2020-01-27,315.7699890136719,304.2235412597656,4367500
2020-01-28,320.2699890136719,308.5589599609375,3486200
2020-01-29,320.32000732421875,308.6071472167969,4389400
2020-01-30,324.4599914550781,312.5957336425781,3512100
2020-01-31,315.94000244140625,304.38726806640625,5586800
2020-02-03,324.5199890136719,312.653564453125,4240100
2020-02-04,329.1199951171875,317.0853271484375,4158200
2020-02-05,328.32000732421875,316.3145446777344,3868000
2020-02-06,329.29998779296875,317.2586975097656,3422000
2020-02-07,327.0,315.0428466796875,2584200
2020-02-10,330.2799987792969,318.202880859375,3848100
2020-02-11,330.9200134277344,318.8194885253906,3449300
2020-02-12,334.1600036621094,321.9410095214844,2451000
2020-02-13,335.8399963378906,323.5595703125,3001000
2020-02-14,340.95001220703125,328.48272705078125,2716300
2020-02-18,341.239990234375,328.7621154785156,3597300
2020-02-19,344.55999755859375,331.96075439453125,3040300
2020-02-20,344.45001220703125,331.8547668457031,4316000
2020-02-21,339.70001220703125,327.2784423828125,4997100
2020-02-24,324.6700134277344,312.79803466796875,7816000
2020-02-25,302.8900146484375,291.81451416015625,12715700
2020-02-26,298.0400085449219,287.1418151855469,9403300
2020-02-27,285.82000732421875,275.3686828613281,13814600
2020-02-28,290.25,279.6366271972656,12846000
2020-03-02,306.739990234375,295.523681640625,9688100
2020-03-03,292.0,281.32269287109375,8051100
2020-03-04,302.3599853515625,291.30377197265625,6463800
2020-03-05,290.7300109863281,280.0991516113281,6621300
2020-03-06,287.010009765625,276.51507568359375,7061500
2020-03-09,262.010009765625,252.42933654785156,8498300
2020-03-10,280.57000732421875,270.3106689453125,8131400
2020-03-11,269.760009765625,259.8959045410156,8366800
2020-03-12,241.5,232.66925048828125,15031500
2020-03-13,270.010009765625,260.1367492675781,9934900
2020-03-16,235.64999389648438,227.03314208984375,12111500
2020-03-17,237.8800048828125,229.18157958984375,12665200
2020-03-18,227.92999267578125,219.5955047607422,11352800
2020-03-19,227.14999389648438,218.84396362304688,9126400
2020-03-20,211.4199981689453,203.689208984375,10518600
2020-03-23,203.3000030517578,195.86611938476562,11588700
2020-03-24,237.07000732421875,228.4012451171875,11654800
2020-03-25,256.4800109863281,247.1015167236328,12642700
2020-03-26,263.17999267578125,253.5564727783203,9957900
2020-03-27,247.64999389648438,238.59439086914062,7819300
2020-03-30,253.25,243.98963928222656,5765800
2020-03-31,241.55999755859375,232.72705078125,10373900
2020-04-01,228.61000061035156,220.25062561035156,6646200
2020-04-02,238.8800048828125,230.1450653076172,6446600
2020-04-03,237.02999877929688,228.36268615722656,4163000
2020-04-06,265.94000244140625,256.2156677246094,8636700
2020-04-07,259.0799865722656,249.60647583007812,8627300
2020-04-08,270.95001220703125,261.4460754394531,5690100
2020-04-09,269.3999938964844,259.95037841796875,6662900
2020-04-13,263.3399963378906,254.10293579101562,7114400
2020-04-14,270.7200012207031,261.22406005859375,6354400
2020-04-15,257.1400146484375,248.12045288085938,10240700
2020-04-16,246.75999450683594,238.10452270507812,11455400
2020-04-17,259.9700012207031,250.85118103027344,10412100
2020-04-20,251.72999572753906,242.90023803710938,6042700
2020-04-21,245.35000610351562,236.74400329589844,5964600
2020-04-22,256.9100036621094,247.89854431152344,5083200
2020-04-23,255.86000061035156,246.88534545898438,4270600
2020-04-24,258.760009765625,249.68360900878906,3824200
2020-04-27,265.1199951171875,255.820556640625,4099900
2020-04-28,264.6000061035156,255.31883239746094,4344000
2020-04-29,283.69000244140625,273.7392578125,8505000
2020-04-30,274.9700012207031,265.3250732421875,5898900
2020-05-01,268.739990234375,259.3135681152344,5067800
2020-05-04,269.260009765625,259.81536865234375,3747100
2020-05-05,273.9800109863281,264.3698425292969,3926200
2020-05-06,272.44000244140625,262.8837890625,3261900
2020-05-07,278.4700012207031,268.7022399902344,4371400
2020-05-08,282.44000244140625,272.5331115722656,3215400
2020-05-11,281.2300109863281,271.3654479980469,4056900
2020-05-12,272.1099853515625,262.5654296875,4031400
2020-05-13,269.1600036621094,259.7187805175781,4802100
2020-05-14,277.30999755859375,267.5829772949219,6294200
2020-05-15,278.94000244140625,269.15576171875,3813300
2020-05-18,289.8999938964844,279.73138427734375,6037800
2020-05-19,290.7300109863281,280.5322570800781,5211800
2020-05-20,298.79998779296875,288.3191223144531,4592200
2020-05-21,294.260009765625,283.9384765625,3944100
2020-05-22,294.9100036621094,284.5656433105469,2897000
2020-05-26,303.3299865722656,292.6902770996094,5246900
2020-05-27,299.7699890136719,289.255126953125,5147900
2020-05-28,302.29998779296875,291.69635009765625,4520800
2020-05-29,300.8900146484375,290.3357849121094,4930100
2020-06-01,301.3999938964844,290.8279724121094,2841800
2020-06-02,303.5899963378906,292.941162109375,4131300
2020-06-03,307.07000732421875,296.29913330078125,3429700
2020-06-04,301.3699951171875,290.7989501953125,4147700
2020-06-05,311.8800048828125,300.9403381347656,5058200
2020-06-08,310.4100036621094,299.5218505859375,3724300
2020-06-09,311.489990234375,300.5640869140625,3314800
2020-06-10,313.1499938964844,302.16583251953125,4089000
2020-06-11,291.25,281.0340576171875,6505300
2020-06-12,297.7900085449219,287.3445739746094,4512200
2020-06-15,297.1700134277344,286.7463684082031,5932900
2020-06-16,304.4800109863281,293.7998962402344,4013100
2020-06-17,303.760009765625,293.10516357421875,2566400
2020-06-18,304.8500061035156,294.1568908691406,2776600
2020-06-19,296.5,286.0997619628906,4533500
2020-06-22,304.44000244140625,293.7613220214844,3489200
2020-06-23,306.8800048828125,296.11578369140625,3801500
2020-06-24,294.010009765625,283.6972351074219,5086000
2020-06-25,298.010009765625,287.5569152832031,3294800
2020-06-26,289.3399963378906,279.1909484863281,4922500
2020-06-29,292.92999267578125,282.655029296875,3642200
2020-06-30,295.70001220703125,285.3279113769531,4283500
2020-07-01,301.1700134277344,290.6060791015625,3801300
2020-07-02,302.4200134277344,291.8122253417969,3290100
2020-07-06,305.57000732421875,294.8517150878906,3013300
2020-07-07,299.9100036621094,289.3902893066406,3633100
2020-07-08,300.1499938964844,290.0085754394531,4115000
2020-07-09,294.5899963378906,284.63641357421875,5042800
2020-07-10,295.67999267578125,285.6895751953125,3030900
2020-07-13,290.17999267578125,280.37542724609375,4853700
2020-07-14,298.95001220703125,288.84918212890625,4795900
2020-07-15,305.7200012207031,295.39044189453125,5257300
2020-07-16,299.3500061035156,289.2355651855469,3312100
2020-07-17,304.05999755859375,293.78643798828125,3169800
2020-07-20,311.9599914550781,301.4195556640625,5279400
2020-07-21,307.6000061035156,297.2068176269531,3562100
2020-07-22,313.3699951171875,302.7818908691406,3303100
2020-07-23,309.8999938964844,299.42919921875,3118500
2020-07-24,306.9200134277344,296.5498352050781,2500300
2020-07-27,308.8599853515625,298.42431640625,2311600
2020-07-28,306.3299865722656,295.9798278808594,2116300
2020-07-29,309.29998779296875,298.84942626953125,3542400
2020-07-30,309.0,298.5595703125,3941600
2020-07-31,308.5299987792969,298.1055603027344,4684400
2020-08-03,312.5899963378906,302.0282897949219,3907800
2020-08-04,314.3900146484375,303.7675476074219,3409200
2020-08-05,328.0,316.9176025390625,5677200
2020-08-06,330.1400146484375,318.9852600097656,4839800
2020-08-07,328.0199890136719,316.9369201660156,3662500
2020-08-10,322.8800048828125,311.97052001953125,3752100
2020-08-11,328.5400085449219,317.43939208984375,5273300
2020-08-12,327.6300048828125,316.56005859375,3125900
2020-08-13,326.19000244140625,315.1687316894531,2526700
2020-08-14,326.79998779296875,315.7581481933594,1444900
2020-08-17,330.2300109863281,319.0722961425781,2904100
2020-08-18,331.0,319.8161926269531,3021700
2020-08-19,332.3999938964844,321.1689147949219,3421000
2020-08-20,337.32000732421875,325.9226989746094,2966000
2020-08-21,337.1000061035156,325.7101745605469,2680900
2020-08-24,343.6400146484375,332.02923583984375,2753900
2020-08-25,347.6600036621094,335.9132995605469,2862700
2020-08-26,351.0199890136719,339.1597900390625,3512000
2020-08-27,356.0,343.97149658203125,3811700
2020-08-28,366.1199951171875,353.7495422363281,3544700
2020-08-31,358.19000244140625,346.0876159667969,3948200
2020-09-01,356.8999938964844,344.8411560058594,4409600
2020-09-02,360.70001220703125,348.51275634765625,4127200
2020-09-03,343.8399963378906,332.2223815917969,6297400
2020-09-04,335.010009765625,323.69073486328125,6571200
2020-09-08,329.8800048828125,318.734130859375,4425700
2020-09-09,339.6400146484375,328.16436767578125,3344900
2020-09-10,332.8800048828125,321.63275146484375,2845900
2020-09-11,330.1499938964844,318.9949951171875,2920400
2020-09-14,338.6000061035156,327.159423828125,3416100
2020-09-15,339.1400146484375,327.6811828613281,2396400
2020-09-16,341.8500061035156,330.29974365234375,3049000
2020-09-17,339.42999267578125,327.9614562988281,3713000
2020-09-18,335.260009765625,323.9323425292969,4006000
2020-09-21,327.8500061035156,316.772705078125,4466000
2020-09-22,335.30999755859375,323.9806213378906,3375300
2020-09-23,324.5299987792969,313.5648193359375,2893900
2020-09-24,328.2099914550781,317.12054443359375,3706300
2020-09-25,331.7799987792969,320.5699462890625,3077500
2020-09-28,338.3900146484375,326.9565124511719,3122500
2020-09-29,336.2300109863281,324.8695983886719,2679500
2020-09-30,338.1700134277344,326.74395751953125,3285200
2020-10-01,343.3699951171875,331.7683410644531,2503600
2020-10-02,338.8299865722656,327.3816833496094,2184600
2020-10-05,343.25,331.65240478515625,2081600
2020-10-06,337.42999267578125,326.02899169921875,2553400
2020-10-07,343.8999938964844,332.28033447265625,3068200
2020-10-08,345.1499938964844,333.87646484375,1991800
2020-10-09,352.3900146484375,340.8800354003906,3116500
2020-10-12,352.0400085449219,340.54144287109375,2942900
2020-10-13,345.8399963378906,334.5439453125,2523800
2020-10-14,342.70001220703125,331.5065002441406,2234300
2020-10-15,338.57000732421875,327.5114440917969,3727300
2020-10-16,339.3999938964844,328.3143310546875,3324600
2020-10-19,331.6700134277344,320.8367614746094,2937600
2020-10-20,331.7200012207031,320.88519287109375,2677800
2020-10-21,333.4200134277344,322.52960205078125,2725300
2020-10-22,333.6000061035156,322.7037048339844,2256000
2020-10-23,329.6099853515625,318.84405517578125,2945400
2020-10-26,318.05999755859375,307.6713562011719,5173300
2020-10-27,317.1099853515625,306.75225830078125,4314900
2020-10-28,291.3800048828125,281.86273193359375,11518200
2020-10-29,293.17999267578125,283.6038818359375,9582300
2020-10-30,288.6400146484375,279.2122497558594,6892800
2020-11-02,289.9700012207031,280.4988098144531,5094900
2020-11-03,295.3900146484375,285.7417297363281,4097700
2020-11-04,307.20001220703125,297.1660461425781,4790100
2020-11-05,316.5299987792969,306.1912536621094,3794400
2020-11-06,313.6400146484375,303.3957824707031,2978500
2020-11-09,344.55999755859375,333.30572509765625,10933700
2020-11-10,334.7799987792969,323.8451843261719,5330400
2020-11-11,332.3900146484375,321.53326416015625,2969900
2020-11-12,328.2900085449219,317.5671691894531,3207700
2020-11-13,335.0299987792969,324.08697509765625,2393700
2020-11-16,335.45001220703125,324.4932861328125,3312800
2020-11-17,336.5,325.509033203125,3412700
2020-11-18,335.94000244140625,324.96728515625,3203400
2020-11-19,333.8800048828125,322.974609375,2718700
2020-11-20,323.0,312.4499206542969,4142400
2020-11-23,332.0400085449219,321.1947021484375,3219000
2020-11-24,342.3900146484375,331.2066345214844,3529700
2020-11-25,341.32000732421875,330.17156982421875,2535200
2020-11-27,339.07000732421875,327.99505615234375,1402300
2020-11-30,336.510009765625,325.5187072753906,4276200
2020-12-01,338.8800048828125,327.811279296875,4210400
2020-12-02,340.2200012207031,329.1075134277344,2972100
2020-12-03,335.1400146484375,324.1934509277344,3080300
2020-12-04,344.3500061035156,333.1025695800781,4323600
2020-12-07,340.9599914550781,329.8233337402344,2389800
2020-12-08,340.7900085449219,329.6589050292969,2224600
2020-12-09,336.8500061035156,325.84765625,2962600
2020-12-10,331.5199890136719,320.691650390625,3506800
2020-12-11,327.4200134277344,316.72564697265625,4179400
2020-12-14,331.1499938964844,320.3337097167969,3552400
2020-12-15,333.6499938964844,322.7520751953125,3104600
2020-12-16,332.1000061035156,321.2527770996094,3393300
2020-12-17,336.8999938964844,325.8959655761719,2725500
2020-12-18,340.3299865722656,329.2138671875,8443700
2020-12-21,334.3699951171875,323.4486389160156,3642500
2020-12-22,332.239990234375,321.3880920410156,2403100
2020-12-23,329.2300109863281,318.4764709472656,2760600
2020-12-24,336.0,325.0253601074219,1308900
2020-12-28,344.4700012207031,333.2185974121094,3449100
2020-12-29,346.6600036621094,335.3371887207031,2822700
2020-12-30,355.54998779296875,343.9368591308594,4200600
2020-12-31,356.94000244140625,345.28143310546875,2881700
2021-01-04,351.489990234375,340.0093688964844,4638400
2021-01-05,347.4200134277344,336.0723876953125,2990700
2021-01-06,347.54998779296875,336.19805908203125,3966800
2021-01-07,349.8599853515625,338.86163330078125,3100200
2021-01-08,353.8500061035156,342.7261962890625,3371500
2021-01-11,348.20001220703125,337.25384521484375,2403000
2021-01-12,342.9200134277344,332.1398620605469,4858100
2021-01-13,346.3299865722656,335.4425964355469,4125700
2021-01-14,326.92999267578125,316.6524658203125,8712200
2021-01-15,323.260009765625,313.09783935546875,7911500
2021-01-19,325.94000244140625,315.6936340332031,4625200
2021-01-20,334.9100036621094,324.38165283203125,5081000
2021-01-21,334.44000244140625,323.9264221191406,3484900
2021-01-22,328.989990234375,318.6477355957031,3846600
2021-01-25,329.19000244140625,318.8414306640625,6257700
2021-01-26,327.70001220703125,317.3982849121094,3503100
2021-01-27,315.489990234375,305.572021484375,7449400
2021-01-28,324.2799987792969,314.0858459472656,6906400
2021-01-29,316.2900085449219,306.3469543457031,7627200
2021-02-01,321.55999755859375,311.4512939453125,4930700
2021-02-02,334.3699951171875,323.85858154296875,5686000
2021-02-03,332.82000732421875,322.3573303222656,4036800
2021-02-04,340.8299865722656,330.1155090332031,4537500
2021-02-05,338.75,328.1008605957031,2964800
2021-02-08,337.0299987792969,326.4349670410156,2652800
2021-02-09,333.44000244140625,322.957763671875,2993300
2021-02-10,334.2099914550781,323.7036437988281,4246300
2021-02-11,342.8699951171875,332.09136962890625,5110800
2021-02-12,341.0,330.2801513671875,3025100
2021-02-16,341.2099914550781,330.48358154296875,2916900
2021-02-17,337.3299865722656,326.72552490234375,2267000
2021-02-18,338.4599914550781,327.8200378417969,2393700
2021-02-19,333.1700134277344,322.6963195800781,4095800
2021-02-22,340.6600036621094,329.95086669921875,4940300
2021-02-23,350.4200134277344,339.404052734375,6326600
2021-02-24,367.32000732421875,355.7728271484375,7467400
2021-02-25,354.57000732421875,343.4236755371094,5207500
2021-02-26,353.8500061035156,342.7261962890625,4868500
2021-03-01,362.8999938964844,351.49176025390625,4382900
2021-03-02,362.82000732421875,351.41424560546875,3559200
2021-03-03,360.25,348.9250183105469,3692300
2021-03-04,349.5,338.5130310058594,4572000
2021-03-05,360.8800048828125,349.5352478027344,4643200
2021-03-08,371.3299865722656,359.6566467285156,7213300
2021-03-09,376.5199890136719,364.6835021972656,5832800
2021-03-10,381.70001220703125,369.7006530761719,4509500
2021-03-11,384.3800048828125,372.29644775390625,3729700
2021-03-12,382.7099914550781,370.6789245605469,2467500
2021-03-15,381.760009765625,369.75885009765625,4216200
2021-03-16,382.3800048828125,370.359375,3445100
2021-03-17,378.67999267578125,366.7756652832031,3240900
2021-03-18,367.0,355.4627990722656,7205200
2021-03-19,356.510009765625,345.3026123046875,12224300
2021-03-22,358.3999938964844,347.1331787109375,4140400
2021-03-23,355.2699890136719,344.1015319824219,3756300
2021-03-24,359.6499938964844,348.34393310546875,3550000
2021-03-25,358.3599853515625,347.0943908691406,2961800
2021-03-26,366.1400146484375,354.6298522949219,2741200
2021-03-29,362.9100036621094,351.5013122558594,4054900
2021-03-30,358.20001220703125,346.93951416015625,2885800
2021-03-31,356.04998779296875,344.85711669921875,4372600
2021-04-01,363.29998779296875,351.8791198730469,3701800
2021-04-05,368.32000732421875,356.74139404296875,2180300
2021-04-06,369.57000732421875,357.95208740234375,2661900
2021-04-07,371.0799865722656,359.41448974609375,2958300
2021-04-08,377.739990234375,366.2995300292969,3528400
2021-04-09,380.0799865722656,368.5686340332031,2429300
2021-04-12,379.8399963378906,368.3359069824219,2896600
2021-04-13,378.1300048828125,366.6777648925781,2652800
2021-04-14,378.32000732421875,366.8619689941406,2317400
2021-04-15,386.489990234375,374.7844543457031,2942200
2021-04-16,386.1700134277344,374.4742736816406,2725500
2021-04-19,382.1600036621094,370.58563232421875,3360900
2021-04-20,376.6300048828125,365.22314453125,3135900
2021-04-21,383.1000061035156,371.4972229003906,2466300
2021-04-22,383.3599853515625,371.7492980957031,3713700
2021-04-23,387.05999755859375,375.3372802734375,2294800
2021-04-26,387.4700012207031,375.7348327636719,2255000
2021-04-27,389.07000732421875,377.286376953125,2270000
2021-04-28,395.6499938964844,383.6671447753906,4065300
2021-04-29,388.95001220703125,377.1700439453125,4637100
2021-04-30,382.05999755859375,370.4886779785156,4043200
2021-05-03,379.3999938964844,367.9091491699219,3344100
2021-05-04,375.9100036621094,364.52496337890625,3321200
2021-05-05,369.1400146484375,357.9599914550781,2993900
2021-05-06,375.4800109863281,364.1079406738281,3787300
2021-05-07,375.3999938964844,364.0303649902344,2935900
2021-05-10,366.3399963378906,355.244873046875,3193700
2021-05-11,367.6099853515625,356.47637939453125,3073100
2021-05-12,356.6199951171875,345.8192138671875,3293200
2021-05-13,360.0199890136719,349.1161804199219,2626000
2021-05-14,363.9100036621094,352.8882751464844,2959700
2021-05-17,363.29998779296875,352.2967834472656,2511600
2021-05-18,363.07000732421875,352.07379150390625,3421200
2021-05-19,360.9800109863281,350.047119140625,3577900
2021-05-20,367.70001220703125,356.56365966796875,4087500
2021-05-21,367.6000061035156,356.4665832519531,2708700
2021-05-24,372.3800048828125,361.101806640625,2351500
2021-05-25,367.2200012207031,356.09820556640625,3916300
2021-05-26,362.6499938964844,351.66656494140625,3101900
2021-05-27,362.0,351.0362548828125,5416300
2021-05-28,360.5799865722656,349.6593322753906,3624300
2021-06-01,359.7900085449219,348.8931884765625,3119700
2021-06-02,366.8500061035156,355.7393798828125,3531000
2021-06-03,361.82000732421875,350.8616943359375,2605900
2021-06-04,366.0199890136719,354.9344787597656,2295200
2021-06-07,364.0799865722656,353.0532531738281,2133400
2021-06-08,365.260009765625,354.197509765625,3224200
2021-06-09,363.3299865722656,352.3260192871094,2520900
2021-06-10,364.29998779296875,353.26654052734375,2460200
2021-06-11,365.5,354.43023681640625,2708300
2021-06-14,366.5199890136719,355.4193115234375,2515300
2021-06-15,368.1199951171875,356.9708557128906,3562500
2021-06-16,363.82000732421875,352.8011169433594,3081000
2021-06-17,367.2900085449219,356.16607666015625,3824900
2021-06-18,367.4200134277344,356.2920227050781,5009400
2021-06-21,373.0899963378906,361.79034423828125,3094600
2021-06-22,378.0400085449219,366.5904541015625,3582700
2021-06-23,375.1400146484375,363.7783203125,2241800
2021-06-24,374.75,363.4000244140625,2788200
2021-06-25,379.6099853515625,368.1128845214844,3983900
2021-06-28,367.67999267578125,356.5441589355469,4800300
2021-06-29,368.0,356.85455322265625,3394300
2021-06-30,365.0899963378906,354.0326232910156,2884900
2021-07-01,370.7099914550781,359.4824523925781,3108500
2021-07-02,375.0299987792969,363.67156982421875,2786500
2021-07-06,376.1199951171875,364.7286071777344,2740500
2021-07-07,373.9200134277344,362.5952453613281,3176600
2021-07-08,370.19000244140625,359.4010925292969,2809000
2021-07-09,372.94000244140625,362.0709533691406,2404800
2021-07-12,375.55999755859375,364.61456298828125,2648300
2021-07-13,383.7099914550781,372.527099609375,5161000
2021-07-14,390.79998779296875,379.4103698730469,4140500
2021-07-15,390.2300109863281,378.8570251464844,3773000
2021-07-16,387.1199951171875,375.8376770019531,2706500
2021-07-19,365.45001220703125,354.7992858886719,6814400
2021-07-20,374.3900146484375,363.4786682128906,3542200
2021-07-21,380.05999755859375,368.98345947265625,2393100
2021-07-22,382.1600036621094,371.022216796875,4180300
2021-07-23,393.260009765625,381.79876708984375,3720300
2021-07-26,392.79998779296875,381.3521423339844,2285800
2021-07-27,390.2699890136719,378.8958435058594,2783800
2021-07-28,383.44000244140625,372.264892578125,3372600
2021-07-29,388.80999755859375,377.4784240722656,3774000
2021-07-30,385.94000244140625,374.69207763671875,2533300
2021-08-02,375.260009765625,364.32342529296875,3430300
2021-08-03,367.6000061035156,356.88653564453125,6328500
2021-08-04,368.010009765625,357.28466796875,3203200
2021-08-05,371.94000244140625,361.1001281738281,2562400
2021-08-06,374.5299987792969,363.6146545410156,2038500
2021-08-09,370.67999267578125,359.87677001953125,2400800
2021-08-10,367.8399963378906,357.11956787109375,3225000
2021-08-11,364.239990234375,353.6245422363281,3267700
2021-08-12,361.9800109863281,351.4303894042969,3802900
2021-08-13,362.75,352.1779479980469,2304600
2021-08-16,363.55999755859375,352.9643249511719,2937300
2021-08-17,363.2300109863281,352.64398193359375,2812800
2021-08-18,360.95001220703125,350.4303894042969,2774500
2021-08-19,357.30999755859375,346.896484375,2727900
2021-08-20,354.989990234375,344.6440734863281,4135900
2021-08-23,361.010009765625,350.4886474609375,3537900
2021-08-24,361.7799987792969,351.2362060546875,3032000
2021-08-25,359.1000061035156,348.6343688964844,2340400
2021-08-26,352.8599853515625,342.57611083984375,3946300
2021-08-27,355.7300109863281,345.3625793457031,3698300
2021-08-30,353.04998779296875,342.7606506347656,4032100
2021-08-31,346.2300109863281,336.139404296875,6780400
2021-09-01,349.57000732421875,339.3819885253906,4499600
2021-09-02,341.2799987792969,331.3337097167969,7412000
2021-09-03,340.2300109863281,330.3143005371094,5171000
2021-09-07,344.7099914550781,334.6637268066406,4764300
2021-09-08,351.0400085449219,340.80926513671875,5054500
2021-09-09,351.4100036621094,341.1684265136719,3716200
2021-09-10,347.3900146484375,337.2656555175781,3437700
2021-09-13,347.82000732421875,337.6830749511719,3234200
2021-09-14,345.79998779296875,335.721923828125,3281900
2021-09-15,344.75,334.7025146484375,3833500
2021-09-16,346.30999755859375,336.217041015625,3771100
2021-09-17,343.0400085449219,333.0423583984375,5527500
2021-09-20,339.69000244140625,329.78997802734375,3956600
2021-09-21,337.3800048828125,327.5473327636719,2967300
2021-09-22,343.4100036621094,333.4016418457031,3238800
2021-09-23,354.07000732421875,343.7508850097656,4783200
2021-09-24,358.1600036621094,347.72174072265625,3306200
2021-09-27,356.7699890136719,346.3722229003906,4158000
2021-09-28,351.17999267578125,340.94512939453125,3266900
2021-09-29,353.19000244140625,342.8965759277344,2808800
2021-09-30,347.67999267578125,337.5471496582031,4393300
2021-10-01,360.17999267578125,349.68280029296875,5227300
2021-10-04,344.20001220703125,334.1685485839844,7901500
2021-10-05,343.2099914550781,333.2074279785156,4724100
2021-10-06,348.69000244140625,338.5277404785156,3712000
2021-10-07,353.9100036621094,344.0296936035156,3209200
2021-10-08,354.9599914550781,345.0503845214844,2336700
2021-10-11,347.1499938964844,337.4584655761719,2769800
2021-10-12,345.3399963378906,335.698974609375,3042900
2021-10-13,342.3500061035156,332.7924499511719,3755700
2021-10-14,344.5799865722656,334.9601745605469,4083800
2021-10-15,356.0,346.0613098144531,4053600
2021-10-18,358.44000244140625,348.4333190917969,3280900
2021-10-19,362.1000061035156,351.99102783203125,2835400
2021-10-20,356.7699890136719,346.8097839355469,2796200
2021-10-21,356.2099914550781,346.2655029296875,2516300
2021-10-22,358.6700134277344,348.6568908691406,2774400
2021-10-25,360.8599853515625,350.7856750488281,2447900
2021-10-26,357.32000732421875,347.3445129394531,3320100
2021-10-27,335.7200012207031,326.3475646972656,9652700
2021-10-28,333.0299987792969,323.7325439453125,9505100
2021-10-29,335.5199890136719,326.1531066894531,5843700
2021-11-01,334.04998779296875,324.7240905761719,5126200
2021-11-02,328.4800109863281,319.3097229003906,5375300
2021-11-03,329.42999267578125,320.2330627441406,3952500
2021-11-04,335.42999267578125,326.0655822753906,4819500
2021-11-05,348.7900085449219,339.0526123046875,7201500
2021-11-08,349.6700134277344,339.9081115722656,3862200
2021-11-09,344.6499938964844,335.0282287597656,4247800
2021-11-10,357.94000244140625,347.9472351074219,6337100
2021-11-11,354.3399963378906,344.4477233886719,4472200
2021-11-12,363.5,353.3518981933594,4724200
2021-11-15,361.3599853515625,351.2716979980469,4693200
2021-11-16,369.55999755859375,359.2427978515625,4969000
2021-11-17,359.1700134277344,349.142822265625,11727300
2021-11-18,348.2200012207031,338.49847412109375,6533700
2021-11-19,339.7200012207031,330.2358703613281,6954800
2021-11-22,321.29998779296875,312.330078125,11378200
2021-11-23,329.0,319.8150939941406,7116200
2021-11-24,340.0,330.5080261230469,6414400
2021-11-26,324.1700134277344,315.11993408203125,6613900
2021-11-29,323.010009765625,313.9924011230469,6362200
2021-11-30,314.9200134277344,306.128173828125,10237600
2021-12-01,306.2799987792969,297.72943115234375,8008800
2021-12-02,320.20001220703125,311.2608642578125,6717600
2021-12-03,322.1099853515625,313.11749267578125,4732900
2021-12-06,333.3299865722656,324.0242919921875,6055000
2021-12-07,339.510009765625,330.03173828125,4939500
2021-12-08,342.3399963378906,332.7826843261719,4226900
2021-12-09,344.5199890136719,334.9018249511719,3389600
2021-12-10,349.9200134277344,340.1510925292969,3405900
2021-12-13,345.30999755859375,335.6697998046875,4358300
2021-12-14,340.54998779296875,331.04266357421875,4518500
2021-12-15,346.3500061035156,336.6807861328125,4918700
2021-12-16,352.9200134277344,343.0673522949219,5369900
2021-12-17,349.30999755859375,339.55810546875,5898200
2021-12-20,337.0199890136719,327.6112976074219,5013900
2021-12-21,350.739990234375,340.94818115234375,3105100
2021-12-22,357.4800109863281,347.5000915527344,3456400
2021-12-23,360.5799865722656,350.5135192871094,2627000
2021-12-27,360.30999755859375,350.25103759765625,2677100
2021-12-28,360.7799987792969,350.7079162597656,1920100
2021-12-29,361.2900085449219,351.20367431640625,1535200
2021-12-30,360.989990234375,350.912109375,1558000
2021-12-31,359.32000732421875,349.2886962890625,1984000
2022-01-03,370.95001220703125,360.5940246582031,4708200
2022-01-04,375.3900146484375,364.91009521484375,6854500
2022-01-05,373.8999938964844,363.46160888671875,5976600
2022-01-06,370.0,360.1424865722656,4781100
2022-01-07,369.6499938964844,359.8017272949219,4551200
2022-01-10,363.9100036621094,354.2146911621094,6009300
2022-01-11,366.2900085449219,356.5312805175781,4131200
2022-01-12,367.30999755859375,357.524169921875,5783100
2022-01-13,369.5199890136719,359.6752624511719,3892900
2022-01-14,372.1400146484375,362.2254943847656,4029900
2022-01-18,366.29998779296875,356.54107666015625,4933900
2022-01-19,360.7300109863281,351.11944580078125,4464800
2022-01-20,364.0,354.3023376464844,5043200
2022-01-21,355.0799865722656,345.6199035644531,4867100
2022-01-24,349.4200134277344,340.11077880859375,7472800
2022-01-25,338.760009765625,329.7347412109375,6994400
2022-01-26,344.6600036621094,335.4776611328125,7438600
2022-01-27,350.5299987792969,341.1911926269531,8416100
2022-01-28,382.510009765625,372.3191833496094,8813400
2022-01-31,386.3800048828125,376.0860595703125,6345200
2022-02-01,392.05999755859375,381.6147766113281,5841100
2022-02-02,396.75,386.17987060546875,6115000
2022-02-03,390.07000732421875,379.6777648925781,4209200
2022-02-04,382.20001220703125,372.0174865722656,6045400
2022-02-07,376.1300048828125,366.1091613769531,4767500
2022-02-08,374.3699951171875,364.3960266113281,5825300
2022-02-09,381.3699951171875,371.20953369140625,5492800
2022-02-10,374.3900146484375,364.41552734375,3995000
2022-02-11,369.7699890136719,359.91864013671875,4345600
2022-02-14,374.1600036621094,364.191650390625,3678400
2022-02-15,381.5400085449219,371.375,5800400
2022-02-16,382.92999267578125,372.72802734375,3424800
2022-02-17,373.70001220703125,363.74395751953125,3972500
2022-02-18,369.95001220703125,360.0938720703125,4083800
2022-02-22,368.2900085449219,358.47808837890625,3897900
2022-02-23,361.2300109863281,351.6061706542969,3802500
2022-02-24,369.3800048828125,359.5390319824219,7425000
2022-02-25,369.0899963378906,359.2567443847656,3817900
2022-02-28,360.82000732421875,351.20703125,4952400
2022-03-01,344.4800109863281,335.30242919921875,5894200
2022-03-02,344.0899963378906,334.9228210449219,4997900
2022-03-03,340.989990234375,331.9053649902344,3975900
2022-03-04,330.760009765625,321.94793701171875,4670900
2022-03-07,312.9200134277344,304.5832214355469,6874300
2022-03-08,314.3299865722656,305.9556579589844,5048200
2022-03-09,328.1300048828125,319.387939453125,4015900
2022-03-10,324.5899963378906,315.9422912597656,3771300
2022-03-11,324.7900085449219,316.13702392578125,2987700
2022-03-14,328.5899963378906,319.835693359375,4122700
2022-03-15,335.0,326.0749816894531,3738900
2022-03-16,344.67999267578125,335.4970703125,4340800
2022-03-17,346.44000244140625,337.2102355957031,3244200
2022-03-18,350.0899963378906,340.7629089355469,6790800
2022-03-21,345.5799865722656,336.373046875,6053800
2022-03-22,349.5299987792969,340.2178649902344,4669900
2022-03-23,342.17999267578125,333.0636901855469,2527800
2022-03-24,349.3500061035156,340.04266357421875,2482700
2022-03-25,349.0199890136719,339.7214050292969,2173800
2022-03-28,350.489990234375,341.1522521972656,3134600
2022-03-29,367.54998779296875,357.75775146484375,5512400
2022-03-30,362.239990234375,352.5892639160156,2614200
2022-03-31,357.3800048828125,347.8587341308594,4095700
2022-04-01,363.9700012207031,354.273193359375,3806800
2022-04-04,366.9100036621094,357.1347961425781,3027200
2022-04-05,363.32000732421875,353.64044189453125,2215900
2022-04-06,353.54998779296875,344.1307678222656,3864500
2022-04-07,349.54998779296875,340.70947265625,2848500
2022-04-08,352.2699890136719,343.3606262207031,2235100
2022-04-11,347.3699951171875,338.5846862792969,1809200
2022-04-12,345.79998779296875,337.0543212890625,4038500
2022-04-13,355.1400146484375,346.1581726074219,3048500
2022-04-14,357.82000732421875,348.77032470703125,3358900
2022-04-18,356.79998779296875,347.7760925292969,1871400
2022-04-19,363.8699951171875,354.6673278808594,2999300
2022-04-20,365.2900085449219,356.0513916015625,3377300
2022-04-21,364.44000244140625,355.222900390625,3605300
2022-04-22,351.17999267578125,342.2982482910156,2968800
2022-04-25,354.6000061035156,345.6317443847656,3380400
2022-04-26,344.1099853515625,335.4070739746094,3116400
2022-04-27,361.57000732421875,352.42547607421875,5702300
2022-04-28,378.8299865722656,369.2489929199219,6843300
2022-04-29,363.3800048828125,354.18975830078125,4741800
2022-05-02,359.0400085449219,349.95953369140625,3903800
2022-05-03,357.7900085449219,348.7411193847656,2686900
2022-05-04,368.5199890136719,359.19970703125,3346600
2022-05-05,353.3699951171875,344.4328918457031,3424800
2022-05-06,347.1199951171875,338.34100341796875,3635200
2022-05-09,327.989990234375,319.6947937011719,5777400
2022-05-10,325.3299865722656,317.10205078125,5003500
2022-05-11,325.8699951171875,317.6283874511719,4263900
2022-05-12,321.239990234375,313.1155090332031,3891500
2022-05-13,332.79998779296875,324.38311767578125,3536000
2022-05-16,329.7300109863281,321.3907775878906,2062300
2022-05-17,338.8599853515625,330.28985595703125,2802300
2022-05-18,335.8999938964844,327.4046936035156,4521400
2022-05-19,332.2200012207031,323.81787109375,4380700
2022-05-20,336.17999267578125,327.6777038574219,3428700
2022-05-23,348.42999267578125,339.6178283691406,3420800
2022-05-24,340.69000244140625,332.0735778808594,2561500
2022-05-25,344.760009765625,336.0406494140625,3033400
2022-05-26,349.8900146484375,341.04095458984375,2817400
2022-05-27,357.7799987792969,348.7313232421875,2658700
2022-05-31,357.8699951171875,348.8190612792969,3873800
2022-06-01,357.05999755859375,348.02960205078125,2190000
2022-06-02,363.0799865722656,353.8973388671875,2484200
2022-06-03,357.82000732421875,348.77032470703125,2076600
2022-06-06,360.1400146484375,351.0317077636719,2196100
2022-06-07,364.0199890136719,354.81353759765625,2158800
2022-06-08,362.3299865722656,353.1663513183594,1709600
2022-06-09,349.0,340.1734924316406,2250600
2022-06-10,334.75,326.2838439941406,3300500
2022-06-13,319.739990234375,311.6534118652344,4825100
2022-06-14,322.1400146484375,313.9927978515625,2788400
2022-06-15,325.3900146484375,317.1604919433594,2357800
2022-06-16,308.7799987792969,300.9706115722656,4528500
2022-06-17,310.69000244140625,302.83233642578125,6235300
2022-06-21,317.3999938964844,309.3725891113281,3193700
2022-06-22,316.1499938964844,308.1542053222656,2671500
2022-06-23,316.760009765625,308.7488708496094,2387600
2022-06-24,330.5,322.1413269042969,4318900
2022-06-27,328.8299865722656,320.5135803222656,2810800
2022-06-28,318.2900085449219,310.2401428222656,3394200
2022-06-29,322.5899963378906,314.4313049316406,3779500
2022-06-30,315.4800109863281,307.50115966796875,3411500
2022-07-01,318.239990234375,310.1913146972656,2287700
2022-07-05,319.260009765625,311.1855163574219,2112100
2022-07-06,320.1700134277344,312.07257080078125,2219200
2022-07-07,324.07000732421875,316.3580322265625,2202100
2022-07-08,323.05999755859375,315.37213134765625,1662100
2022-07-11,324.19000244140625,316.4752197265625,2073800
2022-07-12,322.8599853515625,315.1768798828125,2761500
2022-07-13,323.3699951171875,315.67474365234375,2442600
2022-07-14,325.0299987792969,317.2952880859375,2743900
2022-07-15,332.57000732421875,324.65582275390625,3387400
2022-07-18,331.010009765625,323.1329650878906,2468500
2022-07-19,340.3800048828125,332.27996826171875,2689800
2022-07-20,341.2699890136719,333.14874267578125,2563600
2022-07-21,346.9200134277344,338.66436767578125,2230800
2022-07-22,343.8800048828125,335.6966552734375,2253000
2022-07-25,344.2099914550781,336.01885986328125,2180100
2022-07-26,341.2799987792969,333.1585388183594,2254200
2022-07-27,343.2699890136719,335.1011962890625,4580300
2022-07-28,352.45001220703125,344.062744140625,3635500
2022-07-29,353.7900085449219,345.370849609375,3176800
2022-08-01,350.5400085449219,342.19818115234375,2289400
2022-08-02,349.010009765625,340.70458984375,2878800
2022-08-03,354.1300048828125,345.7027893066406,2921200
2022-08-04,356.07000732421875,347.5965881347656,2339500
2022-08-05,357.510009765625,349.0023193359375,1848700
2022-08-08,352.1600036621094,343.7796325683594,2477600
2022-08-09,346.5400085449219,338.2933349609375,2467400
2022-08-10,353.3800048828125,344.97064208984375,2443700
2022-08-11,350.5799865722656,342.2371826171875,2609400
2022-08-12,354.2699890136719,345.83941650390625,2514200
2022-08-15,359.95001220703125,351.3842468261719,2526300
2022-08-16,359.25,350.7008972167969,2448700
2022-08-17,355.3299865722656,346.8741455078125,2439900
2022-08-18,357.3599853515625,348.85589599609375,1934900
2022-08-19,354.2799987792969,345.8492431640625,1740700
2022-08-22,345.510009765625,337.2878723144531,2312400
2022-08-23,340.8900146484375,332.7778015136719,2240700
2022-08-24,339.7099914550781,331.62591552734375,2218400
2022-08-25,344.6700134277344,336.4679260253906,2228500
2022-08-26,331.9599914550781,324.0603332519531,1925000
2022-08-29,329.3500061035156,321.5124206542969,2308200
2022-08-30,327.80999755859375,320.0091247558594,2618900
2022-08-31,324.3699951171875,316.65093994140625,3129000
2022-09-01,325.25,317.5099792480469,2493200
2022-09-02,322.55999755859375,314.8840026855469,1936800
2022-09-06,324.0799865722656,316.3678894042969,2043400
2022-09-07,328.6199951171875,320.7998046875,1998300
2022-09-08,330.07000732421875,322.21527099609375,2114000
2022-09-09,335.8500061035156,327.8577575683594,1815700
2022-09-12,338.4200134277344,330.36663818359375,2097800
2022-09-13,325.44000244140625,317.6955261230469,2316900
2022-09-14,325.8500061035156,318.09576416015625,2657900
2022-09-15,316.9599914550781,309.41729736328125,2486800
2022-09-16,315.1300048828125,307.6308898925781,3650900
2022-09-19,314.0299987792969,306.5570068359375,2369700
2022-09-20,313.2699890136719,305.8150634765625,2769600
2022-09-21,304.5,297.2538146972656,2366300
2022-09-22,298.3599853515625,291.2598571777344,3176500
2022-09-23,293.5799865722656,286.5936279296875,3245900
2022-09-26,290.1099853515625,283.2062072753906,3635600
2022-09-27,286.4800109863281,279.66265869140625,4073300
2022-09-28,290.17999267578125,283.2745666503906,5611400
2022-09-29,286.7699890136719,279.9457092285156,3439700
2022-09-30,284.3399963378906,277.5735168457031,3804200
2022-10-03,290.4800109863281,283.56744384765625,5285200
2022-10-04,301.2699890136719,294.1006774902344,3949200
2022-10-05,304.20001220703125,296.9609375,2845200
2022-10-06,299.2300109863281,292.5804748535156,2494400
2022-10-07,294.9700012207031,288.4151306152344,2210800
2022-10-10,291.7799987792969,285.2960205078125,1783500
2022-10-11,286.04998779296875,279.6933898925781,3554900
2022-10-12,283.3800048828125,277.082763671875,2646800
2022-10-13,293.9599914550781,287.4275817871094,3322800
2022-10-14,288.69000244140625,282.2747497558594,3106300
2022-10-17,295.0400085449219,288.4836120605469,3417600
2022-10-18,300.3800048828125,293.7049255371094,3096000
2022-10-19,297.760009765625,291.1431579589844,1914300
2022-10-20,296.2799987792969,289.69610595703125,2463800
2022-10-21,302.3699951171875,295.650634765625,3599600
2022-10-24,305.6000061035156,298.80889892578125,3184100
2022-10-25,311.4100036621094,304.4898376464844,3012400
2022-10-26,319.510009765625,312.4097900390625,5278000
2022-10-27,319.3699951171875,312.2729187011719,4725800
2022-10-28,329.4700012207031,322.1485290527344,3644400
2022-10-31,328.17999267578125,320.88714599609375,3157900
2022-11-01,333.19000244140625,325.7857971191406,3660400
2022-11-02,319.82000732421875,312.7129821777344,3074900
2022-11-03,309.1700134277344,302.2995910644531,2860900
2022-11-04,318.3699951171875,311.295166015625,3414000
2022-11-07,325.1300048828125,317.9048767089844,2742100
2022-11-08,325.75,318.5111389160156,2387500
2022-11-09,315.6400146484375,308.6258239746094,3001200
2022-11-10,337.2699890136719,329.7751159667969,3255000
2022-11-11,339.2900085449219,331.7502746582031,3734700
2022-11-14,339.3699951171875,331.8284912109375,2348900
2022-11-15,343.510009765625,335.87646484375,2983600
2022-11-16,342.760009765625,335.1431579589844,2579600
2022-11-17,341.2699890136719,333.68621826171875,2004500
2022-11-18,343.69000244140625,336.05255126953125,2737700
2022-11-21,338.25,330.7333679199219,1965100
2022-11-22,344.9599914550781,337.2942810058594,2510700
2022-11-23,348.6400146484375,340.8924560546875,1937300
2022-11-25,351.2900085449219,343.48358154296875,944400
2022-11-28,344.5899963378906,336.9324951171875,2226200
2022-11-29,343.1300048828125,335.5048522949219,1724200
2022-11-30,356.3999938964844,348.4800109863281,4252300
2022-12-01,360.79998779296875,352.7822570800781,3374700
2022-12-02,360.05999755859375,352.0587463378906,2015500
2022-12-05,356.0899963378906,348.1769104003906,2202500
2022-12-06,347.5299987792969,339.8070983886719,2353300
2022-12-07,347.4200134277344,339.6996765136719,2454300
2022-12-08,351.1700134277344,343.3663024902344,1998600
2022-12-09,348.8299865722656,341.0782470703125,2301100
2022-12-12,358.1700134277344,350.2107238769531,2427100
2022-12-13,357.1499938964844,349.2134094238281,3072200
2022-12-14,357.510009765625,349.5654296875,2587200
2022-12-15,346.25,338.5555725097656,2774900
2022-12-16,345.8399963378906,338.1546936035156,5947100
2022-12-19,341.260009765625,333.6765441894531,2457300
2022-12-20,342.95001220703125,335.3289489746094,1895900
2022-12-21,345.69000244140625,338.0080871582031,2087000
2022-12-22,341.5199890136719,333.9306945800781,2276100
2022-12-23,343.6000061035156,335.9645080566406,1914500
2022-12-27,346.1600036621094,338.4676208496094,1637700
2022-12-28,341.95001220703125,334.35113525390625,1854100
2022-12-29,348.2099914550781,340.4720153808594,1459800
2022-12-30,347.7300109863281,340.002685546875,1617600
2023-01-03,346.79998779296875,339.0933532714844,2933600
2023-01-04,355.1499938964844,347.2578125,2661000
2023-01-05,351.7699890136719,343.9529113769531,2608500
2023-01-06,367.6700134277344,360.0830383300781,4432800
2023-01-09,370.9700012207031,363.31494140625,3913500
2023-01-10,371.010009765625,363.3541564941406,3485900
2023-01-11,377.8599853515625,370.062744140625,3370200
2023-01-12,379.80999755859375,371.9725036621094,3291200
2023-01-13,375.5199890136719,367.77105712890625,4261000
2023-01-17,375.0,367.2618103027344,2814500
2023-01-18,368.9200134277344,361.3072509765625,2747100
2023-01-19,367.94000244140625,360.3475036621094,3111200
2023-01-20,376.2799987792969,368.515380859375,3863400
2023-01-23,378.57000732421875,370.75811767578125,2743900
2023-01-24,380.010009765625,372.16845703125,2756200
2023-01-25,382.3900146484375,374.4993896484375,3501900
2023-01-26,377.239990234375,369.45556640625,3718400
2023-01-27,374.0299987792969,366.31182861328125,3405600
2023-01-30,371.1199951171875,363.4618835449219,2688600
2023-01-31,370.6000061035156,362.95257568359375,3137400
2023-02-01,374.0799865722656,366.36077880859375,2951900
2023-02-02,374.94000244140625,367.20306396484375,2761600
2023-02-03,373.9100036621094,366.1943359375,2739600
2023-02-06,372.9700012207031,365.273681640625,2068300
2023-02-07,375.05999755859375,367.320556640625,2309100
2023-02-08,370.3500061035156,362.7077941894531,2193600
2023-02-09,370.4200134277344,362.7763366699219,2287600
2023-02-10,366.8299865722656,359.2603759765625,2270700
2023-02-13,370.8299865722656,363.1777648925781,2286400
2023-02-14,369.9599914550781,362.32574462890625,1841400
2023-02-15,369.6400146484375,362.0124206542969,2203300
2023-02-16,367.54998779296875,359.96551513671875,2792700
2023-02-17,361.1300048828125,353.67803955078125,2718900
2023-02-21,355.9599914550781,348.6146545410156,2730900
2023-02-22,354.9700012207031,347.6451110839844,2109300
2023-02-23,355.5299987792969,348.193603515625,1975500
2023-02-24,353.1199951171875,345.83331298828125,2016100
2023-02-27,355.4800109863281,348.14459228515625,2200800
2023-02-28,355.2900085449219,347.9585266113281,2732900
2023-03-01,353.5,346.20550537109375,1968100
2023-03-02,355.57000732421875,348.23272705078125,2526000
2023-03-03,361.5,354.04034423828125,2174900
2023-03-06,366.92999267578125,359.3582763671875,2789400
2023-03-07,359.94000244140625,352.51263427734375,1660800
2023-03-08,359.0299987792969,351.6213684082031,1634400
2023-03-09,354.44000244140625,347.1260986328125,2414700
2023-03-10,347.1099853515625,339.94732666015625,3176400
2023-03-13,344.7099914550781,337.5968322753906,3308200
2023-03-14,352.82000732421875,345.5394592285156,3413300
2023-03-15,348.0799865722656,340.8972473144531,3082600
2023-03-16,348.0,340.81890869140625,3768100
2023-03-17,349.6600036621094,342.4446716308594,8426800
2023-03-20,349.32000732421875,342.1117248535156,3864200
2023-03-21,354.57000732421875,347.25341796875,3766800
2023-03-22,351.0299987792969,343.7864074707031,2596400
2023-03-23,354.3699951171875,347.0574951171875,2598100
2023-03-24,351.6300048828125,344.3740539550781,2971500
2023-03-27,354.6199951171875,347.3023376464844,2420300
2023-03-28,354.3299865722656,347.0182800292969,1695900
2023-03-29,359.5299987792969,352.1110534667969,2327000
2023-03-30,359.260009765625,351.84661865234375,2480500
2023-03-31,363.4100036621094,355.91094970703125,3376600
2023-04-03,366.4700012207031,358.9078369140625,2978000
2023-04-04,363.8999938964844,356.3908386230469,2198700
2023-04-05,363.7900085449219,356.8420715332031,2239600
2023-04-06,361.4700012207031,354.5663757324219,2357600
2023-04-10,360.1400146484375,353.26177978515625,1559100
2023-04-11,364.1300048828125,357.17559814453125,3033800
2023-04-12,361.7799987792969,354.8704528808594,2268800
2023-04-13,369.6499938964844,362.590087890625,2611700
2023-04-14,372.42999267578125,365.31707763671875,2254600
2023-04-17,372.760009765625,365.6407775878906,2432700
2023-04-18,372.32000732421875,365.20916748046875,2087800
2023-04-19,372.79998779296875,365.6799621582031,1795300
2023-04-20,375.0,367.8380126953125,2124800
2023-04-21,375.239990234375,368.0733337402344,3537800
2023-04-24,374.7300109863281,367.5731201171875,1886300
2023-04-25,368.5299987792969,361.4916076660156,2245000
2023-04-26,366.760009765625,359.75537109375,2594200
2023-04-27,373.6700134277344,366.53338623046875,3859900
2023-04-28,380.0299987792969,372.7718505859375,3107300
2023-05-01,379.8599853515625,372.60516357421875,1745100
2023-05-02,376.0299987792969,368.8482971191406,2478700
2023-05-03,374.8999938964844,367.7398376464844,1970900
2023-05-04,376.1199951171875,368.9365234375,2814900
2023-05-05,384.6600036621094,377.3134765625,2683100
2023-05-08,385.510009765625,378.14727783203125,1719600
2023-05-09,382.94000244140625,375.6262512207031,2036400
2023-05-10,382.5400085449219,375.2340087890625,1940800
2023-05-11,383.3900146484375,376.0677185058594,1901200
2023-05-12,381.9200134277344,374.62579345703125,2044000
2023-05-15,383.4100036621094,376.08734130859375,1957400
2023-05-16,380.239990234375,372.97784423828125,2762700
2023-05-17,387.0,379.6087951660156,3260300
2023-05-18,392.0199890136719,384.5328369140625,3729500
2023-05-19,385.57000732421875,378.20611572265625,3369100
2023-05-22,384.5299987792969,377.1860046386719,1808800
2023-05-23,373.75,366.6117858886719,3979000
2023-05-24,368.5,361.4620056152344,2655700
2023-05-25,370.0400085449219,362.9726867675781,3752200
2023-05-26,374.3699951171875,367.219970703125,2691300
2023-05-30,367.5,360.481201171875,3430100
2023-05-31,365.0199890136719,358.048583984375,10695300
2023-06-01,370.8800048828125,363.79669189453125,3389700
2023-06-02,373.7300109863281,366.5921936035156,2501500
2023-06-05,370.5199890136719,363.4435119628906,2316200
2023-06-06,379.9599914550781,372.7032470703125,2758700
2023-06-07,371.3900146484375,364.2969665527344,3714500
2023-06-08,367.5899963378906,360.5694580078125,2594700
2023-06-09,369.2200012207031,362.1683654785156,2201800
2023-06-12,375.30999755859375,368.1420593261719,2407500
2023-06-13,371.3800048828125,364.287109375,2444100
2023-06-14,374.760009765625,367.60260009765625,2775400
2023-06-15,379.0400085449219,371.80084228515625,2558100
2023-06-16,376.5299987792969,369.3387451171875,5886900
2023-06-20,374.6199951171875,367.4652404785156,3961700
2023-06-21,376.1400146484375,368.9561462402344,2301300
2023-06-22,377.79998779296875,370.5844421386719,1933300
2023-06-23,379.80999755859375,372.5561218261719,3739700
2023-06-26,377.4200134277344,370.21173095703125,3327800
2023-06-27,381.7900085449219,374.49835205078125,2197300
2023-06-28,380.2300109863281,372.9681396484375,2012400
2023-06-29,387.6700134277344,380.2659606933594,2524600
2023-06-30,393.29998779296875,385.7884521484375,4407100
2023-07-03,393.9599914550781,386.43585205078125,1304600
2023-07-05,394.7300109863281,387.1911315917969,2781800
2023-07-06,393.1400146484375,386.189208984375,2156600
2023-07-07,388.67999267578125,381.80804443359375,2654400
2023-07-10,392.1600036621094,385.22650146484375,2148600
2023-07-11,397.79998779296875,390.7667541503906,2106200
2023-07-12,400.69000244140625,393.605712890625,2273400
2023-07-13,400.55999755859375,393.4779968261719,2354900
2023-07-14,402.510009765625,395.3935241699219,1978500
2023-07-17,402.20001220703125,395.0889892578125,2344500
2023-07-18,398.1600036621094,391.12042236328125,2676200
2023-07-19,398.2699890136719,391.228515625,1809700
2023-07-20,398.05999755859375,391.0222473144531,2570700
2023-07-21,397.489990234375,390.4622802734375,1868100
2023-07-24,404.7900085449219,397.6332092285156,3029800
2023-07-25,401.2799987792969,394.1852722167969,2490500
2023-07-26,402.4100036621094,395.2953186035156,2572300
2023-07-27,394.5,387.5251159667969,3563300
2023-07-28,392.9599914550781,386.0123596191406,4501000
2023-07-31,394.2799987792969,387.3090515136719,3578300
2023-08-01,397.07000732421875,390.0497131347656,2344200
2023-08-02,390.0199890136719,383.1242980957031,2410600
2023-08-03,393.010009765625,386.0614929199219,2190500
2023-08-04,391.3500061035156,384.4308166503906,2215800
2023-08-07,396.8699951171875,389.85321044921875,1559800
2023-08-08,393.19000244140625,386.2383117675781,1747000
2023-08-09,393.6700134277344,386.7098388671875,1806100
2023-08-10,397.1400146484375,390.1184997558594,2154500
2023-08-11,394.9800109863281,387.99664306640625,1464600
2023-08-14,398.5799865722656,391.5329895019531,1638500
2023-08-15,394.45001220703125,387.4759826660156,1753200
2023-08-16,394.3699951171875,387.3974304199219,2002000
2023-08-17,392.6199951171875,385.6783752441406,2118600
2023-08-18,392.1700134277344,385.236328125,2001800
2023-08-21,393.20001220703125,386.24810791015625,1869400
2023-08-22,397.8399963378906,390.8060607910156,2422500
2023-08-23,401.05999755859375,393.9692077636719,1943200
2023-08-24,397.6700134277344,390.63909912109375,1970000
2023-08-25,402.8900146484375,395.76678466796875,2154600
2023-08-28,407.44000244140625,400.2363586425781,1901300
2023-08-29,411.6499938964844,404.3719482421875,2188800
2023-08-30,413.9100036621094,406.5919494628906,2516600
2023-08-31,412.6400146484375,405.3444519042969,2535100
2023-09-01,415.57000732421875,408.22259521484375,1841700
2023-09-05,411.5,404.2245788574219,2045600
2023-09-06,413.17999267578125,405.8749084472656,2292100
2023-09-07,414.6199951171875,407.2894287109375,2502700
2023-09-08,414.8399963378906,407.50555419921875,1868900
2023-09-11,416.69000244140625,409.32281494140625,1544700
2023-09-12,416.2699890136719,408.9102478027344,1997600
2023-09-13,416.29998779296875,408.939697265625,2142200
2023-09-14,413.3399963378906,406.031982421875,3557700
2023-09-15,414.30999755859375,406.98492431640625,4755500
2023-09-18,417.1300048828125,409.7549743652344,1808000
2023-09-19,413.5299987792969,406.2187194824219,1730900
2023-09-20,410.5199890136719,403.26190185546875,1580000
2023-09-21,403.3599853515625,396.22845458984375,2450700
2023-09-22,402.2200012207031,395.108642578125,1885000
2023-09-25,402.489990234375,395.3738708496094,1846500
2023-09-26,395.3800048828125,388.3896179199219,2940400
2023-09-27,395.4800109863281,388.4878234863281,1987500
2023-09-28,399.44000244140625,392.3778076171875,2216200
2023-09-29,395.9100036621094,388.91015625,3032300
2023-10-02,395.8500061035156,388.85125732421875,2856800
2023-10-03,391.05999755859375,384.1459655761719,2527900
2023-10-04,393.760009765625,386.7982482910156,1813400
2023-10-05,394.20001220703125,387.7917785644531,2116600
2023-10-06,397.9700012207031,391.5005187988281,2484000
2023-10-09,394.739990234375,388.322998046875,2475100
2023-10-10,400.3699951171875,393.8615417480469,2713800
2023-10-11,399.80999755859375,393.31060791015625,2055600
2023-10-12,399.8999938964844,393.3991394042969,1779000
2023-10-13,398.0299987792969,391.5594787597656,2235600
2023-10-16,401.1600036621094,394.638671875,2202100
2023-10-17,401.7699890136719,395.2386779785156,2176000
2023-10-18,393.2099914550781,386.8179016113281,1951400
2023-10-19,387.8699951171875,381.56463623046875,3472800
2023-10-20,384.4100036621094,378.1609802246094,2652500
2023-10-23,383.6700134277344,377.4329833984375,1771800
2023-10-24,386.9100036621094,380.6203308105469,2003300
2023-10-25,386.30999755859375,380.0300598144531,3504500
2023-10-26,364.5899963378906,358.6630554199219,6920100
2023-10-27,364.0799865722656,358.16143798828125,3624900
2023-10-30,372.4200134277344,366.36590576171875,3386400
2023-10-31,376.3500061035156,370.2319641113281,2978800
2023-11-01,377.82000732421875,371.67803955078125,2354700
2023-11-02,382.69000244140625,376.4688720703125,2816000
2023-11-03,386.04998779296875,379.7742919921875,2269100
2023-11-06,386.1600036621094,379.88250732421875,2020500
2023-11-07,388.8699951171875,382.54840087890625,2324200
2023-11-08,389.70001220703125,383.3649597167969,2838400
2023-11-09,387.9599914550781,381.6531982421875,2657100
2023-11-10,394.3800048828125,387.9689025878906,2807000
2023-11-13,394.3500061035156,387.93939208984375,1614600
2023-11-14,397.6499938964844,391.18572998046875,2733900
2023-11-15,396.8299865722656,390.37908935546875,2434600
2023-11-16,397.1000061035156,390.6446533203125,3060600
2023-11-17,400.29998779296875,393.7926025390625,2365500
2023-11-20,404.3999938964844,397.8260192871094,2768300
2023-11-21,408.95001220703125,402.302001953125,2567500
2023-11-22,410.3299865722656,403.6595458984375,1967900
2023-11-24,412.5,405.7942810058594,1053500
2023-11-27,408.9700012207031,402.3216857910156,2665900
2023-11-28,409.010009765625,402.36102294921875,2645000
2023-11-29,409.82000732421875,403.15789794921875,2151400
2023-11-30,413.8299865722656,407.1026916503906,3203500
2023-12-01,414.3599853515625,407.6239929199219,2171400
2023-12-04,408.2300109863281,401.59375,3097900
2023-12-05,408.69000244140625,402.0462646484375,2755600
2023-12-06,410.3800048828125,403.7087707519531,2224200
2023-12-07,413.1499938964844,406.4337158203125,2363000
2023-12-08,412.1600036621094,405.4598388671875,1959300
2023-12-11,415.7099914550781,408.95208740234375,2236000
2023-12-12,420.75,413.91015625,2736500
2023-12-13,424.67999267578125,417.7762756347656,3694200
2023-12-14,418.55999755859375,411.75579833984375,3989700
2023-12-15,418.57000732421875,411.7656555175781,5566600
2023-12-18,424.42999267578125,417.5303955078125,2686900
2023-12-19,425.4700012207031,418.5534362792969,2256200
2023-12-20,419.45001220703125,412.63134765625,3058300
2023-12-21,423.44000244140625,416.55645751953125,2213600
2023-12-22,424.1000061035156,417.2057189941406,1759000
2023-12-26,423.6700134277344,416.7827453613281,1258200
2023-12-27,424.3599853515625,417.46148681640625,1324100
2023-12-28,426.32000732421875,419.3896789550781,1505000
2023-12-29,426.510009765625,419.5765686035156,1706100
2024-01-02,421.8900146484375,415.0316467285156,2463700
2024-01-03,418.7699890136719,411.9623107910156,3093700
2024-01-04,419.7699890136719,412.9460754394531,2042600
2024-01-05,419.4200134277344,412.601806640625,2415900
2024-01-08,421.9800109863281,415.77447509765625,2125400
2024-01-09,422.6000061035156,416.3853759765625,2439300
2024-01-10,428.2699890136719,421.97198486328125,2709300
2024-01-11,426.7200012207031,420.4447326660156,2320600
2024-01-12,429.1000061035156,422.7898254394531,1892400
2024-01-16,428.3500061035156,422.0508117675781,2398000
2024-01-17,427.4200134277344,421.134521484375,2690400
2024-01-18,430.7200012207031,424.3859558105469,2075700
2024-01-19,436.7799987792969,430.3568115234375,2400200
2024-01-22,439.75,433.283203125,2715500
2024-01-23,438.760009765625,432.3077087402344,2328600
2024-01-24,438.70001220703125,432.2486572265625,2725700
2024-01-25,436.79998779296875,430.37652587890625,2977800
2024-01-26,438.5299987792969,432.0810546875,2725400
2024-01-29,440.5799865722656,434.1009216308594,2314200
2024-01-30,445.19000244140625,438.6432189941406,2663600
2024-01-31,449.2300109863281,442.623779296875,4740500
2024-02-01,460.9200134277344,454.141845703125,3292700
2024-02-02,460.5799865722656,453.80682373046875,2050300
2024-02-05,456.760009765625,450.0429992675781,2438800
2024-02-06,460.5,453.72802734375,2201900
2024-02-07,461.9100036621094,455.1173095703125,2544300
2024-02-08,458.260009765625,451.5209655761719,2081300
2024-02-09,457.8800048828125,451.14654541015625,2155400
2024-02-12,458.7099914550781,451.9643249511719,1794500
2024-02-13,460.4599914550781,453.6885681152344,2407700
2024-02-14,465.19000244140625,458.3490295410156,2202700
2024-02-15,471.2799987792969,464.3494873046875,2354100
2024-02-16,468.1300048828125,461.24578857421875,2237200
2024-02-20,451.75,445.10662841796875,5044200
2024-02-21,459.04998779296875,452.29931640625,2895800
2024-02-22,471.55999755859375,464.6253967285156,2572800
2024-02-23,473.4200134277344,466.4580078125,1764100
2024-02-26,474.510009765625,467.5319519042969,2066900
2024-02-27,474.75,467.7684631347656,2011100
2024-02-28,478.8500061035156,471.8081970214844,1931900
2024-02-29,474.760009765625,467.7782897949219,3072500
2024-03-01,476.6300048828125,469.620849609375,1748300
2024-03-04,468.489990234375,461.6004638671875,3212400
2024-03-05,467.5199890136719,460.6447448730469,2015100
2024-03-06,471.6000061035156,464.6647644042969,1917100
2024-03-07,467.5400085449219,460.6644592285156,2178100
2024-03-08,469.260009765625,462.3592529296875,1596900
2024-03-11,469.1600036621094,462.2606506347656,1774500
2024-03-12,472.8699951171875,465.91607666015625,1853900
2024-03-13,475.6099853515625,468.6158142089844,2103900
2024-03-14,479.4800109863281,472.42889404296875,2757700
2024-03-15,475.8299865722656,468.83251953125,4179300
2024-03-18,478.8900146484375,471.84759521484375,2072300
2024-03-19,484.0,476.8824462890625,2049500
2024-03-20,488.0400085449219,480.863037109375,1691100
2024-03-21,488.6400146484375,481.4542236328125,2580300
2024-03-22,481.6700134277344,474.5866394042969,2277800
2024-03-25,476.0400085449219,469.0394592285156,2600300
2024-03-26,476.79998779296875,469.7882995605469,2515100
2024-03-27,477.95001220703125,470.9213562011719,2309400
2024-03-28,481.57000732421875,474.4881591796875,2214500
2024-04-01,478.3999938964844,471.36474609375,1648200
2024-04-02,479.42999267578125,472.3796081542969,3265100
2024-04-03,477.4200134277344,470.3992004394531,2265000
2024-04-04,469.7699890136719,462.8616638183594,2552600
2024-04-05,477.1499938964844,470.1331787109375,2462700
2024-04-08,478.8500061035156,472.4617004394531,1961800
2024-04-09,472.1600036621094,465.86090087890625,2217200
2024-04-10,469.1700134277344,462.9107971191406,2710500
2024-04-11,468.30999755859375,462.062255859375,2299900
2024-04-12,465.3800048828125,459.17138671875,2486300
2024-04-15,459.7900085449219,453.65594482421875,2070500
2024-04-16,459.82000732421875,453.685546875,1787200
2024-04-17,460.1600036621094,454.02099609375,1735000
2024-04-18,454.70001220703125,448.63385009765625,1998900
2024-04-19,455.3900146484375,449.3146057128906,2548800
2024-04-22,456.75,450.6565246582031,2157400
2024-04-23,462.82000732421875,456.6455078125,2029100
2024-04-24,462.5,456.32977294921875,4043100
2024-04-25,462.1099853515625,455.9449462890625,2006500
2024-04-26,462.4200134277344,456.2508544921875,1963300
2024-04-29,457.1000061035156,451.0018615722656,2120700
2024-04-30,451.20001220703125,445.1805419921875,2698800
2024-05-01,442.07000732421875,436.1723937988281,4979100
2024-05-02,441.1000061035156,435.21533203125,3866500
2024-05-03,443.5799865722656,437.66217041015625,3711500
2024-05-06,449.3699951171875,443.3749694824219,2536200
2024-05-07,453.05999755859375,447.01568603515625,2345300
2024-05-08,454.7699890136719,448.702880859375,2332400
2024-05-09,455.489990234375,449.4132995605469,1970100
2024-05-10,456.9800109863281,450.8834533691406,1729900
2024-05-13,457.760009765625,451.6529846191406,2069300
2024-05-14,454.20001220703125,448.14056396484375,2991000
2024-05-15,458.0,451.88983154296875,2437800
2024-05-16,458.8699951171875,452.7482604980469,2412200
2024-05-17,460.2699890136719,454.1295166015625,1985900
2024-05-20,459.6600036621094,453.5277099609375,1397200
2024-05-21,459.1000061035156,452.9751892089844,2166000
2024-05-22,456.5199890136719,450.4295654296875,1713700
2024-05-23,451.2099914550781,445.1903991699219,2084600
2024-05-24,451.17999267578125,445.1607971191406,2162100
2024-05-28,445.0799865722656,439.14215087890625,2670800
2024-05-29,442.4700012207031,436.5669860839844,1876900
2024-05-30,442.1000061035156,436.20196533203125,2189900
2024-05-31,447.07000732421875,441.1056213378906,3917100
2024-06-03,443.19000244140625,437.27740478515625,2123800
2024-06-04,444.7699890136719,438.8363037109375,2096600
2024-06-05,446.6600036621094,440.7010803222656,2157000
2024-06-06,448.67999267578125,442.69415283203125,1887100
2024-06-07,449.7900085449219,443.7893371582031,1664700
2024-06-10,449.25,443.2565612792969,1954500
2024-06-11,449.0400085449219,443.04937744140625,1777300
2024-06-12,443.0,437.0899353027344,2738900
2024-06-13,445.0,439.0632629394531,2916600
2024-06-14,444.6300048828125,438.69818115234375,2161500
2024-06-17,448.1099853515625,442.1317443847656,2351900
2024-06-18,450.1099853515625,444.10504150390625,2636500
2024-06-20,452.510009765625,446.4730529785156,3006800
2024-06-21,454.8500061035156,448.78179931640625,5007800
2024-06-24,456.9599914550781,450.86370849609375,2597100
2024-06-25,455.6499938964844,449.5711364746094,2299400
2024-06-26,452.3800048828125,446.34478759765625,2451400
2024-06-27,442.75,436.84332275390625,3313800
2024-06-28,441.1600036621094,435.2745056152344,4105000
2024-07-01,437.6099853515625,431.7718505859375,3149700
2024-07-02,444.6499938964844,438.7179260253906,2061300
2024-07-03,448.17999267578125,442.2008361816406,3192400
2024-07-05,449.489990234375,443.4932861328125,2220700
2024-07-08,446.239990234375,440.28668212890625,1802700
2024-07-09,444.70001220703125,439.41717529296875,1608400
2024-07-10,433.6400146484375,428.4885559082031,4760900
2024-07-11,436.4200134277344,431.2355651855469,4032600
2024-07-12,440.1099853515625,434.8816833496094,2645600
2024-07-15,444.0,438.7254638671875,1727700
2024-07-16,443.5299987792969,438.2610778808594,2846600
2024-07-17,451.1600036621094,445.8004455566406,2925000
2024-07-18,448.7200012207031,443.389404296875,3339900
2024-07-19,443.69000244140625,438.419189453125,2121700
2024-07-22,447.94000244140625,442.61871337890625,2111700
2024-07-23,441.7200012207031,436.4725341796875,2385500
2024-07-24,432.45001220703125,427.3126525878906,3764800
2024-07-25,429.6000061035156,424.49658203125,2384300
2024-07-26,438.17999267578125,432.9745788574219,2039600
2024-07-29,441.29998779296875,436.05755615234375,2248600
2024-07-30,447.45001220703125,442.1345520019531,2266900
2024-07-31,463.7099914550781,458.2013244628906,4313600
2024-08-01,462.4100036621094,456.9167785644531,2590100
2024-08-02,462.0199890136719,456.5314025878906,3808100
2024-08-05,442.0,436.749267578125,4496700
2024-08-06,448.29998779296875,442.974365234375,2758900
2024-08-07,449.8399963378906,444.4961242675781,2059800
2024-08-08,455.5799865722656,450.1678771972656,1585400
2024-08-09,456.7799987792969,451.3536376953125,1760200
2024-08-12,455.69000244140625,450.276611328125,1760000
2024-08-13,459.3599853515625,453.90301513671875,1816100
2024-08-14,460.1600036621094,454.6935119628906,1654100
2024-08-15,468.7099914550781,463.1419372558594,2130500
2024-08-16,468.8800048828125,463.3099060058594,1921900
2024-08-19,466.9800109863281,461.4325256347656,1690800
2024-08-20,469.1199951171875,463.54705810546875,1763300
2024-08-21,468.0,462.44036865234375,2105900
2024-08-22,468.82000732421875,463.2506408691406,1538200
2024-08-23,466.44000244140625,460.8988952636719,1986300
2024-08-26,468.6400146484375,463.0728454589844,1434400
2024-08-27,474.989990234375,469.3473205566406,1635900
2024-08-28,471.79998779296875,466.1952209472656,1445300
2024-08-29,480.79998779296875,475.08831787109375,1893400
2024-08-30,483.3399963378906,477.5981750488281,2982100
2024-09-03,482.1199951171875,476.39263916015625,2063700
2024-09-04,483.1400146484375,477.40057373046875,2156300
2024-09-05,477.3599853515625,471.6891784667969,2293500
2024-09-06,476.1199951171875,470.46392822265625,2116200
2024-09-09,487.0899963378906,481.3035583496094,2343600
2024-09-10,488.0199890136719,482.2225036621094,2234100
2024-09-11,488.17999267578125,482.3805847167969,2480000
2024-09-12,492.1099853515625,486.263916015625,2299100
2024-09-13,493.3599853515625,487.4990539550781,2204700
2024-09-16,497.7099914550781,491.7974548339844,1589200
2024-09-17,500.989990234375,495.0384521484375,2202800
2024-09-18,494.760009765625,488.8824768066406,2193800
2024-09-19,493.010009765625,487.1532287597656,3517200
2024-09-20,492.739990234375,486.88641357421875,3470200
2024-09-23,497.1400146484375,491.2342224121094,2191300
2024-09-24,487.4100036621094,481.6197814941406,4143700
2024-09-25,489.45001220703125,483.6355895996094,3483200
2024-09-26,491.2699890136719,485.4339599609375,3073700
2024-09-27,493.6400146484375,487.77581787109375,2177200
2024-09-30,493.79998779296875,487.93389892578125,2862400
2024-10-01,496.3800048828125,490.4832458496094,3748100
2024-10-02,495.57000732421875,489.682861328125,1736500
2024-10-03,494.9700012207031,489.09002685546875,1382200
2024-10-04,497.70001220703125,491.78753662109375,1935600
2024-10-07,491.29998779296875,485.46356201171875,1990500
2024-10-08,497.05999755859375,491.1551818847656,1750100
2024-10-09,499.95001220703125,494.66766357421875,1707500
2024-10-10,498.0199890136719,492.758056640625,1491000
2024-10-11,502.260009765625,496.9532470703125,1919900
2024-10-14,506.6600036621094,501.3067626953125,2127000
2024-10-15,507.2300109863281,501.8707580566406,2885900
2024-10-16,514.0700073242188,508.63848876953125,2956700
2024-10-17,513.760009765625,508.3317565917969,2227400
2024-10-18,516.3400268554688,510.88446044921875,2604600
2024-10-21,515.010009765625,509.56854248046875,2217500
2024-10-22,513.02001953125,507.599609375,1855800
2024-10-23,513.72998046875,508.3020324707031,1759700
2024-10-24,510.6199951171875,505.22491455078125,1911900
2024-10-25,507.3599853515625,501.9993591308594,1582200
2024-10-28,508.2099914550781,502.84039306640625,2186400
2024-10-29,506.2799987792969,500.9307556152344,2066300
2024-10-30,513.6900024414062,508.2624206542969,3121000
2024-10-31,499.5899963378906,494.31146240234375,5523300
2024-11-01,508.0799865722656,502.71173095703125,3753700
2024-11-04,505.5799865722656,500.23809814453125,2165100
2024-11-05,505.55999755859375,500.2183532714844,2132900
2024-11-06,521.1300048828125,515.6238403320312,3673700
2024-11-07,517.8800048828125,512.408203125,2382300
2024-11-08,524.760009765625,519.2155151367188,2215600
2024-11-11,530.1199951171875,524.5189208984375,2213400
2024-11-12,529.1699829101562,523.5789184570312,2577600
2024-11-13,521.8800048828125,516.3659057617188,2681500
2024-11-14,520.4000244140625,514.9015502929688,2480400
2024-11-15,521.8900146484375,516.3758544921875,2408100
2024-11-18,521.6300048828125,516.1185913085938,2493400
2024-11-19,519.4600219726562,513.9715576171875,2716000
2024-11-20,512.5399780273438,507.1246032714844,2409400
2024-11-21,515.0999755859375,509.6575927734375,3077300
2024-11-22,520.8599853515625,515.356689453125,3130400
2024-11-25,526.5999755859375,521.0360107421875,4503900
2024-11-26,528.47998046875,522.8961791992188,2326800
2024-11-27,532.3800048828125,526.7550048828125,2086300
2024-11-29,532.9400024414062,527.3090209960938,1760600
2024-12-02,531.3599853515625,525.7457885742188,2355100
2024-12-03,526.1799926757812,520.6205444335938,2319400
2024-12-04,521.1400146484375,515.6338500976562,2630000
2024-12-05,524.77001953125,519.2254028320312,2538600
2024-12-06,528.5700073242188,522.9851684570312,2122700
2024-12-09,522.8200073242188,517.2959594726562,2942000
2024-12-10,529.010009765625,523.420654296875,2003200
2024-12-11,534.4500122070312,528.8031005859375,2181100
2024-12-12,532.4099731445312,526.78466796875,1860400
2024-12-13,529.0,523.41064453125,1608200
2024-12-16,530.3099975585938,524.706787109375,2923000
2024-12-17,531.010009765625,525.3994750976562,4055800
2024-12-18,519.9600219726562,514.46630859375,3190300
2024-12-19,523.280029296875,517.7511596679688,3050500
2024-12-20,528.030029296875,522.450927734375,7317100
2024-12-23,528.9600219726562,523.37109375,2270300
2024-12-24,535.7100219726562,530.0498657226562,955000
2024-12-26,536.1500244140625,530.4852294921875,1109600
2024-12-27,532.2000122070312,526.5768432617188,1541800
2024-12-30,525.5499877929688,519.9971313476562,2101600
2024-12-31,526.5700073242188,521.00634765625,1942600
2025-01-02,522.4000244140625,516.88037109375,2818800
2025-01-03,521.3599853515625,515.8513793945312,1627500
2025-01-06,511.92999267578125,506.52105712890625,2920800
2025-01-07,511.3999938964844,505.99664306640625,2211800
2025-01-08,516.4000244140625,510.94390869140625,2456700
2025-01-10,504.6700134277344,500.07379150390625,2815500
2025-01-13,504.9100036621094,500.3115234375,2885500
2025-01-14,509.0199890136719,504.38409423828125,2704800
2025-01-15,522.3499755859375,517.5927734375,3024800
2025-01-16,523.1400146484375,518.37548828125,3275600
2025-01-17,524.7000122070312,519.9212646484375,2374800
2025-01-21,528.0599975585938,523.2506713867188,2706900
2025-01-22,527.1799926757812,522.3787231445312,2037600
2025-01-23,534.219970703125,529.3546142578125,2196500
2025-01-24,533.489990234375,528.6312866210938,2472900
2025-01-27,547.6400146484375,542.65234375,3074600
2025-01-28,547.3599853515625,542.3749389648438,2727800
2025-01-29,548.7999877929688,543.8017578125,2549000
2025-01-30,566.010009765625,560.8551025390625,6005200
2025-01-31,555.4299926757812,550.3713989257812,4505100
2025-02-03,563.9500122070312,558.8138427734375,3195500
2025-02-04,559.1099853515625,554.0178833007812,2638900
2025-02-05,566.2899780273438,561.132568359375,2404700
2025-02-06,567.1599731445312,561.9945678710938,1738400
2025-02-07,562.75,557.624755859375,2008300
2025-02-10,565.489990234375,560.33984375,2357700
2025-02-11,564.7000122070312,559.5570068359375,1847800
2025-02-12,564.5999755859375,559.4578857421875,1722200
2025-02-13,566.3099975585938,561.15234375,1709500
2025-02-14,564.760009765625,559.6165771484375,1927400
2025-02-18,568.6099853515625,563.431396484375,2064100
2025-02-19,568.5,563.3223876953125,2459100
2025-02-20,563.280029296875,558.14990234375,2181900
2025-02-21,557.510009765625,552.4324951171875,2256100
2025-02-24,559.0,553.9089965820312,1752500
2025-02-25,564.030029296875,558.8931274414062,3609500
2025-02-26,561.27001953125,556.1583251953125,2028000
2025-02-27,564.8200073242188,559.6758422851562,2436500
2025-02-28,576.3099975585938,571.061279296875,3205400
2025-03-03,574.9199829101562,569.6839599609375,3092600
2025-03-04,555.0700073242188,550.0147705078125,3318100
2025-03-05,558.2999877929688,553.21533203125,2795400
2025-03-06,549.8200073242188,544.8125610351562,3133200
2025-03-07,546.77001953125,541.790283203125,3161300
2025-03-10,537.1199951171875,532.2282104492188,3893400
2025-03-11,525.7999877929688,521.01123046875,4582600
2025-03-12,524.6400146484375,519.8618774414062,2810800
2025-03-13,519.8300170898438,515.0956420898438,2375800
2025-03-14,527.6400146484375,522.8345947265625,2369500
2025-03-17,531.989990234375,527.1448364257812,2544800
2025-03-18,530.1900024414062,525.361328125,2363300
2025-03-19,536.0900268554688,531.2075805664062,2804300
2025-03-20,536.3800048828125,531.4949340820312,2598600
2025-03-21,535.6900024414062,530.8111572265625,5973400
2025-03-24,543.6699829101562,538.718505859375,2758700
2025-03-25,545.1599731445312,540.1950073242188,2138200
2025-03-26,549.0700073242188,544.0693359375,2681600
2025-03-27,557.5700073242188,552.491943359375,2901200
2025-03-28,540.6099853515625,535.6864013671875,2656400
2025-03-31,548.1199951171875,543.1279907226562,4741800
2025-04-01,548.510009765625,543.5144653320312,2714900
2025-04-02,547.3800048828125,542.3947143554688,2994600
2025-04-03,530.5499877929688,525.718017578125,3443500
2025-04-04,489.7699890136719,485.3094177246094,6125100
2025-04-07,485.5199890136719,481.09814453125,6009400
2025-04-08,479.9200134277344,475.54913330078125,3555400
2025-04-09,515.4299926757812,511.54583740234375,4698400
2025-04-10,499.3399963378906,495.5770568847656,4105300
2025-04-11,509.75,505.9085998535156,3736200
2025-04-14,512.4600219726562,508.59820556640625,3005500
2025-04-15,517.3800048828125,513.4811401367188,2210700
2025-04-16,513.4299926757812,509.56085205078125,2501000
2025-04-17,517.3300170898438,513.4315185546875,3329800
2025-04-21,509.32000732421875,505.48187255859375,3345600
2025-04-22,527.3300170898438,523.3560791015625,2384000
2025-04-23,530.010009765625,526.0159912109375,3051800
2025-04-24,535.4600219726562,531.4248657226562,2209100
2025-04-25,533.47998046875,529.4597778320312,2006100
2025-04-28,534.489990234375,530.462158203125,1735400
2025-04-29,539.6799926757812,535.613037109375,2041500
2025-04-30,548.0599975585938,543.929931640625,3783500
2025-05-01,546.6300048828125,542.5106811523438,2839900
2025-05-02,559.3900146484375,555.1744995117188,2632600
2025-05-05,561.1199951171875,556.8915405273438,2130900
2025-05-06,558.989990234375,554.777587890625,2341700
2025-05-07,566.3300170898438,562.0623168945312,2493700
2025-05-08,567.1199951171875,562.8462524414062,2004300
2025-05-09,568.6400146484375,564.3547973632812,1528000
2025-05-12,578.27001953125,573.9122924804688,3000300
2025-05-13,576.5900268554688,572.2449951171875,2370200
2025-05-14,573.280029296875,568.9598999023438,2237500
2025-05-15,582.2000122070312,577.8126220703125,2034200
2025-05-16,583.280029296875,578.8845825195312,2225900
2025-05-19,586.4099731445312,581.9909057617188,1875500
2025-05-20,581.1099853515625,576.7308959960938,1964300
2025-05-21,569.5399780273438,565.2479858398438,2505300
2025-05-22,570.1400146484375,565.8435668945312,1869900
2025-05-23,563.5800170898438,559.3330078125,1948800
2025-05-27,574.5499877929688,570.2202758789062,2655200
2025-05-28,575.9199829101562,571.5798950195312,1702900
2025-05-29,577.780029296875,573.4259643554688,1347800
2025-05-30,585.5999755859375,581.18701171875,4581100
2025-06-02,581.219970703125,576.8400268554688,2089100
2025-06-03,581.969970703125,577.5844116210938,2116900
2025-06-04,584.1300048828125,579.7281494140625,1530200
2025-06-05,585.4400024414062,581.0281982421875,1480000
2025-06-06,590.1199951171875,585.6729736328125,1528600
2025-06-09,584.3300170898438,579.9265747070312,1936000
2025-06-10,589.5399780273438,585.0972900390625,2133700
2025-06-11,590.739990234375,586.2882690429688,2238100
2025-06-12,589.280029296875,584.83935546875,1984000
2025-06-13,562.030029296875,557.794677734375,5905400
2025-06-16,568.6699829101562,564.3845825195312,3108200
2025-06-17,569.4500122070312,565.15869140625,2246600
2025-06-18,538.72998046875,534.6702270507812,6966800
2025-06-20,532.969970703125,528.95361328125,8202800
2025-06-23,542.3499755859375,538.2628784179688,3681100
2025-06-24,557.530029296875,553.3285522460938,4503200
2025-06-25,549.7000122070312,545.5576171875,2889200
2025-06-26,545.8099975585938,541.6968383789062,3764100
2025-06-27,550.3200073242188,546.1729125976562,3837500
2025-06-30,561.9400024414062,557.705322265625,5054600
2025-07-01,564.6099853515625,560.355224609375,3827000
2025-07-02,561.52001953125,557.2885131835938,2502300
2025-07-03,569.239990234375,564.9502563476562,1528700
2025-07-07,565.1199951171875,560.8613891601562,2478300
2025-07-08,562.4400024414062,558.2015991210938,3083800
2025-07-09,565.1099853515625,561.6102905273438,2454300
2025-07-10,563.52001953125,560.0301513671875,2577200
2025-07-11,550.1799926757812,546.7727661132812,3221400
2025-07-14,553.02001953125,549.5951538085938,2500900
2025-07-15,550.3599853515625,546.95166015625,2449100
2025-07-16,555.52001953125,552.0797119140625,2424200
2025-07-17,555.6099853515625,552.1691284179688,2722000
2025-07-18,552.6599731445312,549.2373657226562,2579600
2025-07-21,554.6500244140625,551.215087890625,2194400
2025-07-22,558.760009765625,555.2996215820312,2010400
2025-07-23,562.0900268554688,558.6090698242188,2180400
2025-07-24,563.5,560.01025390625,1874700
2025-07-25,568.219970703125,564.7010498046875,1513300
2025-07-28,568.280029296875,564.7606811523438,2492400
2025-07-29,563.3200073242188,559.8313598632812,2393800
2025-07-30,559.1099853515625,555.6473999023438,2833200
2025-07-31,566.469970703125,562.9618530273438,4568300
2025-08-01,559.8900146484375,556.4225463867188,3316700
2025-08-04,569.8099975585938,566.2811889648438,2984700
2025-08-05,566.0399780273438,562.5345458984375,2883200
2025-08-06,569.1300048828125,565.6054077148438,2245200
2025-08-07,561.219970703125,557.744384765625,2979600
2025-08-08,574.3200073242188,570.7632446289062,2907700
2025-08-11,573.5900268554688,570.037841796875,2116600
2025-08-12,574.1799926757812,570.6241455078125,2593800
2025-08-13,577.9000244140625,574.3211669921875,2352900
2025-08-14,583.760009765625,580.1448364257812,2642300
2025-08-15,581.7000122070312,578.0975341796875,2263800
2025-08-18,584.1400146484375,580.5223999023438,1812000
2025-08-19,585.510009765625,581.8839721679688,2334500
2025-08-20,592.6799926757812,589.009521484375,2884600
2025-08-21,591.9199829101562,588.2542114257812,2349200
2025-08-22,598.9600219726562,595.2506713867188,2388900
2025-08-25,593.2100219726562,589.5362548828125,1984300
2025-08-26,591.6099853515625,587.9462280273438,4774600
2025-08-27,590.6599731445312,587.0020751953125,1480900
2025-08-28,590.47998046875,586.8231811523438,2159800
2025-08-29,595.2899780273438,591.6033935546875,2111200
2025-09-02,591.8699951171875,588.20458984375,2284500
2025-09-03,593.280029296875,589.6058959960938,1959400
2025-09-04,595.6400146484375,591.9512329101562,1653700
2025-09-05,584.219970703125,580.6019287109375,2432100
2025-09-08,586.5999755859375,582.9671630859375,1948200
2025-09-09,584.0,580.38330078125,2266000
2025-09-10,579.3800048828125,575.7919311523438,2535200
2025-09-11,588.72998046875,585.0840454101562,2407000
2025-09-12,580.4099731445312,576.8154907226562,2242800
2025-09-15,582.9600219726562,579.3497924804688,2222600
2025-09-16,586.4199829101562,582.7882690429688,2537000
2025-09-17,598.6300048828125,594.9226684570312,2930800
2025-09-18,586.0499877929688,582.4205932617188,3294600
2025-09-19,584.1599731445312,580.5422973632812,6745300
2025-09-22,584.489990234375,580.8703002929688,3241700
2025-09-23,569.969970703125,566.4401245117188,3223000
2025-09-24,568.8099975585938,565.287353515625,2867200
2025-09-25,567.2999877929688,563.7866821289062,2700600
2025-09-26,565.1300048828125,561.6301879882812,2106500
2025-09-29,568.1400146484375,564.62158203125,2615600
2025-09-30,568.8099975585938,565.287353515625,2379200
2025-10-01,573.77001953125,570.2167358398438,3685100
2025-10-02,577.3300170898438,573.754638671875,2483500
2025-10-03,580.4500122070312,576.8553466796875,2331600
2025-10-06,578.8099975585938,575.2254638671875,2573500
2025-10-07,579.8400268554688,576.2490234375,2120700
2025-10-08,576.4400024414062,572.8701782226562,1934700
2025-10-09,564.5499877929688,561.7944946289062,2579800
2025-10-10,557.47998046875,554.7589111328125,3553900
2025-10-13,559.239990234375,556.5103759765625,2996500
2025-10-14,567.9199829101562,565.1480102539062,2627300
2025-10-15,562.8099975585938,560.0629272460938,2262400
2025-10-16,549.8800048828125,547.196044921875,3210600
2025-10-17,560.969970703125,558.23193359375,2756700
2025-10-20,566.3599853515625,563.5956420898438,2046400
2025-10-21,572.030029296875,569.238037109375,2722400
2025-10-22,571.3599853515625,568.5711669921875,1820500
2025-10-23,573.77001953125,570.969482421875,2187500
2025-10-24,573.6699829101562,570.8699951171875,1839600
2025-10-27,572.3599853515625,569.5662841796875,2981000
2025-10-28,565.9299926757812,563.167724609375,2916000
2025-10-29,554.5800170898438,551.8731079101562,3763400
2025-10-30,553.6799926757812,550.9775390625,4284700
2025-10-31,551.989990234375,549.2957763671875,3567100
2025-11-03,544.0700073242188,541.4144287109375,3175500
2025-11-04,552.75,550.0520629882812,2653900
2025-11-05,553.3099975585938,550.6093139648438,2198500
2025-11-06,553.280029296875,550.5795288085938,2593600
2025-11-07,551.969970703125,549.27587890625,2510400
2025-11-10,552.9600219726562,550.2610473632812,1978300
2025-11-11,558.3499755859375,555.6246948242188,1832400
2025-11-12,561.22998046875,558.4906616210938,1761500
2025-11-13,555.5700073242188,552.8582763671875,2031300
2025-11-14,545.72998046875,543.0663452148438,2567800
2025-11-17,536.8499755859375,534.2296752929688,2557900
2025-11-18,527.5800170898438,525.0049438476562,3594700
2025-11-19,530.3599853515625,527.7713012695312,2723100
2025-11-20,527.8800048828125,525.3034057617188,3240300
2025-11-21,540.4000244140625,537.7623901367188,3807500
2025-11-24,537.8499755859375,535.2247924804688,5941000
2025-11-25,546.469970703125,543.8026733398438,3132600
2025-11-26,544.9299926757812,542.270263671875,2185300
2025-11-28,550.530029296875,547.8429565429688,1254800
2025-12-01,543.969970703125,541.3148803710938,2227000
2025-12-02,545.9099731445312,543.2454833984375,3076000
2025-12-03,553.72998046875,551.0272216796875,2687900
2025-12-04,542.3099975585938,539.6630249023438,2878800
2025-12-05,545.52001953125,542.8572998046875,2126700
2025-12-08,540.4400024414062,537.8021850585938,2453800
2025-12-09,537.5499877929688,534.9262084960938,1965300
2025-12-10,538.8599853515625,536.2297973632812,3023400
2025-12-11,563.3699951171875,560.6202392578125,3659900
2025-12-12,571.9299926757812,569.1383666992188,3515400
2025-12-15,569.1300048828125,566.3521118164062,2714000
2025-12-16,566.02001953125,563.2572631835938,2748700
2025-12-17,565.469970703125,562.7099609375,3287100
2025-12-18,566.2100219726562,563.4463500976562,2259000
2025-12-19,572.22998046875,569.4369506835938,7262100
2025-12-22,575.7000122070312,572.8900756835938,2500200
2025-12-23,576.3499755859375,573.5368041992188,1794700
2025-12-24,579.4500122070312,576.6217041015625,1058900
2025-12-26,579.5999755859375,576.77099609375,972300
2025-12-29,577.9000244140625,575.079345703125,1274900
2025-12-30,577.4199829101562,574.6016235351562,1512800
2025-12-31,570.8800048828125,568.0935668945312,1736500
2026-01-02,563.1300048828125,560.3814086914062,3901900
2026-01-05,568.5700073242188,565.7948608398438,2865000
2026-01-06,580.3400268554688,577.5073852539062,4056100
2026-01-07,579.9199829101562,577.0894165039062,3653900
2026-01-08,580.0700073242188,577.2387084960938,3390200
2026-01-09,575.5399780273438,573.591064453125,2221100
2026-01-12,566.280029296875,564.3624877929688,3486400
2026-01-13,544.989990234375,543.14453125,8721600
2026-01-14,546.8200073242188,544.9683837890625,3943700
2026-01-15,542.6500244140625,540.8125,4005600
2026-01-16,539.489990234375,537.6632080078125,3496200
2026-01-20,531.739990234375,529.9393920898438,4098700
2026-01-21,527.5700073242188,525.7835693359375,4937700
2026-01-22,532.8599853515625,531.0556640625,5114900
2026-01-23,524.739990234375,522.963134765625,5002900
2026-01-26,527.3599853515625,525.57421875,4839700
2026-01-27,520.4099731445312,518.6477661132812,3850800
2026-01-28,521.3699951171875,519.6045532226562,5483000
2026-01-29,543.72998046875,541.8887939453125,5488300
2026-01-30,538.7899780273438,536.9655151367188,4306900
2026-02-02,555.3699951171875,553.4893798828125,4603300
2026-02-03,550.719970703125,548.8551635742188,5706700
2026-02-04,553.52001953125,551.6456909179688,4448000
2026-02-05,551.8900146484375,550.021240234375,4621600
2026-02-06,548.739990234375,546.8818359375,3779700
2026-02-09,535.3300170898438,533.5172729492188,4110300
2026-02-10,540.3900146484375,538.5601196289062,2222700
2026-02-11,537.4600219726562,535.6400756835938,3691000
2026-02-12,527.4600219726562,525.6739501953125,3466200
2026-02-13,518.3599853515625,516.604736328125,4017700
2026-02-17,521.9299926757812,520.16259765625,3178000
2026-02-18,527.97998046875,526.192138671875,3575900
2026-02-19,520.260009765625,518.498291015625,3009400
2026-02-20,526.4099731445312,524.62744140625,2838500
2026-02-23,496.0299987792969,494.350341796875,6312300
2026-02-24,498.0,496.3136901855469,5292900
2026-02-25,509.3900146484375,507.6651306152344,4139100
2026-02-26,514.77001953125,513.0269165039062,4843600
2026-02-27,517.2100219726562,515.4586791992188,5121100
2026-03-02,521.0,519.23583984375,3827000
2026-03-03,524.3200073242188,522.5445556640625,4199700
2026-03-04,522.9199829101562,521.1492919921875,3154700
2026-03-05,524.6599731445312,522.8833618164062,3879300
2026-03-06,522.3400268554688,520.5712890625,2872900
2026-03-09,517.719970703125,515.9669189453125,3546600
2026-03-10,514.719970703125,512.97705078125,2759800
2026-03-11,504.0,502.2933654785156,2873200
2026-03-12,497.30999755859375,495.62603759765625,2702500
2026-03-13,497.989990234375,496.3036804199219,2809300
2026-03-16,508.5,506.77813720703125,3450300
2026-03-17,506.5799865722656,504.8645935058594,2834300
2026-03-18,488.4700012207031,486.8159484863281,3458700
2026-03-19,491.1400146484375,489.4769287109375,3284500
2026-03-20,496.32000732421875,494.6393737792969,5762900
2026-03-23,500.3800048828125,498.68560791015625,2985900
2026-03-24,498.92999267578125,497.24053955078125,2278900
2026-03-25,502.760009765625,501.0575866699219,2422000
2026-03-26,500.75,499.05438232421875,3995400
2026-03-27,484.239990234375,482.6002502441406,3963300
2026-03-30,494.0,492.32720947265625,3629500
2026-03-31,499.6600036621094,497.96807861328125,4417600
2026-04-01,491.6499938964844,489.98516845703125,4607100
2026-04-02,493.44000244140625,491.7691345214844,2926000
2026-04-06,501.5,499.80181884765625,2466000
2026-04-07,498.2799987792969,496.59271240234375,3593200
2026-04-08,507.1199951171875,505.4028015136719,3874900
2026-04-09,503.57000732421875,502.7272644042969,3301800
2026-04-10,498.6600036621094,497.82550048828125,2842200
2026-04-13,508.5799865722656,507.7288818359375,3318100
2026-04-14,513.1599731445312,512.3012084960938,2744600
2026-04-15,519.9600219726562,519.08984375,2910800
2026-04-16,518.5399780273438,517.6721801757812,2967400
2026-04-17,521.2999877929688,520.4276123046875,3617200
2026-04-20,516.6500244140625,515.785400390625,2503500
2026-04-21,511.3500061035156,510.4942626953125,3444900
2026-04-22,510.1600036621094,509.3062438964844,2288500
2026-04-23,502.3800048828125,501.5392761230469,2724000
2026-04-24,504.1700134277344,503.3262634277344,2406900
2026-04-27,506.42999267578125,505.58245849609375,2531300
2026-04-28,507.6199951171875,506.7704772949219,3892500
2026-04-29,525.22998046875,524.3510131835938,5876700
2026-04-30,502.9200134277344,502.078369140625,5975100
2026-05-01,495.4599914550781,494.6308288574219,4531800
2026-05-04,504.739990234375,503.8952941894531,4419900
2026-05-05,497.0799865722656,496.24810791015625,4216700
2026-05-06,491.8900146484375,491.06683349609375,4363300
2026-05-07,500.94000244140625,500.1016845703125,4964100
2026-05-08,495.4800109863281,494.65081787109375,4143400
2026-05-11,497.80999755859375,496.9768981933594,3959400
2026-05-12,499.80999755859375,498.9735412597656,3296000
2026-05-13,490.6400146484375,489.81890869140625,3322800
2026-05-14,489.94000244140625,489.1200866699219,2584900
2026-05-15,494.20001220703125,493.3729553222656,3416500
2026-05-18,505.7900085449219,504.9435729980469,4076600
2026-05-19,499.70001220703125,498.86376953125,3378300
2026-05-20,498.0400085449219,497.20654296875,3615700
2026-05-21,499.6199951171875,498.78387451171875,2474600
2026-05-22,498.5400085449219,497.7056884765625,1959300
2026-05-26,493.010009765625,492.1849365234375,1947300
2026-05-27,495.0400085449219,494.2115478515625,2834900
2026-05-28,493.75,492.9237060546875,3924100
2026-05-29,493.9800109863281,493.1533203125,5693100
2026-06-01,495.25,494.42120361328125,4653400
2026-06-02,477.67999267578125,476.8805847167969,5028300
2026-06-03,471.54998779296875,470.7608337402344,5227200
2026-06-04,481.760009765625,480.9537658691406,4020600
2026-06-05,491.0799865722656,490.2581481933594,4230700
2026-06-08,485.6700134277344,484.85723876953125,3091900
2026-06-09,495.239990234375,494.41119384765625,3309600
2026-06-10,489.0799865722656,488.2615051269531,3239900
2026-06-11,486.510009765625,485.6958312988281,3801000
2026-06-12,489.9800109863281,489.1600341796875,3984200
2026-06-15,490.6400146484375,489.81890869140625,3888500
2026-06-16,501.3299865722656,500.4909973144531,4006000
2026-06-17,492.989990234375,492.1649475097656,2927100
2026-06-18,489.7900085449219,488.9703369140625,6674700
2026-06-22,484.0899963378906,483.2798767089844,3955600
2026-06-23,488.07000732421875,487.2532043457031,3936400
2026-06-24,494.4100036621094,493.5826110839844,3609700
2026-06-25,488.9200134277344,488.101806640625,3722000
2026-06-26,499.0199890136719,498.18487548828125,9200900
2026-06-29,509.6400146484375,508.787109375,4812000
2026-06-30,513.5999755859375,512.740478515625,4696300
2026-07-01,522.4400024414062,521.565673828125,4412800
2026-07-02,539.3900146484375,538.4873046875,3900200
2026-07-06,533.0999755859375,532.2078247070312,3578000
2026-07-07,531.6199951171875,530.7303466796875,3516600
2026-07-08,519.8599853515625,518.989990234375,2723800
2026-07-09,523.2000122070312,523.2000122070312,2843700
2026-07-10,526.739990234375,526.739990234375,1616900
2026-07-13,537.7000122070312,537.7000122070312,2871500
2026-07-14,538.02001953125,538.02001953125,3323800
2026-07-15,535.2100219726562,535.2100219726562,3128500
2026-07-16,551.5399780273438,551.5399780273438,2925400
2026-07-17,543.5999755859375,543.5999755859375,3221600
2026-07-20,547.4400024414062,547.4400024414062,2572500
2026-07-21,538.2999877929688,538.2999877929688,2935700
2026-07-22,531.97998046875,531.97998046875,2313200
2026-07-23,530.2899780273438,530.2899780273438,2071700
2026-07-24,539.6599731445312,539.6599731445312,2551600
2026-07-27,551.7100219726562,551.7100219726562,2365000
2026-07-28,562.75,562.75,3126100
2026-07-29,563.3200073242188,563.3200073242188,3524200
2026-07-30,577.3499755859375,577.3499755859375,5302500
2026-07-31,573.0999755859375,573.0999755859375,4577700
2026-08-03,570.969970703125,570.969970703125,3508300
2026-08-04,571.0999755859375,571.0999755859375,3207100
2026-08-05,570.47998046875,570.47998046875,2431700
2026-08-06,575.9500122070312,575.9500122070312,3017000
2026-08-07,562.9500122070312,562.9500122070312,3018500
2026-08-10,563.1699829101562,563.1699829101562,2644100
2026-08-11,561.4400024414062,561.4400024414062,2465000
2026-08-12,559.72998046875,559.72998046875,3095200
2026-08-13,567.0399780273438,567.0399780273438,1982600
2026-08-14,569.2899780273438,569.2899780273438,2473300
2026-08-17,562.260009765625,562.260009765625,3019000
2026-08-18,574.3099975585938,574.3099975585938,3907600
2026-08-19,573.719970703125,573.719970703125,3053200
2026-08-20,573.8499755859375,573.8499755859375,2612700
2026-08-21,580.6300048828125,580.6300048828125,2200300
2026-08-24,599.8599853515625,599.8599853515625,3122300
2026-08-25,599.3699951171875,599.3699951171875,3370900
2026-08-26,598.469970703125,598.469970703125,3110900
2026-08-27,591.72998046875,591.72998046875,3193800
2026-08-28,595.2999877929688,595.2999877929688,1885300
2026-08-31,589.3099975585938,589.3099975585938,3151800
2026-09-01,581.0999755859375,581.0999755859375,3310300
2026-09-02,588.1400146484375,588.1400146484375,2290400
2026-09-03,585.7100219726562,585.7100219726562,2238400
2026-09-04,579.2100219726562,579.2100219726562,1774100
2026-09-08,570.8900146484375,570.8900146484375,2705400
2026-09-09,567.5,567.5,1825000
2026-09-10,565.3699951171875,565.3699951171875,1880100
2026-09-11,569.1900024414062,569.1900024414062,2049300
2026-09-14,574.4199829101562,574.4199829101562,2506300
2026-09-15,573.27001953125,573.27001953125,2127800
2026-09-16,567.75,567.75,2385300
2026-09-17,565.72998046875,565.72998046875,2070600
2026-09-18,565.239990234375,565.239990234375,5439800
2026-09-21,567.6500244140625,567.6500244140625,2572400
2026-09-22,555.8900146484375,555.8900146484375,3815900
2026-09-23,559.9199829101562,559.9199829101562,2879000
2026-09-24,566.0800170898438,566.0800170898438,2165400
