Date,close,adjclose,volume
2014-12-01,95.77999877929688,71.18468475341797,5273700
2014-12-02,95.11000061035156,70.68672943115234,10389700
2014-12-03,95.5,70.9765625,5316700
2014-12-04,95.66000366210938,71.09551239013672,5149300
2014-12-05,96.30999755859375,71.5785903930664,6209300
2014-12-08,92.61000061035156,68.82869720458984,11792700
2014-12-09,91.36000061035156,67.89968872070312,10066800
2014-12-10,90.0,66.88892364501953,12020800
2014-12-11,90.97000122070312,67.6098403930664,8972700
2014-12-12,90.62000274658203,67.34972381591797,8691000
2014-12-15,88.45999908447266,65.74439239501953,10121600
2014-12-16,88.72000122070312,65.9376449584961,15106700
2014-12-17,91.6500015258789,68.11520385742188,14010000
2014-12-18,93.66999816894531,69.61650848388672,11277100
2014-12-19,93.22000122070312,69.28207397460938,10284300
2014-12-22,93.88999938964844,69.780029296875,5342200
2014-12-23,94.22000122070312,70.02529907226562,3590000
2014-12-24,93.83000183105469,69.73541259765625,1729700
2014-12-26,94.77999877929688,70.44149017333984,3884300
2014-12-29,95.04000091552734,70.63470458984375,4183200
2014-12-30,94.25,70.0475845336914,3257700
2014-12-31,93.69999694824219,69.63883209228516,4589300
2015-01-02,93.26000213623047,69.3117904663086,6019700
2015-01-05,92.2300033569336,68.54627990722656,6211900
2015-01-06,92.4000015258789,68.67264556884766,6484100
2015-01-07,94.01000213623047,69.86917877197266,6400300
2015-01-08,94.36000061035156,70.12932586669922,5476700
2015-01-09,93.20999908447266,69.27461242675781,4283300
2015-01-12,93.01000213623047,69.12599182128906,3989600
2015-01-13,92.83000183105469,68.99223327636719,5971200
2015-01-14,91.54000091552734,68.03348541259766,7745500
2015-01-15,91.37999725341797,67.91455841064453,5737500
2015-01-16,91.48999786376953,67.99630737304688,6927000
2015-01-20,90.80000305175781,67.4834976196289,6967300
2015-01-21,90.33999633789062,67.1416015625,8682200
2015-01-22,90.88999938964844,67.55038452148438,7536400
2015-01-23,89.55999755859375,66.5619125366211,11496000
2015-01-26,90.66999816894531,67.38688659667969,7753300
2015-01-27,89.56999969482422,66.5693359375,6640800
2015-01-28,88.77999877929688,65.98221588134766,6921300
2015-01-29,93.2699966430664,69.31924438476562,19146900
2015-01-30,92.44000244140625,68.70235443115234,12385400
2015-02-02,92.51000213623047,68.75439453125,6751400
2015-02-03,93.91999816894531,69.80233001708984,7373000
2015-02-04,94.05000305175781,69.89894104003906,6464800
2015-02-05,94.33999633789062,70.11447143554688,5564100
2015-02-06,93.98999786376953,69.85433959960938,4662700
2015-02-09,92.72000122070312,68.9104995727539,8203000
2015-02-10,94.0199966430664,69.87664794921875,4697600
2015-02-11,94.20999908447266,70.01785278320312,5153900
2015-02-12,95.08999633789062,70.67185974121094,7910100
2015-02-13,95.6500015258789,71.08806610107422,6762200
2015-02-17,94.3499984741211,70.12190246582031,5972000
2015-02-18,94.58000183105469,70.29283142089844,5617500
2015-02-19,94.19000244140625,70.00298309326172,6312200
2015-02-20,94.19000244140625,70.00298309326172,8155000
2015-02-23,94.30999755859375,70.09217071533203,5682000
2015-02-24,94.9800033569336,70.59011840820312,5643600
2015-02-25,98.66000366210938,73.32515716552734,16751600
2015-02-26,99.51000213623047,74.59957885742188,16098800
2015-02-27,98.9000015258789,74.14225769042969,7552500
2015-03-02,100.0,74.96690368652344,12363300
2015-03-03,99.73999786376953,74.77196502685547,8149700
2015-03-04,100.25,75.15431213378906,9179400
2015-03-05,99.11000061035156,74.2997055053711,9438800
2015-03-06,97.12999725341797,72.81534576416016,9677900
2015-03-09,97.70999908447266,73.25015258789062,8460300
2015-03-10,96.29000091552734,72.1856460571289,7838900
2015-03-11,94.95999908447266,71.18859100341797,9391100
2015-03-12,96.25,72.1556625366211,8765100
2015-03-13,96.3499984741211,72.23062896728516,5152800
2015-03-16,97.1500015258789,72.83037567138672,4772200
2015-03-17,96.16999816894531,72.0956802368164,4530700
2015-03-18,97.0,72.71791076660156,5831000
2015-03-19,95.9800033569336,71.95323181152344,3615400
2015-03-20,97.05000305175781,72.75538635253906,10014000
2015-03-23,98.62000274658203,73.9323501586914,9232000
2015-03-24,99.36000061035156,74.48709106445312,7549900
2015-03-25,98.13999938964844,73.57256317138672,6030500
2015-03-26,97.63999938964844,73.19764709472656,10445800
2015-03-27,96.95999908447266,72.68790435791016,4642400
2015-03-30,97.87999725341797,73.37760162353516,4074500
2015-03-31,97.44000244140625,73.04774475097656,5617000
2015-04-01,96.29000091552734,72.1856460571289,7484800
2015-04-02,95.83000183105469,71.84080505371094,6614300
2015-04-06,96.27999877929688,72.17813873291016,4501300
2015-04-07,96.3499984741211,72.23062896728516,4443700
2015-04-08,96.8499984741211,72.60543060302734,4445200
2015-04-09,96.55000305175781,72.38054656982422,4790000
2015-04-10,97.80000305175781,73.3176498413086,5937800
2015-04-13,97.44000244140625,73.04774475097656,5197900
2015-04-14,97.58000183105469,73.1526870727539,4961100
2015-04-15,96.44000244140625,72.29805755615234,6604400
2015-04-16,95.62999725341797,71.69085693359375,5071700
2015-04-17,94.87999725341797,71.12859344482422,6933600
2015-04-20,96.18000030517578,72.10317993164062,4382400
2015-04-21,94.87000274658203,71.12110900878906,5981700
2015-04-22,97.83999633789062,73.34760284423828,19254300
2015-04-23,97.0,72.71791076660156,6336500
2015-04-24,98.73999786376953,74.0223388671875,7741300
2015-04-27,96.44000244140625,72.29805755615234,7282700
2015-04-28,96.83000183105469,72.59046173095703,4357400
2015-04-29,97.0199966430664,72.73290252685547,5697200
2015-04-30,96.55000305175781,72.38054656982422,8300300
2015-05-01,97.80000305175781,73.3176498413086,6280300
2015-05-04,96.12999725341797,72.06568145751953,8426300
2015-05-05,96.12999725341797,72.06568145751953,7637000
2015-05-06,96.38999938964844,72.2605972290039,6614500
2015-05-07,96.77999877929688,72.5529556274414,5018900
2015-05-08,98.2300033569336,73.64000701904297,7543100
2015-05-11,97.51000213623047,73.10021209716797,4123700
2015-05-12,97.94999694824219,73.43006134033203,4848100
2015-05-13,97.3499984741211,72.98027801513672,6526900
2015-05-14,97.70999908447266,73.25015258789062,4744000
2015-05-15,98.04000091552734,73.49757385253906,7607200
2015-05-18,98.0199966430664,73.48255920410156,4100800
2015-05-19,100.68000030517578,75.47666931152344,10809200
2015-05-20,100.11000061035156,75.04936218261719,6185100
2015-05-21,99.27999877929688,74.42713928222656,4729500
2015-05-22,98.98999786376953,74.2097396850586,4559500
2015-05-26,98.45999908447266,73.81241607666016,7123100
2015-05-27,98.66000366210938,73.96238708496094,8129500
2015-05-28,96.4800033569336,72.9566421508789,10204000
2015-05-29,95.93000030517578,72.54071807861328,6439100
2015-06-01,96.22000122070312,72.760009765625,4919200
2015-06-02,96.29000091552734,72.81295013427734,4430300
2015-06-03,96.5199966430664,72.98687744140625,4165700
2015-06-04,96.30999755859375,72.82806396484375,4702800
2015-06-05,95.54000091552734,72.24580383300781,3959300
2015-06-08,95.31999969482422,72.0794448852539,4594600
2015-06-09,94.7300033569336,71.63330841064453,7770900
2015-06-10,95.30000305175781,72.06431579589844,4828600
2015-06-11,95.58999633789062,72.28361511230469,4203900
2015-06-12,95.05999755859375,71.8828353881836,3702400
2015-06-15,94.30000305175781,71.30813598632812,5861800
2015-06-16,94.62999725341797,71.5576400756836,3094800
2015-06-17,95.22000122070312,72.00382232666016,3941000
2015-06-18,96.16999816894531,72.72218322753906,5101000
2015-06-19,96.08000183105469,72.65416717529297,8279300
2015-06-22,96.87000274658203,73.25154113769531,3893300
2015-06-23,97.18000030517578,73.48595428466797,4541700
2015-06-24,96.63999938964844,73.07759857177734,3927100
2015-06-25,95.79000091552734,72.43485260009766,4322300
2015-06-26,97.29000091552734,73.56912994384766,6039500
2015-06-29,95.44000244140625,72.17020416259766,8412800
2015-06-30,95.06999969482422,71.89042663574219,6656000
2015-07-01,95.76000213623047,72.41216278076172,4446200
2015-07-02,96.16999816894531,72.72218322753906,3250900
2015-07-06,95.6500015258789,72.3290023803711,3852500
2015-07-07,96.68000030517578,73.10784912109375,4794400
2015-07-08,95.83999633789062,72.47267150878906,4914300
2015-07-09,96.48999786376953,72.96419525146484,5482500
2015-07-10,97.6500015258789,73.84134674072266,5179200
2015-07-13,98.43000030517578,74.43119812011719,4578700
2015-07-14,98.77999877929688,74.69586181640625,5746100
2015-07-15,99.06999969482422,74.91514587402344,7572500
2015-07-16,97.86000061035156,74.00013732910156,7696200
2015-07-17,97.5,73.72793579101562,6429800
2015-07-20,97.48999786376953,73.7203598022461,4947000
2015-07-21,97.31999969482422,73.59182739257812,4206700
2015-07-22,97.58000183105469,73.78843688964844,5392600
2015-07-23,97.08999633789062,73.41790771484375,10380700
2015-07-24,96.0999984741211,72.66927337646484,5554600
2015-07-27,96.04000091552734,72.6239242553711,5818600
2015-07-28,97.33000183105469,73.59939575195312,4863000
2015-07-29,98.20999908447266,74.26482391357422,6006500
2015-07-30,99.16999816894531,74.99076843261719,5372500
2015-07-31,99.86000061035156,75.51253509521484,7647000
2015-08-03,99.41999816894531,75.17977905273438,4427300
2015-08-04,99.13999938964844,74.96806335449219,2842100
2015-08-05,99.80000305175781,75.46713256835938,3560600
2015-08-06,99.3499984741211,75.12690734863281,6740200
2015-08-07,98.91999816894531,74.80171203613281,3463700
2015-08-10,99.38999938964844,75.1571273803711,3994500
2015-08-11,98.80999755859375,74.71855163574219,3585000
2015-08-12,98.27999877929688,74.3177261352539,4167100
2015-08-13,99.37000274658203,75.14198303222656,4636400
2015-08-14,99.2699966430664,75.06636810302734,3185600
2015-08-17,100.66000366210938,76.11750030517578,5204100
2015-08-18,100.76000213623047,76.19306182861328,4257300
2015-08-19,101.0999984741211,76.45020294189453,5989000
2015-08-20,99.76000213623047,75.43690490722656,6668000
2015-08-21,97.12999725341797,73.44813537597656,10980000
2015-08-24,92.87000274658203,70.22679901123047,15074800
2015-08-25,91.20999908447266,68.97154998779297,11468800
2015-08-26,95.1500015258789,71.9509048461914,16439800
2015-08-27,97.33000183105469,73.59939575195312,10187100
2015-08-28,96.25,73.42393493652344,5606000
2015-08-31,95.0199966430664,72.48562622070312,5086600
2015-09-01,93.47000122070312,71.30321502685547,7308400
2015-09-02,96.04000091552734,73.26372528076172,6908100
2015-09-03,96.01000213623047,73.24082946777344,6313900
2015-09-04,94.8499984741211,72.3559341430664,4429100
2015-09-08,96.77999877929688,73.82823181152344,5771100
2015-09-09,95.43000030517578,72.79837036132812,5129400
2015-09-10,95.25,72.66106414794922,6210800
2015-09-11,97.41000366210938,74.30883026123047,6656300
2015-09-14,96.97000122070312,73.97315979003906,4557200
2015-09-15,98.19000244140625,74.90383911132812,5142600
2015-09-16,98.69000244140625,75.28527069091797,5198700
2015-09-17,97.83999633789062,74.6368179321289,7955000
2015-09-18,97.05000305175781,74.03421020507812,10492700
2015-09-21,97.9000015258789,74.68260192871094,4543500
2015-09-22,97.19999694824219,74.14859771728516,6254500
2015-09-23,97.37999725341797,74.28592681884766,3035300
2015-09-24,97.29000091552734,74.2172622680664,4138800
2015-09-25,97.58999633789062,74.44612884521484,4825800
2015-09-28,95.95999908447266,73.20269012451172,6609800
2015-09-29,97.4800033569336,74.36221313476562,6944800
2015-09-30,98.52999877929688,75.1632080078125,5517600
2015-10-01,98.77999877929688,75.35392761230469,4456600
2015-10-02,99.79000091552734,76.12439727783203,4400800
2015-10-05,101.16999816894531,77.1771469116211,6501600
2015-10-06,101.9000015258789,77.73401641845703,7252400
2015-10-07,101.7699966430664,77.63483428955078,6497100
2015-10-08,102.94999694824219,78.53499603271484,8218900
2015-10-09,102.76000213623047,78.39005279541016,5756600
2015-10-12,103.23999786376953,78.75621795654297,3448200
2015-10-13,103.37999725341797,78.86302185058594,4697300
2015-10-14,102.81999969482422,78.43583679199219,9093000
2015-10-15,103.66000366210938,79.07660675048828,10168300
2015-10-16,104.81999969482422,79.96148681640625,7168300
2015-10-19,104.48999786376953,79.70977020263672,7064300
2015-10-20,103.83999633789062,79.21392822265625,4872200
2015-10-21,102.54000091552734,78.22223663330078,7979600
2015-10-22,110.87000274658203,84.57671356201172,25286600
2015-10-23,112.58999633789062,85.88883209228516,11677300
2015-10-26,112.18000030517578,85.57603454589844,11478600
2015-10-27,111.63999938964844,85.16412353515625,10013300
2015-10-28,112.94000244140625,86.15583038330078,4390300
2015-10-29,112.62000274658203,85.91173553466797,3752600
2015-10-30,112.25,85.62944793701172,6409500
2015-11-02,112.11000061035156,85.52264404296875,5663000
2015-11-03,112.08000183105469,85.49977111816406,4584900
2015-11-04,112.4000015258789,85.74388122558594,6797100
2015-11-05,112.8499984741211,86.08715057373047,5059100
2015-11-06,113.30999755859375,86.43805694580078,4615600
2015-11-09,112.93000030517578,86.14817810058594,8423800
2015-11-10,113.22000122070312,86.36942291259766,12716500
2015-11-11,113.8499984741211,86.85001373291016,8387800
2015-11-12,112.11000061035156,85.52264404296875,5893800
2015-11-13,109.97000122070312,83.89018249511719,8602400
2015-11-16,111.05999755859375,84.72167205810547,6731800
2015-11-17,110.94000244140625,84.63013458251953,6027600
2015-11-18,112.52999877929688,85.84302520751953,5194500
2015-11-19,113.30000305175781,86.43047332763672,5323500
2015-11-20,113.91000366210938,86.89579010009766,6659400
2015-11-23,114.47000122070312,87.32298278808594,4968400
2015-11-24,114.27999877929688,87.17801666259766,6047700
2015-11-25,114.4000015258789,87.26956939697266,7477200
2015-11-27,114.2300033569336,87.82315063476562,2763700
2015-11-30,114.16000366210938,87.76932525634766,7872000
2015-12-01,114.44999694824219,87.99229431152344,5321900
2015-12-02,113.72000122070312,87.43101501464844,5692200
2015-12-03,113.38999938964844,87.17735290527344,6558600
2015-12-04,116.19999694824219,89.33771514892578,7778200
2015-12-07,116.41999816894531,89.50685119628906,4810700
2015-12-08,116.52999877929688,89.59143829345703,4814200
2015-12-09,116.58000183105469,89.62989044189453,7604700
2015-12-10,117.19999694824219,90.10655975341797,5299900
2015-12-11,116.08000183105469,89.24545288085938,5736400
2015-12-14,116.26000213623047,89.38385009765625,7660700
2015-12-15,116.93000030517578,89.89897155761719,6118300
2015-12-16,117.83999633789062,90.5986099243164,6306300
2015-12-17,117.5,90.33719635009766,5275900
2015-12-18,116.66000366210938,89.69139099121094,11238900
2015-12-21,117.69000244140625,90.48329162597656,3344600
2015-12-22,117.72000122070312,90.50635528564453,4092000
2015-12-23,118.80000305175781,91.33668518066406,3641900
2015-12-24,118.56999969482422,91.15983581542969,1659300
2015-12-28,118.75,91.2982406616211,2777200
2015-12-29,120.06999969482422,92.3131103515625,3213900
2015-12-30,119.43000030517578,91.82102966308594,2400800
2015-12-31,118.13999938964844,90.82926177978516,3723200
2016-01-04,117.58000183105469,90.3987045288086,9995000
2016-01-05,119.19999694824219,91.64420318603516,6314000
2016-01-06,118.4000015258789,91.0291519165039,6543800
2016-01-07,115.66000366210938,88.92256927490234,7477900
2016-01-08,115.4800033569336,88.78414916992188,6103400
2016-01-11,116.69000244140625,89.71443939208984,6392400
2016-01-12,117.44000244140625,90.29106140136719,5639700
2016-01-13,115.12000274658203,88.50740051269531,6986000
2016-01-14,116.62000274658203,89.66063690185547,9204500
2016-01-15,115.18000030517578,88.55352783203125,10201900
2016-01-19,117.5,90.33719635009766,9195300
2016-01-20,115.77999877929688,89.01483917236328,11905200
2016-01-21,117.83999633789062,90.5986099243164,9839100
2016-01-22,118.4000015258789,91.0291519165039,9016600
2016-01-25,119.19999694824219,91.64420318603516,15141500
2016-01-26,120.43000030517578,92.58985900878906,8326100
2016-01-27,120.87000274658203,92.92814636230469,7409000
2016-01-28,122.37999725341797,94.08908081054688,7460500
2016-01-29,123.77999877929688,95.16543579101562,10549900
2016-02-01,124.61000061035156,95.80355072021484,6189900
2016-02-02,123.94999694824219,95.29613494873047,7653000
2016-02-03,121.47000122070312,93.38943481445312,9327000
2016-02-04,120.66000366210938,92.76667785644531,7595000
2016-02-05,115.4000015258789,88.72264862060547,13261700
2016-02-08,116.05000305175781,89.22237396240234,11311500
2016-02-09,117.01000213623047,89.96046447753906,7525700
2016-02-10,117.54000091552734,90.36795806884766,5726300
2016-02-11,116.7300033569336,89.74518585205078,7568600
2016-02-12,117.93000030517578,90.66780853271484,8552800
2016-02-16,119.18000030517578,91.6288070678711,10835800
2016-02-17,118.63999938964844,91.21366119384766,12729000
2016-02-18,117.16999816894531,90.08351135253906,9707100
2016-02-19,116.52999877929688,89.59143829345703,10793700
2016-02-22,117.66999816894531,90.4678955078125,6223300
2016-02-23,116.9000015258789,89.87588500976562,5276700
2016-02-24,117.05999755859375,89.9989013671875,5349800
2016-02-25,118.37000274658203,91.00609588623047,6034000
2016-02-26,117.05999755859375,90.68071746826172,5193700
2016-02-29,117.19000244140625,90.78142547607422,6467700
2016-03-01,118.8499984741211,92.06733703613281,4731500
2016-03-02,118.4800033569336,91.78073120117188,4267700
2016-03-03,116.69000244140625,90.39410400390625,9132000
2016-03-04,117.18000030517578,90.773681640625,5857400
2016-03-07,117.1500015258789,90.75043487548828,5640700
2016-03-08,118.41999816894531,91.73424530029297,6236200
2016-03-09,119.63999938964844,92.6793212890625,6428200
2016-03-10,119.9800033569336,92.94269561767578,6171200
2016-03-11,121.55000305175781,94.1589126586914,7042300
2016-03-14,122.9000015258789,95.20468139648438,7912100
2016-03-15,123.43000030517578,95.6152572631836,5061400
2016-03-16,123.5199966430664,95.68498229980469,6716700
2016-03-17,123.16000366210938,95.40611267089844,6108700
2016-03-18,124.08000183105469,96.11881256103516,14783800
2016-03-21,123.80999755859375,95.90962982177734,4050100
2016-03-22,123.81999969482422,95.91737365722656,3494500
2016-03-23,124.19000244140625,96.20399475097656,4143600
2016-03-24,123.29000091552734,95.50682067871094,5796700
2016-03-28,123.16999816894531,95.41382598876953,4784400
2016-03-29,123.97000122070312,96.03356170654297,7188200
2016-03-30,125.83000183105469,97.47444152832031,4853700
2016-03-31,125.68000030517578,97.35820007324219,7685900
2016-04-01,127.0199966430664,98.3962631225586,5212400
2016-04-04,127.56999969482422,98.82229614257812,4239300
2016-04-05,127.37999725341797,98.67513275146484,6282200
2016-04-06,127.5199966430664,98.78358459472656,5619900
2016-04-07,128.13999938964844,99.26383972167969,4720800
2016-04-08,127.95999908447266,99.12440490722656,3625600
2016-04-11,127.55999755859375,98.81458282470703,6973700
2016-04-12,127.61000061035156,98.85330200195312,5211400
2016-04-13,126.88999938964844,98.29554748535156,4985200
2016-04-14,127.51000213623047,98.77581024169922,4834800
2016-04-15,127.77999877929688,98.9849853515625,3103800
2016-04-18,128.85000610351562,99.81387329101562,4525600
2016-04-19,128.86000061035156,99.82158660888672,4606300
2016-04-20,128.5500030517578,99.58149719238281,5006700
2016-04-21,125.79000091552734,97.4434585571289,7947600
2016-04-22,125.5,97.21878814697266,9311300
2016-04-25,127.45999908447266,98.73707580566406,6979900
2016-04-26,127.70999908447266,98.93074035644531,4082300
2016-04-27,128.3000030517578,99.3878173828125,4436200
2016-04-28,127.91999816894531,99.09343719482422,3385800
2016-04-29,126.48999786376953,97.9856948852539,6276900
2016-05-02,128.1999969482422,99.31035614013672,4830800
2016-05-03,128.39999389648438,99.46524810791016,4048400
2016-05-04,129.3300018310547,100.18570709228516,6613700
2016-05-05,129.27999877929688,100.14698028564453,4519700
2016-05-06,130.5800018310547,101.15401458740234,4418400
2016-05-09,130.8300018310547,101.34765625,5006800
2016-05-10,131.60000610351562,101.94417572021484,4082600
2016-05-11,129.13999938964844,100.03853607177734,6890200
2016-05-12,130.1199951171875,100.79764556884766,4286800
2016-05-13,128.8300018310547,99.7983627319336,6568700
2016-05-16,129.63999938964844,100.42583465576172,4343600
2016-05-17,127.69000244140625,98.91527557373047,5826200
2016-05-18,126.20999908447266,97.76879119873047,7303200
2016-05-19,125.29000091552734,97.05610656738281,6255100
2016-05-20,122.55999755859375,94.94129943847656,9735900
2016-05-23,122.80999755859375,95.13495635986328,7081600
2016-05-24,123.94999694824219,96.01806640625,4494100
2016-05-25,123.26000213623047,95.48356628417969,5307400
2016-05-26,123.79000091552734,95.8941421508789,3716300
2016-05-27,123.25,95.47579956054688,3222800
2016-05-31,122.05999755859375,94.55397033691406,7995200
2016-06-01,121.97000122070312,94.4842758178711,5057200
2016-06-02,121.16999816894531,94.55448150634766,4740200
2016-06-03,121.3499984741211,94.69493103027344,4643000
2016-06-06,122.0,95.20217895507812,4901700
2016-06-07,121.9000015258789,95.12415313720703,4562100
2016-06-08,122.11000061035156,95.28799438476562,3925900
2016-06-09,122.79000091552734,95.81864929199219,4583400
2016-06-10,122.36000061035156,95.48310852050781,4347400
2016-06-13,122.98999786376953,95.97471618652344,5436700
2016-06-14,122.51000213623047,95.60017395019531,6351400
2016-06-15,122.25,95.39728546142578,4168100
2016-06-16,122.47000122070312,95.56893157958984,3931800
2016-06-17,122.2699966430664,95.41287231445312,8331400
2016-06-20,123.41999816894531,96.31027221679688,5951000
2016-06-21,122.62999725341797,95.69378662109375,4749000
2016-06-22,120.62000274658203,94.12529754638672,6578900
2016-06-23,121.20999908447266,94.5857162475586,3832800
2016-06-24,119.44000244140625,93.20448303222656,6985900
2016-06-27,116.30000305175781,90.75421142578125,14150500
2016-06-28,118.5,92.4709701538086,6173000
2016-06-29,119.48999786376953,93.2435073852539,5020400
2016-06-30,120.33999633789062,93.90679168701172,4808100
2016-07-01,120.4000015258789,93.95362854003906,3798100
2016-07-05,120.76000213623047,94.23454284667969,5191100
2016-07-06,120.62999725341797,94.13311767578125,5102800
2016-07-07,120.91999816894531,94.35939025878906,3621300
2016-07-08,121.30999755859375,94.66375732421875,3809600
2016-07-11,122.0,95.20217895507812,4266300
2016-07-12,122.25,95.39728546142578,3742000
2016-07-13,122.81999969482422,95.84207153320312,3464200
2016-07-14,123.93000030517578,96.70826721191406,6011900
2016-07-15,123.61000061035156,96.45853424072266,3688400
2016-07-18,123.80000305175781,96.60678100585938,5254700
2016-07-19,126.5,98.71372985839844,6277700
2016-07-20,126.05999755859375,98.3703842163086,3353300
2016-07-21,127.18000030517578,99.24434661865234,3572100
2016-07-22,128.25999450683594,100.08712768554688,4304200
2016-07-25,127.4000015258789,99.4160385131836,6210100
2016-07-26,121.70999908447266,94.97587585449219,14563700
2016-07-27,119.4800033569336,93.23573303222656,9939200
2016-07-28,119.41999816894531,93.18888092041016,6239400
2016-07-29,117.6500015258789,91.80767822265625,7460900
2016-08-01,118.01000213623047,92.0886001586914,4208800
2016-08-02,117.69999694824219,91.8467025756836,4504200
2016-08-03,117.5199966430664,91.70622253417969,4120000
2016-08-04,118.30000305175781,92.31489562988281,4313200
2016-08-05,119.20999908447266,93.02501678466797,3883800
2016-08-08,118.29000091552734,92.30709838867188,3589300
2016-08-09,118.30999755859375,92.32269287109375,3491700
2016-08-10,118.80000305175781,92.70508575439453,2941700
2016-08-11,119.37999725341797,93.15766143798828,3490200
2016-08-12,119.5199966430664,93.26690673828125,3015700
2016-08-15,118.5199966430664,92.48656463623047,3391600
2016-08-16,117.94000244140625,92.03398895263672,3333900
2016-08-17,117.0999984741211,91.37848663330078,5184900
2016-08-18,117.12999725341797,91.40190124511719,3710500
2016-08-19,115.01000213623047,89.74755096435547,7065700
2016-08-22,115.41999816894531,90.06752014160156,4484700
2016-08-23,115.19000244140625,89.88801574707031,4305400
2016-08-24,114.87000274658203,89.63832092285156,4135400
2016-08-25,115.43000030517578,90.07530212402344,6694100
2016-08-26,114.44000244140625,89.30276489257812,5294500
2016-08-29,115.41000366210938,90.0596923828125,4983000
2016-08-30,115.36000061035156,90.72027587890625,5085300
2016-08-31,115.66000366210938,90.95623016357422,5394700
2016-09-01,115.4000015258789,90.75175476074219,3966600
2016-09-02,115.83000183105469,91.08990478515625,3410100
2016-09-06,117.25,92.20660400390625,6337900
2016-09-07,116.91999816894531,91.94709014892578,2647700
2016-09-08,116.16999816894531,91.3572998046875,3085600
2016-09-09,114.58000183105469,90.10689544677734,4961100
2016-09-12,115.94999694824219,91.18425750732422,5014000
2016-09-13,114.7300033569336,90.22484588623047,4162200
2016-09-14,115.18000030517578,90.5787353515625,4530700
2016-09-15,116.13999938964844,91.33367156982422,3671200
2016-09-16,115.27999877929688,90.6573715209961,9500500
2016-09-19,115.20999908447266,90.60232543945312,3741500
2016-09-20,116.44999694824219,91.57746887207031,3841800
2016-09-21,116.93000030517578,91.95494842529297,4528900
2016-09-22,117.36000061035156,92.29309844970703,3808800
2016-09-23,117.16999816894531,92.14369201660156,2776000
2016-09-26,116.52999877929688,91.64041137695312,3022400
2016-09-27,116.87999725341797,91.9156265258789,3745400
2016-09-28,115.18000030517578,90.5787353515625,5638900
2016-09-29,114.79000091552734,90.27203369140625,4924400
2016-09-30,115.36000061035156,90.72027587890625,4188700
2016-10-03,114.63999938964844,90.15408325195312,3085800
2016-10-04,113.5,89.25758361816406,4742900
2016-10-05,113.41000366210938,89.1867904663086,3720300
2016-10-06,113.91999816894531,89.58786010742188,3900000
2016-10-07,113.44999694824219,89.2182388305664,4153100
2016-10-10,114.70999908447266,90.2091293334961,3290300
2016-10-11,113.68000030517578,89.39913177490234,3943300
2016-10-12,114.70999908447266,90.2091293334961,3340200
2016-10-13,115.41000366210938,90.75959777832031,4464700
2016-10-14,114.08999633789062,89.7215347290039,5312500
2016-10-17,112.41000366210938,88.40038299560547,5655700
2016-10-18,111.25,87.48815155029297,6198400
2016-10-19,111.26000213623047,87.49598693847656,6433400
2016-10-20,110.56999969482422,86.95338439941406,7250700
2016-10-21,113.93000030517578,89.59571075439453,10108000
2016-10-24,113.56999969482422,89.3125991821289,6173500
2016-10-25,112.72000122070312,88.64414978027344,4879000
2016-10-26,112.11000061035156,88.1644515991211,3763100
2016-10-27,112.08000183105469,88.14086151123047,2960700
2016-10-28,112.0999984741211,88.15657806396484,3304700
2016-10-31,112.56999969482422,88.52620697021484,4181600
2016-11-01,112.25,88.2745361328125,3935600
2016-11-02,112.38999938964844,88.38465118408203,3512500
2016-11-03,111.72000122070312,87.85775756835938,3890700
2016-11-04,111.04000091552734,87.32301330566406,3457400
2016-11-07,112.81999969482422,88.72279357910156,3842400
2016-11-08,114.11000061035156,89.73726654052734,3300200
2016-11-09,114.9800033569336,90.42144012451172,5099500
2016-11-10,114.51000213623047,90.05181884765625,4437700
2016-11-11,114.22000122070312,89.82377624511719,4331200
2016-11-14,117.86000061035156,92.68630981445312,7093200
2016-11-15,118.31999969482422,93.04804992675781,4447900
2016-11-16,119.20999908447266,93.74797058105469,5371100
2016-11-17,119.44999694824219,93.93669891357422,2836600
2016-11-18,120.0,94.36922454833984,3655400
2016-11-21,119.5,93.97604370117188,3603300
2016-11-22,119.69000244140625,94.12544250488281,3699100
2016-11-23,120.13999938964844,94.47933197021484,2860200
2016-11-25,120.66000366210938,94.88825988769531,1709100
2016-11-28,121.81999969482422,95.80049896240234,5931700
2016-11-29,120.68000030517578,95.6419906616211,6370900
2016-11-30,119.2699966430664,94.52454376220703,5696100
2016-12-01,118.47000122070312,93.89053344726562,4445000
2016-12-02,118.23999786376953,93.7082290649414,3348700
2016-12-05,119.29000091552734,94.5403823852539,5191900
2016-12-06,119.25,94.50868225097656,3368000
2016-12-07,119.91999816894531,95.03965759277344,4059900
2016-12-08,120.44999694824219,95.45972442626953,3255100
2016-12-09,121.26000213623047,96.10165405273438,2623700
2016-12-12,121.73999786376953,96.48209381103516,4172000
2016-12-13,122.68000030517578,97.22705078125,4308000
2016-12-14,122.83999633789062,97.35386657714844,4967400
2016-12-15,122.36000061035156,96.97343444824219,4402800
2016-12-16,123.23999786376953,97.67086029052734,10793800
2016-12-19,122.98999786376953,97.47272491455078,3545500
2016-12-20,123.33000183105469,97.74217224121094,2768800
2016-12-21,123.18000030517578,97.62330627441406,2762800
2016-12-22,123.72000122070312,98.05128479003906,3037100
2016-12-23,123.13999938964844,97.59159851074219,2164100
2016-12-27,123.06999969482422,97.53611755371094,1919300
2016-12-28,122.68000030517578,97.22705078125,1980200
2016-12-29,122.79000091552734,97.31422424316406,1943300
2016-12-30,121.72000122070312,96.46623229980469,3574600
2017-01-03,119.62000274658203,94.80191802978516,5123800
2017-01-04,119.4800033569336,94.69097900390625,3780800
2017-01-05,119.69999694824219,94.86532592773438,4261100
2017-01-06,120.76000213623047,95.70539093017578,4089200
2017-01-09,120.43000030517578,95.44385528564453,3021800
2017-01-10,120.25,95.30121612548828,3108400
2017-01-11,120.87999725341797,95.80049133300781,3565200
2017-01-12,122.0999984741211,96.76739501953125,3480700
2017-01-13,121.5,96.29188537597656,2877400
2017-01-17,122.75,97.28253173828125,4077600
2017-01-18,122.70999908447266,97.25082397460938,3395000
2017-01-19,122.18000030517578,96.83075714111328,3155200
2017-01-20,122.26000213623047,96.8941879272461,4887100
2017-01-23,121.37999725341797,96.19676208496094,7022600
2017-01-24,121.05000305175781,95.93523406982422,3495200
2017-01-25,121.79000091552734,96.52169799804688,3968300
2017-01-26,121.87999725341797,96.5930404663086,2497300
2017-01-27,122.86000061035156,97.36972045898438,3592700
2017-01-30,123.0199966430664,97.49649810791016,3778000
2017-01-31,122.56999969482422,97.13986206054688,3733300
2017-02-01,122.41999816894531,97.02098846435547,3233400
2017-02-02,123.22000122070312,97.6550064086914,3236600
2017-02-03,124.23999786376953,98.46337890625,3183000
2017-02-06,124.44999694824219,98.62979125976562,2760300
2017-02-07,124.58999633789062,98.74076843261719,2847200
2017-02-08,124.66999816894531,98.80416870117188,2835200
2017-02-09,124.4800033569336,98.65357971191406,2493600
2017-02-10,125.81999969482422,99.7155532836914,3681400
2017-02-13,125.54000091552734,99.49366760253906,2993800
2017-02-14,125.80999755859375,99.7076416015625,2663100
2017-02-15,126.4800033569336,100.2386474609375,2974900
2017-02-16,126.69999694824219,100.41300964355469,3006000
2017-02-17,127.80000305175781,101.28478240966797,3677400
2017-02-21,128.0399932861328,101.47498321533203,4495200
2017-02-22,127.8499984741211,101.32442474365234,3670700
2017-02-23,128.27000427246094,101.65726470947266,3178000
2017-02-24,128.64999389648438,101.95841979980469,3537200
2017-02-27,126.98999786376953,101.38362121582031,5184000
2017-02-28,127.6500015258789,101.91053771972656,4619300
2017-03-01,129.0500030517578,103.02821350097656,5471600
2017-03-02,128.22999572753906,102.37353515625,6738100
2017-03-03,127.9000015258789,102.11012268066406,4067700
2017-03-06,128.02999877929688,102.21389770507812,3271500
2017-03-07,128.07000732421875,102.2458267211914,3332400
2017-03-08,128.08999633789062,102.26177215576172,3571700
2017-03-09,128.13999938964844,102.30169677734375,3265700
2017-03-10,127.9800033569336,102.17398834228516,3178900
2017-03-13,127.61000061035156,101.87858581542969,3130800
2017-03-14,127.80000305175781,102.03026580810547,2492700
2017-03-15,127.87999725341797,102.09413146972656,3529300
2017-03-16,127.9800033569336,102.17398834228516,3945700
2017-03-17,128.63999938964844,102.7009048461914,12532700
2017-03-20,128.77999877929688,102.81266784667969,3415500
2017-03-21,128.52000427246094,102.6051025390625,4062400
2017-03-22,129.10000610351562,103.06813049316406,3174200
2017-03-23,129.0,102.98828887939453,2774500
2017-03-24,129.33999633789062,103.2597427368164,3568200
2017-03-27,129.49000549316406,103.3794937133789,2540400
2017-03-28,129.4499969482422,103.34756469726562,3487400
2017-03-29,128.83999633789062,102.86054992675781,3197800
2017-03-30,129.32000732421875,103.2437973022461,2018000
2017-03-31,129.61000061035156,103.47531127929688,3041700
2017-04-03,129.61000061035156,103.47531127929688,3287100
2017-04-04,129.2899932861328,103.21981048583984,3414000
2017-04-05,130.41000366210938,104.1139907836914,4052200
2017-04-06,130.14999389648438,103.90640258789062,3856900
2017-04-07,129.9600067138672,103.7547378540039,2176600
2017-04-10,129.97999572753906,103.77070617675781,2709300
2017-04-11,131.1999969482422,104.74470520019531,3677600
2017-04-12,131.25999450683594,104.79257202148438,3195500
2017-04-13,130.75999450683594,104.39341735839844,2429200
2017-04-17,131.35000610351562,104.86444854736328,3236400
2017-04-18,132.3000030517578,105.62289428710938,3617400
2017-04-19,132.63999938964844,105.8943099975586,3132800
2017-04-20,133.27000427246094,106.39733123779297,2697300
2017-04-21,133.41000366210938,106.50906372070312,3466100
2017-04-24,134.22999572753906,107.16372680664062,5041000
2017-04-25,141.6999969482422,113.12747192382812,10893800
2017-04-26,140.83999633789062,112.44084930419922,7132200
2017-04-27,140.8699951171875,112.46482849121094,5183700
2017-04-28,139.92999267578125,111.71435546875,4779900
2017-05-01,141.14999389648438,112.68831634521484,3747200
2017-05-02,141.22999572753906,112.75220489501953,3774100
2017-05-03,142.6199951171875,113.8619384765625,4278400
2017-05-04,143.4499969482422,114.52459716796875,4178800
2017-05-05,143.9600067138672,114.93173217773438,2452700
2017-05-08,144.24000549316406,115.15528106689453,2813000
2017-05-09,144.36000061035156,115.2511215209961,3053800
2017-05-10,144.52000427246094,115.37881469726562,2273300
2017-05-11,144.2100067138672,115.13133239746094,1941900
2017-05-12,145.36000061035156,116.04944610595703,2747900
2017-05-15,146.27999877929688,116.78389739990234,3332800
2017-05-16,147.2899932861328,117.5903091430664,3540900
2017-05-17,146.41000366210938,116.8877182006836,3875600
2017-05-18,147.00999450683594,117.36676788330078,2730900
2017-05-19,148.14999389648438,118.27687072753906,4071200
2017-05-22,148.19000244140625,118.30879974365234,3294500
2017-05-23,147.82000732421875,118.01342010498047,3262300
2017-05-24,149.5,119.35464477539062,3348900
2017-05-25,149.77999877929688,119.57819366455078,3408100
2017-05-26,149.86000061035156,119.64207458496094,3258200
2017-05-30,149.92999267578125,119.69795227050781,3113900
2017-05-31,150.88999938964844,120.46438598632812,6415700
2017-06-01,152.38999938964844,122.42463684082031,4349800
2017-06-02,153.74000549316406,123.50910186767578,4316700
2017-06-05,152.7899932861328,122.74598693847656,2633700
2017-06-06,151.22999572753906,121.49269104003906,3661900
2017-06-07,151.94000244140625,122.0631103515625,2922900
2017-06-08,151.42999267578125,121.65331268310547,3709900
2017-06-09,151.47999572753906,121.69356536865234,4143100
2017-06-12,148.47000122070312,119.27540588378906,5902600
2017-06-13,149.82000732421875,120.35993194580078,4267700
2017-06-14,150.67999267578125,121.05081939697266,2675500
2017-06-15,151.1699981689453,121.4444580078125,2517500
2017-06-16,151.99000549316406,122.10321044921875,5443900
2017-06-19,153.13999938964844,123.0270767211914,3263800
2017-06-20,154.07000732421875,123.77423858642578,3614400
2017-06-21,153.72999572753906,123.50112915039062,2448500
2017-06-22,154.8000030517578,124.36068725585938,2003800
2017-06-23,154.63999938964844,124.23219299316406,2214700
2017-06-26,153.9600067138672,123.68585968017578,2360900
2017-06-27,153.72000122070312,123.49302673339844,2139000
2017-06-28,154.3000030517578,123.95897674560547,1302800
2017-06-29,153.1300048828125,123.01909637451172,1975900
2017-06-30,153.16000366210938,123.043212890625,2508200
2017-07-03,152.5,122.51294708251953,1100700
2017-07-05,153.07000732421875,122.9708480834961,2497300
2017-07-06,153.08999633789062,122.9869155883789,2019800
2017-07-07,156.27000427246094,125.54158782958984,4117800
2017-07-10,155.52000427246094,124.93910217285156,2402200
2017-07-11,154.91000366210938,124.44905853271484,2008800
2017-07-12,156.5800018310547,125.79070281982422,2094900
2017-07-13,155.0399932861328,124.55349731445312,3169700
2017-07-14,155.27999877929688,124.74629211425781,2440200
2017-07-17,155.25999450683594,124.73020935058594,2408700
2017-07-18,153.9600067138672,123.68585968017578,3890300
2017-07-19,153.88999938964844,123.62962341308594,3072200
2017-07-20,154.2100067138672,123.88671875,2240200
2017-07-21,153.9199981689453,123.65372467041016,3522400
2017-07-24,151.85000610351562,121.99081420898438,5307400
2017-07-25,159.07000732421875,127.79107666015625,9511400
2017-07-26,156.50999450683594,125.73444366455078,4679000
2017-07-27,156.9499969482422,126.08797454833984,4624100
2017-07-28,155.85000610351562,125.20423126220703,3964500
2017-07-31,155.13999938964844,124.63383483886719,4272400
2017-08-01,154.0399932861328,123.75006866455078,4185100
2017-08-02,156.58999633789062,125.7987060546875,3326000
2017-08-03,154.72000122070312,124.29640197753906,3666100
2017-08-04,153.82000732421875,123.5733642578125,4435400
2017-08-07,154.97000122070312,124.49724578857422,3252100
2017-08-08,154.9199981689453,124.45706939697266,4234300
2017-08-09,154.9199981689453,124.45706939697266,3006500
2017-08-10,156.6199951171875,125.82284545898438,3874500
2017-08-11,157.3000030517578,126.36910247802734,2925000
2017-08-14,157.25999450683594,126.33697509765625,2809100
2017-08-15,157.6199951171875,126.6261978149414,2160100
2017-08-16,158.89999389648438,127.65450286865234,2921800
2017-08-17,157.88999938964844,126.84310913085938,3071600
2017-08-18,157.75999450683594,126.73865509033203,2595700
2017-08-21,158.36000061035156,127.22071075439453,2195100
2017-08-22,159.63999938964844,128.2489776611328,2122600
2017-08-23,158.80999755859375,127.58218383789062,2190700
2017-08-24,158.41000366210938,127.26079559326172,1634800
2017-08-25,158.82000732421875,127.5902099609375,2019600
2017-08-28,159.6699981689453,128.27305603027344,2027300
2017-08-29,159.3800048828125,128.0401153564453,3283400
2017-08-30,159.52999877929688,128.92092895507812,2236500
2017-08-31,159.97000122070312,129.27658081054688,2717000
2017-09-01,159.80999755859375,129.14727783203125,1878300
2017-09-05,159.10000610351562,128.57347106933594,4000500
2017-09-06,158.22000122070312,127.86227416992188,4143300
2017-09-07,159.89999389648438,129.2199249267578,2965400
2017-09-08,159.7100067138672,129.06640625,2984200
2017-09-11,161.52999877929688,130.5371856689453,2333600
2017-09-12,156.3300018310547,126.33495330810547,10324100
2017-09-13,157.0,126.87635803222656,4705600
2017-09-14,157.0,126.87635803222656,3109700
2017-09-15,156.9199981689453,126.81170654296875,7425100
2017-09-18,156.67999267578125,126.6177749633789,3831900
2017-09-19,157.42999267578125,127.22386932373047,3554600
2017-09-20,159.8800048828125,129.20379638671875,3641100
2017-09-21,159.02999877929688,128.51686096191406,2503400
2017-09-22,158.91000366210938,128.419921875,2442700
2017-09-25,156.25999450683594,126.27838897705078,3661500
2017-09-26,153.35000610351562,123.92671966552734,6420000
2017-09-27,154.0500030517578,124.49239349365234,3915900
2017-09-28,157.49000549316406,127.27236938476562,4210200
2017-09-29,156.67999267578125,126.6177749633789,3670100
2017-10-02,156.9600067138672,126.84407806396484,2407000
2017-10-03,156.86000061035156,126.76322937011719,2188400
2017-10-04,157.2100067138672,127.04612731933594,1823100
2017-10-05,158.8000030517578,128.3310546875,2796000
2017-10-06,159.60000610351562,128.97756958007812,3548500
2017-10-09,160.1199951171875,129.39779663085938,2120000
2017-10-10,160.5800018310547,129.7694854736328,2909600
2017-10-11,163.14999389648438,131.84640502929688,3572500
2017-10-12,163.91000366210938,132.46055603027344,3023600
2017-10-13,165.3699951171875,133.6404266357422,2957400
2017-10-16,165.00999450683594,133.3495330810547,2132300
2017-10-17,165.39999389648438,133.6646728515625,2379700
2017-10-18,165.77000427246094,133.9636688232422,2798300
2017-10-19,166.5,134.5536346435547,2478100
2017-10-20,166.3000030517578,134.39202880859375,5577700
2017-10-23,163.33999633789062,131.99993896484375,6214800
2017-10-24,163.8800048828125,132.4363250732422,7855200
2017-10-25,163.5800018310547,132.19387817382812,3716200
2017-10-26,164.00999450683594,132.5413818359375,2934400
2017-10-27,165.38999938964844,133.6566162109375,2298100
2017-10-30,166.22999572753906,134.33544921875,2051000
2017-10-31,166.91000366210938,134.88497924804688,2873000
2017-11-01,166.3699951171875,134.4485626220703,2186100
2017-11-02,168.10000610351562,135.84657287597656,2291000
2017-11-03,168.64999389648438,136.29112243652344,1959500
2017-11-06,170.07000732421875,137.43865966796875,3087700
2017-11-07,170.77000427246094,138.0043182373047,2506000
2017-11-08,170.10000610351562,137.46292114257812,2605000
2017-11-09,167.0,134.95767211914062,4219000
2017-11-10,165.58999633789062,133.81820678710938,4226800
2017-11-13,167.3699951171875,135.2567138671875,2605600
2017-11-14,168.11000061035156,135.85470581054688,2180900
2017-11-15,167.32000732421875,135.21630859375,2019300
2017-11-16,168.08999633789062,135.83856201171875,2293400
2017-11-17,166.72000122070312,134.7313995361328,2221400
2017-11-20,166.92999267578125,134.901123046875,2442300
2017-11-21,168.3000030517578,136.0082550048828,2653100
2017-11-22,169.0500030517578,136.61434936523438,2719200
2017-11-24,169.11000061035156,136.662841796875,963200
2017-11-27,168.9600067138672,136.54164123535156,2082400
2017-11-28,171.33999633789062,138.46498107910156,2909900
2017-11-29,170.42999267578125,137.7295684814453,4590300
2017-11-30,171.97000122070312,139.80258178710938,6023700
2017-12-01,172.8699951171875,140.53428649902344,4279200
2017-12-04,170.64999389648438,138.7295379638672,3943100
2017-12-05,172.99000549316406,140.63177490234375,3228700
2017-12-06,173.47999572753906,141.03009033203125,2618700
2017-12-07,172.91000366210938,140.56680297851562,2284800
2017-12-08,173.14999389648438,140.76187133789062,2241100
2017-12-11,173.25,140.8432159423828,2340800
2017-12-12,172.22999572753906,140.0139617919922,2805900
2017-12-13,173.5500030517578,141.08709716796875,2554000
2017-12-14,173.13999938964844,140.75376892089844,2666900
2017-12-15,174.05999755859375,141.5016326904297,7435200
2017-12-18,174.1999969482422,141.61544799804688,2426300
2017-12-19,173.38999938964844,140.9569854736328,3122500
2017-12-20,172.1699981689453,139.96519470214844,2749400
2017-12-21,171.85000610351562,139.70506286621094,2343300
2017-12-22,171.4199981689453,139.3555145263672,3234100
2017-12-26,171.2899932861328,139.24977111816406,1280200
2017-12-27,172.6699981689453,140.37167358398438,1596800
2017-12-28,173.10000610351562,140.72122192382812,1800100
2017-12-29,172.1199951171875,139.9245147705078,2201800
2018-01-02,173.22000122070312,140.81878662109375,3696900
2018-01-03,172.49000549316406,140.225341796875,3789600
2018-01-04,173.6999969482422,141.20901489257812,2756400
2018-01-05,174.0500030517578,141.4935302734375,3737700
2018-01-08,173.92999267578125,141.39596557617188,2060800
2018-01-09,173.5399932861328,141.0789337158203,2674300
2018-01-10,173.50999450683594,141.0545196533203,2172500
2018-01-11,173.38999938964844,140.9569854736328,3078000
2018-01-12,173.57000732421875,141.10333251953125,2901600
2018-01-16,173.67999267578125,141.1927032470703,3662600
2018-01-17,174.97999572753906,142.2495574951172,4129600
2018-01-18,174.57000732421875,141.91624450683594,2154800
2018-01-19,176.1199951171875,143.17636108398438,3746300
2018-01-22,176.2100067138672,143.24949645996094,3217900
2018-01-23,176.80999755859375,143.7372589111328,3197600
2018-01-24,176.1199951171875,143.17636108398438,2810800
2018-01-25,175.66000366210938,142.8024139404297,2815800
2018-01-26,178.36000061035156,144.99729919433594,3957700
2018-01-29,177.77000427246094,144.5177001953125,6091900
2018-01-30,172.47999572753906,140.2172393798828,9613000
2018-01-31,171.13999938964844,139.12782287597656,7004200
2018-02-01,171.89999389648438,139.7456512451172,4751300
2018-02-02,169.3800048828125,137.6970672607422,4604500
2018-02-05,163.85000610351562,133.20147705078125,7309300
2018-02-06,165.17999267578125,134.2826385498047,7020000
2018-02-07,165.7100067138672,134.7135467529297,4974000
2018-02-08,158.97000122070312,129.23426818847656,5656000
2018-02-09,160.8000030517578,130.7219696044922,7187100
2018-02-12,163.89999389648438,133.24208068847656,5255900
2018-02-13,162.39999389648438,132.022705078125,5406000
2018-02-14,159.99000549316406,130.0635223388672,5865600
2018-02-15,160.77999877929688,130.7057342529297,5012100
2018-02-16,157.7899932861328,128.27499389648438,7165800
2018-02-20,157.16000366210938,127.76284790039062,5211100
2018-02-21,158.63999938964844,128.96600341796875,7833400
2018-02-22,160.66000366210938,130.608154296875,4398200
2018-02-23,163.05999755859375,132.55921936035156,4272400
2018-02-26,163.5800018310547,132.9819793701172,4525200
2018-02-27,160.66000366210938,130.608154296875,4907500
2018-02-28,157.74000549316406,129.04562377929688,6116800
2018-03-01,155.6999969482422,127.37672424316406,5609000
2018-03-02,148.27000427246094,121.29830932617188,11754300
2018-03-05,151.02999877929688,123.55620574951172,6397800
2018-03-06,151.1999969482422,123.69526672363281,5015400
2018-03-07,152.3800048828125,124.66068267822266,4492000
2018-03-08,154.44000244140625,126.34593200683594,4291400
2018-03-09,157.24000549316406,128.63656616210938,5076500
2018-03-12,157.74000549316406,129.04562377929688,4461500
2018-03-13,158.22000122070312,129.43829345703125,4333100
2018-03-14,158.24000549316406,129.4546661376953,3879000
2018-03-15,161.61000061035156,132.2116241455078,5925700
2018-03-16,162.36000061035156,132.8251190185547,14293800
2018-03-19,159.00999450683594,130.0845489501953,4307600
2018-03-20,159.3800048828125,130.38722229003906,3105100
2018-03-21,158.66000366210938,129.7982635498047,3871900
2018-03-22,157.0399932861328,128.47293090820312,3669400
2018-03-23,154.97999572753906,126.78767395019531,3447400
2018-03-26,158.00999450683594,129.2665252685547,3477000
2018-03-27,157.47999572753906,128.83290100097656,3519100
2018-03-28,158.41000366210938,129.59373474121094,3913200
2018-03-29,156.3800048828125,127.93299865722656,5289500
2018-04-02,157.72000122070312,129.0292510986328,6960100
2018-04-03,160.39999389648438,131.2217559814453,4719400
2018-04-04,161.72999572753906,132.3097686767578,4888000
2018-04-05,163.9499969482422,134.12596130371094,4503900
2018-04-06,161.25,131.9171142578125,4321900
2018-04-09,161.22999572753906,131.9007568359375,3581500
2018-04-10,162.77000427246094,133.1605987548828,3902600
2018-04-11,163.33999633789062,133.626953125,2711100
2018-04-12,161.6199951171875,132.21975708007812,5178900
2018-04-13,161.72999572753906,132.3097686767578,2452800
2018-04-16,161.6300048828125,132.22799682617188,3115200
2018-04-17,162.5500030517578,132.98060607910156,2861900
2018-04-18,161.80999755859375,132.37521362304688,2503100
2018-04-19,159.52999877929688,130.510009765625,3276600
2018-04-20,158.77000427246094,129.8882293701172,3961200
2018-04-23,158.99000549316406,130.06822204589844,3051900
2018-04-24,157.32000732421875,128.70201110839844,2904400
2018-04-25,155.94000244140625,127.57300567626953,3710200
2018-04-26,158.89999389648438,129.99459838867188,3680600
2018-04-27,158.3000030517578,129.5037384033203,4141500
2018-04-30,167.44000244140625,136.9810791015625,12954700
2018-05-01,163.44000244140625,133.7086944580078,6560100
2018-05-02,160.67999267578125,131.4508056640625,4318400
2018-05-03,160.0800018310547,130.95993041992188,3450100
2018-05-04,165.02999877929688,135.00949096679688,4283600
2018-05-07,165.0,134.98495483398438,3379000
2018-05-08,164.77000427246094,134.79676818847656,2808100
2018-05-09,164.24000549316406,134.36317443847656,2762500
2018-05-10,165.07000732421875,135.0421905517578,1675100
2018-05-11,165.38999938964844,135.3040008544922,2258500
2018-05-14,164.72000122070312,134.75587463378906,2537300
2018-05-15,163.05999755859375,133.39784240722656,3471300
2018-05-16,162.8699951171875,133.2423858642578,2522000
2018-05-17,161.30999755859375,131.96620178222656,2975500
2018-05-18,160.97999572753906,131.6962127685547,2318000
2018-05-21,161.47999572753906,132.1053009033203,2424000
2018-05-22,159.4499969482422,130.4445343017578,3224000
2018-05-23,161.6199951171875,132.21975708007812,3835100
2018-05-24,162.38999938964844,132.84971618652344,3378000
2018-05-25,163.2100067138672,133.5205535888672,2582100
2018-05-29,160.6199951171875,131.4016876220703,3197100
2018-05-30,161.82000732421875,132.3834686279297,2396500
2018-05-31,160.00999450683594,130.90267944335938,4881100
2018-06-01,159.16000366210938,131.03440856933594,3203800
2018-06-04,160.22000122070312,131.9071044921875,3174600
2018-06-05,159.47999572753906,131.29783630371094,2952300
2018-06-06,162.3800048828125,133.6853790283203,3586200
2018-06-07,169.47999572753906,139.5307159423828,8342500
2018-06-08,168.91000366210938,139.06149291992188,5056600
2018-06-11,166.49000549316406,137.069091796875,3246500
2018-06-12,166.72999572753906,137.26669311523438,2985300
2018-06-13,166.5800018310547,137.1432342529297,3140500
2018-06-14,167.0500030517578,137.53016662597656,2390000
2018-06-15,166.4600067138672,137.04437255859375,7384400
2018-06-18,166.27999877929688,136.89617919921875,4297700
2018-06-19,164.97000122070312,135.81765747070312,3350400
2018-06-20,162.55999755859375,133.8336181640625,3649500
2018-06-21,160.52999877929688,132.16229248046875,4655800
2018-06-22,164.5500030517578,135.47193908691406,8703600
2018-06-25,159.80999755859375,131.56951904296875,6126800
2018-06-26,160.91000366210938,132.47515869140625,3375100
2018-06-27,157.4199981689453,129.60191345214844,4962100
2018-06-28,156.32000732421875,128.69627380371094,4136500
2018-06-29,156.69000244140625,129.00083923339844,4024500
2018-07-02,156.8699951171875,129.14906311035156,3024000
2018-07-03,156.47999572753906,128.8280029296875,1437700
2018-07-05,157.32000732421875,129.51951599121094,2248300
2018-07-06,159.4199981689453,131.2484588623047,3298800
2018-07-09,159.94000244140625,131.6765899658203,2477300
2018-07-10,160.6199951171875,132.23638916015625,2187500
2018-07-11,158.6199951171875,130.58984375,3203800
2018-07-12,159.1199951171875,131.00146484375,2360800
2018-07-13,158.50999450683594,130.49928283691406,5186500
2018-07-16,158.77999877929688,130.7215576171875,2818200
2018-07-17,159.75,131.5201416015625,1877500
2018-07-18,157.92999267578125,130.0217742919922,3824000
2018-07-19,157.41000366210938,129.5936279296875,4869700
2018-07-20,157.97000122070312,130.0546875,2695500
2018-07-23,158.75,130.69686889648438,2754300
2018-07-24,157.94000244140625,130.02999877929688,3388400
2018-07-25,158.88999938964844,130.81207275390625,4193400
2018-07-26,156.13999938964844,128.5480499267578,7409800
2018-07-27,157.47999572753906,129.6512451171875,4234100
2018-07-30,158.63999938964844,130.6062774658203,3274800
2018-07-31,157.5399932861328,129.70069885253906,3530000
2018-08-01,156.9199981689453,129.1902313232422,4252800
2018-08-02,155.41000366210938,127.94709014892578,6245900
2018-08-03,156.2100067138672,128.6057586669922,3673100
2018-08-06,156.72000122070312,129.0255584716797,2375200
2018-08-07,156.0399932861328,128.46575927734375,1929300
2018-08-08,158.9199981689453,130.83680725097656,2988000
2018-08-09,159.3000030517578,131.14964294433594,2764500
2018-08-10,158.67999267578125,130.6392059326172,3343200
2018-08-13,158.13999938964844,130.19467163085938,2879600
2018-08-14,160.60000610351562,132.2199249267578,3111600
2018-08-15,159.8800048828125,131.62713623046875,3355500
2018-08-16,161.72999572753906,133.15025329589844,2822100
2018-08-17,161.14999389648438,132.67271423339844,2527400
2018-08-20,161.67999267578125,133.10906982421875,2659500
2018-08-21,161.0399932861328,132.5821990966797,1920900
2018-08-22,160.5500030517578,132.17877197265625,2361500
2018-08-23,159.0500030517578,130.9438018798828,2755500
2018-08-24,159.3800048828125,131.21546936035156,2199400
2018-08-27,160.47999572753906,132.1211700439453,2627100
2018-08-28,161.63999938964844,133.07615661621094,2138000
2018-08-29,163.11000061035156,134.28634643554688,3168200
2018-08-30,162.8000030517578,134.03114318847656,3038400
2018-08-31,162.22999572753906,134.3956756591797,3649700
2018-09-04,161.72000122070312,133.97323608398438,3296300
2018-09-05,163.24000549316406,135.2323455810547,2749200
2018-09-06,163.74000549316406,135.64662170410156,3133800
2018-09-07,163.89999389648438,135.7790985107422,2868300
2018-09-10,165.07000732421875,136.74838256835938,3080100
2018-09-11,164.6199951171875,136.37562561035156,2946400
2018-09-12,164.74000549316406,136.4750518798828,2613300
2018-09-13,162.39999389648438,134.53652954101562,3663600
2018-09-14,160.83999633789062,133.24423217773438,3939800
2018-09-17,158.13999938964844,131.0074005126953,5360000
2018-09-18,157.77000427246094,130.70091247558594,3722800
2018-09-19,159.17999267578125,131.86895751953125,2822000
2018-09-20,160.7899932861328,133.20272827148438,3218700
2018-09-21,165.3000030517578,136.93894958496094,8805500
2018-09-24,163.30999755859375,135.29034423828125,4375300
2018-09-25,166.41000366210938,137.85850524902344,5282900
2018-09-26,165.75999450683594,137.3200225830078,3092600
2018-09-27,166.52999877929688,137.9579315185547,2390700
2018-09-28,167.2899932861328,138.5874786376953,3390200
2018-10-01,166.6699981689453,138.07388305664062,3118200
2018-10-02,165.17999267578125,136.83953857421875,3071200
2018-10-03,164.66000366210938,136.40875244140625,3830300
2018-10-04,165.8000030517578,137.35311889648438,3230400
2018-10-05,166.57000732421875,137.99105834960938,2822500
2018-10-08,167.77000427246094,138.98516845703125,2560500
2018-10-09,169.8300018310547,140.6916961669922,4157900
2018-10-10,168.3699951171875,139.48223876953125,4190500
2018-10-11,162.97000122070312,135.0087127685547,5430700
2018-10-12,163.82000732421875,135.71287536621094,3446100
2018-10-15,163.6699981689453,135.588623046875,4265900
2018-10-16,164.07000732421875,135.91998291015625,4094700
2018-10-17,166.77000427246094,138.15672302246094,3608400
2018-10-18,166.80999755859375,138.1898651123047,3378600
2018-10-19,167.49000549316406,138.7532196044922,3510000
2018-10-22,166.6300048828125,138.04074096679688,5703500
2018-10-23,177.14999389648438,146.75579833984375,12918300
2018-10-24,177.35000610351562,146.92152404785156,7866400
2018-10-25,175.30999755859375,145.23147583007812,4646400
2018-10-26,173.33999633789062,143.5994873046875,4741600
2018-10-29,173.22999572753906,143.5083770751953,3485200
2018-10-30,178.49000549316406,147.86590576171875,5582900
2018-10-31,176.89999389648438,146.54872131347656,5424700
2018-11-01,174.8800048828125,144.87525939941406,3701200
2018-11-02,176.75,146.42440795898438,4190900
2018-11-05,180.38999938964844,149.43988037109375,4747300
2018-11-06,182.7100067138672,151.36187744140625,4864700
2018-11-07,184.25,152.63760375976562,4363900
2018-11-08,185.47999572753906,153.65664672851562,3318600
2018-11-09,185.94000244140625,154.0376739501953,3237000
2018-11-12,184.3699951171875,152.7370147705078,3080800
2018-11-13,184.00999450683594,152.4387969970703,2358100
2018-11-14,183.85000610351562,152.30628967285156,3407500
2018-11-15,183.55999755859375,152.06600952148438,3351100
2018-11-16,187.58999633789062,155.40460205078125,3759500
2018-11-19,186.72000122070312,154.68386840820312,3745900
2018-11-20,183.7100067138672,152.19024658203125,3708300
2018-11-21,182.72000122070312,151.3701629638672,3410600
2018-11-23,181.92999267578125,150.71566772460938,1747700
2018-11-26,183.88999938964844,152.33938598632812,3843300
2018-11-27,184.6300048828125,152.95245361328125,2194200
2018-11-28,187.85000610351562,155.6199493408203,3279500
2018-11-29,189.25999450683594,156.78802490234375,4617100
2018-11-30,188.50999450683594,157.12979125976562,6635700
2018-12-03,185.3699951171875,154.51251220703125,4401700
2018-12-04,185.0399932861328,154.2374267578125,4436200
2018-12-06,185.4499969482422,154.57916259765625,4878000
2018-12-07,182.9600067138672,152.503662109375,3088000
2018-12-10,184.64999389648438,153.91236877441406,3084900
2018-12-11,183.58999633789062,153.02879333496094,2889100
2018-12-12,183.47999572753906,152.93710327148438,3024600
2018-12-13,186.42999267578125,155.39605712890625,2737500
2018-12-14,183.2899932861328,152.77870178222656,4450000
2018-12-17,180.7899932861328,150.69493103027344,4566700
2018-12-18,179.7100067138672,149.79469299316406,4269000
2018-12-19,179.16000366210938,149.3362274169922,3883800
2018-12-20,173.67999267578125,144.76844787597656,5775300
2018-12-21,174.14999389648438,145.1602020263672,8536900
2018-12-24,170.27999877929688,141.9344482421875,2400900
2018-12-26,174.02999877929688,145.06021118164062,4065500
2018-12-27,175.7100067138672,146.46054077148438,3934500
2018-12-28,175.55999755859375,146.3354949951172,2896800
2018-12-31,177.57000732421875,148.01089477539062,2482600
2019-01-02,176.05999755859375,146.75225830078125,2571500
2019-01-03,174.89999389648438,145.78538513183594,3728200
2019-01-04,178.27999877929688,148.6027374267578,3194300
2019-01-07,180.22000122070312,150.2198028564453,3283000
2019-01-08,180.60000610351562,150.53651428222656,2941400
2019-01-09,180.2899932861328,150.27816772460938,2680700
2019-01-10,181.5500030517578,151.32839965820312,2498500
2019-01-11,182.3699951171875,152.01187133789062,2348900
2019-01-14,181.22000122070312,151.05337524414062,1886200
2019-01-15,181.02000427246094,150.8866424560547,3860200
2019-01-16,179.35000610351562,149.49462890625,3375600
2019-01-17,181.11000061035156,150.961669921875,3061000
2019-01-18,182.57000732421875,152.17857360839844,3498000
2019-01-22,184.57000732421875,153.8456573486328,3190300
2019-01-23,186.08999633789062,155.11265563964844,2530700
2019-01-24,187.3699951171875,156.17958068847656,3214200
2019-01-25,184.0,153.3705596923828,4405600
2019-01-28,183.60000610351562,153.0371551513672,4138700
2019-01-29,182.1699981689453,151.84523010253906,3666700
2019-01-30,181.77000427246094,151.5117645263672,9489900
2019-01-31,178.77999877929688,149.0194854736328,10440100
2019-02-01,176.72000122070312,147.3024139404297,6529200
2019-02-04,177.5500030517578,147.99424743652344,4533800
2019-02-05,177.57000732421875,148.01089477539062,4495900
2019-02-06,176.17999267578125,146.85231018066406,3965200
2019-02-07,175.27999877929688,146.10211181640625,4176300
2019-02-08,174.75,145.6603546142578,4051600
2019-02-11,174.25999450683594,145.2519073486328,3216400
2019-02-12,173.97000122070312,145.0101776123047,4692800
2019-02-13,174.14999389648438,145.1602020263672,5283000
2019-02-14,175.8699951171875,146.59393310546875,4428800
2019-02-15,179.97000122070312,150.0114288330078,4648600
2019-02-19,179.25,149.41128540039062,4765400
2019-02-20,180.49000549316406,150.44485473632812,3707400
2019-02-21,182.80999755859375,152.3785858154297,4391000
2019-02-22,183.1699981689453,152.67869567871094,3073500
2019-02-25,182.61000061035156,152.21194458007812,3090800
2019-02-26,183.2100067138672,152.7120819091797,2219100
2019-02-27,183.36000061035156,152.8370819091797,2261700
2019-02-28,183.83999633789062,154.2127685546875,3297900
2019-03-01,185.0500030517578,155.22779846191406,2691000
2019-03-04,180.58999633789062,151.48655700683594,4899800
2019-03-05,181.35000610351562,152.1240997314453,3362500
2019-03-06,182.02999877929688,152.69447326660156,2083900
2019-03-07,180.52000427246094,151.42787170410156,3268100
2019-03-08,179.5,150.57223510742188,2757200
2019-03-11,181.0800018310547,151.89759826660156,2071500
2019-03-12,181.8300018310547,152.52671813964844,2191800
2019-03-13,182.05999755859375,152.71963500976562,2612100
2019-03-14,182.74000549316406,153.29006958007812,2375300
2019-03-15,185.3300018310547,155.46267700195312,6010500
2019-03-18,183.9499969482422,154.3050537109375,3669200
2019-03-19,183.11000061035156,153.60044860839844,4102800
2019-03-20,184.97000122070312,155.16067504882812,3522400
2019-03-21,186.3699951171875,156.33505249023438,2830200
2019-03-22,186.80999755859375,156.7041473388672,3319600
2019-03-25,185.72000122070312,155.7898406982422,2651600
2019-03-26,187.47999572753906,157.26620483398438,2609600
2019-03-27,187.50999450683594,157.2913360595703,1684800
2019-03-28,189.38999938964844,158.8683624267578,1977100
2019-03-29,189.89999389648438,159.29620361328125,2952000
2019-04-01,188.38999938964844,158.02952575683594,3195100
2019-04-02,188.35000610351562,157.9959716796875,1797700
2019-04-03,188.35000610351562,157.9959716796875,2512300
2019-04-04,189.8699951171875,159.27101135253906,2324900
2019-04-05,190.7100067138672,159.9756317138672,2438400
2019-04-08,189.85000610351562,159.25424194335938,2290100
2019-04-09,190.0800018310547,159.44712829589844,2279500
2019-04-10,189.22000122070312,158.72576904296875,2406800
2019-04-11,188.8800048828125,158.4406280517578,1740400
2019-04-12,191.60000610351562,160.72219848632812,3238800
2019-04-15,191.85000610351562,160.9319610595703,1973500
2019-04-16,191.6999969482422,160.8060760498047,1559200
2019-04-17,191.61000061035156,160.73062133789062,1875000
2019-04-18,194.91000366210938,163.49880981445312,2918400
2019-04-22,193.9199981689453,162.66831970214844,1738400
2019-04-23,195.25999450683594,163.7924041748047,2192900
2019-04-24,197.6300048828125,165.7804412841797,3070100
2019-04-25,197.92999267578125,166.03208923339844,2040800
2019-04-26,197.4199981689453,165.60427856445312,2302100
2019-04-29,197.1199951171875,165.3526153564453,3456100
2019-04-30,197.57000732421875,165.73007202148438,6162300
2019-05-01,194.1699981689453,162.87803649902344,4059600
2019-05-02,194.61000061035156,163.24713134765625,2418000
2019-05-03,197.52000427246094,165.6881561279297,2915200
2019-05-06,198.89999389648438,166.8457794189453,2371300
2019-05-07,198.0399932861328,166.12432861328125,3072500
2019-05-08,198.02999877929688,166.11602783203125,2040900
2019-05-09,197.72999572753906,165.8643035888672,1923600
2019-05-10,199.99000549316406,167.76011657714844,2668800
2019-05-13,199.02999877929688,166.95484924316406,2809400
2019-05-14,198.00999450683594,166.09921264648438,2787700
2019-05-15,199.07000732421875,166.98838806152344,1899000
2019-05-16,199.99000549316406,167.76011657714844,2520500
2019-05-17,199.22000122070312,167.1142120361328,2239600
2019-05-20,198.99000549316406,166.9212646484375,2217400
2019-05-21,199.83999633789062,167.63427734375,2264600
2019-05-22,199.9600067138672,167.73492431640625,1760300
2019-05-23,198.97000122070312,166.90447998046875,3560400
2019-05-24,197.77000427246094,165.8979034423828,2105800
2019-05-28,196.6699981689453,164.97515869140625,3675100
2019-05-29,196.02000427246094,164.4298858642578,2925100
2019-05-30,199.24000549316406,167.1309814453125,2685000
2019-05-31,198.27000427246094,167.29132080078125,3669100
2019-06-03,198.77999877929688,167.7216033935547,3211800
2019-06-04,199.6300048828125,168.43878173828125,3829900
2019-06-05,200.1300048828125,168.86070251464844,4294600
2019-06-06,203.0500030517578,171.32444763183594,4657600
2019-06-07,205.47999572753906,173.37478637695312,4345000
2019-06-10,201.3000030517578,169.84788513183594,4647500
2019-06-11,203.25999450683594,171.5015869140625,2991400
2019-06-12,204.92999267578125,172.91070556640625,2874000
2019-06-13,204.49000549316406,172.5394744873047,2277800
2019-06-14,205.2899932861328,173.21446228027344,2715800
2019-06-17,203.80999755859375,171.9656982421875,2694400
2019-06-18,204.50999450683594,172.55630493164062,2470900
2019-06-19,204.5500030517578,172.59010314941406,2328400
2019-06-20,205.1199951171875,173.07102966308594,2162200
2019-06-21,204.25999450683594,172.34532165527344,4267400
2019-06-24,203.9199981689453,172.0584716796875,2486800
2019-06-25,205.7100067138672,173.56883239746094,3020900
2019-06-26,204.5500030517578,172.59010314941406,2576000
2019-06-27,206.27000427246094,174.0413360595703,2253500
2019-06-28,207.66000366210938,175.2141571044922,3658200
2019-07-01,206.3000030517578,174.06666564941406,2689500
2019-07-02,209.5800018310547,176.8341522216797,3120000
2019-07-03,212.80999755859375,179.55950927734375,2306000
2019-07-05,211.24000549316406,178.2347869873047,1876200
2019-07-08,212.16000366210938,179.01104736328125,1818000
2019-07-09,212.08999633789062,178.95191955566406,1618800
2019-07-10,213.0,179.7197723388672,1842300
2019-07-11,212.69000244140625,179.45823669433594,1922800
2019-07-12,212.99000549316406,179.71136474609375,1960100
2019-07-15,214.2100067138672,180.74075317382812,2408500
2019-07-16,213.72000122070312,180.32728576660156,2380400
2019-07-17,213.7100067138672,180.31886291503906,1698400
2019-07-18,215.91000366210938,182.17507934570312,2259800
2019-07-19,213.8699951171875,180.45387268066406,2860500
2019-07-22,215.0,181.40728759765625,2580000
2019-07-23,214.30999755859375,180.8251190185547,2503600
2019-07-24,212.77999877929688,179.53411865234375,2971600
2019-07-25,214.44000244140625,180.934814453125,3789000
2019-07-26,215.5800018310547,181.89671325683594,5029300
2019-07-29,214.97999572753906,181.39041137695312,4278600
2019-07-30,212.33999633789062,179.1629180908203,2808500
2019-07-31,210.72000122070312,177.79605102539062,4048800
2019-08-01,211.25,178.24322509765625,3231800
2019-08-02,214.47999572753906,180.9685821533203,3517800
2019-08-05,210.4499969482422,177.56822204589844,3685600
2019-08-06,214.0800018310547,180.63104248046875,2970300
2019-08-07,216.8300018310547,182.95135498046875,3767200
2019-08-08,218.00999450683594,183.947021484375,3724300
2019-08-09,221.14999389648438,186.59642028808594,3784000
2019-08-12,217.16000366210938,183.22982788085938,2338200
2019-08-13,219.72999572753906,185.3982391357422,2913300
2019-08-14,216.47999572753906,182.65606689453125,3233700
2019-08-15,218.27000427246094,184.16639709472656,2774100
2019-08-16,218.47000122070312,184.33514404296875,2475900
2019-08-19,218.77999877929688,184.5967254638672,2721100
2019-08-20,218.47000122070312,184.33514404296875,2333800
2019-08-21,220.7100067138672,186.2251434326172,2053200
2019-08-22,219.49000549316406,185.19577026367188,2550600
2019-08-23,214.66000366210938,181.12039184570312,3662300
2019-08-26,216.91000366210938,183.01885986328125,2553100
2019-08-27,216.0500030517578,182.2932586669922,2070000
2019-08-28,218.07000732421875,183.99765014648438,2146100
2019-08-29,220.5399932861328,186.0817108154297,2729800
2019-08-30,217.97000122070312,184.88572692871094,2733700
2019-09-03,217.1300048828125,184.17323303222656,3183100
2019-09-04,218.5,185.33531188964844,2252200
2019-09-05,219.49000549316406,186.17503356933594,2752100
2019-09-06,220.02999877929688,186.63304138183594,1976500
2019-09-09,217.25999450683594,184.28347778320312,2569600
2019-09-10,209.67999267578125,177.8540496826172,6407600
2019-09-11,210.1999969482422,178.2950439453125,3393300
2019-09-12,212.14999389648438,179.9491424560547,3439100
2019-09-13,209.80999755859375,177.9642791748047,3791800
2019-09-16,207.39999389648438,175.9200439453125,3437700
2019-09-17,209.85000610351562,177.9982452392578,3667900
2019-09-18,210.42999267578125,178.49017333984375,2534800
2019-09-19,210.52000427246094,178.5664825439453,2552000
2019-09-20,209.38999938964844,177.60801696777344,5979300
2019-09-23,211.5399932861328,179.4316864013672,2812100
2019-09-24,212.02000427246094,179.83885192871094,3049800
2019-09-25,212.6300048828125,180.35626220703125,2414500
2019-09-26,212.60000610351562,180.33078002929688,3053100
2019-09-27,213.16000366210938,180.80580139160156,2333200
2019-09-30,214.7100067138672,182.12054443359375,2488000
2019-10-01,209.02000427246094,177.29421997070312,4811900
2019-10-02,206.27000427246094,174.96157836914062,4171400
2019-10-03,210.02999877929688,178.15086364746094,3499900
2019-10-04,211.69000244140625,179.5589141845703,2220300
2019-10-07,211.9199981689453,179.7540283203125,3057000
2019-10-08,211.11000061035156,179.06692504882812,2555900
2019-10-09,212.8300018310547,180.5259246826172,1745900
2019-10-10,211.75999450683594,179.6182861328125,1853100
2019-10-11,209.02000427246094,177.29421997070312,3945700
2019-10-14,208.3800048828125,176.75132751464844,3088000
2019-10-15,207.22000122070312,175.76739501953125,3766800
2019-10-16,208.3000030517578,176.68348693847656,2891400
2019-10-17,206.85000610351562,175.45355224609375,3340500
2019-10-18,208.5,176.8531036376953,3518800
2019-10-21,209.85000610351562,177.9982452392578,3684200
2019-10-22,199.27000427246094,169.02407836914062,10265400
2019-10-23,199.2100067138672,168.9732208251953,7943700
2019-10-24,196.02000427246094,166.2673797607422,4955600
2019-10-25,194.61000061035156,165.07138061523438,4773700
2019-10-28,191.77999877929688,162.67092895507812,7711400
2019-10-29,192.6199951171875,163.38343811035156,4454600
2019-10-30,196.88999938964844,167.0052947998047,6332600
2019-10-31,196.6999969482422,166.84417724609375,4961000
2019-11-01,193.94000244140625,164.5030517578125,4192400
2019-11-04,188.66000366210938,160.0244903564453,17662100
2019-11-05,192.17999267578125,163.01022338867188,10496000
2019-11-06,194.17999267578125,164.7066192626953,6473500
2019-11-07,193.0800018310547,163.7736053466797,4820200
2019-11-08,193.61000061035156,164.22317504882812,3499400
2019-11-11,192.63999938964844,163.40042114257812,2746700
2019-11-12,193.27999877929688,163.94322204589844,2930600
2019-11-13,195.0,165.40223693847656,3405000
2019-11-14,194.0,164.553955078125,3173900
2019-11-15,193.97000122070312,164.52853393554688,2991300
2019-11-18,194.27999877929688,164.79147338867188,3420300
2019-11-19,193.44000244140625,164.07896423339844,2910500
2019-11-20,194.1300048828125,164.66427612304688,3131300
2019-11-21,192.35000610351562,163.15447998046875,3509500
2019-11-22,193.13999938964844,163.82452392578125,2417700
2019-11-25,191.88999938964844,162.76425170898438,3999600
2019-11-26,194.00999450683594,164.5624237060547,3877200
2019-11-27,196.3000030517578,166.50485229492188,4133000
2019-11-29,194.47999572753906,166.0182647705078,2815500
2019-12-02,195.17999267578125,166.61581420898438,3197500
2019-12-03,193.1199951171875,164.8572998046875,3745300
2019-12-04,194.30999755859375,165.8731689453125,2217200
2019-12-05,194.2100067138672,165.78782653808594,2819600
2019-12-06,195.35000610351562,166.76097106933594,3095100
2019-12-09,194.67999267578125,166.1890411376953,2227500
2019-12-10,194.9499969482422,166.41949462890625,2470100
2019-12-11,194.72000122070312,166.22317504882812,2490300
2019-12-12,196.30999755859375,167.5804443359375,3024700
2019-12-13,197.1199951171875,168.2719268798828,2077900
2019-12-16,197.8800048828125,168.92071533203125,3650100
2019-12-17,196.52000427246094,167.759765625,3338200
2019-12-18,195.6300048828125,166.99996948242188,4287700
2019-12-19,197.05999755859375,168.22068786621094,3345700
2019-12-20,197.13999938964844,168.28903198242188,6415500
2019-12-23,196.1999969482422,167.48655700683594,2388900
2019-12-24,196.6699981689453,167.8877410888672,1152500
2019-12-26,197.05999755859375,168.22068786621094,1809600
2019-12-27,198.1699981689453,169.16827392578125,2263900
2019-12-30,196.91000366210938,168.09271240234375,2242400
2019-12-31,197.61000061035156,168.6902313232422,2278700
2020-01-02,200.7899932861328,171.40480041503906,3554200
2020-01-03,200.0800018310547,170.79873657226562,2767600
2020-01-06,202.3300018310547,172.71946716308594,4660400
2020-01-07,202.6300048828125,172.97555541992188,4047400
2020-01-08,205.91000366210938,175.77554321289062,5284200
2020-01-09,208.35000610351562,177.8584747314453,5971600
2020-01-10,207.27000427246094,176.93650817871094,2336400
2020-01-13,206.50999450683594,176.2877197265625,2784200
2020-01-14,207.32000732421875,176.97923278808594,2622700
2020-01-15,209.77000427246094,179.07064819335938,3369400
2020-01-16,210.85000610351562,179.9926300048828,2726700
2020-01-17,211.97999572753906,180.95718383789062,3540400
2020-01-21,211.16000366210938,180.2572479248047,4100500
2020-01-22,211.44000244140625,180.49624633789062,2757400
2020-01-23,213.4199981689453,182.1864471435547,3378200
2020-01-24,211.24000549316406,180.3255157470703,3106300
2020-01-27,209.33999633789062,178.70358276367188,3389300
2020-01-28,210.38999938964844,179.59988403320312,3855200
2020-01-29,214.44000244140625,183.05718994140625,5734800
2020-01-30,216.17999267578125,184.5425567626953,3560700
2020-01-31,213.97000122070312,182.65594482421875,3920800
2020-02-03,215.17999267578125,183.68887329101562,3539200
2020-02-04,214.6199951171875,183.21080017089844,3367900
2020-02-05,214.3699951171875,182.9974365234375,2911400
2020-02-06,212.8699951171875,181.71697998046875,2903300
2020-02-07,211.61000061035156,180.64138793945312,2421600
2020-02-10,213.2100067138672,182.0072021484375,2318800
2020-02-11,215.72999572753906,184.1583709716797,2694500
2020-02-12,217.4600067138672,185.6352081298828,2844900
2020-02-13,217.4199981689453,185.6011199951172,2853400
2020-02-14,217.08999633789062,185.31935119628906,1720400
2020-02-18,216.14999389648438,184.5168914794922,2712600
2020-02-19,215.6300048828125,184.07302856445312,2229500
2020-02-20,215.0800018310547,183.60353088378906,2869400
2020-02-21,215.8699951171875,184.27792358398438,2791200
2020-02-24,213.52000427246094,182.2718048095703,4218800
2020-02-25,212.10000610351562,181.05963134765625,5053700
2020-02-26,210.10000610351562,179.3523712158203,4190800
2020-02-27,201.0,171.58412170410156,6406200
2020-02-28,194.1699981689453,166.79092407226562,11324000
2020-03-02,202.5500030517578,173.98928833007812,6154200
2020-03-03,199.50999450683594,171.37796020507812,5115200
2020-03-04,207.02000427246094,177.8290252685547,4260400
2020-03-05,198.32000732421875,170.3557586669922,4107200
2020-03-06,198.86000061035156,170.81961059570312,6360100
2020-03-09,186.86000061035156,160.51168823242188,7788500
2020-03-10,199.86000061035156,171.67857360839844,5835200
2020-03-11,188.25,161.70565795898438,5625100
2020-03-12,170.1300048828125,146.1407012939453,9079300
2020-03-13,177.1300048828125,152.15365600585938,8042600
2020-03-16,149.00999450683594,127.99871826171875,9341300
2020-03-17,147.6199951171875,126.80472564697266,13708200
2020-03-18,137.3000030517578,117.9399185180664,12627600
2020-03-19,149.5,128.41961669921875,12773400
2020-03-20,148.49000549316406,127.55204772949219,12000000
2020-03-23,137.10000610351562,117.76813507080078,10660400
2020-03-24,161.9499969482422,139.11412048339844,11678400
2020-03-25,162.97999572753906,139.99884033203125,9708700
2020-03-26,167.35000610351562,143.75265502929688,8259900
2020-03-27,164.00999450683594,140.88365173339844,6441400
2020-03-30,168.1300048828125,144.42271423339844,5621700
2020-03-31,165.35000610351562,142.03466796875,4519900
2020-04-01,158.1699981689453,135.8671112060547,4668900
2020-04-02,161.5,138.7275390625,4803200
2020-04-03,160.3300018310547,137.72254943847656,5050400
2020-04-06,177.0399932861328,152.07630920410156,8330900
2020-04-07,175.58999633789062,150.830810546875,7848300
2020-04-08,177.49000549316406,152.462890625,5665700
2020-04-09,183.6999969482422,157.7972412109375,4901300
2020-04-13,180.1199951171875,154.72206115722656,3182500
2020-04-14,183.99000549316406,158.04632568359375,3863800
2020-04-15,177.83999633789062,152.76353454589844,4961500
2020-04-16,179.5,154.189453125,7120800
2020-04-17,186.10000610351562,159.8588104248047,6467600
2020-04-20,181.64999389648438,156.0363006591797,3856500
2020-04-21,177.5800018310547,152.5402374267578,4758300
2020-04-22,186.47999572753906,160.18524169921875,4243600
2020-04-23,182.0399932861328,156.37135314941406,5050100
2020-04-24,184.02000427246094,158.0721435546875,3319600
2020-04-27,185.88999938964844,159.6784210205078,4048200
2020-04-28,185.92999267578125,159.71279907226562,3805000
2020-04-29,187.82000732421875,161.3363037109375,3465200
2020-04-30,187.55999755859375,161.1129913330078,7127200
2020-05-01,182.66000366210938,156.9038848876953,3764800
2020-05-04,181.8699951171875,156.22528076171875,4027100
2020-05-05,179.24000549316406,153.96612548828125,3828400
2020-05-06,176.97000122070312,152.01620483398438,3916900
2020-05-07,181.1199951171875,155.5810546875,3039600
2020-05-08,181.22999572753906,155.67552185058594,3411600
2020-05-11,180.8800048828125,155.37489318847656,2631300
2020-05-12,176.5399932861328,151.64683532714844,3610600
2020-05-13,172.82000732421875,148.451416015625,4729100
2020-05-14,175.41000366210938,150.67620849609375,4868400
2020-05-15,173.80999755859375,149.30178833007812,6879600
2020-05-18,179.8300018310547,154.47296142578125,4653000
2020-05-19,179.57000732421875,154.24964904785156,3365000
2020-05-20,184.10000610351562,158.1408233642578,4920800
2020-05-21,185.0800018310547,158.982666015625,2913600
2020-05-22,184.41000366210938,158.4071502685547,2475200
2020-05-26,184.83999633789062,158.77647399902344,3990900
2020-05-27,187.72000122070312,161.25039672851562,3993400
2020-05-28,188.72999572753906,162.11798095703125,3567600
2020-05-29,186.32000732421875,161.11492919921875,5717200
2020-06-01,187.41000366210938,162.05746459960938,2168200
2020-06-02,187.58999633789062,162.2130889892578,3125500
2020-06-03,193.2899932861328,167.1420135498047,3881500
2020-06-04,193.24000549316406,167.0988006591797,3469100
2020-06-05,197.16000366210938,170.48849487304688,4728300
2020-06-08,202.64999389648438,175.23582458496094,4443900
2020-06-09,199.52000427246094,172.5292205810547,3728600
2020-06-10,195.8000030517578,169.31251525878906,3459900
2020-06-11,187.50999450683594,162.1439208984375,5796000
2020-06-12,189.1699981689453,163.5793914794922,4108600
2020-06-15,189.49000549316406,163.85606384277344,4499000
2020-06-16,190.32000732421875,164.5738067626953,5434800
2020-06-17,190.7899932861328,164.980224609375,3154100
2020-06-18,189.49000549316406,163.85606384277344,3153300
2020-06-19,186.55999755859375,161.3224639892578,6267700
2020-06-22,187.4600067138672,162.10064697265625,3223200
2020-06-23,186.6199951171875,161.3743133544922,2951900
2020-06-24,184.2899932861328,159.35952758789062,4146600
2020-06-25,182.75999450683594,158.03652954101562,3145200
2020-06-26,179.74000549316406,155.42507934570312,5107400
2020-06-29,182.8000030517578,158.07113647460938,2622200
2020-06-30,184.47000122070312,159.5152130126953,3163100
2020-07-01,184.66000366210938,159.6794891357422,2193800
2020-07-02,183.52000427246094,158.69369506835938,2690200
2020-07-06,188.5,163.0,3171500
2020-07-07,185.82000732421875,160.68252563476562,2399600
2020-07-08,185.85000610351562,160.70851135253906,2776400
2020-07-09,184.3300018310547,159.3940887451172,2333500
2020-07-10,184.8800048828125,159.8696746826172,2714100
2020-07-13,184.9199981689453,159.90426635742188,3221600
2020-07-14,190.72000122070312,164.91970825195312,4138600
2020-07-15,191.77000427246094,165.82763671875,3735400
2020-07-16,190.9199981689453,165.09262084960938,2111100
2020-07-17,191.47999572753906,165.57688903808594,1972600
2020-07-20,191.61000061035156,165.68930053710938,2157100
2020-07-21,192.97999572753906,166.87396240234375,3505400
2020-07-22,198.6199951171875,171.7509765625,3484400
2020-07-23,197.5500030517578,170.8257598876953,2702200
2020-07-24,198.72000122070312,171.8374481201172,2199900
2020-07-27,201.25,174.0251922607422,4541700
2020-07-28,196.24000549316406,169.6929473876953,6051000
2020-07-29,196.2100067138672,169.66702270507812,3342900
2020-07-30,195.41000366210938,168.97523498535156,2705700
2020-07-31,194.27999877929688,167.99813842773438,3194700
2020-08-03,194.39999389648438,168.10186767578125,3143500
2020-08-04,199.36000061035156,172.390869140625,3699900
2020-08-05,199.25999450683594,172.3043975830078,2259600
2020-08-06,203.17999267578125,175.6941375732422,3158900
2020-08-07,204.60000610351562,176.92202758789062,2980000
2020-08-10,204.1199951171875,176.50697326660156,2783600
2020-08-11,205.0,177.26792907714844,2478400
2020-08-12,206.02000427246094,178.14991760253906,2167100
2020-08-13,206.49000549316406,178.5563507080078,1795000
2020-08-14,207.02999877929688,179.0232696533203,2060200
2020-08-17,208.6699981689453,180.44143676757812,2619000
2020-08-18,210.32000732421875,181.8682403564453,2921500
2020-08-19,209.50999450683594,181.16783142089844,2711100
2020-08-20,209.8800048828125,181.48777770996094,2084900
2020-08-21,211.57000732421875,182.9491424560547,3484800
2020-08-24,212.6199951171875,183.8571014404297,2463900
2020-08-25,212.64999389648438,183.8830108642578,2302400
2020-08-26,213.75999450683594,184.84286499023438,2316700
2020-08-27,212.19000244140625,183.4852752685547,3226800
2020-08-28,214.91000366210938,185.83726501464844,3212500
2020-08-31,213.52000427246094,185.7155303955078,2900900
2020-09-01,212.69000244140625,184.99365234375,2926700
2020-09-02,216.22999572753906,188.07261657714844,4092000
2020-09-03,213.8000030517578,185.9591064453125,3126700
2020-09-04,211.72999572753906,184.1586456298828,3828600
2020-09-08,213.5800018310547,185.76771545410156,4107600
2020-09-09,215.7100067138672,187.62034606933594,3213200
2020-09-10,217.24000549316406,188.95111083984375,3325600
2020-09-11,218.0,189.61215209960938,3616500
2020-09-14,220.55999755859375,191.8387908935547,2543800
2020-09-15,222.3699951171875,193.4130859375,2640700
2020-09-16,224.80999755859375,195.5353546142578,3463700
2020-09-17,222.5800018310547,193.59573364257812,3376600
2020-09-18,220.27000427246094,191.58651733398438,3861400
2020-09-21,216.41000366210938,188.2292022705078,2831800
2020-09-22,216.41000366210938,188.2292022705078,2475600
2020-09-23,214.97000122070312,186.97669982910156,2777700
2020-09-24,216.1199951171875,187.97695922851562,1727000
2020-09-25,218.17999267578125,189.7686767578125,2196800
2020-09-28,220.25999450683594,191.57785034179688,2111700
2020-09-29,218.67999267578125,190.20358276367188,1731700
2020-09-30,219.49000549316406,190.90814208984375,3034100
2020-10-01,219.58999633789062,190.99510192871094,2443000
2020-10-02,222.6699981689453,193.67398071289062,3833100
2020-10-05,226.07000732421875,196.6312713623047,2913800
2020-10-06,224.08999633789062,194.90911865234375,2453600
2020-10-07,226.47999572753906,196.9878692626953,1972500
2020-10-08,225.8000030517578,196.39645385742188,3195800
2020-10-09,224.8300018310547,195.55274963378906,3237700
2020-10-12,226.11000061035156,196.66607666015625,2412400
2020-10-13,227.35000610351562,197.74459838867188,2098900
2020-10-14,227.6199951171875,197.97940063476562,1862600
2020-10-15,229.63999938964844,199.73638916015625,2177300
2020-10-16,229.3699951171875,199.50155639648438,2162800
2020-10-19,226.0,196.57040405273438,2009500
2020-10-20,227.4499969482422,197.83157348632812,1883200
2020-10-21,228.19000244140625,198.47520446777344,1518200
2020-10-22,229.14999389648438,199.31019592285156,1961300
2020-10-23,228.7100067138672,198.92752075195312,2278100
2020-10-26,224.27000427246094,195.06564331054688,2537800
2020-10-27,222.97000122070312,193.9349365234375,1801900
2020-10-28,214.69000244140625,186.73318481445312,3272900
2020-10-29,214.9499969482422,186.9593505859375,2477600
2020-10-30,213.0,185.2632293701172,3450900
2020-11-02,212.55999755859375,184.88055419921875,2983200
2020-11-03,216.8000030517578,188.5684051513672,2615000
2020-11-04,214.8699951171875,186.88970947265625,3360800
2020-11-05,216.30999755859375,188.14218139648438,3622000
2020-11-06,216.55999755859375,188.35963439941406,3916100
2020-11-09,213.22000122070312,185.45455932617188,7981200
2020-11-10,213.32000732421875,185.5415496826172,4255600
2020-11-11,218.02000427246094,189.62953186035156,4126900
2020-11-12,213.07000732421875,185.3241424560547,4253200
2020-11-13,213.27999877929688,185.5067901611328,3072100
2020-11-16,216.72999572753906,188.50753784179688,3702100
2020-11-17,216.00999450683594,187.8812255859375,2443100
2020-11-18,215.52000427246094,187.45506286621094,3095200
2020-11-19,215.11000061035156,187.0984649658203,2840500
2020-11-20,214.08999633789062,186.21128845214844,3932600
2020-11-23,217.0,188.7423858642578,3010300
2020-11-24,219.7100067138672,191.0994873046875,3870900
2020-11-25,219.33999633789062,190.77764892578125,1889200
2020-11-27,218.3300018310547,189.89918518066406,1394400
2020-11-30,217.44000244140625,190.2491455078125,3413600
2020-12-01,216.13999938964844,189.1116943359375,4224800
2020-12-02,210.86000061035156,184.49197387695312,6223700
2020-12-03,211.50999450683594,185.0606689453125,3732500
2020-12-04,210.74000549316406,184.38699340820312,3151100
2020-12-07,208.88999938964844,182.768310546875,3826000
2020-12-08,208.38999938964844,182.3308563232422,2709400
2020-12-09,208.69000244140625,182.5933380126953,3010900
2020-12-10,208.0399932861328,182.02462768554688,2956400
2020-12-11,207.75999450683594,181.77963256835938,2770800
2020-12-14,211.9199981689453,185.41943359375,4745000
2020-12-15,214.86000061035156,187.9917755126953,3798200
2020-12-16,213.8000030517578,187.0643768310547,2682000
2020-12-17,214.25,187.4580535888672,2558800
2020-12-18,215.0800018310547,188.18429565429688,7929100
2020-12-21,211.6699981689453,185.20071411132812,4342500
2020-12-22,211.9199981689453,185.41943359375,2772800
2020-12-23,212.02000427246094,185.5069122314453,1658800
2020-12-24,211.38999938964844,184.95570373535156,1047700
2020-12-28,214.02000427246094,187.25682067871094,2550100
2020-12-29,212.7100067138672,186.1106414794922,1665700
2020-12-30,211.55999755859375,185.1044464111328,1855000
2020-12-31,214.5800018310547,187.74679565429688,2610900
2021-01-04,210.22000122070312,183.93203735351562,4055400
2021-01-05,211.47999572753906,185.03445434570312,2576100
2021-01-06,211.0,184.61448669433594,3083400
2021-01-07,211.97999572753906,185.471923828125,3142000
2021-01-08,215.8699951171875,188.87547302246094,2639100
2021-01-11,214.22999572753906,187.44053649902344,2545400
2021-01-12,211.60000610351562,185.1394500732422,2952000
2021-01-13,212.08999633789062,185.56814575195312,2069800
2021-01-14,208.5,182.42710876464844,3666700
2021-01-15,209.91000366210938,183.66078186035156,3593700
2021-01-19,209.08999633789062,182.94334411621094,3331600
2021-01-20,213.6300048828125,186.9156036376953,4077700
2021-01-21,213.52999877929688,186.82809448242188,2674900
2021-01-22,213.3800048828125,186.69688415527344,2196400
2021-01-25,213.33999633789062,186.66183471679688,2615300
2021-01-26,215.3800048828125,188.44676208496094,2907800
2021-01-27,207.0,181.11468505859375,5464000
2021-01-28,206.82000732421875,180.95718383789062,5401600
2021-01-29,207.83999633789062,181.84962463378906,5203300
2021-02-01,207.92999267578125,181.92837524414062,2812500
2021-02-02,209.75999450683594,183.52952575683594,2786000
2021-02-03,208.7100067138672,182.61083984375,3020700
2021-02-04,211.02999877929688,184.6407470703125,2777500
2021-02-05,212.5800018310547,185.9968719482422,2600200
2021-02-08,211.5800018310547,185.12196350097656,2696200
2021-02-09,215.97999572753906,188.97174072265625,3047300
2021-02-10,214.39999389648438,187.5893096923828,3161600
2021-02-11,214.27000427246094,187.47560119628906,2583600
2021-02-12,213.89999389648438,187.15182495117188,2781200
2021-02-16,215.02999877929688,188.1405029296875,2892900
2021-02-17,213.4499969482422,186.75808715820312,3280000
2021-02-18,215.42999267578125,188.49049377441406,2191000
2021-02-19,212.24000549316406,185.6993865966797,3181600
2021-02-22,212.05999755859375,185.54190063476562,2910800
2021-02-23,211.32000732421875,184.8944854736328,3243000
2021-02-24,213.27000427246094,186.60061645507812,2887100
2021-02-25,210.9499969482422,184.5707550048828,3131400
2021-02-26,206.13999938964844,181.47195434570312,5334000
2021-03-01,208.25,183.32945251464844,2827500
2021-03-02,208.6699981689453,183.6991729736328,3016600
2021-03-03,205.82000732421875,181.1902618408203,3488600
2021-03-04,204.83999633789062,180.3275604248047,3926200
2021-03-05,207.3699951171875,182.5547332763672,3608100
2021-03-08,209.11000061035156,184.08656311035156,3157100
2021-03-09,208.5500030517578,183.59356689453125,3646700
2021-03-10,213.30999755859375,187.783935546875,3447200
2021-03-11,211.57000732421875,186.25216674804688,3618000
2021-03-12,212.33999633789062,186.93003845214844,2818200
2021-03-15,220.4600067138672,194.078369140625,5479700
2021-03-16,219.86000061035156,193.5501251220703,3583400
2021-03-17,224.11000061035156,197.2915802001953,5240600
2021-03-18,222.89999389648438,196.22634887695312,3254600
2021-03-19,222.44000244140625,195.8214111328125,7719400
2021-03-22,225.07000732421875,198.1366729736328,4220700
2021-03-23,224.3699951171875,197.52047729492188,2794000
2021-03-24,224.0500030517578,197.2387237548828,2442500
2021-03-25,224.1999969482422,197.3707733154297,3249600
2021-03-26,225.2100067138672,198.25991821289062,3263100
2021-03-29,227.35000610351562,200.1438446044922,3621300
2021-03-30,224.97999572753906,198.0574188232422,2419000
2021-03-31,224.13999938964844,197.31797790527344,3564100
2021-04-01,225.2100067138672,198.25991821289062,2441200
2021-04-05,228.85000610351562,201.46438598632812,2866300
2021-04-06,231.91000366210938,204.15818786621094,3230900
2021-04-07,232.61000061035156,204.77439880371094,2551300
2021-04-08,230.25,202.69677734375,2772200
2021-04-09,231.47999572753906,203.77960205078125,2728900
2021-04-12,230.9600067138672,203.3218536376953,2292700
2021-04-13,231.32000732421875,203.63873291015625,2570900
2021-04-14,230.30999755859375,202.7496337890625,2129200
2021-04-15,231.27999877929688,203.60353088378906,2063000
2021-04-16,233.0800018310547,205.1881561279297,2694300
2021-04-19,231.80999755859375,204.0701141357422,2254800
2021-04-20,233.00999450683594,205.1265411376953,1885700
2021-04-21,232.25999450683594,204.46629333496094,2065500
2021-04-22,232.9600067138672,205.08250427246094,1839500
2021-04-23,234.5800018310547,206.50869750976562,2137500
2021-04-26,232.30999755859375,204.5102996826172,2490100
2021-04-27,234.97999572753906,206.86077880859375,2623800
2021-04-28,232.41000366210938,204.5983428955078,2777000
2021-04-29,235.2100067138672,207.0632781982422,3146700
2021-04-30,236.0800018310547,207.82911682128906,2640400
2021-05-03,235.55999755859375,207.37132263183594,2458000
2021-05-04,233.86000061035156,205.87478637695312,2529700
2021-05-05,235.0399932861328,206.91358947753906,2070000
2021-05-06,234.86000061035156,206.755126953125,1832600
2021-05-07,234.83999633789062,206.73756408691406,1406800
2021-05-10,237.11000061035156,208.73587036132812,2031500
2021-05-11,233.86000061035156,205.87478637695312,3028500
2021-05-12,227.94000244140625,200.66323852539062,3198200
2021-05-13,229.77000427246094,202.27423095703125,2819200
2021-05-14,231.72000122070312,203.99087524414062,1943100
2021-05-17,231.67999267578125,203.95567321777344,1630900
2021-05-18,231.92999267578125,204.17575073242188,2913000
2021-05-19,230.14999389648438,202.6087646484375,2967000
2021-05-20,232.17999267578125,204.39584350585938,1890200
2021-05-21,231.24000549316406,203.5683135986328,2601100
2021-05-24,231.91000366210938,204.15818786621094,1823300
2021-05-25,232.13999938964844,204.36061096191406,2681900
2021-05-26,232.35000610351562,204.5454864501953,1564200
2021-05-27,234.86000061035156,206.755126953125,5242900
2021-05-28,233.88999938964844,207.03836059570312,2853600
2021-06-01,233.24000549316406,206.4630584716797,2574300
2021-06-02,233.77999877929688,206.9409942626953,3172000
2021-06-03,232.4499969482422,205.76373291015625,3249400
2021-06-04,233.3800048828125,206.5869598388672,1615200
2021-06-07,231.69000244140625,205.09095764160156,1877000
2021-06-08,232.63999938964844,205.9319305419922,2106200
2021-06-09,231.47000122070312,204.89620971679688,1982200
2021-06-10,234.58999633789062,207.6580047607422,2534000
2021-06-11,236.92999267578125,209.7293701171875,2654300
2021-06-14,236.97999572753906,209.77365112304688,1836800
2021-06-15,236.35000610351562,209.2160186767578,1948300
2021-06-16,235.5800018310547,208.53436279296875,2951700
2021-06-17,233.8800048828125,207.029541015625,1895600
2021-06-18,229.6199951171875,203.2585906982422,4408200
2021-06-21,232.89999389648438,206.16201782226562,2193000
2021-06-22,233.8800048828125,207.029541015625,1758300
2021-06-23,233.24000549316406,206.4630584716797,1701500
2021-06-24,233.3300018310547,206.54270935058594,1839800
2021-06-25,232.4199981689453,205.73716735839844,3000100
2021-06-28,231.08999633789062,204.5598602294922,2901700
2021-06-29,230.3699951171875,203.92251586914062,1932100
2021-06-30,230.99000549316406,204.4713134765625,2450700
2021-07-01,232.27000427246094,205.60435485839844,2210500
2021-07-02,233.6300048828125,206.80821228027344,1851500
2021-07-06,232.75,206.02928161621094,1762700
2021-07-07,234.6300048828125,207.69345092773438,2069400
2021-07-08,232.83999633789062,206.10891723632812,1932600
2021-07-09,235.67999267578125,208.62286376953125,2560500
2021-07-12,235.61000061035156,208.56092834472656,2158600
2021-07-13,236.1699981689453,209.0565948486328,1884600
2021-07-14,237.1300048828125,209.9064483642578,1993200
2021-07-15,236.8800048828125,209.68515014648438,2165800
2021-07-16,234.75,207.7996826171875,1680900
2021-07-19,229.25999450683594,202.93991088867188,3774900
2021-07-20,234.27000427246094,207.374755859375,3275600
2021-07-21,235.92999267578125,208.8441925048828,2146600
2021-07-22,238.6699981689453,211.26959228515625,2538300
2021-07-23,242.9600067138672,215.06715393066406,3996400
2021-07-26,243.97999572753906,215.96998596191406,2638400
2021-07-27,246.35000610351562,218.06793212890625,3135200
2021-07-28,241.77999877929688,214.02259826660156,4948500
2021-07-29,244.02000427246094,216.00546264648438,2572300
2021-07-30,242.7100067138672,214.84579467773438,2336800
2021-08-02,240.10000610351562,212.5354766845703,2693900
2021-08-03,236.9499969482422,209.74710083007812,3300000
2021-08-04,234.8300018310547,207.8704833984375,2240600
2021-08-05,236.4199981689453,209.27796936035156,2230500
2021-08-06,236.25999450683594,209.13632202148438,1558600
2021-08-09,234.67999267578125,207.7376708984375,2093100
2021-08-10,233.4499969482422,206.64889526367188,2027500
2021-08-11,235.5500030517578,208.5078125,1969100
2021-08-12,236.6699981689453,209.4992218017578,1490800
2021-08-13,238.82000732421875,211.40245056152344,1699700
2021-08-16,240.97000122070312,213.3055419921875,2175300
2021-08-17,240.27999877929688,212.69479370117188,1652000
2021-08-18,238.0800018310547,210.74740600585938,2215500
2021-08-19,237.22999572753906,209.9949493408203,1455400
2021-08-20,238.49000549316406,211.11029052734375,1989700
2021-08-23,239.66000366210938,212.14598083496094,2086900
2021-08-24,238.42999267578125,211.05715942382812,1687700
2021-08-25,238.8300018310547,211.4112548828125,1668000
2021-08-26,236.9499969482422,209.74710083007812,2008000
2021-08-27,237.47999572753906,210.21624755859375,1784000
2021-08-30,236.58999633789062,209.42840576171875,2245600
2021-08-31,237.4600067138672,211.35092163085938,2938100
2021-09-01,238.14999389648438,211.96507263183594,2197100
2021-09-02,239.8699951171875,213.49591064453125,2140200
2021-09-03,238.82000732421875,212.5614013671875,1339300
2021-09-07,236.19000244140625,210.22055053710938,1820000
2021-09-08,238.6199951171875,212.38336181640625,2718400
2021-09-09,238.61000061035156,212.37449645996094,2992200
2021-09-10,239.17999267578125,212.88177490234375,2035200
2021-09-13,241.2100067138672,214.68861389160156,2294800
2021-09-14,241.1300048828125,214.617431640625,2013800
2021-09-15,240.97999572753906,214.48388671875,2507200
2021-09-16,243.2100067138672,216.46868896484375,3410700
2021-09-17,242.49000549316406,215.827880859375,4756600
2021-09-20,239.08999633789062,212.80169677734375,4549900
2021-09-21,240.5,214.0566864013672,2008300
2021-09-22,243.1300048828125,216.39749145507812,3361900
2021-09-23,244.77999877929688,217.86607360839844,2941700
2021-09-24,246.4199981689453,219.3257598876953,2508800
2021-09-27,248.11000061035156,220.8299560546875,2463300
2021-09-28,243.77000427246094,216.96714782714844,3007500
2021-09-29,244.27999877929688,217.42105102539062,1719000
2021-09-30,241.11000061035156,214.59962463378906,3136800
2021-10-01,242.92999267578125,216.21949768066406,2076000
2021-10-04,243.0800018310547,216.35301208496094,2236500
2021-10-05,245.22000122070312,218.25770568847656,2463100
2021-10-06,247.10000610351562,219.93096923828125,2107900
2021-10-07,248.32000732421875,221.01686096191406,2423900
2021-10-08,247.6999969482422,220.4650115966797,1687500
2021-10-11,246.5800018310547,219.46820068359375,1504000
2021-10-12,244.52000427246094,217.6346435546875,2346700
2021-10-13,242.64999389648438,215.9702911376953,3214300
2021-10-14,244.5500030517578,217.661376953125,2512000
2021-10-15,242.25,215.61427307128906,2564700
2021-10-18,242.25999450683594,215.62318420410156,2484900
2021-10-19,242.77000427246094,216.0770721435547,2071600
2021-10-20,239.72000122070312,213.36244201660156,3040200
2021-10-21,241.39999389648438,214.85769653320312,2702400
2021-10-22,238.44000244140625,212.22314453125,3283700
2021-10-25,237.33999633789062,211.244140625,3178400
2021-10-26,236.4199981689453,210.42527770996094,3066400
2021-10-27,242.72999572753906,216.04148864746094,5249400
2021-10-28,245.5,218.5068817138672,3448500
2021-10-29,245.5500030517578,218.55140686035156,4329400
2021-11-01,250.5800018310547,223.02835083007812,4456200
2021-11-02,249.24000549316406,221.835693359375,2624300
2021-11-03,250.39999389648438,222.8681640625,2399000
2021-11-04,253.4600067138672,225.5916748046875,2711000
2021-11-05,254.7100067138672,226.7042694091797,3224300
2021-11-08,253.10000610351562,225.2712860107422,2471300
2021-11-09,252.64999389648438,224.87075805664062,2258900
2021-11-10,253.1300048828125,225.29800415039062,1794300
2021-11-11,250.16000366210938,222.654541015625,1640500
2021-11-12,250.6699981689453,223.10848999023438,1625200
2021-11-15,252.94000244140625,225.12889099121094,1709200
2021-11-16,252.4600067138672,224.70166015625,2195500
2021-11-17,252.69000244140625,224.90635681152344,1412000
2021-11-18,253.47999572753906,225.60951232910156,1751200
2021-11-19,251.9499969482422,224.24771118164062,2743100
2021-11-22,253.47999572753906,225.60951232910156,2438700
2021-11-23,255.64999389648438,227.5408935546875,2770000
2021-11-24,257.1099853515625,228.84036254882812,2642800
2021-11-26,250.00999450683594,222.52099609375,2573300
2021-11-29,250.3000030517578,222.7791748046875,2084600
2021-11-30,244.60000610351562,218.91281127929688,3836100
2021-12-01,244.17999267578125,218.5369110107422,3275300
2021-12-02,248.8000030517578,222.67172241210938,3290500
2021-12-03,249.3300018310547,223.14608764648438,3229900
2021-12-06,255.7899932861328,228.9276885986328,3616800
2021-12-07,259.9100036621094,232.614990234375,2596200
2021-12-08,259.5799865722656,232.3196258544922,3453100
2021-12-09,262.3399963378906,234.7898406982422,2955100
2021-12-10,264.9700012207031,237.1436004638672,2529600
2021-12-13,263.0899963378906,235.46109008789062,2878800
2021-12-14,262.5199890136719,234.95091247558594,3695500
2021-12-15,264.5199890136719,236.74090576171875,2641800
2021-12-16,265.54998779296875,237.6626739501953,2347700
2021-12-17,261.70001220703125,234.21702575683594,5943200
2021-12-20,261.7300109863281,234.24386596679688,2824500
2021-12-21,264.3900146484375,236.6245574951172,2851800
2021-12-22,264.94000244140625,237.11679077148438,1795100
2021-12-23,265.95001220703125,238.0207061767578,1509800
2021-12-27,268.239990234375,240.07020568847656,1485500
2021-12-28,267.8800048828125,239.748046875,1304000
2021-12-29,268.489990234375,240.29391479492188,1318500
2021-12-30,267.2099914550781,239.14842224121094,1714600
2021-12-31,268.07000732421875,239.9180450439453,1519200
2022-01-03,268.5799865722656,240.37448120117188,2750600
2022-01-04,268.510009765625,240.3118896484375,2506000
2022-01-05,267.19000244140625,239.13043212890625,2473000
2022-01-06,269.69000244140625,241.36793518066406,2908400
2022-01-07,267.05999755859375,239.01414489746094,2209100
2022-01-10,264.4100036621094,236.64239501953125,3122400
2022-01-11,262.1199951171875,234.59292602539062,3206200
2022-01-12,260.9200134277344,233.5189208984375,3044000
2022-01-13,261.4100036621094,233.95745849609375,2371300
2022-01-14,257.7099914550781,230.6460418701172,3460100
2022-01-18,256.4800109863281,229.54525756835938,3076500
2022-01-19,255.22000122070312,228.4175567626953,2304700
2022-01-20,253.1300048828125,226.54701232910156,2602200
2022-01-21,254.58999633789062,227.85369873046875,3738100
2022-01-24,253.61000061035156,226.9766387939453,5153100
2022-01-25,250.67999267578125,224.35433959960938,3908600
2022-01-26,249.85000610351562,223.61148071289062,3839000
2022-01-27,248.74000549316406,222.6180419921875,5199000
2022-01-28,256.0899963378906,229.1961669921875,3833200
2022-01-31,259.45001220703125,232.20335388183594,3174200
2022-02-01,258.989990234375,231.79161071777344,2496500
2022-02-02,262.2799987792969,234.73609924316406,2371500
2022-02-03,260.6400146484375,233.26834106445312,2242200
2022-02-04,260.05999755859375,232.7491912841797,1989700
2022-02-07,259.8500061035156,232.5613250732422,1959300
2022-02-08,260.0799865722656,232.7671356201172,2920000
2022-02-09,259.8599853515625,232.5702362060547,2379300
2022-02-10,256.8699951171875,229.89425659179688,3246600
2022-02-11,255.16000366210938,228.3638458251953,3592700
2022-02-14,253.38999938964844,226.77972412109375,2825800
2022-02-15,253.80999755859375,227.15560913085938,2171500
2022-02-16,253.08999633789062,226.51119995117188,2941800
2022-02-17,250.92999267578125,224.57806396484375,2831900
2022-02-18,250.60000610351562,224.28269958496094,2813500
2022-02-22,252.6999969482422,226.1621856689453,3980500
2022-02-23,247.7899932861328,221.767822265625,3497200
2022-02-24,245.02999877929688,219.29763793945312,4856000
2022-02-25,249.4499969482422,223.25347900390625,4549700
2022-02-28,244.77000427246094,220.2836456298828,4410400
2022-03-01,239.6300048828125,215.65782165527344,3910700
2022-03-02,240.94000244140625,216.83673095703125,4482000
2022-03-03,236.64999389648438,212.9759063720703,4707400
2022-03-04,235.80999755859375,212.21994018554688,4184100
2022-03-07,224.3300018310547,201.88836669921875,5425000
2022-03-08,222.7899932861328,200.50244140625,5258800
2022-03-09,222.47000122070312,200.21449279785156,5630500
2022-03-10,222.0,199.7914581298828,5444900
2022-03-11,226.8699951171875,204.17430114746094,6126300
2022-03-14,226.17999267578125,203.55332946777344,4436100
2022-03-15,232.57000732421875,209.30406188964844,5087400
2022-03-16,238.13999938964844,214.3168487548828,4173200
2022-03-17,237.47000122070312,213.71383666992188,3752800
2022-03-18,238.9199981689453,215.0188751220703,5336500
2022-03-21,235.32000732421875,211.7790069580078,3704000
2022-03-22,238.1199951171875,214.298828125,2938100
2022-03-23,236.1199951171875,212.4989776611328,2200500
2022-03-24,240.25999450683594,216.22479248046875,2337500
2022-03-25,241.5800018310547,217.41275024414062,2134800
2022-03-28,242.94000244140625,218.63668823242188,2041800
2022-03-29,248.1699981689453,223.3434600830078,2657400
2022-03-30,249.02999877929688,224.117431640625,2227300
2022-03-31,247.27999877929688,222.54251098632812,3803400
2022-04-01,249.25,224.31539916992188,2023000
2022-04-04,246.8300018310547,222.1375274658203,2500700
2022-04-05,248.50999450683594,223.64942932128906,2532500
2022-04-06,251.4600067138672,226.30438232421875,2886000
2022-04-07,254.36000061035156,228.9142303466797,4041800
2022-04-08,251.4600067138672,226.30438232421875,2551000
2022-04-11,250.4499969482422,225.39537048339844,2326700
2022-04-12,249.1699981689453,224.2434539794922,2724900
2022-04-13,251.3300018310547,226.1873779296875,2133800
2022-04-14,250.50999450683594,225.44940185546875,2105900
2022-04-18,251.05999755859375,225.94436645507812,1426600
2022-04-19,255.39999389648438,229.85018920898438,2324500
2022-04-20,255.85000610351562,230.2552032470703,2278700
2022-04-21,255.25,229.71517944335938,2476900
2022-04-22,250.1699981689453,225.1433868408203,2643600
2022-04-25,252.8800048828125,227.58229064941406,2523000
2022-04-26,248.5800018310547,223.7124481201172,2948500
2022-04-27,247.13999938964844,222.4165496826172,2706500
2022-04-28,254.19000244140625,228.7612762451172,3547400
2022-04-29,249.16000366210938,224.23443603515625,3388000
2022-05-02,246.63999938964844,221.96652221679688,3418700
2022-05-03,245.8699951171875,221.27354431152344,2562000
2022-05-04,254.32000732421875,228.8782501220703,3289300
2022-05-05,248.9199981689453,224.01844787597656,2925900
2022-05-06,250.77999877929688,225.69236755371094,2964500
2022-05-09,247.49000549316406,222.7314910888672,2918900
2022-05-10,245.67999267578125,221.10256958007812,3070800
2022-05-11,244.42999267578125,219.97763061523438,2833200
2022-05-12,244.19000244140625,219.7616424560547,2861000
2022-05-13,245.0399932861328,220.5265655517578,3255200
2022-05-16,244.0399932861328,219.62664794921875,2147100
2022-05-17,241.6300048828125,217.45773315429688,3204900
2022-05-18,231.0500030517578,207.93612670898438,3946100
2022-05-19,229.0,206.09121704101562,3518300
2022-05-20,233.91000366210938,210.51002502441406,3208200
2022-05-23,238.0,214.1908721923828,3053500
2022-05-24,244.52000427246094,220.05862426757812,5258200
2022-05-25,244.00999450683594,219.5996551513672,2641700
2022-05-26,248.08999633789062,223.27146911621094,1972300
2022-05-27,251.8699951171875,226.67333984375,2063800
2022-05-31,252.2100067138672,226.9793243408203,3924700
2022-06-01,249.27999877929688,224.34242248535156,2264100
2022-06-02,250.3800048828125,225.3323974609375,2089700
2022-06-03,248.36000061035156,224.75323486328125,1838900
2022-06-06,248.07000732421875,224.4907989501953,1569300
2022-06-07,248.94000244140625,225.27810668945312,2782000
2022-06-08,245.61000061035156,222.26461791992188,2101300
2022-06-09,242.16000366210938,219.1425323486328,2682600
2022-06-10,237.3800048828125,214.81687927246094,1992300
2022-06-13,238.47000122070312,215.80325317382812,4697000
2022-06-14,238.75999450683594,216.06570434570312,3564800
2022-06-15,238.89999389648438,216.19241333007812,3152100
2022-06-16,235.19000244140625,212.8350830078125,3272000
2022-06-17,234.3800048828125,212.10205078125,7236300
2022-06-21,239.58999633789062,216.81680297851562,3263500
2022-06-22,243.05999755859375,219.95701599121094,3054300
2022-06-23,243.5800018310547,220.4275665283203,1937000
2022-06-24,247.89999389648438,224.33694458007812,3104800
2022-06-27,247.02999877929688,223.5496368408203,2059200
2022-06-28,242.8300018310547,219.74887084960938,2381700
2022-06-29,247.74000549316406,224.192138671875,2997200
2022-06-30,246.8800048828125,223.41395568847656,2786200
2022-07-01,252.9600067138672,228.916015625,2531400
2022-07-05,252.2899932861328,228.3096923828125,2390700
2022-07-06,251.4600067138672,227.55859375,1948600
2022-07-07,252.94000244140625,228.8979034423828,2396700
2022-07-08,253.24000549316406,229.1693878173828,1450300
2022-07-11,253.27999877929688,229.20555114746094,1478100
2022-07-12,251.47999572753906,227.57669067382812,2112800
2022-07-13,252.6699981689453,228.65353393554688,2205300
2022-07-14,252.60000610351562,228.59024047851562,2371000
2022-07-15,255.00999450683594,230.77113342285156,2627200
2022-07-18,252.4199981689453,228.42733764648438,2164400
2022-07-19,256.5,232.11952209472656,2181300
2022-07-20,254.5800018310547,230.3820037841797,2183700
2022-07-21,253.47000122070312,229.3775177001953,2056500
2022-07-22,253.99000549316406,229.84808349609375,2226600
2022-07-25,250.3800048828125,226.58123779296875,2860400
2022-07-26,257.0899963378906,232.65345764160156,5272300
2022-07-27,258.8900146484375,234.2823486328125,2718300
2022-07-28,263.4599914550781,238.41796875,2849100
2022-07-29,263.3699951171875,238.3365478515625,2653800
2022-08-01,264.2300109863281,239.11477661132812,2384000
2022-08-02,261.04998779296875,236.23703002929688,2375200
2022-08-03,262.0899963378906,237.17820739746094,2305300
2022-08-04,260.6400146484375,235.86599731445312,2089600
2022-08-05,259.2300109863281,234.5900115966797,1818500
2022-08-08,256.79998779296875,232.39102172851562,2253500
2022-08-09,260.05999755859375,235.34109497070312,2315800
2022-08-10,261.3599853515625,236.51756286621094,2967900
2022-08-11,259.2799987792969,234.63526916503906,2007000
2022-08-12,262.17999267578125,237.2595977783203,1530800
2022-08-15,265.44000244140625,240.20973205566406,2342700
2022-08-16,266.2900085449219,240.97897338867188,1828000
2022-08-17,266.82000732421875,241.4585723876953,1699100
2022-08-18,266.5799865722656,241.24139404296875,1591900
2022-08-19,266.5400085449219,241.20521545410156,1833800
2022-08-22,262.95001220703125,237.95643615722656,1986700
2022-08-23,260.5400085449219,235.77552795410156,2211100
2022-08-24,260.8599853515625,236.06509399414062,1777200
2022-08-25,262.55999755859375,237.60350036621094,1330400
2022-08-26,256.95001220703125,232.5267333984375,2357800
2022-08-29,255.66000366210938,231.35935974121094,2017500
2022-08-30,253.49000549316406,229.39564514160156,2051300
2022-08-31,252.27999877929688,229.55029296875,3119200
2022-09-01,256.4700012207031,233.36277770996094,2577800
2022-09-02,254.50999450683594,231.57936096191406,1791300
2022-09-06,254.38999938964844,231.4701690673828,2645700
2022-09-07,258.4200134277344,235.1371307373047,4185200
2022-09-08,260.0799865722656,236.6475372314453,2448900
2022-09-09,259.5199890136719,236.13800048828125,2007000
2022-09-12,260.3699951171875,236.91140747070312,2204300
2022-09-13,254.3300018310547,231.41563415527344,2604900
2022-09-14,255.72000122070312,232.6803741455078,2745200
2022-09-15,253.47000122070312,230.63307189941406,2289500
2022-09-16,254.91000366210938,231.9433135986328,4304100
2022-09-19,257.010009765625,233.85414123535156,2195800
2022-09-20,255.39999389648438,232.38917541503906,2140200
2022-09-21,251.0800018310547,228.4584503173828,2438800
2022-09-22,247.94000244140625,225.60128784179688,2300500
2022-09-23,245.9499969482422,223.79058837890625,2672100
2022-09-26,243.75999450683594,221.79791259765625,3179100
2022-09-27,236.6999969482422,215.37400817871094,4193800
2022-09-28,236.94000244140625,215.59239196777344,4202400
2022-09-29,234.39999389648438,213.28121948242188,3053200
2022-09-30,230.74000549316406,209.95098876953125,3629300
2022-10-03,235.33999633789062,214.1365509033203,3286700
2022-10-04,238.5,217.01182556152344,3685700
2022-10-05,239.08999633789062,217.5486602783203,3033000
2022-10-06,234.75,213.59970092773438,2999200
2022-10-07,233.19000244140625,212.1802215576172,2294300
2022-10-10,234.9499969482422,213.7816925048828,2668700
2022-10-11,237.0500030517578,215.69247436523438,3169200
2022-10-12,237.05999755859375,215.70155334472656,2709300
2022-10-13,246.75,224.51856994628906,5026900
2022-10-14,243.16000366210938,221.2519989013672,2918300
2022-10-17,246.47999572753906,224.27285766601562,2758200
2022-10-18,249.19000244140625,226.73867797851562,3123600
2022-10-19,250.75,228.1581573486328,3021300
2022-10-20,249.77000427246094,227.26644897460938,2410700
2022-10-21,254.5500030517578,231.61578369140625,3254900
2022-10-24,255.32000732421875,232.31639099121094,4125100
2022-10-25,255.72999572753906,232.68943786621094,2689000
2022-10-26,256.6099853515625,233.4901885986328,3582600
2022-10-27,265.1099853515625,241.22430419921875,4145700
2022-10-28,274.5199890136719,249.78651428222656,4647600
2022-10-31,272.6600036621094,248.09413146972656,3336100
2022-11-01,272.95001220703125,248.35800170898438,2740900
2022-11-02,270.3699951171875,246.0104522705078,3069900
2022-11-03,272.95001220703125,248.35800170898438,3225400
2022-11-04,274.6199951171875,249.87753295898438,3256500
2022-11-07,276.4100036621094,251.50625610351562,3029500
2022-11-08,278.3999938964844,253.3169403076172,2628800
2022-11-09,277.7900085449219,252.76193237304688,2610800
2022-11-10,275.8800048828125,251.02401733398438,4510900
2022-11-11,271.3900146484375,246.93853759765625,4742800
2022-11-14,272.2699890136719,247.7393035888672,3357400
2022-11-15,267.8399963378906,243.70835876464844,5429100
2022-11-16,272.510009765625,247.9576416015625,4132700
2022-11-17,273.3599853515625,248.73101806640625,2467400
2022-11-18,273.3699951171875,248.7401885986328,2699200
2022-11-21,274.5199890136719,249.78651428222656,2974200
2022-11-22,274.760009765625,250.00498962402344,2770400
2022-11-23,273.2699890136719,248.6491241455078,2514800
2022-11-25,275.0,250.22332763671875,1596600
2022-11-28,272.8800048828125,248.29428100585938,3160500
2022-11-29,271.4100036621094,246.95675659179688,2873500
2022-11-30,272.7900085449219,249.61033630371094,5196500
2022-12-01,273.3999938964844,250.16847229003906,2599600
2022-12-02,273.3999938964844,250.16847229003906,2807500
2022-12-05,271.5899963378906,248.51231384277344,2586900
2022-12-06,271.7699890136719,248.67694091796875,3573000
2022-12-07,270.3399963378906,247.36849975585938,2766400
2022-12-08,273.3900146484375,250.1593017578125,3022700
2022-12-09,272.0400085449219,248.924072265625,1677400
2022-12-12,276.6199951171875,253.11483764648438,3230500
2022-12-13,274.2799987792969,250.97377014160156,3390100
2022-12-14,274.5299987792969,251.20249938964844,2660900
2022-12-15,271.7300109863281,248.64044189453125,2735300
2022-12-16,266.1199951171875,243.50709533691406,5932500
2022-12-19,265.8299865722656,243.24172973632812,2160800
2022-12-20,267.25,244.5410919189453,1785600
2022-12-21,268.1600036621094,245.37376403808594,2366800
2022-12-22,265.7699890136719,243.18679809570312,2366700
2022-12-23,267.57000732421875,244.8339080810547,1269000
2022-12-27,266.8399963378906,244.1658935546875,1674700
2022-12-28,265.1099853515625,242.58290100097656,1427800
2022-12-29,265.92999267578125,243.33322143554688,1393900
2022-12-30,263.5299987792969,241.13719177246094,1720100
2023-01-03,264.3299865722656,241.8691864013672,2743800
2023-01-04,264.3900146484375,241.92413330078125,2584100
2023-01-05,262.1600036621094,239.88357543945312,1945600
2023-01-06,269.4700012207031,246.57244873046875,2855400
2023-01-09,267.25,244.5410919189453,2654600
2023-01-10,268.9100036621094,246.05996704101562,1718400
2023-01-11,268.80999755859375,245.96852111816406,2391400
2023-01-12,266.69000244140625,244.02867126464844,1933000
2023-01-13,268.8900146484375,246.041748046875,2168900
2023-01-17,274.1099853515625,250.81814575195312,3640200
2023-01-18,266.0400085449219,243.43389892578125,3276500
2023-01-19,263.5799865722656,241.1829071044922,2845400
2023-01-20,268.5799865722656,245.75807189941406,2588600
2023-01-23,269.2900085449219,246.40773010253906,2434000
2023-01-24,269.55999755859375,246.65476989746094,2517100
2023-01-25,273.0,249.802490234375,3097400
2023-01-26,274.7200012207031,251.3762969970703,2222500
2023-01-27,272.4599914550781,249.30833435058594,2203200
2023-01-30,270.8900146484375,247.871826171875,2862400
2023-01-31,267.3999938964844,244.6782989501953,5477900
2023-02-01,266.2699890136719,243.644287109375,3557700
2023-02-02,263.2099914550781,240.84434509277344,3735600
2023-02-03,264.2300109863281,241.7777099609375,3008500
2023-02-06,267.9200134277344,245.15414428710938,2863900
2023-02-07,267.3399963378906,244.6234130859375,2514000
2023-02-08,262.82000732421875,240.4874725341797,2801800
2023-02-09,260.6600036621094,238.5110321044922,3534600
2023-02-10,262.4200134277344,240.1215057373047,3049900
2023-02-13,266.20001220703125,243.58026123046875,2418300
2023-02-14,266.6099853515625,243.9553985595703,2202100
2023-02-15,266.55999755859375,243.90968322753906,1862000
2023-02-16,265.8299865722656,243.24172973632812,2785400
2023-02-17,269.989990234375,247.0482635498047,3055600
2023-02-21,268.54998779296875,245.73057556152344,2824300
2023-02-22,268.6400146484375,245.8130340576172,2192000
2023-02-23,266.7799987792969,244.11099243164062,4217000
2023-02-24,263.67999267578125,241.2744140625,2645300
2023-02-27,264.7799987792969,242.28094482421875,2024800
2023-02-28,263.9100036621094,242.879150390625,2853400
2023-03-01,262.7200012207031,241.78399658203125,2058900
2023-03-02,267.57000732421875,246.24752807617188,2385900
2023-03-03,269.07000732421875,247.6279754638672,2725800
2023-03-06,270.6400146484375,249.0729217529297,2217600
2023-03-07,267.1300048828125,245.84255981445312,2766600
2023-03-08,265.3299865722656,244.18600463867188,2314000
2023-03-09,261.6300048828125,240.7808837890625,2339300
2023-03-10,262.0299987792969,241.14898681640625,3093100
2023-03-13,263.0799865722656,242.11534118652344,3552400
2023-03-14,265.8999938964844,244.71055603027344,3194400
2023-03-15,266.3399963378906,245.11550903320312,3419400
2023-03-16,270.57000732421875,249.00843811035156,3097900
2023-03-17,267.20001220703125,245.90699768066406,5075300
2023-03-20,270.739990234375,249.1648712158203,2108900
2023-03-21,270.2099914550781,248.67710876464844,3120100
2023-03-22,267.8699951171875,246.52362060546875,2240800
2023-03-23,269.6199951171875,248.13414001464844,2263800
2023-03-24,271.3299865722656,249.70785522460938,2229200
2023-03-27,273.8399963378906,252.01783752441406,2799100
2023-03-28,275.8500061035156,253.86764526367188,2036000
2023-03-29,277.44000244140625,255.33094787597656,2053400
2023-03-30,277.7900085449219,255.653076171875,1788800
2023-03-31,279.6099853515625,257.3280334472656,2902500
2023-04-03,282.1400146484375,259.6564636230469,2352700
2023-04-04,282.2799987792969,259.7852478027344,2282300
2023-04-05,282.0199890136719,259.5459899902344,2600800
2023-04-06,282.8900146484375,260.3466491699219,1731000
2023-04-10,283.7799987792969,261.1657409667969,1941800
2023-04-11,284.4800109863281,261.80999755859375,2732900
2023-04-12,285.29998779296875,262.5645751953125,2557400
2023-04-13,289.07000732421875,266.0342712402344,3229300
2023-04-14,288.9800109863281,265.95135498046875,2054700
2023-04-17,289.30999755859375,266.25506591796875,2371000
2023-04-18,290.9100036621094,267.7275390625,2086700
2023-04-19,291.2699890136719,268.058837890625,2254000
2023-04-20,291.0,267.8103332519531,2274200
2023-04-21,292.05999755859375,268.785888671875,2171200
2023-04-24,293.20001220703125,269.8350524902344,2995200
2023-04-25,291.510009765625,268.2797546386719,5845200
2023-04-26,289.760009765625,266.66925048828125,3290000
2023-04-27,294.7200012207031,271.2338562011719,3142300
2023-04-28,295.75,272.18182373046875,2838200
2023-05-01,297.5799865722656,273.86602783203125,2124400
2023-05-02,298.07000732421875,274.31695556640625,2083800
2023-05-03,295.2200012207031,271.6941223144531,2425500
2023-05-04,295.1600036621094,271.63885498046875,2005300
2023-05-05,296.6000061035156,272.9640808105469,1815800
2023-05-08,296.69000244140625,273.04693603515625,2969600
2023-05-09,296.6600036621094,273.01934814453125,1637500
2023-05-10,296.57000732421875,272.9364929199219,1849300
2023-05-11,294.7900085449219,271.2983703613281,1955100
2023-05-12,296.1400146484375,272.5407409667969,1801700
2023-05-15,295.8999938964844,272.3199462890625,1700500
2023-05-16,294.1499938964844,270.7093200683594,2859500
2023-05-17,293.4599914550781,270.0743713378906,2802100
2023-05-18,294.04998779296875,270.6173095703125,2410700
2023-05-19,295.54998779296875,271.9977722167969,2371200
2023-05-22,289.3500061035156,266.2919006347656,2514700
2023-05-23,286.3699951171875,263.5492858886719,2943900
2023-05-24,285.9200134277344,263.13525390625,2262100
2023-05-25,285.5199890136719,262.7670593261719,2748100
2023-05-26,286.0400085449219,263.24560546875,2148200
2023-05-30,284.9200134277344,262.2149353027344,3385200
2023-05-31,285.1099853515625,262.3897399902344,3104900
2023-06-01,287.8699951171875,264.9297790527344,2605300
2023-06-02,289.9100036621094,268.2235107421875,2869400
2023-06-05,288.42999267578125,266.85418701171875,1974500
2023-06-06,284.5400085449219,263.2551574707031,2771500
2023-06-07,281.8999938964844,260.81268310546875,3614800
2023-06-08,285.7799987792969,264.4024658203125,3043700
2023-06-09,286.7900085449219,265.3368835449219,1975900
2023-06-12,288.57000732421875,266.98370361328125,1885000
2023-06-13,288.54998779296875,266.9652404785156,2027800
2023-06-14,288.44000244140625,266.8634948730469,1964500
2023-06-15,292.6099853515625,270.7215576171875,2619200
2023-06-16,293.70001220703125,271.7300720214844,4891200
2023-06-20,293.0400085449219,271.1193542480469,2729800
2023-06-21,294.5199890136719,272.4886779785156,2837100
2023-06-22,293.29998779296875,271.3598937988281,1799400
2023-06-23,289.9100036621094,268.2235107421875,3720600
2023-06-26,289.0899963378906,267.4648132324219,1851800
2023-06-27,291.29998779296875,269.5095520019531,1815000
2023-06-28,291.739990234375,269.91656494140625,1666500
2023-06-29,294.4700012207031,272.4424133300781,1744000
2023-06-30,298.4100036621094,276.0876770019531,2644700
2023-07-03,294.8399963378906,272.7846984863281,1601300
2023-07-05,296.8999938964844,274.6905822753906,2356000
2023-07-06,294.9200134277344,272.8587646484375,2569600
2023-07-07,292.1000061035156,270.24969482421875,2586500
2023-07-10,294.489990234375,272.4608459472656,1703700
2023-07-11,294.739990234375,272.6921691894531,1529600
2023-07-12,295.6099853515625,273.4970397949219,2156000
2023-07-13,295.2200012207031,273.1362609863281,1656900
2023-07-14,294.94000244140625,272.877197265625,1550000
2023-07-17,294.67999267578125,272.6366271972656,1669900
2023-07-18,293.82000732421875,271.8410339355469,1991600
2023-07-19,294.1300048828125,272.1278381347656,1969200
2023-07-20,297.1300048828125,274.9034118652344,2104300
2023-07-21,295.6099853515625,273.4970397949219,2835500
2023-07-24,295.30999755859375,273.2196044921875,2034400
2023-07-25,292.3599853515625,270.49017333984375,2780600
2023-07-26,291.75,269.9259033203125,2896900
2023-07-27,295.19000244140625,273.1085205078125,4698300
2023-07-28,294.0299987792969,272.0353088378906,2843000
2023-07-31,293.20001220703125,271.2674255371094,3296000
2023-08-01,291.07000732421875,269.2967224121094,1916200
2023-08-02,289.6199951171875,267.9552001953125,2388300
2023-08-03,291.0199890136719,269.2504577636719,1910700
2023-08-04,287.0199890136719,265.5496826171875,2520500
2023-08-07,291.3999938964844,269.6020812988281,2176800
2023-08-08,289.5799865722656,267.9181213378906,1948400
2023-08-09,288.2300109863281,266.6692199707031,1895800
2023-08-10,287.6000061035156,266.0862731933594,2436300
2023-08-11,288.6199951171875,267.0299987792969,1761800
2023-08-14,288.80999755859375,267.2057800292969,1712400
2023-08-15,288.29998779296875,266.7339782714844,1883800
2023-08-16,285.3999938964844,264.05084228515625,1829400
2023-08-17,281.8599853515625,260.7756652832031,2148400
2023-08-18,281.739990234375,260.6646423339844,2624500
2023-08-21,280.0400085449219,259.0918273925781,2682600
2023-08-22,280.30999755859375,259.3415832519531,2052300
2023-08-23,281.8699951171875,260.7848815917969,2308800
2023-08-24,282.3500061035156,261.2290344238281,2006400
2023-08-25,284.5799865722656,263.2922058105469,3725200
2023-08-28,283.67999267578125,262.4595031738281,2317600
2023-08-29,283.5899963378906,262.3762512207031,2348500
2023-08-30,284.239990234375,262.97760009765625,2410700
2023-08-31,281.1499938964844,261.51727294921875,2979800
2023-09-01,280.94000244140625,261.3219909667969,2136400
2023-09-05,279.1600036621094,259.6662902832031,2410300
2023-09-06,275.44000244140625,256.20599365234375,2705800
2023-09-07,278.3299865722656,258.8941650390625,3732800
2023-09-08,279.2200012207031,259.7220458984375,2351300
2023-09-11,279.760009765625,260.22430419921875,2433200
2023-09-12,280.7099914550781,261.10797119140625,1450200
2023-09-13,281.7699890136719,262.09393310546875,1724300
2023-09-14,284.760009765625,264.87518310546875,2219700
2023-09-15,278.2300109863281,258.8011474609375,5730700
2023-09-18,277.7200012207031,258.3267517089844,2884800
2023-09-19,278.1300048828125,258.7080993652344,2128100
2023-09-20,277.20001220703125,257.8431091308594,1979300
2023-09-21,271.2200012207031,252.28070068359375,2370100
2023-09-22,272.2200012207031,253.21087646484375,1958300
2023-09-25,269.7799987792969,250.94117736816406,1895500
2023-09-26,267.7200012207031,249.02508544921875,2251600
2023-09-27,263.6400146484375,245.23001098632812,2735000
2023-09-28,265.5899963378906,247.04380798339844,2182400
2023-09-29,263.44000244140625,245.04396057128906,3367100
2023-10-02,257.75,239.7512969970703,4425000
2023-10-03,254.49000549316406,236.71896362304688,3408100
2023-10-04,255.80999755859375,237.94676208496094,2820000
2023-10-05,252.22999572753906,234.6167755126953,3799600
2023-10-06,248.22000122070312,230.8867950439453,5130700
2023-10-09,249.9199981689453,232.46807861328125,2782300
2023-10-10,251.52000427246094,233.9563751220703,3129600
2023-10-11,250.9199981689453,233.3982391357422,2919400
2023-10-12,246.19000244140625,228.99851989746094,3528300
2023-10-13,248.30999755859375,230.97048950195312,2646500
2023-10-16,249.94000244140625,232.48666381835938,2774700
2023-10-17,251.13999938964844,233.6028594970703,2627500
2023-10-18,256.0299987792969,238.15139770507812,4559200
2023-10-19,258.3800048828125,240.33729553222656,5646200
2023-10-20,258.1099853515625,240.08612060546875,3779200
2023-10-23,254.75,236.96080017089844,3409800
2023-10-24,257.2699890136719,239.3048095703125,2468000
2023-10-25,258.0299987792969,240.01171875,2759100
2023-10-26,255.8300018310547,237.9653778076172,2702600
2023-10-27,255.75999450683594,237.90025329589844,3209000
2023-10-30,260.1499938964844,241.98370361328125,6305100
2023-10-31,262.1700134277344,243.8626708984375,3990600
2023-11-01,261.9700012207031,243.67660522460938,3543000
2023-11-02,266.8500061035156,248.21578979492188,4109700
2023-11-03,267.8699951171875,249.16464233398438,3126500
2023-11-06,268.9100036621094,250.13194274902344,3090600
2023-11-07,268.6700134277344,249.9087677001953,2360800
2023-11-08,267.489990234375,248.81117248535156,2223300
2023-11-09,266.9100036621094,248.2716827392578,2501700
2023-11-10,267.7900085449219,249.09017944335938,2664900
2023-11-13,269.20001220703125,250.40174865722656,2591900
2023-11-14,271.489990234375,252.5318145751953,2647800
2023-11-15,270.3900146484375,251.50868225097656,2575900
2023-11-16,276.1199951171875,256.8385009765625,3593700
2023-11-17,275.75,256.49432373046875,2604800
2023-11-20,279.0299987792969,259.5452880859375,3499400
2023-11-21,280.4700012207031,260.8847961425781,2940800
2023-11-22,281.92999267578125,262.2427673339844,2285000
2023-11-24,282.5400085449219,262.8102111816406,1218000
2023-11-27,281.8399963378906,262.1590881347656,3703900
2023-11-28,282.0899963378906,262.3916320800781,2199600
2023-11-29,280.3800048828125,260.8010559082031,2433400
2023-11-30,281.8399963378906,263.72991943359375,5030400
2023-12-01,285.9599914550781,267.5852355957031,4967400
2023-12-04,286.1300048828125,267.7442626953125,3522900
2023-12-05,286.5400085449219,268.12786865234375,3005300
2023-12-06,286.8599853515625,268.42730712890625,2765100
2023-12-07,286.7900085449219,268.3618469238281,3131900
2023-12-08,285.5299987792969,267.18280029296875,3623600
2023-12-11,289.1499938964844,270.5701599121094,3353000
2023-12-12,291.4200134277344,272.6943359375,2252200
2023-12-13,295.92999267578125,276.9145202636719,3312300
2023-12-14,290.0199890136719,271.38427734375,4626800
2023-12-15,287.2699890136719,268.81097412109375,6328500
2023-12-18,290.2300109863281,271.580810546875,2490100
2023-12-19,290.7300109863281,272.0486755371094,2054200
2023-12-20,288.989990234375,270.42041015625,2398500
2023-12-21,291.3900146484375,272.666259765625,2313100
2023-12-22,291.70001220703125,272.9563903808594,1700300
2023-12-26,292.8599853515625,274.041748046875,1381500
2023-12-27,294.54998779296875,275.6231384277344,1892100
2023-12-28,295.8399963378906,276.8302917480469,1907100
2023-12-29,296.510009765625,277.457275390625,2227800
2024-01-02,297.0400085449219,277.9532470703125,4458400
2024-01-03,294.3900146484375,275.47344970703125,3114800
2024-01-04,291.739990234375,272.9937744140625,4615400
2024-01-05,288.989990234375,270.42041015625,3407300
2024-01-08,291.8999938964844,273.1434631347656,3097000
2024-01-09,290.8699951171875,272.1796569824219,2176400
2024-01-10,294.0899963378906,275.19281005859375,2199700
2024-01-11,294.1499938964844,275.2489318847656,2047400
2024-01-12,293.4700012207031,274.61260986328125,1714800
2024-01-16,291.0899963378906,272.3855895996094,2859000
2024-01-17,291.1600036621094,272.4510803222656,2008200
2024-01-18,294.3599853515625,275.4454345703125,2221200
2024-01-19,300.5299987792969,281.2189636230469,4250900
2024-01-22,298.4100036621094,279.23516845703125,3250200
2024-01-23,300.04998779296875,280.7698059082031,1874000
2024-01-24,300.44000244140625,281.1347351074219,3209700
2024-01-25,297.2099914550781,278.1123046875,3219600
2024-01-26,292.260009765625,273.4803771972656,4210500
2024-01-29,292.30999755859375,273.52716064453125,3899700
2024-01-30,294.6499938964844,275.716796875,2524200
2024-01-31,292.7200012207031,273.9107971191406,3476200
2024-02-01,298.0799865722656,278.9263916015625,3380600
2024-02-02,297.04998779296875,277.9625549316406,3971600
2024-02-05,285.9700012207031,267.59454345703125,7581900
2024-02-06,284.6499938964844,266.3593444824219,5927200
2024-02-07,287.3299865722656,268.8670959472656,3954700
2024-02-08,291.92999267578125,273.17156982421875,4605000
2024-02-09,289.4700012207031,270.8696594238281,3323000
2024-02-12,289.44000244140625,270.841552734375,2392300
2024-02-13,287.1099853515625,268.6612548828125,2756100
2024-02-14,288.1700134277344,269.65313720703125,2139300
2024-02-15,291.8599853515625,273.1060485839844,2401400
2024-02-16,292.0199890136719,273.2557373046875,2837500
2024-02-20,292.6499938964844,273.8452453613281,2264000
2024-02-21,293.9100036621094,275.0243225097656,2076400
2024-02-22,295.9200134277344,276.9051818847656,3146600
2024-02-23,297.75,278.6175842285156,2199000
2024-02-26,297.1199951171875,278.02801513671875,2595300
2024-02-27,293.760009765625,274.8840026855469,2811200
2024-02-28,295.19000244140625,276.2220764160156,2507300
2024-02-29,292.2799987792969,275.0551452636719,3601700
2024-03-01,290.7300109863281,273.5965270996094,3028900
2024-03-04,290.94000244140625,273.7940979003906,2832000
2024-03-05,292.5400085449219,275.2998352050781,2969600
2024-03-06,292.92999267578125,275.6668395996094,2348000
2024-03-07,291.1099853515625,273.9540710449219,2237700
2024-03-08,292.54998779296875,275.3092041015625,2482300
2024-03-11,294.82000732421875,277.4454345703125,2893300
2024-03-12,294.30999755859375,276.9655456542969,2233100
2024-03-13,282.8599853515625,266.1902770996094,5441300
2024-03-14,281.7300109863281,265.1269226074219,4659300
2024-03-15,279.1400146484375,262.6894836425781,5071700
2024-03-18,278.5799865722656,262.16253662109375,3319400
2024-03-19,282.8699951171875,266.1997375488281,4055400
2024-03-20,284.45001220703125,267.6866149902344,2867300
2024-03-21,283.5299987792969,266.82080078125,3653300
2024-03-22,282.6300048828125,265.9739074707031,2556100
2024-03-25,278.6199951171875,262.2002258300781,2985500
2024-03-26,278.6199951171875,262.2002258300781,2572100
2024-03-27,282.0199890136719,265.3998107910156,2605000
2024-03-28,281.95001220703125,265.33392333984375,3453900
2024-04-01,280.2200012207031,263.70587158203125,2408800
2024-04-02,277.739990234375,261.3719787597656,2907700
2024-04-03,275.5400085449219,259.3017272949219,2748000
2024-04-04,270.0899963378906,254.17291259765625,4095100
2024-04-05,266.69000244140625,250.9732666015625,6816000
2024-04-08,267.55999755859375,251.7919464111328,3753200
2024-04-09,269.44000244140625,253.56118774414062,3934900
2024-04-10,268.6700134277344,252.8365478515625,3817500
2024-04-11,268.6199951171875,252.78952026367188,2519200
2024-04-12,267.3900146484375,251.6320037841797,2708400
2024-04-15,266.2300109863281,250.54037475585938,3686700
2024-04-16,265.42999267578125,249.78750610351562,2912900
2024-04-17,269.95001220703125,254.04115295410156,3383100
2024-04-18,270.9800109863281,255.0104522705078,3402700
2024-04-19,271.989990234375,255.96092224121094,3017100
2024-04-22,275.5799865722656,259.3393249511719,3129300
2024-04-23,276.8800048828125,260.562744140625,3275700
2024-04-24,276.75,260.4403991699219,4071600
2024-04-25,275.6000061035156,259.3581848144531,4179800
2024-04-26,273.0899963378906,256.99609375,3636500
2024-04-29,273.54998779296875,257.4289245605469,3148900
2024-04-30,273.0400085449219,256.9490051269531,6894400
2024-05-01,274.42999267578125,258.257080078125,4843200
2024-05-02,273.2799987792969,257.1748962402344,3084000
2024-05-03,270.32000732421875,254.38931274414062,2642100
2024-05-06,269.29998779296875,253.42941284179688,2481300
2024-05-07,267.5,251.7355194091797,3160000
2024-05-08,268.489990234375,252.66714477539062,3259800
2024-05-09,267.95001220703125,252.1589813232422,3140000
2024-05-10,275.0,258.79351806640625,4983500
2024-05-13,271.32000732421875,255.3303680419922,3840700
2024-05-14,270.6600036621094,254.7092742919922,3143200
2024-05-15,273.8699951171875,257.7301025390625,2982500
2024-05-16,273.510009765625,257.3913269042969,2339900
2024-05-17,272.3800048828125,256.32794189453125,2454500
2024-05-20,267.8699951171875,252.08370971679688,2651100
2024-05-21,265.8699951171875,250.20155334472656,2362600
2024-05-22,265.7699890136719,250.107421875,1906100
2024-05-23,257.92999267578125,242.7294921875,5636200
2024-05-24,258.1099853515625,242.8988494873047,3382900
2024-05-28,253.5399932861328,238.5982208251953,4324700
2024-05-29,249.3699951171875,234.6739501953125,4029300
2024-05-30,252.07000732421875,237.21484375,3597800
2024-05-31,258.8900146484375,243.63291931152344,6125400
2024-06-03,259.75,246.029296875,4342800
2024-06-04,262.7200012207031,248.84237670898438,4592700
2024-06-05,259.989990234375,246.256591796875,4136800
2024-06-06,260.7200012207031,246.94801330566406,3354300
2024-06-07,256.2099914550781,242.67625427246094,2290100
2024-06-10,253.80999755859375,240.40301513671875,2866200
2024-06-11,254.27999877929688,240.8482208251953,2729400
2024-06-12,254.47999572753906,241.0376739501953,3169600
2024-06-13,253.6999969482422,240.2988739013672,3153000
2024-06-14,253.5800018310547,240.18516540527344,2806600
2024-06-17,253.50999450683594,240.118896484375,2532900
2024-06-18,250.7899932861328,237.54254150390625,2956300
2024-06-20,253.8000030517578,240.39356994628906,4046500
2024-06-21,259.3900146484375,245.6882781982422,8425800
2024-06-24,260.3800048828125,246.62600708007812,3901200
2024-06-25,257.3800048828125,243.78448486328125,3903800
2024-06-26,257.8299865722656,244.21066284179688,2796100
2024-06-27,258.1700134277344,244.53273010253906,2651000
2024-06-28,254.83999633789062,241.3786163330078,8958700
2024-07-01,249.99000549316406,236.7848358154297,3817600
2024-07-02,247.7899932861328,234.70103454589844,3944900
2024-07-03,250.0,236.79428100585938,2026100
2024-07-05,251.08999633789062,237.82672119140625,2814300
2024-07-08,247.85000610351562,234.7578582763672,3163900
2024-07-09,245.82000732421875,232.8350830078125,4927300
2024-07-10,250.49000549316406,237.2584228515625,4092700
2024-07-11,254.8000030517578,241.34075927734375,5546400
2024-07-12,253.89999389648438,240.48831176757812,4543000
2024-07-15,251.52999877929688,238.2434844970703,3393600
2024-07-16,257.2699890136719,243.68026733398438,4173000
2024-07-17,261.0,247.2132568359375,3711500
2024-07-18,259.5199890136719,245.81143188476562,3421800
2024-07-19,257.2799987792969,243.6897430419922,3470600
2024-07-22,259.5400085449219,245.83038330078125,2759500
2024-07-23,254.0500030517578,240.63040161132812,2653100
2024-07-24,253.3699951171875,239.9862823486328,5983300
2024-07-25,251.4600067138672,238.17718505859375,3323100
2024-07-26,252.0,238.68862915039062,4002900
2024-07-29,261.4200134277344,247.611083984375,9381000
2024-07-30,266.44000244140625,252.3658905029297,4936600
2024-07-31,265.3999938964844,251.38082885742188,4652100
2024-08-01,268.75,254.55389404296875,4936000
2024-08-02,276.69000244140625,262.074462890625,9585900
2024-08-05,268.45001220703125,254.2697296142578,6794900
2024-08-06,270.05999755859375,255.79464721679688,3369300
2024-08-07,269.3699951171875,255.14112854003906,3540000
2024-08-08,271.19000244140625,256.8650207519531,3227200
2024-08-09,267.9100036621094,253.75823974609375,2664900
2024-08-12,269.4599914550781,255.22634887695312,3008100
2024-08-13,270.30999755859375,256.031494140625,2603600
2024-08-14,271.1499938964844,256.82708740234375,2242100
2024-08-15,274.8699951171875,260.35064697265625,2445200
2024-08-16,278.489990234375,263.7793884277344,3286000
2024-08-19,287.54998779296875,272.3607482910156,5268800
2024-08-20,285.6300048828125,270.5422058105469,3697600
2024-08-21,289.7099914550781,274.40667724609375,2686300
2024-08-22,289.2099914550781,273.9330749511719,1746400
2024-08-23,289.5199890136719,274.2267761230469,2145900
2024-08-26,288.67999267578125,273.4311218261719,2018500
2024-08-27,289.6400146484375,274.3403625488281,2897600
2024-08-28,287.04998779296875,271.8871765136719,2603800
2024-08-29,287.8599853515625,272.6544189453125,1797100
2024-08-30,288.6600036621094,273.41217041015625,2528500
2024-09-03,285.5199890136719,272.0116882324219,2902800
2024-09-04,288.0299987792969,274.4029235839844,2558300
2024-09-05,287.9700012207031,274.3457946777344,2412500
2024-09-06,289.510009765625,275.81298828125,3863600
2024-09-09,291.2900085449219,277.5087890625,3208600
2024-09-10,291.2699890136719,277.4896545410156,2497100
2024-09-11,290.2300109863281,276.4989013671875,2747500
2024-09-12,292.3500061035156,278.5185852050781,2274200
2024-09-13,296.5299987792969,282.50079345703125,2205500
2024-09-16,296.69000244140625,282.65325927734375,2916200
2024-09-17,293.75,279.85235595703125,2997400
2024-09-18,292.0299987792969,278.2137451171875,1788200
2024-09-19,293.8500061035156,279.9476013183594,2271400
2024-09-20,296.8299865722656,282.78662109375,5817300
2024-09-23,299.05999755859375,284.9111022949219,2312400
2024-09-24,300.2699890136719,286.0638427734375,2408100
2024-09-25,300.4700012207031,286.25439453125,1986200
2024-09-26,303.6499938964844,289.2839660644531,1971100
2024-09-27,303.69000244140625,289.322021484375,3402800
2024-09-30,304.510009765625,290.103271484375,2286500
2024-10-01,302.9800109863281,288.6456604003906,3036200
2024-10-02,303.760009765625,289.3887634277344,2352400
2024-10-03,303.45001220703125,289.0934143066406,1802500
2024-10-04,303.760009765625,289.3887634277344,2432400
2024-10-07,300.8500061035156,286.6164245605469,2091800
2024-10-08,301.8999938964844,287.61676025390625,2038300
2024-10-09,303.8299865722656,289.4554138183594,1854100
2024-10-10,304.0400085449219,289.655517578125,1739500
2024-10-11,305.0400085449219,290.6082458496094,1775600
2024-10-14,309.8399963378906,295.18109130859375,2376300
2024-10-15,313.3399963378906,298.5155334472656,3067100
2024-10-16,312.9200134277344,298.1153564453125,1821300
2024-10-17,314.70001220703125,299.8111877441406,3095200
2024-10-18,316.55999755859375,301.5832214355469,2531200
2024-10-21,314.8900146484375,299.9921875,2404100
2024-10-22,314.69000244140625,299.8016357421875,5889100
2024-10-23,298.57000732421875,284.4443359375,18792000
2024-10-24,301.5799865722656,287.3118896484375,5522600
2024-10-25,292.6099853515625,278.7662353515625,8863200
2024-10-28,296.7900085449219,282.7485046386719,6656000
2024-10-29,295.0,281.043212890625,9048900
2024-10-30,291.5199890136719,277.72784423828125,4924000
2024-10-31,292.1099853515625,278.2898864746094,4277400
2024-11-01,295.2099914550781,281.2432861328125,4131800
2024-11-04,292.8500061035156,278.9949035644531,2583100
2024-11-05,297.32000732421875,283.2534484863281,3032100
2024-11-06,294.0,280.09051513671875,4646400
2024-11-07,294.6600036621094,280.71929931640625,3357400
2024-11-08,298.9700012207031,284.825439453125,3279100
2024-11-11,301.5299987792969,287.2642517089844,2872400
2024-11-12,298.6499938964844,284.52056884765625,2452900
2024-11-13,297.3500061035156,283.2820129394531,2327100
2024-11-14,298.55999755859375,284.43475341796875,1932600
2024-11-15,292.6300048828125,278.78533935546875,4039400
2024-11-18,291.1000061035156,277.3276672363281,2865000
2024-11-19,290.7300109863281,276.9751892089844,2353300
2024-11-20,290.9100036621094,277.146728515625,2524600
2024-11-21,288.4700012207031,274.8221740722656,4475700
2024-11-22,290.2799987792969,276.5465393066406,2879100
2024-11-25,296.19000244140625,282.1769104003906,5021800
2024-11-26,296.3299865722656,282.31024169921875,2254200
2024-11-27,295.0799865722656,281.1194152832031,2240300
2024-11-29,296.010009765625,282.00543212890625,1655900
2024-12-02,292.44000244140625,280.2802429199219,3149900
2024-12-03,294.5,282.2546081542969,3031000
2024-12-04,295.0899963378906,282.8200988769531,3742500
2024-12-05,299.4700012207031,287.0179748535156,2594800
2024-12-06,298.9800109863281,286.54833984375,4158700
2024-12-09,301.3699951171875,288.83892822265625,2391600
2024-12-10,300.7099914550781,288.2063903808594,3523000
2024-12-11,296.1000061035156,283.7880859375,3037600
2024-12-12,296.6300048828125,284.2960510253906,2040700
2024-12-13,296.6000061035156,284.2673034667969,2547600
2024-12-16,297.7099914550781,285.3311462402344,3179900
2024-12-17,296.0799865722656,283.7689208984375,3295800
2024-12-18,290.8800048828125,278.7851257324219,3800900
2024-12-19,290.2300109863281,278.16217041015625,3438500
2024-12-20,292.67999267578125,280.51031494140625,7678000
2024-12-23,291.2900085449219,279.1781311035156,2492200
2024-12-24,293.989990234375,281.76580810546875,1461000
2024-12-26,294.79998779296875,282.5421447753906,1433900
2024-12-27,293.6199951171875,281.4111633300781,1617200
2024-12-30,289.6000061035156,277.5583801269531,1936700
2024-12-31,289.8900146484375,277.8362731933594,1915600
2025-01-02,292.510009765625,280.34735107421875,3117000
2025-01-03,294.7799987792969,282.52294921875,2240100
2025-01-06,292.17999267578125,280.0310363769531,2838900
2025-01-07,289.3399963378906,277.3092041015625,3419500
2025-01-08,286.8999938964844,274.97064208984375,2724200
2025-01-10,282.30999755859375,270.5714416503906,3946000
2025-01-13,283.6300048828125,271.8365783691406,3394300
2025-01-14,281.5799865722656,269.871826171875,2238900
2025-01-15,282.29998779296875,270.5618896484375,2867800
2025-01-16,279.739990234375,268.1083068847656,3403700
2025-01-17,280.95001220703125,269.26806640625,3312800
2025-01-21,282.6099853515625,270.8590087890625,3858600
2025-01-22,281.3500061035156,269.6513977050781,3660600
2025-01-23,284.42999267578125,272.60333251953125,2279400
2025-01-24,285.4599914550781,273.59051513671875,2523000
2025-01-27,293.0899963378906,280.9032287597656,4343000
2025-01-28,291.1499938964844,279.0439147949219,3180100
2025-01-29,290.1099853515625,278.0471496582031,2358300
2025-01-30,290.32000732421875,278.2484436035156,2125200
2025-01-31,288.70001220703125,276.69580078125,2556500
2025-02-03,290.04998779296875,277.9896545410156,3048800
2025-02-04,289.7699890136719,277.7212829589844,2976900
2025-02-05,288.8299865722656,276.8203430175781,2362900
2025-02-06,294.3599853515625,282.12042236328125,3590000
2025-02-07,294.29998779296875,282.0629577636719,2858000
2025-02-10,308.4200134277344,295.5958251953125,8052000
2025-02-11,310.2099914550781,297.31134033203125,4180400
2025-02-12,307.6000061035156,294.8099365234375,3110200
2025-02-13,310.0199890136719,297.1292724609375,3096800
2025-02-14,308.54998779296875,295.7203674316406,2674400
2025-02-18,304.8299865722656,292.1550598144531,3367800
2025-02-19,301.94000244140625,289.3852844238281,2990700
2025-02-20,303.04998779296875,290.4490966796875,3020000
2025-02-21,304.80999755859375,292.1358642578125,3036700
2025-02-24,307.57000732421875,294.7811279296875,3397600
2025-02-25,310.7200012207031,297.8002014160156,3891600
2025-02-26,304.2699890136719,291.6183776855469,4140900
2025-02-27,309.95001220703125,297.06219482421875,3350400
2025-02-28,308.3299865722656,295.5095520019531,4972900
2025-03-03,304.2900085449219,293.3214111328125,4371300
2025-03-04,305.7699890136719,294.748046875,3954500
2025-03-05,307.45001220703125,296.36749267578125,2327500
2025-03-06,310.3699951171875,299.18218994140625,2954900
2025-03-07,321.2900085449219,309.7086181640625,7607600
2025-03-10,317.25,305.8142395019531,4707600
2025-03-11,306.760009765625,295.70233154296875,4513100
2025-03-12,299.3999938964844,288.60760498046875,4546200
2025-03-13,297.5,286.776123046875,4178600
2025-03-14,299.8299865722656,289.0220947265625,2696800
2025-03-17,303.9700012207031,293.0129089355469,2758400
2025-03-18,303.6000061035156,292.6562805175781,2435400
2025-03-19,306.9200134277344,295.85662841796875,2812200
2025-03-20,307.0,295.93365478515625,2723500
2025-03-21,305.44000244140625,294.429931640625,6016100
2025-03-24,305.6700134277344,294.6516418457031,3443400
2025-03-25,306.9200134277344,295.85662841796875,2657100
2025-03-26,313.5799865722656,302.2764587402344,2624400
2025-03-27,312.69000244140625,301.4186096191406,3119500
2025-03-28,307.0899963378906,296.02044677734375,3211600
2025-03-31,312.3699951171875,301.110107421875,4418800
2025-04-01,313.6300048828125,302.3246765136719,2411200
2025-04-02,311.5799865722656,300.34857177734375,2776800
2025-04-03,318.2699890136719,306.79742431640625,7023900
2025-04-04,300.1099853515625,289.2920227050781,8831100
2025-04-07,299.8900146484375,289.0799865722656,7725900
2025-04-08,299.8299865722656,289.0220947265625,5562500
2025-04-09,303.9599914550781,293.0032653808594,8265700
2025-04-10,306.7799987792969,295.72161865234375,6049500
2025-04-11,309.8999938964844,298.7291564941406,4439900
2025-04-14,316.07000732421875,304.6767272949219,4068300
2025-04-15,312.4800109863281,301.2161865234375,2901200
2025-04-16,309.1000061035156,297.9579772949219,3098900
2025-04-17,311.29998779296875,300.0786437988281,2728500
2025-04-21,308.7200012207031,297.5916748046875,2669900
2025-04-22,319.0799865722656,307.5782470703125,4200700
2025-04-23,318.4800109863281,306.9998474121094,3210100
2025-04-24,316.2200012207031,304.82135009765625,2479500
2025-04-25,316.739990234375,305.32257080078125,2282900
2025-04-28,316.80999755859375,305.39007568359375,2578300
2025-04-29,314.5,303.1633605957031,3164500
2025-04-30,319.6499938964844,308.1277160644531,5564600
2025-05-01,313.6400146484375,302.3343200683594,5186900
2025-05-02,311.9599914550781,300.71490478515625,3994600
2025-05-05,315.7200012207031,304.33935546875,3534100
2025-05-06,316.7900085449219,305.3708190917969,2691700
2025-05-07,318.1300048828125,306.6625061035156,2725900
2025-05-08,313.489990234375,302.18975830078125,2131500
2025-05-09,313.67999267578125,302.37286376953125,1917800
2025-05-12,311.9200134277344,300.6763610839844,4137900
2025-05-13,308.69000244140625,297.5627746582031,3018600
2025-05-14,307.5,296.4156799316406,2656600
2025-05-15,314.4800109863281,303.1440734863281,2928500
2025-05-16,318.6099853515625,307.12518310546875,2636900
2025-05-19,321.2300109863281,309.6507263183594,2748600
2025-05-20,319.79998779296875,308.2722473144531,2035000
2025-05-21,316.44000244140625,305.03338623046875,2386700
2025-05-22,314.30999755859375,302.9801940917969,2642000
2025-05-23,314.57000732421875,303.2308654785156,2701500
2025-05-27,314.95001220703125,303.5971374511719,2526700
2025-05-28,312.8399963378906,301.5631408691406,1935600
2025-05-29,311.8599853515625,300.6184997558594,2248800
2025-05-30,313.8500061035156,302.53680419921875,4062900
2025-06-02,312.67999267578125,303.1184387207031,2577000
2025-06-03,312.3900146484375,302.8373107910156,3028100
2025-06-04,311.57000732421875,302.0423583984375,2069500
2025-06-05,308.9800109863281,299.53155517578125,3813500
2025-06-06,307.3599853515625,297.9610595703125,2622800
2025-06-09,304.7799987792969,295.46002197265625,4059800
2025-06-10,300.42999267578125,291.2430114746094,4698700
2025-06-11,301.7200012207031,292.49359130859375,3312100
2025-06-12,303.1600036621094,293.8895263671875,2584700
2025-06-13,301.9100036621094,292.6777648925781,2435500
2025-06-16,296.2900085449219,287.2295837402344,4045700
2025-06-17,292.30999755859375,283.371337890625,3379000
2025-06-18,289.6300048828125,280.7732849121094,4008700
2025-06-20,287.4599914550781,278.66961669921875,7085000
2025-06-23,289.5199890136719,280.6666259765625,5172500
2025-06-24,291.4700012207031,282.5570373535156,4461200
2025-06-25,285.54998779296875,276.8179931640625,4259800
2025-06-26,285.6300048828125,276.8955993652344,5354900
2025-06-27,291.54998779296875,282.634521484375,7422200
2025-06-30,292.1700134277344,283.235595703125,5054800
2025-07-01,297.489990234375,288.3929138183594,5121900
2025-07-02,294.6300048828125,285.620361328125,4021500
2025-07-03,294.0799865722656,285.0871887207031,1678600
2025-07-07,293.5299987792969,284.55401611328125,3404300
2025-07-08,291.6700134277344,282.7508850097656,3123600
2025-07-09,293.0199890136719,284.0596008300781,3265800
2025-07-10,298.3900146484375,289.2654113769531,5366800
2025-07-11,299.9100036621094,290.7389221191406,4524100
2025-07-14,301.8800048828125,292.648681640625,5707500
2025-07-15,299.6199951171875,290.457763671875,2937600
2025-07-16,298.8999938964844,289.759765625,2804700
2025-07-17,300.3699951171875,291.1848449707031,3134300
2025-07-18,297.07000732421875,287.9857482910156,3481300
2025-07-21,295.739990234375,286.6964416503906,3037500
2025-07-22,299.1700134277344,290.02154541015625,2672000
2025-07-23,298.1199951171875,289.0036315917969,2467600
2025-07-24,294.4800109863281,285.4750061035156,4426000
2025-07-25,298.4700012207031,289.34295654296875,3401000
2025-07-28,299.2200012207031,290.0700378417969,3070500
2025-07-29,302.6700134277344,293.41455078125,3147700
2025-07-30,303.6099853515625,294.3257751464844,2805900
2025-07-31,300.07000732421875,290.89398193359375,3639600
2025-08-01,302.8900146484375,293.6278076171875,3344800
2025-08-04,304.2300109863281,294.92681884765625,4734500
2025-08-05,298.7699890136719,289.6337585449219,4222900
2025-08-06,307.6600036621094,298.2519226074219,6474300
2025-08-07,307.9100036621094,298.4942626953125,3603300
2025-08-08,305.45001220703125,296.1095275878906,2622000
2025-08-11,304.3599853515625,295.05279541015625,2649000
2025-08-12,301.6400146484375,292.4160461425781,3438300
2025-08-13,305.07000732421875,295.7411193847656,2999100
2025-08-14,308.95001220703125,299.50250244140625,4699400
2025-08-15,308.92999267578125,299.4830322265625,3416600
2025-08-18,308.70001220703125,299.2601013183594,3272600
2025-08-19,310.92999267578125,301.421875,2893600
2025-08-20,313.0799865722656,303.50616455078125,3879900
2025-08-21,313.2200012207031,303.6419372558594,2282200
2025-08-22,314.07000732421875,304.4659423828125,2796700
2025-08-25,313.44000244140625,303.8551940917969,2944300
2025-08-26,312.94000244140625,303.3704833984375,2807600
2025-08-27,311.42999267578125,301.9065856933594,3234400
2025-08-28,312.2200012207031,302.6724853515625,3471700
2025-08-29,313.5400085449219,303.9521179199219,2492500
2025-09-02,315.760009765625,307.8420715332031,3228700
2025-09-03,316.3900146484375,308.456298828125,3219500
2025-09-04,316.989990234375,309.04119873046875,2881300
2025-09-05,314.3800048828125,306.49664306640625,2533100
2025-09-08,312.79998779296875,304.9562683105469,2873600
2025-09-09,312.5199890136719,304.6833190917969,2310800
2025-09-10,305.94000244140625,298.268310546875,3479500
2025-09-11,308.42999267578125,300.69586181640625,2761500
2025-09-12,305.3999938964844,297.7418518066406,2072600
2025-09-15,302.07000732421875,294.4953308105469,3584500
2025-09-16,303.2900085449219,295.68475341796875,3578500
2025-09-17,304.9700012207031,297.3226013183594,2681600
2025-09-18,301.1400146484375,293.5887145996094,4654100
2025-09-19,302.3800048828125,294.797607421875,5696900
2025-09-22,302.989990234375,295.3923034667969,3657900
2025-09-23,303.19000244140625,295.5872802734375,2976900
2025-09-24,304.3299865722656,296.69866943359375,2427300
2025-09-25,302.29998779296875,294.71954345703125,2558400
2025-09-26,305.239990234375,297.5858459472656,2284700
2025-09-29,302.989990234375,295.3923034667969,3073800
2025-09-30,303.8900146484375,296.2697448730469,2640100
2025-10-01,300.5199890136719,292.98419189453125,3055300
2025-10-02,299.8800048828125,292.36029052734375,2690400
2025-10-03,300.9800109863281,293.4327087402344,2599100
2025-10-06,296.0400085449219,288.6165771484375,3814200
2025-10-07,296.32000732421875,288.8895568847656,2515700
2025-10-08,294.3999938964844,287.0176696777344,2464600
2025-10-09,293.80999755859375,286.4425048828125,2802700
2025-10-10,297.010009765625,289.5622253417969,4016200
2025-10-13,300.1099853515625,292.5845031738281,3369300
2025-10-14,304.55999755859375,296.92291259765625,2992800
2025-10-15,305.25,297.5956115722656,2522100
2025-10-16,305.3299865722656,297.673583984375,2021600
2025-10-17,308.0899963378906,300.3643798828125,2194200
2025-10-20,307.7699890136719,300.05242919921875,2329600
2025-10-21,307.4800109863281,299.7696838378906,2461100
2025-10-22,310.1099853515625,302.333740234375,2735700
2025-10-23,306.9700012207031,299.2724609375,2081500
2025-10-24,305.7900085449219,298.1221008300781,1994500
2025-10-27,310.0,302.22650146484375,2139700
2025-10-28,306.3999938964844,298.7167663574219,2336500
2025-10-29,302.3500061035156,294.7683410644531,2502300
2025-10-30,302.42999267578125,294.8463134765625,3128400
2025-10-31,298.42999267578125,290.9466247558594,3582700
2025-11-03,296.3699951171875,288.93829345703125,3899300
2025-11-04,299.2099914550781,291.70709228515625,4151300
2025-11-05,305.6700134277344,298.0050964355469,6070300
2025-11-06,298.4100036621094,290.9271240234375,3544900
2025-11-07,299.6600036621094,292.1457824707031,3250100
2025-11-10,299.1000061035156,291.599853515625,3824300
2025-11-11,306.8299865722656,299.135986328125,2755800
2025-11-12,306.94000244140625,299.2432556152344,2818600
2025-11-13,307.5799865722656,299.8671569824219,2294300
2025-11-14,307.0299987792969,299.3309326171875,3112500
2025-11-17,304.8999938964844,297.25439453125,2435700
2025-11-18,304.5899963378906,296.9521789550781,2773800
2025-11-19,302.739990234375,295.1485290527344,2008300
2025-11-20,304.1600036621094,296.532958984375,4205100
2025-11-21,309.3500061035156,301.59283447265625,3348900
2025-11-24,304.8999938964844,297.25439453125,3687300
2025-11-25,310.45001220703125,302.6652526855469,4189600
2025-11-26,312.3999938964844,304.5663146972656,2786600
2025-11-28,311.82000732421875,304.0008544921875,1850700
2025-12-01,303.57000732421875,297.73370361328125,3354100
2025-12-02,300.7200012207031,294.93853759765625,3947800
2025-12-03,307.7099914550781,301.79412841796875,4986900
2025-12-04,308.5400085449219,302.608154296875,4632200
2025-12-05,311.2300109863281,305.2464599609375,3147200
2025-12-08,309.7900085449219,303.83416748046875,3575000
2025-12-09,310.7900085449219,304.81494140625,2355100
2025-12-10,310.5299987792969,304.55987548828125,4103900
2025-12-11,309.7099914550781,303.7556457519531,4844000
2025-12-12,316.7200012207031,310.6308898925781,3771900
2025-12-15,318.7300109863281,312.602294921875,3814900
2025-12-16,314.5,308.4535827636719,2972300
2025-12-17,318.69000244140625,312.56304931640625,3328600
2025-12-18,319.6499938964844,313.50457763671875,3335200
2025-12-19,315.8399963378906,309.767822265625,7128600
2025-12-22,316.2200012207031,310.1405029296875,2514600
2025-12-23,310.8399963378906,304.86395263671875,2922800
2025-12-24,313.3299865722656,307.3060607910156,1011500
2025-12-26,310.67999267578125,304.70703125,1308900
2025-12-29,308.5299987792969,302.59832763671875,2148300
2025-12-30,308.0299987792969,302.1079406738281,1678300
2025-12-31,305.6300048828125,299.75408935546875,1903600
2026-01-02,303.260009765625,297.4296875,3124300
2026-01-05,299.8599853515625,294.09503173828125,4573300
2026-01-06,302.7699890136719,296.9490966796875,3769100
2026-01-07,304.1600036621094,298.3123779296875,4100200
2026-01-08,308.8800048828125,302.941650390625,3268300
2026-01-09,307.32000732421875,301.4116516113281,2972000
2026-01-12,306.75,300.8525695800781,3206600
2026-01-13,309.44000244140625,303.4908752441406,2967900
2026-01-14,308.1300048828125,302.2060546875,2949000
2026-01-15,308.6199951171875,302.6866455078125,3189200
2026-01-16,307.42999267578125,301.5195007324219,2590600
2026-01-20,302.8399963378906,297.01776123046875,3018000
2026-01-21,305.69000244140625,299.8129577636719,3630900
2026-01-22,306.0299987792969,300.1463928222656,2809400
2026-01-23,309.25,303.30450439453125,2350200
2026-01-26,312.95001220703125,306.93341064453125,3385000
2026-01-27,314.1300048828125,308.0906982421875,2506600
2026-01-28,312.79998779296875,306.7862548828125,2184500
2026-01-29,315.510009765625,309.4441833496094,3211300
2026-01-30,315.0,308.9439697265625,2983200
2026-02-02,318.5299987792969,312.4061279296875,3309800
2026-02-03,319.4800109863281,313.3378601074219,4043400
2026-02-04,323.69000244140625,317.4669189453125,4805900
2026-02-05,323.4800109863281,317.2609558105469,3936800
2026-02-06,327.1600036621094,320.8702087402344,2831900
2026-02-09,325.6000061035156,319.3402099609375,2673900
2026-02-10,325.9700012207031,319.70306396484375,3502900
2026-02-11,323.2099914550781,316.9961242675781,4553200
2026-02-12,332.0799865722656,325.695556640625,6499700
2026-02-13,327.5799865722656,321.2821044921875,3587900
2026-02-17,327.6199951171875,321.3213195800781,3367200
2026-02-18,327.8900146484375,321.586181640625,3661800
2026-02-19,327.1099853515625,320.8211364746094,4032300
2026-02-20,329.2300109863281,322.900390625,3862700
2026-02-23,334.55999755859375,328.1279296875,3806200
2026-02-24,333.04998779296875,326.6469421386719,2756900
2026-02-25,333.010009765625,326.60772705078125,2812500
2026-02-26,334.5299987792969,328.0984802246094,2425900
2026-02-27,341.05999755859375,334.5029602050781,4269100
2026-03-02,334.82000732421875,328.3829345703125,4555400
2026-03-03,332.1700134277344,327.6037902832031,2901100
2026-03-04,331.739990234375,327.1796569824219,2455900
2026-03-05,327.45001220703125,322.94866943359375,4321400
2026-03-06,328.05999755859375,323.5502624511719,3341200
2026-03-09,330.79998779296875,326.2525939941406,3407500
2026-03-10,327.94000244140625,323.4319152832031,2391400
2026-03-11,325.2099914550781,320.73944091796875,2200500
2026-03-12,323.9100036621094,319.45733642578125,2639600
2026-03-13,326.4599914550781,321.9722595214844,2449800
2026-03-16,326.6499938964844,322.1596374511719,2584300
2026-03-17,326.29998779296875,321.814453125,2437800
2026-03-18,315.7300109863281,311.3898010253906,3038400
2026-03-19,309.5799865722656,305.3243103027344,3362300
2026-03-20,308.8500061035156,304.6043701171875,6436600
2026-03-23,308.4700012207031,304.2295837402344,3003200
2026-03-24,307.8399963378906,303.6082458496094,2954900
2026-03-25,311.70001220703125,307.4151916503906,3714000
2026-03-26,308.92999267578125,304.6832580566406,3025700
2026-03-27,305.8999938964844,301.69488525390625,3137200
2026-03-30,308.5299987792969,304.28875732421875,3569600
2026-03-31,310.7900085449219,306.5176696777344,3021300
2026-04-01,307.2900085449219,303.0657958984375,3887300
2026-04-02,307.1400146484375,302.9178466796875,2649100
2026-04-06,309.760009765625,305.5018615722656,1816000
2026-04-07,304.8500061035156,300.6593322753906,2033700
2026-04-08,307.010009765625,302.7896728515625,4155100
2026-04-09,309.54998779296875,305.2947082519531,2484700
2026-04-10,305.67999267578125,301.4779052734375,2708600
2026-04-13,304.510009765625,300.32403564453125,2872100
2026-04-14,303.2200012207031,299.0517578125,3150100
2026-04-15,306.260009765625,302.0499572753906,2976500
2026-04-16,306.9599914550781,302.7403259277344,2334400
2026-04-17,311.3599853515625,307.079833984375,3225500
2026-04-20,306.94000244140625,302.7206115722656,2395200
2026-04-21,301.8399963378906,297.6907043457031,2708100
2026-04-22,300.07000732421875,295.945068359375,2845600
2026-04-23,302.5299987792969,298.3712463378906,3064300
2026-04-24,299.3599853515625,295.24481201171875,3847800
2026-04-27,290.2099914550781,286.2205810546875,4985000
2026-04-28,292.3900146484375,288.3706359863281,4087100
2026-04-29,290.0799865722656,286.0923767089844,3493000
2026-04-30,293.5899963378906,289.5541076660156,4137700
2026-05-01,286.6400146484375,282.6996765136719,3761800
2026-05-04,284.1000061035156,280.194580078125,3750500
2026-05-05,285.1700134277344,281.2498779296875,4007100
2026-05-06,284.1000061035156,280.194580078125,4807900
2026-05-07,283.70001220703125,279.8000793457031,6613800
2026-05-08,275.75,271.9593505859375,6044100
2026-05-11,274.6000061035156,270.8251953125,5849000
2026-05-12,274.8399963378906,271.0618591308594,4366600
2026-05-13,275.70001220703125,271.9100646972656,3451000
2026-05-14,274.9700012207031,271.1900634765625,3428200
2026-05-15,276.3900146484375,272.590576171875,3866400
2026-05-18,282.4700012207031,278.5870056152344,3969300
2026-05-19,280.79998779296875,276.93994140625,4087500
2026-05-20,280.2699890136719,276.417236328125,4056900
2026-05-21,284.17999267578125,280.2734680175781,5116300
2026-05-22,282.2699890136719,278.38970947265625,3056200
2026-05-26,279.260009765625,275.4211120605469,4227400
2026-05-27,280.9200134277344,277.05828857421875,3808100
2026-05-28,277.9700012207031,274.14886474609375,4115700
2026-05-29,279.20001220703125,275.3619384765625,4901300
2026-06-01,276.1099853515625,272.3144226074219,4594600
2026-06-02,276.3599853515625,274.4095153808594,4211600
2026-06-03,273.2900085449219,271.3612060546875,5011100
2026-06-04,272.7200012207031,270.79522705078125,3541600
2026-06-05,279.8399963378906,277.8649597167969,5428100
2026-06-08,277.7799987792969,275.8194885253906,3842300
2026-06-09,282.25,280.2579650878906,5431700
2026-06-10,282.5199890136719,280.5260314941406,4152700
2026-06-11,284.7699890136719,282.7601623535156,4565400
2026-06-12,284.80999755859375,282.7998962402344,4028800
2026-06-15,286.1199951171875,284.10064697265625,4388500
2026-06-16,287.92999267578125,285.8978576660156,3874300
2026-06-17,283.82000732421875,281.81689453125,3591000
2026-06-18,278.6099853515625,276.6436462402344,8106400
2026-06-22,270.1000061035156,268.1937255859375,4891100
2026-06-23,271.6600036621094,269.7427062988281,3783500
2026-06-24,273.8800048828125,271.947021484375,4698700
2026-06-25,264.5400085449219,262.6729431152344,6192700
2026-06-26,269.760009765625,267.8561096191406,7422800
2026-06-29,267.17999267578125,265.2943115234375,4522000
2026-06-30,270.30999755859375,268.4022216796875,4752600
2026-07-01,269.42999267578125,267.5284423828125,3902100
2026-07-02,280.6300048828125,278.6493835449219,6871800
2026-07-06,279.5,277.5273742675781,6744000
2026-07-07,282.2099914550781,280.2182312011719,3688500
2026-07-08,278.25,276.28619384765625,4735900
2026-07-09,276.489990234375,274.5386047363281,3605400
2026-07-10,274.6000061035156,272.6619567871094,2980800
2026-07-13,272.6099853515625,270.68597412109375,4169600
2026-07-14,268.94000244140625,267.0419006347656,3834500
2026-07-15,264.95001220703125,263.080078125,6050900
2026-07-16,273.4599914550781,271.5299987792969,4812000
2026-07-17,267.7099914550781,265.820556640625,3782000
2026-07-20,267.6400146484375,265.7510986328125,3693400
2026-07-21,263.9100036621094,262.0473937988281,3539500
2026-07-22,263.57000732421875,261.7098083496094,4524400
2026-07-23,262.79998779296875,260.9452209472656,5105700
2026-07-24,264.760009765625,262.89141845703125,3703500
2026-07-27,270.6700134277344,268.75970458984375,4874400
2026-07-28,273.0199890136719,271.09307861328125,5261500
2026-07-29,271.5199890136719,269.6036682128906,3650700
2026-07-30,268.44000244140625,266.5454406738281,4040200
2026-07-31,270.6400146484375,268.72991943359375,4965200
2026-08-03,265.2300109863281,263.35809326171875,7440500
2026-08-04,268.3399963378906,266.4461364746094,7486000
2026-08-05,274.0,272.0661926269531,4775300
2026-08-06,276.260009765625,274.31024169921875,4214900
2026-08-07,274.4800109863281,272.5428161621094,4909700
2026-08-10,273.7200012207031,271.78814697265625,4742100
2026-08-11,274.1499938964844,272.2151184082031,3030600
2026-08-12,275.70001220703125,273.75421142578125,4351700
2026-08-13,272.25,270.3285217285156,4023300
2026-08-14,272.8299865722656,270.9044189453125,2735400
2026-08-17,265.5299987792969,263.6559753417969,4911800
2026-08-18,266.989990234375,265.10565185546875,3089200
2026-08-19,267.45001220703125,265.5624084472656,5351600
2026-08-20,269.1300048828125,267.2305603027344,3526300
2026-08-21,270.95001220703125,269.0377197265625,3776000
2026-08-24,272.5400085449219,270.6164855957031,4115900
2026-08-25,268.1000061035156,266.20782470703125,3192700
2026-08-26,266.92999267578125,265.04608154296875,4182300
2026-08-27,260.05999755859375,258.2245788574219,5980400
2026-08-28,265.0,263.12969970703125,3887300
2026-08-31,263.5400085449219,261.6800231933594,5244100
2026-09-01,261.1099853515625,261.1099853515625,3701000
2026-09-02,260.95001220703125,260.95001220703125,5106800
2026-09-03,259.6300048828125,259.6300048828125,4576000
2026-09-04,255.69000244140625,255.69000244140625,4225500
2026-09-08,255.80999755859375,255.80999755859375,4197600
2026-09-09,253.47999572753906,253.47999572753906,4434000
2026-09-10,253.0500030517578,253.0500030517578,4345400
2026-09-11,252.52999877929688,252.52999877929688,4096800
2026-09-14,257.489990234375,257.489990234375,4165000
2026-09-15,252.77999877929688,252.77999877929688,4783500
2026-09-16,248.55999755859375,248.55999755859375,7134200
2026-09-17,248.47999572753906,248.47999572753906,4941900
2026-09-18,248.24000549316406,248.24000549316406,9577400
2026-09-21,247.8800048828125,247.8800048828125,6334600
2026-09-22,250.35000610351562,250.35000610351562,5016800
2026-09-23,238.32000732421875,238.32000732421875,16605700
2026-09-24,237.02000427246094,237.02000427246094,7387500
