Date,close,adjclose,volume
2014-12-01,75.0999984741211,74.38753509521484,31789900
2014-12-02,75.45999908447266,74.74412536621094,16773900
2014-12-03,74.87999725341797,74.16962432861328,16689900
2014-12-04,75.23999786376953,74.52621459960938,14362800
2014-12-05,76.36000061035156,75.63558959960938,24306400
2014-12-08,76.5199966430664,75.7940673828125,25733900
2014-12-09,76.83999633789062,76.11102294921875,25358600
2014-12-10,76.18000030517578,75.45729064941406,32210500
2014-12-11,77.7300033569336,76.99259185791016,33462100
2014-12-12,77.83000183105469,77.09163665771484,28091600
2014-12-15,76.98999786376953,76.25959014892578,29396500
2014-12-16,74.69000244140625,73.98143768310547,31554600
2014-12-17,76.11000061035156,75.3879623413086,29203900
2014-12-18,78.4000015258789,77.6562271118164,34222100
2014-12-19,79.87999725341797,79.12218475341797,43335000
2014-12-22,81.44999694824219,80.67729949951172,31395800
2014-12-23,80.61000061035156,79.84527587890625,19865800
2014-12-24,80.7699966430664,80.00375366210938,7685500
2014-12-26,80.77999877929688,80.01366424560547,10647400
2014-12-29,80.0199966430664,79.26085662841797,14134700
2014-12-30,79.22000122070312,78.46846008300781,14370800
2014-12-31,78.0199966430664,77.27983856201172,19935400
2015-01-02,78.44999694824219,77.70575714111328,18177500
2015-01-05,77.19000244140625,76.45771026611328,26452200
2015-01-06,76.1500015258789,75.42758178710938,27399300
2015-01-07,76.1500015258789,75.42758178710938,22045300
2015-01-08,78.18000030517578,77.43831634521484,23961000
2015-01-09,77.73999786376953,77.00247955322266,21157000
2015-01-12,76.72000122070312,75.99217224121094,19190200
2015-01-13,76.44999694824219,75.72471618652344,25179600
2015-01-14,76.27999877929688,75.55635833740234,25918600
2015-01-15,74.05000305175781,73.34750366210938,34134000
2015-01-16,75.18000030517578,74.46676635742188,21791500
2015-01-20,76.23999786376953,75.5167236328125,22821600
2015-01-21,76.73999786376953,76.01197052001953,25096700
2015-01-22,77.6500015258789,76.9133529663086,19519500
2015-01-23,77.83000183105469,77.09163665771484,16746500
2015-01-26,77.5,76.7647705078125,19260800
2015-01-27,75.77999877929688,75.06108856201172,20110000
2015-01-28,76.23999786376953,75.5167236328125,53306400
2015-01-29,78.0,77.26002502441406,61293500
2015-01-30,75.91000366210938,75.18985748291016,42649500
2015-02-02,74.98999786376953,74.27857971191406,41955300
2015-02-03,75.4000015258789,74.68470001220703,26957700
2015-02-04,75.62999725341797,74.91250610351562,20277400
2015-02-05,75.61000061035156,74.89270782470703,15062600
2015-02-06,74.47000122070312,73.76351165771484,21211000
2015-02-09,74.44000244140625,73.73380279541016,16194300
2015-02-10,75.19000244140625,74.47667694091797,15811300
2015-02-11,76.51000213623047,75.7841567993164,20877400
2015-02-12,76.2300033569336,75.50682067871094,17235000
2015-02-13,75.73999786376953,75.02146911621094,18621900
2015-02-17,75.5999984741211,74.8828125,25254400
2015-02-18,76.70999908447266,75.98226165771484,22426400
2015-02-19,79.41999816894531,78.66654968261719,45851200
2015-02-20,79.9000015258789,79.14199829101562,36931700
2015-02-23,78.83999633789062,78.092041015625,24139100
2015-02-24,78.44999694824219,77.70575714111328,18897100
2015-02-25,79.55999755859375,78.80522155761719,25593800
2015-02-26,80.41000366210938,79.64717102050781,31111900
2015-02-27,78.97000122070312,78.22083282470703,30739200
2015-03-02,79.75,78.99342346191406,21662500
2015-03-03,79.5999984741211,78.84483337402344,18635000
2015-03-04,80.9000015258789,80.13251495361328,28126700
2015-03-05,81.20999908447266,80.43956756591797,27825700
2015-03-06,80.01000213623047,79.25094604492188,24488600
2015-03-09,79.44000244140625,78.68636322021484,18925100
2015-03-10,77.55000305175781,76.81430053710938,23067100
2015-03-11,77.56999969482422,76.83409118652344,20215700
2015-03-12,78.93000030517578,78.18120574951172,16093300
2015-03-13,78.05000305175781,77.3095703125,18557300
2015-03-16,78.06999969482422,77.32935333251953,19305400
2015-03-17,79.36000061035156,78.60713195800781,22170000
2015-03-18,80.91000366210938,80.14242553710938,36912400
2015-03-19,82.75,81.96495819091797,42099500
2015-03-20,83.80000305175781,83.00501251220703,44466300
2015-03-23,84.43000030517578,83.6290283203125,27357300
2015-03-24,85.30999755859375,84.50067901611328,32576500
2015-03-25,82.91999816894531,82.13334655761719,37436100
2015-03-26,83.01000213623047,82.22250366210938,32794800
2015-03-27,83.30000305175781,82.50975799560547,18372600
2015-03-30,83.19999694824219,82.41070556640625,24527700
2015-03-31,82.22000122070312,81.43998718261719,19734300
2015-04-01,81.66999816894531,80.89521026611328,22058200
2015-04-02,81.55999755859375,80.78626251220703,19664100
2015-04-06,82.44000244140625,81.65792083740234,19062900
2015-04-07,82.31999969482422,81.53904724121094,17467000
2015-04-08,82.27999877929688,81.49943542480469,18966700
2015-04-09,82.16999816894531,81.39046478271484,15927300
2015-04-10,82.04000091552734,81.26170349121094,12529700
2015-04-13,83.01000213623047,82.22250366210938,26883100
2015-04-14,83.5199966430664,82.72765350341797,19634200
2015-04-15,82.70999908447266,81.92533874511719,22390900
2015-04-16,82.30999755859375,81.52913665771484,13769700
2015-04-17,80.77999877929688,80.01366424560547,24215000
2015-04-20,83.08999633789062,82.30172729492188,28796800
2015-04-21,83.62000274658203,82.82670593261719,27171900
2015-04-22,84.62999725341797,83.82713317871094,45548000
2015-04-23,82.41000366210938,81.62818145751953,73728100
2015-04-24,81.52999877929688,80.75655364990234,29660400
2015-04-27,81.91000366210938,81.1329345703125,25446000
2015-04-28,80.68000030517578,79.91461181640625,23775300
2015-04-29,80.47000122070312,79.70660400390625,26430300
2015-04-30,78.7699966430664,78.02272033691406,28999000
2015-05-01,78.98999786376953,78.24064636230469,24136400
2015-05-04,78.80999755859375,78.06233978271484,14692000
2015-05-05,77.55999755859375,76.82418823242188,22311300
2015-05-06,78.0999984741211,77.35907745361328,28663000
2015-05-07,78.43000030517578,77.68594360351562,19749400
2015-05-08,78.51000213623047,77.76518249511719,19943600
2015-05-11,78.01000213623047,77.26993560791016,18874100
2015-05-12,77.45999908447266,76.72515106201172,21285300
2015-05-13,78.44000244140625,77.69586181640625,21512300
2015-05-14,81.37000274658203,80.59806060791016,49438000
2015-05-15,80.41999816894531,79.6570816040039,27069900
2015-05-18,80.87999725341797,80.11270141601562,21613700
2015-05-19,80.62999725341797,79.86508178710938,17955400
2015-05-20,80.55000305175781,79.78583526611328,23056900
2015-05-21,80.4800033569336,79.71650695800781,13402700
2015-05-22,80.54000091552734,79.77592468261719,19567900
2015-05-26,79.33000183105469,78.57740783691406,16321300
2015-05-27,80.55000305175781,79.78583526611328,14160900
2015-05-28,80.1500015258789,79.38961791992188,11982000
2015-05-29,79.19000244140625,78.43872833251953,16134600
2015-06-01,80.29000091552734,79.52831268310547,18119000
2015-06-02,80.44000244140625,79.67689514160156,18923300
2015-06-03,82.44000244140625,81.65792083740234,31775000
2015-06-04,82.05000305175781,81.27159881591797,20863900
2015-06-05,82.13999938964844,81.36074829101562,16143100
2015-06-08,80.66999816894531,79.90470123291016,16915500
2015-06-09,80.66999816894531,79.90470123291016,16497500
2015-06-10,82.16000366210938,81.38056182861328,21531200
2015-06-11,81.83000183105469,81.0536880493164,18656800
2015-06-12,81.52999877929688,80.75655364990234,11417900
2015-06-15,80.70999908447266,79.94432067871094,18805100
2015-06-16,81.05999755859375,80.29100036621094,13693700
2015-06-17,81.79000091552734,81.01407623291016,18350300
2015-06-18,82.91000366210938,82.1234359741211,26782600
2015-06-19,82.51000213623047,81.72724151611328,23353200
2015-06-22,84.73999786376953,83.93608093261719,29383100
2015-06-23,87.87999725341797,87.04629516601562,50667900
2015-06-24,88.86000061035156,88.01701354980469,41370200
2015-06-25,87.9800033569336,87.14535522460938,27302000
2015-06-26,88.01000213623047,87.17505645751953,38214600
2015-06-29,85.80000305175781,84.98604583740234,35957900
2015-06-30,85.7699966430664,84.95630645751953,23016500
2015-07-01,86.91000366210938,86.08550262451172,25260000
2015-07-02,87.29000091552734,86.4619140625,16908800
2015-07-06,87.55000305175781,86.71942138671875,24635900
2015-07-07,87.22000122070312,86.3925552368164,33059900
2015-07-08,85.6500015258789,84.83745574951172,24399300
2015-07-09,85.87999725341797,85.06526947021484,23307400
2015-07-10,87.94999694824219,87.11563110351562,23245900
2015-07-13,90.0999984741211,89.24523162841797,29976700
2015-07-14,89.68000030517578,88.82921600341797,26627800
2015-07-15,89.76000213623047,88.908447265625,30886600
2015-07-16,90.8499984741211,89.98812866210938,21804100
2015-07-17,94.97000122070312,94.06903076171875,54001600
2015-07-20,97.91000366210938,96.98114776611328,54860500
2015-07-21,98.38999938964844,97.45658111572266,39453300
2015-07-22,97.04000091552734,96.11939239501953,28299500
2015-07-23,95.44000244140625,94.53457641601562,29418800
2015-07-24,96.94999694824219,96.03025817871094,33444900
2015-07-27,94.16999816894531,93.27661895751953,38585400
2015-07-28,95.29000091552734,94.38599395751953,35236000
2015-07-29,96.98999786376953,96.06986236572266,64648300
2015-07-30,95.20999908447266,94.3067626953125,86211300
2015-07-31,94.01000213623047,93.1181411743164,46509000
2015-08-03,94.13999938964844,93.24691009521484,29343100
2015-08-04,94.05999755859375,93.16767120361328,20136000
2015-08-05,96.44000244140625,95.52508544921875,29813200
2015-08-06,95.12000274658203,94.21761322021484,42271300
2015-08-07,94.30000305175781,93.4053955078125,23199100
2015-08-10,94.1500015258789,93.25682067871094,21624200
2015-08-11,93.62000274658203,92.73184967041016,22491000
2015-08-12,94.19000244140625,93.29644012451172,27050500
2015-08-13,93.43000030517578,92.54364776611328,17451800
2015-08-14,94.41999816894531,93.52425384521484,15929700
2015-08-17,93.93000030517578,93.03890228271484,18313500
2015-08-18,95.16999816894531,94.26713562011719,22278800
2015-08-19,95.30999755859375,94.40579986572266,23251300
2015-08-20,90.55999755859375,89.70088195800781,44598200
2015-08-21,86.05999755859375,85.24354553222656,62778700
2015-08-24,82.08999633789062,81.31122589111328,83710700
2015-08-25,83.0,82.21259307861328,52021200
2015-08-26,87.19000244140625,86.36284637451172,45124300
2015-08-27,89.7300033569336,88.8787612915039,42431400
2015-08-28,91.01000213623047,90.14661407470703,33215900
2015-08-31,89.43000030517578,88.58158874511719,32850700
2015-09-01,87.2300033569336,86.4024658203125,36097400
2015-09-02,89.88999938964844,89.0372314453125,27190500
2015-09-03,88.1500015258789,87.31373596191406,27048200
2015-09-04,88.26000213623047,87.42268371582031,27328700
2015-09-08,89.52999877929688,88.6806411743164,27012500
2015-09-09,90.44000244140625,89.58200073242188,32551100
2015-09-10,91.9800033569336,91.10740661621094,26437400
2015-09-11,92.05000305175781,91.17674255371094,21185000
2015-09-14,92.30999755859375,91.43426513671875,20127900
2015-09-15,92.9000015258789,92.0186767578125,18859400
2015-09-16,93.44999694824219,92.56346893310547,16321200
2015-09-17,94.33999633789062,93.44499206542969,27841800
2015-09-18,94.4000015258789,93.50444793701172,62300000
2015-09-21,95.55000305175781,94.64354705810547,28790000
2015-09-22,92.95999908447266,92.07810974121094,36888900
2015-09-23,93.97000122070312,93.07852172851562,21701400
2015-09-24,94.41000366210938,93.51435089111328,29106000
2015-09-25,92.7699966430664,91.88990020751953,28961600
2015-09-28,89.20999908447266,88.36368560791016,41199900
2015-09-29,86.66999816894531,85.8477783203125,42281800
2015-09-30,89.9000015258789,89.04713439941406,36169100
2015-10-01,90.94999694824219,90.08716583251953,29283700
2015-10-02,92.06999969482422,91.1965560913086,37881700
2015-10-05,94.01000213623047,93.1181411743164,27292500
2015-10-06,92.80000305175781,91.91963195800781,22172800
2015-10-07,92.4000015258789,91.52342224121094,24129300
2015-10-08,92.47000122070312,91.5927505493164,27290500
2015-10-09,93.23999786376953,92.35545349121094,20012900
2015-10-12,94.26000213623047,93.36576843261719,18449600
2015-10-13,94.12000274658203,93.22710418701172,19480300
2015-10-14,94.06999969482422,93.1775894165039,19253400
2015-10-15,95.95999908447266,95.04964447021484,27557500
2015-10-16,97.54000091552734,96.61466979980469,25412900
2015-10-19,98.47000122070312,97.53583526611328,23729900
2015-10-20,97.0,96.07978057861328,30881800
2015-10-21,97.11000061035156,96.188720703125,21917800
2015-10-22,99.66999816894531,98.72444152832031,26392100
2015-10-23,102.19000244140625,101.22055053710938,42809700
2015-10-26,103.7699966430664,102.78553771972656,25961200
2015-10-27,103.69999694824219,102.7162094116211,23795500
2015-10-28,104.19999694824219,103.21147155761719,24081500
2015-10-29,104.87999725341797,103.88501739501953,20316700
2015-10-30,101.97000122070312,101.00263977050781,33487100
2015-11-02,103.30999755859375,102.32991790771484,24003900
2015-11-03,102.58000183105469,101.60684204101562,21242300
2015-11-04,103.94000244140625,102.95393371582031,43469300
2015-11-05,108.76000213623047,107.72821044921875,63232900
2015-11-06,107.0999984741211,106.08395385742188,35084300
2015-11-09,106.48999786376953,105.47974395751953,26383500
2015-11-10,107.91000366210938,106.88628387451172,25031700
2015-11-11,109.01000213623047,107.9758529663086,25057100
2015-11-12,108.0199966430664,106.99523162841797,20924700
2015-11-13,103.94999694824219,102.9638442993164,30278400
2015-11-16,104.04000091552734,103.05299377441406,49309200
2015-11-17,105.12999725341797,104.13265228271484,26807200
2015-11-18,107.7699966430664,106.74759674072266,23836500
2015-11-19,106.26000213623047,105.25193786621094,25520600
2015-11-20,107.31999969482422,106.30187225341797,22129600
2015-11-23,106.94999694824219,105.93537139892578,19897200
2015-11-24,105.73999786376953,104.73685455322266,23577300
2015-11-25,105.41000366210938,104.40998840332031,15150800
2015-11-27,105.44999694824219,104.4496078491211,5913100
2015-11-30,104.23999786376953,103.25109100341797,20383200
2015-12-01,107.12000274658203,106.103759765625,22781900
2015-12-02,106.06999969482422,105.0637435913086,24429100
2015-12-03,104.37999725341797,103.38976287841797,23236500
2015-12-04,106.18000030517578,105.17267608642578,21224700
2015-12-07,105.61000061035156,104.60808563232422,15474900
2015-12-08,106.48999786376953,105.47974395751953,20401800
2015-12-09,104.5999984741211,103.60768127441406,23517300
2015-12-10,105.41999816894531,104.41989135742188,17454300
2015-12-11,102.12000274658203,101.15121459960938,26427700
2015-12-14,104.66000366210938,103.6671142578125,24648100
2015-12-15,104.55000305175781,103.55815887451172,21764300
2015-12-16,106.79000091552734,105.77690124511719,22680500
2015-12-17,106.22000122070312,105.21231079101562,21675700
2015-12-18,104.04000091552734,103.05299377441406,35994200
2015-12-21,104.7699966430664,103.77606201171875,16138800
2015-12-22,105.51000213623047,104.509033203125,14597100
2015-12-23,104.62999725341797,103.63739776611328,19599700
2015-12-24,105.0199966430664,104.02367401123047,6501800
2015-12-28,105.93000030517578,104.92506408691406,13069700
2015-12-29,107.26000213623047,106.24243927001953,17179900
2015-12-30,106.22000122070312,105.21231079101562,13115000
2015-12-31,104.66000366210938,103.6671142578125,18391100
2016-01-04,102.22000122070312,101.2502670288086,37912400
2016-01-05,102.7300033569336,101.75541687011719,23258200
2016-01-06,102.97000122070312,101.9931411743164,25096200
2016-01-07,97.91999816894531,96.99105072021484,45172900
2016-01-08,97.33000183105469,96.40664672851562,35402300
2016-01-11,97.51000213623047,96.5849380493164,29932400
2016-01-12,99.37000274658203,98.42729949951172,28395400
2016-01-13,95.44000244140625,94.53457641601562,33410600
2016-01-14,98.37000274658203,97.43678283691406,48658600
2016-01-15,94.97000122070312,94.06903076171875,46132800
2016-01-19,95.26000213623047,94.35627746582031,30998300
2016-01-20,94.3499984741211,93.45491027832031,59051400
2016-01-21,94.16000366210938,93.26671600341797,30518900
2016-01-22,97.94000244140625,97.0108642578125,30495400
2016-01-25,97.01000213623047,96.08968353271484,32482000
2016-01-26,97.33999633789062,96.41654205322266,26877100
2016-01-27,94.44999694824219,93.5539779663086,58699400
2016-01-28,109.11000061035156,108.07488250732422,107475300
2016-01-29,112.20999908447266,111.14547729492188,62739500
2016-02-01,115.08999633789062,113.9981460571289,46132700
2016-02-02,114.61000061035156,113.522705078125,59778600
2016-02-03,112.69000244140625,111.6209487915039,56919300
2016-02-04,110.48999786376953,109.44181823730469,38890200
2016-02-05,104.06999969482422,103.08270263671875,76894700
2016-02-08,99.75,98.80368041992188,71229700
2016-02-09,99.54000091552734,98.59569549560547,62709000
2016-02-10,101.0,100.04182434082031,45179400
2016-02-11,101.91000366210938,100.94319915771484,43670600
2016-02-12,102.01000213623047,101.04225158691406,36176800
2016-02-16,101.61000061035156,100.64604949951172,45687200
2016-02-17,105.19999694824219,104.20198059082031,44073400
2016-02-18,103.47000122070312,102.48841094970703,29593500
2016-02-19,104.56999969482422,103.57796478271484,32404500
2016-02-22,107.16000366210938,106.14339447021484,35709700
2016-02-23,105.45999908447266,104.45951843261719,25319300
2016-02-24,106.87999725341797,105.86603546142578,34412400
2016-02-25,108.06999969482422,107.04475402832031,29906300
2016-02-26,107.91999816894531,106.89617919921875,26686200
2016-02-29,106.91999816894531,105.90565490722656,32779000
2016-03-01,109.81999969482422,108.77816772460938,26817300
2016-03-02,109.94999694824219,108.90692901611328,25670200
2016-03-03,109.58000183105469,108.54044342041016,21353100
2016-03-04,108.38999938964844,107.36170959472656,24938900
2016-03-07,105.7300033569336,104.72696685791016,31436400
2016-03-08,105.93000030517578,104.92506408691406,25617000
2016-03-09,107.51000213623047,106.49007415771484,20493300
2016-03-10,107.31999969482422,106.30187225341797,24854300
2016-03-11,109.41000366210938,108.37205505371094,20697600
2016-03-14,109.88999938964844,108.84749603271484,17249400
2016-03-15,110.66999816894531,109.62010955810547,17618500
2016-03-16,112.18000030517578,111.11577606201172,24744800
2016-03-17,111.0199966430664,109.9667739868164,24241200
2016-03-18,111.44999694824219,110.3926773071289,36256900
2016-03-21,111.8499984741211,110.78890228271484,18448000
2016-03-22,112.25,111.18510437011719,19001100
2016-03-23,112.54000091552734,111.47234344482422,18562000
2016-03-24,113.05000305175781,111.9775161743164,17839100
2016-03-28,113.69000244140625,112.6114501953125,21351800
2016-03-29,116.13999938964844,115.03820037841797,29825300
2016-03-30,114.69999694824219,113.61186981201172,33235200
2016-03-31,114.0999984741211,113.01754760742188,21207500
2016-04-01,116.05999755859375,114.95895385742188,24760500
2016-04-04,112.55000305175781,111.48226165771484,48487900
2016-04-05,112.22000122070312,111.15538024902344,22962400
2016-04-06,113.70999908447266,112.63124084472656,20814600
2016-04-07,113.63999938964844,112.56192016601562,20714500
2016-04-08,110.62999725341797,109.5804672241211,48497800
2016-04-11,108.98999786376953,107.9560317993164,39762300
2016-04-12,110.61000061035156,109.5606689453125,26248100
2016-04-13,110.51000213623047,109.46161651611328,88227400
2016-04-14,110.83999633789062,109.78848266601562,28473300
2016-04-15,109.63999938964844,108.59986877441406,20922800
2016-04-18,110.44999694824219,109.40217590332031,21167200
2016-04-19,112.29000091552734,111.22471618652344,30210500
2016-04-20,112.41999816894531,111.35347747802734,21027900
2016-04-21,113.44000244140625,112.36382293701172,20875200
2016-04-22,110.55999755859375,109.51113891601562,38458200
2016-04-25,110.0999984741211,109.05549621582031,21017900
2016-04-26,108.76000213623047,107.72821044921875,22521500
2016-04-27,108.88999938964844,107.85698699951172,52213100
2016-04-28,116.7300033569336,115.62260437011719,87110100
2016-04-29,117.58000183105469,116.46453857421875,37140600
2016-05-02,118.56999969482422,117.44514465332031,28095200
2016-05-03,117.43000030517578,116.31595611572266,24117500
2016-05-04,118.05999755859375,116.93999481201172,23448400
2016-05-05,117.80999755859375,116.69235229492188,22056700
2016-05-06,119.48999786376953,118.35640716552734,26395600
2016-05-09,119.23999786376953,118.10877990722656,21138100
2016-05-10,120.5,119.35684204101562,23220000
2016-05-11,119.5199966430664,118.38613891601562,22038400
2016-05-12,120.27999877929688,119.138916015625,22035500
2016-05-13,119.80999755859375,118.67338562011719,18124300
2016-05-16,118.66999816894531,117.544189453125,31247800
2016-05-17,117.3499984741211,116.2367172241211,21328600
2016-05-18,117.6500015258789,116.53388214111328,21642300
2016-05-19,116.80999755859375,115.70183563232422,20544100
2016-05-20,117.3499984741211,116.2367172241211,18944800
2016-05-23,115.97000122070312,114.86981201171875,20441000
2016-05-24,117.69999694824219,116.58340454101562,20183600
2016-05-25,117.88999938964844,116.7716064453125,20019800
2016-05-26,119.47000122070312,118.33661651611328,18481300
2016-05-27,119.37999725341797,118.24746704101562,13493600
2016-05-31,118.80999755859375,117.68286895751953,23547600
2016-06-01,118.77999877929688,117.65316009521484,15029500
2016-06-02,118.93000030517578,117.8017349243164,13228300
2016-06-03,118.47000122070312,117.3460922241211,14135100
2016-06-06,118.79000091552734,117.6630630493164,12744700
2016-06-07,117.76000213623047,116.64283752441406,17103000
2016-06-08,118.38999938964844,117.2668685913086,14505600
2016-06-09,118.55999755859375,117.43524169921875,13859200
2016-06-10,116.62000274658203,115.51364135742188,18510800
2016-06-13,113.94999694824219,112.86897277832031,31718200
2016-06-14,114.94000244140625,113.8495864868164,17618500
2016-06-15,114.5999984741211,113.51280975341797,19819400
2016-06-16,114.38999938964844,113.30481719970703,19236300
2016-06-17,113.0199966430664,111.94779968261719,24644300
2016-06-20,113.37000274658203,112.29448699951172,20785400
2016-06-21,114.37999725341797,113.2948989868164,19166300
2016-06-22,113.91000366210938,112.82935333251953,14846300
2016-06-23,115.08000183105469,113.98826599121094,16176900
2016-06-24,112.08000183105469,111.01670837402344,40643100
2016-06-27,108.97000122070312,107.93624114990234,36130400
2016-06-28,112.69999694824219,111.63084411621094,26813800
2016-06-29,114.16000366210938,113.07698822021484,20968300
2016-06-30,114.27999877929688,113.19583129882812,23192700
2016-07-01,114.19000244140625,113.10670471191406,14980000
2016-07-05,114.19999694824219,113.11660766601562,14207000
2016-07-06,116.69999694824219,115.59288787841797,24337600
2016-07-07,115.8499984741211,114.75094604492188,16630200
2016-07-08,117.23999786376953,116.12775421142578,18142600
2016-07-11,117.87000274658203,116.75179290771484,17711600
2016-07-12,117.93000030517578,116.81120300292969,15217700
2016-07-13,116.77999877929688,115.672119140625,16207700
2016-07-14,117.29000091552734,116.17728424072266,14579700
2016-07-15,116.86000061035156,115.75135803222656,16646000
2016-07-18,119.37000274658203,118.23756408691406,20868400
2016-07-19,120.61000061035156,119.46578979492188,21541300
2016-07-20,121.91999816894531,120.76337432861328,20046500
2016-07-21,120.61000061035156,119.46578979492188,17801700
2016-07-22,121.0,119.85209655761719,18422400
2016-07-25,121.62999725341797,120.47610473632812,18487400
2016-07-26,121.22000122070312,120.07002258300781,17612000
2016-07-27,123.33999633789062,122.16988372802734,52654200
2016-07-28,125.0,123.81414031982422,78955800
2016-07-29,123.94000244140625,122.76420593261719,35058800
2016-08-01,124.30999755859375,123.13069915771484,25006900
2016-08-02,123.08999633789062,121.92225646972656,23968400
2016-08-03,122.51000213623047,121.34777069091797,18525300
2016-08-04,124.36000061035156,123.18021392822266,21066000
2016-08-05,125.1500015258789,123.96273040771484,20184000
2016-08-08,125.26000213623047,124.07168579101562,15233900
2016-08-09,125.05999755859375,123.87358093261719,19621000
2016-08-10,124.87999725341797,123.69528198242188,10670100
2016-08-11,124.9000015258789,123.71510314941406,11729500
2016-08-12,124.87999725341797,123.69528198242188,12159000
2016-08-15,123.9000015258789,122.7245864868164,19295100
2016-08-16,123.30000305175781,122.13026428222656,14222400
2016-08-17,124.37000274658203,123.19011688232422,13794200
2016-08-18,123.91000366210938,122.7344970703125,12400800
2016-08-19,123.55999755859375,122.38780975341797,11688300
2016-08-22,124.1500015258789,122.97222137451172,14386400
2016-08-23,124.37000274658203,123.19011688232422,13309500
2016-08-24,123.4800033569336,122.3085708618164,12243700
2016-08-25,123.88999938964844,122.71466827392578,10730800
2016-08-26,124.95999908447266,123.77450561523438,17504800
2016-08-29,126.54000091552734,125.33953094482422,15925900
2016-08-30,125.83999633789062,124.64615631103516,17804300
2016-08-31,126.12000274658203,124.92351531982422,14200600
2016-09-01,126.16999816894531,124.9730453491211,13536100
2016-09-02,126.51000213623047,125.30982208251953,12118800
2016-09-06,129.72999572753906,128.499267578125,26278400
2016-09-07,131.0500030517578,129.80673217773438,27990800
2016-09-08,130.27000427246094,129.03414916992188,15676600
2016-09-09,127.0999984741211,125.89422607421875,27100700
2016-09-12,128.69000244140625,127.46914672851562,21252800
2016-09-13,127.20999908447266,126.003173828125,18016200
2016-09-14,127.7699966430664,126.55787658691406,15691100
2016-09-15,128.35000610351562,127.13238525390625,15077200
2016-09-16,129.07000732421875,127.84553527832031,24119200
2016-09-19,128.64999389648438,127.42951965332031,14958800
2016-09-20,128.63999938964844,127.41963958740234,11083800
2016-09-21,129.94000244140625,128.70729064941406,14068300
2016-09-22,130.0800018310547,128.845947265625,15538300
2016-09-23,127.95999908447266,126.7460708618164,28326300
2016-09-26,127.30999755859375,126.10221862792969,15064900
2016-09-27,128.69000244140625,127.46914672851562,15637100
2016-09-28,129.22999572753906,128.00401306152344,12047600
2016-09-29,128.08999633789062,126.87483978271484,14532200
2016-09-30,128.27000427246094,127.05313110351562,18402900
2016-10-03,128.77000427246094,127.54839324951172,13156900
2016-10-04,128.19000244140625,126.97389221191406,14307500
2016-10-05,128.47000122070312,127.251220703125,12386800
2016-10-06,128.74000549316406,127.5186767578125,11682700
2016-10-07,128.99000549316406,127.76631164550781,12804400
2016-10-10,130.24000549316406,129.00442504882812,15138700
2016-10-11,128.8800048828125,127.65733337402344,17537900
2016-10-12,129.0500030517578,127.82572937011719,11073000
2016-10-13,127.81999969482422,126.6073989868164,17139300
2016-10-14,127.87999725341797,126.66681671142578,13345300
2016-10-17,127.54000091552734,126.33003234863281,11351700
2016-10-18,128.57000732421875,127.35028839111328,13504000
2016-10-19,130.11000061035156,128.87567138671875,16752300
2016-10-20,130.0,128.76669311523438,13167500
2016-10-21,132.07000732421875,130.8170623779297,19088800
2016-10-24,133.27999877929688,132.01559448242188,17470200
2016-10-25,132.2899932861328,131.0349884033203,13336800
2016-10-26,131.0399932861328,129.796875,13084700
2016-10-27,129.69000244140625,128.4596710205078,16741400
2016-10-28,131.2899932861328,130.04446411132812,24545500
2016-10-31,130.99000549316406,129.74732971191406,15669000
2016-11-01,129.5,128.27145385742188,22077800
2016-11-02,127.16999816894531,125.96355438232422,39640900
2016-11-03,120.0,118.86157989501953,63766300
2016-11-04,120.75,119.60446166992188,30545500
2016-11-07,122.1500015258789,120.99118041992188,23008900
2016-11-08,124.22000122070312,123.04154968261719,19460800
2016-11-09,123.18000030517578,122.01142120361328,31916000
2016-11-10,120.80000305175781,119.65399932861328,67846700
2016-11-11,119.0199966430664,117.89088439941406,32840100
2016-11-14,115.08000183105469,113.98826599121094,51377000
2016-11-15,117.19999694824219,116.08812713623047,34681400
2016-11-16,116.33999633789062,115.2363052368164,32397900
2016-11-17,117.79000091552734,116.67253112792969,18597800
2016-11-18,117.0199966430664,115.90985107421875,22879300
2016-11-21,121.7699966430664,120.61479187011719,35415400
2016-11-22,121.47000122070312,120.31764221191406,26089200
2016-11-23,120.83999633789062,119.69361877441406,15672100
2016-11-25,120.37999725341797,119.23797607421875,8658600
2016-11-28,120.41000366210938,119.2677001953125,18101300
2016-11-29,120.87000274658203,119.72332763671875,18891000
2016-11-30,118.41999816894531,117.29656982421875,30188900
2016-12-01,115.0999984741211,114.00804901123047,43277000
2016-12-02,115.4000015258789,114.30521392822266,25070400
2016-12-05,117.43000030517578,116.31595611572266,20201500
2016-12-06,117.30999755859375,116.19709777832031,19131200
2016-12-07,117.94999694824219,116.83102416992188,21913700
2016-12-08,118.91000366210938,117.78192138671875,22442800
2016-12-09,119.68000030517578,118.54461669921875,17464700
2016-12-12,117.7699966430664,116.6527328491211,17805500
2016-12-13,120.30999755859375,119.16863250732422,29768000
2016-12-14,120.20999908447266,119.06958770751953,25913100
2016-12-15,120.56999969482422,119.42617797851562,20139600
2016-12-16,119.87000274658203,118.7328109741211,25324300
2016-12-19,119.23999786376953,118.10877990722656,15918100
2016-12-20,119.08999633789062,117.96022033691406,13684400
2016-12-21,119.04000091552734,117.91069793701172,10767600
2016-12-22,117.4000015258789,116.28624725341797,16258600
2016-12-23,117.2699966430664,116.15747833251953,10890000
2016-12-27,118.01000213623047,116.89046478271484,12051500
2016-12-28,116.91999816894531,115.810791015625,12087400
2016-12-29,116.3499984741211,115.24620819091797,9934900
2016-12-30,115.05000305175781,113.95854949951172,18684100
2017-01-03,116.86000061035156,115.75135803222656,20663900
2017-01-04,118.69000244140625,117.56401824951172,19630900
2017-01-05,120.66999816894531,119.52523040771484,19492200
2017-01-06,123.41000366210938,122.23925018310547,28545300
2017-01-09,124.9000015258789,123.71510314941406,22880400
2017-01-10,124.3499984741211,123.17031860351562,17324600
2017-01-11,126.08999633789062,124.89380645751953,18356500
2017-01-12,126.62000274658203,125.41876983642578,18653900
2017-01-13,128.33999633789062,127.1224594116211,24884300
2017-01-17,127.87000274658203,126.65692138671875,15294500
2017-01-18,127.91999816894531,126.7064437866211,13145900
2017-01-19,127.55000305175781,126.33995056152344,12195500
2017-01-20,127.04000091552734,125.83477783203125,19097200
2017-01-23,128.92999267578125,127.70687103271484,16593600
2017-01-24,129.3699951171875,128.14268493652344,15162700
2017-01-25,131.47999572753906,130.23263549804688,18731300
2017-01-26,132.77999877929688,131.5203399658203,20020100
2017-01-27,132.17999267578125,130.92604064941406,19539500
2017-01-30,130.97999572753906,129.73739624023438,18956100
2017-01-31,130.32000732421875,129.0836944580078,19790500
2017-02-01,133.22999572753906,131.96607971191406,50139800
2017-02-02,130.83999633789062,129.59873962402344,54366400
2017-02-03,130.97999572753906,129.73739624023438,24804900
2017-02-06,132.05999755859375,130.8071746826172,17058500
2017-02-07,131.83999633789062,130.5892333984375,14596400
2017-02-08,134.1999969482422,132.92686462402344,22390600
2017-02-09,134.13999938964844,132.867431640625,16470600
2017-02-10,134.19000244140625,132.91696166992188,15061900
2017-02-13,134.0500030517578,132.77828979492188,13526200
2017-02-14,133.85000610351562,132.58016967773438,14364900
2017-02-15,133.44000244140625,132.174072265625,13226500
2017-02-16,133.83999633789062,132.57028198242188,12831100
2017-02-17,133.52999877929688,132.2632293701172,12276500
2017-02-21,133.72000122070312,132.45143127441406,14759100
2017-02-22,136.1199951171875,134.82864379882812,27360100
2017-02-23,135.36000061035156,134.0758514404297,18422500
2017-02-24,135.44000244140625,134.1551055908203,12625700
2017-02-27,136.41000366210938,135.1159210205078,14306700
2017-02-28,135.5399932861328,134.25413513183594,16112100
2017-03-01,137.4199981689453,136.1163330078125,16257000
2017-03-02,136.75999450683594,135.4625701904297,12294800
2017-03-03,137.1699981689453,135.86868286132812,11160600
2017-03-06,137.4199981689453,136.1163330078125,12748200
2017-03-07,137.3000030517578,135.99745178222656,13527100
2017-03-08,137.72000122070312,136.41348266601562,10184500
2017-03-09,138.24000549316406,136.92855834960938,15535300
2017-03-10,138.7899932861328,137.47332763671875,16314100
2017-03-13,139.60000610351562,138.275634765625,10955500
2017-03-14,139.32000732421875,137.99830627441406,12944000
2017-03-15,139.72000122070312,138.39450073242188,19344800
2017-03-16,139.99000549316406,138.6619415283203,13612900
2017-03-17,139.83999633789062,138.5133514404297,20592800
2017-03-20,139.94000244140625,138.61239624023438,12099500
2017-03-21,138.50999450683594,137.19598388671875,29894800
2017-03-22,139.58999633789062,138.26573181152344,17055400
2017-03-23,139.52999877929688,138.20631408691406,13022800
2017-03-24,140.33999633789062,139.0085906982422,16664700
2017-03-27,140.32000732421875,138.98878479003906,12800500
2017-03-28,141.75999450683594,140.41514587402344,14679400
2017-03-29,142.64999389648438,141.2967071533203,16527600
2017-03-30,142.41000366210938,141.0590057373047,12404000
2017-03-31,142.0500030517578,140.702392578125,11478300
2017-04-03,142.27999877929688,140.93020629882812,13564000
2017-04-04,141.72999572753906,140.3854217529297,12948600
2017-04-05,141.85000610351562,140.50428771972656,17158100
2017-04-06,141.1699981689453,139.8307342529297,15103400
2017-04-07,140.77999877929688,139.44442749023438,11818300
2017-04-10,141.0399932861328,139.7019805908203,9039400
2017-04-11,139.9199981689453,138.5926055908203,16638100
2017-04-12,139.5800018310547,138.2558135986328,11612500
2017-04-13,139.38999938964844,138.067626953125,10965600
2017-04-17,141.4199981689453,140.07835388183594,11519700
2017-04-18,140.9600067138672,139.62274169921875,14807500
2017-04-19,142.27000427246094,140.92031860351562,15563900
2017-04-20,143.8000030517578,142.435791015625,15968200
2017-04-21,143.67999267578125,142.31690979003906,12382000
2017-04-24,145.47000122070312,144.0899658203125,14407200
2017-04-25,146.49000549316406,145.10028076171875,17767500
2017-04-26,146.55999755859375,145.16961669921875,12395000
2017-04-27,147.6999969482422,146.2987823486328,11275100
2017-04-28,150.25,148.82460021972656,30652200
2017-05-01,152.4600067138672,151.01364135742188,25218300
2017-05-02,152.77999877929688,151.3306121826172,21870400
2017-05-03,151.8000030517578,150.3599090576172,29782500
2017-05-04,150.85000610351562,149.41891479492188,36225500
2017-05-05,150.24000549316406,148.81471252441406,17148500
2017-05-08,151.05999755859375,149.6269073486328,15827500
2017-05-09,150.47999572753906,149.05242919921875,17453900
2017-05-10,150.2899932861328,148.86422729492188,12080700
2017-05-11,150.0399932861328,148.61659240722656,11841900
2017-05-12,150.3300018310547,148.90383911132812,9598200
2017-05-15,150.19000244140625,148.76516723632812,15064700
2017-05-16,149.77999877929688,148.3590545654297,14550800
2017-05-17,144.85000610351562,143.47584533691406,28300100
2017-05-18,147.66000366210938,146.25917053222656,23031600
2017-05-19,148.05999755859375,146.65538024902344,16187900
2017-05-22,148.24000549316406,146.83367919921875,12586700
2017-05-23,148.07000732421875,146.665283203125,12817800
2017-05-24,150.0399932861328,148.61659240722656,17862400
2017-05-25,151.9600067138672,150.5183868408203,19891400
2017-05-26,152.1300048828125,150.68679809570312,14996200
2017-05-30,152.3800048828125,150.93441772460938,13226000
2017-05-31,151.4600067138672,150.0231170654297,18023900
2017-06-01,151.52999877929688,150.09246826171875,14530600
2017-06-02,153.61000061035156,152.15272521972656,16854400
2017-06-05,153.6300048828125,152.1725616455078,12520400
2017-06-06,152.80999755859375,151.36033630371094,13457100
2017-06-07,153.1199951171875,151.6673583984375,12066700
2017-06-08,154.7100067138672,153.24229431152344,17799400
2017-06-09,149.60000610351562,148.18077087402344,35577700
2017-06-12,148.44000244140625,147.03175354003906,33170200
2017-06-13,150.67999267578125,149.25051879882812,20483400
2017-06-14,150.25,148.82460021972656,20808800
2017-06-15,149.8000030517578,148.37889099121094,18994200
2017-06-16,150.63999938964844,149.21090698242188,22882400
2017-06-19,152.8699951171875,151.41973876953125,19026500
2017-06-20,152.25,150.8056640625,14743900
2017-06-21,153.91000366210938,152.4498748779297,15039800
2017-06-22,153.39999389648438,151.94471740722656,13005500
2017-06-23,155.07000732421875,153.59890747070312,18027000
2017-06-26,153.58999633789062,152.13291931152344,18049700
2017-06-27,150.5800018310547,149.1514892578125,19360800
2017-06-28,153.24000549316406,151.78623962402344,16719100
2017-06-29,151.0399932861328,149.60708618164062,23973500
2017-06-30,150.97999572753906,149.5476837158203,17666000
2017-07-03,148.42999267578125,147.02186584472656,13862700
2017-07-05,150.33999633789062,148.91372680664062,14334300
2017-07-06,148.82000732421875,147.40817260742188,14951800
2017-07-07,151.44000244140625,150.00331115722656,13615900
2017-07-10,153.5,152.04376220703125,13378700
2017-07-11,155.27000427246094,153.79698181152344,13667700
2017-07-12,158.89999389648438,157.39254760742188,22739400
2017-07-13,159.25999450683594,157.74911499023438,13929200
2017-07-14,159.97000122070312,158.45237731933594,16371200
2017-07-17,159.72999572753906,158.21466064453125,12858800
2017-07-18,162.86000061035156,161.3149871826172,23722900
2017-07-19,164.13999938964844,162.58285522460938,26273600
2017-07-20,164.52999877929688,162.96913146972656,18523100
2017-07-21,164.42999267578125,162.87010192871094,14744000
2017-07-24,166.0,164.42518615722656,17367000
2017-07-25,165.27999877929688,163.71202087402344,15383200
2017-07-26,165.61000061035156,164.0388641357422,35236900
2017-07-27,170.44000244140625,168.8230438232422,68910700
2017-07-28,172.4499969482422,170.81399536132812,24557600
2017-07-31,169.25,167.64434814453125,25478900
2017-08-01,169.86000061035156,168.24853515625,14385000
2017-08-02,169.3000030517578,167.6938934326172,17433800
2017-08-03,168.58999633789062,166.99061584472656,10793800
2017-08-04,169.6199951171875,168.01084899902344,10777700
2017-08-07,171.97999572753906,170.34844970703125,12787800
2017-08-08,171.22999572753906,169.6055908203125,14393500
2017-08-09,171.17999267578125,169.55604553222656,10815000
2017-08-10,167.39999389648438,165.81192016601562,20832700
2017-08-11,168.0800018310547,166.4854736328125,13791200
2017-08-14,170.75,169.130126953125,12954200
2017-08-15,171.0,169.3777618408203,8729200
2017-08-16,170.0,168.3872528076172,15779900
2017-08-17,166.91000366210938,165.32655334472656,17216000
2017-08-18,167.41000366210938,165.82179260253906,15093600
2017-08-21,167.77999877929688,166.1883087158203,11907500
2017-08-22,169.63999938964844,168.03067016601562,11391000
2017-08-23,168.7100067138672,167.10948181152344,9856500
2017-08-24,167.74000549316406,166.14869689941406,14030400
2017-08-25,166.32000732421875,164.74215698242188,12614500
2017-08-28,167.24000549316406,165.65341186523438,8553700
2017-08-29,168.0500030517578,166.4557342529297,11121000
2017-08-30,169.9199981689453,168.30799865722656,11138300
2017-08-31,171.97000122070312,170.33856201171875,17226500
2017-09-01,172.02000427246094,170.3880615234375,11677600
2017-09-05,170.72000122070312,169.1004180908203,13210900
2017-09-06,172.08999633789062,170.4573974609375,13906300
2017-09-07,173.2100067138672,171.56683349609375,18049500
2017-09-08,170.9499969482422,169.32821655273438,10998500
2017-09-11,173.50999450683594,171.8639373779297,12372000
2017-09-12,172.9600067138672,171.3191680908203,11186300
2017-09-13,173.0500030517578,171.40830993652344,9119300
2017-09-14,170.9600067138672,169.338134765625,15615700
2017-09-15,171.63999938964844,170.01170349121094,15660500
2017-09-18,170.00999450683594,168.39710998535156,12954000
2017-09-19,172.52000427246094,170.88331604003906,13168600
2017-09-20,172.1699981689453,170.53665161132812,12264100
2017-09-21,171.11000061035156,169.48672485351562,11161400
2017-09-22,170.5399932861328,168.9220733642578,12097100
2017-09-25,162.8699951171875,161.32489013671875,41251600
2017-09-26,164.2100067138672,162.6521759033203,23363300
2017-09-27,167.67999267578125,166.0892333984375,19242500
2017-09-28,168.72999572753906,167.12928771972656,12178700
2017-09-29,170.8699951171875,169.24900817871094,15340400
2017-10-02,169.47000122070312,167.8622589111328,13392300
2017-10-03,169.9600067138672,168.3476104736328,8190300
2017-10-04,168.4199981689453,166.82223510742188,12127900
2017-10-05,171.24000549316406,169.61549377441406,14580600
2017-10-06,172.22999572753906,170.59608459472656,13124500
2017-10-09,172.5,170.86351013183594,14570400
2017-10-10,171.58999633789062,169.962158203125,11341100
2017-10-11,172.74000549316406,171.10125732421875,11283700
2017-10-12,172.5500030517578,170.91307067871094,10351000
2017-10-13,173.74000549316406,172.09178161621094,13658300
2017-10-16,174.52000427246094,172.86436462402344,11498800
2017-10-17,176.11000061035156,174.43927001953125,15990100
2017-10-18,176.02999877929688,174.36004638671875,12752400
2017-10-19,174.55999755859375,172.90399169921875,14048400
2017-10-20,174.97999572753906,173.3199920654297,12602200
2017-10-23,171.27000427246094,169.64520263671875,13852700
2017-10-24,171.8000030517578,170.170166015625,12267900
2017-10-25,170.60000610351562,168.98155212402344,15868200
2017-10-26,170.6300048828125,169.0112762451172,11833100
2017-10-27,177.8800048828125,176.1924591064453,30285300
2017-10-30,179.8699951171875,178.16360473632812,24353200
2017-10-31,180.05999755859375,178.35182189941406,20174200
2017-11-01,182.66000366210938,180.92713928222656,40918300
2017-11-02,178.9199981689453,177.2226104736328,35529900
2017-11-03,178.9199981689453,177.2226104736328,17822100
2017-11-06,180.1699981689453,178.46075439453125,13312700
2017-11-07,180.25,178.54000854492188,12928200
2017-11-08,179.55999755859375,177.85653686523438,10494100
2017-11-09,179.3000030517578,177.59902954101562,12610300
2017-11-10,178.4600067138672,176.76699829101562,11070200
2017-11-13,178.77000427246094,177.0740203857422,9523400
2017-11-14,178.07000732421875,176.3806915283203,9585900
2017-11-15,177.9499969482422,176.26181030273438,10253700
2017-11-16,179.58999633789062,177.88624572753906,15607600
2017-11-17,179.0,177.30184936523438,13018000
2017-11-20,178.74000549316406,177.04432678222656,10052400
2017-11-21,181.86000061035156,180.13473510742188,14504000
2017-11-22,180.8699951171875,179.15411376953125,10376300
2017-11-24,182.77999877929688,181.04598999023438,9426300
2017-11-27,183.02999877929688,181.2936248779297,12344500
2017-11-28,182.4199981689453,180.68943786621094,14379700
2017-11-29,175.1300048828125,173.4685821533203,41933500
2017-11-30,177.17999267578125,175.49908447265625,25307600
2017-12-01,175.10000610351562,173.4388427734375,20182500
2017-12-04,171.47000122070312,169.8433074951172,24459400
2017-12-05,172.8300018310547,171.1903839111328,20184900
2017-12-06,176.05999755859375,174.38978576660156,20255800
2017-12-07,180.13999938964844,178.43104553222656,20404500
2017-12-08,179.0,177.30184936523438,19883800
2017-12-11,179.0399932861328,177.34146118164062,13168600
2017-12-12,176.9600067138672,175.28123474121094,16854100
2017-12-13,178.3000030517578,176.60850524902344,14615700
2017-12-14,178.38999938964844,176.69764709472656,13591000
2017-12-15,180.17999267578125,178.4706573486328,28463100
2017-12-18,180.82000732421875,179.1046142578125,17265400
2017-12-19,179.50999450683594,177.80702209472656,14920600
2017-12-20,177.88999938964844,176.20242309570312,11860500
2017-12-21,177.4499969482422,175.7665252685547,11600700
2017-12-22,177.1999969482422,175.5189208984375,8509500
2017-12-26,175.99000549316406,174.3204345703125,8897300
2017-12-27,177.6199951171875,175.9349365234375,9496100
2017-12-28,177.9199981689453,176.2321014404297,12220800
2017-12-29,176.4600067138672,174.7859649658203,10261500
2018-01-02,181.4199981689453,179.6988983154297,18151900
2018-01-03,184.6699981689453,182.91807556152344,16886600
2018-01-04,184.3300018310547,182.58131408691406,13880900
2018-01-05,186.85000610351562,185.077392578125,13574500
2018-01-08,188.27999877929688,186.4938201904297,17994700
2018-01-09,187.8699951171875,186.0876922607422,12393100
2018-01-10,187.83999633789062,186.0579833984375,10529900
2018-01-11,187.77000427246094,185.98863220214844,9588600
2018-01-12,179.3699951171875,177.66835021972656,77551300
2018-01-16,178.38999938964844,176.69764709472656,36183800
2018-01-17,177.60000610351562,175.9151611328125,27992400
2018-01-18,179.8000030517578,178.09426879882812,23304900
2018-01-19,181.2899932861328,179.57012939453125,26826500
2018-01-22,185.3699951171875,183.61141967773438,21059500
2018-01-23,189.35000610351562,187.55372619628906,25678800
2018-01-24,186.5500030517578,184.7802276611328,24334500
2018-01-25,187.47999572753906,185.701416015625,17377700
2018-01-26,190.0,188.19749450683594,17759200
2018-01-29,185.97999572753906,184.21563720703125,20453200
2018-01-30,187.1199951171875,185.34483337402344,20858600
2018-01-31,186.88999938964844,185.11697387695312,43275100
2018-02-01,193.08999633789062,191.25819396972656,54211300
2018-02-02,190.27999877929688,188.474853515625,26677500
2018-02-05,181.25999450683594,179.5404052734375,33128200
2018-02-06,185.30999755859375,183.552001953125,37758500
2018-02-07,180.17999267578125,178.4706573486328,27601900
2018-02-08,171.5800018310547,169.95225524902344,38478300
2018-02-09,176.11000061035156,174.43927001953125,39887600
2018-02-12,176.41000366210938,174.73643493652344,32092100
2018-02-13,173.14999389648438,171.50735473632812,21809400
2018-02-14,179.52000427246094,177.81689453125,28929700
2018-02-15,179.9600067138672,178.25277709960938,20922100
2018-02-16,177.36000061035156,175.67738342285156,20645300
2018-02-20,176.00999450683594,174.34024047851562,21204900
2018-02-21,177.91000366210938,176.22219848632812,23200800
2018-02-22,178.99000549316406,177.2919464111328,18464200
2018-02-23,183.2899932861328,181.55116271972656,19007300
2018-02-26,184.92999267578125,183.17559814453125,17599700
2018-02-27,181.4600067138672,179.73854064941406,15849800
2018-02-28,178.32000732421875,176.62831115722656,18783000
2018-03-01,175.94000244140625,174.27088928222656,23201600
2018-03-02,176.6199951171875,174.94442749023438,20025900
2018-03-05,180.39999389648438,178.68858337402344,16189300
2018-03-06,179.77999877929688,178.074462890625,15086800
2018-03-07,183.7100067138672,181.9671630859375,19097300
2018-03-08,182.33999633789062,180.61016845703125,17225900
2018-03-09,185.22999572753906,183.4727325439453,18526300
2018-03-12,184.75999450683594,183.00723266601562,15301200
2018-03-13,181.8800048828125,180.15452575683594,18067500
2018-03-14,184.19000244140625,182.442626953125,16821700
2018-03-15,183.86000061035156,182.11573791503906,15614300
2018-03-16,185.08999633789062,183.3340606689453,24403400
2018-03-19,172.55999755859375,170.92295837402344,88140100
2018-03-20,168.14999389648438,166.5547637939453,129851800
2018-03-21,169.38999938964844,167.78302001953125,106598800
2018-03-22,164.88999938964844,163.32571411132812,73743000
2018-03-23,159.38999938964844,157.87789916992188,53609700
2018-03-26,160.05999755859375,158.54153442382812,126116600
2018-03-27,152.22000122070312,150.7759246826172,79117000
2018-03-28,153.02999877929688,151.57821655273438,60029200
2018-03-29,159.7899932861328,158.27410888671875,59434300
2018-04-02,155.38999938964844,153.91583251953125,36796000
2018-04-03,156.11000061035156,154.62899780273438,42543900
2018-04-04,155.10000610351562,153.62860107421875,49885600
2018-04-05,159.33999633789062,157.828369140625,41449600
2018-04-06,157.1999969482422,155.7086639404297,41644800
2018-04-09,157.92999267578125,156.43170166015625,34915200
2018-04-10,165.0399932861328,163.47427368164062,57889300
2018-04-11,166.32000732421875,164.74215698242188,56144600
2018-04-12,163.8699951171875,162.31536865234375,38263000
2018-04-13,164.52000427246094,162.959228515625,19990600
2018-04-16,164.8300018310547,163.2663116455078,18119400
2018-04-17,168.66000366210938,167.05996704101562,22743000
2018-04-18,166.36000061035156,164.78175354003906,20969600
2018-04-19,168.10000610351562,166.50526428222656,22235000
2018-04-20,166.27999877929688,164.7025604248047,19119400
2018-04-23,165.83999633789062,164.26669311523438,23088100
2018-04-24,159.69000244140625,158.175048828125,35079900
2018-04-25,159.69000244140625,158.175048828125,41083600
2018-04-26,174.16000366210938,172.50778198242188,77556900
2018-04-27,173.58999633789062,171.9431915283203,29804700
2018-04-30,172.0,170.36827087402344,20750500
2018-05-01,173.86000061035156,172.21058654785156,26025900
2018-05-02,176.07000732421875,174.39964294433594,30424500
2018-05-03,174.02000427246094,172.3690948486328,24026100
2018-05-04,176.61000061035156,174.9345703125,17677800
2018-05-07,177.97000122070312,176.2816619873047,18697200
2018-05-08,178.9199981689453,177.2226104736328,15577200
2018-05-09,182.66000366210938,180.92713928222656,23282800
2018-05-10,185.52999877929688,183.7698974609375,21071400
2018-05-11,186.99000549316406,185.21604919433594,21207800
2018-05-14,186.63999938964844,184.869384765625,15646700
2018-05-15,184.32000732421875,182.57139587402344,15429400
2018-05-16,183.1999969482422,181.46200561523438,16975500
2018-05-17,183.75999450683594,182.01673889160156,14840700
2018-05-18,182.67999267578125,180.94696044921875,13130500
2018-05-21,184.49000549316406,182.73977661132812,13532900
2018-05-22,183.8000030517578,182.0563201904297,12731400
2018-05-23,186.89999389648438,185.12693786621094,16628100
2018-05-24,185.92999267578125,184.16610717773438,12354700
2018-05-25,184.9199981689453,183.1656951904297,10965100
2018-05-29,185.74000549316406,183.97793579101562,16398900
2018-05-30,187.6699981689453,185.88961791992188,13736900
2018-05-31,191.77999877929688,189.9606475830078,30782600
2018-06-01,193.99000549316406,192.149658203125,17307200
2018-06-04,193.27999877929688,191.44638061523438,18939800
2018-06-05,192.94000244140625,191.109619140625,15544300
2018-06-06,191.33999633789062,189.52476501464844,22558900
2018-06-07,188.17999267578125,186.39476013183594,21503200
2018-06-08,189.10000610351562,187.30606079101562,12677100
2018-06-11,191.5399932861328,189.72288513183594,12928900
2018-06-12,192.39999389648438,190.57473754882812,11562700
2018-06-13,192.41000366210938,190.58465576171875,15853800
2018-06-14,196.80999755859375,194.94287109375,19120900
2018-06-15,195.85000610351562,193.99200439453125,21860900
2018-06-18,198.30999755859375,196.42864990234375,16826000
2018-06-19,197.49000549316406,195.616455078125,19994000
2018-06-20,202.0,200.08364868164062,28230900
2018-06-21,201.5,199.5884246826172,19045700
2018-06-22,201.74000549316406,199.82614135742188,17420200
2018-06-25,196.35000610351562,194.48727416992188,25275100
2018-06-26,199.0,197.11209106445312,17897600
2018-06-27,195.83999633789062,193.9821014404297,18734400
2018-06-28,196.22999572753906,194.36837768554688,18172400
2018-06-29,194.32000732421875,192.4765167236328,15811600
2018-07-02,197.36000061035156,195.48764038085938,13961600
2018-07-03,192.72999572753906,190.901611328125,13489500
2018-07-05,198.4499969482422,196.56732177734375,19684200
2018-07-06,203.22999572753906,201.30197143554688,19740100
2018-07-09,204.74000549316406,202.79769897460938,18149400
2018-07-10,203.5399932861328,201.6090545654297,13190100
2018-07-11,202.5399932861328,200.61854553222656,12927400
2018-07-12,206.9199981689453,204.95700073242188,15454700
2018-07-13,207.32000732421875,205.35317993164062,11486800
2018-07-16,207.22999572753906,205.2640380859375,11078200
2018-07-17,209.99000549316406,207.9978485107422,15349900
2018-07-18,209.36000061035156,207.37380981445312,15334900
2018-07-19,208.08999633789062,206.11590576171875,11350400
2018-07-20,209.94000244140625,207.94834899902344,16163900
2018-07-23,210.91000366210938,208.90916442871094,16732000
2018-07-24,214.6699981689453,212.63345336914062,28468700
2018-07-25,217.5,215.43661499023438,58954200
2018-07-26,176.25999450683594,174.58786010742188,169803700
2018-07-27,174.88999938964844,173.23085021972656,60073700
2018-07-30,171.05999755859375,169.4371795654297,65280800
2018-07-31,172.5800018310547,170.94276428222656,40356500
2018-08-01,171.64999389648438,170.02157592773438,34042100
2018-08-02,176.3699951171875,174.69677734375,32400000
2018-08-03,177.77999877929688,176.0934295654297,24763400
2018-08-06,185.69000244140625,183.9283905029297,49716200
2018-08-07,183.80999755859375,182.0662384033203,33398600
2018-08-08,185.17999267578125,183.42320251464844,22205200
2018-08-09,183.08999633789062,181.35302734375,19732100
2018-08-10,180.25999450683594,178.54991149902344,21500400
2018-08-13,180.0500030517578,178.34190368652344,17423300
2018-08-14,181.11000061035156,179.39183044433594,19102000
2018-08-15,179.52999877929688,177.82684326171875,33020200
2018-08-16,174.6999969482422,173.0426483154297,31351800
2018-08-17,173.8000030517578,172.15118408203125,24893200
2018-08-20,172.5,170.86351013183594,21518000
2018-08-21,172.6199951171875,170.9823760986328,19578500
2018-08-22,173.63999938964844,171.9927215576172,16894100
2018-08-23,172.89999389648438,171.2597198486328,18053600
2018-08-24,174.64999389648438,172.99314880371094,14631600
2018-08-27,177.4600067138672,175.7764892578125,17921900
2018-08-28,176.25999450683594,174.58786010742188,15910700
2018-08-29,175.89999389648438,174.23126220703125,18494100
2018-08-30,177.63999938964844,175.9547576904297,24216500
2018-08-31,175.72999572753906,174.06288146972656,18065200
2018-09-04,171.16000366210938,169.53623962402344,29809000
2018-09-05,167.17999267578125,165.59397888183594,31226700
2018-09-06,162.52999877929688,160.98812866210938,41514800
2018-09-07,163.0399932861328,161.49327087402344,24300600
2018-09-10,164.17999267578125,162.62245178222656,20197700
2018-09-11,165.94000244140625,164.36578369140625,20457100
2018-09-12,162.0,160.46316528320312,24078100
2018-09-13,161.36000061035156,159.8292236328125,25453800
2018-09-14,162.32000732421875,160.78012084960938,21770400
2018-09-17,160.5800018310547,159.05662536621094,21005300
2018-09-18,160.3000030517578,158.77923583984375,22465200
2018-09-19,163.05999755859375,161.5131072998047,19629000
2018-09-20,166.02000427246094,164.44500732421875,18936000
2018-09-21,162.92999267578125,161.38430786132812,45994800
2018-09-24,165.41000366210938,163.8407745361328,19222800
2018-09-25,164.91000366210938,163.34552001953125,27622800
2018-09-26,166.9499969482422,165.36614990234375,25252200
2018-09-27,168.83999633789062,167.23822021484375,27266900
2018-09-28,164.4600067138672,162.89979553222656,34265600
2018-10-01,162.44000244140625,160.89895629882812,26407700
2018-10-02,159.3300018310547,157.81845092773438,36031000
2018-10-03,162.42999267578125,160.88905334472656,23109500
2018-10-04,158.85000610351562,157.34303283691406,25739600
2018-10-05,157.3300018310547,155.83743286132812,25744000
2018-10-08,157.25,155.7581787109375,24046000
2018-10-09,157.89999389648438,156.4020233154297,18844400
2018-10-10,151.3800048828125,149.94387817382812,30610000
2018-10-11,153.35000610351562,151.89520263671875,35338900
2018-10-12,153.74000549316406,152.281494140625,25293500
2018-10-15,153.52000427246094,152.06358337402344,15433500
2018-10-16,158.77999877929688,157.27366638183594,19180100
2018-10-17,159.4199981689453,157.90762329101562,17592000
2018-10-18,154.9199981689453,153.45030212402344,21675100
2018-10-19,154.0500030517578,152.58856201171875,19761300
2018-10-22,154.77999877929688,153.31161499023438,15424700
2018-10-23,154.38999938964844,152.92535400390625,19095000
2018-10-24,146.0399932861328,144.65455627441406,27744600
2018-10-25,150.9499969482422,149.51797485351562,22105700
2018-10-26,145.3699951171875,143.99085998535156,31303300
2018-10-29,142.08999633789062,140.74200439453125,31336800
2018-10-30,146.22000122070312,144.83282470703125,50528300
2018-10-31,151.7899932861328,150.3500213623047,60101300
2018-11-01,151.75,150.31039428710938,25640800
2018-11-02,150.35000610351562,148.92367553710938,24708700
2018-11-05,148.67999267578125,147.2694854736328,15971200
2018-11-06,149.94000244140625,148.51756286621094,16667100
2018-11-07,151.52999877929688,150.09246826171875,21877400
2018-11-08,147.8699951171875,146.4671630859375,24145800
2018-11-09,144.9600067138672,143.5847930908203,17326900
2018-11-12,141.5500030517578,140.20713806152344,18542100
2018-11-13,142.16000366210938,140.81134033203125,15141700
2018-11-14,144.22000122070312,142.851806640625,22068400
2018-11-15,143.85000610351562,142.48529052734375,30320300
2018-11-16,139.52999877929688,138.20631408691406,37250600
2018-11-19,131.5500030517578,130.302001953125,44362700
2018-11-20,132.42999267578125,131.1736297607422,41939500
2018-11-21,134.82000732421875,133.5409698486328,25469700
2018-11-23,131.72999572753906,130.4802703857422,11886100
2018-11-26,136.3800048828125,135.086181640625,24263600
2018-11-27,135.0,133.71926879882812,20750300
2018-11-28,136.75999450683594,135.4625701904297,29847500
2018-11-29,138.67999267578125,137.3643341064453,24238700
2018-11-30,140.61000061035156,139.2760467529297,25732600
2018-12-03,141.08999633789062,139.7515106201172,24819200
2018-12-04,137.92999267578125,136.6214599609375,30307400
2018-12-06,139.6300048828125,138.30535888671875,28218100
2018-12-07,137.4199981689453,136.1163330078125,21195500
2018-12-10,141.85000610351562,140.50428771972656,26422200
2018-12-11,142.0800018310547,140.73211669921875,20300300
2018-12-12,144.5,143.12916564941406,23696900
2018-12-13,145.00999450683594,143.63430786132812,18148600
2018-12-14,144.05999755859375,142.6933135986328,21785800
2018-12-17,140.19000244140625,138.86004638671875,24334000
2018-12-18,143.66000366210938,142.29708862304688,24709100
2018-12-19,133.24000549316406,131.97598266601562,57404900
2018-12-20,133.39999389648438,132.1344451904297,40297900
2018-12-21,124.94999694824219,123.76461029052734,56901500
2018-12-24,124.05999755859375,122.88306427001953,22066000
2018-12-26,134.17999267578125,132.90704345703125,39723400
2018-12-27,134.52000427246094,133.2438507080078,31202500
2018-12-28,133.1999969482422,131.93638610839844,22627600
2018-12-31,131.08999633789062,129.8463592529297,24625300
2019-01-02,135.67999267578125,134.392822265625,28146200
2019-01-03,131.74000549316406,130.4901885986328,22717900
2019-01-04,137.9499969482422,136.6412811279297,29002100
2019-01-07,138.0500030517578,136.7403564453125,20089300
2019-01-08,142.52999877929688,141.17782592773438,26263800
2019-01-09,144.22999572753906,142.8616943359375,22205900
2019-01-10,144.1999969482422,142.83201599121094,16125000
2019-01-11,143.8000030517578,142.435791015625,12908000
2019-01-14,145.38999938964844,144.0106964111328,20520300
2019-01-15,148.9499969482422,147.5369415283203,24069000
2019-01-16,147.5399932861328,146.1403045654297,18025700
2019-01-17,148.3000030517578,146.89312744140625,15787900
2019-01-18,150.0399932861328,148.61659240722656,31029600
2019-01-22,147.57000732421875,146.17002868652344,22378700
2019-01-23,144.3000030517578,142.93104553222656,20098400
2019-01-24,145.8300018310547,144.446533203125,20955500
2019-01-25,149.00999450683594,147.5963592529297,22237200
2019-01-28,147.47000122070312,146.07101440429688,15508500
2019-01-29,144.19000244140625,142.8220672607422,17632100
2019-01-30,150.4199981689453,148.99298095703125,44613200
2019-01-31,166.69000244140625,165.10862731933594,77233600
2019-02-01,165.7100067138672,164.137939453125,30806500
2019-02-04,169.25,167.64434814453125,20036000
2019-02-05,171.16000366210938,169.53623962402344,22557000
2019-02-06,170.49000549316406,168.8726043701172,13281200
2019-02-07,166.3800048828125,164.80160522460938,17517600
2019-02-08,167.3300018310547,165.74258422851562,12561400
2019-02-11,165.7899932861328,164.2171630859375,12811200
2019-02-12,165.0399932861328,163.47427368164062,16292300
2019-02-13,164.07000732421875,162.5135040283203,14205100
2019-02-14,163.9499969482422,162.39463806152344,12755200
2019-02-15,162.5,160.95838928222656,15504400
2019-02-19,162.2899932861328,160.75039672851562,14345400
2019-02-20,162.55999755859375,161.017822265625,11770700
2019-02-21,160.0399932861328,158.52171325683594,15607800
2019-02-22,161.88999938964844,160.35418701171875,15858500
2019-02-25,164.6199951171875,163.0582733154297,18737100
2019-02-26,164.1300048828125,162.5729217529297,13784100
2019-02-27,162.80999755859375,161.2654571533203,12697500
2019-02-28,161.4499969482422,159.91835021972656,11114200
2019-03-01,162.27999877929688,160.740478515625,11097800
2019-03-04,167.3699951171875,165.78216552734375,18894700
2019-03-05,171.25999450683594,169.63528442382812,28187900
2019-03-06,172.50999450683594,170.87344360351562,21531700
2019-03-07,169.1300048828125,167.52549743652344,18306500
2019-03-08,169.60000610351562,167.9910430908203,13184800
2019-03-11,172.07000732421875,170.43760681152344,18884000
2019-03-12,171.9199981689453,170.2890167236328,12155300
2019-03-13,173.3699951171875,171.72528076171875,11973300
2019-03-14,170.1699981689453,168.55563354492188,18037400
2019-03-15,165.97999572753906,164.40536499023438,37135400
2019-03-18,160.47000122070312,158.94766235351562,37524200
2019-03-19,161.57000732421875,160.03720092773438,25611500
2019-03-20,165.44000244140625,163.87049865722656,20211500
2019-03-21,166.0800018310547,164.50445556640625,16223000
2019-03-22,164.33999633789062,162.7809295654297,16389200
2019-03-25,166.2899932861328,164.71241760253906,12631200
2019-03-26,167.67999267578125,166.0892333984375,15437900
2019-03-27,165.8699951171875,164.29641723632812,10620300
2019-03-28,165.5500030517578,163.97946166992188,10443000
2019-03-29,166.69000244140625,165.10862731933594,13455500
2019-04-01,168.6999969482422,167.09954833984375,10381500
2019-04-02,174.1999969482422,172.54739379882812,23946500
2019-04-03,173.5399932861328,171.89364624023438,27391100
2019-04-04,176.02000427246094,174.35011291503906,17847700
2019-04-05,175.72000122070312,174.052978515625,9594100
2019-04-08,174.92999267578125,173.2704620361328,7297400
2019-04-09,177.5800018310547,175.89532470703125,19751000
2019-04-10,177.82000732421875,176.13302612304688,11701500
2019-04-11,177.50999450683594,175.82598876953125,8071000
2019-04-12,179.10000610351562,177.4009246826172,12329800
2019-04-15,179.64999389648438,177.9456787109375,10834800
2019-04-16,178.8699951171875,177.17308044433594,11215200
2019-04-17,178.77999877929688,177.08395385742188,9973700
2019-04-18,178.27999877929688,176.5886993408203,11655600
2019-04-22,181.44000244140625,179.71873474121094,13389900
2019-04-23,183.77999877929688,182.03651428222656,19954800
2019-04-24,182.5800018310547,180.847900390625,37289900
2019-04-25,193.25999450683594,191.4265594482422,54148800
2019-04-26,191.49000549316406,189.67340087890625,22075000
2019-04-29,194.77999877929688,192.93214416503906,19641300
2019-04-30,193.39999389648438,191.56524658203125,23494700
2019-05-01,193.02999877929688,191.19876098632812,15996600
2019-05-02,192.52999877929688,190.7034912109375,13209500
2019-05-03,195.47000122070312,193.6156005859375,14575400
2019-05-06,193.8800048828125,192.04067993164062,13994900
2019-05-07,189.77000427246094,187.96966552734375,16253000
2019-05-08,189.5399932861328,187.7418670654297,12505700
2019-05-09,188.64999389648438,186.8603057861328,12967000
2019-05-10,188.33999633789062,186.55323791503906,12578500
2019-05-13,181.5399932861328,179.8177490234375,16833300
2019-05-14,180.72999572753906,179.0154266357422,17628100
2019-05-15,186.27000427246094,184.50289916992188,16746900
2019-05-16,186.99000549316406,185.21604919433594,12953100
2019-05-17,185.3000030517578,183.54208374023438,10485400
2019-05-20,182.72000122070312,180.98655700683594,10352000
2019-05-21,184.82000732421875,183.06666564941406,7502800
2019-05-22,185.32000732421875,183.5618896484375,9213800
2019-05-23,180.8699951171875,179.15411376953125,12768800
2019-05-24,181.05999755859375,179.3423309326172,8807700
2019-05-28,184.30999755859375,182.56150817871094,14843300
2019-05-29,182.19000244140625,180.46157836914062,12797700
2019-05-30,183.00999450683594,181.27378845214844,8581500
2019-05-31,177.47000122070312,175.786376953125,15226500
2019-06-03,164.14999389648438,162.5927276611328,56059600
2019-06-04,167.5,165.91094970703125,46044300
2019-06-05,168.1699981689453,166.5745849609375,19758300
2019-06-06,168.3300018310547,166.73309326171875,12446400
2019-06-07,173.35000610351562,171.70547485351562,16917300
2019-06-10,174.82000732421875,173.16152954101562,14767900
2019-06-11,178.10000610351562,176.41041564941406,15266600
2019-06-12,175.0399932861328,173.37942504882812,17699800
2019-06-13,177.47000122070312,175.786376953125,12253600
2019-06-14,181.3300018310547,179.60975646972656,16773700
2019-06-17,189.00999450683594,187.21688842773438,29459900
2019-06-18,188.47000122070312,186.6820068359375,37571400
2019-06-19,187.47999572753906,185.701416015625,21417100
2019-06-20,189.52999877929688,187.73194885253906,14635700
2019-06-21,191.13999938964844,189.32669067382812,22751200
2019-06-24,192.60000610351562,190.77284240722656,15509000
2019-06-25,188.83999633789062,187.0485076904297,16750300
2019-06-26,187.66000366210938,185.87969970703125,12808600
2019-06-27,189.5,187.70223999023438,11159000
2019-06-28,193.0,191.16905212402344,16378900
2019-07-01,193.0,191.16905212402344,14181800
2019-07-02,195.0,193.15005493164062,9050000
2019-07-03,197.1999969482422,195.32919311523438,10246100
2019-07-05,196.39999389648438,194.5367889404297,11164100
2019-07-08,195.75999450683594,193.90286254882812,9723900
2019-07-09,199.2100067138672,197.32012939453125,14698600
2019-07-10,202.72999572753906,200.80674743652344,20571700
2019-07-11,201.22999572753906,199.32095336914062,13678500
2019-07-12,204.8699951171875,202.9264373779297,15366300
2019-07-15,203.91000366210938,201.9755401611328,16030300
2019-07-16,203.83999633789062,201.90621948242188,12132700
2019-07-17,201.8000030517578,199.88558959960938,12083700
2019-07-18,200.77999877929688,198.87522888183594,11937900
2019-07-19,198.36000061035156,196.47816467285156,12098300
2019-07-22,202.32000732421875,200.40061950683594,13589000
2019-07-23,202.36000061035156,200.4402618408203,14583700
2019-07-24,204.66000366210938,202.71839904785156,32532500
2019-07-25,200.7100067138672,198.80589294433594,39889900
2019-07-26,199.75,197.85499572753906,24434000
2019-07-29,195.94000244140625,194.08114624023438,16530800
2019-07-30,197.0399932861328,195.1707000732422,11903600
2019-07-31,194.22999572753906,192.38739013671875,14593500
2019-08-01,192.72999572753906,190.901611328125,17777000
2019-08-02,189.02000427246094,187.22679138183594,15297000
2019-08-05,181.72999572753906,180.00595092773438,23086700
2019-08-06,184.50999450683594,182.75958251953125,18035700
2019-08-07,185.14999389648438,183.39349365234375,15833200
2019-08-08,190.16000366210938,188.35598754882812,14828900
2019-08-09,187.85000610351562,186.0679168701172,11058800
2019-08-12,185.3699951171875,183.61141967773438,10930900
2019-08-13,188.4499969482422,186.66217041015625,13577000
2019-08-14,179.7100067138672,178.005126953125,18903700
2019-08-15,182.58999633789062,180.8577880859375,12925900
2019-08-16,183.6999969482422,181.95726013183594,12654600
2019-08-19,186.1699981689453,184.40383911132812,9691200
2019-08-20,183.80999755859375,182.0662384033203,10083400
2019-08-21,183.5500030517578,181.80868530273438,8398200
2019-08-22,182.0399932861328,180.31298828125,10821400
2019-08-23,177.75,176.06370544433594,17323400
2019-08-26,180.36000061035156,178.6489715576172,8773600
2019-08-27,181.3000030517578,179.5800323486328,14399600
2019-08-28,181.75999450683594,180.03567504882812,9386100
2019-08-29,185.57000732421875,183.8095245361328,10128700
2019-08-30,185.6699981689453,183.90859985351562,10774500
2019-09-03,182.38999938964844,180.65969848632812,9779400
2019-09-04,187.13999938964844,185.36463928222656,11308000
2019-09-05,190.89999389648438,189.08895874023438,13876700
2019-09-06,187.49000549316406,185.71131896972656,15226800
2019-09-09,188.75999450683594,186.9692840576172,14722400
2019-09-10,186.1699981689453,184.40383911132812,15455900
2019-09-11,188.49000549316406,186.70181274414062,11761700
2019-09-12,187.47000122070312,185.69149780273438,11419800
2019-09-13,187.19000244140625,185.4141845703125,11441100
2019-09-16,186.22000122070312,184.453369140625,8444800
2019-09-17,188.0800018310547,186.29571533203125,9671100
2019-09-18,188.13999938964844,186.3551788330078,9681900
2019-09-19,190.13999938964844,188.336181640625,10392700
2019-09-20,189.92999267578125,188.12815856933594,19934200
2019-09-23,186.82000732421875,185.04766845703125,13327600
2019-09-24,181.27999877929688,179.5602264404297,18546600
2019-09-25,182.8000030517578,181.06582641601562,18068300
2019-09-26,180.11000061035156,178.40130615234375,16083300
2019-09-27,177.10000610351562,175.41989135742188,14656200
2019-09-30,178.0800018310547,176.3905792236328,10740000
2019-10-01,175.80999755859375,174.1421356201172,17073000
2019-10-02,174.60000610351562,172.94357299804688,16151700
2019-10-03,179.3800048828125,177.67825317382812,16086300
2019-10-04,180.4499969482422,178.73806762695312,10430200
2019-10-07,179.67999267578125,177.97540283203125,9178300
2019-10-08,177.75,176.06370544433594,9466900
2019-10-09,179.85000610351562,178.14378356933594,7556900
2019-10-10,180.02999877929688,178.3220977783203,8605000
2019-10-11,184.19000244140625,182.442626953125,14930500
2019-10-14,183.27999877929688,181.54124450683594,7006000
2019-10-15,188.88999938964844,187.0980224609375,15039100
2019-10-16,189.5500030517578,187.7517852783203,10516900
2019-10-17,190.38999938964844,188.5837860107422,9603000
2019-10-18,185.85000610351562,184.08688354492188,16874200
2019-10-21,189.75999450683594,187.95977783203125,8122600
2019-10-22,182.33999633789062,180.61016845703125,19537600
2019-10-23,186.14999389648438,184.38401794433594,12300400
2019-10-24,186.3800048828125,184.6118621826172,11413500
2019-10-25,187.88999938964844,186.1074981689453,8061200
2019-10-28,189.39999389648438,187.60317993164062,13657900
2019-10-29,189.30999755859375,187.51405334472656,13574900
2019-10-30,188.25,186.46408081054688,28734600
2019-10-31,191.64999389648438,189.83184814453125,42286500
2019-11-01,193.6199951171875,191.78314208984375,21711800
2019-11-04,194.72000122070312,192.87271118164062,16371300
2019-11-05,194.32000732421875,192.4765167236328,9942000
2019-11-06,191.5500030517578,189.73280334472656,10973000
2019-11-07,190.4199981689453,188.613525390625,13473000
2019-11-08,190.83999633789062,189.02952575683594,10760800
2019-11-11,189.61000061035156,187.8112030029297,8631200
2019-11-12,194.47000122070312,192.62509155273438,17615500
2019-11-13,193.19000244140625,191.3572540283203,10860700
2019-11-14,193.14999389648438,191.317626953125,9040500
2019-11-15,195.10000610351562,193.24911499023438,11524300
2019-11-18,197.39999389648438,195.5272979736328,16167200
2019-11-19,199.32000732421875,197.42909240722656,19056800
2019-11-20,197.50999450683594,195.6362762451172,12355400
2019-11-21,197.92999267578125,196.05226135253906,12131000
2019-11-22,198.82000732421875,196.93385314941406,9959800
2019-11-25,199.7899932861328,197.8946075439453,15272300
2019-11-26,198.97000122070312,197.08238220214844,11735500
2019-11-27,202.0,200.08364868164062,12736600
2019-11-29,201.63999938964844,199.72708129882812,7985200
2019-12-02,199.6999969482422,197.8054656982422,11503400
2019-12-03,198.82000732421875,196.93385314941406,11595300
2019-12-04,198.7100067138672,196.82489013671875,8456300
2019-12-05,199.36000061035156,197.46868896484375,9740400
2019-12-06,201.0500030517578,199.14268493652344,12270600
2019-12-09,201.33999633789062,199.42991638183594,11954800
2019-12-10,200.8699951171875,198.96438598632812,9475700
2019-12-11,202.25999450683594,200.3411865234375,8036800
2019-12-12,196.75,194.88348388671875,23734800
2019-12-13,194.11000061035156,192.2685089111328,18798000
2019-12-16,197.9199981689453,196.04237365722656,14911500
2019-12-17,198.38999938964844,196.50791931152344,10175700
2019-12-18,202.5,200.57894897460938,23274400
2019-12-19,206.05999755859375,204.10511779785156,16514600
2019-12-20,206.3000030517578,204.34288024902344,27306900
2019-12-23,206.17999267578125,204.22401428222656,13348900
2019-12-24,205.1199951171875,203.17408752441406,6046300
2019-12-26,207.7899932861328,205.8187255859375,9350700
2019-12-27,208.10000610351562,206.1258087158203,10284200
2019-12-30,204.41000366210938,202.47079467773438,10524300
2019-12-31,205.25,203.3028106689453,8953500
2020-01-02,209.77999877929688,207.78985595703125,12077100
2020-01-03,208.6699981689453,206.69041442871094,11188400
2020-01-06,212.60000610351562,210.58311462402344,17058900
2020-01-07,213.05999755859375,211.03872680664062,14912400
2020-01-08,215.22000122070312,213.17823791503906,13475000
2020-01-09,218.3000030517578,216.22903442382812,12642800
2020-01-10,218.05999755859375,215.99130249023438,12119400
2020-01-13,221.91000366210938,219.80477905273438,14463400
2020-01-14,219.05999755859375,216.9818115234375,13288900
2020-01-15,221.14999389648438,219.05198669433594,10036500
2020-01-16,221.77000427246094,219.66610717773438,10015300
2020-01-17,222.13999938964844,220.0325927734375,15905900
2020-01-21,221.44000244140625,219.3392333984375,14275800
2020-01-22,221.32000732421875,219.2204132080078,12212800
2020-01-23,219.75999450683594,217.6751708984375,11195000
2020-01-24,217.94000244140625,215.8724822998047,11905800
2020-01-27,214.8699951171875,212.83155822753906,13810700
2020-01-28,217.7899932861328,215.72384643554688,13413800
2020-01-29,223.22999572753906,221.1122283935547,33181300
2020-01-30,209.52999877929688,207.542236328125,48775500
2020-01-31,201.91000366210938,199.99452209472656,31359900
2020-02-03,204.19000244140625,202.25289916992188,15495600
2020-02-04,209.8300018310547,207.83938598632812,19628900
2020-02-05,210.11000061035156,208.1167449951172,12538200
2020-02-06,210.85000610351562,208.84971618652344,10567500
2020-02-07,212.3300018310547,210.315673828125,12242500
2020-02-10,213.05999755859375,211.03872680664062,11856400
2020-02-11,207.19000244140625,205.22442626953125,25030800
2020-02-12,210.75999450683594,208.76052856445312,13813700
2020-02-13,213.13999938964844,211.11798095703125,15396600
2020-02-14,214.17999267578125,212.14810180664062,10741700
2020-02-18,217.8000030517578,215.7337646484375,15609200
2020-02-19,217.49000549316406,215.42672729492188,12135100
2020-02-20,214.5800018310547,212.5443115234375,13109200
2020-02-21,210.17999267578125,208.18603515625,14092300
2020-02-24,200.72000122070312,198.81581115722656,23080100
2020-02-25,196.77000427246094,194.90328979492188,21433500
2020-02-26,197.1999969482422,195.32919311523438,16524500
2020-02-27,189.75,187.94989013671875,21682600
2020-02-28,192.47000122070312,190.64407348632812,32568900
2020-03-02,196.44000244140625,194.576416015625,24949000
2020-03-03,185.88999938964844,184.12646484375,27984100
2020-03-04,191.75999450683594,189.94081115722656,23062500
2020-03-05,185.1699981689453,183.413330078125,19333400
2020-03-06,181.08999633789062,179.37200927734375,24559600
2020-03-09,169.5,167.89198303222656,29949000
2020-03-10,178.19000244140625,176.49952697753906,24517800
2020-03-11,170.24000549316406,168.62496948242188,20373900
2020-03-12,154.47000122070312,153.0045928955078,43266300
2020-03-13,170.27999877929688,168.66458129882812,35028600
2020-03-16,146.00999450683594,144.6248321533203,39120400
2020-03-17,149.4199981689453,148.0024871826172,34255600
2020-03-18,146.9600067138672,145.56581115722656,37553100
2020-03-19,153.1300048828125,151.6773223876953,39862300
2020-03-20,149.72999572753906,148.3095245361328,32568400
2020-03-23,148.10000610351562,146.69500732421875,29830800
2020-03-24,160.97999572753906,159.45281982421875,30440400
2020-03-25,156.2100067138672,154.7280731201172,35184300
2020-03-26,163.33999633789062,161.79042053222656,26556800
2020-03-27,156.7899932861328,155.3025665283203,24879900
2020-03-30,165.9499969482422,164.37564086914062,22515200
2020-03-31,166.8000030517578,165.2176055908203,23676300
2020-04-01,159.60000610351562,158.08592224121094,19507600
2020-04-02,158.19000244140625,156.6892852783203,20886300
2020-04-03,154.17999267578125,152.71731567382812,25983300
2020-04-06,165.5500030517578,163.97946166992188,28453600
2020-04-07,168.8300018310547,167.2283477783203,31411900
2020-04-08,174.27999877929688,172.62661743164062,21664200
2020-04-09,175.19000244140625,173.5279998779297,23534300
2020-04-13,174.7899932861328,173.1317596435547,19355400
2020-04-14,178.1699981689453,176.47975158691406,21011800
2020-04-15,176.97000122070312,175.29112243652344,17423000
2020-04-16,176.25,174.5779571533203,23593200
2020-04-17,179.24000549316406,177.53958129882812,20974800
2020-04-20,178.24000549316406,176.54905700683594,16110700
2020-04-21,170.8000030517578,169.17965698242188,24850500
2020-04-22,182.27999877929688,180.55075073242188,33242000
2020-04-23,185.1300048828125,183.3737030029297,21426600
2020-04-24,190.07000732421875,188.26687622070312,28792000
2020-04-27,187.5,185.72122192382812,29197800
2020-04-28,182.91000366210938,181.1747589111328,21731000
2020-04-29,194.19000244140625,192.34774780273438,45954500
2020-04-30,204.7100067138672,202.7679443359375,46230100
2020-05-01,202.27000427246094,200.35110473632812,30415600
2020-05-04,205.25999450683594,203.31272888183594,19250700
2020-05-05,207.07000732421875,205.10556030273438,21071200
2020-05-06,208.47000122070312,206.49229431152344,21857000
2020-05-07,211.25999450683594,209.25582885742188,15152000
2020-05-08,212.35000610351562,210.33551025390625,12506000
2020-05-11,213.17999267578125,211.1575927734375,12911900
2020-05-12,210.10000610351562,208.1068115234375,14704600
2020-05-13,205.10000610351562,203.15428161621094,20684600
2020-05-14,206.80999755859375,204.84803771972656,17178900
2020-05-15,210.8800048828125,208.87942504882812,19383200
2020-05-18,213.19000244140625,211.16751098632812,20151900
2020-05-19,216.8800048828125,214.82247924804688,31843200
2020-05-20,229.97000122070312,227.78831481933594,50162900
2020-05-21,231.38999938964844,229.19485473632812,47782600
2020-05-22,234.91000366210938,232.68145751953125,33925600
2020-05-26,232.1999969482422,229.9971160888672,33178300
2020-05-27,229.13999938964844,226.96620178222656,34697600
2020-05-28,225.4600067138672,223.3211212158203,29377200
2020-05-29,225.08999633789062,222.95460510253906,23241500
2020-06-01,231.91000366210938,229.7099151611328,18223800
2020-06-02,232.72000122070312,230.51222229003906,20919000
2020-06-03,230.16000366210938,227.97653198242188,15380300
2020-06-04,226.2899932861328,224.14321899414062,17041500
2020-06-05,230.77000427246094,228.58071899414062,16750400
2020-06-08,231.39999389648438,229.20474243164062,15466500
2020-06-09,238.6699981689453,236.40576171875,27462900
2020-06-10,236.72999572753906,234.4841766357422,20720700
2020-06-11,224.42999267578125,222.30088806152344,26708200
2020-06-12,228.5800018310547,226.4114990234375,22091400
2020-06-15,232.5,230.2943115234375,15340300
2020-06-16,235.64999389648438,233.41441345214844,15236700
2020-06-17,235.52999877929688,233.2955780029297,19578100
2020-06-18,235.94000244140625,233.70166015625,15782500
2020-06-19,238.7899932861328,236.5246124267578,30081300
2020-06-22,239.22000122070312,236.95054626464844,18917800
2020-06-23,242.24000549316406,239.94190979003906,24017900
2020-06-24,234.02000427246094,231.79989624023438,20834900
2020-06-25,235.67999267578125,233.44412231445312,18704300
2020-06-26,216.0800018310547,214.03009033203125,76343900
2020-06-29,220.63999938964844,218.54684448242188,58514300
2020-06-30,227.07000732421875,224.91586303710938,33927100
2020-07-01,237.5500030517578,235.29640197753906,43399700
2020-07-02,233.4199981689453,231.20558166503906,30633600
2020-07-06,240.27999877929688,238.00050354003906,26206200
2020-07-07,240.86000061035156,238.57501220703125,27887800
2020-07-08,243.5800018310547,241.26919555664062,29791300
2020-07-09,244.5,242.18048095703125,22174900
2020-07-10,245.07000732421875,242.7450408935547,22982700
2020-07-13,239.0,236.73265075683594,24674900
2020-07-14,239.72999572753906,237.45571899414062,23378100
2020-07-15,240.27999877929688,238.00050354003906,19133600
2020-07-16,240.92999267578125,238.64431762695312,18880700
2020-07-17,242.02999877929688,239.73390197753906,18152400
2020-07-20,245.4199981689453,243.09173583984375,20872200
2020-07-21,241.75,239.45655822753906,19364200
2020-07-22,239.8699951171875,237.5944061279297,15427900
2020-07-23,232.60000610351562,230.3933563232422,21771800
2020-07-24,230.7100067138672,228.52133178710938,18325800
2020-07-27,233.5,231.28485107421875,13163100
2020-07-28,230.1199951171875,227.9368896484375,14170100
2020-07-29,233.2899932861328,231.07679748535156,13588300
2020-07-30,234.5,232.27532958984375,20615300
2020-07-31,253.6699981689453,251.2634735107422,53005100
2020-08-03,251.9600067138672,249.56971740722656,23124900
2020-08-04,249.8300018310547,247.4599151611328,17183500
2020-08-05,249.1199951171875,246.7566375732422,13050100
2020-08-06,265.2799987792969,262.7633056640625,45241600
2020-08-07,268.44000244140625,265.89337158203125,72766400
2020-08-10,263.0,260.50494384765625,30248800
2020-08-11,256.1300048828125,253.70013427734375,28238300
2020-08-12,259.8900146484375,257.42449951171875,21415700
2020-08-13,261.29998779296875,258.821044921875,17374000
2020-08-14,261.239990234375,258.76165771484375,14792700
2020-08-17,261.1600036621094,258.6824035644531,13351100
2020-08-18,262.3399963378906,259.8511962890625,18690400
2020-08-19,262.5899963378906,260.09881591796875,23291500
2020-08-20,269.010009765625,266.4579772949219,20299700
2020-08-21,267.010009765625,264.4769592285156,15538600
2020-08-24,271.3900146484375,268.8153381347656,23685600
2020-08-25,280.82000732421875,278.15594482421875,42127200
2020-08-26,303.9100036621094,301.0268249511719,69015200
2020-08-27,293.2200012207031,290.4382629394531,30301300
2020-08-28,293.6600036621094,290.87408447265625,17157400
2020-08-31,293.20001220703125,290.41851806640625,17345100
2020-09-01,295.44000244140625,292.63720703125,17295900
2020-09-02,302.5,299.6302185058594,24341400
2020-09-03,291.1199951171875,288.3581848144531,32294100
2020-09-04,282.7300109863281,280.0477294921875,30333700
2020-09-08,271.1600036621094,268.5875549316406,24864000
2020-09-09,273.7200012207031,271.123291015625,22918800
2020-09-10,268.0899963378906,265.54669189453125,24814700
2020-09-11,266.6099853515625,264.0807189941406,18913900
2020-09-14,266.1499938964844,263.6250305175781,24093800
2020-09-15,272.4200134277344,269.83563232421875,18478500
2020-09-16,263.5199890136719,261.02001953125,29183400
2020-09-17,254.82000732421875,252.40257263183594,31281400
2020-09-18,252.52999877929688,250.13430786132812,28130800
2020-09-21,248.14999389648438,245.79583740234375,24709400
2020-09-22,254.75,252.33322143554688,30293100
2020-09-23,249.02000427246094,246.6575927734375,19641300
2020-09-24,249.52999877929688,247.1627655029297,20006800
2020-09-25,254.82000732421875,252.40257263183594,18351300
2020-09-28,256.82000732421875,254.38363647460938,18826300
2020-09-29,261.7900085449219,259.3064270019531,20200200
2020-09-30,261.8999938964844,259.4154052734375,20142500
2020-10-01,266.6300048828125,264.1005554199219,20009800
2020-10-02,259.94000244140625,257.4739685058594,16367600
2020-10-05,264.6499938964844,262.1393127441406,12822300
2020-10-06,258.6600036621094,256.2061767578125,18696900
2020-10-07,258.1199951171875,255.6712646484375,23133400
2020-10-08,263.760009765625,261.25775146484375,16312800
2020-10-09,264.45001220703125,261.94122314453125,14107800
2020-10-12,275.75,273.1340026855469,31019300
2020-10-13,276.1400146484375,273.52032470703125,18063300
2020-10-14,271.82000732421875,269.2413024902344,15577800
2020-10-15,266.7200012207031,264.189697265625,15416100
2020-10-16,265.92999267578125,263.40716552734375,16622700
2020-10-19,261.3999938964844,258.9201965332031,13587000
2020-10-20,267.55999755859375,265.021728515625,18763200
2020-10-21,278.7300109863281,276.0857238769531,28998600
2020-10-22,278.1199951171875,275.48150634765625,16720000
2020-10-23,284.7900085449219,282.0882568359375,17535200
2020-10-26,277.1099853515625,274.4810791015625,21322900
2020-10-27,283.2900085449219,280.60247802734375,16287200
2020-10-28,267.6700134277344,265.1306457519531,23121800
2020-10-29,280.8299865722656,278.1658020019531,32368100
2020-10-30,263.1099853515625,260.6138916015625,47247800
2020-11-02,261.3599853515625,258.8805236816406,27165700
2020-11-03,265.29998779296875,262.783203125,17961900
2020-11-04,287.3800048828125,284.6536560058594,35364400
2020-11-05,294.67999267578125,291.8843688964844,23823600
2020-11-06,293.4100036621094,290.6264953613281,13891000
2020-11-09,278.7699890136719,276.1253356933594,25117700
2020-11-10,272.42999267578125,269.8454895019531,29067700
2020-11-11,276.4800109863281,273.85711669921875,14957000
2020-11-12,275.0799865722656,272.4703369140625,12899500
2020-11-13,276.95001220703125,274.3226318359375,10391200
2020-11-16,278.9599914550781,276.3135681152344,12970400
2020-11-17,275.0,272.39105224609375,15040300
2020-11-18,271.9700012207031,269.3898620605469,12152900
2020-11-19,272.94000244140625,270.35064697265625,12963700
2020-11-20,269.70001220703125,267.1414489746094,18114700
2020-11-23,268.42999267578125,265.8834533691406,20990800
2020-11-24,276.9200134277344,274.29290771484375,16930400
2020-11-25,275.5899963378906,272.97552490234375,12467000
2020-11-27,277.80999755859375,275.1744689941406,7808400
2020-11-30,276.9700012207031,274.3424072265625,16693300
2020-12-01,286.54998779296875,283.83154296875,20738900
2020-12-02,287.5199890136719,284.7923278808594,17361600
2020-12-03,281.8500061035156,279.1761474609375,12921700
2020-12-04,279.70001220703125,277.0465393066406,10880300
2020-12-07,285.5799865722656,282.8707580566406,13007700
2020-12-08,283.3999938964844,280.71142578125,10747700
2020-12-09,277.9200134277344,275.2834167480469,25189700
2020-12-10,277.1199951171875,274.49102783203125,20065100
2020-12-11,273.54998779296875,270.954833984375,14391400
2020-12-14,274.19000244140625,271.58880615234375,16376900
2020-12-15,275.54998779296875,272.9359436035156,23979500
2020-12-16,275.6700134277344,273.0548095703125,15885000
2020-12-17,274.4800109863281,271.8760986328125,16377800
2020-12-18,276.3999938964844,273.7778015136719,26693200
2020-12-21,272.7900085449219,270.2020263671875,16553700
2020-12-22,267.0899963378906,264.5561828613281,17312900
2020-12-23,268.1099853515625,265.5664367675781,14329000
2020-12-24,267.3999938964844,264.8631896972656,6702000
2020-12-28,277.0,274.3721618652344,23299700
2020-12-29,276.7799987792969,274.1542663574219,16383000
2020-12-30,271.8699951171875,269.29083251953125,11803800
2020-12-31,273.1600036621094,270.5686340332031,12900400
2021-01-04,268.94000244140625,266.3886413574219,15106100
2021-01-05,270.9700012207031,268.39935302734375,9871600
2021-01-06,263.30999755859375,260.8119812011719,24354100
2021-01-07,268.739990234375,266.1905517578125,15789800
2021-01-08,267.57000732421875,265.0316467285156,18528300
2021-01-11,256.8399963378906,254.40342712402344,30412300
2021-01-12,251.08999633789062,248.7079620361328,26383500
2021-01-13,251.63999938964844,249.25274658203125,19528900
2021-01-14,245.63999938964844,243.3096466064453,29739400
2021-01-15,251.36000061035156,248.97537231445312,24942900
2021-01-19,261.1000061035156,258.6229553222656,28028500
2021-01-20,267.4800109863281,264.9424743652344,25199900
2021-01-21,272.8699951171875,270.28131103515625,20838700
2021-01-22,274.5,271.89581298828125,21954000
2021-01-25,278.010009765625,275.3725891113281,19087000
2021-01-26,282.04998779296875,279.37420654296875,19373600
2021-01-27,272.1400146484375,269.5582275390625,35346200
2021-01-28,265.0,262.4859924316406,37758800
2021-01-29,258.3299865722656,255.8792266845703,30389500
2021-02-01,262.010009765625,259.5243835449219,22914300
2021-02-02,267.0799865722656,264.5462646484375,17320800
2021-02-03,266.6499938964844,264.1203308105469,14223400
2021-02-04,266.489990234375,263.96185302734375,16060000
2021-02-05,268.1000061035156,265.55657958984375,12454400
2021-02-08,266.5799865722656,264.051025390625,13755200
2021-02-09,269.45001220703125,266.893798828125,14613400
2021-02-10,271.8699951171875,269.29083251953125,14687200
2021-02-11,270.3900146484375,267.8248596191406,12828600
2021-02-12,270.5,267.9338073730469,9097600
2021-02-16,273.9700012207031,271.3708801269531,15417200
2021-02-17,273.57000732421875,270.9747009277344,12763200
2021-02-18,269.3900146484375,266.8343505859375,15249100
2021-02-19,261.55999755859375,259.07861328125,25622600
2021-02-22,260.3299865722656,257.86029052734375,17434900
2021-02-23,265.8599853515625,263.33782958984375,21924600
2021-02-24,264.30999755859375,261.8025207519531,15736100
2021-02-25,254.69000244140625,252.27381896972656,19053100
2021-02-26,257.6199951171875,255.17601013183594,26619500
2021-03-01,264.9100036621094,262.3968200683594,22157300
2021-03-02,259.0,256.54290771484375,15191700
2021-03-03,255.41000366210938,252.98695373535156,15513500
2021-03-04,257.6400146484375,255.19581604003906,31626500
2021-03-05,264.2799987792969,261.77276611328125,26820100
2021-03-08,255.30999755859375,252.88792419433594,18391800
2021-03-09,265.739990234375,263.2189636230469,22039700
2021-03-10,264.8999938964844,262.3869323730469,14210300
2021-03-11,273.8800048828125,271.28173828125,21834000
2021-03-12,268.3999938964844,265.8537292480469,20600200
2021-03-15,273.75,271.1529846191406,16844800
2021-03-16,279.2799987792969,276.63043212890625,22437700
2021-03-17,284.010009765625,281.3156433105469,21315000
2021-03-18,278.6199951171875,275.9767761230469,18728300
2021-03-19,290.1099853515625,287.3577575683594,38930500
2021-03-22,293.5400085449219,290.75518798828125,28273100
2021-03-23,290.6300048828125,287.8728332519531,23000900
2021-03-24,282.1400146484375,279.46343994140625,18675000
2021-03-25,278.739990234375,276.09564208984375,24505600
2021-03-26,283.0199890136719,280.3350524902344,17629200
2021-03-29,290.82000732421875,288.06103515625,21718800
2021-03-30,288.0,285.2677917480469,17474500
2021-03-31,294.5299987792969,291.7358703613281,19498200
2021-04-01,298.6600036621094,295.82666015625,17616000
2021-04-05,308.9100036621094,305.9793701171875,28237000
2021-04-06,306.260009765625,303.3546447753906,17335200
2021-04-07,313.0899963378906,310.1197814941406,22855200
2021-04-08,313.0199890136719,310.05047607421875,20894100
2021-04-09,312.4599914550781,309.4957275390625,15988600
2021-04-12,311.5400085449219,308.58447265625,10881900
2021-04-13,309.760009765625,306.8214111328125,14036900
2021-04-14,302.82000732421875,299.94720458984375,17421400
2021-04-15,307.82000732421875,304.8997497558594,14558300
2021-04-16,306.17999267578125,303.27532958984375,13059200
2021-04-19,302.239990234375,299.3726806640625,14553500
2021-04-20,302.6499938964844,299.77880859375,16796400
2021-04-21,301.4700012207031,298.6100158691406,14863500
2021-04-22,296.5199890136719,293.7070007324219,16375400
2021-04-23,301.1300048828125,298.2732238769531,17536800
2021-04-26,303.0400085449219,300.1651306152344,16172600
2021-04-27,303.57000732421875,300.6901550292969,15309300
2021-04-28,307.1000061035156,304.1865539550781,33907200
2021-04-29,329.510009765625,326.384033203125,56526800
2021-04-30,325.0799865722656,321.99603271484375,26332400
2021-05-03,322.5799865722656,319.5197448730469,18719500
2021-05-04,318.3599853515625,315.3397216796875,24032600
2021-05-05,315.0199890136719,312.0314636230469,15577600
2021-05-06,320.0199890136719,316.9840393066406,19012200
2021-05-07,319.0799865722656,316.0528869628906,15916700
2021-05-10,305.9700012207031,303.06732177734375,24239200
2021-05-11,306.5299987792969,303.62200927734375,18920100
2021-05-12,302.54998779296875,299.6796875,24645500
2021-05-13,305.260009765625,302.3641052246094,18079200
2021-05-14,315.94000244140625,312.9427185058594,19245700
2021-05-17,315.4599914550781,312.4673156738281,15401300
2021-05-18,309.9599914550781,307.0194091796875,14522400
2021-05-19,313.5899963378906,310.61505126953125,19106200
2021-05-20,318.6099853515625,315.58740234375,17320200
2021-05-21,316.2300109863281,313.2300109863281,13600900
2021-05-24,324.6300048828125,321.5502624511719,16445400
2021-05-25,327.7900085449219,324.6803283691406,16437000
2021-05-26,327.6600036621094,324.5516052246094,9686900
2021-05-27,332.75,329.5932312011719,20477700
2021-05-28,328.7300109863281,325.6114196777344,12037400
2021-06-01,329.1300048828125,326.0075378417969,11765900
2021-06-02,329.1499938964844,326.0273742675781,11654300
2021-06-03,326.0400085449219,322.9469299316406,12610800
2021-06-04,330.3500061035156,327.21600341796875,13289400
2021-06-07,336.5799865722656,333.3868408203125,20136700
2021-06-08,333.67999267578125,330.514404296875,14580500
2021-06-09,330.25,327.11700439453125,13727900
2021-06-10,332.4599914550781,329.3059997558594,13240200
2021-06-11,331.260009765625,328.11737060546875,13587900
2021-06-14,336.7699890136719,333.5751037597656,12250800
2021-06-15,336.75,333.55535888671875,15795200
2021-06-16,331.0799865722656,327.9390869140625,17232200
2021-06-17,336.510009765625,333.31756591796875,17794100
2021-06-18,329.6600036621094,326.5326232910156,23039500
2021-06-21,332.2900085449219,329.1376037597656,11337500
2021-06-22,339.0299987792969,335.813720703125,15345300
2021-06-23,340.5899963378906,337.3588562011719,14817800
2021-06-24,343.17999267578125,339.92431640625,12329100
2021-06-25,341.3699951171875,338.1315002441406,14594400
2021-06-28,355.6400146484375,352.26605224609375,29156100
2021-06-29,351.8900146484375,348.5517272949219,21417300
2021-06-30,347.7099914550781,344.4114074707031,15107500
2021-07-01,354.3900146484375,351.02801513671875,17137000
2021-07-02,354.70001220703125,351.3350830078125,11521300
2021-07-06,352.7799987792969,349.4332275390625,13488500
2021-07-07,350.489990234375,347.1648864746094,14218900
2021-07-08,345.6499938964844,342.3708801269531,14406500
2021-07-09,350.4200134277344,347.09564208984375,13018700
2021-07-12,353.1600036621094,349.80963134765625,10018600
2021-07-13,352.0899963378906,348.7498474121094,11456000
2021-07-14,347.6300048828125,344.33209228515625,13894200
2021-07-15,344.4599914550781,341.1921691894531,14781600
2021-07-16,341.1600036621094,337.9234313964844,11026100
2021-07-19,336.95001220703125,333.7534484863281,14372300
2021-07-20,341.6600036621094,338.4187316894531,11024300
2021-07-21,346.2300109863281,342.9453430175781,9279700
2021-07-22,351.19000244140625,347.8583679199219,12385400
2021-07-23,369.7900085449219,366.2818908691406,33694300
2021-07-26,372.4599914550781,368.92645263671875,14925200
2021-07-27,367.80999755859375,364.32061767578125,15705400
2021-07-28,373.2799987792969,369.73876953125,29676900
2021-07-29,358.32000732421875,354.9206237792969,33413200
2021-07-30,356.29998779296875,352.91986083984375,15976200
2021-08-02,351.95001220703125,348.61114501953125,13180400
2021-08-03,351.239990234375,347.9078063964844,12406100
2021-08-04,358.9200134277344,355.5150451660156,14180600
2021-08-05,362.9700012207031,359.5265808105469,10247200
2021-08-06,363.510009765625,360.06146240234375,8925000
2021-08-09,361.6099853515625,358.179443359375,7798900
2021-08-10,361.1300048828125,357.7040100097656,7469900
2021-08-11,359.9599914550781,356.5451354980469,8400300
2021-08-12,362.6499938964844,359.2096252441406,7170700
2021-08-13,363.17999267578125,359.73455810546875,7195700
2021-08-16,366.55999755859375,363.0824890136719,11222100
2021-08-17,358.45001220703125,355.0494384765625,12328700
2021-08-18,355.45001220703125,352.077880859375,10042400
2021-08-19,355.1199951171875,351.75103759765625,12004500
2021-08-20,359.3699951171875,355.960693359375,8697700
2021-08-23,363.3500061035156,359.9029541015625,10942000
2021-08-24,365.510009765625,362.0425109863281,9235100
2021-08-25,368.3900146484375,364.89520263671875,9684500
2021-08-26,364.3800048828125,360.92315673828125,7888700
2021-08-27,372.6300048828125,369.09490966796875,11219100
2021-08-30,380.6600036621094,377.04876708984375,13547300
2021-08-31,379.3800048828125,375.7808837890625,12345400
2021-09-01,382.04998779296875,378.4255676269531,11567200
2021-09-02,375.2799987792969,371.71978759765625,14832900
2021-09-03,376.260009765625,372.6904296875,7509600
2021-09-07,382.17999267578125,378.5543518066406,10793800
2021-09-08,377.57000732421875,373.98809814453125,11067200
2021-09-09,378.0,374.4139404296875,9098900
2021-09-10,378.69000244140625,375.0974426269531,11549600
2021-09-13,376.510009765625,372.93817138671875,13026300
2021-09-14,376.5299987792969,372.9579162597656,8711600
2021-09-15,373.9200134277344,370.3727111816406,17940300
2021-09-16,373.05999755859375,369.5208740234375,11934200
2021-09-17,364.7200012207031,361.2599792480469,26299000
2021-09-20,355.70001220703125,352.3255615234375,19822800
2021-09-21,357.4800109863281,354.0886535644531,11751900
2021-09-22,343.2099914550781,339.9540100097656,43692900
2021-09-23,345.9599914550781,342.6779479980469,21806300
2021-09-24,352.9599914550781,349.6114501953125,18801900
2021-09-27,353.5799865722656,350.2255859375,15205800
2021-09-28,340.6499938964844,337.4183044433594,21710300
2021-09-29,339.6099853515625,336.3881530761719,14452200
2021-09-30,339.3900146484375,336.1703186035156,16547100
2021-10-01,343.010009765625,339.75592041015625,14905300
2021-10-04,326.2300109863281,323.1351318359375,42885000
2021-10-05,332.9599914550781,329.8012390136719,35377900
2021-10-06,333.6400146484375,330.474853515625,26443000
2021-10-07,329.2200012207031,326.09674072265625,28307500
2021-10-08,330.04998779296875,326.9188232421875,15946100
2021-10-11,325.45001220703125,322.36248779296875,14708200
2021-10-12,323.7699890136719,320.69842529296875,31658700
2021-10-13,324.5400085449219,321.4611511230469,14761500
2021-10-14,328.5299987792969,325.41326904296875,14302200
2021-10-15,324.760009765625,321.67913818359375,21596400
2021-10-18,335.3399963378906,332.1586608886719,21585000
2021-10-19,339.989990234375,336.7644958496094,18786300
2021-10-20,340.7799987792969,337.5470886230469,13639500
2021-10-21,341.8800048828125,338.63665771484375,16354400
2021-10-22,324.6099853515625,321.530517578125,35224500
2021-10-25,328.69000244140625,325.5717468261719,38409000
2021-10-26,315.80999755859375,312.8139953613281,65654000
2021-10-27,312.2200012207031,309.25799560546875,29971800
2021-10-28,316.9200134277344,313.91339111328125,50806800
2021-10-29,323.57000732421875,320.5003356933594,37059400
2021-11-01,329.9800109863281,326.84954833984375,31518900
2021-11-02,328.0799865722656,324.96759033203125,28353000
2021-11-03,331.6199951171875,328.4739990234375,20786500
2021-11-04,335.8500061035156,332.6639099121094,22495300
2021-11-05,341.1300048828125,337.89373779296875,26872800
2021-11-08,338.6199951171875,335.4075927734375,18342500
2021-11-09,335.3699951171875,332.1883544921875,17556700
2021-11-10,327.6400146484375,324.53173828125,21872600
2021-11-11,327.739990234375,324.6307373046875,12376600
2021-11-12,340.8900146484375,337.65606689453125,25414300
2021-11-15,347.55999755859375,344.26275634765625,25076600
2021-11-16,342.9599914550781,339.7063903808594,18181100
2021-11-17,340.7699890136719,337.53717041015625,13602800
2021-11-18,338.69000244140625,335.4769287109375,17487200
2021-11-19,345.29998779296875,342.024169921875,26488500
2021-11-22,341.010009765625,337.7749328613281,27116800
2021-11-23,337.25,334.0505676269531,17225000
2021-11-24,341.05999755859375,337.824462890625,13566200
2021-11-26,333.1199951171875,329.959716796875,14750700
2021-11-29,338.0299987792969,334.82318115234375,16650900
2021-11-30,324.4599914550781,321.3818664550781,25390000
2021-12-01,310.6000061035156,307.6534118652344,30329600
2021-12-02,310.3900146484375,307.4453430175781,24396200
2021-12-03,306.8399963378906,303.9290466308594,27471000
2021-12-06,317.8699951171875,314.85443115234375,21758300
2021-12-07,322.80999755859375,319.7475280761719,18794000
2021-12-08,330.55999755859375,327.4240417480469,19937700
2021-12-09,329.82000732421875,326.6910400390625,16879200
2021-12-10,329.75,326.6217346191406,14528000
2021-12-13,334.489990234375,331.3167724609375,22948700
2021-12-14,333.739990234375,330.5738525390625,20461000
2021-12-15,341.6600036621094,338.4187316894531,24681300
2021-12-16,334.8999938964844,331.72283935546875,22635000
2021-12-17,333.7900085449219,330.6234130859375,40012600
2021-12-20,325.45001220703125,322.36248779296875,17901800
2021-12-21,334.20001220703125,331.0295104980469,16116800
2021-12-22,330.45001220703125,327.3150939941406,16764600
2021-12-23,335.239990234375,332.0596618652344,13987700
2021-12-27,346.17999267578125,342.8958435058594,17795000
2021-12-28,346.2200012207031,342.9355163574219,16637600
2021-12-29,342.94000244140625,339.6866149902344,10747000
2021-12-30,344.3599853515625,341.0931091308594,10593300
2021-12-31,336.3500061035156,333.1591491699219,12870500
2022-01-03,338.5400085449219,335.3282470703125,14537900
2022-01-04,336.5299987792969,333.33746337890625,15998000
2022-01-05,324.1700134277344,321.09466552734375,20564500
2022-01-06,332.4599914550781,329.3059997558594,27962800
2022-01-07,331.7900085449219,328.6423645019531,14722000
2022-01-10,328.07000732421875,324.9576416015625,24942400
2022-01-11,334.3699951171875,331.1979064941406,16226800
2022-01-12,333.260009765625,330.09844970703125,14104900
2022-01-13,326.4800109863281,323.38275146484375,14797100
2022-01-14,331.8999938964844,328.75128173828125,16868500
2022-01-18,318.1499938964844,315.13177490234375,22645600
2022-01-19,319.5899963378906,316.5580749511719,20814700
2022-01-20,316.55999755859375,313.55682373046875,16925000
2022-01-21,303.1700134277344,300.2939147949219,28710700
2022-01-24,308.7099914550781,305.7813415527344,38878100
2022-01-25,300.1499938964844,297.30255126953125,25108500
2022-01-26,294.6300048828125,291.83489990234375,28348800
2022-01-27,294.6400146484375,291.84478759765625,21629900
2022-01-28,301.7099914550781,298.8476867675781,21871600
2022-01-31,313.260009765625,310.2881774902344,21579500
2022-02-01,319.0,315.97369384765625,18023800
2022-02-02,323.0,319.935791015625,58458300
2022-02-03,237.75999450683594,235.50440979003906,188119900
2022-02-04,237.08999633789062,234.84078979492188,89342200
2022-02-07,224.91000366210938,222.7763214111328,88613800
2022-02-08,220.17999267578125,218.0911865234375,94729700
2022-02-09,232.0,229.799072265625,86563300
2022-02-10,228.07000732421875,225.90635681152344,49310400
2022-02-11,219.5500030517578,217.46717834472656,46156900
2022-02-14,217.6999969482422,215.63473510742188,38184000
2022-02-15,221.0,218.90342712402344,42685500
2022-02-16,216.5399932861328,214.48573303222656,45817500
2022-02-17,207.7100067138672,205.739501953125,38747500
2022-02-18,206.16000366210938,204.20419311523438,37128400
2022-02-22,202.0800018310547,200.16290283203125,39852400
2022-02-23,198.4499969482422,196.56732177734375,44481400
2022-02-24,207.60000610351562,205.63055419921875,49957200
2022-02-25,210.47999572753906,208.48321533203125,37627600
2022-02-28,211.02999877929688,209.02801513671875,34239800
2022-03-01,203.49000549316406,201.5595245361328,27094900
2022-03-02,208.11000061035156,206.13568115234375,29452100
2022-03-03,202.97000122070312,201.04443359375,27263500
2022-03-04,200.05999755859375,198.1620635986328,32130900
2022-03-07,187.47000122070312,185.69149780273438,38560600
2022-03-08,190.2899932861328,188.48472595214844,37508100
2022-03-09,198.5,196.6168670654297,31894700
2022-03-10,195.2100067138672,193.35809326171875,24853000
2022-03-11,187.61000061035156,185.83016967773438,34694500
2022-03-14,186.6300048828125,184.85946655273438,31010500
2022-03-15,192.02999877929688,190.208251953125,31721700
2022-03-16,203.6300048828125,201.69818115234375,40640300
2022-03-17,207.83999633789062,205.86825561523438,29499700
2022-03-18,216.49000549316406,214.4362030029297,52128000
2022-03-21,211.49000549316406,209.48365783691406,30142300
2022-03-22,216.64999389648438,214.59466552734375,31998800
2022-03-23,213.4600067138672,211.4349365234375,23717300
2022-03-24,219.57000732421875,217.48696899414062,31502300
2022-03-25,221.82000732421875,219.71563720703125,40039000
2022-03-28,223.58999633789062,221.4688262939453,26224100
2022-03-29,229.86000061035156,227.6793670654297,31417900
2022-03-30,227.85000610351562,225.68844604492188,25588000
2022-03-31,222.36000061035156,220.2505340576172,24192300
2022-04-01,224.85000610351562,222.71690368652344,19544800
2022-04-04,233.88999938964844,231.67111206054688,28054800
2022-04-05,231.83999633789062,229.64056396484375,29727200
2022-04-06,223.3000030517578,221.1815948486328,28995100
2022-04-07,222.9499969482422,220.8349151611328,21037200
2022-04-08,222.3300018310547,220.22079467773438,18375700
2022-04-11,216.4600067138672,214.4064483642578,20516600
2022-04-12,214.13999938964844,212.10848999023438,20128800
2022-04-13,214.99000549316406,212.95045471191406,19231800
2022-04-14,210.17999267578125,208.18603515625,18379500
2022-04-18,210.77000427246094,208.77047729492188,16580800
2022-04-19,217.30999755859375,215.24839782714844,20089900
2022-04-20,200.4199981689453,198.51866149902344,43036500
2022-04-21,188.07000732421875,186.28579711914062,49954100
2022-04-22,184.11000061035156,182.36338806152344,36426800
2022-04-25,186.99000549316406,185.21604919433594,29281100
2022-04-26,180.9499969482422,179.23333740234375,31747400
2022-04-27,174.9499969482422,173.29029846191406,71062900
2022-04-28,205.72999572753906,203.7782745361328,100890600
2022-04-29,200.47000122070312,198.56814575195312,49193400
2022-05-02,211.1300048828125,209.12704467773438,49915300
2022-05-03,212.02999877929688,210.0185089111328,41556300
2022-05-04,223.41000366210938,221.2905731201172,41375900
2022-05-05,208.27999877929688,206.30409240722656,41129200
2022-05-06,203.77000427246094,201.8368682861328,34747200
2022-05-09,196.2100067138672,194.34860229492188,36303200
2022-05-10,197.64999389648438,195.77493286132812,34452500
2022-05-11,188.74000549316406,186.949462890625,31153400
2022-05-12,191.24000549316406,189.42572021484375,38262200
2022-05-13,198.6199951171875,196.7357177734375,24549800
2022-05-16,200.0399932861328,198.14222717285156,27112600
2022-05-17,202.6199951171875,200.69776916503906,24872700
2022-05-18,192.24000549316406,190.416259765625,23960000
2022-05-19,191.2899932861328,189.4752655029297,24446900
2022-05-20,193.5399932861328,191.7039031982422,31465600
2022-05-23,196.22999572753906,194.36837768554688,25059200
2022-05-24,181.27999877929688,179.5602264404297,50406300
2022-05-25,183.8300018310547,182.08602905273438,28030200
2022-05-26,191.6300048828125,189.81204223632812,23056500
2022-05-27,195.1300048828125,193.27883911132812,22562700
2022-05-31,193.63999938964844,191.80296325683594,26131100
2022-06-01,188.63999938964844,186.8504180908203,36623500
2022-06-02,198.86000061035156,196.97344970703125,31951600
2022-06-03,190.77999877929688,188.97012329101562,19465000
2022-06-06,194.25,192.4071807861328,30574200
2022-06-07,195.64999389648438,193.79388427734375,18828700
2022-06-08,196.63999938964844,194.7744903564453,22267200
2022-06-09,184.0,182.25442504882812,23501600
2022-06-10,175.57000732421875,173.90438842773438,27450800
2022-06-13,164.25999450683594,162.7017059326172,31749300
2022-06-14,163.72999572753906,162.17669677734375,27244300
2022-06-15,169.35000610351562,167.74339294433594,30008300
2022-06-16,160.8699951171875,159.34385681152344,26944100
2022-06-17,163.74000549316406,162.1866455078125,31374200
2022-06-21,157.0500030517578,155.5601043701172,50724900
2022-06-22,155.85000610351562,154.37152099609375,47267800
2022-06-23,158.75,157.24395751953125,40499200
2022-06-24,170.16000366210938,168.54574584960938,68736000
2022-06-27,169.49000549316406,167.88209533691406,29174600
2022-06-28,160.67999267578125,159.1556396484375,27744500
2022-06-29,163.94000244140625,162.38473510742188,28595200
2022-06-30,161.25,159.72023010253906,35250600
2022-07-01,160.02999877929688,158.51182556152344,31423900
2022-07-05,168.19000244140625,166.5944061279297,28618600
2022-07-06,169.77000427246094,168.15940856933594,23085900
2022-07-07,172.19000244140625,170.55648803710938,24083400
2022-07-08,170.8800048828125,169.2589111328125,19249200
2022-07-11,162.8800048828125,161.33480834960938,21885600
2022-07-12,163.27000427246094,161.72109985351562,16639700
2022-07-13,163.49000549316406,161.9390106201172,16555100
2022-07-14,158.0500030517578,156.55062866210938,23765200
2022-07-15,164.6999969482422,163.13751220703125,23342800
2022-07-18,167.22999572753906,165.64352416992188,23574300
2022-07-19,175.77999877929688,174.11239624023438,25933700
2022-07-20,183.08999633789062,181.35302734375,24784300
2022-07-21,183.1699981689453,181.4322967529297,27195800
2022-07-22,169.27000427246094,167.66412353515625,42583900
2022-07-25,166.64999389648438,165.06903076171875,26166300
2022-07-26,159.14999389648438,157.6401824951172,28468400
2022-07-27,169.5800018310547,167.97122192382812,43846600
2022-07-28,160.72000122070312,159.19528198242188,73214300
2022-07-29,159.10000610351562,157.59066772460938,42065400
2022-08-01,159.92999267578125,158.41278076171875,40596700
2022-08-02,160.19000244140625,158.67031860351562,27374500
2022-08-03,168.8000030517578,167.19862365722656,31721900
2022-08-04,170.57000732421875,168.9518585205078,23938200
2022-08-05,167.11000061035156,165.52462768554688,25832700
2022-08-08,170.25,168.63487243652344,27299100
2022-08-09,168.52999877929688,166.9311981201172,18655100
2022-08-10,178.33999633789062,176.64808654785156,30262100
2022-08-11,177.49000549316406,175.8061981201172,24079100
2022-08-12,180.5,178.78759765625,21274000
2022-08-15,180.88999938964844,179.17393493652344,15878700
2022-08-16,179.47000122070312,177.76739501953125,21156700
2022-08-17,174.85000610351562,173.1912384033203,20118100
2022-08-18,174.66000366210938,173.00302124023438,18844500
2022-08-19,167.9600067138672,166.36660766601562,26240800
2022-08-22,163.0500030517578,161.50315856933594,19499700
2022-08-23,161.11000061035156,159.5815887451172,18111800
2022-08-24,163.25999450683594,161.711181640625,20891500
2022-08-25,168.77999877929688,167.17880249023438,15550500
2022-08-26,161.77999877929688,160.24520874023438,24023600
2022-08-29,159.1699981689453,157.66000366210938,20052700
2022-08-30,157.16000366210938,155.66905212402344,19567900
2022-08-31,162.92999267578125,161.38430786132812,40953000
2022-09-01,165.36000061035156,163.79127502441406,30145700
2022-09-02,160.32000732421875,158.799072265625,22634200
2022-09-06,158.5399932861328,157.03594970703125,19339800
2022-09-07,160.38999938964844,158.868408203125,16831200
2022-09-08,162.05999755859375,160.52255249023438,22530800
2022-09-09,169.14999389648438,167.54530334472656,22086800
2022-09-12,168.9600067138672,167.3571319580078,23220400
2022-09-13,153.1300048828125,151.6773223876953,44444100
2022-09-14,151.47000122070312,150.03305053710938,43064200
2022-09-15,149.5500030517578,148.1312255859375,34606300
2022-09-16,146.2899932861328,144.90219116210938,40122800
2022-09-19,148.02000427246094,146.61573791503906,22169500
2022-09-20,146.08999633789062,144.7040557861328,23217400
2022-09-21,142.1199951171875,140.77174377441406,38338600
2022-09-22,142.82000732421875,141.46510314941406,34418500
2022-09-23,140.41000366210938,139.07797241210938,31710700
2022-09-26,136.3699951171875,135.07630920410156,30497000
2022-09-27,134.39999389648438,133.12496948242188,30826500
2022-09-28,141.61000061035156,140.26658630371094,32658500
2022-09-29,136.41000366210938,135.1159210205078,38985400
2022-09-30,135.67999267578125,134.392822265625,33166400
2022-10-03,138.61000061035156,137.29502868652344,27723100
2022-10-04,140.27999877929688,138.9491729736328,34670700
2022-10-05,138.97999572753906,137.6614990234375,27979300
2022-10-06,139.07000732421875,137.75067138671875,36231100
2022-10-07,133.4499969482422,132.18397521972656,33214800
2022-10-10,133.7899932861328,132.520751953125,24024000
2022-10-11,128.5399932861328,127.3205337524414,38481400
2022-10-12,127.5,126.2904281616211,34605200
2022-10-13,130.2899932861328,129.053955078125,34325700
2022-10-14,126.76000213623047,125.55745697021484,23559400
2022-10-17,134.0399932861328,132.76837158203125,29612200
2022-10-18,132.8000030517578,131.5401611328125,25445000
2022-10-19,133.22999572753906,131.96607971191406,30691000
2022-10-20,131.52999877929688,130.2821807861328,26356300
2022-10-21,130.00999450683594,128.77662658691406,46348600
2022-10-24,129.72000122070312,128.4893798828125,63563400
2022-10-25,137.50999450683594,136.20547485351562,38433200
2022-10-26,129.82000732421875,128.58843994140625,82791500
2022-10-27,97.94000244140625,97.0108642578125,232316600
2022-10-28,99.19999694824219,98.2589111328125,95928300
2022-10-31,93.16000366210938,92.27621459960938,121361400
2022-11-01,95.19999694824219,94.29685974121094,110189600
2022-11-02,90.54000091552734,89.68107604980469,71821100
2022-11-03,88.91000366210938,88.06651306152344,60664000
2022-11-04,90.79000091552734,89.92869567871094,55638100
2022-11-07,96.72000122070312,95.80242919921875,81987300
2022-11-08,96.47000122070312,95.5548095703125,52088300
2022-11-09,101.47000122070312,100.50738525390625,107677300
2022-11-10,111.87000274658203,110.80870819091797,80671000
2022-11-11,113.0199966430664,111.94779968261719,59961700
2022-11-14,114.22000122070312,113.13640594482422,53395000
2022-11-15,117.08000183105469,115.96929168701172,50670500
2022-11-16,113.2300033569336,112.15581512451172,33287800
2022-11-17,111.44999694824219,110.3926773071289,35093800
2022-11-18,112.05000305175781,110.98700714111328,33357700
2022-11-21,109.86000061035156,108.8177719116211,24351100
2022-11-22,111.44000244140625,110.38278198242188,29029000
2022-11-23,112.23999786376953,111.1751937866211,21343100
2022-11-25,111.41000366210938,110.35308074951172,12007600
2022-11-28,108.77999877929688,107.7480239868164,23309400
2022-11-29,109.45999908447266,108.42157745361328,23899200
2022-11-30,118.0999984741211,116.9795913696289,43348600
2022-12-01,120.44000244140625,119.29740142822266,36551400
2022-12-02,123.48999786376953,122.31846618652344,39950500
2022-12-05,122.43000030517578,121.2685317993164,35474900
2022-12-06,114.12000274658203,113.037353515625,43689200
2022-12-07,113.93000030517578,112.84916687011719,29461100
2022-12-08,115.33000183105469,114.23589324951172,30619400
2022-12-09,115.9000015258789,114.80046844482422,26033400
2022-12-12,114.70999908447266,113.62176513671875,24747100
2022-12-13,120.1500015258789,119.01016235351562,44701100
2022-12-14,121.58999633789062,120.43648529052734,36922000
2022-12-15,116.1500015258789,115.04811096191406,34531000
2022-12-16,119.43000030517578,118.2969970703125,67064000
2022-12-19,114.4800033569336,113.3939437866211,29769900
2022-12-20,117.08999633789062,115.97919464111328,28742500
2022-12-21,119.76000213623047,118.62386322021484,20392800
2022-12-22,117.12000274658203,116.00889587402344,23618100
2022-12-23,118.04000091552734,116.92017364501953,17796600
2022-12-27,116.87999725341797,115.77117919921875,21392300
2022-12-28,115.62000274658203,114.52313232421875,19612500
2022-12-29,120.26000213623047,119.1191177368164,22366200
2022-12-30,120.33999633789062,119.19834899902344,19583800
2023-01-03,124.73999786376953,123.5566177368164,35528500
2023-01-04,127.37000274658203,126.16165924072266,32397100
2023-01-05,126.94000244140625,125.73572540283203,25447100
2023-01-06,130.02000427246094,128.7865447998047,27584500
2023-01-09,129.47000122070312,128.24172973632812,26649100
2023-01-10,132.99000549316406,131.72837829589844,28684400
2023-01-11,132.88999938964844,131.62930297851562,25423000
2023-01-12,136.7100067138672,135.4130859375,30757700
2023-01-13,136.97999572753906,135.68048095703125,22423800
2023-01-17,135.36000061035156,134.0758514404297,21147600
2023-01-18,133.02000427246094,131.758056640625,20215500
2023-01-19,136.14999389648438,134.85836791992188,28625200
2023-01-20,139.3699951171875,138.04782104492188,28688600
2023-01-23,143.27000427246094,141.9108123779297,27470100
2023-01-24,143.13999938964844,141.7820587158203,21970200
2023-01-25,141.5,140.1575927734375,26622000
2023-01-26,147.3000030517578,145.90261840820312,25482100
2023-01-27,151.74000549316406,150.3004608154297,35771900
2023-01-30,147.05999755859375,145.66485595703125,28040100
2023-01-31,148.97000122070312,147.55673217773438,29842100
2023-02-01,153.1199951171875,151.6673583984375,55661000
2023-02-02,188.77000427246094,186.9791717529297,150475700
2023-02-03,186.52999877929688,184.76043701171875,76809700
2023-02-06,186.05999755859375,184.2948760986328,42483800
2023-02-07,191.6199951171875,189.8021240234375,47080700
2023-02-08,183.42999267578125,181.68983459472656,36139100
2023-02-09,177.9199981689453,176.2321014404297,37118800
2023-02-10,174.14999389648438,172.49786376953125,33433600
2023-02-13,179.42999267578125,177.72775268554688,31463200
2023-02-14,179.47999572753906,177.7772979736328,24034600
2023-02-15,177.16000366210938,175.4792938232422,25308900
2023-02-16,172.44000244140625,170.80409240722656,25827500
2023-02-17,172.8800048828125,171.23992919921875,24171300
2023-02-21,172.0800018310547,170.447509765625,34592600
2023-02-22,171.1199951171875,169.49658203125,22433200
2023-02-23,172.0399932861328,170.4078826904297,20017800
2023-02-24,170.38999938964844,168.77354431152344,19791300
2023-02-27,169.5399932861328,167.9315948486328,19277000
2023-02-28,174.94000244140625,173.28038024902344,46051100
2023-03-01,173.4199981689453,171.77481079101562,30998400
2023-03-02,174.52999877929688,172.874267578125,17352000
2023-03-03,185.25,183.4925537109375,45877700
2023-03-06,184.89999389648438,183.14590454101562,33209400
2023-03-07,184.50999450683594,182.75958251953125,36701500
2023-03-08,184.97000122070312,183.2152099609375,19432400
2023-03-09,181.69000244140625,179.9663543701172,26582800
2023-03-10,179.50999450683594,177.80702209472656,25665000
2023-03-13,180.89999389648438,179.18382263183594,24728000
2023-03-14,194.02000427246094,192.1793670654297,41642600
2023-03-15,197.75,195.8739776611328,42123600
2023-03-16,204.92999267578125,202.98585510253906,50447100
2023-03-17,195.61000061035156,193.75428771972656,50141100
2023-03-20,197.80999755859375,195.93338012695312,25186300
2023-03-21,202.16000366210938,200.24215698242188,31827000
2023-03-22,199.80999755859375,197.91441345214844,28477800
2023-03-23,204.27999877929688,202.342041015625,27389700
2023-03-24,206.00999450683594,204.0556182861328,27716400
2023-03-27,202.83999633789062,200.91571044921875,18527200
2023-03-28,200.67999267578125,198.7761688232422,19127300
2023-03-29,205.35000610351562,203.40188598632812,18851100
2023-03-30,207.83999633789062,205.86825561523438,22608300
2023-03-31,211.94000244140625,209.9293670654297,25440300
2023-04-03,213.07000732421875,211.0486602783203,17924600
2023-04-04,214.72000122070312,212.68296813964844,21026400
2023-04-05,211.47999572753906,209.4737091064453,19396600
2023-04-06,216.10000610351562,214.0498809814453,26104400
2023-04-10,214.75,212.71270751953125,16106100
2023-04-11,213.85000610351562,211.82127380371094,16710100
2023-04-12,214.0,211.96983337402344,18972200
2023-04-13,220.35000610351562,218.2595977783203,23310400
2023-04-14,221.49000549316406,219.38876342773438,21591200
2023-04-17,218.86000061035156,216.78369140625,15481900
2023-04-18,217.88999938964844,215.82290649414062,12281000
2023-04-19,215.6999969482422,213.6536865234375,15898100
2023-04-20,213.07000732421875,211.0486602783203,16475400
2023-04-21,212.88999938964844,210.87033081054688,17717200
2023-04-24,212.7899932861328,210.77127075195312,15750900
2023-04-25,207.5500030517578,205.5810089111328,19198200
2023-04-26,209.39999389648438,207.4134521484375,41992700
2023-04-27,238.55999755859375,236.29681396484375,71196500
2023-04-28,240.32000732421875,238.04014587402344,39554000
2023-05-01,243.17999267578125,240.8729705810547,29143900
2023-05-02,239.24000549316406,236.97036743164062,24350100
2023-05-03,237.02999877929688,234.7813262939453,34463900
2023-05-04,233.52000427246094,231.30462646484375,17889400
2023-05-05,232.77999877929688,230.57167053222656,27000500
2023-05-08,233.27000427246094,231.05702209472656,16400500
2023-05-09,233.3699951171875,231.15606689453125,16865600
2023-05-10,233.0800018310547,230.86880493164062,19119000
2023-05-11,235.7899932861328,233.5531005859375,20449000
2023-05-12,233.80999755859375,231.5918731689453,16161400
2023-05-15,238.86000061035156,236.593994140625,20653200
2023-05-16,238.82000732421875,236.55435180664062,18163800
2023-05-17,242.49000549316406,240.1895294189453,21193100
2023-05-18,246.85000610351562,244.5081787109375,22943300
2023-05-19,245.63999938964844,243.3096466064453,21733600
2023-05-22,248.32000732421875,245.96421813964844,27738500
2023-05-23,246.74000549316406,244.3992462158203,17748100
2023-05-24,249.2100067138672,246.84584045410156,17724300
2023-05-25,252.69000244140625,250.29278564453125,22371400
2023-05-26,262.0400085449219,259.5541076660156,25727200
2023-05-30,262.5199890136719,260.0295104980469,23816500
2023-05-31,264.7200012207031,262.2086486816406,25473700
2023-06-01,272.6099853515625,270.0237731933594,25609500
2023-06-02,272.6099853515625,270.0237731933594,19416900
2023-06-05,271.3900146484375,268.8153381347656,20742900
2023-06-06,271.1199951171875,268.54791259765625,19419000
2023-06-07,263.6000061035156,261.09930419921875,26163600
2023-06-08,264.5799865722656,262.0699768066406,20899400
2023-06-09,264.95001220703125,262.4364929199219,16949800
2023-06-12,271.04998779296875,268.4785461425781,15442500
2023-06-13,271.32000732421875,268.7460021972656,16164000
2023-06-14,273.3500061035156,270.75677490234375,19175100
2023-06-15,281.8299865722656,279.1564025878906,25973500
2023-06-16,281.0,278.334228515625,43127700
2023-06-20,284.3299865722656,281.6325988769531,20701600
2023-06-21,281.6400146484375,278.9681091308594,20556200
2023-06-22,284.8800048828125,282.17742919921875,17563100
2023-06-23,288.7300109863281,285.9908752441406,51092000
2023-06-26,278.4700012207031,275.8282470703125,24232700
2023-06-27,287.04998779296875,284.3268127441406,26108300
2023-06-28,285.2900085449219,282.5834655761719,16722100
2023-06-29,281.5299987792969,278.8591613769531,15395700
2023-06-30,286.9800109863281,284.2574462890625,19694900
2023-07-03,286.0199890136719,283.3065490722656,8629300
2023-07-05,294.3699951171875,291.577392578125,33865500
2023-07-06,291.989990234375,289.2199401855469,47600500
2023-07-07,290.5299987792969,287.7737731933594,25586000
2023-07-10,294.1000061035156,291.3099670410156,37058300
2023-07-11,298.2900085449219,295.460205078125,27585900
2023-07-12,309.3399963378906,306.4053649902344,36677100
2023-07-13,313.4100036621094,310.43670654296875,30281000
2023-07-14,308.8699951171875,305.93975830078125,23054100
2023-07-17,310.6199951171875,307.6731872558594,25323100
2023-07-18,312.04998779296875,309.0896301269531,20731900
2023-07-19,316.010009765625,313.0120849609375,21763700
2023-07-20,302.5199890136719,299.6500244140625,23836900
2023-07-21,294.260009765625,291.4684143066406,42139300
2023-07-24,291.6099853515625,288.843505859375,24915700
2023-07-25,294.4700012207031,291.6763916015625,19585600
2023-07-26,298.57000732421875,295.737548828125,47256900
2023-07-27,311.7099914550781,308.7528381347656,64229200
2023-07-28,325.4800109863281,322.3922424316406,39220300
2023-07-31,318.6000061035156,315.5775146484375,25799600
2023-08-01,322.7099914550781,319.6485290527344,22817900
2023-08-02,314.30999755859375,311.3281555175781,20461100
2023-08-03,313.19000244140625,310.2188720703125,15180200
2023-08-04,310.7300109863281,307.7821350097656,17612800
2023-08-07,316.55999755859375,313.55682373046875,16236500
2023-08-08,312.6400146484375,309.67401123046875,15183500
2023-08-09,305.2099914550781,302.3145446777344,19955800
2023-08-10,305.739990234375,302.8394775390625,14358900
2023-08-11,301.6400146484375,298.7784729003906,14046300
2023-08-14,306.19000244140625,303.28521728515625,15641900
2023-08-15,301.95001220703125,299.08544921875,11623600
2023-08-16,294.2900085449219,291.4981689453125,18547700
2023-08-17,285.0899963378906,282.3853454589844,23950100
2023-08-18,283.25,280.5628662109375,35347900
2023-08-21,289.8999938964844,287.1497802734375,20181500
2023-08-22,287.6000061035156,284.87158203125,12980200
2023-08-23,294.239990234375,291.4486083984375,18287000
2023-08-24,286.75,284.0296325683594,18360900
2023-08-25,285.5,282.79150390625,23701400
2023-08-28,290.260009765625,287.50640869140625,14239300
2023-08-29,297.989990234375,295.1630554199219,20844500
2023-08-30,295.1000061035156,292.3004455566406,17717000
2023-08-31,295.8900146484375,293.0830078125,17229900
2023-09-01,296.3800048828125,293.56829833984375,12842300
2023-09-05,300.1499938964844,297.30255126953125,14956000
2023-09-06,299.1700134277344,296.33184814453125,15418100
2023-09-07,298.6700134277344,295.83660888671875,33748700
2023-09-08,297.8900146484375,295.0639953613281,17548000
2023-09-11,307.55999755859375,304.6421813964844,19489300
2023-09-12,301.6600036621094,298.7981872558594,13480400
2023-09-13,305.05999755859375,302.1659240722656,13210900
2023-09-14,311.7200012207031,308.7627258300781,19343100
2023-09-15,300.30999755859375,297.4610290527344,28131100
2023-09-18,302.54998779296875,299.6796875,14234200
2023-09-19,305.07000732421875,302.17584228515625,15924400
2023-09-20,299.6700134277344,296.82708740234375,19379500
2023-09-21,295.7300109863281,292.92449951171875,21319600
2023-09-22,299.0799865722656,296.24267578125,25369600
2023-09-25,300.8299865722656,297.97601318359375,18987000
2023-09-26,298.9599914550781,296.12384033203125,19417200
2023-09-27,297.739990234375,294.9153747558594,36429800
2023-09-28,303.9599914550781,301.0763854980469,22167100
2023-09-29,300.2099914550781,297.36199951171875,25373700
2023-10-02,306.82000732421875,303.90924072265625,16265600
2023-10-03,300.94000244140625,298.08502197265625,17362300
2023-10-04,305.5799865722656,302.6810302734375,16880500
2023-10-05,304.7900085449219,301.8985290527344,19130000
2023-10-06,315.42999267578125,312.4376220703125,21803900
2023-10-09,318.3599853515625,315.3397216796875,22503700
2023-10-10,321.8399963378906,318.78680419921875,19038000
2023-10-11,327.82000732421875,324.7100524902344,22036300
2023-10-12,324.1600036621094,321.0847473144531,20530500
2023-10-13,314.69000244140625,311.7046203613281,21341000
2023-10-16,321.1499938964844,318.103271484375,16536100
2023-10-17,324.0,320.92633056640625,16387800
2023-10-18,316.9700012207031,313.96295166015625,16851000
2023-10-19,312.80999755859375,309.8424377441406,18709200
2023-10-20,308.6499938964844,305.72186279296875,22312300
2023-10-23,314.010009765625,311.0310363769531,17796800
2023-10-24,312.54998779296875,309.5848693847656,19525500
2023-10-25,299.5299987792969,296.6884460449219,42192500
2023-10-26,288.3500061035156,285.6144714355469,66684100
2023-10-27,296.7300109863281,293.91497802734375,29596300
2023-10-30,302.6600036621094,299.7886962890625,28435100
2023-10-31,301.2699890136719,298.4118957519531,19434200
2023-11-01,311.8500061035156,308.8915710449219,20434600
2023-11-02,310.8699951171875,307.92083740234375,21631800
2023-11-03,314.6000061035156,311.6154479980469,16764300
2023-11-06,315.79998779296875,312.8040466308594,12887700
2023-11-07,318.82000732421875,315.79541015625,14055600
2023-11-08,319.7799987792969,316.746337890625,13609700
2023-11-09,320.54998779296875,317.509033203125,16103100
2023-11-10,328.7699890136719,325.65093994140625,19096200
2023-11-13,329.19000244140625,326.0670166015625,16908900
2023-11-14,336.30999755859375,333.1194763183594,17179400
2023-11-15,332.7099914550781,329.55364990234375,14531200
2023-11-16,334.19000244140625,331.01959228515625,18932600
2023-11-17,335.0400085449219,331.8615417480469,14494400
2023-11-20,339.9700012207031,336.74481201171875,16960500
2023-11-21,336.9800109863281,333.7831726074219,12027900
2023-11-22,341.489990234375,338.2503662109375,10702700
2023-11-24,338.2300109863281,335.02130126953125,5467500
2023-11-27,334.70001220703125,331.5247802734375,15684500
2023-11-28,338.989990234375,335.7740478515625,12637200
2023-11-29,332.20001220703125,329.04852294921875,16024500
2023-11-30,327.1499938964844,324.04638671875,23146400
2023-12-01,324.82000732421875,321.7384948730469,15276400
2023-12-04,320.0199890136719,316.9840393066406,19037100
2023-12-05,318.2900085449219,315.27044677734375,16952100
2023-12-06,317.45001220703125,314.4383850097656,11294300
2023-12-07,326.5899963378906,323.49163818359375,15905100
2023-12-08,332.75,329.5932312011719,14087400
2023-12-11,325.2799987792969,322.19415283203125,25802500
2023-12-12,334.2200012207031,331.04925537109375,18485500
2023-12-13,334.739990234375,331.5643310546875,16353300
2023-12-14,333.1700134277344,330.00933837890625,19607300
2023-12-15,334.9200134277344,331.7427062988281,31776900
2023-12-18,344.6199951171875,341.3506164550781,18993900
2023-12-19,350.3599853515625,347.0361633300781,17729400
2023-12-20,349.2799987792969,345.9664001464844,16369900
2023-12-21,354.0899963378906,350.7308044433594,15289600
2023-12-22,353.3900146484375,350.0374755859375,11772800
2023-12-26,354.8299865722656,351.46380615234375,9898600
2023-12-27,357.8299865722656,354.4352722167969,13207900
2023-12-28,358.32000732421875,354.9206237792969,11798800
2023-12-29,353.9599914550781,350.6020202636719,14987100
2024-01-02,346.2900085449219,343.00482177734375,19042200
2024-01-03,344.4700012207031,341.2020263671875,15451100
2024-01-04,347.1199951171875,343.8269348144531,12099900
2024-01-05,351.95001220703125,348.61114501953125,13920700
2024-01-08,358.6600036621094,355.2574768066406,13890200
2024-01-09,357.42999267578125,354.03912353515625,13463900
2024-01-10,370.4700012207031,366.9554443359375,22117200
2024-01-11,369.6700134277344,366.1629943847656,17205400
2024-01-12,374.489990234375,370.9372863769531,19310000
2024-01-16,367.4599914550781,363.9739074707031,15306900
2024-01-17,368.3699951171875,364.87530517578125,12724800
2024-01-18,376.1300048828125,372.5617370605469,16354300
2024-01-19,383.45001220703125,379.8122863769531,21670800
2024-01-22,381.7799987792969,378.15814208984375,17680500
2024-01-23,385.20001220703125,381.5456848144531,15506100
2024-01-24,390.70001220703125,386.9935302734375,15698500
2024-01-25,393.17999267578125,389.449951171875,15091100
2024-01-26,394.1400146484375,390.4008483886719,13163700
2024-01-29,401.0199890136719,397.215576171875,18742400
2024-01-30,400.05999755859375,396.2647399902344,18614700
2024-01-31,390.1400146484375,386.43878173828125,20180800
2024-02-01,394.7799987792969,391.0347595214844,29727100
2024-02-02,474.989990234375,470.48382568359375,84707600
2024-02-05,459.4100036621094,455.0516357421875,40832400
2024-02-06,454.7200012207031,450.4061584472656,21655200
2024-02-07,469.5899963378906,465.13507080078125,23066000
2024-02-08,470.0,465.5411682128906,18815100
2024-02-09,468.1099853515625,463.66912841796875,18413100
2024-02-12,468.8999938964844,464.45166015625,19382000
2024-02-13,460.1199951171875,455.7549133300781,20916600
2024-02-14,473.2799987792969,468.79010009765625,16858400
2024-02-15,484.0299987792969,479.4380798339844,24212300
2024-02-16,473.32000732421875,468.8296813964844,23324600
2024-02-20,471.75,467.2745666503906,18015500
2024-02-21,468.0299987792969,464.0817565917969,12921800
2024-02-22,486.1300048828125,482.0291442871094,21625800
2024-02-23,484.0299987792969,479.94677734375,18374300
2024-02-26,481.739990234375,477.6760559082031,12101400
2024-02-27,487.04998779296875,482.9413146972656,10809600
2024-02-28,484.0199890136719,479.93682861328125,12715500
2024-02-29,490.1300048828125,485.995361328125,17732000
2024-03-01,502.29998779296875,498.0626220703125,16273600
2024-03-04,498.19000244140625,493.9873352050781,12324100
2024-03-05,490.2200012207031,486.08453369140625,15325300
2024-03-06,496.0899963378906,491.905029296875,11757900
2024-03-07,512.1900024414062,507.8692321777344,18586400
2024-03-08,505.95001220703125,501.681884765625,18597100
2024-03-11,483.5899963378906,479.5104675292969,20428300
2024-03-12,499.75,495.53424072265625,15448200
2024-03-13,495.57000732421875,491.38946533203125,12090700
2024-03-14,491.8299865722656,487.6809997558594,12620000
2024-03-15,484.1000061035156,480.0162048339844,29153600
2024-03-18,496.9800109863281,492.78753662109375,11755300
2024-03-19,496.239990234375,492.05377197265625,10903100
2024-03-20,505.5199890136719,501.2554931640625,11711100
2024-03-21,507.760009765625,503.4765625,9712500
2024-03-22,509.5799865722656,505.28118896484375,8120600
2024-03-25,503.0199890136719,498.77655029296875,8380600
2024-03-26,495.8900146484375,491.7067565917969,11205400
2024-03-27,493.8599853515625,489.6938171386719,9989700
2024-03-28,485.5799865722656,481.4836730957031,15212800
2024-04-01,491.3500061035156,487.20501708984375,9247000
2024-04-02,497.3699951171875,493.17425537109375,11081000
2024-04-03,506.739990234375,502.4651794433594,12099200
2024-04-04,510.9200134277344,506.6099548339844,26476300
2024-04-05,527.3400268554688,522.8914794921875,19263300
2024-04-08,519.25,514.86962890625,13260600
2024-04-09,516.9000244140625,512.5394897460938,10863800
2024-04-10,519.8300170898438,515.4447631835938,11418500
2024-04-11,523.1599731445312,518.7466430664062,10369500
2024-04-12,511.8999938964844,507.5816345214844,11984500
2024-04-15,500.2300109863281,496.0101318359375,13512900
2024-04-16,499.760009765625,495.5440673828125,9847900
2024-04-17,494.1700134277344,490.0013122558594,12193700
2024-04-18,501.79998779296875,497.56689453125,14808700
2024-04-19,481.07000732421875,477.0116882324219,25215400
2024-04-22,481.7300109863281,477.66619873046875,17271100
2024-04-23,496.1000061035156,491.9150085449219,15079200
2024-04-24,493.5,489.33685302734375,37772700
2024-04-25,441.3800048828125,437.65655517578125,82890700
2024-04-26,443.2900085449219,439.5504455566406,32691400
2024-04-29,432.6199951171875,428.9704895019531,21502600
2024-04-30,430.1700134277344,426.5411376953125,18429500
2024-05-01,439.19000244140625,435.4849853515625,20344900
2024-05-02,441.67999267578125,437.95404052734375,15221300
2024-05-03,451.9599914550781,448.1473083496094,16489100
2024-05-06,465.67999267578125,461.7515563964844,15094600
2024-05-07,468.239990234375,464.28997802734375,13406800
2024-05-08,472.6000061035156,468.61322021484375,11683900
2024-05-09,475.4200134277344,471.4094543457031,9437700
2024-05-10,476.20001220703125,472.182861328125,10750000
2024-05-13,468.010009765625,464.06195068359375,14668800
2024-05-14,471.8500061035156,467.86956787109375,10478600
2024-05-15,481.5400085449219,477.477783203125,13100500
2024-05-16,473.2300109863281,469.2379150390625,16608200
2024-05-17,471.9100036621094,467.92901611328125,10807300
2024-05-20,468.8399963378906,464.8848876953125,11745100
2024-05-21,464.6300048828125,460.7104187011719,11742200
2024-05-22,467.7799987792969,463.8338623046875,10078600
2024-05-23,465.7799987792969,461.8507080078125,11747900
2024-05-24,478.2200012207031,474.1858215332031,12024300
2024-05-28,479.9200134277344,475.8714904785156,10175800
2024-05-29,474.3599853515625,470.3583679199219,9226200
2024-05-30,467.04998779296875,463.1100158691406,10719600
2024-05-31,466.8299865722656,462.89190673828125,16919800
2024-06-03,477.489990234375,473.4619140625,11279400
2024-06-04,476.989990234375,472.96612548828125,7088700
2024-06-05,495.05999755859375,490.88372802734375,15690500
2024-06-06,493.760009765625,489.5947265625,10667300
2024-06-07,492.9599914550781,488.801513671875,9380700
2024-06-10,502.6000061035156,498.3601379394531,11220900
2024-06-11,507.4700012207031,503.1890869140625,9673700
2024-06-12,508.8399963378906,504.5475158691406,11983200
2024-06-13,504.1000061035156,499.84747314453125,9954600
2024-06-14,504.1600036621094,500.4032897949219,10243300
2024-06-17,506.6300048828125,502.85491943359375,11266600
2024-06-18,499.489990234375,495.7680969238281,13060400
2024-06-20,501.70001220703125,497.961669921875,11801200
2024-06-21,494.7799987792969,491.09320068359375,22359200
2024-06-24,498.9100036621094,495.19244384765625,13525300
2024-06-25,510.6000061035156,506.79534912109375,12063200
2024-06-26,513.1199951171875,509.2965087890625,8882300
2024-06-27,519.5599975585938,515.6885375976562,10121200
2024-06-28,504.2200012207031,500.46282958984375,15855100
2024-07-01,504.67999267578125,500.91943359375,10328200
2024-07-02,509.5,505.7035217285156,7739500
2024-07-03,509.9599914550781,506.16015625,6005600
2024-07-05,539.9099731445312,535.8869018554688,21354100
2024-07-08,529.3200073242188,525.3758544921875,14917500
2024-07-09,530.0,526.0506591796875,8753200
2024-07-10,534.6900024414062,530.7057495117188,10983300
2024-07-11,512.7000122070312,508.87969970703125,16458300
2024-07-12,498.8699951171875,495.1527099609375,19750500
2024-07-15,496.1600036621094,492.4629211425781,12539200
2024-07-16,489.7900085449219,486.1404113769531,14075800
2024-07-17,461.989990234375,458.54754638671875,28076600
2024-07-18,475.8500061035156,472.3042907714844,19267200
2024-07-19,476.7900085449219,473.23724365234375,15149400
2024-07-22,487.3999938964844,483.7682189941406,12023100
2024-07-23,488.69000244140625,485.048583984375,9455500
2024-07-24,461.2699890136719,457.8329162597656,17649700
2024-07-25,453.4100036621094,450.0314636230469,18240500
2024-07-26,465.70001220703125,462.2298583984375,14222400
2024-07-29,465.7099914550781,462.2398376464844,11339600
2024-07-30,463.19000244140625,459.7386169433594,11390400
2024-07-31,474.8299865722656,471.2918395996094,24285800
2024-08-01,497.739990234375,494.03118896484375,43083100
2024-08-02,488.1400146484375,484.5026550292969,24044700
2024-08-05,475.7300109863281,472.1851501464844,21396200
2024-08-06,494.0899963378906,490.4083557128906,20955000
2024-08-07,488.9200134277344,485.27691650390625,20105300
2024-08-08,509.6300048828125,505.83258056640625,16156800
2024-08-09,517.77001953125,513.9119262695312,13696600
2024-08-12,515.9500122070312,512.1054077148438,9767400
2024-08-13,528.5399780273438,524.6017456054688,13743800
2024-08-14,526.760009765625,522.8348388671875,11444200
2024-08-15,537.3300170898438,533.3262329101562,13482100
2024-08-16,527.4199829101562,523.489990234375,14776700
2024-08-19,529.280029296875,525.3361206054688,9879700
2024-08-20,526.72998046875,522.8051147460938,7944400
2024-08-21,535.1599731445312,531.1723022460938,13423300
2024-08-22,531.9299926757812,527.9663696289062,15708300
2024-08-23,528.0,524.0656127929688,11323900
2024-08-26,521.1199951171875,517.2368774414062,9584000
2024-08-27,519.0999755859375,515.2319946289062,6282700
2024-08-28,516.780029296875,512.9293212890625,9106100
2024-08-29,518.219970703125,514.3585205078125,8317400
2024-08-30,521.3099975585938,517.4254760742188,9157500
2024-09-03,511.760009765625,507.9466857910156,12459100
2024-09-04,512.739990234375,508.91937255859375,8335200
2024-09-05,516.8599853515625,513.0086669921875,8640900
2024-09-06,500.2699890136719,496.54229736328125,14744500
2024-09-09,504.7900085449219,501.0286560058594,11047800
2024-09-10,504.7900085449219,501.0286560058594,9899000
2024-09-11,511.8299865722656,508.0160827636719,10782500
2024-09-12,525.5999755859375,521.6835327148438,11970500
2024-09-13,524.6199951171875,520.7108764648438,10321400
2024-09-16,533.280029296875,529.8113403320312,9527600
2024-09-17,536.3200073242188,532.83154296875,11690800
2024-09-18,537.9500122070312,534.450927734375,10323500
2024-09-19,559.0999755859375,555.4633178710938,15647000
2024-09-20,561.3499755859375,557.6986083984375,22066800
2024-09-23,564.4099731445312,560.73876953125,12830700
2024-09-24,563.3300170898438,559.6658935546875,12993000
2024-09-25,568.3099975585938,564.6134033203125,16543400
2024-09-26,567.8400268554688,564.1465454101562,14400800
2024-09-27,567.3599853515625,563.6696166992188,9398400
2024-09-30,572.4400024414062,568.716552734375,12792300
2024-10-01,576.469970703125,572.7202758789062,15259300
2024-10-02,572.8099975585938,569.0841674804688,6524700
2024-10-03,582.77001953125,578.9793090820312,11581000
2024-10-04,595.9400024414062,592.0636596679688,14169500
2024-10-07,584.780029296875,580.9763793945312,12014200
2024-10-08,592.8900146484375,589.0335083007812,7857400
2024-10-09,590.510009765625,586.6689453125,9529700
2024-10-10,583.8300170898438,580.0324096679688,7740400
2024-10-11,589.9500122070312,586.1127319335938,8587100
2024-10-14,590.4199829101562,586.5795288085938,8252000
2024-10-15,586.27001953125,582.4566040039062,9564200
2024-10-16,576.7899780273438,573.0382080078125,11268400
2024-10-17,576.9299926757812,573.1773071289062,8701200
2024-10-18,576.469970703125,572.7202758789062,7694300
2024-10-21,575.1599731445312,571.4188232421875,8171900
2024-10-22,582.010009765625,578.224365234375,8544500
2024-10-23,563.6900024414062,560.0234375,14248400
2024-10-24,567.780029296875,564.0869750976562,7184700
2024-10-25,573.25,569.5213012695312,11337900
2024-10-28,578.1599731445312,574.3993530273438,10925100
2024-10-29,593.280029296875,589.421142578125,13019100
2024-10-30,591.7999877929688,587.9505615234375,26864900
2024-10-31,567.5800170898438,563.8881225585938,26838400
2024-11-01,567.1599731445312,563.470947265625,15303200
2024-11-04,560.6799926757812,557.0330200195312,12064600
2024-11-05,572.4299926757812,568.7067260742188,9775400
2024-11-06,572.0499877929688,568.3290405273438,18305400
2024-11-07,591.7000122070312,587.851318359375,14653700
2024-11-08,589.3400268554688,585.5066528320312,9415700
2024-11-11,583.1699829101562,579.376708984375,10209100
2024-11-12,584.8200073242188,581.0159912109375,16287700
2024-11-13,580.0,576.2273559570312,10757600
2024-11-14,577.1599731445312,573.4058837890625,11053700
2024-11-15,554.0800170898438,550.4759521484375,17712900
2024-11-18,554.4000244140625,550.7938232421875,14327300
2024-11-19,561.0900268554688,557.4404296875,9522400
2024-11-20,565.52001953125,561.8416137695312,9797300
2024-11-21,563.0900268554688,559.4274291992188,11154700
2024-11-22,559.1400146484375,555.5030517578125,9164000
2024-11-25,565.1099853515625,561.4342041015625,13599800
2024-11-26,573.5399780273438,569.809326171875,10356600
2024-11-27,569.2000122070312,565.4976196289062,7200200
2024-11-29,574.3200073242188,570.5843505859375,7130500
2024-12-02,592.8300170898438,588.9739379882812,12522400
2024-12-03,613.6500244140625,609.6585083007812,14907200
2024-12-04,613.780029296875,609.7876586914062,14697000
2024-12-05,608.9299926757812,604.96923828125,8081200
2024-12-06,623.77001953125,619.7127685546875,16935500
2024-12-09,613.5700073242188,609.5789794921875,11426000
2024-12-10,619.3200073242188,615.2916870117188,10938900
2024-12-11,632.6799926757812,628.564697265625,10837200
2024-12-12,630.7899780273438,626.6869506835938,7474700
2024-12-13,620.3499755859375,616.3148193359375,8453300
2024-12-16,624.239990234375,620.6798706054688,10885600
2024-12-17,619.4400024414062,615.9073486328125,12897800
2024-12-18,597.1900024414062,593.7841186523438,17075500
2024-12-19,595.5700073242188,592.1734619140625,14958100
2024-12-20,585.25,581.9121704101562,48989400
2024-12-23,599.8499755859375,596.428955078125,10205800
2024-12-24,607.75,604.283935546875,4726100
2024-12-26,603.3499755859375,599.908935546875,6081400
2024-12-27,599.8099975585938,596.3892211914062,8084200
2024-12-30,591.239990234375,587.8680419921875,7025900
2024-12-31,585.510009765625,582.1708374023438,6019500
2025-01-02,599.239990234375,595.8223876953125,12682300
2025-01-03,604.6300048828125,601.1817626953125,11436800
2025-01-06,630.2000122070312,626.6058959960938,14560800
2025-01-07,617.8900146484375,614.3660888671875,12071500
2025-01-08,610.719970703125,607.2369384765625,10085800
2025-01-10,615.8599853515625,612.34765625,19256600
2025-01-13,608.3300170898438,604.8606567382812,10785000
2025-01-14,594.25,590.8609619140625,13598000
2025-01-15,617.1199951171875,613.6005249023438,15524300
2025-01-16,611.2999877929688,607.813720703125,8355300
2025-01-17,612.77001953125,609.275390625,17280600
2025-01-21,616.4600219726562,612.9442749023438,11674000
2025-01-22,623.5,619.944091796875,12274000
2025-01-23,636.4500122070312,632.8201904296875,9910200
2025-01-24,647.489990234375,643.7972412109375,19065300
2025-01-27,659.8800048828125,656.1166381835938,28399200
2025-01-28,674.3300170898438,670.4842529296875,20950100
2025-01-29,676.489990234375,672.6319580078125,21377800
2025-01-30,687.0,683.0819702148438,29322900
2025-01-31,689.1799926757812,685.2494506835938,19303900
2025-02-03,697.4600219726562,693.4823608398438,21415700
2025-02-04,704.1900024414062,700.1738891601562,13826300
2025-02-05,704.8699951171875,700.8500366210938,17778200
2025-02-06,711.989990234375,707.929443359375,13080700
2025-02-07,714.52001953125,710.4450073242188,16427100
2025-02-10,717.4000244140625,713.3085327148438,12904300
2025-02-11,719.7999877929688,715.6948852539062,12998000
2025-02-12,725.3800048828125,721.2430419921875,12016500
2025-02-13,728.5599975585938,724.4049072265625,12569100
2025-02-14,736.6699829101562,732.4686279296875,16901200
2025-02-18,716.3699951171875,712.2844848632812,21938700
2025-02-19,703.77001953125,699.7562866210938,17535500
2025-02-20,694.8400268554688,690.877197265625,12587400
2025-02-21,683.5499877929688,679.651611328125,15660400
2025-02-24,668.1300048828125,664.3195190429688,15677000
2025-02-25,657.5,653.750244140625,20579700
2025-02-26,673.7000122070312,669.8577880859375,14488700
2025-02-27,658.239990234375,654.4859619140625,12500000
2025-02-28,668.2000122070312,664.3890991210938,17534200
2025-03-03,655.0499877929688,651.3140869140625,10843800
2025-03-04,640.0,636.3499755859375,21495200
2025-03-05,656.469970703125,652.7260131835938,13770000
2025-03-06,627.9299926757812,624.3487548828125,13446500
2025-03-07,625.6599731445312,622.0917358398438,21375700
2025-03-10,597.989990234375,594.5796508789062,21999900
2025-03-11,605.7100219726562,602.2555541992188,17401500
2025-03-12,619.5599975585938,616.0265502929688,15747000
2025-03-13,590.6400146484375,587.2716064453125,16480300
2025-03-14,607.5999755859375,604.6723022460938,12364500
2025-03-17,604.9000244140625,601.9852294921875,15473900
2025-03-18,582.3599853515625,579.5538940429688,20297700
2025-03-19,584.0599975585938,581.2456665039062,20537500
2025-03-20,586.0,583.17626953125,24336500
2025-03-21,596.25,593.376953125,25015900
2025-03-24,618.8499755859375,615.867919921875,15741300
2025-03-25,626.3099975585938,623.2921142578125,15312500
2025-03-26,610.97998046875,608.0359497070312,12609800
2025-03-27,602.5800170898438,599.6763916015625,10436500
2025-03-28,576.739990234375,573.9609985351562,17602800
2025-03-31,576.3599853515625,573.582763671875,21124700
2025-04-01,586.0,583.17626953125,12836600
2025-04-02,583.9299926757812,581.1163330078125,13470800
2025-04-03,531.6199951171875,529.058349609375,34777500
2025-04-04,504.7300109863281,502.2979736328125,38589800
2025-04-07,516.25,513.7623901367188,36606100
2025-04-08,510.45001220703125,507.9903869628906,28034200
2025-04-09,585.77001953125,582.9473876953125,39216600
2025-04-10,546.2899780273438,543.6575927734375,28173500
2025-04-11,543.5700073242188,540.9508666992188,17642300
2025-04-14,531.47998046875,528.9190063476562,14130900
2025-04-15,521.52001953125,519.0070190429688,15558700
2025-04-16,502.30999755859375,499.8895568847656,18735100
2025-04-17,501.4800109863281,499.0635986328125,14593500
2025-04-21,484.6600036621094,482.32464599609375,16166000
2025-04-22,500.2799987792969,497.869384765625,17399400
2025-04-23,520.27001953125,517.7630615234375,18173900
2025-04-24,533.1500244140625,530.5810546875,13910000
2025-04-25,547.27001953125,544.6329956054688,17098900
2025-04-28,549.739990234375,547.0910034179688,15179000
2025-04-29,554.4400024414062,551.7683715820312,11835000
2025-04-30,549.0,546.3545532226562,29244000
2025-05-01,572.2100219726562,569.4527587890625,31159000
2025-05-02,597.02001953125,594.1432495117188,24739300
2025-05-05,599.27001953125,596.3824462890625,13887700
2025-05-06,587.3099975585938,584.47998046875,10600700
2025-05-07,596.8099975585938,593.9342651367188,13139100
2025-05-08,598.010009765625,595.1285400390625,14622800
2025-05-09,592.489990234375,589.6350708007812,10427300
2025-05-12,639.4299926757812,636.348876953125,21965100
2025-05-13,656.030029296875,652.8688354492188,18570800
2025-05-14,659.3599853515625,656.182861328125,12348200
2025-05-15,643.8800048828125,640.7774047851562,14341800
2025-05-16,640.3400268554688,637.2545166015625,18519000
2025-05-19,640.4299926757812,637.3440551757812,9592400
2025-05-20,637.0999755859375,634.0300903320312,6743500
2025-05-21,635.5,632.4378051757812,11464600
2025-05-22,636.5700073242188,633.502685546875,8228400
2025-05-23,627.0599975585938,624.0384521484375,8454100
2025-05-27,642.3200073242188,639.2249755859375,9508400
2025-05-28,643.5800170898438,640.4789428710938,9042900
2025-05-29,645.0499877929688,641.9417114257812,8858800
2025-05-30,647.489990234375,644.3700561523438,16241000
2025-06-02,670.9000244140625,667.6671752929688,15766300
2025-06-03,666.8499755859375,663.6367797851562,11585000
2025-06-04,687.9500122070312,684.6350708007812,14031900
2025-06-05,684.6199951171875,681.3211669921875,13083100
2025-06-06,697.7100219726562,694.3480834960938,11728000
2025-06-09,694.0599975585938,690.7156372070312,12773200
2025-06-10,702.4000244140625,699.0155029296875,10850100
2025-06-11,694.1400146484375,690.7952880859375,9582500
2025-06-12,693.3599853515625,690.0189819335938,7322700
2025-06-13,682.8699951171875,679.5795288085938,9274400
2025-06-16,702.1199951171875,699.2744140625,13720300
2025-06-17,697.22998046875,694.404296875,10066100
2025-06-18,695.77001953125,692.9501342773438,10068300
2025-06-20,682.3499755859375,679.5845336914062,22538600
2025-06-23,698.530029296875,695.6990356445312,11080100
2025-06-24,712.2000122070312,709.3135986328125,13823200
2025-06-25,708.6799926757812,705.807861328125,9320400
2025-06-26,726.0900268554688,723.1472778320312,13964800
2025-06-27,733.6300048828125,730.6567993164062,18775700
2025-06-30,738.0900268554688,735.0986328125,15402100
2025-07-01,719.219970703125,716.3051147460938,13431200
2025-07-02,713.5700073242188,710.6781005859375,9336700
2025-07-03,719.010009765625,716.095947265625,8601700
2025-07-07,718.3499755859375,715.4386596679688,9457100
2025-07-08,720.6699829101562,717.7492065429688,7770700
2025-07-09,732.780029296875,729.810302734375,11418000
2025-07-10,727.239990234375,724.2926635742188,9913600
2025-07-11,717.510009765625,714.6021118164062,10873900
2025-07-14,720.9199829101562,717.9982299804688,8939400
2025-07-15,710.3900146484375,707.510986328125,11529500
2025-07-16,702.9099731445312,700.0611572265625,13067600
2025-07-17,701.4099731445312,698.5673217773438,11803300
2025-07-18,704.280029296875,701.4257202148438,12779800
2025-07-21,712.969970703125,710.0804443359375,9404400
2025-07-22,704.8099975585938,701.9535522460938,8921100
2025-07-23,713.5800170898438,710.6879272460938,8771600
2025-07-24,714.7999877929688,711.903076171875,10920800
2025-07-25,712.6799926757812,709.7915649414062,8271700
2025-07-28,717.6300048828125,714.7216186523438,8715700
2025-07-29,700.0,697.1630249023438,13267000
2025-07-30,695.2100219726562,692.3924560546875,27077300
2025-07-31,773.4400024414062,770.305419921875,38831100
2025-08-01,750.010009765625,746.9703369140625,19028700
2025-08-04,776.3699951171875,773.2235717773438,15801700
2025-08-05,763.4600219726562,760.3659057617188,11640300
2025-08-06,771.989990234375,768.8612060546875,9733900
2025-08-07,761.8300170898438,758.742431640625,9019700
2025-08-08,769.2999877929688,766.1821899414062,7320800
2025-08-11,765.8699951171875,762.7660522460938,7612000
2025-08-12,790.0,786.7982788085938,14563100
2025-08-13,780.0800170898438,776.9185180664062,8811800
2025-08-14,782.1300048828125,778.960205078125,8116200
2025-08-15,785.22998046875,782.0476684570312,13375400
2025-08-18,767.3699951171875,764.260009765625,16513700
2025-08-19,751.47998046875,748.4343872070312,12286700
2025-08-20,747.719970703125,744.6896362304688,11898200
2025-08-21,739.0999755859375,736.1045532226562,8876300
2025-08-22,754.7899780273438,751.7310180664062,10612700
2025-08-25,753.2999877929688,750.2470092773438,6861200
2025-08-26,754.0999755859375,751.043701171875,7601800
2025-08-27,747.3800048828125,744.3510131835938,8315400
2025-08-28,751.1099853515625,748.0658569335938,7468000
2025-08-29,738.7000122070312,735.7061767578125,9070500
2025-09-02,735.1099853515625,732.1307983398438,9350900
2025-09-03,737.0499877929688,734.0628662109375,7699300
2025-09-04,748.6500244140625,745.6159057617188,11439100
2025-09-05,752.4500122070312,749.4005126953125,9663400
2025-09-08,752.2999877929688,749.2510375976562,13087800
2025-09-09,765.7000122070312,762.5968017578125,10999000
2025-09-10,751.97998046875,748.932373046875,12478300
2025-09-11,750.9000244140625,747.8568725585938,7923300
2025-09-12,755.5900268554688,752.5277709960938,8248600
2025-09-15,764.7000122070312,761.600830078125,10533800
2025-09-16,779.0,775.8428955078125,11782500
2025-09-17,775.719970703125,772.5761108398438,9400900
2025-09-18,780.25,777.0877685546875,10955000
2025-09-19,778.3800048828125,775.2254028320312,23696800
2025-09-22,765.1599731445312,762.5733032226562,11706900
2025-09-23,755.4000244140625,752.8463745117188,10872600
2025-09-24,760.6599731445312,758.0885009765625,8828200
2025-09-25,748.9099731445312,746.3782348632812,10591100
2025-09-26,743.75,741.2356567382812,9696300
2025-09-29,743.4000244140625,740.8869018554688,9246800
2025-09-30,734.3800048828125,731.8973388671875,16226800
2025-10-01,717.3400268554688,714.9149780273438,20419600
2025-10-02,727.0499877929688,724.5921630859375,11415300
2025-10-03,710.5599975585938,708.1578369140625,16154300
2025-10-06,715.6599731445312,713.2406616210938,21654700
2025-10-07,713.0800170898438,710.66943359375,12062900
2025-10-08,717.8400268554688,715.4132690429688,10790600
2025-10-09,733.510009765625,731.0302734375,12717200
2025-10-10,705.2999877929688,702.9156494140625,16980100
2025-10-13,715.7000122070312,713.280517578125,9251800
2025-10-14,708.6500244140625,706.25439453125,8829800
2025-10-15,717.5499877929688,715.1242065429688,10246800
2025-10-16,712.0700073242188,709.6627807617188,9017000
2025-10-17,716.9199829101562,714.4963989257812,12232400
2025-10-20,732.1699829101562,729.69482421875,8900200
2025-10-21,733.27001953125,730.7911376953125,7647300
2025-10-22,733.4099731445312,730.9306640625,8734500
2025-10-23,734.0,731.5186767578125,9856000
2025-10-24,738.3599853515625,735.8638916015625,9151300
2025-10-27,750.8200073242188,748.2817993164062,11321100
2025-10-28,751.4400024414062,748.8997192382812,12193800
2025-10-29,751.6699829101562,749.12890625,26818600
2025-10-30,666.469970703125,664.2169189453125,88440100
2025-10-31,648.3499755859375,646.158203125,56953200
2025-11-03,637.7100219726562,635.5541381835938,33003600
2025-11-04,627.3200073242188,625.1993408203125,27356600
2025-11-05,635.9500122070312,633.8001708984375,20219900
2025-11-06,618.9400024414062,616.8475952148438,23628800
2025-11-07,621.7100219726562,619.6082763671875,29946800
2025-11-10,631.760009765625,629.624267578125,19245000
2025-11-11,627.0800170898438,624.9600830078125,13302200
2025-11-12,609.010009765625,606.951171875,24493300
2025-11-13,609.8900146484375,607.8282470703125,20973800
2025-11-14,609.4600219726562,607.3997192382812,20724100
2025-11-17,602.010009765625,599.974853515625,16501300
2025-11-18,597.6900024414062,595.6693725585938,25500600
2025-11-19,590.3200073242188,588.3244018554688,24744700
2025-11-20,589.1500244140625,587.1583862304688,20603000
2025-11-21,594.25,592.2410888671875,21052600
2025-11-24,613.0499877929688,610.9775390625,23554900
2025-11-25,636.219970703125,634.0691528320312,25213000
2025-11-26,633.6099853515625,631.468017578125,15209500
2025-11-28,647.9500122070312,645.7595825195312,11033200
2025-12-01,640.8699951171875,638.7034301757812,13029900
2025-12-02,647.0999755859375,644.912353515625,11640900
2025-12-03,639.5999755859375,637.437744140625,11134300
2025-12-04,661.530029296875,659.2935791015625,29874600
2025-12-05,673.4199829101562,671.1434326171875,21207900
2025-12-08,666.7999877929688,664.5457763671875,13161000
2025-12-09,656.9600219726562,654.7390747070312,12997100
2025-12-10,650.1300048828125,647.9321899414062,16910900
2025-12-11,652.7100219726562,650.5034790039062,13056700
2025-12-12,644.22998046875,642.0521850585938,14016900
2025-12-15,647.510009765625,645.8473510742188,15549100
2025-12-16,657.1500244140625,655.462646484375,14309100
2025-12-17,649.5,647.832275390625,15598500
2025-12-18,664.4500122070312,662.7438354492188,20260300
2025-12-19,658.77001953125,657.0784301757812,49977100
2025-12-22,661.5,659.8014526367188,15659400
2025-12-23,664.9400024414062,663.2325439453125,8486800
2025-12-24,667.5499877929688,665.8358764648438,5627500
2025-12-26,663.2899780273438,661.5868530273438,7133800
2025-12-29,658.6900024414062,656.9986572265625,8506500
2025-12-30,665.9500122070312,664.239990234375,9187500
2025-12-31,660.0900268554688,658.39501953125,7940400
2026-01-02,650.4099731445312,648.7398681640625,13726500
2026-01-05,658.7899780273438,657.098388671875,12213700
2026-01-06,660.6199951171875,658.9236450195312,11074400
2026-01-07,648.6900024414062,647.0242919921875,12846300
2026-01-08,646.0599975585938,644.4010620117188,11921700
2026-01-09,653.0599975585938,651.3831176757812,11634900
2026-01-12,641.969970703125,640.321533203125,14797200
2026-01-13,631.0900268554688,629.4695434570312,18030400
2026-01-14,615.52001953125,613.939453125,15527900
2026-01-15,620.7999877929688,619.2058715820312,13076100
2026-01-16,620.25,618.6573486328125,17012500
2026-01-20,604.1199951171875,602.5687255859375,15169600
2026-01-21,612.9600219726562,611.3860473632812,14494700
2026-01-22,647.6300048828125,645.967041015625,21394700
2026-01-23,658.760009765625,657.0684204101562,22797700
2026-01-26,672.3599853515625,670.6334838867188,16327400
2026-01-27,672.969970703125,671.241943359375,13297400
2026-01-28,668.72998046875,667.0127563476562,25709600
2026-01-29,738.3099975585938,736.4141845703125,59852900
2026-01-30,716.5,714.6602172851562,23744600
2026-02-02,706.4099731445312,704.5960693359375,14365200
2026-02-03,691.7000122070312,689.9238891601562,13760700
2026-02-04,668.989990234375,667.2721557617188,16882800
2026-02-05,670.2100219726562,668.4890747070312,17131800
2026-02-06,661.4600219726562,659.7615356445312,18159300
2026-02-09,677.219970703125,675.4810180664062,14837500
2026-02-10,670.719970703125,668.9976806640625,10455800
2026-02-11,668.6900024414062,666.9729614257812,14323800
2026-02-12,649.8099975585938,648.1414794921875,14960100
2026-02-13,639.77001953125,638.127197265625,12336400
2026-02-17,639.2899780273438,637.6483764648438,12674700
2026-02-18,643.219970703125,641.568359375,14649200
2026-02-19,644.780029296875,643.1243896484375,10035700
2026-02-20,655.6599731445312,653.9763793945312,14183500
2026-02-23,637.25,635.6137084960938,8605900
2026-02-24,639.2999877929688,637.6583862304688,10135600
2026-02-25,653.6900024414062,652.011474609375,11330700
2026-02-26,657.010009765625,655.322998046875,10637700
2026-02-27,648.1799926757812,646.515625,15703000
2026-03-02,653.5599975585938,651.8817749023438,9816100
2026-03-03,655.0800170898438,653.39794921875,12263800
2026-03-04,667.72998046875,666.015380859375,10810100
2026-03-05,660.5700073242188,658.8738403320312,13341400
2026-03-06,644.8599853515625,643.2041625976562,13159400
2026-03-09,647.3900146484375,645.7276611328125,13489700
2026-03-10,654.0700073242188,652.3905029296875,9859300
2026-03-11,654.8599853515625,653.178466796875,8977200
2026-03-12,638.1799926757812,636.5413208007812,11617500
2026-03-13,613.7100219726562,612.1341552734375,18957600
2026-03-16,627.4500122070312,626.3746948242188,15134900
2026-03-17,622.6599731445312,621.5928344726562,10348800
2026-03-18,615.6799926757812,614.6248168945312,11726300
2026-03-19,606.7000122070312,605.6602172851562,13247700
2026-03-20,593.6599731445312,592.642578125,21214900
2026-03-23,604.0599975585938,603.0247802734375,13638000
2026-03-24,592.9199829101562,591.9038696289062,10739700
2026-03-25,594.8900146484375,593.8704833984375,12585000
2026-03-26,547.5399780273438,546.6016235351562,35780100
2026-03-27,525.719970703125,524.8190307617188,30133000
2026-03-30,536.3800048828125,535.4607543945312,22795200
2026-03-31,572.1300048828125,571.1494750976562,32898300
2026-04-01,579.22998046875,578.2372436523438,23608100
2026-04-02,574.4600219726562,573.4755249023438,13518500
2026-04-06,573.02001953125,572.0380249023438,9515700
2026-04-07,575.0499877929688,574.064453125,9580800
2026-04-08,612.4199829101562,611.3704223632812,32036600
2026-04-09,628.3900146484375,627.3130493164062,19012900
2026-04-10,629.8599853515625,628.780517578125,13294800
2026-04-13,634.530029296875,633.4425659179688,9538900
2026-04-14,662.489990234375,661.3546142578125,17818000
2026-04-15,671.5800170898438,670.4290771484375,14952600
2026-04-16,676.8699951171875,675.7099609375,9544800
2026-04-17,688.5499877929688,687.3699340820312,16283500
2026-04-20,670.9099731445312,669.7601928710938,12534000
2026-04-21,668.8400268554688,667.6937866210938,8660100
2026-04-22,674.719970703125,673.5636596679688,9215600
2026-04-23,659.1500244140625,658.0203857421875,11667000
2026-04-24,675.030029296875,673.8731689453125,13348300
2026-04-27,678.6199951171875,677.4569702148438,12805200
2026-04-28,671.3400268554688,670.189453125,10606800
2026-04-29,669.1199951171875,667.9732666015625,18947500
2026-04-30,611.9099731445312,610.8612670898438,52765000
2026-05-01,608.75,607.7067260742188,21404000
2026-05-04,610.4099731445312,609.3638916015625,16203900
2026-05-05,604.9600219726562,603.9232177734375,17171300
2026-05-06,612.8800048828125,611.8296508789062,19915500
2026-05-07,616.8099975585938,615.7529296875,12307400
2026-05-08,609.6300048828125,608.5852661132812,13557000
2026-05-11,598.8599853515625,597.8336791992188,15940600
2026-05-12,603.0,601.966552734375,11351600
2026-05-13,616.6300048828125,615.5732421875,14634400
2026-05-14,618.4299926757812,617.3701171875,10651200
2026-05-15,614.22998046875,613.1773071289062,13272600
2026-05-18,611.2100219726562,610.1625366210938,13772400
2026-05-19,602.6099853515625,601.5772094726562,11749900
2026-05-20,605.0599975585938,604.0230712890625,11329700
2026-05-21,607.3800048828125,606.339111328125,13476100
2026-05-22,610.260009765625,609.214111328125,11688600
2026-05-26,612.3400268554688,611.2906494140625,12234200
2026-05-27,635.260009765625,634.1712646484375,23143600
2026-05-28,635.2899780273438,634.2012329101562,16772400
2026-05-29,632.510009765625,631.426025390625,19806500
2026-06-01,600.469970703125,599.44091796875,29138800
2026-06-02,597.6300048828125,596.6058349609375,18252000
2026-06-03,622.97998046875,621.9122924804688,23020100
2026-06-04,627.5700073242188,626.4945068359375,21469200
2026-06-05,593.0,591.9837036132812,30091600
2026-06-08,585.3900146484375,584.3867797851562,19512400
2026-06-09,584.5900268554688,583.588134765625,16977400
2026-06-10,570.97998046875,570.00146484375,17064000
2026-06-11,568.4299926757812,567.455810546875,17628000
2026-06-12,566.97998046875,566.00830078125,14326400
2026-06-15,593.47998046875,593.011962890625,17653300
2026-06-16,600.2100219726562,599.7366943359375,11344400
2026-06-17,567.5800170898438,567.1324462890625,20478300
2026-06-18,577.219970703125,576.7647705078125,28824600
2026-06-22,563.8499755859375,563.4053344726562,15405500
2026-06-23,562.2000122070312,561.7566528320312,13103300
2026-06-24,557.6699829101562,557.230224609375,13963600
2026-06-25,542.8699951171875,542.44189453125,16968600
2026-06-26,550.25,549.8161010742188,18867700
2026-06-29,562.5999755859375,562.1563110351562,15011400
2026-06-30,563.2899780273438,562.8457641601562,18111100
2026-07-01,612.9099731445312,612.4266357421875,45536300
2026-07-02,582.9000244140625,582.4403686523438,21705900
2026-07-06,600.2899780273438,599.8165893554688,17674100
2026-07-07,615.5800170898438,615.0946044921875,18560800
2026-07-08,603.1199951171875,602.6444091796875,13606500
2026-07-09,631.47998046875,630.9819946289062,26579700
2026-07-10,669.2100219726562,668.6823120117188,40608900
2026-07-13,656.72998046875,656.2120971679688,19840700
2026-07-14,661.0399780273438,660.5186767578125,16748200
2026-07-15,681.3099975585938,680.7727661132812,19003400
2026-07-16,664.5399780273438,664.0159301757812,15816000
2026-07-17,646.010009765625,645.5006103515625,22267900
2026-07-20,645.8499755859375,645.3406982421875,10225200
2026-07-21,643.8099975585938,643.3023071289062,9140500
2026-07-22,627.1699829101562,626.6754150390625,11019600
2026-07-23,606.0999755859375,605.6220092773438,15494800
2026-07-24,595.1900024414062,594.7206420898438,11503500
2026-07-27,593.8699951171875,593.4016723632812,11195300
2026-07-28,593.4099731445312,592.9420166015625,12009300
2026-07-29,585.6099853515625,585.148193359375,22371100
2026-07-30,539.030029296875,538.60498046875,42271500
2026-07-31,556.7100219726562,556.27099609375,24261500
2026-08-03,590.239990234375,589.7745361328125,25938100
2026-08-04,587.9400024414062,587.4763793945312,17959200
2026-08-05,588.77001953125,588.3057250976562,14897200
2026-08-06,589.9000244140625,589.4348754882812,11811500
2026-08-07,592.0999755859375,591.633056640625,11250300
2026-08-10,594.9199829101562,594.4508666992188,14967300
2026-08-11,599.1199951171875,598.6475219726562,13146900
2026-08-12,578.8499755859375,578.3934936523438,16186900
2026-08-13,594.969970703125,594.5007934570312,11164200
2026-08-14,589.8499755859375,589.3848266601562,8758000
2026-08-17,568.969970703125,568.5213012695312,17225600
2026-08-18,543.6699829101562,543.2412719726562,27094900
2026-08-19,546.030029296875,545.5994262695312,16971700
2026-08-20,545.8300170898438,545.3995971679688,13872200
2026-08-21,549.9000244140625,549.4663696289062,13848000
2026-08-24,559.02001953125,558.5792236328125,12990600
2026-08-25,570.0499877929688,569.6004638671875,9769100
2026-08-26,576.1400146484375,575.6856689453125,31416300
2026-08-27,571.0999755859375,570.6495971679688,15221400
2026-08-28,578.02001953125,577.564208984375,16042400
2026-08-31,572.3400268554688,571.888671875,13383800
2026-09-01,578.5399780273438,578.083740234375,15796900
2026-09-02,592.8499755859375,592.3824462890625,16552700
2026-09-03,610.6799926757812,610.1984252929688,19737100
2026-09-04,616.77001953125,616.2836303710938,15966200
2026-09-08,613.47998046875,612.9962158203125,18909700
2026-09-09,653.6900024414062,653.1744995117188,35900700
2026-09-10,644.3800048828125,643.8718872070312,21531900
2026-09-11,648.030029296875,647.51904296875,16925000
2026-09-14,665.5999755859375,665.0751342773438,19332300
2026-09-15,670.239990234375,669.7114868164062,19502800
2026-09-16,673.3099975585938,672.779052734375,17217800
2026-09-17,682.3099975585938,681.77197265625,15928000
2026-09-18,665.75,665.2250366210938,27596400
2026-09-21,741.25,741.25,48720500
2026-09-22,736.5999755859375,736.5999755859375,28122100
2026-09-23,744.0999755859375,744.0999755859375,30829200
2026-09-24,777.5900268554688,777.5900268554688,34808500
