Date,close,adjclose,volume
2014-12-01,2470.0,1519.6612548828125,0.0
2014-12-02,2290.0,1408.917724609375,140000.0
2014-12-03,2250.0,1390.3787841796875,48820.0
2014-12-04,2200.0,1359.4818115234375,69200.0
2014-12-05,2200.0,1359.4818115234375,1382450.0
2014-12-08,2200.0,1359.4818115234375,0.0
2014-12-09,2200.0,1359.4818115234375,0.0
2014-12-10,2200.0,1359.4818115234375,0.0
2014-12-11,2200.0,1359.4818115234375,0.0
2014-12-12,2005.0,1238.9820556640625,220807.0
2014-12-15,2000.0,1235.8924560546875,10000.0
2014-12-16,2000.0,1235.8924560546875,10000.0
2014-12-17,2000.0,1235.8924560546875,0.0
2014-12-18,2005.0,1238.9820556640625,61325.0
2014-12-19,2075.0,1282.23779296875,65654.0
2014-12-22,2075.0,1282.23779296875,0.0
2014-12-23,2100.0,1297.6868896484375,402545.0
2014-12-24,2310.0,1427.4552001953125,316778.0
2014-12-25,2350.0,1452.1734619140625,8000.0
2014-12-26,2000.0,1235.8924560546875,0.0
2014-12-29,2000.0,1235.8924560546875,0.0
2014-12-30,2350.0,1452.1734619140625,2300.0
2014-12-31,2400.0,1483.0709228515625,64784.0
2015-01-01,2400.0,1483.0709228515625,0.0
2015-01-02,2400.0,1483.0709228515625,0.0
2015-01-05,2305.0,1424.3658447265625,11001.0
2015-01-06,2305.0,1443.148681640625,11001.0
2015-01-07,2305.0,1443.148681640625,0.0
2015-01-08,2305.0,1443.148681640625,0.0
2015-01-09,2215.0,1386.7999267578125,19101.0
2015-01-12,2305.0,1443.148681640625,0.0
2015-01-13,2305.0,1443.148681640625,0.0
2015-01-14,2305.0,1443.148681640625,0.0
2015-01-15,2215.0,1386.7999267578125,8000.0
2015-01-16,2215.0,1386.7999267578125,0.0
2015-01-19,2215.0,1386.7999267578125,0.0
2015-01-20,2000.0,1252.18994140625,200700.0
2015-01-21,2000.0,1252.18994140625,13792.0
2015-01-22,2000.0,1252.18994140625,0.0
2015-01-23,2000.0,1252.18994140625,0.0
2015-01-26,2000.0,1252.18994140625,1300.0
2015-01-27,2000.0,1252.18994140625,0.0
2015-01-28,1995.0,1249.059326171875,10600.0
2015-01-29,1995.0,1249.059326171875,10646.0
2015-01-30,1995.0,1249.059326171875,0.0
2015-02-02,1995.0,1249.059326171875,12440.0
2015-02-03,1995.0,1249.059326171875,0.0
2015-02-04,1920.0,1208.158203125,32764.0
2015-02-05,1935.0,1217.5970458984375,31774.0
2015-02-06,1940.0,1220.7435302734375,48374.0
2015-02-09,1910.0,1201.8660888671875,26848.0
2015-02-10,1910.0,1201.8660888671875,0.0
2015-02-11,1910.0,1201.8660888671875,0.0
2015-02-12,1910.0,1201.8660888671875,0.0
2015-02-13,1855.0,1167.257080078125,22581.0
2015-02-16,1910.0,1201.8660888671875,0.0
2015-02-17,1910.0,1201.8660888671875,0.0
2015-02-18,1910.0,1201.8660888671875,0.0
2015-02-19,1855.0,1167.257080078125,10000.0
2015-02-20,1900.0,1195.5732421875,43871.0
2015-02-23,1825.0,1148.3790283203125,68242.0
2015-02-24,1825.0,1148.3790283203125,0.0
2015-02-25,1850.0,1164.1109619140625,19694.0
2015-02-26,1850.0,1164.1109619140625,244900.0
2015-02-27,1850.0,1164.1109619140625,237500.0
2015-03-02,1860.0,1170.4033203125,17600.0
2015-03-03,1860.0,1170.4033203125,17600.0
2015-03-04,1860.0,1176.72998046875,0.0
2015-03-05,1860.0,1176.72998046875,0.0
2015-03-06,1860.0,1176.72998046875,0.0
2015-03-09,1860.0,1176.72998046875,4300.0
2015-03-10,1860.0,1176.72998046875,0.0
2015-03-11,1860.0,1176.72998046875,916.0
2015-03-12,1860.0,1176.72998046875,0.0
2015-03-13,1860.0,1176.72998046875,0.0
2015-03-16,1860.0,1176.72998046875,35885.0
2015-03-17,1860.0,1176.72998046875,0.0
2015-03-18,1855.0,1173.5667724609375,36078.0
2015-03-19,1860.0,1176.72998046875,0.0
2015-03-20,1900.0,1202.0357666015625,21992.0
2015-03-23,1900.0,1202.0357666015625,0.0
2015-03-24,1900.0,1202.0357666015625,80678.0
2015-03-25,1900.0,1202.0357666015625,80678.0
2015-03-26,1900.0,1202.0357666015625,0.0
2015-03-27,1900.0,1202.0357666015625,0.0
2015-03-30,1900.0,1202.0357666015625,6546.0
2015-03-31,1900.0,1202.0357666015625,6546.0
2015-04-01,1900.0,1202.0357666015625,0.0
2015-04-02,1900.0,1202.0357666015625,0.0
2015-04-03,1900.0,1202.0357666015625,0.0
2015-04-06,1825.0,1173.10986328125,115844.0
2015-04-07,1825.0,1173.10986328125,115844.0
2015-04-08,1860.0,1195.60791015625,152674.0
2015-04-09,1850.0,1189.1795654296875,146938.0
2015-04-10,1850.0,1189.1795654296875,627.0
2015-04-13,1900.0,1221.3201904296875,0.0
2015-04-14,1900.0,1221.3201904296875,0.0
2015-04-15,1850.0,1189.1795654296875,15750.0
2015-04-16,1850.0,1189.1795654296875,9433.0
2015-04-17,1820.0,1169.8961181640625,144200.0
2015-04-20,1795.0,1153.8258056640625,15439.0
2015-04-21,1795.0,1153.8258056640625,0.0
2015-04-22,1795.0,1153.8258056640625,0.0
2015-04-23,1750.0,1124.89990234375,42097.0
2015-04-24,1750.0,1124.89990234375,3935.0
2015-04-27,1770.0,1137.7557373046875,4754.0
2015-04-28,1770.0,1137.7557373046875,0.0
2015-04-29,1795.0,1153.8258056640625,353244.0
2015-04-30,1795.0,1153.8258056640625,12514.0
2015-05-01,1795.0,1153.8258056640625,5685.0
2015-05-04,1795.0,1153.8258056640625,0.0
2015-05-05,1770.0,1144.1297607421875,0.0
2015-05-06,1785.0,1153.82568359375,54504.0
2015-05-07,1785.0,1153.82568359375,3400.0
2015-05-08,1785.0,1153.82568359375,0.0
2015-05-11,1785.0,1153.82568359375,3787.0
2015-05-12,1785.0,1153.82568359375,0.0
2015-05-13,1785.0,1153.82568359375,0.0
2015-05-14,1785.0,1153.82568359375,5759.0
2015-05-15,1785.0,1153.82568359375,0.0
2015-05-18,1785.0,1153.82568359375,0.0
2015-05-19,1620.0,1047.16943359375,109868.0
2015-05-20,1620.0,1047.16943359375,109868.0
2015-05-21,1620.0,1047.16943359375,0.0
2015-05-22,1620.0,1047.16943359375,42274.0
2015-05-25,1620.0,1047.16943359375,6654.0
2015-05-26,1620.0,1047.16943359375,0.0
2015-05-27,1620.0,1047.16943359375,0.0
2015-05-28,1620.0,1047.16943359375,0.0
2015-05-29,1560.0,1008.385498046875,47283.0
2015-06-01,1505.0,972.8336791992188,35813.0
2015-06-02,1505.0,972.8336791992188,0.0
2015-06-03,1560.0,1015.1307373046875,89897.0
2015-06-04,1560.0,1015.1307373046875,2000.0
2015-06-05,1460.0,950.0577392578125,76338.0
2015-06-08,1505.0,979.3409423828125,0.0
2015-06-09,1470.0,956.5657348632812,300349.0
2015-06-10,1470.0,956.5657348632812,0.0
2015-06-11,1425.0,927.2826538085938,182924.0
2015-06-12,1425.0,927.2826538085938,149274.0
2015-06-15,1470.0,956.5657348632812,0.0
2015-06-16,1445.0,940.2969970703125,56196.0
2015-06-17,1445.0,940.2969970703125,56196.0
2015-06-18,1400.0,911.0149536132812,103042.0
2015-06-19,1400.0,911.0149536132812,10878.0
2015-06-22,1470.0,956.5657348632812,0.0
2015-06-23,1400.0,911.0149536132812,92082.0
2015-06-24,1405.0,914.2685546875,966710.0
2015-06-25,1405.0,914.2685546875,0.0
2015-06-26,1450.0,943.5512084960938,33419.0
2015-06-29,1405.0,914.2685546875,0.0
2015-06-30,1445.0,940.2969970703125,46884.0
2015-07-01,1445.0,940.2969970703125,0.0
2015-07-02,1450.0,943.5512084960938,185520.0
2015-07-03,1450.0,943.5512084960938,0.0
2015-07-06,1465.0,973.4523315429688,4526.0
2015-07-07,1465.0,973.4523315429688,0.0
2015-07-08,1480.0,983.4194946289062,78107.0
2015-07-09,1490.0,990.0639038085938,25402.0
2015-07-10,1475.0,980.0968627929688,72314.0
2015-07-13,1475.0,980.0968627929688,6640.0
2015-07-14,1475.0,980.0968627929688,0.0
2015-07-15,1555.0,1033.2547607421875,26951.0
2015-07-16,1615.0,1073.123291015625,9500.0
2015-07-17,1615.0,1073.123291015625,9500.0
2015-07-20,1675.0,1112.9913330078125,0.0
2015-07-21,1720.0,1142.8922119140625,79318.0
2015-07-22,1720.0,1142.8922119140625,16968.0
2015-07-23,1720.0,1142.8922119140625,0.0
2015-07-24,1705.0,1132.925537109375,165188.0
2015-07-27,1710.0,1136.248046875,52440.0
2015-07-28,1710.0,1136.248046875,52440.0
2015-07-29,1715.0,1139.5699462890625,78116.0
2015-07-30,1750.0,1162.8267822265625,207055.0
2015-07-31,1770.0,1176.116455078125,9173.0
2015-08-03,1770.0,1182.7989501953125,16638.0
2015-08-04,1770.0,1182.7989501953125,0.0
2015-08-05,1770.0,1182.7989501953125,11266.0
2015-08-06,1770.0,1182.7989501953125,2189.0
2015-08-07,1770.0,1182.7989501953125,0.0
2015-08-10,1770.0,1182.7989501953125,0.0
2015-08-11,1770.0,1182.7989501953125,0.0
2015-08-12,1795.0,1199.505126953125,54615.0
2015-08-13,1795.0,1199.505126953125,54615.0
2015-08-14,1795.0,1199.505126953125,7978.0
2015-08-17,1800.0,1202.8463134765625,0.0
2015-08-18,1800.0,1202.8463134765625,7356.0
2015-08-19,1800.0,1202.8463134765625,21886.0
2015-08-20,1800.0,1202.8463134765625,14994.0
2015-08-21,1800.0,1202.8463134765625,14994.0
2015-08-24,1920.0,1283.035888671875,85922.0
2015-08-25,1920.0,1283.035888671875,85922.0
2015-08-26,1960.0,1309.765625,0.0
2015-08-27,1930.0,1289.7183837890625,59640.0
2015-08-28,1930.0,1289.7183837890625,59640.0
2015-08-31,1920.0,1283.035888671875,35602.0
2015-09-01,1920.0,1283.035888671875,35602.0
2015-09-02,1960.0,1309.765625,83737.0
2015-09-03,1900.0,1269.6707763671875,8500.0
2015-09-04,1900.0,1276.3887939453125,9917.0
2015-09-07,1950.0,1309.9779052734375,29200.0
2015-09-08,1950.0,1309.9779052734375,45486.0
2015-09-09,1950.0,1309.9779052734375,11922.0
2015-09-10,1950.0,1309.9779052734375,1000.0
2015-09-11,1950.0,1309.9779052734375,1000.0
2015-09-14,1950.0,1309.9779052734375,28427.0
2015-09-15,1950.0,1309.9779052734375,28427.0
2015-09-16,1950.0,1309.9779052734375,54059.0
2015-09-17,1950.0,1309.9779052734375,19310.0
2015-09-18,1950.0,1309.9779052734375,3300.0
2015-09-21,1975.0,1326.773193359375,21780.0
2015-09-22,1975.0,1326.773193359375,21780.0
2015-09-23,1930.0,1296.5423583984375,64339.0
2015-09-24,1930.0,1296.5423583984375,60000.0
2015-09-25,1920.0,1289.8240966796875,17458.0
2015-09-28,1900.0,1276.3887939453125,32000.0
2015-09-29,1900.0,1276.3887939453125,32000.0
2015-09-30,1900.0,1276.3887939453125,5483.0
2015-10-01,1900.0,1276.3887939453125,5483.0
2015-10-02,1850.0,1242.799560546875,0.0
2015-10-05,1850.0,1242.799560546875,16435.0
2015-10-06,1850.0,1263.28515625,16435.0
2015-10-07,1950.0,1331.57080078125,57617.0
2015-10-08,1875.0,1280.356689453125,13000.0
2015-10-09,2000.0,1365.7138671875,52329.0
2015-10-12,2000.0,1365.7138671875,0.0
2015-10-13,1980.0,1352.0567626953125,12510.0
2015-10-14,1980.0,1352.0567626953125,12510.0
2015-10-15,2000.0,1365.7138671875,1258.0
2015-10-16,2000.0,1365.7138671875,1258.0
2015-10-19,1950.0,1331.57080078125,24551.0
2015-10-20,1950.0,1331.57080078125,24551.0
2015-10-21,1950.0,1331.57080078125,7200.0
2015-10-22,1950.0,1331.57080078125,6205.0
2015-10-23,1950.0,1331.57080078125,0.0
2015-10-26,1955.0,1334.985107421875,5600.0
2015-10-27,1955.0,1334.985107421875,5600.0
2015-10-28,1925.0,1314.4996337890625,7340.0
2015-10-29,1900.0,1297.4281005859375,19501.0
2015-10-30,1900.0,1297.4281005859375,657.0
2015-11-02,1900.0,1297.4281005859375,0.0
2015-11-03,1900.0,1297.4281005859375,0.0
2015-11-04,1900.0,1304.2928466796875,0.0
2015-11-05,1900.0,1304.2928466796875,0.0
2015-11-06,1900.0,1304.2928466796875,0.0
2015-11-09,1900.0,1304.2928466796875,0.0
2015-11-10,1900.0,1304.2928466796875,34897.0
2015-11-11,1900.0,1304.2928466796875,34897.0
2015-11-12,1900.0,1304.2928466796875,0.0
2015-11-13,1900.0,1304.2928466796875,235000.0
2015-11-16,1900.0,1304.2928466796875,0.0
2015-11-17,1900.0,1304.2928466796875,0.0
2015-11-18,1900.0,1304.2928466796875,250000.0
2015-11-19,1900.0,1304.2928466796875,10000.0
2015-11-20,1900.0,1304.2928466796875,10000.0
2015-11-23,1900.0,1304.2928466796875,16428.0
2015-11-24,1900.0,1304.2928466796875,16428.0
2015-11-25,1760.0,1208.1868896484375,13664.0
2015-11-26,1755.0,1204.7547607421875,51114.0
2015-11-27,1760.0,1208.1868896484375,28644.0
2015-11-30,1760.0,1208.1868896484375,2232.0
2015-12-01,1760.0,1208.1868896484375,2232.0
2015-12-02,1800.0,1235.646240234375,31103.0
2015-12-03,1850.0,1277.064208984375,2400.0
2015-12-04,1850.0,1277.064208984375,2400.0
2015-12-07,1845.0,1273.6124267578125,62068.0
2015-12-08,1845.0,1273.6124267578125,62068.0
2015-12-09,1850.0,1277.064208984375,13582.0
2015-12-10,1850.0,1277.064208984375,13582.0
2015-12-11,1890.0,1304.676513671875,130757.0
2015-12-14,1760.0,1214.936767578125,9834.0
2015-12-15,1760.0,1214.936767578125,2762.0
2015-12-16,1760.0,1214.936767578125,0.0
2015-12-17,1780.0,1228.7432861328125,33115.0
2015-12-18,1780.0,1228.7432861328125,33115.0
2015-12-21,1785.0,1232.194580078125,5000.0
2015-12-22,1785.0,1232.194580078125,0.0
2015-12-23,1865.0,1287.4188232421875,5500.0
2015-12-24,1865.0,1287.4188232421875,5500.0
2015-12-25,1845.0,1273.6124267578125,32490.0
2015-12-28,1845.0,1273.6124267578125,400.0
2015-12-29,1845.0,1273.6124267578125,0.0
2015-12-30,1845.0,1273.6124267578125,43522.0
2015-12-31,1845.0,1273.6124267578125,0.0
2016-01-01,1845.0,1273.6124267578125,0.0
2016-01-04,1895.0,1308.128173828125,21356.0
2016-01-05,1895.0,1329.1702880859375,21356.0
2016-01-06,1950.0,1367.747314453125,33236.0
2016-01-07,1970.0,1381.776123046875,21000.0
2016-01-08,1970.0,1381.776123046875,0.0
2016-01-11,1970.0,1381.776123046875,0.0
2016-01-12,1970.0,1381.776123046875,0.0
2016-01-13,1785.0,1252.0152587890625,8963.0
2016-01-14,1785.0,1252.0152587890625,0.0
2016-01-15,1900.0,1332.6767578125,12695.0
2016-01-18,1900.0,1332.6767578125,0.0
2016-01-19,1900.0,1332.6767578125,0.0
2016-01-20,1900.0,1332.6767578125,0.0
2016-01-21,1820.0,1276.5643310546875,42207.0
2016-01-22,1820.0,1276.5643310546875,42207.0
2016-01-25,1860.0,1304.6209716796875,1848.0
2016-01-26,1860.0,1304.6209716796875,1848.0
2016-01-27,1890.0,1325.6632080078125,40300.0
2016-01-28,1925.0,1350.2125244140625,41208.0
2016-01-29,1925.0,1350.2125244140625,6873.0
2016-02-01,1930.0,1353.7196044921875,13180.0
2016-02-02,1930.0,1353.7196044921875,13180.0
2016-02-03,1950.0,1367.747314453125,10600.0
2016-02-04,1975.0,1392.423828125,19500.0
2016-02-05,1995.0,1406.5240478515625,8109.0
2016-02-08,2130.0,1501.7020263671875,296630.0
2016-02-09,2130.0,1501.7020263671875,296630.0
2016-02-10,2175.0,1533.427978515625,66125.0
2016-02-11,2180.0,1536.953125,13877.0
2016-02-12,2130.0,1501.7020263671875,350612.0
2016-02-15,2125.0,1498.17724609375,23869.0
2016-02-16,2125.0,1498.17724609375,23869.0
2016-02-17,2170.0,1529.903564453125,38531.0
2016-02-18,2200.0,1551.0538330078125,33687.0
2016-02-19,2300.0,1621.556884765625,493704.0
2016-02-22,2285.0,1610.9814453125,34276.0
2016-02-23,2285.0,1610.9814453125,34276.0
2016-02-24,2290.0,1614.5054931640625,37910.0
2016-02-25,2360.0,1663.85791015625,116591.0
2016-02-26,2360.0,1663.85791015625,63714.0
2016-02-29,2315.0,1632.1314697265625,37488.0
2016-03-01,2315.0,1632.1314697265625,37488.0
2016-03-02,2300.0,1621.556884765625,51240.0
2016-03-03,2300.0,1621.556884765625,5518.0
2016-03-04,2305.0,1632.1778564453125,32412.0
2016-03-07,2440.0,1727.7713623046875,49922.0
2016-03-08,2440.0,1727.7713623046875,49922.0
2016-03-09,2400.0,1699.4476318359375,31946.0
2016-03-10,2450.0,1734.8533935546875,78000.0
2016-03-11,2450.0,1734.8533935546875,78000.0
2016-03-14,2400.0,1699.4476318359375,15191.0
2016-03-15,2400.0,1699.4476318359375,15191.0
2016-03-16,2400.0,1699.4476318359375,147241.0
2016-03-17,2330.0,1649.8802490234375,1228.0
2016-03-18,2330.0,1649.8802490234375,2405.0
2016-03-21,2330.0,1649.8802490234375,0.0
2016-03-22,2445.0,1731.31201171875,63044.0
2016-03-23,2445.0,1731.31201171875,63044.0
2016-03-24,2500.0,1770.2574462890625,103000.0
2016-03-25,2500.0,1770.2574462890625,0.0
2016-03-28,2495.0,1766.7178955078125,3700.0
2016-03-29,2445.0,1731.31201171875,5300.0
2016-03-30,2445.0,1731.31201171875,5300.0
2016-03-31,2500.0,1770.2574462890625,98238.0
2016-04-01,2495.0,1766.7178955078125,48491.0
2016-04-04,2495.0,1766.7178955078125,0.0
2016-04-05,2495.0,1790.3984375,58040.0
2016-04-06,2495.0,1790.3984375,58040.0
2016-04-07,2420.0,1736.57861328125,22836.0
2016-04-08,2420.0,1736.57861328125,22836.0
2016-04-11,2425.0,1740.1671142578125,5170.0
2016-04-12,2425.0,1740.1671142578125,5170.0
2016-04-13,2470.0,1772.4581298828125,102666.0
2016-04-14,2420.0,1736.57861328125,65544.0
2016-04-15,2440.0,1750.930419921875,21899.0
2016-04-18,2430.0,1743.755126953125,23337.0
2016-04-19,2430.0,1743.755126953125,23337.0
2016-04-20,2450.0,1758.107177734375,600.0
2016-04-21,2450.0,1758.107177734375,20400.0
2016-04-22,2450.0,1758.107177734375,20400.0
2016-04-25,2430.0,1743.755126953125,1103.0
2016-04-26,2430.0,1743.755126953125,0.0
2016-04-27,2420.0,1736.57861328125,7783.0
2016-04-28,2420.0,1736.57861328125,7783.0
2016-04-29,2470.0,1772.4581298828125,98755.0
2016-05-02,2450.0,1758.107177734375,158324.0
2016-05-03,2450.0,1765.8193359375,158324.0
2016-05-04,2450.0,1765.8193359375,8485.0
2016-05-05,2400.0,1729.7811279296875,8300.0
2016-05-06,2330.0,1679.329345703125,57450.0
2016-05-09,2330.0,1679.329345703125,0.0
2016-05-10,2350.0,1693.7440185546875,22000.0
2016-05-11,2350.0,1693.7440185546875,22000.0
2016-05-12,2330.0,1679.329345703125,43060.0
2016-05-13,2330.0,1679.329345703125,50000.0
2016-05-16,2290.0,1650.4991455078125,5200.0
2016-05-17,2290.0,1650.4991455078125,5200.0
2016-05-18,2385.0,1718.9700927734375,37788.0
2016-05-19,2310.0,1664.9146728515625,12580.0
2016-05-20,2320.0,1672.12158203125,27092.0
2016-05-23,2345.0,1690.1405029296875,35260.0
2016-05-24,2345.0,1690.1405029296875,35260.0
2016-05-25,2350.0,1693.7440185546875,46930.0
2016-05-26,2350.0,1693.7440185546875,1635.0
2016-05-27,2330.0,1679.329345703125,9730.0
2016-05-30,2360.0,1700.951904296875,0.0
2016-05-31,2330.0,1679.329345703125,7208.0
2016-06-01,2330.0,1679.329345703125,7208.0
2016-06-02,2380.0,1715.366943359375,61124.0
2016-06-03,2350.0,1701.393798828125,456040.0
2016-06-06,2350.0,1701.393798828125,0.0
2016-06-07,2350.0,1701.393798828125,247.0
2016-06-08,2350.0,1701.393798828125,247.0
2016-06-09,2390.0,1730.353515625,1855.0
2016-06-10,2390.0,1730.353515625,7727.0
2016-06-13,2390.0,1730.353515625,81200.0
2016-06-14,2390.0,1730.353515625,0.0
2016-06-15,2390.0,1730.353515625,5000.0
2016-06-16,2390.0,1730.353515625,5000.0
2016-06-17,2385.0,1726.7330322265625,55383.0
2016-06-20,2360.0,1708.633544921875,26918.0
2016-06-21,2360.0,1708.633544921875,26918.0
2016-06-22,2360.0,1708.633544921875,7415.0
2016-06-23,2350.0,1701.393798828125,0.0
2016-06-24,2385.0,1726.7330322265625,95494.0
2016-06-27,2400.0,1737.5927734375,41860.0
2016-06-28,2400.0,1737.5927734375,41860.0
2016-06-29,2440.0,1766.5533447265625,44708.0
2016-06-30,2440.0,1766.5533447265625,0.0
2016-07-01,2500.0,1809.9931640625,50000.0
2016-07-04,2500.0,1809.9931640625,0.0
2016-07-05,2495.0,1830.5360107421875,60143.0
2016-07-06,2495.0,1830.5360107421875,60143.0
2016-07-07,2680.0,1966.2674560546875,11566.0
2016-07-08,2680.0,1966.2674560546875,2843.0
2016-07-11,2510.0,1841.5411376953125,34064.0
2016-07-12,2510.0,1841.5411376953125,34064.0
2016-07-13,2510.0,1841.5411376953125,4780.0
2016-07-14,2510.0,1841.5411376953125,4780.0
2016-07-15,2505.0,1837.872802734375,28329.0
2016-07-18,2560.0,1878.2255859375,25091.0
2016-07-19,2560.0,1878.2255859375,25091.0
2016-07-20,2560.0,1878.2255859375,0.0
2016-07-21,2560.0,1878.2255859375,0.0
2016-07-22,2450.0,1797.5206298828125,5169.0
2016-07-25,2450.0,1797.5206298828125,8650.0
2016-07-26,2450.0,1797.5206298828125,1627.0
2016-07-27,2450.0,1797.5206298828125,1627.0
2016-07-28,2400.0,1760.8358154296875,223176.0
2016-07-29,2400.0,1760.8358154296875,28060.0
2016-08-01,2360.0,1731.489013671875,57422.0
2016-08-02,2360.0,1731.489013671875,57422.0
2016-08-03,2375.0,1742.494384765625,53565.0
2016-08-04,2375.0,1750.380126953125,1346.0
2016-08-05,2305.0,1698.7901611328125,181908.0
2016-08-08,2305.0,1698.7901611328125,0.0
2016-08-09,2305.0,1698.7901611328125,1604.0
2016-08-10,2305.0,1698.7901611328125,2500.0
2016-08-11,2305.0,1698.7901611328125,2500.0
2016-08-12,2400.0,1768.8050537109375,710240.0
2016-08-15,2400.0,1768.8050537109375,0.0
2016-08-16,2400.0,1768.8050537109375,0.0
2016-08-17,2435.0,1794.6002197265625,10000.0
2016-08-18,2435.0,1794.6002197265625,10000.0
2016-08-19,2435.0,1794.6002197265625,23700.0
2016-08-22,2435.0,1794.6002197265625,0.0
2016-08-23,2435.0,1794.6002197265625,1700.0
2016-08-24,2435.0,1794.6002197265625,1700.0
2016-08-25,2420.0,1783.5452880859375,7000.0
2016-08-26,2580.0,1901.4659423828125,20000.0
2016-08-29,2435.0,1794.6002197265625,0.0
2016-08-30,2435.0,1794.6002197265625,0.0
2016-08-31,2350.0,1731.955322265625,203212.0
2016-09-01,2350.0,1731.955322265625,203212.0
2016-09-02,2350.0,1731.955322265625,12666.0
2016-09-05,2350.0,1731.955322265625,2286.0
2016-09-06,2350.0,1739.877197265625,2286.0
2016-09-07,2315.0,1713.963623046875,65112.0
2016-09-08,2315.0,1713.963623046875,304778.0
2016-09-09,2310.0,1710.26220703125,41460.0
2016-09-12,2310.0,1710.26220703125,56944.0
2016-09-13,2310.0,1710.26220703125,56944.0
2016-09-14,2310.0,1710.26220703125,2827.0
2016-09-15,2300.0,1702.8587646484375,13380.0
2016-09-16,2200.0,1628.82080078125,29455.0
2016-09-19,2200.0,1628.82080078125,49321.0
2016-09-20,2200.0,1628.82080078125,49321.0
2016-09-21,2200.0,1628.82080078125,58284.0
2016-09-22,2155.0,1595.5042724609375,0.0
2016-09-23,2155.0,1595.5042724609375,79449.0
2016-09-26,2155.0,1595.5042724609375,0.0
2016-09-27,2155.0,1595.5042724609375,0.0
2016-09-28,2200.0,1628.82080078125,9000.0
2016-09-29,2200.0,1628.82080078125,9000.0
2016-09-30,2200.0,1628.82080078125,12535.0
2016-10-03,2220.0,1643.628173828125,28918.0
2016-10-04,2220.0,1668.42919921875,28918.0
2016-10-05,2185.0,1642.125,10500.0
2016-10-06,2155.0,1619.5791015625,18609.0
2016-10-07,2155.0,1619.5791015625,100550.0
2016-10-10,2100.0,1578.2440185546875,8800.0
2016-10-11,2100.0,1578.2440185546875,8800.0
2016-10-12,2150.0,1615.8212890625,0.0
2016-10-13,2150.0,1615.8212890625,2151.0
2016-10-14,2150.0,1615.8212890625,3362.0
2016-10-17,2150.0,1615.8212890625,0.0
2016-10-18,2150.0,1615.8212890625,0.0
2016-10-19,2150.0,1615.8212890625,2417.0
2016-10-20,2150.0,1615.8212890625,2417.0
2016-10-21,2105.0,1582.0015869140625,16041.0
2016-10-24,2100.0,1578.2440185546875,11500.0
2016-10-25,2100.0,1578.2440185546875,11500.0
2016-10-26,2095.0,1574.486328125,41344.0
2016-10-27,2100.0,1578.2440185546875,0.0
2016-10-28,2100.0,1578.2440185546875,22000.0
2016-10-31,2100.0,1578.2440185546875,4501.0
2016-11-01,2100.0,1578.2440185546875,4501.0
2016-11-02,2100.0,1578.2440185546875,92405.0
2016-11-03,2100.0,1586.326904296875,29427.0
2016-11-04,2065.0,1559.8875732421875,7048.0
2016-11-07,2070.0,1563.6651611328125,0.0
2016-11-08,2095.0,1582.5498046875,10000.0
2016-11-09,2095.0,1582.5498046875,10000.0
2016-11-10,2100.0,1586.326904296875,107631.0
2016-11-11,2060.0,1556.1109619140625,55560.0
2016-11-14,2085.0,1574.9957275390625,0.0
2016-11-15,2050.0,1548.557373046875,24850.0
2016-11-16,2000.0,1510.7872314453125,55000.0
2016-11-17,1940.0,1465.464111328125,16990.0
2016-11-18,1975.0,1491.902587890625,47512.0
2016-11-21,1975.0,1491.902587890625,1791.0
2016-11-22,1970.0,1488.125732421875,27788.0
2016-11-23,1970.0,1488.125732421875,387.0
2016-11-24,1970.0,1488.125732421875,0.0
2016-11-25,1970.0,1488.125732421875,2000.0
2016-11-28,1970.0,1488.125732421875,0.0
2016-11-29,2000.0,1510.7872314453125,6369.0
2016-11-30,2000.0,1510.7872314453125,67702.0
2016-12-01,2000.0,1510.7872314453125,0.0
2016-12-02,2000.0,1510.7872314453125,6312.0
2016-12-05,2000.0,1518.91357421875,0.0
2016-12-06,1990.0,1511.319091796875,20500.0
2016-12-07,1970.0,1496.1298828125,11835.0
2016-12-08,1970.0,1496.1298828125,0.0
2016-12-09,1970.0,1496.1298828125,17459.0
2016-12-12,1970.0,1496.1298828125,0.0
2016-12-13,1970.0,1496.1298828125,0.0
2016-12-14,1960.0,1488.53515625,73753.0
2016-12-15,1950.0,1480.9403076171875,27604.0
2016-12-16,1950.0,1480.9403076171875,24485.0
2016-12-19,1940.0,1473.34619140625,137225.0
2016-12-20,1900.0,1442.968017578125,370416.0
2016-12-21,1900.0,1442.968017578125,94489.0
2016-12-22,1920.0,1458.1571044921875,192787.0
2016-12-23,1900.0,1442.968017578125,252535.0
2016-12-26,1910.0,1450.5623779296875,41727.0
2016-12-27,1915.0,1454.3599853515625,585343.0
2016-12-28,1915.0,1454.3599853515625,0.0
2016-12-29,1920.0,1458.1571044921875,118464.0
2016-12-30,1920.0,1458.1571044921875,0.0
2017-01-02,1940.0,1473.34619140625,7000.0
2017-01-03,1915.0,1479.5272216796875,45980.0
2017-01-04,1905.0,1471.8009033203125,23600.0
2017-01-05,1920.0,1483.389892578125,75240.0
2017-01-06,1915.0,1479.5272216796875,119403.0
2017-01-09,1915.0,1479.5272216796875,0.0
2017-01-10,1915.0,1479.5272216796875,5679.0
2017-01-11,1915.0,1479.5272216796875,14995.0
2017-01-12,1915.0,1479.5272216796875,39515.0
2017-01-13,1915.0,1479.5272216796875,31828.0
2017-01-16,1965.0,1518.157470703125,78369.0
2017-01-17,1930.0,1491.115966796875,243801.0
2017-01-18,2000.0,1545.1978759765625,1405926.0
2017-01-19,2090.0,1614.7318115234375,129961.0
2017-01-20,2095.0,1618.594482421875,42521.0
2017-01-23,2095.0,1618.594482421875,73767.0
2017-01-24,2075.0,1603.1431884765625,24730.0
2017-01-25,2075.0,1603.1431884765625,149205.0
2017-01-26,2140.0,1653.3621826171875,391958.0
2017-01-27,2150.0,1661.088134765625,70993.0
2017-01-30,2100.0,1622.4578857421875,72250.0
2017-01-31,2080.0,1607.0057373046875,40839.0
2017-02-01,2050.0,1583.8280029296875,40465.0
2017-02-02,2110.0,1630.1837158203125,526688.0
2017-02-03,2110.0,1630.1837158203125,66946.0
2017-02-06,2110.0,1638.4927978515625,0.0
2017-02-07,2125.0,1650.14111328125,9629.0
2017-02-08,2075.0,1611.314208984375,25811.0
2017-02-09,2145.0,1665.671875,96832.0
2017-02-10,2165.0,1681.2021484375,14726.0
2017-02-13,2185.0,1696.7330322265625,41023.0
2017-02-14,2185.0,1696.7330322265625,0.0
2017-02-15,2220.0,1723.9117431640625,626765.0
2017-02-16,2365.0,1836.509521484375,734197.0
2017-02-17,2400.0,1863.6881103515625,323824.0
2017-02-20,2430.0,1886.9847412109375,49717.0
2017-02-21,2430.0,1886.9847412109375,36410.0
2017-02-22,2490.0,1933.576416015625,449262.0
2017-02-23,2435.0,1890.8675537109375,79310.0
2017-02-24,2470.0,1918.0462646484375,68846.0
2017-02-27,2450.0,1902.5157470703125,71766.0
2017-02-28,2395.0,1859.805908203125,106762.0
2017-03-01,2390.0,1855.9234619140625,14392.0
2017-03-02,2360.0,1832.6270751953125,100231.0
2017-03-03,2320.0,1801.5654296875,15732.0
2017-03-06,2320.0,1809.9130859375,20618.0
2017-03-07,2400.0,1872.323486328125,23276.0
2017-03-08,2395.0,1868.42333984375,25645.0
2017-03-09,2395.0,1868.42333984375,2046.0
2017-03-10,2440.0,1903.5294189453125,72804.0
2017-03-13,2380.0,1856.72119140625,68315.0
2017-03-14,2380.0,1856.72119140625,26868.0
2017-03-15,2380.0,1856.72119140625,152840.0
2017-03-16,2380.0,1856.72119140625,50156.0
2017-03-17,2390.0,1864.5225830078125,9500.0
2017-03-20,2390.0,1864.5225830078125,0.0
2017-03-21,2390.0,1864.5225830078125,25761.0
2017-03-22,2385.0,1860.6214599609375,35627.0
2017-03-23,2395.0,1868.42333984375,39211.0
2017-03-24,2400.0,1872.323486328125,326861.0
2017-03-27,2450.0,1911.3306884765625,61506.0
2017-03-28,2405.0,1876.223876953125,14367.0
2017-03-29,2440.0,1903.5294189453125,77000.0
2017-03-30,2435.0,1899.62841796875,187649.0
2017-03-31,2450.0,1911.3306884765625,182606.0
2017-04-03,2445.0,1907.429931640625,57516.0
2017-04-04,2425.0,1919.6209716796875,5200.0
2017-04-05,2440.0,1931.4945068359375,88617.0
2017-04-06,2445.0,1935.4521484375,153208.0
2017-04-07,2465.0,1951.28466796875,158112.0
2017-04-10,2475.0,1959.2001953125,5000.0
2017-04-11,2495.0,1975.0318603515625,262341.0
2017-04-12,2500.0,1978.98974609375,3500.0
2017-04-13,2500.0,1978.98974609375,0.0
2017-04-14,2500.0,1978.98974609375,0.0
2017-04-17,2550.0,2018.5703125,97990.0
2017-04-18,2550.0,2018.5703125,26328.0
2017-04-19,2500.0,1978.98974609375,26596.0
2017-04-20,2500.0,1978.98974609375,830.0
2017-04-21,2530.0,2002.738037109375,23642.0
2017-04-24,2545.0,2014.61181640625,53926.0
2017-04-25,2550.0,2018.5703125,209888.0
2017-04-26,2540.0,2010.6536865234375,2988.0
2017-04-27,2585.0,2046.2760009765625,356602.0
2017-04-28,2600.0,2058.14990234375,123299.0
2017-05-01,2600.0,2058.14990234375,0.0
2017-05-02,2715.0,2149.18408203125,356351.0
2017-05-03,2720.0,2153.141357421875,34022.0
2017-05-04,2700.0,2137.309326171875,55536.0
2017-05-05,2710.0,2145.225341796875,79728.0
2017-05-08,2725.0,2157.099365234375,47923.0
2017-05-09,2695.0,2133.351318359375,72973.0
2017-05-10,2645.0,2093.77099609375,38507.0
2017-05-11,2590.0,2050.23388671875,99235.0
2017-05-12,2550.0,2018.5703125,92437.0
2017-05-16,2590.0,2050.23388671875,64098.0
2017-05-17,2650.0,2097.72900390625,62028.0
2017-05-18,2630.0,2081.8974609375,246767.0
2017-05-19,2570.0,2034.402099609375,270854.0
2017-05-22,2570.0,2034.402099609375,2650.0
2017-05-23,2570.0,2034.402099609375,24026.0
2017-05-24,2540.0,2010.6536865234375,110000.0
2017-05-25,2540.0,2010.6536865234375,75559.0
2017-05-26,2610.0,2066.06640625,78856.0
2017-05-29,2610.0,2066.06640625,0.0
2017-05-30,2630.0,2081.8974609375,101778.0
2017-05-31,2620.0,2073.981689453125,54883.0
2017-06-01,2560.0,2026.4857177734375,18490.0
2017-06-02,2625.0,2077.9404296875,105989.0
2017-06-05,2625.0,2077.9404296875,0.0
2017-06-06,2580.0,2042.3177490234375,27963.0
2017-06-07,2580.0,2042.3177490234375,28140.0
2017-06-08,2630.0,2081.8974609375,29525.0
2017-06-09,2640.0,2089.812744140625,69500.0
2017-06-12,2670.0,2113.561767578125,131446.0
2017-06-13,2700.0,2137.309326171875,65100.0
2017-06-14,2705.0,2141.26708984375,41091.0
2017-06-15,2700.0,2137.309326171875,63683.0
2017-06-16,2710.0,2145.225341796875,63000.0
2017-06-19,2710.0,2145.225341796875,0.0
2017-06-20,2700.0,2137.309326171875,32900.0
2017-06-21,2685.0,2125.434814453125,117576.0
2017-06-22,2685.0,2125.434814453125,67082.0
2017-06-23,2700.0,2137.309326171875,115046.0
2017-06-26,2700.0,2137.309326171875,0.0
2017-06-27,2700.0,2137.309326171875,0.0
2017-06-28,2705.0,2141.26708984375,13425.0
2017-06-29,2705.0,2141.26708984375,0.0
2017-06-30,2710.0,2145.225341796875,120000.0
2017-07-03,2710.0,2145.225341796875,0.0
2017-07-04,2710.0,2173.618896484375,712.0
2017-07-06,2735.0,2193.670166015625,5200.0
2017-07-07,2735.0,2193.670166015625,54500.0
2017-07-10,2680.0,2149.55615234375,2500.0
2017-07-11,2700.0,2165.59765625,65015.0
2017-07-12,2700.0,2165.59765625,0.0
2017-07-13,2655.0,2129.504150390625,23325.0
2017-07-14,2650.0,2125.493408203125,17159.0
2017-07-17,2645.0,2121.483642578125,20838.0
2017-07-18,2580.0,2069.349365234375,204430.0
2017-07-19,2605.0,2089.400634765625,35446.0
2017-07-20,2605.0,2089.400634765625,0.0
2017-07-21,2670.0,2141.536376953125,77366.0
2017-07-24,2670.0,2141.536376953125,0.0
2017-07-25,2660.0,2133.51513671875,27760.0
2017-07-26,2660.0,2133.51513671875,0.0
2017-07-27,2660.0,2133.51513671875,0.0
2017-07-28,2650.0,2125.493408203125,93180.0
2017-07-31,2650.0,2125.493408203125,88956.0
2017-08-01,2650.0,2125.493408203125,0.0
2017-08-02,2635.0,2113.462646484375,41946.0
2017-08-03,2600.0,2085.390625,10100.0
2017-08-04,2585.0,2073.35986328125,10657.0
2017-08-07,2585.0,2073.35986328125,0.0
2017-08-08,2575.0,2065.3388671875,8380.0
2017-08-09,2575.0,2065.3388671875,4225.0
2017-08-10,2570.0,2061.328369140625,73630.0
2017-08-11,2550.0,2045.2872314453125,71174.0
2017-08-14,2550.0,2045.2872314453125,71070.0
2017-08-15,2545.0,2041.2762451171875,10370.0
2017-08-16,2545.0,2041.2762451171875,2486.0
2017-08-17,2545.0,2041.2762451171875,40221.0
2017-08-18,2545.0,2041.2762451171875,35000.0
2017-08-21,2545.0,2041.2762451171875,0.0
2017-08-22,2540.0,2037.26611328125,14900.0
2017-08-23,2530.0,2029.2457275390625,20963.0
2017-08-24,2585.0,2073.35986328125,31522.0
2017-08-25,2525.0,2025.235107421875,51786.0
2017-08-28,2580.0,2069.349365234375,267733.0
2017-08-29,2620.0,2101.431884765625,658927.0
2017-08-30,2600.0,2085.390625,22804.0
2017-08-31,2640.0,2117.47265625,103872.0
2017-09-01,2640.0,2117.47265625,0.0
2017-09-04,2650.0,2125.493408203125,55493.0
2017-09-05,2665.0,2137.52490234375,4441.0
2017-09-06,2665.0,2137.52490234375,14331.0
2017-09-07,2675.0,2145.546142578125,4075.0
2017-09-08,2650.0,2125.493408203125,9000.0
2017-09-11,2650.0,2125.493408203125,28155.0
2017-09-12,2630.0,2109.45263671875,33815.0
2017-09-13,2605.0,2089.400634765625,85157.0
2017-09-14,2605.0,2089.400634765625,0.0
2017-09-15,2605.0,2089.400634765625,13000.0
2017-09-18,2540.0,2037.26611328125,4909.0
2017-09-19,2540.0,2037.26611328125,2000.0
2017-09-20,2600.0,2085.390625,676962.0
2017-09-21,2550.0,2045.2872314453125,44910.0
2017-09-22,2550.0,2045.2872314453125,20000.0
2017-09-25,2585.0,2073.35986328125,74939.0
2017-09-26,2555.0,2049.297119140625,42294.0
2017-09-27,2555.0,2049.297119140625,0.0
2017-09-28,2555.0,2049.297119140625,0.0
2017-09-29,2555.0,2049.297119140625,2326.0
2017-10-02,2555.0,2049.297119140625,15000.0
2017-10-03,2555.0,2049.297119140625,0.0
2017-10-04,2545.0,2069.956298828125,9000.0
2017-10-05,2560.0,2082.15625,7780.0
2017-10-06,2510.0,2041.48876953125,97480.0
2017-10-09,2575.0,2094.356689453125,278448.0
2017-10-10,2575.0,2094.356689453125,0.0
2017-10-11,2575.0,2094.356689453125,0.0
2017-10-12,2575.0,2094.356689453125,0.0
2017-10-13,2575.0,2094.356689453125,0.0
2017-10-16,2575.0,2094.356689453125,0.0
2017-10-17,2545.0,2069.956298828125,20000.0
2017-10-18,2545.0,2069.956298828125,0.0
2017-10-19,2535.0,2061.822998046875,9750.0
2017-10-20,2585.0,2102.489501953125,101559.0
2017-10-23,2580.0,2098.42333984375,16819.0
2017-10-24,2510.0,2041.48876953125,13593.0
2017-10-25,2545.0,2069.956298828125,95000.0
2017-10-26,2555.0,2078.089599609375,143615.0
2017-10-27,2500.0,2033.3560791015625,39103.0
2017-10-30,2500.0,2033.3560791015625,50601.0
2017-10-31,2500.0,2033.3560791015625,7000.0
2017-11-01,2540.0,2065.8896484375,44781.0
2017-11-02,2500.0,2033.3560791015625,7000.0
2017-11-03,2540.0,2065.8896484375,5500.0
2017-11-06,2540.0,2065.8896484375,0.0
2017-11-07,2590.0,2106.556640625,3692.0
2017-11-08,2555.0,2078.089599609375,17100.0
2017-11-09,2555.0,2078.089599609375,1100.0
2017-11-10,2540.0,2065.8896484375,111104.0
2017-11-13,2540.0,2065.8896484375,0.0
2017-11-14,2540.0,2065.8896484375,1876.0
2017-11-15,2505.0,2037.4227294921875,83760.0
2017-11-16,2540.0,2065.8896484375,23682.0
2017-11-17,2540.0,2065.8896484375,16240.0
2017-11-20,2540.0,2065.8896484375,0.0
2017-11-21,2540.0,2065.8896484375,51833.0
2017-11-22,2545.0,2069.956298828125,49491.0
2017-11-23,2515.0,2045.555908203125,36594.0
2017-11-24,2540.0,2065.8896484375,25000.0
2017-11-27,2525.0,2053.689208984375,128900.0
2017-11-28,2520.0,2049.622802734375,39803.0
2017-11-29,2525.0,2053.689208984375,12310.0
2017-11-30,2535.0,2061.822998046875,24242.0
2017-12-01,2545.0,2069.956298828125,34483.0
2017-12-04,2530.0,2057.75634765625,14439.0
2017-12-05,2535.0,2061.822998046875,43096.0
2017-12-06,2540.0,2065.8896484375,79058.0
2017-12-07,2535.0,2061.822998046875,54218.0
2017-12-08,2535.0,2061.822998046875,0.0
2017-12-12,2515.0,2045.555908203125,60424.0
2017-12-13,2515.0,2045.555908203125,2333.0
2017-12-14,2515.0,2045.555908203125,0.0
2017-12-15,2505.0,2037.4227294921875,145673.0
2017-12-18,2500.0,2033.3560791015625,35172.0
2017-12-19,2490.0,2025.221923828125,99410.0
2017-12-20,2500.0,2033.3560791015625,26028.0
2017-12-21,2460.0,2000.82275390625,12000.0
2017-12-22,2525.0,2053.689208984375,91907.0
2017-12-25,2525.0,2053.689208984375,0.0
2017-12-26,2520.0,2049.622802734375,5098.0
2017-12-27,2520.0,2049.622802734375,2425.0
2017-12-28,2530.0,2057.75634765625,36500.0
2017-12-29,2530.0,2057.75634765625,36500.0
2018-01-01,2530.0,2057.75634765625,0.0
2018-01-02,2540.0,2065.8896484375,162798.0
2018-01-03,2520.0,2078.591552734375,20500.0
2018-01-04,2520.0,2078.591552734375,0.0
2018-01-05,2500.0,2062.095458984375,3000.0
2018-01-08,2500.0,2062.095458984375,0.0
2018-01-09,2445.0,2016.7286376953125,53894.0
2018-01-10,2460.0,2029.101318359375,50000.0
2018-01-11,2460.0,2029.101318359375,10398.0
2018-01-12,2460.0,2029.101318359375,10398.0
2018-01-15,2385.0,1967.2388916015625,78202.0
2018-01-16,2385.0,1967.2388916015625,0.0
2018-01-17,2385.0,1967.2388916015625,0.0
2018-01-18,2385.0,1967.2388916015625,0.0
2018-01-19,2500.0,2062.095458984375,81250.0
2018-01-22,2490.0,2053.8466796875,8000.0
2018-01-23,2465.0,2033.225830078125,12494.0
2018-01-24,2500.0,2062.095458984375,30500.0
2018-01-25,2490.0,2053.8466796875,61991.0
2018-01-26,2480.0,2045.5977783203125,12300.0
2018-01-29,2505.0,2066.218994140625,50987.0
2018-01-30,2470.0,2037.3502197265625,3300.0
2018-01-31,2450.0,2020.85302734375,52819.0
2018-02-01,2450.0,2020.85302734375,57894.0
2018-02-02,2450.0,2020.85302734375,2360.0
2018-02-05,2450.0,2020.85302734375,0.0
2018-02-06,2450.0,2020.85302734375,310.0
2018-02-07,2450.0,2020.85302734375,1360.0
2018-02-08,2450.0,2020.85302734375,0.0
2018-02-09,2450.0,2020.85302734375,3137.0
2018-02-12,2400.0,1979.6107177734375,50000.0
2018-02-13,2400.0,1979.6107177734375,20000.0
2018-02-14,2445.0,2016.7286376953125,29402.0
2018-02-15,2440.0,2012.60498046875,15228.0
2018-02-16,2420.0,1996.1082763671875,7784.0
2018-02-19,2465.0,2033.225830078125,23000.0
2018-02-20,2465.0,2033.225830078125,0.0
2018-02-21,2450.0,2020.85302734375,29605.0
2018-02-22,2465.0,2033.225830078125,47400.0
2018-02-23,2465.0,2033.225830078125,47400.0
2018-02-26,2450.0,2020.85302734375,74795.0
2018-02-27,2405.0,1983.735107421875,79380.0
2018-02-28,2400.0,1979.6107177734375,58877.0
2018-03-01,2400.0,1979.6107177734375,54000.0
2018-03-02,2400.0,1979.6107177734375,39000.0
2018-03-05,2300.0,1897.1278076171875,20140.0
2018-03-06,2300.0,1897.1278076171875,2249.0
2018-03-07,2380.0,1963.1143798828125,3644.0
2018-03-08,2380.0,1963.1143798828125,0.0
2018-03-09,2415.0,1991.984375,4000.0
2018-03-12,2415.0,1991.984375,15000.0
2018-03-14,2415.0,1991.984375,4200.0
2018-03-15,2400.0,1979.6107177734375,8500.0
2018-03-16,2400.0,1979.6107177734375,8500.0
2018-03-19,2400.0,1979.6107177734375,0.0
2018-03-20,2400.0,1979.6107177734375,28570.0
2018-03-21,2450.0,2020.85302734375,202163.0
2018-03-22,2400.0,1979.6107177734375,37639.0
2018-03-23,2400.0,1979.6107177734375,37639.0
2018-03-26,2400.0,1979.6107177734375,0.0
2018-03-27,2400.0,1979.6107177734375,28433.0
2018-03-28,2400.0,1979.6107177734375,28433.0
2018-03-29,2400.0,1979.6107177734375,0.0
2018-03-30,2400.0,1979.6107177734375,0.0
2018-04-02,2375.0,1958.9903564453125,57680.0
2018-04-03,2400.0,1979.6107177734375,48040.0
2018-04-04,2310.0,1936.8502197265625,5000.0
2018-04-05,2310.0,1936.8502197265625,0.0
2018-04-06,2310.0,1936.8502197265625,0.0
2018-04-09,2395.0,2008.1195068359375,17180.0
2018-04-10,2395.0,2008.1195068359375,6400.0
2018-04-11,2395.0,2008.1195068359375,5338.0
2018-04-12,2375.0,1991.3497314453125,84145.0
2018-04-13,2375.0,1991.3497314453125,84145.0
2018-04-16,2370.0,1987.157470703125,4300.0
2018-04-17,2370.0,1987.157470703125,764.0
2018-04-18,2370.0,1987.157470703125,19275.0
2018-04-19,2310.0,1936.8502197265625,17034.0
2018-04-20,2310.0,1936.8502197265625,17034.0
2018-04-23,2325.0,1949.4266357421875,5008.0
2018-04-24,2385.0,1999.73486328125,169462.0
2018-04-25,2360.0,1978.7733154296875,54535.0
2018-04-26,2325.0,1949.4266357421875,26518.0
2018-04-27,2325.0,1949.4266357421875,26518.0
2018-04-30,2325.0,1949.4266357421875,0.0
2018-05-01,2325.0,1949.4266357421875,0.0
2018-05-02,2340.0,1962.00341796875,7612.0
2018-05-03,2340.0,1962.00341796875,16088.0
2018-05-04,2340.0,1962.00341796875,16088.0
2018-05-07,2340.0,1962.00341796875,0.0
2018-05-08,2395.0,2008.1195068359375,8350.0
2018-05-09,2395.0,2008.1195068359375,1200.0
2018-05-10,2395.0,2008.1195068359375,249188.0
2018-05-11,2395.0,2008.1195068359375,249188.0
2018-05-14,2395.0,2008.1195068359375,0.0
2018-05-15,2350.0,1970.38818359375,13550.0
2018-05-16,2350.0,1970.38818359375,4332.0
2018-05-17,2395.0,2008.1195068359375,49200.0
2018-05-18,2395.0,2008.1195068359375,49200.0
2018-05-21,2310.0,1936.8502197265625,18.0
2018-05-22,2305.0,1932.657958984375,3100.0
2018-05-23,2305.0,1932.657958984375,0.0
2018-05-24,2385.0,1999.73486328125,43927.0
2018-05-25,2385.0,1999.73486328125,43927.0
2018-05-28,2385.0,1999.73486328125,0.0
2018-05-29,2315.0,1941.041748046875,10000.0
2018-05-30,2315.0,1941.041748046875,0.0
2018-05-31,2310.0,1936.8502197265625,12700.0
2018-06-01,2310.0,1936.8502197265625,12700.0
2018-06-04,2310.0,1936.8502197265625,0.0
2018-06-05,2400.0,2012.3109130859375,56737.0
2018-06-06,2400.0,2012.3109130859375,0.0
2018-06-07,2400.0,2012.3109130859375,0.0
2018-06-08,2400.0,2012.3109130859375,0.0
2018-06-11,2400.0,2012.3109130859375,0.0
2018-06-12,2335.0,1957.811279296875,4500.0
2018-06-13,2320.0,1945.233642578125,4300.0
2018-06-14,2400.0,2012.3109130859375,147440.0
2018-06-15,2400.0,2012.3109130859375,147440.0
2018-06-18,2410.0,2020.6959228515625,780.0
2018-06-19,2410.0,2020.6959228515625,0.0
2018-06-20,2400.0,2012.3109130859375,124194.0
2018-06-21,2400.0,2012.3109130859375,5000.0
2018-06-22,2400.0,2012.3109130859375,5000.0
2018-06-25,2350.0,1970.38818359375,2500.0
2018-06-26,2340.0,1962.00341796875,4340.0
2018-06-27,2340.0,1962.00341796875,2591.0
2018-06-28,2340.0,1962.00341796875,17094.0
2018-06-29,2340.0,1962.00341796875,17094.0
2018-07-02,2340.0,1962.00341796875,0.0
2018-07-03,2340.0,1962.00341796875,10200.0
2018-07-04,2340.0,1995.2576904296875,9000.0
2018-07-05,2345.0,1999.5211181640625,15091.0
2018-07-06,2345.0,1999.5211181640625,15091.0
2018-07-09,2345.0,1999.5211181640625,0.0
2018-07-10,2310.0,1969.6781005859375,11302.0
2018-07-11,2260.0,1927.043701171875,67387.0
2018-07-12,2200.0,1875.883544921875,72011.0
2018-07-13,2200.0,1875.883544921875,72011.0
2018-07-16,2200.0,1875.883544921875,381.0
2018-07-17,2200.0,1875.883544921875,823.0
2018-07-18,2200.0,1875.883544921875,0.0
2018-07-19,2200.0,1875.883544921875,0.0
2018-07-20,2200.0,1875.883544921875,0.0
2018-07-23,2200.0,1875.883544921875,100000.0
2018-07-24,2200.0,1875.883544921875,4089.0
2018-07-25,2220.0,1892.9373779296875,13817.0
2018-07-26,2220.0,1892.9373779296875,4580.0
2018-07-27,2220.0,1892.9373779296875,4580.0
2018-07-30,2220.0,1892.9373779296875,901.0
2018-07-31,2390.0,2037.892822265625,15458.0
2018-08-01,2250.0,1918.5177001953125,99657.0
2018-08-02,2250.0,1918.5177001953125,0.0
2018-08-03,2250.0,1918.5177001953125,0.0
2018-08-06,2200.0,1875.883544921875,66250.0
2018-08-07,2200.0,1875.883544921875,0.0
2018-08-08,2225.0,1897.2001953125,23633.0
2018-08-09,2220.0,1892.9373779296875,13501.0
2018-08-10,2220.0,1892.9373779296875,13501.0
2018-08-13,2200.0,1875.883544921875,6701.0
2018-08-14,2025.0,1726.66552734375,5864.0
2018-08-15,2100.0,1790.6160888671875,5000.0
2018-08-16,2100.0,1790.6160888671875,2290.0
2018-08-17,2100.0,1790.6160888671875,2290.0
2018-08-20,2100.0,1790.6160888671875,0.0
2018-08-21,2100.0,1790.6160888671875,0.0
2018-08-22,2105.0,1794.8795166015625,19721.0
2018-08-23,2105.0,1794.8795166015625,27729.0
2018-08-24,2105.0,1794.8795166015625,27729.0
2018-08-27,2150.0,1833.249755859375,96655.0
2018-08-28,2200.0,1875.883544921875,97537.0
2018-08-29,2245.0,1914.253662109375,54654.0
2018-08-30,2295.0,1956.8876953125,12786.0
2018-08-31,2295.0,1956.8876953125,12786.0
2018-09-03,2295.0,1956.8876953125,0.0
2018-09-04,2300.0,1961.1510009765625,65101.0
2018-09-05,2270.0,1935.57080078125,12381.0
2018-09-06,2270.0,1935.57080078125,0.0
2018-09-07,2270.0,1935.57080078125,0.0
2018-09-10,2270.0,1935.57080078125,0.0
2018-09-11,2250.0,1918.5177001953125,56302.0
2018-09-12,2250.0,1918.5177001953125,525.0
2018-09-13,2250.0,1918.5177001953125,0.0
2018-09-14,2250.0,1918.5177001953125,0.0
2018-09-17,2250.0,1918.5177001953125,0.0
2018-09-18,2200.0,1875.883544921875,30186.0
2018-09-19,2200.0,1875.883544921875,0.0
2018-09-20,2120.0,1807.670166015625,6275.0
2018-09-21,2120.0,1807.670166015625,6275.0
2018-09-24,2070.0,1765.0357666015625,27672.0
2018-09-25,2080.0,1773.5625,15243.0
2018-09-26,2080.0,1773.5625,5705.0
2018-09-27,2060.0,1756.5089111328125,5251.0
2018-09-28,2060.0,1756.5089111328125,5251.0
2018-10-01,2060.0,1756.5089111328125,0.0
2018-10-02,2060.0,1756.5089111328125,0.0
2018-10-03,2060.0,1756.5089111328125,83580.0
2018-10-04,2060.0,1790.4051513671875,1050.0
2018-10-05,2060.0,1790.4051513671875,0.0
2018-10-10,2020.0,1755.64013671875,14183.0
2018-10-11,2020.0,1755.64013671875,14183.0
2018-10-12,2020.0,1755.64013671875,0.0
2018-10-15,2020.0,1755.64013671875,0.0
2018-10-16,2070.0,1799.0963134765625,5803.0
2018-10-17,2070.0,1799.0963134765625,5803.0
2018-10-18,2070.0,1799.0963134765625,237.0
2018-10-19,2070.0,1799.0963134765625,0.0
2018-10-22,2070.0,1799.0963134765625,0.0
2018-10-23,2070.0,1799.0963134765625,0.0
2018-10-24,2000.0,1738.257568359375,556052.0
2018-10-25,2020.0,1755.64013671875,99342.0
2018-10-26,1875.0,1629.6162109375,56485.0
2018-10-29,1850.0,1607.88818359375,30916.0
2018-10-30,1850.0,1607.88818359375,30916.0
2018-10-31,1995.0,1733.9117431640625,19254.0
2018-11-01,1995.0,1733.9117431640625,0.0
2018-11-02,1995.0,1733.9117431640625,0.0
2018-11-05,1995.0,1733.9117431640625,0.0
2018-11-06,1995.0,1733.9117431640625,0.0
2018-11-07,1995.0,1733.9117431640625,0.0
2018-11-08,2000.0,1738.257568359375,77123.0
2018-11-09,2000.0,1738.257568359375,18039.0
2018-11-12,2000.0,1738.257568359375,0.0
2018-11-13,2000.0,1738.257568359375,31010.0
2018-11-14,2000.0,1738.257568359375,31010.0
2018-11-15,2000.0,1738.257568359375,62355.0
2018-11-16,2000.0,1738.257568359375,18785.0
2018-11-19,2000.0,1738.257568359375,4709.0
2018-11-20,2020.0,1755.64013671875,18101.0
2018-11-21,1960.0,1703.492431640625,8923.0
2018-11-22,1960.0,1703.492431640625,8923.0
2018-11-23,1960.0,1703.492431640625,0.0
2018-11-26,2020.0,1755.64013671875,26229.0
2018-11-27,1900.0,1651.344482421875,28741.0
2018-11-28,1900.0,1651.344482421875,25574.0
2018-11-29,1900.0,1651.344482421875,25574.0
2018-11-30,2000.0,1738.257568359375,50025.0
2018-12-03,2000.0,1738.257568359375,14842.0
2018-12-04,2000.0,1738.257568359375,36618.0
2018-12-05,2000.0,1738.257568359375,833.0
2018-12-06,2000.0,1738.257568359375,194543.0
2018-12-07,2000.0,1738.257568359375,194543.0
2018-12-10,2000.0,1738.257568359375,0.0
2018-12-11,2000.0,1738.257568359375,0.0
2018-12-12,2000.0,1738.257568359375,10894.0
2018-12-13,1950.0,1694.8009033203125,161743.0
2018-12-14,1950.0,1694.8009033203125,7738.0
2018-12-17,1950.0,1694.8009033203125,0.0
2018-12-18,2050.0,1781.7137451171875,10484.0
2018-12-19,2045.0,1777.368408203125,6175.0
2018-12-20,2000.0,1738.257568359375,161344.0
2018-12-21,1900.0,1651.344482421875,63394.0
2018-12-24,2030.0,1764.3314208984375,16521.0
2018-12-25,2030.0,1764.3314208984375,0.0
2018-12-26,2030.0,1764.3314208984375,0.0
2018-12-27,2045.0,1777.368408203125,23039.0
2018-12-28,2045.0,1777.368408203125,601.0
2018-12-31,2045.0,1777.368408203125,0.0
2019-01-01,2045.0,1777.368408203125,0.0
2019-01-02,2045.0,1777.368408203125,0.0
2019-01-03,2045.0,1811.9234619140625,0.0
2019-01-04,2045.0,1811.9234619140625,6376.0
2019-01-07,2045.0,1811.9234619140625,0.0
2019-01-08,2000.0,1772.05224609375,9580.0
2019-01-09,2000.0,1772.05224609375,1700.0
2019-01-10,2000.0,1772.05224609375,86493.0
2019-01-11,2000.0,1772.05224609375,84319.0
2019-01-14,2035.0,1803.0628662109375,5817.0
2019-01-15,2000.0,1772.05224609375,21492.0
2019-01-16,2000.0,1772.05224609375,21492.0
2019-01-17,2000.0,1772.05224609375,2450.0
2019-01-18,2000.0,1772.05224609375,1500.0
2019-01-21,2020.0,1789.772705078125,9837.0
2019-01-22,1980.0,1754.33154296875,4862.0
2019-01-23,2030.0,1798.633056640625,36002.0
2019-01-24,1980.0,1754.33154296875,26207.0
2019-01-25,1980.0,1754.33154296875,1382.0
2019-01-28,2000.0,1772.05224609375,11600.0
2019-01-29,2020.0,1789.772705078125,212237.0
2019-01-30,2025.0,1794.2027587890625,14775.0
2019-01-31,2010.0,1780.9122314453125,212878.0
2019-02-01,2010.0,1780.9122314453125,33794.0
2019-02-04,2010.0,1780.9122314453125,7809.0
2019-02-05,2010.0,1780.9122314453125,7809.0
2019-02-06,2000.0,1772.05224609375,271545.0
2019-02-07,2000.0,1772.05224609375,271545.0
2019-02-08,2000.0,1772.05224609375,0.0
2019-02-11,1905.0,1687.8797607421875,11959.0
2019-02-12,1975.0,1749.9014892578125,26968.0
2019-02-13,1975.0,1749.9014892578125,3148.0
2019-02-14,1975.0,1749.9014892578125,14000.0
2019-02-15,2000.0,1772.05224609375,43000.0
2019-02-18,2025.0,1794.2027587890625,37446.0
2019-02-19,2000.0,1772.05224609375,89645.0
2019-02-20,2000.0,1772.05224609375,94000.0
2019-02-21,1960.0,1736.6112060546875,18721.0
2019-02-22,1950.0,1727.750732421875,10226.0
2019-02-25,1950.0,1727.750732421875,23636.0
2019-02-26,2000.0,1772.05224609375,18776.0
2019-02-27,2000.0,1772.05224609375,18776.0
2019-02-28,1800.0,1594.8470458984375,493299.0
2019-03-01,1920.0,1701.169921875,125817.0
2019-03-04,1920.0,1701.169921875,11016.0
2019-03-05,2000.0,1772.05224609375,5682.0
2019-03-06,2000.0,1772.05224609375,8000.0
2019-03-07,2000.0,1772.05224609375,2267.0
2019-03-08,1935.0,1714.4603271484375,43350.0
2019-03-11,1995.0,1767.6219482421875,53113.0
2019-03-12,2000.0,1772.05224609375,69013.0
2019-03-13,2055.0,1820.7833251953125,203611.0
2019-03-14,2075.0,1838.5042724609375,189083.0
2019-03-15,2100.0,1860.654541015625,73278.0
2019-03-18,2055.0,1820.7833251953125,41651.0
2019-03-19,2040.0,1807.4931640625,60801.0
2019-03-20,2050.0,1816.353271484375,79044.0
2019-03-21,2120.0,1878.3756103515625,160032.0
2019-03-22,2120.0,1878.3756103515625,556.0
2019-03-25,2120.0,1878.3756103515625,0.0
2019-03-26,2130.0,1887.235107421875,86614.0
2019-03-27,2130.0,1887.235107421875,122196.0
2019-03-28,2170.0,1922.6768798828125,181599.0
2019-03-29,2200.0,1949.2572021484375,206145.0
2019-04-01,2200.0,1949.2572021484375,15438.0
2019-04-02,2200.0,1949.2572021484375,6560.0
2019-04-03,2235.0,1980.268310546875,33350.0
2019-04-04,2200.0,1987.9490966796875,24811.0
2019-04-05,2210.0,1996.9852294921875,1625216.0
2019-04-08,2200.0,1987.9490966796875,12430.0
2019-04-09,2210.0,1996.9852294921875,148000.0
2019-04-10,2205.0,1992.4669189453125,5300.0
2019-04-11,2210.0,1996.9852294921875,6738.0
2019-04-12,2210.0,1996.9852294921875,6738.0
2019-04-15,2190.0,1978.91259765625,27340.0
2019-04-16,2190.0,1978.91259765625,27340.0
2019-04-17,2200.0,1987.9490966796875,12068.0
2019-04-18,2200.0,1987.9490966796875,0.0
2019-04-19,2200.0,1987.9490966796875,0.0
2019-04-22,2210.0,1996.9852294921875,59710.0
2019-04-23,2210.0,1996.9852294921875,59710.0
2019-04-24,2210.0,1996.9852294921875,65110.0
2019-04-25,2215.0,2001.5028076171875,13185.0
2019-04-26,2235.0,2019.5750732421875,12126.0
2019-04-29,2300.0,2078.310302734375,20228.0
2019-04-30,2300.0,2078.310302734375,20228.0
2019-05-01,2300.0,2078.310302734375,0.0
2019-05-02,2330.0,2105.418701171875,52898.0
2019-05-03,2330.0,2105.418701171875,52898.0
2019-05-06,2335.0,2109.937255859375,4710.0
2019-05-07,2335.0,2109.937255859375,4710.0
2019-05-08,2375.0,2146.080322265625,16530.0
2019-05-09,2340.0,2114.455078125,276416.0
2019-05-10,2340.0,2114.455078125,2644.0
2019-05-13,2355.0,2128.00927734375,19512.0
2019-05-14,2355.0,2128.00927734375,19512.0
2019-05-15,2345.0,2118.97314453125,201713.0
2019-05-16,2335.0,2109.937255859375,110328.0
2019-05-17,2350.0,2123.490966796875,122010.0
2019-05-20,2355.0,2128.00927734375,150000.0
2019-05-21,2355.0,2128.00927734375,150000.0
2019-05-22,2355.0,2128.00927734375,2000.0
2019-05-23,2350.0,2123.490966796875,71489.0
2019-05-24,2330.0,2105.418701171875,21706.0
2019-05-27,2385.0,2155.117919921875,39280.0
2019-05-28,2385.0,2155.117919921875,39280.0
2019-05-29,2330.0,2105.418701171875,30540.0
2019-05-30,2350.0,2123.490966796875,13000.0
2019-05-31,2350.0,2123.490966796875,18840.0
2019-06-03,2350.0,2123.490966796875,0.0
2019-06-04,2380.0,2150.59912109375,18427.0
2019-06-05,2380.0,2150.59912109375,18427.0
2019-06-06,2500.0,2259.033447265625,65706.0
2019-06-07,2625.0,2371.984375,165519.0
2019-06-11,2580.0,2331.322509765625,31543.0
2019-06-12,2600.0,2349.39404296875,94046.0
2019-06-13,2600.0,2349.39404296875,5224.0
2019-06-14,2605.0,2353.912353515625,39863.0
2019-06-17,2485.0,2245.47900390625,18879.0
2019-06-18,2600.0,2349.39404296875,31908.0
2019-06-19,2565.0,2317.767578125,16953.0
2019-06-20,2610.0,2358.430419921875,83721.0
2019-06-21,2620.0,2367.46630859375,223507.0
2019-06-24,2620.0,2367.46630859375,0.0
2019-06-25,2690.0,2430.718994140625,149538.0
2019-06-26,2610.0,2358.430419921875,541950.0
2019-06-27,2650.0,2394.57470703125,71912.0
2019-06-28,2670.0,2412.646728515625,42255.0
2019-07-01,2670.0,2412.646728515625,0.0
2019-07-02,2670.0,2412.646728515625,161521.0
2019-07-03,2670.0,2412.646728515625,161521.0
2019-07-04,2700.0,2480.161865234375,95644.0
2019-07-05,2730.0,2507.719970703125,58657.0
2019-07-08,2900.0,2663.878662109375,234469.0
2019-07-09,2900.0,2663.878662109375,234469.0
2019-07-10,3050.0,2801.66552734375,929575.0
2019-07-11,3100.0,2847.593505859375,485708.0
2019-07-12,3030.0,2783.293212890625,32261.0
2019-07-15,3125.0,2870.55859375,44800.0
2019-07-16,3125.0,2870.55859375,44800.0
2019-07-17,3130.0,2875.151123046875,17250.0
2019-07-18,3115.0,2861.373046875,95276.0
2019-07-19,3055.0,2806.258544921875,152931.0
2019-07-22,3030.0,2783.293212890625,51856.0
2019-07-23,3030.0,2783.293212890625,51856.0
2019-07-24,3040.0,2792.479248046875,27350.0
2019-07-25,3030.0,2783.293212890625,67206.0
2019-07-26,3010.0,2764.921875,223950.0
2019-07-29,3095.0,2843.001220703125,86610.0
2019-07-30,3095.0,2843.001220703125,86610.0
2019-07-31,3050.0,2801.66552734375,35572.0
2019-08-01,3100.0,2847.593505859375,47789.0
2019-08-02,3135.0,2879.744140625,74504.0
2019-08-05,3015.0,2769.515380859375,137613.0
2019-08-06,3015.0,2769.515380859375,137613.0
2019-08-07,3015.0,2769.515380859375,0.0
2019-08-08,3100.0,2847.593505859375,82457.0
2019-08-09,3100.0,2847.593505859375,82457.0
2019-08-12,3090.0,2838.408203125,29302.0
2019-08-13,3090.0,2838.408203125,29302.0
2019-08-14,3100.0,2847.593505859375,41450.0
2019-08-15,3110.0,2856.7802734375,42263.0
2019-08-16,3110.0,2856.7802734375,110393.0
2019-08-19,3110.0,2856.7802734375,0.0
2019-08-20,3120.0,2865.9658203125,167568.0
2019-08-21,3120.0,2865.9658203125,167568.0
2019-08-22,3120.0,2865.9658203125,14690.0
2019-08-23,3120.0,2865.9658203125,215758.0
2019-08-26,3100.0,2847.593505859375,5350.0
2019-08-27,3100.0,2847.593505859375,5350.0
2019-08-28,3130.0,2875.151123046875,86083.0
2019-08-29,3120.0,2865.9658203125,252641.0
2019-08-30,3115.0,2861.373046875,61729.0
2019-09-02,3100.0,2847.593505859375,13400.0
2019-09-03,3100.0,2847.593505859375,13400.0
2019-09-04,3105.0,2852.187255859375,326913.0
2019-09-05,3120.0,2865.9658203125,309769.0
2019-09-06,3140.0,2884.337890625,23100.0
2019-09-09,3120.0,2865.9658203125,145365.0
2019-09-10,3120.0,2865.9658203125,145365.0
2019-09-11,3120.0,2865.9658203125,102819.0
2019-09-12,3140.0,2884.337890625,174212.0
2019-09-13,3140.0,2884.337890625,176260.0
2019-09-16,3345.0,3072.646240234375,371043.0
2019-09-17,3345.0,3072.646240234375,371043.0
2019-09-18,3420.0,3141.5390625,224666.0
2019-09-19,3430.0,3150.724365234375,119251.0
2019-09-20,3400.0,3123.16748046875,145409.0
2019-09-23,3415.0,3136.947021484375,92546.0
2019-09-24,3415.0,3136.947021484375,92546.0
2019-09-25,3565.0,3274.733642578125,459687.0
2019-09-26,3540.0,3251.7685546875,2361.0
2019-09-27,3495.0,3210.432861328125,107961.0
2019-09-30,3350.0,3077.23876953125,64405.0
2019-10-01,3350.0,3077.23876953125,64405.0
2019-10-02,3375.0,3100.20361328125,73917.0
2019-10-03,3350.0,3077.23876953125,60461.0
2019-10-04,3360.0,3127.029296875,136263.0
2019-10-07,3400.0,3164.255126953125,123072.0
2019-10-08,3400.0,3164.255126953125,123072.0
2019-10-09,3500.0,3257.32177734375,185244.0
2019-10-10,3500.0,3257.32177734375,0.0
2019-10-11,3500.0,3257.32177734375,148497.0
2019-10-14,3500.0,3257.32177734375,0.0
2019-10-15,3440.0,3201.482666015625,14000.0
2019-10-16,3440.0,3201.482666015625,14000.0
2019-10-17,3500.0,3257.32177734375,38427.0
2019-10-18,3500.0,3257.32177734375,360270.0
2019-10-21,3500.0,3257.32177734375,177184.0
2019-10-22,3500.0,3257.32177734375,177184.0
2019-10-23,3500.0,3257.32177734375,784759.0
2019-10-24,3500.0,3257.32177734375,81438.0
2019-10-25,3495.0,3252.669189453125,62586.0
2019-10-28,3495.0,3252.669189453125,335308.0
2019-10-29,3495.0,3252.669189453125,335308.0
2019-10-30,3520.0,3275.93603515625,383762.0
2019-10-31,3355.0,3122.375732421875,6366796.0
2019-11-01,3355.0,3122.375732421875,6366796.0
2019-11-04,3355.0,3122.375732421875,0.0
2019-11-05,3160.0,2940.896240234375,199922.0
2019-11-06,3125.0,2908.322998046875,139737.0
2019-11-07,3050.0,2838.52392578125,218712.0
2019-11-08,3095.0,2880.4033203125,364728.0
2019-11-11,3095.0,2880.4033203125,0.0
2019-11-12,3020.0,2810.603515625,15698.0
2019-11-13,3110.0,2894.36376953125,86086.0
2019-11-14,3180.0,2959.509521484375,90860.0
2019-11-15,3270.0,3043.26953125,68190.0
2019-11-18,3300.0,3071.189697265625,160606.0
2019-11-19,3220.0,2996.736328125,41572.0
2019-11-20,3205.0,2982.7763671875,46387.0
2019-11-21,3370.0,3136.3359375,134608.0
2019-11-22,3340.0,3108.416015625,32818.0
2019-11-25,3230.0,3006.04345703125,49629.0
2019-11-26,3200.0,2978.1240234375,20683.0
2019-11-27,3155.0,2936.2431640625,51956.0
2019-11-28,3180.0,2959.509521484375,19318.0
2019-11-29,3180.0,2959.509521484375,19318.0
2019-12-02,3200.0,2978.1240234375,12715.0
2019-12-03,3205.0,2982.7763671875,101275.0
2019-12-04,3180.0,2959.509521484375,28289.0
2019-12-05,3175.0,2954.856689453125,112108.0
2019-12-06,3195.0,2973.47021484375,20096.0
2019-12-09,3195.0,2973.47021484375,0.0
2019-12-10,3170.0,2950.203125,16357.0
2019-12-11,3120.0,2903.670166015625,50875.0
2019-12-12,3130.0,2912.976318359375,66588.0
2019-12-13,3170.0,2950.203125,9194.0
2019-12-16,3190.0,2968.816650390625,118862.0
2019-12-17,3190.0,2968.816650390625,89399.0
2019-12-18,3175.0,2954.856689453125,33241.0
2019-12-19,3170.0,2950.203125,106914.0
2019-12-20,3100.0,2885.05615234375,206352.0
2019-12-23,3105.0,2889.7099609375,136280.0
2019-12-24,3105.0,2889.7099609375,136280.0
2019-12-25,3105.0,2889.7099609375,0.0
2019-12-26,3185.0,2964.163330078125,12513.0
2019-12-27,3250.0,3024.656005859375,27851.0
2019-12-30,3250.0,3024.656005859375,6588.0
2019-12-31,3250.0,3024.656005859375,0.0
2020-01-01,3250.0,3024.656005859375,0.0
2020-01-02,3250.0,3024.656005859375,0.0
2020-01-03,3285.0,3098.70458984375,5183.0
2020-01-06,3285.0,3098.70458984375,0.0
2020-01-07,3280.0,3093.98876953125,47199.0
2020-01-08,3255.0,3070.406005859375,29428.0
2020-01-09,3230.0,3046.823486328125,66706.0
2020-01-10,3210.0,3027.9580078125,15383.0
2020-01-13,3250.0,3065.689453125,8155.0
2020-01-14,3215.0,3032.674560546875,27255.0
2020-01-15,3215.0,3032.674560546875,16276.0
2020-01-16,3200.0,3018.52490234375,42171.0
2020-01-17,3200.0,3018.52490234375,42171.0
2020-01-20,3210.0,3027.9580078125,32560.0
2020-01-21,3200.0,3018.52490234375,5067.0
2020-01-22,3235.0,3051.539306640625,25507.0
2020-01-23,3235.0,3051.539306640625,38747.0
2020-01-24,3230.0,3046.823486328125,61030.0
2020-01-27,3200.0,3018.52490234375,101784.0
2020-01-28,3145.0,2966.644775390625,103589.0
2020-01-29,3150.0,2971.36083984375,104347.0
2020-01-30,3100.0,2924.196044921875,40007.0
2020-01-31,3060.0,2886.464111328125,235208.0
2020-02-03,3090.0,2914.7626953125,171903.0
2020-02-04,3095.0,2919.47998046875,81888.0
2020-02-05,3150.0,2971.36083984375,37983.0
2020-02-06,3160.0,2980.79345703125,96085.0
2020-02-07,3160.0,2980.79345703125,45645.0
2020-02-10,3180.0,2999.65869140625,8915.0
2020-02-11,3185.0,3004.375732421875,8542.0
2020-02-12,3185.0,3004.375732421875,43500.0
2020-02-13,3185.0,3004.375732421875,1690.0
2020-02-14,3240.0,3056.256103515625,36678.0
2020-02-17,3220.0,3037.390869140625,10757.0
2020-02-18,3295.0,3108.137451171875,38952.0
2020-02-19,3330.0,3141.15283203125,27053.0
2020-02-20,3380.0,3188.3173828125,93856.0
2020-02-21,3400.0,3207.182861328125,196693.0
2020-02-24,3475.0,3277.9296875,709721.0
2020-02-25,3500.0,3301.51123046875,173678.0
2020-02-26,3465.0,3268.49609375,151277.0
2020-02-27,3475.0,3277.9296875,189613.0
2020-02-28,3445.0,3249.63134765625,139568.0
2020-03-02,3400.0,3207.182861328125,31480.0
2020-03-03,3460.0,3263.779541015625,37599.0
2020-03-04,3355.0,3164.734375,95187.0
2020-03-05,3360.0,3169.451171875,52819.0
2020-03-06,3390.0,3197.75,228938.0
2020-03-09,3200.0,3018.52490234375,192051.0
2020-03-10,3250.0,3065.689453125,84887.0
2020-03-11,3145.0,2966.644775390625,135057.0
2020-03-12,2950.0,2782.702392578125,100958.0
2020-03-13,2950.0,2782.702392578125,100958.0
2020-03-16,2800.0,2641.209228515625,61539.0
2020-03-17,2660.0,2509.14892578125,149311.0
2020-03-18,2410.0,2273.32666015625,113077.0
2020-03-19,2300.0,2169.564453125,289471.0
2020-03-20,2300.0,2169.564453125,41335.0
2020-03-23,2300.0,2169.564453125,0.0
2020-03-24,2420.0,2282.759765625,175735.0
2020-03-25,2870.0,2707.239501953125,358668.0
2020-03-26,2870.0,2707.239501953125,358668.0
2020-03-27,2700.0,2546.880126953125,175525.0
2020-03-30,2780.0,2622.343505859375,78660.0
2020-03-31,2700.0,2546.880126953125,271576.0
2020-04-01,2645.0,2494.999755859375,118503.0
2020-04-02,2620.0,2471.4169921875,180227.0
2020-04-03,2585.0,2484.150634765625,238987.0
2020-04-06,2695.0,2589.858642578125,321745.0
2020-04-07,2670.0,2565.833740234375,84182.0
2020-04-08,2695.0,2589.858642578125,36515.0
2020-04-09,2695.0,2589.858642578125,0.0
2020-04-10,2695.0,2589.858642578125,0.0
2020-04-13,2790.0,2681.152587890625,98740.0
2020-04-14,2840.0,2729.201904296875,233856.0
2020-04-15,2835.0,2724.396728515625,30606.0
2020-04-16,2820.0,2709.982421875,33162.0
2020-04-17,2895.0,2782.055908203125,59163.0
2020-04-20,2880.0,2767.641357421875,115429.0
2020-04-21,2830.0,2719.59228515625,45199.0
2020-04-22,2840.0,2729.201904296875,28589.0
2020-04-23,3020.0,2902.179443359375,414755.0
2020-04-24,3080.0,2959.839111328125,124894.0
2020-04-27,3080.0,2959.839111328125,27322.0
2020-04-28,3045.0,2926.204345703125,27062.0
2020-04-29,3045.0,2926.204345703125,24780.0
2020-04-30,3070.0,2950.228759765625,40724.0
2020-05-01,3070.0,2950.228759765625,0.0
2020-05-04,3085.0,2964.64404296875,14050.0
2020-05-05,3095.0,2974.254150390625,16187.0
2020-05-06,3165.0,3041.522216796875,72874.0
2020-05-07,3200.0,3075.1572265625,119824.0
2020-05-08,3200.0,3075.1572265625,38198.0
2020-05-11,3175.0,3051.13232421875,47560.0
2020-05-12,3180.0,3055.93701171875,118158.0
2020-05-13,3170.0,3046.3271484375,158248.0
2020-05-14,3180.0,3055.93701171875,197848.0
2020-05-15,3190.0,3065.547119140625,59374.0
2020-05-18,3190.0,3065.547119140625,37200.0
2020-05-19,3200.0,3075.1572265625,64455.0
2020-05-20,3205.0,3079.9619140625,27910.0
2020-05-21,3290.0,3161.645751953125,97428.0
2020-05-22,3315.0,3185.670166015625,46868.0
2020-05-25,3315.0,3185.670166015625,0.0
2020-05-26,3420.0,3286.573974609375,39768.0
2020-05-27,3400.0,3267.3544921875,73431.0
2020-05-28,3370.0,3238.525146484375,26056.0
2020-05-29,3360.0,3228.9150390625,122406.0
2020-06-01,3400.0,3267.3544921875,55450.0
2020-06-02,3445.0,3310.599365234375,21190.0
2020-06-03,3445.0,3310.599365234375,21190.0
2020-06-04,3430.0,3296.183349609375,88620.0
2020-06-05,3430.0,3296.183349609375,59065.0
2020-06-08,3365.0,3233.719970703125,35999.0
2020-06-09,3330.0,3200.08544921875,25329.0
2020-06-10,3375.0,3243.330322265625,57515.0
2020-06-11,3070.0,2950.228759765625,100943.0
2020-06-12,3200.0,3075.1572265625,16134.0
2020-06-15,3200.0,3075.1572265625,0.0
2020-06-16,3250.0,3123.20654296875,43209.0
2020-06-17,3270.0,3142.42626953125,20370.0
2020-06-18,3290.0,3161.645751953125,11763.0
2020-06-19,3300.0,3171.255859375,67387.0
2020-06-22,3300.0,3171.255859375,0.0
2020-06-23,3300.0,3171.255859375,84817.0
2020-06-24,3195.0,3070.3525390625,70605.0
2020-06-25,3220.0,3094.377197265625,57675.0
2020-06-26,3235.0,3108.791259765625,51765.0
2020-06-29,3235.0,3108.791259765625,0.0
2020-06-30,3295.0,3166.45068359375,72906.0
2020-07-01,3300.0,3171.255859375,45728.0
2020-07-02,3310.0,3180.865966796875,112344.0
2020-07-03,3325.0,3195.280517578125,86638.0
2020-07-06,3330.0,3247.20703125,26678.0
2020-07-07,3380.0,3295.963134765625,44683.0
2020-07-08,3500.0,3412.980224609375,307672.0
2020-07-09,3520.0,3432.48291015625,41745.0
2020-07-10,3540.0,3451.985595703125,44240.0
2020-07-13,3550.0,3461.73681640625,26953.0
2020-07-14,3515.0,3427.606689453125,34825.0
2020-07-15,3550.0,3461.73681640625,30971.0
2020-07-16,3545.0,3456.861328125,7420.0
2020-07-17,3535.0,3447.109619140625,32613.0
2020-07-20,3535.0,3447.109619140625,0.0
2020-07-21,3540.0,3451.985595703125,101645.0
2020-07-22,3600.0,3510.49365234375,116095.0
2020-07-23,3850.0,3754.278076171875,453764.0
2020-07-24,3845.0,3749.402099609375,103951.0
2020-07-27,3935.0,3837.164794921875,554487.0
2020-07-28,3900.0,3803.03466796875,201154.0
2020-07-29,3900.0,3803.03466796875,41153.0
2020-07-30,3895.0,3798.1591796875,60309.0
2020-07-31,3800.0,3705.520751953125,544459.0
2020-08-03,3855.0,3759.154052734375,99662.0
2020-08-04,3915.0,3817.66162109375,83332.0
2020-08-05,3975.0,3876.170654296875,395491.0
2020-08-06,4055.0,3954.180419921875,585901.0
2020-08-07,4055.0,3954.180419921875,0.0
2020-08-10,4000.0,3900.5478515625,261803.0
2020-08-11,3880.0,3783.53173828125,316311.0
2020-08-12,3900.0,3803.03466796875,68903.0
2020-08-13,3900.0,3803.03466796875,159946.0
2020-08-14,3900.0,3803.03466796875,24657.0
2020-08-17,3900.0,3803.03466796875,0.0
2020-08-18,3930.0,3832.2890625,141051.0
2020-08-19,3915.0,3817.66162109375,129531.0
2020-08-20,3895.0,3798.1591796875,128402.0
2020-08-21,3900.0,3803.03466796875,63368.0
2020-08-24,3900.0,3803.03466796875,0.0
2020-08-25,3850.0,3754.278076171875,200171.0
2020-08-26,3850.0,3754.278076171875,146433.0
2020-08-27,3830.0,3734.774658203125,116493.0
2020-08-28,3955.0,3856.667724609375,277505.0
2020-08-31,3850.0,3754.278076171875,227116.0
2020-09-01,3850.0,3754.278076171875,210532.0
2020-09-02,3880.0,3783.53173828125,288430.0
2020-09-03,3885.0,3788.407470703125,53354.0
2020-09-04,3860.0,3764.029296875,57274.0
2020-09-07,3860.0,3764.029296875,54679.0
2020-09-08,3825.0,3729.900146484375,172241.0
2020-09-09,3875.0,3778.65625,29912.0
2020-09-10,3815.0,3720.1484375,138440.0
2020-09-11,3840.0,3744.526611328125,20732.0
2020-09-14,3820.0,3725.0244140625,40952.0
2020-09-15,3830.0,3734.774658203125,15805.0
2020-09-16,3820.0,3725.0244140625,48595.0
2020-09-17,3750.0,3656.76416015625,130232.0
2020-09-18,3750.0,3656.76416015625,13349.0
2020-09-21,3685.0,3593.380126953125,70396.0
2020-09-22,3650.0,3559.25048828125,68560.0
2020-09-23,3625.0,3534.8720703125,5110.0
2020-09-24,3620.0,3529.99609375,46920.0
2020-09-25,3600.0,3510.49365234375,27895.0
2020-09-28,3600.0,3510.49365234375,77131.0
2020-09-29,3600.0,3510.49365234375,176660.0
2020-09-30,3600.0,3510.49365234375,93602.0
2020-10-01,3570.0,3481.23974609375,73151.0
2020-10-02,3565.0,3476.3642578125,28232.0
2020-10-05,3570.0,3481.23974609375,105250.0
2020-10-06,3580.0,3538.819580078125,92320.0
2020-10-07,3570.0,3528.934326171875,11554.0
2020-10-08,3570.0,3528.934326171875,11554.0
2020-10-09,3700.0,3657.43896484375,214596.0
2020-10-12,3700.0,3657.43896484375,0.0
2020-10-13,3610.0,3568.47412109375,57630.0
2020-10-14,3570.0,3528.934326171875,18912.0
2020-10-15,3570.0,3528.934326171875,864100.0
2020-10-16,3570.0,3528.934326171875,27995.0
2020-10-19,3600.0,3558.589599609375,89671.0
2020-10-20,3700.0,3657.43896484375,69314.0
2020-10-21,3705.0,3662.381591796875,63234.0
2020-10-22,3696.0,3653.485107421875,15083.0
2020-10-23,3694.0,3651.5078125,5222.0
2020-10-26,3670.0,3627.783935546875,17961.0
2020-10-27,3670.0,3627.783935546875,28964.0
2020-10-28,3650.0,3608.014404296875,119972.0
2020-10-29,3640.0,3598.129150390625,115685.0
2020-10-30,3600.0,3558.589599609375,228235.0
2020-11-02,3600.0,3558.589599609375,0.0
2020-11-03,3630.0,3588.24462890625,90989.0
2020-11-04,3670.0,3627.783935546875,78801.0
2020-11-05,3880.0,3835.369140625,333171.0
2020-11-06,3880.0,3835.369140625,333171.0
2020-11-09,3830.0,3785.943603515625,112167.0
2020-11-10,3810.0,3766.17333984375,98238.0
2020-11-11,3815.0,3771.11572265625,156998.0
2020-11-12,3840.0,3795.82861328125,245467.0
2020-11-13,3825.0,3781.00146484375,69849.0
2020-11-16,3825.0,3781.00146484375,0.0
2020-11-17,3825.0,3781.00146484375,94218.0
2020-11-18,3812.0,3768.150390625,103194.0
2020-11-19,3795.0,3751.346923828125,231339.0
2020-11-20,3760.0,3716.749267578125,125578.0
2020-11-23,3750.0,3706.864013671875,86160.0
2020-11-24,3720.0,3677.209228515625,225560.0
2020-11-25,3740.0,3696.979248046875,199781.0
2020-11-26,3765.0,3721.692138671875,232019.0
2020-11-27,3770.0,3726.634521484375,85145.0
2020-11-30,3700.0,3657.43896484375,102768.0
2020-12-01,3810.0,3766.17333984375,218022.0
2020-12-02,3890.0,3845.25341796875,212164.0
2020-12-03,3926.0,3880.839599609375,117561.0
2020-12-04,3926.0,3880.839599609375,117561.0
2020-12-07,3970.0,3924.333251953125,151142.0
2020-12-08,3970.0,3924.333251953125,0.0
2020-12-09,3955.0,3909.505615234375,156294.0
2020-12-10,3915.0,3869.966552734375,123487.0
2020-12-11,3900.0,3855.138671875,28967.0
2020-12-14,3900.0,3855.138671875,128999.0
2020-12-15,3915.0,3869.966552734375,182133.0
2020-12-16,4025.0,3978.701171875,118510.0
2020-12-17,4100.0,4052.83740234375,300663.0
2020-12-18,4120.0,4072.608154296875,140006.0
2020-12-21,4090.0,4042.953125,106020.0
2020-12-22,4119.0,4071.61962890625,41302.0
2020-12-23,4115.0,4067.6650390625,142245.0
2020-12-24,4115.0,4067.6650390625,1900.0
2020-12-25,4115.0,4067.6650390625,0.0
2020-12-28,4125.0,4077.550048828125,48164.0
2020-12-29,4125.0,4077.550048828125,185597.0
2020-12-30,4167.0,4119.06884765625,165119.0
2020-12-31,4167.0,4119.06884765625,0.0
2021-01-01,4167.0,4119.06884765625,0.0
2021-01-04,4240.0,4191.22705078125,109398.0
2021-01-05,4338.0,4337.45947265625,113248.0
2021-01-06,4255.0,4254.47021484375,103280.0
2021-01-07,4200.0,4199.47607421875,116861.0
2021-01-08,4125.0,4124.486328125,149731.0
2021-01-11,4125.0,4124.486328125,0.0
2021-01-12,4300.0,4299.4638671875,150805.0
2021-01-13,4293.0,4292.4638671875,182383.0
2021-01-14,4295.0,4294.4638671875,331058.0
2021-01-15,4290.0,4289.46435546875,171626.0
2021-01-18,4200.0,4199.47607421875,163787.0
2021-01-19,4389.0,4388.453125,409571.0
2021-01-20,4400.0,4399.45166015625,230040.0
2021-01-21,4352.0,4351.45751953125,170487.0
2021-01-22,4370.0,4369.45654296875,148607.0
2021-01-25,4450.0,4449.44677734375,172166.0
2021-01-26,4399.0,4398.45166015625,347363.0
2021-01-27,4290.0,4289.46435546875,180699.0
2021-01-28,4255.0,4254.47021484375,194991.0
2021-01-29,4299.0,4298.4638671875,303560.0
2021-02-01,4299.0,4298.4638671875,0.0
2021-02-02,4140.0,4139.48388671875,268609.0
2021-02-03,4110.0,4109.48779296875,32979.0
2021-02-04,4040.0,4039.49658203125,171129.0
2021-02-05,4085.0,4084.489501953125,145219.0
2021-02-08,4170.0,4169.4794921875,139971.0
2021-02-09,4130.0,4129.48486328125,93999.0
2021-02-10,4090.0,4089.489501953125,64833.0
2021-02-11,4150.0,4149.4833984375,142489.0
2021-02-12,4103.0,4102.48779296875,135344.0
2021-02-15,4090.0,4089.489501953125,95041.0
2021-02-16,4100.0,4099.48779296875,163338.0
2021-02-17,4050.0,4049.4951171875,92715.0
2021-02-18,4080.0,4079.490966796875,97074.0
2021-02-19,4105.0,4104.48779296875,22865.0
2021-02-22,4055.0,4054.49462890625,175093.0
2021-02-23,4090.0,4089.489501953125,59028.0
2021-02-24,4090.0,4089.489501953125,46132.0
2021-02-25,4095.0,4094.489501953125,55048.0
2021-02-26,4070.0,4069.49267578125,236511.0
2021-03-01,4115.0,4114.48779296875,62327.0
2021-03-02,4115.0,4114.48779296875,330441.0
2021-03-03,4120.0,4119.48779296875,105484.0
2021-03-04,4070.0,4069.49267578125,503210.0
2021-03-05,4120.0,4119.48779296875,35794.0
2021-03-08,4139.0,4138.484375,109169.0
2021-03-09,4170.0,4169.4794921875,47793.0
2021-03-10,4160.0,4159.4814453125,14565.0
2021-03-11,4150.0,4149.4833984375,33940.0
2021-03-12,4160.0,4159.4814453125,12156.0
2021-03-15,4162.0,4161.48095703125,40707.0
2021-03-16,4135.0,4134.484375,152173.0
2021-03-17,4200.0,4199.47607421875,76603.0
2021-03-18,4170.0,4169.4794921875,56502.0
2021-03-19,4185.0,4184.4775390625,79483.0
2021-03-22,4185.0,4184.4775390625,0.0
2021-03-23,4155.0,4154.48291015625,142913.0
2021-03-24,4200.0,4199.47607421875,67091.0
2021-03-25,4220.0,4219.47509765625,180604.0
2021-03-26,4280.0,4279.46728515625,71854.0
2021-03-29,4275.0,4274.4677734375,23813.0
2021-03-30,4304.0,4303.462890625,32173.0
2021-03-31,4430.0,4429.44775390625,93410.0
2021-04-01,4430.0,4429.44775390625,0.0
2021-04-02,4430.0,4429.44775390625,0.0
2021-04-05,4430.0,4429.44775390625,656745.0
2021-04-06,4348.0,4347.4814453125,806323.0
2021-04-07,4275.0,4274.490234375,67712.0
2021-04-08,4230.0,4229.49560546875,55598.0
2021-04-09,4298.0,4297.48681640625,64854.0
2021-04-12,4180.0,4179.50048828125,95222.0
2021-04-13,4150.0,4149.50537109375,29935.0
2021-04-14,4150.0,4149.50537109375,29935.0
2021-04-15,4201.0,4200.498046875,221719.0
2021-04-16,4240.0,4239.494140625,389581.0
2021-04-19,4310.0,4309.48583984375,308174.0
2021-04-20,4339.0,4338.482421875,309863.0
2021-04-21,4330.0,4329.48291015625,40355.0
2021-04-22,4235.0,4234.49462890625,102181.0
2021-04-23,4236.0,4235.49462890625,27127.0
2021-04-26,4239.0,4238.494140625,202658.0
2021-04-27,4280.0,4279.48974609375,53262.0
2021-04-28,4260.0,4259.49169921875,101269.0
2021-04-29,4200.0,4199.49853515625,260093.0
2021-04-30,4130.0,4129.5068359375,105066.0
2021-05-03,4150.0,4149.50537109375,206107.0
2021-05-04,4144.0,4143.505859375,57644.0
2021-05-05,4140.0,4139.505859375,116171.0
2021-05-06,4249.0,4248.49267578125,62438.0
2021-05-07,4269.0,4268.49072265625,56194.0
2021-05-10,4324.0,4323.4833984375,10413.0
2021-05-11,4249.0,4248.49267578125,34081.0
2021-05-12,4300.0,4299.48681640625,91885.0
2021-05-13,4275.0,4274.490234375,165825.0
2021-05-14,4315.0,4314.484375,86307.0
2021-05-17,4315.0,4314.484375,0.0
2021-05-18,4280.0,4279.48974609375,13207.0
2021-05-19,4280.0,4279.48974609375,6699.0
2021-05-20,4280.0,4279.48974609375,51582.0
2021-05-21,4200.0,4199.49853515625,67061.0
2021-05-24,4200.0,4199.49853515625,104357.0
2021-05-25,4200.0,4199.49853515625,68845.0
2021-05-26,4146.0,4145.505859375,86253.0
2021-05-27,3836.0,3835.54248046875,1027570.0
2021-05-28,3966.0,3965.527099609375,1129382.0
2021-05-31,4086.0,4085.51123046875,38223.0
2021-06-01,4084.0,4083.51123046875,88835.0
2021-06-02,4000.0,3999.5234375,205474.0
2021-06-03,4000.0,3999.5234375,53957.0
2021-06-04,4020.0,4019.520263671875,22920.0
2021-06-07,4020.0,4019.520263671875,0.0
2021-06-08,4025.0,4024.519775390625,29975.0
2021-06-09,4139.0,4138.50634765625,104077.0
2021-06-10,4154.0,4153.5048828125,26653.0
2021-06-11,4100.0,4099.509765625,99614.0
2021-06-14,4100.0,4099.509765625,0.0
2021-06-15,4110.0,4109.509765625,21822.0
2021-06-16,4085.0,4084.51123046875,277492.0
2021-06-17,3972.0,3971.526611328125,1052070.0
2021-06-18,3980.0,3979.525390625,52549.0
2021-06-21,3980.0,3979.525390625,34853.0
2021-06-22,3990.0,3989.524169921875,24127.0
2021-06-23,4013.0,4012.52099609375,57255.0
2021-06-24,4050.0,4049.5166015625,62143.0
2021-06-25,4080.0,4079.5126953125,85682.0
2021-06-28,4054.0,4053.51611328125,10138.0
2021-06-29,4029.0,4028.51904296875,36411.0
2021-06-30,4029.0,4028.51904296875,32014.0
2021-07-01,4024.0,4023.519775390625,34649.0
2021-07-02,4024.0,4023.519775390625,40355.0
2021-07-05,4024.0,4023.519775390625,0.0
2021-07-06,4050.0,4049.531982421875,21432.0
2021-07-07,4028.0,4027.53466796875,19567.0
2021-07-08,4005.0,4004.53759765625,70967.0
2021-07-09,4015.0,4014.535888671875,36705.0
2021-07-12,4015.0,4014.535888671875,17791.0
2021-07-13,3998.0,3997.538818359375,45640.0
2021-07-14,4020.0,4019.53564453125,28461.0
2021-07-15,4025.0,4024.53515625,217563.0
2021-07-16,4019.0,4018.53564453125,12770.0
2021-07-19,3900.0,3899.54931640625,76019.0
2021-07-20,3900.0,3899.54931640625,0.0
2021-07-21,3999.0,3998.53857421875,17664.0
2021-07-22,3872.0,3871.552978515625,7762.0
2021-07-23,3848.0,3847.555419921875,84849.0
2021-07-26,3848.0,3847.555419921875,56574.0
2021-07-27,3798.0,3797.561279296875,75514.0
2021-07-28,3730.0,3729.569580078125,159726.0
2021-07-29,3705.0,3704.57177734375,89731.0
2021-07-30,3695.0,3694.5732421875,53615.0
2021-08-02,3704.0,3703.572021484375,83502.0
2021-08-03,3709.0,3708.571533203125,10963.0
2021-08-04,3775.0,3774.563720703125,147172.0
2021-08-05,3755.0,3754.56640625,49196.0
2021-08-06,3740.0,3739.56787109375,79882.0
2021-08-09,3740.0,3739.56787109375,22301.0
2021-08-10,3740.0,3739.56787109375,3461.0
2021-08-11,3730.0,3729.569580078125,23234.0
2021-08-12,3739.0,3738.56787109375,95097.0
2021-08-13,3739.0,3738.56787109375,5590.0
2021-08-16,3739.0,3738.56787109375,0.0
2021-08-17,3715.0,3714.5712890625,49297.0
2021-08-18,3760.0,3759.56591796875,229453.0
2021-08-19,3840.0,3839.556640625,140473.0
2021-08-20,3845.0,3844.5556640625,22169.0
2021-08-23,3850.0,3849.55517578125,64141.0
2021-08-24,3765.0,3764.56494140625,91715.0
2021-08-25,3690.0,3689.57373046875,132212.0
2021-08-26,3696.0,3695.5732421875,302602.0
2021-08-27,3725.0,3724.5703125,134180.0
2021-08-30,3739.0,3738.56787109375,115391.0
2021-08-31,3745.0,3744.567626953125,119859.0
2021-09-01,3730.0,3729.569580078125,133074.0
2021-09-02,3730.0,3729.569580078125,32951.0
2021-09-03,3765.0,3764.56494140625,46602.0
2021-09-06,3775.0,3774.563720703125,21807.0
2021-09-07,3755.0,3754.56640625,16718.0
2021-09-08,3770.0,3769.56396484375,9730.0
2021-09-09,3765.0,3764.56494140625,11425.0
2021-09-10,3725.0,3724.5703125,33050.0
2021-09-13,3670.0,3669.575927734375,88424.0
2021-09-14,3690.0,3689.57373046875,23416.0
2021-09-15,3680.0,3679.5751953125,47808.0
2021-09-16,3597.0,3596.584716796875,226388.0
2021-09-17,3630.0,3629.580810546875,124131.0
2021-09-20,3622.0,3621.58154296875,255699.0
2021-09-21,3580.0,3579.586669921875,153693.0
2021-09-22,3600.0,3599.58447265625,153446.0
2021-09-23,3625.0,3624.581298828125,79980.0
2021-09-24,3677.0,3676.575439453125,83859.0
2021-09-27,3700.0,3699.57275390625,33182.0
2021-09-28,3760.0,3759.56591796875,32349.0
2021-09-29,3800.0,3799.561279296875,73544.0
2021-09-30,3770.0,3769.56396484375,102931.0
2021-10-01,3839.0,3838.556640625,56712.0
2021-10-04,3940.0,3939.545654296875,158873.0
2021-10-05,3910.0,3909.5634765625,131648.0
2021-10-06,3900.0,3899.564697265625,84457.0
2021-10-07,3850.0,3849.5703125,88130.0
2021-10-08,3870.0,3869.568359375,22147.0
2021-10-11,3830.0,3829.572509765625,61928.0
2021-10-12,3816.0,3815.57421875,53552.0
2021-10-13,3805.0,3804.5751953125,101418.0
2021-10-14,3811.0,3810.574951171875,126338.0
2021-10-15,3820.0,3819.573486328125,29102.0
2021-10-18,3820.0,3819.573486328125,0.0
2021-10-19,3850.0,3849.5703125,38420.0
2021-10-20,3885.0,3884.566650390625,21997.0
2021-10-21,3885.0,3884.566650390625,1887.0
2021-10-22,3954.0,3953.55810546875,152587.0
2021-10-25,3964.0,3963.55810546875,61877.0
2021-10-26,4010.0,4009.552734375,294280.0
2021-10-27,3995.0,3994.5546875,57690.0
2021-10-28,4030.0,4029.5498046875,114001.0
2021-10-29,4025.0,4024.551025390625,14804.0
2021-11-01,4025.0,4024.551025390625,0.0
2021-11-02,4001.0,4000.553955078125,37564.0
2021-11-03,4000.0,3999.55419921875,64036.0
2021-11-04,4000.0,3999.55419921875,53477.0
2021-11-05,3995.0,3994.5546875,5546.0
2021-11-08,4060.0,4059.54638671875,82683.0
2021-11-09,3942.0,3941.560302734375,246891.0
2021-11-10,3928.0,3927.5615234375,101812.0
2021-11-11,3920.0,3919.562255859375,64802.0
2021-11-12,3741.0,3740.58251953125,478239.0
2021-11-15,3741.0,3740.58251953125,0.0
2021-11-16,3820.0,3819.573486328125,236565.0
2021-11-17,3780.0,3779.578369140625,120038.0
2021-11-18,3780.0,3779.578369140625,376030.0
2021-11-19,3580.0,3579.600830078125,1410892.0
2021-11-22,3570.0,3569.60205078125,325227.0
2021-11-23,3661.0,3660.591552734375,144564.0
2021-11-24,3720.0,3719.585205078125,316556.0
2021-11-25,3799.0,3798.576171875,141700.0
2021-11-26,3699.0,3698.587646484375,507949.0
2021-11-29,3780.0,3779.578369140625,313814.0
2021-11-30,3690.0,3689.588134765625,131492.0
2021-12-01,3670.0,3669.59033203125,386228.0
2021-12-02,3651.0,3650.59228515625,69622.0
2021-12-03,3654.0,3653.59228515625,143967.0
2021-12-06,3650.0,3649.592529296875,82675.0
2021-12-07,3665.0,3664.591064453125,90065.0
2021-12-08,3665.0,3664.591064453125,0.0
2021-12-09,3656.0,3655.592041015625,109652.0
2021-12-10,3660.0,3659.591552734375,36909.0
2021-12-13,3660.0,3659.591552734375,44443.0
2021-12-14,3650.0,3649.592529296875,61618.0
2021-12-15,3650.0,3649.592529296875,17658.0
2021-12-16,3679.0,3678.58984375,26750.0
2021-12-17,3640.0,3639.59375,88753.0
2021-12-20,3600.0,3599.5986328125,164012.0
2021-12-21,3550.0,3549.604248046875,80753.0
2021-12-22,3575.0,3574.601318359375,60510.0
2021-12-23,3600.0,3599.5986328125,20568.0
2021-12-24,3600.0,3599.5986328125,1668.0
2021-12-27,3620.0,3619.595947265625,15696.0
2021-12-28,3620.0,3619.595947265625,16329.0
2021-12-29,3630.0,3629.594970703125,9775.0
2021-12-30,3635.0,3634.59423828125,39188.0
2021-12-31,3635.0,3634.59423828125,0.0
2022-01-03,3660.0,3659.591552734375,15466.0
2022-01-04,3699.0,3698.587646484375,14551.0
2022-01-05,3665.0,3664.591064453125,38086.0
2022-01-06,3565.0,3564.60205078125,79146.0
2022-01-07,3570.0,3569.60205078125,24619.0
2022-01-10,3570.0,3569.60205078125,0.0
2022-01-11,3600.0,3599.5986328125,24656.0
2022-01-12,3600.0,3599.5986328125,59201.0
2022-01-13,3605.0,3604.59765625,142790.0
2022-01-14,3605.0,3604.613037109375,111014.0
2022-01-17,3605.0,3604.613037109375,0.0
2022-01-18,3605.0,3604.613037109375,0.0
2022-01-19,3605.0,3604.613037109375,0.0
2022-01-20,3850.0,3849.5869140625,290039.0
2022-01-21,3790.0,3789.593017578125,117639.0
2022-01-24,3785.0,3784.593994140625,41469.0
2022-01-25,3790.0,3789.593017578125,52978.0
2022-01-26,3775.0,3774.5947265625,243389.0
2022-01-27,3790.0,3789.593017578125,65503.0
2022-01-28,3760.0,3759.596923828125,146252.0
2022-01-31,3750.0,3749.597900390625,23483.0
2022-02-01,3725.0,3724.600830078125,103002.0
2022-02-02,3675.0,3674.605712890625,84851.0
2022-02-03,3727.0,3726.6005859375,80461.0
2022-02-04,3700.0,3699.603271484375,61113.0
2022-02-07,3709.0,3708.60205078125,35117.0
2022-02-08,3680.0,3679.60546875,99225.0
2022-02-09,3610.0,3609.6123046875,338837.0
2022-02-10,3540.0,3539.620361328125,232086.0
2022-02-11,3570.0,3569.617431640625,417689.0
2022-02-14,3500.0,3499.6240234375,465945.0
2022-02-15,3500.0,3499.6240234375,211952.0
2022-02-16,3520.0,3519.623046875,197400.0
2022-02-17,3500.0,3499.6240234375,122269.0
2022-02-18,3550.0,3549.619384765625,500674.0
2022-02-21,3581.0,3580.6162109375,152994.0
2022-02-22,3561.0,3560.617919921875,75680.0
2022-02-23,3615.0,3614.612060546875,368627.0
2022-02-24,3620.0,3619.611572265625,198934.0
2022-02-25,3650.0,3649.608154296875,71343.0
2022-02-28,3620.0,3619.611572265625,1412241.0
2022-03-01,3580.0,3579.6162109375,97407.0
2022-03-02,3520.0,3519.623046875,203240.0
2022-03-03,3520.0,3519.623046875,301170.0
2022-03-04,3519.0,3518.623046875,237570.0
2022-03-07,3500.0,3499.6240234375,498962.0
2022-03-08,3517.0,3516.623291015625,227130.0
2022-03-09,3495.0,3494.624755859375,206383.0
2022-03-10,3430.0,3429.631591796875,566810275.0
2022-03-11,3430.0,3429.631591796875,164464.0
2022-03-14,3412.0,3411.63427734375,146164.0
2022-03-15,3365.0,3364.638671875,117833.0
2022-03-16,3365.0,3364.638671875,29996.0
2022-03-17,3382.0,3381.637451171875,63594.0
2022-03-18,3375.0,3374.638427734375,33055.0
2022-03-21,3375.0,3374.638427734375,0.0
2022-03-22,3373.0,3372.638427734375,144082.0
2022-03-23,3390.0,3389.636474609375,19907.0
2022-03-24,3390.0,3389.636474609375,87043.0
2022-03-25,3400.0,3399.63525390625,56621.0
2022-03-28,3390.0,3389.636474609375,39821.0
2022-03-29,3410.0,3409.63427734375,31796.0
2022-03-30,3410.0,3409.63427734375,31796.0
2022-03-31,3442.0,3441.630615234375,60840.0
2022-04-01,3442.0,3441.630615234375,6414.0
2022-04-04,3442.0,3441.630615234375,0.0
2022-04-05,3423.0,3422.632568359375,89049.0
2022-04-06,3351.0,3350.640380859375,144562.0
2022-04-07,3410.0,3409.63427734375,110336.0
2022-04-08,3395.0,3394.6357421875,103450.0
2022-04-11,3370.0,3369.66455078125,138247.0
2022-04-12,3345.0,3344.6669921875,175039.0
2022-04-13,3340.0,3339.667236328125,40142.0
2022-04-14,3340.0,3339.667236328125,0.0
2022-04-15,3340.0,3339.667236328125,0.0
2022-04-18,3369.0,3368.66455078125,89546.0
2022-04-19,3350.0,3349.66650390625,36405.0
2022-04-20,3355.0,3354.66552734375,270432.0
2022-04-21,3340.0,3339.667236328125,179724.0
2022-04-22,3364.0,3363.6650390625,288247.0
2022-04-25,3325.0,3324.66845703125,45184.0
2022-04-26,3250.0,3249.676513671875,202557.0
2022-04-27,3235.0,3234.677734375,80131.0
2022-04-28,3215.0,3214.6796875,90544.0
2022-04-29,3215.0,3214.6796875,90544.0
2022-05-02,3120.0,3119.689208984375,206165.0
2022-05-03,3000.0,2999.701171875,452164.0
2022-05-04,3102.0,3101.691162109375,208696.0
2022-05-05,3075.0,3074.693115234375,207880.0
2022-05-06,3035.0,3034.697998046875,165014.0
2022-05-09,3035.0,3034.697998046875,221434.0
2022-05-10,2980.0,2979.70361328125,61966.0
2022-05-11,2920.0,2919.708984375,89514.0
2022-05-12,2920.0,2919.708984375,43396.0
2022-05-13,2854.0,2853.715576171875,62716.0
2022-05-16,2880.0,2879.71337890625,163541.0
2022-05-17,2800.0,2799.72119140625,211812.0
2022-05-18,2745.0,2744.726318359375,130479.0
2022-05-19,2667.0,2666.734375,221764.0
2022-05-20,2680.0,2679.733154296875,46156.0
2022-05-23,2695.0,2694.7314453125,53396.0
2022-05-24,2715.0,2714.729736328125,16934.0
2022-05-25,2690.0,2689.732177734375,26417.0
2022-05-26,2710.0,2709.72998046875,98355.0
2022-05-27,2681.0,2680.732666015625,95504.0
2022-05-30,2681.0,2680.732666015625,0.0
2022-05-31,2903.0,2902.7109375,709162.0
2022-06-01,2938.0,2937.70751953125,104667.0
2022-06-02,3149.0,3148.6865234375,1491228.0
2022-06-03,3139.0,3138.6875,1089502.0
2022-06-06,3105.0,3104.690673828125,129345.0
2022-06-07,3045.0,3044.696044921875,70650.0
2022-06-08,3040.0,3039.69677734375,66308.0
2022-06-09,2945.0,2944.706298828125,179853.0
2022-06-10,2930.0,2929.70849609375,255366.0
2022-06-13,2885.0,2884.71240234375,45156.0
2022-06-14,2850.0,2849.716552734375,140580.0
2022-06-15,2790.0,2789.72265625,83841.0
2022-06-16,2815.0,2814.7197265625,58606.0
2022-06-17,2805.0,2804.720947265625,34676.0
2022-06-20,2805.0,2804.720947265625,0.0
2022-06-21,2600.0,2599.74072265625,322199.0
2022-06-22,2490.0,2489.751953125,260732.0
2022-06-23,2380.0,2379.7626953125,178028.0
2022-06-24,2410.0,2409.760498046875,89305.0
2022-06-27,2410.0,2409.760498046875,0.0
2022-06-28,2410.0,2409.760498046875,0.0
2022-06-29,2410.0,2409.760498046875,0.0
2022-06-30,2360.0,2359.76513671875,28740.0
2022-07-01,2310.0,2309.769775390625,171762.0
2022-07-04,2310.0,2309.769775390625,0.0
2022-07-05,2480.0,2479.753173828125,12135.0
2022-07-06,2480.0,2479.753173828125,12135.0
2022-07-07,2390.0,2389.76171875,133429.0
2022-07-08,2171.0,2170.78369140625,135549.0
2022-07-11,2370.0,2369.76416015625,253189.0
2022-07-12,2340.0,2339.766845703125,105778.0
2022-07-13,2340.0,2339.766845703125,26033.0
2022-07-14,2285.0,2284.772705078125,127060.0
2022-07-15,2230.0,2229.7939453125,59826.0
2022-07-18,2200.0,2199.79638671875,151630.0
2022-07-19,2180.0,2179.79833984375,22072.0
2022-07-20,2180.0,2179.79833984375,0.0
2022-07-21,2170.0,2169.799072265625,51283.0
2022-07-22,2125.0,2124.80322265625,62177.0
2022-07-25,2050.0,2049.81005859375,203483.0
2022-07-26,2010.0,2009.814208984375,182805.0
2022-07-27,2149.0,2148.80126953125,386119.0
2022-07-28,2230.0,2229.7939453125,255699.0
2022-07-29,2200.0,2199.79638671875,51315.0
2022-08-01,2155.0,2154.801025390625,44179.0
2022-08-02,2115.0,2114.804443359375,67923.0
2022-08-03,2060.0,2059.81005859375,94183.0
2022-08-04,2020.0,2019.8131103515625,132576.0
2022-08-05,2100.0,2099.8056640625,238654.0
2022-08-08,2099.0,2098.8056640625,168453.0
2022-08-09,2064.0,2063.80908203125,43072.0
2022-08-10,2021.0,2020.81298828125,53741.0
2022-08-11,2010.0,2009.814208984375,45256.0
2022-08-12,1960.0,1959.8184814453125,214673.0
2022-08-15,1960.0,1959.8184814453125,0.0
2022-08-16,1960.0,1959.8184814453125,0.0
2022-08-17,1820.0,1819.8316650390625,364287.0
2022-08-18,1925.0,1924.8218994140625,176288.0
2022-08-19,1915.0,1914.82275390625,79996.0
2022-08-22,1895.0,1894.824462890625,95513.0
2022-08-23,1880.0,1879.826171875,88302.0
2022-08-24,1885.0,1884.825439453125,59302.0
2022-08-25,1885.0,1884.825439453125,162107.0
2022-08-26,1960.0,1959.8184814453125,187528.0
2022-08-29,1970.0,1969.8179931640625,31197.0
2022-08-30,1940.0,1939.8206787109375,94618.0
2022-08-31,2080.0,2079.8076171875,146669.0
2022-09-01,1948.0,1947.81982421875,65514.0
2022-09-02,1970.0,1969.8179931640625,94138.0
2022-09-05,1945.0,1944.820068359375,46235.0
2022-09-06,1955.0,1954.819091796875,30470.0
2022-09-07,1930.0,1929.821533203125,34315.0
2022-09-08,1920.0,1919.822509765625,32337.0
2022-09-09,1920.0,1919.822509765625,14866.0
2022-09-12,1920.0,1919.822509765625,1186.0
2022-09-13,1920.0,1919.822509765625,6099.0
2022-09-14,1910.0,1909.8231201171875,15570.0
2022-09-15,1885.0,1884.825439453125,91551.0
2022-09-16,1890.0,1889.8251953125,32676.0
2022-09-19,1877.0,1876.8265380859375,55462.0
2022-09-20,1850.0,1849.8289794921875,28248.0
2022-09-21,1878.0,1877.8262939453125,25785.0
2022-09-22,1878.0,1877.8262939453125,12567.0
2022-09-23,1850.0,1849.8289794921875,16364.0
2022-09-26,1845.0,1844.8292236328125,90165.0
2022-09-27,1845.0,1844.8292236328125,47668.0
2022-09-28,1845.0,1844.8292236328125,54245.0
2022-09-29,1795.0,1794.8341064453125,197910.0
2022-09-30,1795.0,1794.8341064453125,5265.0
2022-10-03,1775.0,1774.8359375,37463.0
2022-10-04,1825.0,1824.8310546875,70868.0
2022-10-05,1820.0,1819.8316650390625,31688.0
2022-10-06,1819.0,1818.831787109375,39527.0
2022-10-07,1800.0,1799.8336181640625,44109.0
2022-10-10,1815.0,1814.83203125,32606.0
2022-10-11,1815.0,1814.83203125,15989.0
2022-10-12,1810.0,1809.83251953125,67032.0
2022-10-13,1810.0,1809.8487548828125,12094.0
2022-10-14,1775.0,1774.851806640625,63876.0
2022-10-17,1775.0,1774.851806640625,0.0
2022-10-18,1725.0,1724.85595703125,46815.0
2022-10-19,1750.0,1749.853515625,54677.0
2022-10-20,1750.0,1749.853515625,54677.0
2022-10-21,1725.0,1724.85595703125,29813.0
2022-10-24,1693.0,1692.858642578125,55814.0
2022-10-25,1690.0,1689.8590087890625,115909.0
2022-10-26,1680.0,1679.859619140625,107708.0
2022-10-27,1660.0,1659.8612060546875,37408.0
2022-10-28,1667.0,1666.8604736328125,32432.0
2022-10-31,1680.0,1679.859619140625,116579.0
2022-11-01,1670.0,1669.8603515625,231325.0
2022-11-02,1669.0,1668.8603515625,45622.0
2022-11-03,1640.0,1639.8631591796875,58981.0
2022-11-04,1715.0,1714.8565673828125,296035.0
2022-11-07,1715.0,1714.8565673828125,0.0
2022-11-08,1695.0,1694.8583984375,52221.0
2022-11-09,1695.0,1694.8583984375,4393.0
2022-11-10,1710.0,1709.85693359375,81482.0
2022-11-11,1720.0,1719.856201171875,116327.0
2022-11-14,1720.0,1719.856201171875,0.0
2022-11-15,1750.0,1749.853515625,114540.0
2022-11-16,1750.0,1749.853515625,45957.0
2022-11-17,1758.0,1757.8533935546875,29621.0
2022-11-18,1758.0,1757.8533935546875,4600.0
2022-11-21,1800.0,1799.8497314453125,50412.0
2022-11-22,1800.0,1799.8497314453125,50412.0
2022-11-23,1800.0,1799.8497314453125,25642355.0
2022-11-24,1800.0,1799.8497314453125,0.0
2022-11-25,1800.0,1799.8497314453125,0.0
2022-11-28,1800.0,1799.8497314453125,51663.0
2022-11-29,1887.0,1886.8421630859375,153803.0
2022-11-30,1710.0,1709.85693359375,544430.0
2022-12-01,1723.0,1722.85595703125,242604.0
2022-12-02,1838.0,1837.8465576171875,14050.0
2022-12-05,1800.0,1799.8497314453125,13312.0
2022-12-06,1800.0,1799.8497314453125,38060.0
2022-12-07,1838.0,1837.8465576171875,72625.0
2022-12-08,1838.0,1837.8465576171875,0.0
2022-12-09,1800.0,1799.8497314453125,56674.0
2022-12-12,1823.3199462890625,1823.16748046875,4680.0
2022-12-13,1850.0,1849.845458984375,52311.0
2022-12-14,1800.0,1799.8497314453125,41834.0
2022-12-15,1740.0,1739.8544921875,23252.0
2022-12-16,1800.0,1799.8497314453125,59551.0
2022-12-19,1700.0,1699.8580322265625,44832.0
2022-12-20,1751.0,1750.853515625,26567.0
2022-12-21,1790.0,1789.8505859375,70451.0
2022-12-22,1800.0,1799.8497314453125,15805.0
2022-12-23,1760.0,1759.853271484375,37518.0
2022-12-26,1820.0,1819.847900390625,30481.0
2022-12-27,1820.0,1819.847900390625,18365.0
2022-12-28,1820.0,1819.847900390625,7140.0
2022-12-29,1850.0,1849.845458984375,40824.0
2022-12-30,1850.0,1849.845458984375,0.0
2023-01-02,1889.0,1888.842041015625,74705.0
2023-01-03,1900.0,1899.84130859375,26049.0
2023-01-04,1949.0,1948.8370361328125,76390.0
2023-01-05,1900.0,1899.84130859375,49425.0
2023-01-06,2000.0,1999.8330078125,43850.0
2023-01-09,2000.0,1999.8330078125,0.0
2023-01-10,2004.5699462890625,2004.4024658203125,13750.0
2023-01-11,2100.0,2099.824462890625,82780.0
2023-01-12,2300.0,2299.807861328125,121161.0
2023-01-13,2200.0,2199.83154296875,66343.0
2023-01-16,2225.77001953125,2225.600341796875,11176.0
2023-01-17,2200.0,2199.83154296875,34698.0
2023-01-18,2221.0,2220.830322265625,17767.0
2023-01-19,2250.0,2249.82763671875,26892.0
2023-01-20,2309.0,2308.8232421875,66274.0
2023-01-23,2335.0,2334.821044921875,25918.0
2023-01-24,2200.0,2199.83154296875,59050.0
2023-01-25,2200.0,2199.83154296875,19598.0
2023-01-26,2295.0,2294.824462890625,15066.0
2023-01-27,2250.0,2249.82763671875,62963.0
2023-01-30,2201.0,2200.831298828125,31895.0
2023-01-31,2290.0,2289.82470703125,58906.0
2023-02-01,2300.0,2299.823974609375,87585.0
2023-02-02,2142.0,2141.8359375,27769.0
2023-02-03,2150.0,2149.835693359375,119764.0
2023-02-06,2140.0,2139.836181640625,139068.0
2023-02-07,1984.0,1983.848388671875,86956.0
2023-02-08,1990.0,1989.847900390625,47332.0
2023-02-09,1926.469970703125,1926.322509765625,11769.0
2023-02-10,1901.0,1900.8544921875,18974.0
2023-02-13,1940.0,1939.8516845703125,163988.0
2023-02-14,1990.0,1989.847900390625,87520.0
2023-02-15,1990.0,1989.847900390625,11720.0
2023-02-16,2000.0,1999.8470458984375,24289.0
2023-02-17,1999.0,1998.84716796875,17611.0
2023-02-20,1870.0,1869.85693359375,49403.0
2023-02-21,1950.0,1949.8507080078125,91803.0
2023-02-22,1850.0,1849.8585205078125,10913.0
2023-02-23,1895.56005859375,1895.4146728515625,4287.0
2023-02-24,1940.0,1939.8516845703125,150374.0
2023-02-27,1940.0,1939.8516845703125,0.0
2023-02-28,1852.0,1851.8583984375,20303.0
2023-03-01,1852.0,1851.8583984375,0.0
2023-03-02,1993.0,1992.84765625,10791.0
2023-03-03,1993.0,1992.84765625,0.0
2023-03-06,1993.0,1992.84765625,0.0
2023-03-07,1993.0,1992.84765625,0.0
2023-03-08,1993.0,1992.84765625,0.0
2023-03-09,2300.0,2299.823974609375,253523.0
2023-03-10,2300.0,2299.823974609375,50268.0
2023-03-13,2300.0,2299.823974609375,0.0
2023-03-14,2290.0,2289.82470703125,41884.0
2023-03-15,2220.090087890625,2219.920654296875,3955.0
2023-03-16,2250.0,2249.82763671875,16695.0
2023-03-17,2290.0,2289.82470703125,136998.0
2023-03-20,2290.0,2289.82470703125,0.0
2023-03-21,2290.0,2289.82470703125,24762.0
2023-03-22,2300.0,2299.823974609375,51895.0
2023-03-23,2203.0,2202.8310546875,55475.0
2023-03-24,2230.090087890625,2229.919677734375,7859.0
2023-03-27,2000.0,1999.8470458984375,33825.0
2023-03-28,2051.35009765625,2051.19287109375,8563.0
2023-03-29,2000.0,1999.8470458984375,43330.0
2023-03-30,2002.0,2001.8468017578125,59356.0
2023-03-31,2176.4599609375,2176.29345703125,3204.0
2023-04-03,2100.0,2099.839111328125,5919.0
2023-04-04,2101.0,2100.839111328125,154180.0
2023-04-05,2200.0,2199.83154296875,32348.0
2023-04-06,2200.0,2199.83154296875,0.0
2023-04-07,2200.0,2199.83154296875,0.0
2023-04-10,2195.0,2194.83203125,17223.0
2023-04-11,2200.0,2199.83154296875,114839.0
2023-04-12,2199.0,2198.83154296875,48403.0
2023-04-13,2180.0,2179.833251953125,43834.0
2023-04-14,2176.0,2175.83349609375,0.0
2023-04-17,2195.0,2194.83203125,114970.0
2023-04-18,2102.0,2101.8388671875,66510.0
2023-04-19,2100.0,2099.839111328125,69814.0
2023-04-20,2037.8499755859375,2037.7110595703125,9174.0
2023-04-21,2013.0,2012.8626708984375,9662.0
2023-04-24,2000.0,1999.86376953125,89457.0
2023-04-25,1982.0899658203125,1981.9549560546875,2786.0
2023-04-26,2000.0,1999.86376953125,27384.0
2023-04-27,2000.0,1999.86376953125,67210.0
2023-04-28,2000.0,1999.86376953125,83711.0
2023-05-01,2000.0,1999.86376953125,0.0
2023-05-02,2030.0,2029.861328125,6863.0
2023-05-03,1984.0,1983.864990234375,79947.0
2023-05-04,1999.0,1998.8638916015625,393705.0
2023-05-05,2090.0,2089.857421875,269756.0
2023-05-08,2150.0,2149.853515625,244763.0
2023-05-09,2151.0,2150.853515625,56667.0
2023-05-10,2152.080078125,2151.93359375,398.0
2023-05-11,2086.8701171875,2086.727783203125,6217.0
2023-05-12,2129.25,2129.104736328125,1317.0
2023-05-15,2016.9300537109375,2016.792236328125,3446.0
2023-05-16,2148.0,2147.853515625,14513.0
2023-05-17,2009.8499755859375,2009.7130126953125,4616.0
2023-05-18,2117.0,2116.855712890625,14185.0
2023-05-19,2065.3798828125,2065.23876953125,242.0
2023-05-22,2065.3798828125,2065.23876953125,0.0
2023-05-23,2032.4300537109375,2032.2913818359375,5935.0
2023-05-24,2031.0,2030.861328125,11675.0
2023-05-25,2000.0,1999.86376953125,94673.0
2023-05-26,2000.0,1999.86376953125,14029.0
2023-05-29,2048.239990234375,2048.099853515625,1113.0
2023-05-30,2000.0,1999.86376953125,17476.0
2023-05-31,1950.0,1949.866943359375,357263.0
2023-06-01,1911.0,1910.86962890625,407072.0
2023-06-02,1950.0,1949.866943359375,242359.0
2023-06-05,1950.0,1949.866943359375,37007.0
2023-06-06,1926.0,1925.8687744140625,125225.0
2023-06-07,1950.0,1949.866943359375,30327.0
2023-06-08,1950.0,1949.866943359375,20992.0
2023-06-13,1900.0,1899.8704833984375,190124.0
2023-06-14,1922.0,1921.868896484375,113602.0
2023-06-15,1905.0,1904.8702392578125,244272.0
2023-06-16,1905.0,1904.8702392578125,44113.0
2023-06-19,1905.0,1904.8702392578125,0.0
2023-06-20,1896.3699951171875,1896.240478515625,2747.0
2023-06-21,1900.0,1899.8704833984375,59869.0
2023-06-22,1900.0,1899.8704833984375,54849.0
2023-06-23,1900.0,1899.8704833984375,42657.0
2023-06-26,1885.0,1884.871337890625,100326.0
2023-06-27,1889.0,1888.87109375,47181.0
2023-06-28,1850.0,1849.8739013671875,430641.0
2023-06-29,1835.0,1834.8748779296875,119466.0
2023-06-30,1850.0,1849.8739013671875,132049.0
2023-07-03,1850.0,1849.8739013671875,0.0
2023-07-04,1826.0,1825.8753662109375,28688.0
2023-07-05,1850.0,1849.8739013671875,49303.0
2023-07-06,1833.0,1832.8748779296875,222012.0
2023-07-07,1834.0,1833.8748779296875,105917.0
2023-07-10,1840.0,1839.874755859375,15622.0
2023-07-11,1835.0,1834.8748779296875,146754.0
2023-07-12,1861.0,1860.8731689453125,523324.0
2023-07-13,1874.0,1873.872314453125,219193.0
2023-07-14,1904.3299560546875,1904.2001953125,6374.0
2023-07-17,1914.0,1913.869384765625,56419.0
2023-07-18,1915.0,1914.8692626953125,153300.0
2023-07-19,1912.0,1911.8870849609375,118071.0
2023-07-20,1912.0,1911.8870849609375,0.0
2023-07-21,1884.0999755859375,1883.9886474609375,5235.0
2023-07-24,1902.0,1901.8875732421875,28709.0
2023-07-25,1902.0,1901.8875732421875,49447.0
2023-07-26,1880.0,1879.8890380859375,16404.0
2023-07-27,1900.0,1899.8878173828125,26118.0
2023-07-28,1898.0,1897.8878173828125,13330.0
2023-07-31,1898.0,1897.8878173828125,0.0
2023-08-01,1885.0,1884.8885498046875,164085.0
2023-08-02,1892.4599609375,1892.34814453125,15297.0
2023-08-03,1900.0,1899.8878173828125,16919.0
2023-08-04,1900.0,1899.8878173828125,0.0
2023-08-07,1900.0,1899.8878173828125,0.0
2023-08-08,1926.0,1925.8863525390625,88001.0
2023-08-09,1925.0,1924.8863525390625,1060717.0
2023-08-10,1925.0,1924.8863525390625,81822.0
2023-08-11,1947.0,1946.885009765625,57012740.0
2023-08-14,1920.0,1919.88671875,83910.0
2023-08-15,1920.0,1919.88671875,1853.0
2023-08-16,1917.0,1916.88671875,177076.0
2023-08-17,1917.0,1916.88671875,3746.0
2023-08-18,1913.0,1912.8868408203125,28064.0
2023-08-21,1913.0,1912.8868408203125,0.0
2023-08-22,1890.0,1889.8883056640625,173149.0
2023-08-23,1855.510009765625,1855.4005126953125,11479.0
2023-08-24,1890.0,1889.8883056640625,2856.0
2023-08-25,1881.0,1880.8890380859375,14590.0
2023-08-28,1817.97998046875,1817.87255859375,2122.0
2023-08-29,1880.0,1879.8890380859375,52234.0
2023-08-30,1879.0,1878.8890380859375,127858.0
2023-08-31,1871.0,1870.8896484375,286847.0
2023-09-01,1813.489990234375,1813.3828125,4777.0
2023-09-04,1771.0999755859375,1770.9954833984375,6860.0
2023-09-05,1848.0,1847.8907470703125,15691.0
2023-09-06,1848.0,1847.8907470703125,17443.0
2023-09-07,1839.0,1838.8916015625,48480.0
2023-09-08,1835.0,1834.8916015625,18666.0
2023-09-11,1781.9100341796875,1781.8048095703125,5703.0
2023-09-12,1899.0,1898.8878173828125,171290.0
2023-09-13,1817.0699462890625,1816.9625244140625,10161.0
2023-09-14,1899.0,1898.8878173828125,4206.0
2023-09-15,1806.97998046875,1806.8731689453125,9022.0
2023-09-18,1899.0,1898.8878173828125,5649.0
2023-09-19,1899.0,1898.8878173828125,10370.0
2023-09-20,1830.0,1829.8917236328125,11756.0
2023-09-21,1830.0,1829.8917236328125,17975.0
2023-09-22,1807.0,1806.8931884765625,58902.0
2023-09-25,1798.0,1797.893798828125,72749.0
2023-09-26,1797.0,1796.8939208984375,15401.0
2023-09-27,1797.0,1796.8939208984375,8964.0
2023-09-28,1780.0,1779.894775390625,143960.0
2023-09-29,1799.0,1798.893798828125,102270.0
2023-10-02,1796.530029296875,1796.4239501953125,6802.0
2023-10-03,1760.0,1759.896240234375,174457.0
2023-10-04,1785.0,1784.894775390625,9372.0
2023-10-05,1771.0,1770.8955078125,40779.0
2023-10-06,1765.0,1764.8956298828125,170456.0
2023-10-09,1765.0,1764.8956298828125,125807.0
2023-10-10,1777.0,1776.8948974609375,35732.0
2023-10-11,1770.0,1769.8955078125,54269.0
2023-10-12,1780.0,1779.894775390625,110141.0
2023-10-13,1780.0,1779.894775390625,11998.0
2023-10-16,1780.0,1779.894775390625,0.0
2023-10-17,1785.0,1784.894775390625,76105.0
2023-10-18,1888.0,1887.888427734375,852954.0
2023-10-19,1903.0,1902.8875732421875,152727.0
2023-10-20,1835.0,1834.908447265625,67731.0
2023-10-23,1827.0,1826.90869140625,47529.0
2023-10-24,1807.0,1806.9097900390625,72521.0
2023-10-25,1798.43994140625,1798.3502197265625,10759.0
2023-10-26,1748.0,1747.9127197265625,128807.0
2023-10-27,1782.0,1781.9111328125,109098.0
2023-10-30,1779.0,1778.9112548828125,90607.0
2023-10-31,1748.0,1747.9127197265625,115848.0
2023-11-01,1715.0,1714.914306640625,43669.0
2023-11-02,1750.0,1749.91259765625,133749.0
2023-11-03,1780.0,1779.9111328125,53668.0
2023-11-06,1780.0,1779.9111328125,0.0
2023-11-07,1773.0,1772.9117431640625,24319.0
2023-11-08,1770.0,1769.9117431640625,31167.0
2023-11-09,1750.0,1749.91259765625,35405.0
2023-11-10,1760.0,1759.912353515625,64373.0
2023-11-13,1760.0,1759.912353515625,0.0
2023-11-14,1735.0,1734.9132080078125,103257.0
2023-11-15,1725.0,1724.9140625,104771.0
2023-11-16,1725.0,1724.9140625,55168.0
2023-11-17,1700.0,1699.915283203125,171731.0
2023-11-20,1690.0,1689.9158935546875,133353.0
2023-11-21,1690.0,1689.9158935546875,90172.0
2023-11-22,1690.0,1689.9158935546875,53269.0
2023-11-23,1690.0,1689.9158935546875,113013.0
2023-11-24,1680.0,1679.9161376953125,40548.0
2023-11-27,1680.0,1679.9161376953125,218606.0
2023-11-28,1680.0,1679.9161376953125,243835.0
2023-11-29,1675.0,1674.91650390625,70925.0
2023-11-30,1675.0,1674.91650390625,62335.0
2023-12-01,1700.0,1699.915283203125,68362.0
2023-12-04,1725.0,1724.9140625,721715.0
2023-12-05,1710.0,1709.9146728515625,48393.0
2023-12-06,1700.0,1699.915283203125,47923.0
2023-12-07,1720.0,1719.9140625,334598.0
2023-12-08,1720.0,1719.9140625,0.0
2023-12-11,1700.0,1699.915283203125,212420.0
2023-12-12,1685.0,1684.916015625,207848.0
2023-12-13,1715.0,1714.914306640625,69680.0
2023-12-14,1720.0,1719.9140625,66427.0
2023-12-15,1725.0,1724.9140625,255724.0
2023-12-18,1730.0,1729.9139404296875,41269.0
2023-12-19,1750.0,1749.91259765625,37049.0
2023-12-20,1765.0,1764.911865234375,127837.0
2023-12-21,1710.0,1709.9146728515625,145123.0
2023-12-22,1710.0,1709.9146728515625,49913.0
2023-12-25,1710.0,1709.9146728515625,0.0
2023-12-26,1740.0,1739.9130859375,85732.0
2023-12-27,1820.0,1819.9091796875,239752.0
2023-12-28,1835.0,1834.908447265625,66596.0
2023-12-29,1835.0,1834.908447265625,0.0
2024-01-01,1835.0,1834.908447265625,0.0
2024-01-02,1865.0,1864.906982421875,198221.0
2024-01-03,1880.0,1879.90625,152673.0
2024-01-04,1920.0,1919.904296875,160822.0
2024-01-05,1930.0,1929.9036865234375,193753.0
2024-01-08,1930.0,1929.9036865234375,0.0
2024-01-09,1950.0,1949.9027099609375,57242.0
2024-01-10,1965.0,1964.9019775390625,45041.0
2024-01-11,2020.0,2019.899169921875,171417.0
2024-01-12,2035.0,2034.8984375,93471.0
2024-01-15,2015.0,2014.8994140625,119994.0
2024-01-16,2020.0,2019.916748046875,67672.0
2024-01-17,2015.0,2014.9169921875,48963.0
2024-01-18,2020.0,2019.916748046875,112214.0
2024-01-19,1970.0,1969.9189453125,113101.0
2024-01-22,1970.0,1969.9189453125,0.0
2024-01-23,1995.0,1994.9178466796875,193223.0
2024-01-24,1995.0,1994.9178466796875,0.0
2024-01-25,1995.0,1994.9178466796875,0.0
2024-01-26,1995.0,1994.9178466796875,0.0
2024-01-29,1915.0,1914.9210205078125,65639.0
2024-01-30,1915.0,1914.9210205078125,56327.0
2024-01-31,1920.0,1919.9210205078125,76001.0
2024-02-01,1945.0,1944.9197998046875,82552.0
2024-02-02,1900.0,1899.9217529296875,111836.0
2024-02-05,1900.0,1899.9217529296875,36327.0
2024-02-06,1900.0,1899.9217529296875,5348.0
2024-02-07,1905.0,1904.921630859375,110488.0
2024-02-08,1905.0,1904.921630859375,8547.0
2024-02-09,1910.0,1909.9212646484375,13950.0
2024-02-12,1910.0,1909.9212646484375,22829.0
2024-02-13,1910.0,1909.9212646484375,4462.0
2024-02-14,1880.0,1879.922607421875,93272.0
2024-02-15,1980.0,1979.91845703125,287386.0
2024-02-16,2030.0,2029.916259765625,158435.0
2024-02-19,2015.0,2014.9169921875,72522.0
2024-02-20,2030.0,2029.916259765625,418187.0
2024-02-21,2085.0,2084.913818359375,644073.0
2024-02-22,2050.0,2049.915283203125,1541779.0
2024-02-23,2120.0,2119.912841796875,121228.0
2024-02-26,2250.0,2249.9072265625,1124469.0
2024-02-27,2350.0,2349.9033203125,566157.0
2024-02-28,2515.0,2514.896484375,998895.0
2024-02-29,2300.0,2299.9052734375,4657502.0
2024-03-01,2530.0,2529.8955078125,2020928.0
2024-03-04,2530.0,2529.8955078125,135448.0
2024-03-05,2530.0,2529.8955078125,187496.0
2024-03-06,2545.0,2544.8955078125,285270.0
2024-03-07,2670.0,2669.889892578125,84373.0
2024-03-08,2700.0,2699.888916015625,398170.0
2024-03-11,2700.0,2699.888916015625,78930.0
2024-03-12,2550.0,2549.895263671875,65908.0
2024-03-13,2550.0,2549.895263671875,25741.0
2024-03-14,2695.0,2694.888916015625,48888.0
2024-03-15,2630.0,2629.891357421875,45884.0
2024-03-18,2590.0,2589.893798828125,127103.0
2024-03-19,2580.0,2579.89404296875,51276.0
2024-03-20,2595.0,2594.89306640625,37993.0
2024-03-21,2630.0,2629.891357421875,324600.0
2024-03-22,2875.0,2874.8818359375,245380.0
2024-03-25,2875.0,2874.8818359375,0.0
2024-03-26,2995.0,2994.876708984375,154527.0
2024-03-27,3100.0,3099.87255859375,279770.0
2024-03-28,3100.0,3099.87255859375,0.0
2024-03-29,3100.0,3099.87255859375,0.0
2024-04-01,3170.0,3169.869384765625,312212.0
2024-04-02,3300.0,3299.86376953125,831839.0
2024-04-03,3290.0,3289.8642578125,135349.0
2024-04-04,3240.0,3239.86669921875,159518.0
2024-04-05,3235.0,3234.86669921875,198876.0
2024-04-08,3290.0,3289.8642578125,86318.0
2024-04-09,3325.0,3324.863037109375,519150.0
2024-04-10,3300.0,3299.86376953125,191972.0
2024-04-11,3320.0,3319.863037109375,223294.0
2024-04-12,3260.0,3259.89013671875,213032.0
2024-04-15,3240.0,3239.89111328125,22898.0
2024-04-16,3240.0,3239.89111328125,151571.0
2024-04-17,3335.0,3334.887451171875,352989.0
2024-04-18,3275.0,3274.889892578125,126311.0
2024-04-19,3275.0,3274.889892578125,88950.0
2024-04-22,3250.0,3249.890625,70071.0
2024-04-23,3250.0,3249.890625,34277.0
2024-04-24,3175.0,3174.89306640625,32725.0
2024-04-25,3245.0,3244.890869140625,66945.0
2024-04-26,3270.0,3269.889892578125,72378.0
2024-04-29,3200.0,3199.892333984375,374082.0
2024-04-30,3050.0,3049.89697265625,308553.0
2024-05-02,3185.0,3184.892578125,109496.0
2024-05-03,2530.0,2529.91455078125,135448.0
2024-05-06,3205.0,3204.89208984375,300604.0
2024-05-07,3230.0,3229.89111328125,130003.0
2024-05-08,3250.0,3249.890625,87110.0
2024-05-09,3235.0,3234.89111328125,135827.0
2024-05-10,3240.0,3239.89111328125,157399.0
2024-05-14,3250.0,3249.890625,54530.0
2024-05-15,3255.0,3254.89013671875,46660.0
2024-05-16,3235.0,3234.89111328125,109385.0
2024-05-17,3275.0,3274.889892578125,75607.0
2024-05-20,3235.0,3234.89111328125,98741.0
2024-05-21,3280.0,3279.889892578125,75771.0
2024-05-22,3165.0,3164.893310546875,441570.0
2024-05-23,3165.0,3164.893310546875,0.0
2024-05-24,3125.0,3124.894775390625,199951.0
2024-05-27,3150.0,3149.89404296875,26270.0
2024-05-28,3155.0,3154.893798828125,77765.0
2024-05-29,3075.0,3074.896240234375,258470.0
2024-05-30,3105.0,3104.8955078125,81894.0
2024-05-31,3160.0,3159.8935546875,1711994.0
2024-06-04,3210.0,3209.891845703125,866105.0
2024-06-05,3230.0,3229.89111328125,54814.0
2024-06-06,3285.0,3284.889404296875,379819.0
2024-06-07,3285.0,3284.889404296875,606734.0
2024-06-11,3180.0,3179.892822265625,459842.0
2024-06-12,3200.0,3199.892333984375,255068.0
2024-06-13,3185.0,3184.892578125,21126.0
2024-06-14,3190.0,3189.892333984375,104579.0
2024-06-17,3200.0,3199.892333984375,193499.0
2024-06-18,3175.0,3174.89306640625,89697.0
2024-06-19,3200.0,3199.892333984375,30618.0
2024-06-20,3340.0,3339.887451171875,695988.0
2024-06-21,3295.0,3294.888671875,68441.0
2024-06-24,3255.0,3254.89013671875,54892.0
2024-06-25,3250.0,3249.890625,85547.0
2024-06-26,3265.0,3264.889892578125,108803.0
2024-06-27,3260.0,3259.89013671875,44616.0
2024-06-28,3215.0,3214.891845703125,54281.0
2024-07-02,3305.0,3304.888671875,29370.0
2024-07-03,3335.0,3334.887451171875,20364.0
2024-07-04,3345.0,3344.88720703125,65565.0
2024-07-05,3390.0,3389.885986328125,185674.0
2024-07-08,3390.0,3389.885986328125,271036.0
2024-07-09,3395.0,3394.8857421875,89188.0
2024-07-10,3400.0,3399.8857421875,253385.0
2024-07-11,3385.0,3384.886474609375,134340.0
2024-07-12,3345.0,3344.911865234375,380281.0
2024-07-15,3410.0,3409.910400390625,201168.0
2024-07-16,3495.0,3494.908203125,472495.0
2024-07-17,3490.0,3489.908203125,349871.0
2024-07-18,3415.0,3414.91015625,15286.0
2024-07-19,3415.0,3414.91015625,13142.0
2024-07-22,3415.0,3414.91015625,6942.0
2024-07-23,3435.0,3434.90966796875,181532.0
2024-07-24,3365.0,3364.91162109375,173972.0
2024-07-25,3350.0,3349.911865234375,50739.0
2024-07-26,3365.0,3364.91162109375,47638.0
2024-07-29,3370.0,3369.91162109375,89032.0
2024-07-30,3385.0,3384.911376953125,40433.0
2024-07-31,3440.0,3439.909423828125,58045.0
2024-08-01,3350.0,3349.911865234375,644953.0
2024-08-02,3200.0,3199.916015625,901829.0
2024-08-05,3090.0,3089.9189453125,302299.0
2024-08-06,3090.0,3089.9189453125,89987.0
2024-08-07,3155.0,3154.917236328125,90609.0
2024-08-08,3155.0,3154.917236328125,90609.0
2024-08-09,3235.0,3234.9150390625,65447.0
2024-08-12,3270.0,3269.9140625,93364.0
2024-08-13,3270.0,3269.9140625,32821.0
2024-08-14,3270.0,3269.9140625,29990.0
2024-08-15,3155.0,3154.917236328125,17203.0
2024-08-16,3250.0,3249.91455078125,32783.0
2024-08-20,3205.0,3204.915771484375,32255.0
2024-08-21,3350.0,3349.911865234375,117155.0
2024-08-22,3270.0,3269.9140625,29369.0
2024-08-23,3400.0,3399.910888671875,192564.0
2024-08-26,3270.0,3269.9140625,141508.0
2024-08-27,3410.0,3409.910400390625,642109.0
2024-08-28,3425.0,3424.909912109375,701033.0
2024-08-29,3370.0,3369.91162109375,84728.0
2024-08-30,3380.0,3379.911376953125,1978030.0
2024-09-02,3320.0,3319.91259765625,22547.0
2024-09-03,3325.0,3324.91259765625,77771.0
2024-09-04,3335.0,3334.912109375,122130.0
2024-09-05,3280.0,3279.9140625,69835.0
2024-09-06,3260.0,3259.914306640625,112450.0
2024-09-09,3235.0,3234.9150390625,103839.0
2024-09-10,3285.0,3284.91357421875,86415.0
2024-09-11,3250.0,3249.91455078125,48817.0
2024-09-12,3305.0,3304.9130859375,158863.0
2024-09-13,3285.0,3284.91357421875,232781.0
2024-09-16,3325.0,3324.91259765625,417963.0
2024-09-17,3305.0,3304.9130859375,127348.0
2024-09-18,3400.0,3399.910888671875,100925.0
2024-09-19,3495.0,3494.908203125,1426335.0
2024-09-20,3600.0,3599.905517578125,6167893.0
2024-09-23,3490.0,3489.908203125,315770.0
2024-09-24,3490.0,3489.908203125,951884.0
2024-09-25,3480.0,3479.908203125,69875.0
2024-09-26,3480.0,3479.908203125,860.0
2024-09-27,3480.0,3479.908203125,9644.0
2024-09-30,3520.0,3519.90771484375,108559.0
2024-10-01,3550.0,3549.90673828125,84996.0
2024-10-02,3510.0,3509.90771484375,14509.0
2024-10-03,3565.0,3564.906494140625,36895.0
2024-10-04,3650.0,3649.903564453125,167389.0
2024-10-07,3700.0,3699.90283203125,122948.0
2024-10-08,3600.0,3599.905517578125,297785.0
2024-10-09,3700.0,3699.90283203125,184032.0
2024-10-10,3720.0,3719.927490234375,137016.0
2024-10-11,3730.0,3729.92724609375,42925.0
2024-10-15,3705.0,3704.927490234375,51662.0
2024-10-16,3655.0,3654.92822265625,35074.0
2024-10-17,3655.0,3654.92822265625,0.0
2024-10-18,3655.0,3654.92822265625,0.0
2024-10-21,3655.0,3654.92822265625,0.0
2024-10-22,3655.0,3654.92822265625,0.0
2024-10-23,3655.0,3654.92822265625,0.0
2024-10-24,3655.0,3654.92822265625,0.0
2024-10-25,3655.0,3654.92822265625,0.0
2024-10-28,3655.0,3654.92822265625,0.0
2024-10-29,3655.0,3654.92822265625,0.0
2024-10-30,3655.0,3654.92822265625,0.0
2024-10-31,3655.0,3654.92822265625,0.0
2024-11-01,3655.0,3654.92822265625,0.0
2024-11-04,3655.0,3654.92822265625,0.0
2024-11-05,3655.0,3654.92822265625,0.0
2024-11-06,3655.0,3654.92822265625,0.0
2024-11-07,3655.0,3654.92822265625,0.0
2024-11-08,3655.0,3654.92822265625,0.0
2024-11-11,3655.0,3654.92822265625,0.0
2024-11-12,3655.0,3654.92822265625,0.0
2024-11-13,3655.0,3654.92822265625,0.0
2024-11-14,3750.0,3749.9267578125,317290.0
2024-11-15,3845.0,3844.9248046875,163196.0
2024-11-18,3910.0,3909.92333984375,91147.0
2024-11-19,3900.0,3899.923583984375,46622.0
2024-11-20,3900.0,3899.923583984375,6124.0
2024-11-21,3830.0,3829.925048828125,90394.0
2024-11-22,4020.0,4019.921630859375,539370.0
2024-11-25,4030.0,4029.921142578125,86762.0
2024-11-26,4200.0,4199.91796875,109288.0
2024-11-27,4160.0,4159.91845703125,131335.0
2024-11-28,4155.0,4154.9189453125,30795.0
2024-11-29,4220.0,4219.91796875,51565.0
2024-12-02,4295.0,4294.916015625,248216.0
2024-12-03,4200.0,4199.91796875,101572.0
2024-12-04,4215.0,4214.91796875,38725.0
2024-12-05,4195.0,4194.91796875,34344.0
2024-12-06,4085.0,4084.919921875,87237.0
2024-12-09,4260.0,4259.91650390625,103641.0
2024-12-10,4480.0,4479.9130859375,245309.0
2024-12-11,4490.0,4489.91162109375,232004.0
2024-12-12,4425.0,4424.91357421875,35052.0
2024-12-13,4500.0,4499.91162109375,60192.0
2024-12-16,4520.0,4519.9111328125,135279.0
2024-12-17,4450.0,4449.91357421875,55336.0
2024-12-18,4300.0,4299.916015625,93816.0
2024-12-19,4225.0,4224.91748046875,345361.0
2024-12-20,4280.0,4279.916015625,45319.0
2024-12-23,4235.0,4234.9169921875,30676.0
2024-12-24,4235.0,4234.9169921875,0.0
2024-12-25,4235.0,4234.9169921875,0.0
2024-12-26,4300.0,4299.916015625,126490.0
2024-12-27,4250.0,4249.91650390625,78857.0
2024-12-30,4255.0,4254.91650390625,48313.0
2024-12-31,4255.0,4254.91650390625,0.0
2025-01-02,4410.0,4409.91357421875,24180.0
2025-01-03,4530.0,4529.9111328125,87884.0
2025-01-07,4450.0,4449.91357421875,114391.0
2025-01-08,4500.0,4499.93701171875,48153.0
2025-01-09,4525.0,4524.9365234375,69982.0
2025-01-10,4570.0,4569.93603515625,87618.0
2025-01-13,4550.0,4549.93603515625,85079.0
2025-01-14,4630.0,4629.935546875,111556.0
2025-01-15,4450.0,4449.9384765625,60357.0
2025-01-16,4630.0,4629.935546875,101928.0
2025-01-17,4630.0,4629.935546875,146413.0
2025-01-20,4620.0,4619.935546875,59191.0
2025-01-21,4620.0,4619.935546875,0.0
2025-01-22,4700.0,4699.9345703125,53827.0
2025-01-23,4750.0,4749.93408203125,75112.0
2025-01-24,4890.0,4889.931640625,67118.0
2025-01-27,4875.0,4874.9326171875,120323.0
2025-01-28,4875.0,4874.9326171875,0.0
2025-01-29,4875.0,4874.9326171875,0.0
2025-01-30,4875.0,4874.9326171875,0.0
2025-01-31,4875.0,4874.9326171875,0.0
2025-02-03,4875.0,4874.9326171875,0.0
2025-02-04,4875.0,4874.9326171875,0.0
2025-02-05,3705.0,3704.9482421875,51662.0
2025-02-06,3705.0,3704.9482421875,0.0
2025-02-07,3705.0,3704.9482421875,0.0
2025-02-10,3705.0,3704.9482421875,0.0
2025-02-11,3705.0,3704.9482421875,0.0
2025-02-12,3705.0,3704.9482421875,0.0
2025-02-13,3705.0,3704.9482421875,0.0
2025-02-14,3705.0,3704.9482421875,0.0
2025-02-17,5500.0,5499.92333984375,1120194.0
2025-02-18,5340.0,5339.92529296875,353645.0
2025-02-19,4620.0,4619.935546875,78130.0
2025-02-20,5500.0,5499.92333984375,143144.0
2025-02-21,5350.0,5349.92529296875,267347.0
2025-02-24,5350.0,5349.92529296875,0.0
2025-02-25,5350.0,5349.92529296875,0.0
2025-02-26,5350.0,5349.92529296875,0.0
2025-02-27,5350.0,5349.92529296875,0.0
2025-02-28,5350.0,5349.92529296875,0.0
2025-03-03,5540.0,5539.92236328125,202851.0
2025-03-04,5480.0,5479.92431640625,193840.0
2025-03-05,5390.0,5389.9248046875,175334.0
2025-03-06,5300.0,5299.92578125,151068.0
2025-03-07,5300.0,5299.92578125,261884.0
2025-03-10,5250.0,5249.92626953125,183170.0
2025-03-11,5330.0,5329.92578125,207400.0
2025-03-12,5380.0,5379.9248046875,150490.0
2025-03-13,5400.0,5399.9248046875,70409.0
2025-03-14,5370.0,5369.9248046875,140116.0
2025-03-17,5500.0,5499.92333984375,89991.0
2025-03-18,5500.0,5499.92333984375,288955.0
2025-03-19,5180.0,5179.92822265625,637696.0
2025-03-20,5000.0,4999.9296875,446131.0
2025-03-21,5000.0,4999.9296875,0.0
2025-03-24,5000.0,4999.9296875,0.0
2025-03-25,5260.0,5259.92626953125,442900.0
2025-03-26,5370.0,5369.9248046875,694002.0
2025-03-27,5580.0,5579.92236328125,488137.0
2025-03-28,5500.0,5499.92333984375,1456722.0
2025-03-31,5650.0,5649.92138671875,952293.0
2025-04-01,5900.0,5899.91796875,520254.0
2025-04-02,5800.0,5799.91845703125,294356.0
2025-04-03,5900.0,5899.91796875,274679.0
2025-04-04,5700.0,5699.9208984375,80277.0
2025-04-07,5780.0,5779.9189453125,124496.0
2025-04-08,5700.0,5699.9208984375,131675.0
2025-04-09,5900.0,5899.91796875,245885.0
2025-04-10,5920.0,5919.91796875,470373.0
2025-04-11,5910.0,5909.91796875,334687.0
2025-04-14,6010.0,6009.91650390625,423043.0
2025-04-15,6000.0,5999.91650390625,103684.0
2025-04-16,6000.0,5999.91650390625,464561.0
2025-04-17,6000.0,5999.91650390625,0.0
2025-04-18,6000.0,5999.91650390625,0.0
2025-04-21,6090.0,6089.9140625,140839.0
2025-04-22,6160.0,6159.9140625,45743.0
2025-04-23,6000.0,5999.91650390625,66925.0
2025-04-24,6200.0,6199.9140625,165699.0
2025-04-25,6180.0,6179.93896484375,179703.0
2025-04-28,6050.0,6049.93994140625,94644.0
2025-04-29,6030.0,6029.9404296875,114128.0
2025-04-30,6030.0,6029.9404296875,3758.0
2025-05-01,6030.0,6029.9404296875,0.0
2025-05-02,5980.0,5979.94140625,37621.0
2025-05-05,5910.0,5909.94189453125,99426.0
2025-05-06,6030.0,6029.9404296875,3758.0
2025-05-07,6380.0,6379.9365234375,555590.0
2025-05-08,6370.0,6369.9365234375,59397.0
2025-05-09,6990.0,6989.9306640625,974266.0
2025-05-12,6780.0,6779.93359375,77544.0
2025-05-13,6950.0,6949.9306640625,71008.0
2025-05-14,7230.0,7229.92822265625,779995.0
2025-05-15,7250.0,7249.927734375,199046.0
2025-05-16,7140.0,7139.9296875,353866.0
2025-05-19,7120.0,7119.9296875,13704.0
2025-05-20,7140.0,7139.9296875,158630.0
2025-05-21,7440.0,7439.9267578125,409056.0
2025-05-22,7320.0,7319.92724609375,79659.0
2025-05-23,7350.0,7349.92724609375,82835.0
2025-05-26,7300.0,7299.92724609375,28636.0
2025-05-27,7210.0,7209.9287109375,94927.0
2025-05-28,7210.0,7209.9287109375,0.0
2025-05-29,7210.0,7209.9287109375,0.0
2025-05-30,7210.0,7209.9287109375,0.0
2025-06-02,7210.0,7209.9287109375,0.0
2025-06-03,7210.0,7209.9287109375,0.0
2025-06-04,7210.0,7209.9287109375,0.0
2025-06-05,7210.0,7209.9287109375,0.0
2025-06-06,7210.0,7209.9287109375,0.0
2025-06-09,7210.0,7209.9287109375,0.0
2025-06-10,7210.0,7209.9287109375,0.0
2025-06-11,7210.0,7209.9287109375,0.0
2025-06-12,7210.0,7209.9287109375,0.0
2025-06-13,7210.0,7209.9287109375,0.0
2025-06-16,7210.0,7209.9287109375,0.0
2025-06-17,6940.0,6939.93115234375,152841.0
2025-06-18,7210.0,7209.9287109375,540124.0
2025-06-19,7220.0,7219.92822265625,325226.0
2025-06-20,7130.0,7129.9296875,205778.0
2025-06-24,7300.0,7299.92724609375,1092644.0
2025-06-25,7290.0,7289.927734375,376067.0
2025-06-26,7230.0,7229.92822265625,20127.0
2025-06-27,7200.0,7199.92919921875,42327.0
2025-06-30,7200.0,7199.92919921875,0.0
2025-07-01,7200.0,7199.92919921875,252814.0
2025-07-02,7300.0,7299.92724609375,86825.0
2025-07-03,7300.0,7299.92724609375,48004.0
2025-07-04,7300.0,7299.92724609375,53195.0
2025-07-07,7300.0,7299.92724609375,61027.0
2025-07-08,7270.0,7269.927734375,23041.0
2025-07-09,7290.0,7289.927734375,57509.0
2025-07-10,7050.0,7049.93017578125,45225.0
2025-07-11,7290.0,7289.927734375,358035.0
2025-07-14,7230.0,7229.92822265625,61895.0
2025-07-15,7300.0,7299.92724609375,48682.0
2025-07-16,7300.0,7299.92724609375,62236.0
2025-07-17,7290.0,7289.927734375,77595.0
2025-07-18,7320.0,7319.92724609375,67874.0
2025-07-21,7480.0,7479.92626953125,466840.0
2025-07-22,7480.0,7479.92626953125,328556.0
2025-07-23,7500.0,7499.92578125,43261.0
2025-07-24,7550.0,7549.92529296875,84234.0
2025-07-25,7540.0,7539.92529296875,81770.0
2025-07-28,7540.0,7539.95068359375,137777.0
2025-07-29,7690.0,7689.94970703125,310117.0
2025-07-30,7560.0,7559.9501953125,25740.0
2025-07-31,7560.0,7559.9501953125,7907.0
2025-08-01,7550.0,7549.95068359375,92642.0
2025-08-04,7550.0,7549.95068359375,0.0
2025-08-05,7400.0,7399.95166015625,30780.0
2025-08-06,7600.0,7599.9501953125,183742.0
2025-08-07,7600.0,7599.9501953125,0.0
2025-08-08,7780.0,7779.94873046875,320346.0
2025-08-11,7610.0,7609.94970703125,134.0
2025-08-12,7800.0,7799.94873046875,123967.0
2025-08-13,8050.0,8049.947265625,416285.0
2025-08-14,8030.0,8029.94775390625,196644.0
2025-08-15,8140.0,8139.9462890625,69834.0
2025-08-19,8260.0,8259.9453125,208766.0
2025-08-20,8320.0,8319.9453125,68080.0
2025-08-21,8350.0,8349.9453125,31373.0
2025-08-22,8690.0,8689.943359375,379008.0
2025-08-25,9100.0,9099.939453125,445108.0
2025-08-26,9300.0,9299.939453125,289485.0
2025-08-27,9200.0,9199.939453125,43148.0
2025-08-28,9740.0,9739.9365234375,208266.0
2025-08-29,10200.0,10199.93359375,545615.0
2025-09-01,10000.0,9999.93359375,103786.0
2025-09-02,10000.0,9999.93359375,0.0
2025-09-03,10420.0,10419.9326171875,114841.0
2025-09-04,10960.0,10959.9287109375,362527.0
2025-09-05,11000.0,10999.9287109375,238425.0
2025-09-08,11200.0,11199.9267578125,119526.0
2025-09-09,11280.0,11279.9267578125,384377.0
2025-09-10,11200.0,11199.9267578125,297100.0
2025-09-11,11240.0,11239.9267578125,221922.0
2025-09-12,11280.0,11279.9267578125,59082.0
2025-09-15,11200.0,11199.9267578125,58463.0
2025-09-16,11120.0,11119.9267578125,82458.0
2025-09-17,11000.0,10999.9287109375,130666.0
2025-09-18,10700.0,10699.9296875,259581.0
2025-09-19,11000.0,10999.9287109375,345879.0
2025-09-22,11000.0,10999.9287109375,115985.0
2025-09-23,11000.0,10999.9287109375,1651546.0
2025-09-24,11140.0,11139.9267578125,398014.0
2025-09-25,11500.0,11499.9248046875,210813.0
2025-09-26,12000.0,11999.921875,227150.0
2025-09-29,12000.0,11999.921875,437159.0
2025-09-30,10000.0,9999.93359375,103786.0
2025-10-01,12740.0,12739.916015625,185231.0
2025-10-02,12460.0,12459.9189453125,126686.0
2025-10-03,12800.0,12799.916015625,223476.0
2025-10-06,13380.0,13379.912109375,429445.0
2025-10-07,13300.0,13299.912109375,120989.0
2025-10-08,14000.0,13999.908203125,472160.0
2025-10-09,13340.0,13339.912109375,277922.0
2025-10-10,13600.0,13599.9111328125,179533.0
2025-10-14,13900.0,13899.908203125,164966.0
2025-10-15,14180.0,14179.9072265625,176239.0
2025-10-16,14640.0,14639.9033203125,378753.0
2025-10-17,14680.0,14679.9033203125,424664.0
2025-10-20,14620.0,14619.9033203125,316606.0
2025-10-21,14400.0,14399.90625,290232.0
2025-10-22,14220.0,14219.9072265625,210616.0
2025-10-23,14400.0,14399.90625,94984.0
2025-10-24,14200.0,14199.9072265625,33195.0
2025-10-27,13000.0,12999.9150390625,281974.0
2025-10-28,12920.0,12919.939453125,289341.0
2025-10-29,13360.0,13359.9375,144460.0
2025-10-30,13600.0,13599.9375,108209.0
2025-10-31,13600.0,13599.9375,53113.0
2025-11-04,13000.0,12999.939453125,328539.0
2025-11-05,13340.0,13339.9375,384832.0
2025-11-06,13840.0,13839.935546875,531211.0
2025-11-07,14000.0,13999.9345703125,131319.0
2025-11-10,14000.0,13999.9345703125,316539.0
2025-11-11,14100.0,14099.9345703125,34028.0
2025-11-12,14600.0,14599.931640625,396342.0
2025-11-13,14960.0,14959.9306640625,220385.0
2025-11-14,14560.0,14559.931640625,270756.0
2025-11-18,14900.0,14899.931640625,198208.0
2025-11-19,14860.0,14859.931640625,137146.0
2025-11-20,14600.0,14599.931640625,31338.0
2025-11-21,14700.0,14699.931640625,100689.0
2025-11-24,14960.0,14959.9306640625,2419194.0
2025-11-25,15000.0,14999.9296875,405550.0
2025-11-26,15060.0,15059.9296875,276865.0
2025-11-27,15000.0,14999.9296875,80609.0
2025-11-28,15000.0,14999.9296875,415462.0
2025-12-01,15580.0,15579.9267578125,323173.0
2025-12-02,15480.0,15479.9287109375,163392.0
2025-12-03,13000.0,12999.939453125,328539.0
2025-12-04,15480.0,15479.9287109375,81050.0
2025-12-05,15340.0,15339.9287109375,32946.0
2025-12-09,15480.0,15479.9287109375,96513.0
2025-12-10,15320.0,15319.9287109375,91961.0
2025-12-11,15480.0,15479.9287109375,107294.0
2025-12-12,15340.0,15339.9287109375,222419.0
2025-12-15,15460.0,15459.9287109375,116947.0
2025-12-16,15500.0,15499.9287109375,215726.0
2025-12-17,15560.0,15559.9267578125,136851.0
2025-12-18,15560.0,15559.9267578125,101097.0
2025-12-19,15600.0,15599.9267578125,292802.0
2025-12-22,15600.0,15599.9267578125,516951.0
2025-12-23,15560.0,15559.9267578125,72023.0
2025-12-24,15660.0,15659.9267578125,10235.0
2025-12-26,15520.0,15519.927734375,28434.0
2025-12-29,15400.0,15399.9287109375,118021.0
2025-12-30,15300.0,15299.9287109375,86922.0
2025-12-31,15300.0,15299.9287109375,0.0
2026-01-02,15180.0,15179.9296875,24336.0
2026-01-05,15600.0,15599.9267578125,221430.0
2026-01-06,15780.0,15779.9267578125,181516.0
2026-01-07,15780.0,15779.9267578125,140287.0
2026-01-08,15820.0,15819.9267578125,68375.0
2026-01-09,16360.0,16359.923828125,227186.0
2026-01-13,17100.0,17099.919921875,137843.0
2026-01-14,17260.0,17259.919921875,155576.0
2026-01-15,17240.0,17239.919921875,52309.0
2026-01-16,17260.0,17259.919921875,118811.0
2026-01-19,17500.0,17499.919921875,186353.0
2026-01-20,18140.0,18139.9140625,802867.0
2026-01-21,18680.0,18679.912109375,608330.0
2026-01-22,18800.0,18799.912109375,93569.0
2026-01-23,19000.0,18999.912109375,198986.0
2026-01-26,19900.0,19899.90625,122844.0
2026-01-27,20500.0,20499.9296875,376689.0
2026-01-28,21860.0,21859.92578125,275081.0
2026-01-29,21200.0,21199.927734375,322385.0
2026-01-30,19180.0,19179.935546875,694916.0
2026-02-02,18000.0,17999.939453125,965634.0
2026-02-03,18740.0,18739.935546875,285124.0
2026-02-04,18840.0,18839.935546875,231359.0
2026-02-05,17780.0,17779.939453125,310753.0
2026-02-06,18240.0,18239.9375,73634.0
2026-02-09,18720.0,18719.935546875,79333.0
2026-02-10,19000.0,18999.935546875,149734.0
2026-02-11,19620.0,19619.93359375,338377.0
2026-02-12,19380.0,19379.93359375,91405.0
2026-02-13,19700.0,19699.93359375,166029.0
2026-02-16,19400.0,19399.93359375,151726.0
2026-02-17,19180.0,19179.935546875,105924.0
2026-02-18,19780.0,19779.931640625,138595.0
2026-02-19,19200.0,19199.935546875,160316.0
2026-02-20,19980.0,19979.931640625,482480.0
2026-02-23,19660.0,19659.93359375,506574.0
2026-02-24,19580.0,19579.93359375,69163.0
2026-02-25,19500.0,19499.93359375,137663.0
2026-02-26,19280.0,19279.935546875,93705.0
2026-02-27,20280.0,20279.931640625,1358999.0
2026-03-02,19980.0,19979.931640625,183983.0
2026-03-03,18700.0,18699.935546875,203571.0
2026-03-04,18700.0,18699.935546875,203571.0
2026-03-05,16820.0,16819.943359375,138172.0
2026-03-06,16500.0,16499.943359375,152727.0
2026-03-09,16840.0,16839.943359375,91891.0
2026-03-11,17480.0,17479.94140625,239298.0
2026-03-12,16760.0,16759.943359375,166413.0
2026-03-13,15960.0,15959.9462890625,265420.0
2026-03-16,15540.0,15539.9462890625,215653.0
2026-03-17,14520.0,14519.9501953125,213891.0
2026-03-18,13580.0,13579.9541015625,353757.0
2026-03-19,12520.0,12519.9580078125,303261.0
2026-03-20,11800.0,11799.9599609375,362548.0
2026-03-24,13300.0,13299.9541015625,240951.0
2026-03-25,13200.0,13199.955078125,493405.0
2026-03-26,12900.0,12899.9560546875,120627.0
2026-03-27,12500.0,12499.9580078125,239565.0
2026-03-30,12000.0,11999.958984375,87090.0
2026-03-31,13200.0,13199.955078125,70360.0
2026-04-01,13840.0,13839.953125,313886.0
2026-04-02,13840.0,13839.953125,0.0
2026-04-03,13840.0,13839.953125,0.0
2026-04-06,13880.0,13879.9521484375,121301.0
2026-04-07,14000.0,13999.9521484375,124112.0
2026-04-08,14620.0,14619.9501953125,308972.0
2026-04-09,14320.0,14319.9521484375,194418.0
2026-04-10,14320.0,14319.9521484375,194418.0
2026-04-13,13880.0,13879.9521484375,121301.0
2026-04-14,14520.0,14519.9501953125,208914.0
2026-04-15,14460.0,14459.9501953125,85122.0
2026-04-16,14660.0,14659.9501953125,70168.0
2026-04-17,14920.0,14919.9755859375,144683.0
2026-04-20,14700.0,14699.9755859375,43683.0
2026-04-21,14280.0,14279.9765625,157948.0
2026-04-22,14020.0,14019.9765625,59678.0
2026-04-23,14000.0,13999.9765625,73432.0
2026-04-24,13840.0,13839.9765625,17702.0
2026-04-27,13680.0,13679.9775390625,85927.0
2026-04-28,13600.0,13599.9775390625,53871.0
2026-04-29,13000.0,12999.978515625,237114.0
2026-04-30,13600.0,13599.9775390625,63450.0
2026-05-04,13560.0,13559.9775390625,26313.0
2026-05-05,13560.0,13559.9775390625,0.0
2026-05-06,13700.0,13699.9775390625,262629.0
2026-05-07,15100.0,15099.974609375,597832.0
2026-05-08,15700.0,15699.9736328125,272186.0
2026-05-11,15620.0,15619.9736328125,153383.0
2026-05-12,14900.0,14899.9755859375,42937.0
2026-05-13,15040.0,15039.974609375,48637.0
2026-05-14,15020.0,15019.974609375,138722.0
2026-05-15,14500.0,14499.9755859375,52795.0
2026-05-19,14140.0,14139.9765625,125110.0
2026-05-20,14040.0,14039.9765625,42562.0
2026-05-21,15000.0,14999.974609375,260472.0
2026-05-22,15320.0,15319.974609375,195491.0
2026-05-25,16060.0,16059.9736328125,140811.0
2026-05-26,15640.0,15639.9736328125,114642.0
2026-05-27,14800.0,14799.9755859375,157297.0
2026-05-28,15320.0,15319.974609375,159677.0
2026-06-01,16160.0,16159.97265625,214271.0
2026-06-02,16160.0,16159.97265625,214271.0
2026-06-03,15460.0,15459.974609375,142751.0
2026-06-04,15480.0,15479.974609375,101135.0
2026-06-05,13420.0,13419.9775390625,230320.0
2026-06-08,13420.0,13419.9775390625,0.0
2026-06-09,14700.0,14699.9755859375,504942.0
2026-06-10,13820.0,13819.9765625,284928.0
2026-06-11,14580.0,14579.9755859375,178503.0
2026-06-16,16740.0,16739.97265625,428056.0
2026-06-17,16260.0,16259.97265625,199950.0
2026-06-18,16260.0,16259.97265625,0.0
2026-06-19,16260.0,16259.97265625,0.0
2026-06-22,16700.0,16699.97265625,167406.0
2026-06-23,15760.0,15759.9736328125,130705.0
2026-06-24,15140.0,15139.974609375,142981.0
2026-06-25,15660.0,15659.9736328125,73771.0
2026-06-26,15940.0,15939.9736328125,150520.0
2026-06-29,15940.0,15939.9736328125,0.0
2026-06-30,15820.0,15819.9736328125,56313.0
2026-07-01,15620.0,15619.9736328125,82833.0
2026-07-02,15920.0,15919.9736328125,81254.0
2026-07-03,16280.0,16279.97265625,163576.0
2026-07-06,16140.0,16139.97265625,100356.0
2026-07-07,15320.0,15319.974609375,151415.0
2026-07-08,14920.0,14919.9755859375,174683.0
2026-07-09,15180.0,15179.974609375,181209.0
2026-07-10,16000.0,16000.0,190379.0
2026-07-14,15500.0,15500.0,133896.0
2026-07-15,15420.0,15420.0,63589.0
2026-07-16,14900.0,14900.0,136031.0
2026-07-17,14800.0,14800.0,80423.0
2026-07-21,15300.0,15300.0,412122.0
2026-07-22,15520.0,15520.0,359009.0
2026-07-23,15580.0,15580.0,60947.0
2026-07-24,15580.0,15580.0,0.0
2026-07-27,15960.0,15960.0,76682.0
2026-07-28,15800.0,15800.0,34182.0
2026-07-29,15800.0,15800.0,33147.0
2026-07-30,16040.0,16040.0,88202.0
2026-07-31,15940.0,15940.0,38580.0
2026-08-03,15940.0,15940.0,37929.0
2026-08-04,16160.0,16160.0,37851.0
2026-08-05,17000.0,17000.0,307471.0
2026-08-06,16840.0,16840.0,190239.0
2026-08-07,16840.0,16840.0,0.0
2026-08-10,17060.0,17060.0,140087.0
2026-08-11,16980.0,16980.0,52317.0
2026-08-12,16980.0,16980.0,51878.0
2026-08-13,16700.0,16700.0,82306.0
2026-08-14,16960.0,16960.0,74367.0
2026-08-18,16920.0,16920.0,78415.0
2026-08-19,17300.0,17300.0,185094.0
2026-08-20,17580.0,17580.0,243082.0
2026-08-21,17900.0,17900.0,146798.0
2026-08-24,18500.0,18500.0,188139.0
2026-08-25,18600.0,18600.0,86995.0
2026-08-26,18540.0,18540.0,58681.0
2026-08-27,18540.0,18540.0,73275.0
2026-08-28,18360.0,18360.0,75899.0
2026-08-31,18980.0,18980.0,422933.0
2026-09-01,18460.0,18460.0,657353.0
2026-09-02,18780.0,18780.0,92748.0
2026-09-03,19060.0,19060.0,143809.0
2026-09-04,19400.0,19400.0,145675.0
2026-09-07,19560.0,19560.0,47456.0
2026-09-08,19580.0,19580.0,95716.0
2026-09-09,19840.0,19840.0,156830.0
2026-09-10,20020.0,20020.0,219390.0
2026-09-11,20400.0,20400.0,267435.0
2026-09-14,20440.0,20440.0,156565.0
2026-09-15,20040.0,20040.0,198359.0
2026-09-16,19900.0,19900.0,164036.0
2026-09-17,20500.0,20500.0,247414.0
2026-09-18,21940.0,21940.0,3768119.0
2026-09-21,21940.0,21940.0,246229.0
2026-09-22,22600.0,22600.0,152607.0
2026-09-23,22880.0,22880.0,181417.0
2026-09-24,22660.0,22660.0,59046.0
2026-09-25,22860.0,22860.0,45205.0
