Date,close,adjclose,volume
2014-12-01,99.66999816894531,69.07384490966797,3658500
2014-12-02,100.38999938964844,69.57283020019531,3888000
2014-12-03,98.31999969482422,68.58575439453125,4943800
2014-12-04,97.75,68.18812561035156,4582600
2014-12-05,97.76000213623047,68.19509887695312,5308200
2014-12-08,97.77999877929688,68.20906066894531,4233800
2014-12-09,97.12999725341797,67.7556381225586,3459700
2014-12-10,96.18000030517578,67.09293365478516,3972300
2014-12-11,96.29000091552734,67.16966247558594,4784700
2014-12-12,94.73999786376953,66.08841705322266,3935900
2014-12-15,94.13999938964844,65.66988372802734,4555200
2014-12-16,92.58999633789062,64.58863830566406,6962800
2014-12-17,93.72000122070312,65.37689208984375,6189200
2014-12-18,95.36000061035156,66.52092742919922,8122800
2014-12-19,95.44000244140625,66.57673645019531,7678700
2014-12-22,96.62000274658203,67.39987182617188,3623000
2014-12-23,97.36000061035156,67.91609954833984,3065800
2014-12-24,97.08999633789062,67.72772979736328,1604100
2014-12-26,97.05000305175781,67.69983673095703,1492700
2014-12-29,96.7300033569336,67.47660064697266,2453800
2014-12-30,95.95999908447266,66.9394760131836,2134400
2014-12-31,94.55999755859375,65.96286010742188,3727400
2015-01-02,94.44000244140625,65.879150390625,3545700
2015-01-05,93.7300033569336,65.38384246826172,6441000
2015-01-06,93.0199966430664,64.88859558105469,6195000
2015-01-07,95.73999786376953,66.78601837158203,6526300
2015-01-08,97.4800033569336,67.99980163574219,7131600
2015-01-09,96.81999969482422,67.53937530517578,4061500
2015-01-12,96.41999816894531,67.26036834716797,4192700
2015-01-13,96.3499984741211,67.21151733398438,5371300
2015-01-14,96.66999816894531,67.43473052978516,5127800
2015-01-15,96.66999816894531,67.43473052978516,4424000
2015-01-16,97.29000091552734,67.86724853515625,4404400
2015-01-20,97.51000213623047,68.0207290649414,7029500
2015-01-21,97.4000015258789,67.94398498535156,5031100
2015-01-22,98.9000015258789,68.9903564453125,7620400
2015-01-23,98.52999877929688,68.73225402832031,4857700
2015-01-26,98.69000244140625,68.8438720703125,4298700
2015-01-27,96.72000122070312,67.46961975097656,7365300
2015-01-28,95.72000122070312,66.77204895019531,6280100
2015-01-29,96.02999877929688,66.98829650878906,4600300
2015-01-30,93.77999877929688,65.41874694824219,7741500
2015-02-02,95.33000183105469,66.49999237060547,6889500
2015-02-03,96.19999694824219,67.10690307617188,5090400
2015-02-04,96.5999984741211,67.38591766357422,5064700
2015-02-05,96.61000061035156,67.39289093017578,4466200
2015-02-06,96.70999908447266,67.46263885498047,4629200
2015-02-09,95.97000122070312,66.94644165039062,4217100
2015-02-10,97.98999786376953,68.35554504394531,6797400
2015-02-11,100.4000015258789,70.03672790527344,9736400
2015-02-12,100.2699966430664,69.94601440429688,9062300
2015-02-13,99.12999725341797,69.15074920654297,5643000
2015-02-17,98.36000061035156,68.61368560791016,5877800
2015-02-18,99.33000183105469,69.29029846191406,3472500
2015-02-19,98.72000122070312,68.86478424072266,4186300
2015-02-20,99.05999755859375,69.1019515991211,3945500
2015-02-23,99.44999694824219,69.3740005493164,3075700
2015-02-24,99.58000183105469,69.46466827392578,3389900
2015-02-25,99.5,69.40889739990234,3366100
2015-02-26,99.06999969482422,69.10894775390625,5722000
2015-02-27,98.9800033569336,69.04618072509766,6461700
2015-03-02,99.0,69.06012725830078,3613600
2015-03-03,98.4000015258789,68.64156341552734,4148100
2015-03-04,97.36000061035156,68.37118530273438,3884200
2015-03-05,97.2300033569336,68.27987670898438,3537200
2015-03-06,96.16999816894531,67.5354995727539,6466100
2015-03-09,96.04000091552734,67.4442367553711,4810500
2015-03-10,94.43000030517578,66.31360626220703,5390300
2015-03-11,93.62999725341797,65.75178527832031,4637300
2015-03-12,95.70999908447266,67.21247863769531,4455000
2015-03-13,94.31999969482422,66.23635864257812,4703800
2015-03-16,95.44999694824219,67.02989196777344,4687400
2015-03-17,94.12999725341797,66.10291290283203,4507400
2015-03-18,94.63999938964844,66.4610595703125,7692100
2015-03-19,94.0999984741211,66.08184814453125,4386400
2015-03-20,95.33999633789062,66.95262145996094,8810400
2015-03-23,95.8499984741211,67.310791015625,4739400
2015-03-24,95.86000061035156,67.31781005859375,7118600
2015-03-25,95.26000213623047,66.8964614868164,4965600
2015-03-26,95.62999725341797,67.15626525878906,5077700
2015-03-27,95.94999694824219,67.38104248046875,4245600
2015-03-30,96.5199966430664,67.78128051757812,5021200
2015-03-31,95.62000274658203,67.14927673339844,4397600
2015-04-01,95.08999633789062,66.77708435058594,4241200
2015-04-02,95.69000244140625,67.19843292236328,3586200
2015-04-06,96.4800033569336,67.75321960449219,4861800
2015-04-07,96.20999908447266,67.56359100341797,3376600
2015-04-08,96.02999877929688,67.43718719482422,3879100
2015-04-09,96.3499984741211,67.66194152832031,3487000
2015-04-10,96.19999694824219,67.55657958984375,2704900
2015-04-13,95.52999877929688,67.0860595703125,3772900
2015-04-14,96.48999786376953,67.7602310180664,4501700
2015-04-15,96.62999725341797,67.8585433959961,3508700
2015-04-16,96.44999694824219,67.73212432861328,3699000
2015-04-17,95.80999755859375,67.2826919555664,4991600
2015-04-20,96.5,67.76725006103516,4468600
2015-04-21,96.77999877929688,67.96387481689453,4184300
2015-04-22,97.27999877929688,68.31501007080078,5293600
2015-04-23,95.7300033569336,67.22653198242188,7827700
2015-04-24,95.16999816894531,66.83325958251953,5381700
2015-04-27,94.48999786376953,66.35570526123047,5348500
2015-04-28,94.41999816894531,66.30658721923828,5065900
2015-04-29,94.37999725341797,66.27848052978516,4963600
2015-04-30,95.12000274658203,66.79814910888672,6714400
2015-05-01,95.55999755859375,67.10714721679688,4622300
2015-05-04,95.94999694824219,67.38104248046875,3729400
2015-05-05,95.41999816894531,67.00881958007812,3502800
2015-05-06,95.4800033569336,67.05094909667969,3376400
2015-05-07,95.1500015258789,66.81920623779297,3157400
2015-05-08,96.55000305175781,67.8023681640625,5231600
2015-05-11,96.3499984741211,67.66194152832031,3070300
2015-05-12,96.19999694824219,67.55657958984375,4229900
2015-05-13,96.41000366210938,67.70407104492188,3739800
2015-05-14,98.0,68.82062530517578,4018500
2015-05-15,98.22000122070312,68.97513580322266,3809500
2015-05-18,98.05000305175781,68.8557357788086,3328300
2015-05-19,97.94999694824219,68.7855224609375,3323900
2015-05-20,97.69000244140625,68.60293579101562,2789800
2015-05-21,97.19999694824219,68.25882720947266,3406100
2015-05-22,96.26000213623047,67.59872436523438,3311100
2015-05-26,95.79000091552734,67.26863861083984,3806200
2015-05-27,96.37999725341797,67.6829833984375,4028200
2015-05-28,97.05999755859375,68.16053009033203,5321700
2015-05-29,96.43000030517578,67.71810150146484,5731700
2015-06-01,95.97000122070312,67.39508056640625,4407000
2015-06-02,96.05000305175781,67.45125579833984,3959800
2015-06-03,95.30000305175781,67.41798400878906,3248800
2015-06-04,94.13999938964844,66.59738159179688,4793700
2015-06-05,93.05000305175781,65.82627868652344,4741200
2015-06-08,92.83999633789062,65.67771911621094,4466600
2015-06-09,93.06999969482422,65.84040832519531,3411900
2015-06-10,93.69000244140625,66.27902221679688,3892000
2015-06-11,94.08999633789062,66.56200408935547,3020100
2015-06-12,93.73999786376953,66.31441497802734,3748500
2015-06-15,92.63999938964844,65.53623962402344,7203000
2015-06-16,93.55000305175781,66.18000793457031,2728700
2015-06-17,94.05000305175781,66.5337142944336,3108900
2015-06-18,95.2300033569336,67.36847686767578,4035400
2015-06-19,94.86000061035156,67.10672760009766,5463300
2015-06-22,95.5999984741211,67.6302261352539,3626700
2015-06-23,95.5999984741211,67.6302261352539,3679900
2015-06-24,95.29000091552734,67.41094207763672,4742000
2015-06-25,94.83000183105469,67.08550262451172,4426400
2015-06-26,94.91000366210938,67.14210510253906,5119600
2015-06-29,93.69000244140625,66.27902221679688,3625600
2015-06-30,93.33999633789062,66.03142547607422,4188500
2015-07-01,94.5199966430664,66.86620330810547,4808600
2015-07-02,94.66000366210938,66.9652328491211,3209600
2015-07-06,94.4000015258789,66.78131103515625,4952400
2015-07-07,96.4000015258789,68.1961441040039,7724800
2015-07-08,95.61000061035156,67.63729858398438,6055100
2015-07-09,94.58999633789062,66.91570281982422,9932300
2015-07-10,95.55000305175781,67.59486389160156,7233600
2015-07-13,97.22000122070312,68.77623748779297,7263800
2015-07-14,97.12999725341797,68.71258544921875,4479400
2015-07-15,96.3499984741211,68.16081237792969,5464700
2015-07-16,96.9000015258789,68.54988861083984,4253000
2015-07-17,96.77999877929688,68.46499633789062,3573300
2015-07-20,97.30999755859375,68.83991241455078,3391800
2015-07-21,96.93000030517578,68.57109832763672,3065400
2015-07-22,97.16999816894531,68.74089813232422,3371300
2015-07-23,96.87000274658203,68.52865600585938,2742900
2015-07-24,96.18000030517578,68.0405502319336,3631700
2015-07-27,95.66000366210938,67.67268371582031,4783400
2015-07-28,96.11000061035156,67.99098205566406,4937100
2015-07-29,96.52999877929688,68.28813934326172,3851100
2015-07-30,96.62999725341797,68.35885620117188,3380700
2015-07-31,96.3499984741211,68.16081237792969,5049600
2015-08-03,97.44999694824219,68.93895721435547,3711100
2015-08-04,97.80999755859375,69.19364166259766,3955000
2015-08-05,99.19000244140625,70.16988372802734,4320400
2015-08-06,99.1500015258789,70.14161682128906,6224000
2015-08-07,99.0999984741211,70.10620880126953,4608300
2015-08-10,99.08999633789062,70.09910583496094,4753700
2015-08-11,98.62000274658203,69.76666259765625,3581300
2015-08-12,98.37999725341797,69.59685516357422,3743300
2015-08-13,98.79000091552734,69.88690185546875,4190600
2015-08-14,99.2300033569336,70.19818878173828,3375600
2015-08-17,99.86000061035156,70.64387512207031,3253100
2015-08-18,99.7699966430664,70.5802001953125,4578500
2015-08-19,98.98999786376953,70.02838134765625,3903500
2015-08-20,97.9800033569336,69.31390380859375,3956800
2015-08-21,96.25,68.09002685546875,7514400
2015-08-24,91.83000183105469,64.96322631835938,13366900
2015-08-25,89.63999938964844,63.4139518737793,8258100
2015-08-26,92.48999786376953,65.43012237548828,7614100
2015-08-27,93.5999984741211,66.2153549194336,6690000
2015-08-28,93.52999877929688,66.16582489013672,6002300
2015-08-31,92.93000030517578,65.74137878417969,5328000
2015-09-01,91.33000183105469,64.6094970703125,8367800
2015-09-02,91.63999938964844,65.33169555664062,5935400
2015-09-03,92.12999725341797,65.68099975585938,3774100
2015-09-04,90.91999816894531,64.81837463378906,5653600
2015-09-08,92.37000274658203,65.85210418701172,3638200
2015-09-09,90.83000183105469,64.75421142578125,4474400
2015-09-10,91.05999755859375,64.91819763183594,3928100
2015-09-11,91.62000274658203,65.31744384765625,4062600
2015-09-14,91.19999694824219,65.01799011230469,4383600
2015-09-15,92.05999755859375,65.631103515625,3725100
2015-09-16,93.06999969482422,66.35113525390625,4152000
2015-09-17,93.37000274658203,66.5650405883789,5300800
2015-09-18,93.05000305175781,66.33690643310547,9622400
2015-09-21,93.70999908447266,66.80742645263672,3654000
2015-09-22,92.37000274658203,65.85210418701172,4547900
2015-09-23,92.4000015258789,65.87349700927734,3401600
2015-09-24,92.47000122070312,65.92340850830078,4064000
2015-09-25,93.47000122070312,66.63632202148438,4897200
2015-09-28,92.47000122070312,65.92340850830078,4659200
2015-09-29,93.04000091552734,66.32976531982422,5632200
2015-09-30,94.30000305175781,67.22806549072266,5873600
2015-10-01,93.8499984741211,66.90723419189453,5061800
2015-10-02,94.16000366210938,67.12822723388672,5163700
2015-10-05,95.80999755859375,68.30451965332031,5700200
2015-10-06,97.06999969482422,69.20282745361328,7094300
2015-10-07,98.5199966430664,70.23654174804688,6528200
2015-10-08,98.97000122070312,70.5573501586914,4683300
2015-10-09,99.47000122070312,70.913818359375,5607000
2015-10-12,99.13999938964844,70.67858123779297,4581300
2015-10-13,97.91999816894531,69.80880737304688,5989400
2015-10-14,97.48999786376953,69.50224304199219,4238400
2015-10-15,98.27999877929688,70.0654296875,5763900
2015-10-16,99.69999694824219,71.07776641845703,5550800
2015-10-19,100.18000030517578,71.41999816894531,4902700
2015-10-20,100.2699966430664,71.48416900634766,3613600
2015-10-21,100.25,71.46988677978516,4332000
2015-10-22,103.08000183105469,73.48746490478516,5934800
2015-10-23,102.43000030517578,73.0240478515625,5015800
2015-10-26,102.54000091552734,73.10246276855469,3770700
2015-10-27,102.94000244140625,73.38763427734375,3995700
2015-10-28,102.73999786376953,73.24504852294922,5164800
2015-10-29,102.80000305175781,73.28785705566406,3008100
2015-10-30,102.19000244140625,72.85298919677734,5425800
2015-11-02,101.4000015258789,72.28975677490234,5007300
2015-11-03,100.91999816894531,71.94754791259766,4174900
2015-11-04,100.62000274658203,71.73365783691406,3345600
2015-11-05,100.61000061035156,71.7265625,2834100
2015-11-06,99.72000122070312,71.09207153320312,4660400
2015-11-09,98.87999725341797,70.49319458007812,3959900
2015-11-10,98.83000183105469,70.45755004882812,3367800
2015-11-11,99.43000030517578,70.88529205322266,3147300
2015-11-12,98.37000274658203,70.12962341308594,3892800
2015-11-13,98.04000091552734,69.89436340332031,4001000
2015-11-16,99.55999755859375,70.9780044555664,3446600
2015-11-17,98.83000183105469,70.45755004882812,3446500
2015-11-18,100.2699966430664,71.48416900634766,4074200
2015-11-19,100.93000030517578,71.95468139648438,3496000
2015-11-20,100.0999984741211,71.36294555664062,4800600
2015-11-23,100.8499984741211,71.89765167236328,4604000
2015-11-24,100.62999725341797,71.74079895019531,3405400
2015-11-25,100.5,71.64813232421875,2906000
2015-11-27,100.73999786376953,71.8192367553711,1463400
2015-11-30,100.16000366210938,71.4057388305664,6083300
2015-12-01,101.05999755859375,72.0473403930664,4473200
2015-12-02,99.4800033569336,71.41775512695312,4361600
2015-12-03,99.08999633789062,71.13774108886719,5661000
2015-12-04,101.05999755859375,72.55204010009766,6422700
2015-12-07,100.66999816894531,72.2720718383789,3408000
2015-12-08,100.16999816894531,71.91312408447266,3385200
2015-12-09,99.12999725341797,71.16646575927734,4195100
2015-12-10,98.9000015258789,71.00138854980469,3926600
2015-12-11,97.77999877929688,70.1972885131836,5429700
2015-12-14,97.94999694824219,70.31932830810547,6633900
2015-12-15,99.38999938964844,71.3531494140625,5554200
2015-12-16,101.08000183105469,72.56640625,4994500
2015-12-17,100.19999694824219,71.93463897705078,4303600
2015-12-18,97.9000015258789,70.283447265625,6926800
2015-12-21,98.62000274658203,70.80033874511719,3089100
2015-12-22,99.80000305175781,71.6474838256836,3882100
2015-12-23,100.63999938964844,72.25054168701172,2929600
2015-12-24,100.54000091552734,72.1787109375,1044300
2015-12-28,100.68000030517578,72.27923583984375,4017700
2015-12-29,101.44999694824219,72.83201599121094,2362200
2015-12-30,101.1500015258789,72.61668395996094,2333000
2015-12-31,99.91999816894531,71.7336196899414,3041500
2016-01-04,98.7699966430664,70.90802764892578,6689000
2016-01-05,99.44999694824219,71.39622497558594,4893800
2016-01-06,99.4800033569336,71.41775512695312,5483400
2016-01-07,97.56999969482422,70.04654693603516,5440000
2016-01-08,97.20999908447266,69.78809356689453,4853500
2016-01-11,97.44000244140625,69.95320129394531,5638000
2016-01-12,97.62000274658203,70.08246612548828,5185800
2016-01-13,96.5,69.27835845947266,5161500
2016-01-14,95.80999755859375,68.78301239013672,6592500
2016-01-15,93.93000030517578,67.43335723876953,8229400
2016-01-19,95.7699966430664,68.75428771972656,6828900
2016-01-20,93.7699966430664,67.3184814453125,7558100
2016-01-21,94.47000122070312,67.82101440429688,6076300
2016-01-22,95.8499984741211,68.8117446899414,6946600
2016-01-25,95.94000244140625,68.8763198852539,4407000
2016-01-26,96.31999969482422,69.1491470336914,3735200
2016-01-27,95.94000244140625,68.8763198852539,5795100
2016-01-28,97.44999694824219,69.96039581298828,5169900
2016-01-29,99.30000305175781,71.28852844238281,7340600
2016-02-01,99.02999877929688,71.0947036743164,3648100
2016-02-02,98.20999908447266,70.5060043334961,3809900
2016-02-03,98.72000122070312,70.87215423583984,5146000
2016-02-04,97.38999938964844,69.91732025146484,5212000
2016-02-05,97.31999969482422,69.86707305908203,5574800
2016-02-08,97.5199966430664,70.0106430053711,4729500
2016-02-09,98.27999877929688,70.5562744140625,4994200
2016-02-10,97.62000274658203,70.08246612548828,4505500
2016-02-11,96.9000015258789,69.56555938720703,5898500
2016-02-12,98.48999786376953,70.70702362060547,5110600
2016-02-16,98.5999984741211,70.78599548339844,4709700
2016-02-17,99.55000305175781,71.468017578125,4493200
2016-02-18,99.62000274658203,71.51826477050781,3729100
2016-02-19,99.58000183105469,71.48954772949219,4531300
2016-02-22,99.87000274658203,71.69775390625,4731500
2016-02-23,99.54000091552734,71.4608383178711,3721100
2016-02-24,99.68000030517578,71.56134033203125,5691200
2016-02-25,100.66999816894531,72.2720718383789,4668900
2016-02-26,98.36000061035156,70.61370086669922,6506200
2016-02-29,97.81999969482422,70.22604370117188,5955300
2016-03-01,99.08999633789062,71.13774108886719,5160200
2016-03-02,98.33000183105469,71.0965576171875,4180000
2016-03-03,99.16000366210938,71.69670867919922,4856600
2016-03-04,100.0,72.3040542602539,7067200
2016-03-07,99.25,71.7617416381836,5967100
2016-03-08,99.73999786376953,72.11605834960938,4871200
2016-03-09,100.19999694824219,72.44863891601562,5085000
2016-03-10,100.77999877929688,72.8680191040039,5502800
2016-03-11,101.30999755859375,73.25122833251953,5912400
2016-03-14,100.6500015258789,72.77399444580078,3580500
2016-03-15,101.1500015258789,73.13552856445312,3860300
2016-03-16,100.83000183105469,72.90415954589844,4176600
2016-03-17,101.87000274658203,73.65611267089844,5635800
2016-03-18,101.29000091552734,73.23675537109375,7273900
2016-03-21,101.54000091552734,73.4175033569336,4420300
2016-03-22,100.7699966430664,72.86076354980469,3457600
2016-03-23,100.80999755859375,72.8896713256836,3407900
2016-03-24,100.68000030517578,72.79566955566406,3183100
2016-03-28,100.9800033569336,73.0125961303711,3785500
2016-03-29,101.37000274658203,73.29459381103516,3356700
2016-03-30,102.69000244140625,74.24900817871094,4673600
2016-03-31,102.4800033569336,74.09716796875,5367700
2016-04-01,103.77999877929688,75.037109375,4128600
2016-04-04,103.81999969482422,75.0660629272461,4220400
2016-04-05,103.0999984741211,74.54544830322266,3589200
2016-04-06,103.91999816894531,75.13834381103516,4196800
2016-04-07,103.5999984741211,74.9070053100586,6220900
2016-04-08,105.08000183105469,75.97708129882812,6154500
2016-04-11,104.30000305175781,75.41310119628906,5354000
2016-04-12,104.91000366210938,75.85417175292969,3777200
2016-04-13,104.12000274658203,75.28294372558594,3802400
2016-04-14,103.16000366210938,74.58883666992188,5593300
2016-04-15,103.7699966430664,75.02989959716797,4553500
2016-04-18,103.72000122070312,74.9937515258789,7736900
2016-04-19,104.31999969482422,75.42755889892578,4996200
2016-04-20,102.44000244140625,74.06822967529297,4778000
2016-04-21,100.98999786376953,73.01984405517578,7145600
2016-04-22,101.9800033569336,73.73564910888672,5660200
2016-04-25,102.80000305175781,74.32852172851562,3501300
2016-04-26,102.5999984741211,74.1839370727539,3222900
2016-04-27,102.62999725341797,74.20560455322266,3730900
2016-04-28,102.97000122070312,74.45146179199219,4350200
2016-04-29,102.95999908447266,74.44422912597656,4604000
2016-05-02,103.43000030517578,74.78406524658203,3998100
2016-05-03,103.55999755859375,74.87806701660156,3945400
2016-05-04,104.0199966430664,75.21062469482422,3852600
2016-05-05,104.20999908447266,75.34803771972656,3401400
2016-05-06,104.95999908447266,75.89030456542969,3547700
2016-05-09,105.27999877929688,76.12167358398438,4432300
2016-05-10,106.56999969482422,77.05441284179688,3885500
2016-05-11,105.72000122070312,76.43983459472656,3424900
2016-05-12,106.0999984741211,76.71459197998047,3195200
2016-05-13,104.18000030517578,75.32632446289062,7811500
2016-05-16,104.12999725341797,75.29017639160156,4243200
2016-05-17,102.37000274658203,74.01763153076172,5443300
2016-05-18,100.91000366210938,72.96199798583984,6970100
2016-05-19,101.33000183105469,73.26567077636719,4722400
2016-05-20,100.0999984741211,72.37632751464844,5704000
2016-05-23,100.41999816894531,72.6076889038086,4185900
2016-05-24,101.08999633789062,73.09214782714844,3446300
2016-05-25,101.08999633789062,73.09214782714844,3223800
2016-05-26,101.9000015258789,73.67779541015625,4543100
2016-05-27,101.95999908447266,73.72120666503906,2877000
2016-05-31,101.16999816894531,73.14999389648438,6368700
2016-06-01,101.56999969482422,73.98989868164062,4741400
2016-06-02,102.0,74.30316162109375,3618200
2016-06-03,102.52999877929688,74.6892318725586,4511700
2016-06-06,102.69999694824219,74.81306457519531,2944200
2016-06-07,102.48999786376953,74.66009521484375,4078700
2016-06-08,103.18000030517578,75.1627197265625,2860800
2016-06-09,103.66000366210938,75.51240539550781,3552200
2016-06-10,103.30999755859375,75.25740814208984,3462400
2016-06-13,103.05999755859375,75.07530975341797,4368300
2016-06-14,103.2300033569336,75.19917297363281,4363600
2016-06-15,102.86000061035156,74.92961883544922,3434400
2016-06-16,103.8499984741211,75.6507797241211,3520900
2016-06-17,103.41000366210938,75.33026885986328,5577900
2016-06-20,103.37000274658203,75.3011245727539,3567000
2016-06-21,104.08000183105469,75.818359375,3214500
2016-06-22,103.73999786376953,75.5706787109375,3398900
2016-06-23,104.44000244140625,76.08059692382812,3068100
2016-06-24,101.9800033569336,74.2885513305664,8654800
2016-06-27,102.12999725341797,74.39783477783203,6381900
2016-06-28,102.13999938964844,74.40511322021484,5195100
2016-06-29,103.12000274658203,75.1190185546875,4898700
2016-06-30,105.94000244140625,77.17327880859375,7973200
2016-07-01,105.62999725341797,76.94744873046875,4115700
2016-07-05,106.41999816894531,77.52296447753906,5365200
2016-07-06,105.91999816894531,77.15870666503906,6126500
2016-07-07,107.48999786376953,78.30239868164062,9912800
2016-07-08,108.2699966430664,78.87059020996094,6052800
2016-07-11,108.91000366210938,79.33678436279297,6446600
2016-07-12,108.79000091552734,79.24942016601562,4175800
2016-07-13,109.91000366210938,80.06526947021484,5232100
2016-07-14,109.95999908447266,80.1017074584961,4834300
2016-07-15,109.66000366210938,79.8831558227539,5230600
2016-07-18,109.20999908447266,79.55534362792969,3688700
2016-07-19,109.52999877929688,79.78846740722656,3987500
2016-07-20,108.91999816894531,79.3441162109375,3021800
2016-07-21,108.58000183105469,79.09642028808594,2765400
2016-07-22,109.19000244140625,79.54077911376953,2693100
2016-07-25,109.0199966430664,79.41695404052734,3053100
2016-07-26,108.19999694824219,78.81959533691406,3386100
2016-07-27,107.4800033569336,78.2951431274414,4724200
2016-07-28,108.12999725341797,78.76860046386719,3446500
2016-07-29,108.91999816894531,79.3441162109375,3995300
2016-08-01,108.93000030517578,79.35137939453125,3880700
2016-08-02,108.72000122070312,79.19841003417969,3431600
2016-08-03,108.04000091552734,78.70304107666016,3691900
2016-08-04,108.41999816894531,78.97985076904297,3226900
2016-08-05,108.66000366210938,79.15470123291016,3189400
2016-08-08,108.13999938964844,78.77589416503906,3304200
2016-08-09,108.27999877929688,78.87788391113281,2378200
2016-08-10,108.81999969482422,79.271240234375,2189900
2016-08-11,108.4800033569336,79.0235595703125,2786800
2016-08-12,108.58999633789062,79.10371398925781,2563400
2016-08-15,108.72000122070312,79.19841003417969,2357800
2016-08-16,108.0,78.67389678955078,2677200
2016-08-17,108.47000122070312,79.01629638671875,2963900
2016-08-18,108.27999877929688,78.87788391113281,2373000
2016-08-19,108.16999816894531,78.79774475097656,2846600
2016-08-22,107.95999908447266,78.64478302001953,2304600
2016-08-23,107.87999725341797,78.58648681640625,2473000
2016-08-24,108.11000061035156,78.7540512084961,3422600
2016-08-25,107.87999725341797,78.58648681640625,2129500
2016-08-26,107.44999694824219,78.27324676513672,2868900
2016-08-29,107.98999786376953,78.66663360595703,2576400
2016-08-30,107.20999908447266,78.09844970703125,3708100
2016-08-31,106.75,78.31339263916016,3995000
2016-09-01,107.29000091552734,78.70954132080078,3799000
2016-09-02,107.87000274658203,79.13505554199219,3671200
2016-09-06,107.91999816894531,79.17171478271484,2913300
2016-09-07,107.20999908447266,78.65084838867188,3260500
2016-09-08,106.87999725341797,78.40873718261719,3491400
2016-09-09,104.05000305175781,76.3326187133789,6134500
2016-09-12,106.0199966430664,77.77783203125,4569400
2016-09-13,104.58999633789062,76.72876739501953,4597700
2016-09-14,105.05000305175781,77.06621551513672,4007800
2016-09-15,105.4800033569336,77.38169860839844,3598600
2016-09-16,105.27999877929688,77.23497009277344,4934100
2016-09-19,105.66999816894531,77.5210952758789,3439300
2016-09-20,106.30000305175781,77.98326110839844,3561700
2016-09-21,107.12999725341797,78.59213256835938,3913900
2016-09-22,107.81999969482422,79.09833526611328,3869400
2016-09-23,107.33999633789062,78.74620819091797,3235900
2016-09-26,107.02999877929688,78.51879119873047,4440400
2016-09-27,107.48999786376953,78.85624694824219,3779300
2016-09-28,107.37999725341797,78.77554321289062,5030500
2016-09-29,107.76000213623047,79.05433654785156,7249100
2016-09-30,108.7699966430664,79.79528045654297,7173300
2016-10-03,108.25,79.4137954711914,4566000
2016-10-04,107.0999984741211,78.57015228271484,5830100
2016-10-05,106.01000213623047,77.7705078125,6297000
2016-10-06,106.4000015258789,78.05662536621094,4886000
2016-10-07,105.98999786376953,77.75582885742188,4398400
2016-10-10,106.22000122070312,77.924560546875,3119300
2016-10-11,105.56999969482422,77.44770812988281,3814400
2016-10-12,106.08000183105469,77.8218765258789,3419800
2016-10-13,105.91999816894531,77.7044677734375,3582600
2016-10-14,106.83000183105469,78.37206268310547,4788600
2016-10-17,106.8499984741211,78.38671875,4104400
2016-10-18,106.94999694824219,78.4601058959961,3850000
2016-10-19,106.26000213623047,77.95389556884766,4330600
2016-10-20,105.87000274658203,77.66780090332031,3751600
2016-10-21,105.62000274658203,77.4843978881836,3615400
2016-10-24,107.30999755859375,78.72421264648438,5126000
2016-10-25,107.2300033569336,78.66551208496094,3756300
2016-10-26,107.06999969482422,78.54815673828125,3440700
2016-10-27,106.62999725341797,78.22534942626953,4205300
2016-10-28,107.06999969482422,78.54815673828125,3378900
2016-10-31,107.19999694824219,78.64349365234375,3141700
2016-11-01,106.70999908447266,78.2840347290039,4289600
2016-11-02,106.70999908447266,78.2840347290039,3679200
2016-11-03,106.62999725341797,78.22534942626953,3447700
2016-11-04,105.80999755859375,77.62377166748047,2897600
2016-11-07,106.95999908447266,78.46743774414062,5469100
2016-11-08,108.72000122070312,79.75860595703125,4671000
2016-11-09,107.25,78.68016815185547,6515800
2016-11-10,103.25,75.74573516845703,9095200
2016-11-11,103.19000244140625,75.70172119140625,5888400
2016-11-14,101.38999938964844,74.38121032714844,7248800
2016-11-15,101.8499984741211,74.71868896484375,5672300
2016-11-16,101.70999908447266,74.61598205566406,3962900
2016-11-17,101.62000274658203,74.54993438720703,4212600
2016-11-18,101.30999755859375,74.32252502441406,4919200
2016-11-21,102.26000213623047,75.01944732666016,3870800
2016-11-22,102.88999938964844,75.48162078857422,4540300
2016-11-23,101.52999877929688,74.4839096069336,4658400
2016-11-25,102.16999816894531,74.95339965820312,3644900
2016-11-28,102.79000091552734,75.40827941894531,5556900
2016-11-29,102.54000091552734,75.2248764038086,3886800
2016-11-30,100.0999984741211,73.97809600830078,8123500
2016-12-01,99.02999877929688,73.18733215332031,7123000
2016-12-02,100.5999984741211,74.34761047363281,4594600
2016-12-05,100.70999908447266,74.42891693115234,3961800
2016-12-06,101.55000305175781,75.04972839355469,4828400
2016-12-07,102.80999755859375,75.98088836669922,4873400
2016-12-08,102.1500015258789,75.49315643310547,3993900
2016-12-09,103.56999969482422,76.54256439208984,5040200
2016-12-12,104.72000122070312,77.39247131347656,4858400
2016-12-13,105.62999725341797,78.06498718261719,4508600
2016-12-14,104.47000122070312,77.20771026611328,5007500
2016-12-15,105.30000305175781,77.82111358642578,4179400
2016-12-16,105.87000274658203,78.24238586425781,7499300
2016-12-19,105.41000366210938,77.90243530273438,3683800
2016-12-20,104.9000015258789,77.52549743652344,4903400
2016-12-21,104.69999694824219,77.37767791748047,3245200
2016-12-22,105.3499984741211,77.85803985595703,2605000
2016-12-23,105.08999633789062,77.66590881347656,1769300
2016-12-27,105.12999725341797,77.6954574584961,1505000
2016-12-28,104.62000274658203,77.31857299804688,1878600
2016-12-29,104.98999786376953,77.59200286865234,2438100
2016-12-30,104.62999725341797,77.32594299316406,3484000
2017-01-03,104.6500015258789,77.34073638916016,3741200
2017-01-04,104.8499984741211,77.48854064941406,3029700
2017-01-05,104.70999908447266,77.38505554199219,5087200
2017-01-06,104.55999755859375,77.27422332763672,4109700
2017-01-09,103.45999908447266,76.46128845214844,5603500
2017-01-10,101.97000122070312,75.3600845336914,5399200
2017-01-11,101.80999755859375,75.24185943603516,4650300
2017-01-12,101.83999633789062,75.2640151977539,3126000
2017-01-13,101.55000305175781,75.04972839355469,3478600
2017-01-17,102.19000244140625,75.52269744873047,3745800
2017-01-18,102.73999786376953,75.92913818359375,4340400
2017-01-19,102.36000061035156,75.64832305908203,3923100
2017-01-20,103.23999786376953,76.29869079589844,4750800
2017-01-23,104.01000213623047,76.86774444580078,4584800
2017-01-24,104.70999908447266,77.38505554199219,4992300
2017-01-25,104.61000061035156,77.31117248535156,3566100
2017-01-26,104.13999938964844,76.96379089355469,3634600
2017-01-27,103.4800033569336,76.47605895996094,4248200
2017-01-30,103.69000244140625,76.63126373291016,3462600
2017-01-31,103.77999877929688,76.69775390625,3846600
2017-02-01,103.01000213623047,76.12869262695312,3515600
2017-02-02,104.02999877929688,76.88249206542969,3213700
2017-02-03,105.11000061035156,77.68069458007812,4287100
2017-02-06,104.56999969482422,77.2816162109375,4355200
2017-02-07,105.61000061035156,78.05021667480469,3980400
2017-02-08,105.69000244140625,78.10932922363281,3407100
2017-02-09,105.97000122070312,78.31626892089844,4012400
2017-02-10,106.0999984741211,78.412353515625,2475500
2017-02-13,106.5199966430664,78.72276306152344,3463700
2017-02-14,106.91999816894531,79.01836395263672,5665000
2017-02-15,106.7300033569336,78.8779525756836,7617200
2017-02-16,108.12000274658203,79.90520477294922,5559900
2017-02-17,108.1500015258789,79.9273910522461,5498400
2017-02-21,109.36000061035156,80.82161712646484,5370700
2017-02-22,109.41000366210938,80.85859680175781,3815300
2017-02-23,109.54000091552734,80.95463562011719,3382700
2017-02-24,109.83000183105469,81.16896057128906,3991800
2017-02-27,109.2699966430664,80.75509643554688,3475100
2017-02-28,110.37999725341797,81.575439453125,4684700
2017-03-01,109.7300033569336,81.6520767211914,4750700
2017-03-02,110.11000061035156,81.93482208251953,3880800
2017-03-03,110.55999755859375,82.26972198486328,4111300
2017-03-06,109.62999725341797,81.57768249511719,4491000
2017-03-07,109.31999969482422,81.34701538085938,4361100
2017-03-08,109.30000305175781,81.3321304321289,5244500
2017-03-09,109.0199966430664,81.12377166748047,4066900
2017-03-10,109.58999633789062,81.54792022705078,3488900
2017-03-13,109.41000366210938,81.41399383544922,3131200
2017-03-14,109.33999633789062,81.36186218261719,3630000
2017-03-15,111.11000061035156,82.67897033691406,4973400
2017-03-16,111.13999938964844,82.7013168334961,4580700
2017-03-17,111.38999938964844,82.8873291015625,6444400
2017-03-20,111.1500015258789,82.70872497558594,3382100
2017-03-21,111.7699966430664,83.17008209228516,5587700
2017-03-22,112.0199966430664,83.35611724853516,3882200
2017-03-23,111.77999877929688,83.17752075195312,3208400
2017-03-24,112.12000274658203,83.43054962158203,3913200
2017-03-27,111.83000183105469,83.21473693847656,3514600
2017-03-28,112.44999694824219,83.67608642578125,3945400
2017-03-29,112.43000030517578,83.66119384765625,2683700
2017-03-30,112.18000030517578,83.47515106201172,2104900
2017-03-31,111.86000061035156,83.23705291748047,3744400
2017-04-03,111.86000061035156,83.23705291748047,3587100
2017-04-04,112.08000183105469,83.40077209472656,2360700
2017-04-05,111.94000244140625,83.29657745361328,2992000
2017-04-06,111.58000183105469,83.0287094116211,2740600
2017-04-07,111.61000061035156,83.05104064941406,2799600
2017-04-10,112.0199966430664,83.35611724853516,2873200
2017-04-11,111.7300033569336,83.14031982421875,3031500
2017-04-12,113.61000061035156,84.53924560546875,6260300
2017-04-13,112.68000030517578,83.84723663330078,3257300
2017-04-17,113.31999969482422,84.32345581054688,2917700
2017-04-18,114.27999877929688,85.03781127929688,4574200
2017-04-19,113.62000274658203,84.54669952392578,3044700
2017-04-20,113.58999633789062,84.52438354492188,2973000
2017-04-21,113.43000030517578,84.40532684326172,3885300
2017-04-24,114.31999969482422,85.06759643554688,3221500
2017-04-25,114.16000366210938,84.94856262207031,3643600
2017-04-26,113.33000183105469,84.33091735839844,5343900
2017-04-27,112.63999938964844,83.8174819946289,4096200
2017-04-28,113.27999877929688,84.293701171875,4872000
2017-05-01,112.27999877929688,83.54960632324219,4074300
2017-05-02,112.29000091552734,83.55702209472656,3082400
2017-05-03,111.79000091552734,83.18496704101562,3342600
2017-05-04,112.95999908447266,84.05557250976562,3488800
2017-05-05,113.22000122070312,84.24906158447266,3046100
2017-05-08,113.22000122070312,84.24906158447266,3097200
2017-05-09,112.72000122070312,83.87699127197266,2708200
2017-05-10,112.83999633789062,83.96630859375,2160100
2017-05-11,113.04000091552734,84.1151123046875,2277200
2017-05-12,112.91000366210938,84.01840209960938,2383500
2017-05-15,113.94000244140625,84.78483581542969,3500300
2017-05-16,113.79000091552734,84.67321014404297,2444300
2017-05-17,113.73999786376953,84.6360092163086,2999300
2017-05-18,114.02999877929688,84.85179138183594,3439500
2017-05-19,113.69000244140625,84.59879302978516,5750100
2017-05-22,114.69999694824219,85.35034942626953,3324000
2017-05-23,115.05000305175781,85.61077880859375,3261300
2017-05-24,116.05999755859375,86.36235046386719,2816000
2017-05-25,117.52999877929688,87.45621490478516,3596200
2017-05-26,117.91000366210938,87.7389907836914,3104800
2017-05-30,118.01000213623047,87.81339263916016,3231600
2017-05-31,116.87000274658203,87.56240844726562,5232900
2017-06-01,117.2300033569336,87.83211517333984,4404900
2017-06-02,117.66999816894531,88.16177368164062,3162900
2017-06-05,117.87999725341797,88.31912231445312,2968800
2017-06-06,117.69999694824219,88.18423461914062,2643200
2017-06-07,117.05000305175781,87.69725036621094,3681100
2017-06-08,115.88999938964844,86.8281478881836,3956700
2017-06-09,115.94000244140625,86.86561584472656,3197700
2017-06-12,116.2300033569336,87.08287811279297,3492100
2017-06-13,116.31999969482422,87.15032196044922,2760000
2017-06-14,117.37000274658203,87.93700408935547,3597200
2017-06-15,117.20999908447266,87.81712341308594,3372700
2017-06-16,116.86000061035156,87.5549087524414,5156200
2017-06-19,117.29000091552734,87.87705993652344,2436600
2017-06-20,117.94999694824219,88.37156677246094,3703500
2017-06-21,117.41999816894531,87.9744873046875,3767100
2017-06-22,116.1500015258789,87.02294158935547,3288100
2017-06-23,116.95999908447266,87.62981414794922,3453400
2017-06-26,117.12000274658203,87.74968719482422,2704000
2017-06-27,115.94000244140625,86.86561584472656,2884300
2017-06-28,116.37999725341797,87.19528198242188,3110600
2017-06-29,115.18000030517578,86.29620361328125,3474400
2017-06-30,115.48999786376953,86.52847290039062,3313300
2017-07-03,115.44000244140625,86.4909896850586,2250800
2017-07-05,115.30000305175781,86.38610076904297,4023100
2017-07-06,115.12999725341797,86.25873565673828,4007000
2017-07-07,115.51000213623047,86.54342651367188,3972500
2017-07-10,114.2699966430664,85.6144027709961,5771200
2017-07-11,113.73999786376953,85.21730041503906,6368500
2017-07-12,114.7699966430664,85.989013671875,3885200
2017-07-13,114.0199966430664,85.42707824707031,3089400
2017-07-14,114.93000030517578,86.10889434814453,2956400
2017-07-17,114.93000030517578,86.10889434814453,2481300
2017-07-18,115.01000213623047,86.16881561279297,2694800
2017-07-19,115.33999633789062,86.41606140136719,2578200
2017-07-20,115.51000213623047,86.54342651367188,3518100
2017-07-21,116.62999725341797,87.38258361816406,3476400
2017-07-24,116.12999725341797,87.0079574584961,3681300
2017-07-25,116.44999694824219,87.24771881103516,3075100
2017-07-26,117.19000244140625,87.8021469116211,3305600
2017-07-27,117.33999633789062,87.91453552246094,2954800
2017-07-28,116.61000061035156,87.36758422851562,3276300
2017-07-31,116.61000061035156,87.36758422851562,3098600
2017-08-01,115.91999816894531,86.85062408447266,2946100
2017-08-02,115.61000061035156,86.61837005615234,2626400
2017-08-03,116.30000305175781,87.13533020019531,2986200
2017-08-04,116.37000274658203,87.1877670288086,2955200
2017-08-07,116.95999908447266,87.62981414794922,2569600
2017-08-08,116.70999908447266,87.4425277709961,2412600
2017-08-09,116.62999725341797,87.38258361816406,2513800
2017-08-10,116.37999725341797,87.19528198242188,2236000
2017-08-11,116.51000213623047,87.29267120361328,2759700
2017-08-14,117.83999633789062,88.28913116455078,3191700
2017-08-15,118.97000122070312,89.13578033447266,2749800
2017-08-16,119.0999984741211,89.23320007324219,2373900
2017-08-17,118.38999938964844,88.70121765136719,3096900
2017-08-18,117.5999984741211,88.10932922363281,3776500
2017-08-21,118.26000213623047,88.60383605957031,2119500
2017-08-22,117.91999816894531,88.34906768798828,2313700
2017-08-23,117.29000091552734,87.87705993652344,2616300
2017-08-24,116.22000122070312,87.07540130615234,4760000
2017-08-25,115.8499984741211,86.79817199707031,3442500
2017-08-28,115.54000091552734,86.5658950805664,2932700
2017-08-29,115.83999633789062,86.79071044921875,2348700
2017-08-30,115.1500015258789,86.87745666503906,2491800
2017-08-31,115.7300033569336,87.3150405883789,4709500
2017-09-01,115.83999633789062,87.3980484008789,2591900
2017-09-05,115.87000274658203,87.42068481445312,2711400
2017-09-06,116.3499984741211,87.78282165527344,2617500
2017-09-07,116.98999786376953,88.26569366455078,2623800
2017-09-08,115.04000091552734,86.79443359375,4818300
2017-09-11,115.69000244140625,87.28485870361328,3247900
2017-09-12,115.0,86.76429748535156,2998500
2017-09-13,114.44999694824219,86.34930419921875,5141500
2017-09-14,114.19000244140625,86.15313720703125,3456900
2017-09-15,114.8499984741211,86.6511001586914,5543000
2017-09-18,114.98999786376953,86.75674438476562,2441200
2017-09-19,114.48999786376953,86.37952423095703,2568300
2017-09-20,113.58000183105469,85.69294738769531,4059800
2017-09-21,112.80000305175781,85.10444641113281,3630900
2017-09-22,111.8499984741211,84.38768768310547,3746300
2017-09-25,111.94000244140625,84.4555892944336,3885000
2017-09-26,111.80999755859375,84.35750579833984,2953800
2017-09-27,111.0999984741211,83.82184600830078,4016200
2017-09-28,111.63999938964844,84.22925567626953,11581100
2017-09-29,111.43000030517578,84.07081604003906,5122300
2017-10-02,109.12000274658203,82.32798767089844,8306400
2017-10-03,109.12999725341797,82.33551788330078,6064400
2017-10-04,109.33999633789062,82.49396514892578,9092400
2017-10-05,110.44999694824219,83.3314437866211,5670400
2017-10-06,110.4000015258789,83.29371643066406,3240300
2017-10-09,110.01000213623047,82.9994888305664,1977800
2017-10-10,110.77999877929688,83.58041381835938,3032300
2017-10-11,111.51000213623047,84.13117980957031,4051100
2017-10-12,112.44999694824219,84.84036254882812,3287200
2017-10-13,112.62000274658203,84.96864318847656,3090500
2017-10-16,113.56999969482422,85.6854019165039,2675900
2017-10-17,112.19000244140625,84.64421081542969,3825200
2017-10-18,111.94999694824219,84.46314239501953,2590500
2017-10-19,112.66999816894531,85.00635528564453,2673700
2017-10-20,111.61000061035156,84.20661163330078,3772300
2017-10-23,111.69000244140625,84.2669906616211,2263200
2017-10-24,110.75,83.55776977539062,3351100
2017-10-25,110.06999969482422,83.04473114013672,3836900
2017-10-26,110.7300033569336,83.5427017211914,2865000
2017-10-27,110.5999984741211,83.44461059570312,3343200
2017-10-30,109.6500015258789,82.72784423828125,2206100
2017-10-31,110.2300033569336,83.16545867919922,4379400
2017-11-01,110.12999725341797,83.09000396728516,2822400
2017-11-02,110.05000305175781,83.0296401977539,2169800
2017-11-03,110.22000122070312,83.15790557861328,1725700
2017-11-06,109.26000213623047,82.43360900878906,3331800
2017-11-07,110.47000122070312,83.34651184082031,3882000
2017-11-08,112.0,84.50086212158203,3685300
2017-11-09,111.4800033569336,84.1085433959961,2856900
2017-11-10,112.75,85.06673431396484,3699500
2017-11-13,114.04000091552734,86.04000091552734,3194500
2017-11-14,115.76000213623047,87.33769989013672,4998900
2017-11-15,115.0999984741211,86.83973693847656,3861500
2017-11-16,115.2300033569336,86.93778991699219,3058100
2017-11-17,114.68000030517578,86.52286529541016,2646400
2017-11-20,114.91000366210938,86.69638061523438,3594300
2017-11-21,116.05000305175781,87.55648040771484,3179300
2017-11-22,115.08000183105469,86.82463073730469,3598500
2017-11-24,115.9000015258789,87.44329833984375,1183000
2017-11-27,115.8499984741211,87.40555572509766,2818900
2017-11-28,116.7699966430664,88.09969329833984,3600400
2017-11-29,116.83999633789062,88.15250396728516,3276300
2017-11-30,116.5199966430664,88.52096557617188,5984000
2017-12-01,116.77999877929688,88.718505859375,4956600
2017-12-04,117.45999908447266,89.2350845336914,4403000
2017-12-05,117.58999633789062,89.3338394165039,3198600
2017-12-06,118.9000015258789,90.32905578613281,3203500
2017-12-07,116.7300033569336,88.6805191040039,5409500
2017-12-08,116.56999969482422,88.5589828491211,3127500
2017-12-11,117.38999938964844,89.18191528320312,2429400
2017-12-12,117.4000015258789,89.18950653076172,2664600
2017-12-13,117.80000305175781,89.49340057373047,3193900
2017-12-14,118.0199966430664,89.6605453491211,4057800
2017-12-15,119.22000122070312,90.57217407226562,7173500
2017-12-18,118.05000305175781,89.68333435058594,3472700
2017-12-19,118.61000061035156,90.10874938964844,3942500
2017-12-20,119.0199966430664,90.42021179199219,4273400
2017-12-21,118.26000213623047,89.84286499023438,2790000
2017-12-22,118.5999984741211,90.10115814208984,2045600
2017-12-26,118.88999938964844,90.32144927978516,2156300
2017-12-27,119.30000305175781,90.63296508789062,2465100
2017-12-28,119.3499984741211,90.67092895507812,1999300
2017-12-29,119.91999816894531,91.10396575927734,3116400
2018-01-02,118.05999755859375,89.69091796875,4165800
2018-01-03,117.75,89.45539093017578,4224000
2018-01-04,118.33000183105469,89.89603424072266,3147000
2018-01-05,118.66999816894531,90.15432739257812,2714200
2018-01-08,117.98999786376953,89.63774108886719,5730400
2018-01-09,118.08000183105469,89.70609283447266,4573600
2018-01-10,117.4800033569336,89.25029754638672,3363900
2018-01-11,116.87999725341797,88.79446411132812,3685200
2018-01-12,117.37999725341797,89.17430877685547,4335500
2018-01-16,117.86000061035156,89.53897094726562,4936500
2018-01-17,119.18000030517578,90.54180145263672,4554600
2018-01-18,119.05000305175781,90.44302368164062,6221800
2018-01-19,120.16999816894531,91.29389190673828,6002600
2018-01-22,121.51000213623047,92.31192016601562,4308600
2018-01-23,121.30000305175781,92.15235137939453,3536900
2018-01-24,121.13999938964844,92.03079986572266,3445200
2018-01-25,120.9000015258789,91.84846496582031,2712900
2018-01-26,121.76000213623047,92.50183868408203,3993900
2018-01-29,119.66999816894531,90.9140396118164,3854700
2018-01-30,119.88999938964844,91.08119201660156,4945200
2018-01-31,120.30000305175781,91.39265441894531,4018100
2018-02-01,120.30000305175781,91.39265441894531,3485600
2018-02-02,118.66999816894531,90.15432739257812,3348900
2018-02-05,114.45999908447266,86.95599365234375,5347600
2018-02-06,113.55999755859375,86.27222442626953,6642600
2018-02-07,113.5,86.22665405273438,4931400
2018-02-08,110.1500015258789,83.68163299560547,4907900
2018-02-09,111.18000030517578,84.4641342163086,5301700
2018-02-12,111.93000030517578,85.03392791748047,4759200
2018-02-13,112.13999938964844,85.19345092773438,5274700
2018-02-14,109.11000061035156,82.89154052734375,7702700
2018-02-15,110.97000122070312,84.30459594726562,5125200
2018-02-16,111.05999755859375,84.37296295166016,5578500
2018-02-20,109.4800033569336,83.17263793945312,3835500
2018-02-21,108.0,82.04826354980469,4501900
2018-02-22,109.26000213623047,83.0054931640625,5394700
2018-02-23,109.68000030517578,83.32459259033203,4760400
2018-02-26,110.94000244140625,84.28180694580078,5355400
2018-02-27,110.88999938964844,84.24381256103516,6385800
2018-02-28,109.7300033569336,83.36255645751953,4638900
2018-03-01,108.12000274658203,82.74646759033203,6896300
2018-03-02,109.04000091552734,83.45057678222656,4903600
2018-03-05,109.43000030517578,83.74903869628906,3781700
2018-03-06,109.58000183105469,83.86384582519531,3380800
2018-03-07,109.83999633789062,84.06282806396484,4612600
2018-03-08,112.08000183105469,85.77715301513672,5437700
2018-03-09,112.54000091552734,86.12920379638672,3680600
2018-03-12,112.75,86.28990173339844,4509600
2018-03-13,113.5999984741211,86.9404296875,4590000
2018-03-14,112.61000061035156,86.1827621459961,4055700
2018-03-15,111.98999786376953,85.70826721191406,3906800
2018-03-16,111.63999938964844,85.44039154052734,7730800
2018-03-19,110.36000061035156,84.46078491210938,4216700
2018-03-20,109.9000015258789,84.10874938964844,3319000
2018-03-21,108.73999786376953,83.22097778320312,3867600
2018-03-22,107.94000244140625,82.60871124267578,4325500
2018-03-23,106.1500015258789,81.23880767822266,4873300
2018-03-26,106.80999755859375,81.7439193725586,4119400
2018-03-27,107.63999938964844,82.37911987304688,5036300
2018-03-28,109.18000030517578,83.55773162841797,6413000
2018-03-29,109.1500015258789,83.53475952148438,3829500
2018-04-02,107.05000305175781,81.92758178710938,4325500
2018-04-03,108.19000244140625,82.80005645751953,4699000
2018-04-04,110.18000030517578,84.32304382324219,4694200
2018-04-05,110.56999969482422,84.62153625488281,3275700
2018-04-06,109.30000305175781,83.6495590209961,3579100
2018-04-09,109.37999725341797,83.7107925415039,2620000
2018-04-10,109.4000015258789,83.72607421875,2817000
2018-04-11,108.68000030517578,83.17505645751953,4000200
2018-04-12,108.30999755859375,82.89188385009766,2691700
2018-04-13,109.26000213623047,83.61894989013672,2828300
2018-04-16,109.91999816894531,84.12407684326172,2769800
2018-04-17,108.87000274658203,83.32046508789062,5022000
2018-04-18,106.9800033569336,81.8740234375,6525500
2018-04-19,105.56999969482422,80.79488372802734,6320200
2018-04-20,102.4800033569336,78.43006896972656,8650000
2018-04-23,102.58000183105469,78.5066146850586,6670600
2018-04-24,101.44000244140625,77.6341552734375,5695500
2018-04-25,101.1500015258789,77.41218566894531,4828300
2018-04-26,103.26000213623047,79.02702331542969,5978800
2018-04-27,101.70999908447266,77.84078216552734,4765900
2018-04-30,100.94000244140625,77.25148010253906,5479900
2018-05-01,99.12999725341797,75.86624145507812,4543900
2018-05-02,97.2300033569336,74.4121322631836,5927700
2018-05-03,97.5999984741211,74.6953125,6668200
2018-05-04,98.98999786376953,75.75909423828125,5937000
2018-05-07,98.2300033569336,75.1774673461914,3475400
2018-05-08,96.79000091552734,74.07540893554688,5333700
2018-05-09,96.16000366210938,73.59324645996094,6201500
2018-05-10,97.2699966430664,74.44275665283203,3100600
2018-05-11,97.43000030517578,74.56521606445312,3507300
2018-05-14,97.1500015258789,74.35090637207031,4307900
2018-05-15,96.80000305175781,74.08304595947266,6555700
2018-05-16,97.19000244140625,74.38153839111328,5544700
2018-05-17,97.91999816894531,74.94021606445312,6531100
2018-05-18,97.51000213623047,74.62642669677734,6894000
2018-05-21,99.51000213623047,76.15704345703125,6678100
2018-05-22,99.93000030517578,76.47850799560547,6807600
2018-05-23,100.44999694824219,76.87645721435547,6249900
2018-05-24,100.18000030517578,76.66983795166016,4696700
2018-05-25,100.30999755859375,76.76932525634766,5324300
2018-05-29,101.0999984741211,77.3739013671875,8302600
2018-05-30,101.83000183105469,77.93262481689453,6256600
2018-05-31,100.25,77.42904663085938,8270100
2018-06-01,100.25,77.42904663085938,4414200
2018-06-04,100.12000274658203,77.32860565185547,3932000
2018-06-05,100.20999908447266,77.39814758300781,4851900
2018-06-06,100.83000183105469,77.87701416015625,3946700
2018-06-07,101.16000366210938,78.13188934326172,5052900
2018-06-08,102.48999786376953,79.15911865234375,4795500
2018-06-11,103.20999908447266,79.71521759033203,3984500
2018-06-12,104.4800033569336,80.69610595703125,5075900
2018-06-13,105.2699966430664,81.30628967285156,7553500
2018-06-14,105.12999725341797,81.19815063476562,4812600
2018-06-15,107.61000061035156,83.11358642578125,10573000
2018-06-18,105.37999725341797,81.39125061035156,5964400
2018-06-19,105.95999908447266,81.8392105102539,5504400
2018-06-20,105.80999755859375,81.72334289550781,4601400
2018-06-21,107.23999786376953,82.82781219482422,6550700
2018-06-22,108.37000274658203,83.70060729980469,5709400
2018-06-25,108.98999786376953,84.17945098876953,5183000
2018-06-26,108.05000305175781,83.45343780517578,5034100
2018-06-27,108.2699966430664,83.62335968017578,6229200
2018-06-28,108.68000030517578,83.94001770019531,4297400
2018-06-29,108.87000274658203,84.08679962158203,4721400
2018-07-02,109.52999877929688,84.59652709960938,4711900
2018-07-03,108.80000305175781,84.03270721435547,3769100
2018-07-05,109.55000305175781,84.61198425292969,4870400
2018-07-06,109.55999755859375,84.6197280883789,4387300
2018-07-09,107.76000213623047,83.22944641113281,7866400
2018-07-10,112.88999938964844,87.19166564941406,16107200
2018-07-11,112.54000091552734,86.92133331298828,5521400
2018-07-12,111.52999877929688,86.1412353515625,5500100
2018-07-13,112.69000244140625,87.03718566894531,4417100
2018-07-16,112.95999908447266,87.24574279785156,5413600
2018-07-17,114.87999725341797,88.72865295410156,6783800
2018-07-18,114.83000183105469,88.69005584716797,5379000
2018-07-19,115.7699966430664,89.41604614257812,9241300
2018-07-20,116.01000213623047,89.60144805908203,27559700
2018-07-23,114.38999938964844,88.35021209716797,7769300
2018-07-24,114.73999786376953,88.62053680419922,5095100
2018-07-25,115.20999908447266,88.98355102539062,4762300
2018-07-26,115.0,88.82133483886719,5096300
2018-07-27,114.27999877929688,88.2652359008789,4563700
2018-07-30,114.18000030517578,88.1880111694336,3621800
2018-07-31,115.0,88.82133483886719,4892100
2018-08-01,113.61000061035156,87.7477798461914,4169000
2018-08-02,114.69000244140625,88.58189392089844,4167200
2018-08-03,116.30000305175781,89.82540893554688,3934500
2018-08-06,117.37999725341797,90.65956115722656,6704800
2018-08-07,114.22000122070312,88.2188949584961,6919600
2018-08-08,113.48999786376953,87.65508270263672,5172900
2018-08-09,113.69999694824219,87.81724548339844,4115400
2018-08-10,112.87000274658203,87.17621612548828,3711900
2018-08-13,113.0199966430664,87.29205322265625,3170100
2018-08-14,113.0999984741211,87.35384368896484,3836700
2018-08-15,113.44999694824219,87.62418365478516,6513300
2018-08-16,114.25,88.24208068847656,4504600
2018-08-17,114.95999908447266,88.79045867919922,3391600
2018-08-20,114.83999633789062,88.69776153564453,3676000
2018-08-21,113.72000122070312,87.83271789550781,4667700
2018-08-22,112.23999786376953,86.68962860107422,3860900
2018-08-23,111.93000030517578,86.45018768310547,4508800
2018-08-24,112.1500015258789,86.62013244628906,3677700
2018-08-27,112.41000366210938,86.8209228515625,3155700
2018-08-28,111.16999816894531,85.86320495605469,5229400
2018-08-29,112.05000305175781,86.54288482666016,2403200
2018-08-30,111.95999908447266,86.4733657836914,2119100
2018-08-31,112.01000213623047,86.5119857788086,4248800
2018-09-04,111.0,85.73190307617188,4576300
2018-09-05,113.12000274658203,87.36930847167969,4392100
2018-09-06,113.5,88.38789367675781,4808300
2018-09-07,112.73999786376953,87.79605865478516,3833800
2018-09-10,113.56999969482422,88.44243621826172,3289700
2018-09-11,113.33000183105469,88.25553131103516,2807300
2018-09-12,113.8499984741211,88.66046905517578,3651400
2018-09-13,114.98999786376953,89.54826354980469,3808100
2018-09-14,114.56999969482422,89.2211685180664,2698300
2018-09-17,115.4000015258789,89.8675308227539,3092600
2018-09-18,113.9800033569336,88.76171875,4081200
2018-09-19,113.7699966430664,88.5981674194336,2844900
2018-09-20,115.22000122070312,89.72735595703125,3375900
2018-09-21,114.91000366210938,89.48592376708984,6989500
2018-09-24,112.2699966430664,87.4300537109375,3387400
2018-09-25,111.97000122070312,87.19640350341797,3538700
2018-09-26,111.5,86.83040618896484,4053500
2018-09-27,111.05000305175781,86.47998809814453,3841500
2018-09-28,111.80000305175781,87.06401824951172,5945300
2018-10-01,110.70999908447266,86.21520233154297,5064700
2018-10-02,108.72000122070312,84.66548919677734,6702200
2018-10-03,107.5199966430664,83.7309799194336,6107500
2018-10-04,106.61000061035156,83.0223388671875,4930300
2018-10-05,106.48999786376953,82.92890167236328,3438100
2018-10-08,108.19000244140625,84.25276184082031,3994100
2018-10-09,108.12000274658203,84.1982421875,4105600
2018-10-10,107.33999633789062,83.59081268310547,5796200
2018-10-11,105.05999755859375,81.81527709960938,5755100
2018-10-12,105.27999877929688,81.98658752441406,4543000
2018-10-15,105.62999725341797,82.2591552734375,3805700
2018-10-16,107.38999938964844,83.62975311279297,4061600
2018-10-17,108.30999755859375,84.3462142944336,4495900
2018-10-18,107.93000030517578,84.05028533935547,4093700
2018-10-19,110.29000091552734,85.88813018798828,5109000
2018-10-22,109.4000015258789,85.19503784179688,5477700
2018-10-23,110.12999725341797,85.76351165771484,4484100
2018-10-24,112.95999908447266,87.96736907958984,8222900
2018-10-25,112.8499984741211,87.8817138671875,6712900
2018-10-26,110.44999694824219,86.01272583007812,5872800
2018-10-29,112.88999938964844,87.91287994384766,5706000
2018-10-30,113.7699966430664,88.5981674194336,4900400
2018-10-31,112.37999725341797,87.5157241821289,6449500
2018-11-01,111.51000213623047,86.83817291259766,5736700
2018-11-02,111.16999816894531,86.57342529296875,6705700
2018-11-05,114.38999938964844,89.08100128173828,5270400
2018-11-06,115.20999908447266,89.71958923339844,3913400
2018-11-07,115.61000061035156,90.03105926513672,4219600
2018-11-08,116.05999755859375,90.38150024414062,2925100
2018-11-09,117.4800033569336,91.48731994628906,5026300
2018-11-12,116.97000122070312,91.09015655517578,4781900
2018-11-13,117.13999938964844,91.22254943847656,3609900
2018-11-14,116.6500015258789,90.84098052978516,4423800
2018-11-15,116.80000305175781,90.95777893066406,4045700
2018-11-16,118.3499984741211,92.1648178100586,4484300
2018-11-19,119.01000213623047,92.67882537841797,4673900
2018-11-20,116.0,90.33478546142578,5087800
2018-11-21,115.27999877929688,89.77408599853516,3245000
2018-11-23,115.41000366210938,89.87533569335938,1444700
2018-11-26,115.86000061035156,90.22574615478516,2972500
2018-11-27,116.44000244140625,90.67743682861328,2884700
2018-11-28,118.5,92.28164672851562,3989400
2018-11-29,118.2699966430664,92.1025390625,2878700
2018-11-30,121.94000244140625,94.96055603027344,8051100
2018-12-03,118.9800033569336,92.65544128417969,6112600
2018-12-04,117.80000305175781,91.73651885986328,7018200
2018-12-06,116.83999633789062,91.7114028930664,5191700
2018-12-07,115.81999969482422,90.9107894897461,4615500
2018-12-10,116.19000244140625,91.20120239257812,4150600
2018-12-11,117.29000091552734,92.06462097167969,5545100
2018-12-12,117.0,91.83699798583984,4889700
2018-12-13,118.3499984741211,92.89663696289062,6181200
2018-12-14,113.94999694824219,89.44294738769531,7404200
2018-12-17,112.87000274658203,88.59523010253906,6015300
2018-12-18,111.83999633789062,87.78675842285156,5846200
2018-12-19,110.04000091552734,86.37387084960938,6915400
2018-12-20,110.20999908447266,86.50730895996094,8468300
2018-12-21,109.41999816894531,85.88720703125,13263600
2018-12-24,106.02999877929688,83.22628784179688,3354000
2018-12-26,108.33000183105469,85.03166198730469,4537000
2018-12-27,109.41999816894531,85.88720703125,5175900
2018-12-28,110.36000061035156,86.62505340576172,5410300
2018-12-31,110.4800033569336,86.71923828125,5019100
2019-01-02,109.27999877929688,85.77730560302734,4835400
2019-01-03,108.26000213623047,84.97669982910156,5975900
2019-01-04,110.4800033569336,86.71923828125,6293900
2019-01-07,109.52999877929688,85.97354125976562,5220300
2019-01-08,110.58000183105469,86.79773712158203,6407700
2019-01-09,107.48999786376953,84.3722915649414,8521300
2019-01-10,108.1500015258789,84.89033508300781,7905000
2019-01-11,108.16000366210938,84.89820861816406,5939000
2019-01-14,107.31999969482422,84.23886108398438,5804600
2019-01-15,108.98999786376953,85.5496826171875,4508000
2019-01-16,108.33999633789062,85.03948211669922,4953500
2019-01-17,109.22000122070312,85.73023223876953,4612200
2019-01-18,110.06999969482422,86.39741516113281,5142700
2019-01-22,109.91000366210938,86.2718276977539,5298200
2019-01-23,110.7300033569336,86.91548156738281,5197400
2019-01-24,109.5,85.94998931884766,4478000
2019-01-25,109.3499984741211,85.832275390625,5074800
2019-01-28,108.81999969482422,85.416259765625,4055900
2019-01-29,109.0,85.55753326416016,4301500
2019-01-30,110.81999969482422,86.98612976074219,5023800
2019-01-31,112.66999816894531,88.43824768066406,6183400
2019-02-01,112.19000244140625,88.06146240234375,5010500
2019-02-04,113.08999633789062,88.76791381835938,3665000
2019-02-05,112.9000015258789,88.6187744140625,4593400
2019-02-06,113.05000305175781,88.73652648925781,4209400
2019-02-07,113.08999633789062,88.76791381835938,4227700
2019-02-08,113.0199966430664,88.71297454833984,3868300
2019-02-11,112.97000122070312,88.67371368408203,4851100
2019-02-12,113.79000091552734,89.31734466552734,6765300
2019-02-13,114.12000274658203,89.57637786865234,5528000
2019-02-14,112.58999633789062,88.37544250488281,6359200
2019-02-15,115.91000366210938,90.98143768310547,8889500
2019-02-19,115.93000030517578,90.99713134765625,5596100
2019-02-20,115.83000183105469,90.91862487792969,6038900
2019-02-21,116.0999984741211,91.13056182861328,4825900
2019-02-22,116.76000213623047,91.64860534667969,4865400
2019-02-25,116.05999755859375,91.09915161132812,3755900
2019-02-26,115.97000122070312,91.02850341796875,4074600
2019-02-27,115.37000274658203,90.55754852294922,4175100
2019-02-28,115.63999938964844,91.50552368164062,5586300
2019-03-01,116.18000030517578,91.93284606933594,3629100
2019-03-04,116.16999816894531,91.9249267578125,4383100
2019-03-05,116.02999877929688,91.81414031982422,3785400
2019-03-06,116.66000366210938,92.3126449584961,4770700
2019-03-07,116.0999984741211,91.86951446533203,4858300
2019-03-08,115.2300033569336,91.18109893798828,5003300
2019-03-11,116.58999633789062,92.25727081298828,4821600
2019-03-12,116.56999969482422,92.24142456054688,4356400
2019-03-13,116.58000183105469,92.24933624267578,5968600
2019-03-14,115.5,91.39476013183594,8986600
2019-03-15,115.66000366210938,91.52136993408203,18194200
2019-03-18,117.2699966430664,92.79534912109375,9476000
2019-03-19,118.08999633789062,93.44422912597656,6751700
2019-03-20,118.31999969482422,93.6261978149414,5733500
2019-03-21,119.44000244140625,94.51248168945312,4305600
2019-03-22,120.72000122070312,95.52532196044922,6668100
2019-03-25,120.8499984741211,95.62818145751953,4275400
2019-03-26,122.0199966430664,96.55399322509766,4583000
2019-03-27,121.88999938964844,96.4511489868164,5318500
2019-03-28,121.83999633789062,96.41156005859375,3694700
2019-03-29,122.55000305175781,96.97340393066406,5758800
2019-04-01,122.0,96.5381851196289,5025700
2019-04-02,121.68000030517578,96.28495788574219,3242600
2019-04-03,121.55999755859375,96.19001007080078,4534400
2019-04-04,121.47000122070312,96.11878967285156,3022500
2019-04-05,121.62000274658203,96.23747253417969,3971500
2019-04-08,122.0,96.5381851196289,3140100
2019-04-09,122.16999816894531,96.67269134521484,3864400
2019-04-10,122.04000091552734,96.56982421875,2681100
2019-04-11,121.66999816894531,96.27704620361328,3399700
2019-04-12,122.2300033569336,96.72016906738281,3501100
2019-04-15,123.66000366210938,97.85173034667969,4419800
2019-04-16,122.41000366210938,96.86261749267578,5263700
2019-04-17,127.01000213623047,100.50259399414062,7318200
2019-04-18,127.08999633789062,100.56588745117188,6331200
2019-04-22,126.44000244140625,100.0515365600586,3707000
2019-04-23,127.08999633789062,100.56588745117188,4464100
2019-04-24,126.91999816894531,100.43134307861328,3517200
2019-04-25,126.12999725341797,99.80622863769531,4433700
2019-04-26,126.4000015258789,100.01986694335938,3033800
2019-04-29,126.69000244140625,100.24935913085938,2793400
2019-04-30,128.0500030517578,101.32552337646484,4963600
2019-05-01,127.23999786376953,100.6845703125,3810800
2019-05-02,126.83000183105469,100.36016082763672,2875900
2019-05-03,127.66999816894531,101.02484130859375,2854900
2019-05-06,127.2699966430664,100.70831298828125,2883900
2019-05-07,125.9800033569336,99.68754577636719,3558900
2019-05-08,126.0199966430664,99.71918487548828,3844700
2019-05-09,126.05000305175781,99.742919921875,3127200
2019-05-10,128.00999450683594,101.29386138916016,3720400
2019-05-13,127.16000366210938,100.62129211425781,4297200
2019-05-14,127.41000366210938,100.81908416748047,5150300
2019-05-15,129.35000610351562,102.35421752929688,3751900
2019-05-16,130.27000427246094,103.08219909667969,4812900
2019-05-17,130.50999450683594,103.27210998535156,4011700
2019-05-20,129.99000549316406,102.86065673828125,3965600
2019-05-21,129.0500030517578,102.1168212890625,4080800
2019-05-22,130.07000732421875,102.92394256591797,3588000
2019-05-23,129.97000122070312,102.84481811523438,3901400
2019-05-24,129.5,102.47290802001953,2702700
2019-05-28,127.62999725341797,100.99317932128906,8806000
2019-05-29,128.1699981689453,101.42047882080078,5502700
2019-05-30,128.61000061035156,101.76864624023438,2710300
2019-05-31,128.0,101.28596496582031,4191200
2019-06-03,128.97999572753906,102.0614242553711,3588700
2019-06-04,129.07000732421875,102.13265228271484,4242400
2019-06-05,131.38999938964844,103.96842193603516,5084200
2019-06-06,131.97999572753906,105.1999740600586,5528000
2019-06-07,133.47000122070312,106.38761138916016,6332700
2019-06-10,133.58999633789062,106.4832534790039,2957900
2019-06-11,133.1999969482422,106.17239379882812,3553600
2019-06-12,133.13999938964844,106.12455749511719,3302800
2019-06-13,132.94000244140625,105.96516418457031,2851400
2019-06-14,132.72999572753906,105.79778289794922,3291800
2019-06-17,132.52000427246094,105.63037109375,2725800
2019-06-18,132.05999755859375,105.26374053955078,4378200
2019-06-19,132.85000610351562,105.89344787597656,4349900
2019-06-20,134.16000366210938,106.9375991821289,3847500
2019-06-21,133.9600067138672,106.77819061279297,7696300
2019-06-24,134.13999938964844,106.9216537475586,3685800
2019-06-25,133.80999755859375,106.65859985351562,4176300
2019-06-26,132.32000732421875,105.4709701538086,6024100
2019-06-27,131.69000244140625,104.96880340576172,4750900
2019-06-28,131.1300048828125,104.52241516113281,6318500
2019-07-01,131.8699951171875,105.11229705810547,3544800
2019-07-02,132.42999267578125,105.55862426757812,3233300
2019-07-03,133.99000549316406,106.80209350585938,2859200
2019-07-05,133.02000427246094,106.0289306640625,3356000
2019-07-08,132.55999755859375,105.66227722167969,5854500
2019-07-09,131.74000549316406,105.00865173339844,8233200
2019-07-10,134.41000366210938,107.13689422607422,6141500
2019-07-11,134.35000610351562,107.08906555175781,3944200
2019-07-12,133.27999877929688,106.23616790771484,4481200
2019-07-15,134.14999389648438,106.92962646484375,3077900
2019-07-16,133.8000030517578,106.65068054199219,4019700
2019-07-17,132.77999877929688,105.83763122558594,4105100
2019-07-18,132.8800048828125,105.9173355102539,3698600
2019-07-19,130.08999633789062,103.6934585571289,5022000
2019-07-22,130.27999877929688,103.84490203857422,4411700
2019-07-23,130.74000549316406,104.21157836914062,4145800
2019-07-24,129.2100067138672,102.99202728271484,4669700
2019-07-25,128.99000549316406,102.81668090820312,3335200
2019-07-26,131.22000122070312,104.59418487548828,4580800
2019-07-29,131.52999877929688,104.84127807617188,4533400
2019-07-30,130.47999572753906,104.00433349609375,3367900
2019-07-31,127.80999755859375,101.87608337402344,5757600
2019-08-01,127.13999938964844,101.34203338623047,6199400
2019-08-02,127.91999816894531,101.96376037597656,5573300
2019-08-05,124.4000015258789,99.15802001953125,6192800
2019-08-06,126.44999694824219,100.79204559326172,6258600
2019-08-07,127.77999877929688,101.85218048095703,6149000
2019-08-08,129.47000122070312,103.19924926757812,3702100
2019-08-09,128.60000610351562,102.50582122802734,2929500
2019-08-12,128.35000610351562,102.30653381347656,2920800
2019-08-13,129.92999267578125,103.56591033935547,4088200
2019-08-14,129.1199951171875,102.9202880859375,6232700
2019-08-15,130.72000122070312,104.19561767578125,3701800
2019-08-16,131.75999450683594,105.02460479736328,3405000
2019-08-19,132.57000732421875,105.67024230957031,3101200
2019-08-20,132.05999755859375,105.26374053955078,3160300
2019-08-21,132.33999633789062,105.48690795898438,2936900
2019-08-22,132.66000366210938,105.74198913574219,2484200
2019-08-23,130.27000427246094,103.83694458007812,4239500
2019-08-26,133.74000549316406,106.60283660888672,3954100
2019-08-27,134.75999450683594,107.41585540771484,7187800
2019-08-28,135.19000244140625,107.75862121582031,3972600
2019-08-29,136.02000427246094,108.42021179199219,3045200
2019-08-30,136.72999572753906,108.98615264892578,3742800
2019-09-03,137.4600067138672,109.56800842285156,2989800
2019-09-04,139.14999389648438,110.91512298583984,3201700
2019-09-05,135.97999572753906,109.13734436035156,4994600
2019-09-06,137.3699951171875,110.25293731689453,3051600
2019-09-09,136.39999389648438,109.47441864013672,4062100
2019-09-10,135.86000061035156,109.04100799560547,4175000
2019-09-11,136.36000061035156,109.44232940673828,5005100
2019-09-12,137.2899932861328,110.18872833251953,4146900
2019-09-13,136.44000244140625,109.50653076171875,4008200
2019-09-16,134.8800048828125,108.25445556640625,2953600
2019-09-17,135.6999969482422,108.91262817382812,4013300
2019-09-18,135.5,108.7520751953125,2647800
2019-09-19,135.47999572753906,108.73603820800781,2804500
2019-09-20,134.7100067138672,108.1180419921875,6671100
2019-09-23,135.44000244140625,108.70394134521484,3346500
2019-09-24,135.36000061035156,108.63972473144531,4798500
2019-09-25,135.08999633789062,108.42305755615234,3579500
2019-09-26,135.72000122070312,108.92865753173828,4309600
2019-09-27,135.60000610351562,108.83235168457031,3559400
2019-09-30,137.10000610351562,110.0362319946289,3705200
2019-10-01,137.3699951171875,110.25293731689453,3638900
2019-10-02,133.94000244140625,107.50003051757812,5728600
2019-10-03,137.92999267578125,110.70240783691406,8829700
2019-10-04,140.27999877929688,112.5885009765625,5278700
2019-10-07,138.33999633789062,111.03145599365234,4273300
2019-10-08,137.24000549316406,110.14861297607422,4074900
2019-10-09,137.85000610351562,110.63819885253906,3065300
2019-10-10,137.88999938964844,110.6703109741211,2191000
2019-10-11,137.63999938964844,110.46968078613281,2761400
2019-10-14,137.4499969482422,110.3171615600586,2371500
2019-10-15,136.3300018310547,109.41824340820312,3369300
2019-10-16,136.4199981689453,109.49047088623047,2812000
2019-10-17,136.9600067138672,109.92387390136719,2322500
2019-10-18,136.25,109.35403442382812,3630400
2019-10-21,136.1199951171875,109.24971008300781,2829400
2019-10-22,136.66000366210938,109.6830825805664,3248100
2019-10-23,137.4499969482422,110.3171615600586,2323600
2019-10-24,137.88999938964844,110.6703109741211,2292500
2019-10-25,136.63999938964844,109.66705322265625,2520000
2019-10-28,136.57000732421875,109.61087799072266,3212600
2019-10-29,136.0800018310547,109.21762084960938,2550300
2019-10-30,136.89999389648438,109.875732421875,2653700
2019-10-31,137.1699981689453,110.09243774414062,4492300
2019-11-01,136.92999267578125,109.89983367919922,3054900
2019-11-04,135.16000366210938,108.47919464111328,3202400
2019-11-05,134.00999450683594,107.55620574951172,4300800
2019-11-06,134.44000244140625,107.90131378173828,3645600
2019-11-07,133.32000732421875,107.00241088867188,3338700
2019-11-08,133.1300048828125,106.84992218017578,2604000
2019-11-11,132.38999938964844,106.2560043334961,2227200
2019-11-12,131.97999572753906,105.92695617675781,3246500
2019-11-13,133.2899932861328,106.97835540771484,3166600
2019-11-14,133.3300018310547,107.01044464111328,2141900
2019-11-15,133.80999755859375,107.39566040039062,3648700
2019-11-18,134.05999755859375,107.59634399414062,3619700
2019-11-19,134.57000732421875,108.00567626953125,3019100
2019-11-20,133.74000549316406,107.33953857421875,3047700
2019-11-21,133.91000366210938,107.47596740722656,3391200
2019-11-22,134.07000732421875,107.60437774658203,3014900
2019-11-25,133.8300018310547,107.41173553466797,3612400
2019-11-26,135.6999969482422,108.91262817382812,4947400
2019-11-27,135.91000366210938,109.0811767578125,2476100
2019-11-29,135.8300018310547,109.01693725585938,2978400
2019-12-02,135.8800048828125,109.05706787109375,3866300
2019-12-03,135.4600067138672,108.72000122070312,5000000
2019-12-04,137.3000030517578,110.19679260253906,4228200
2019-12-05,136.33999633789062,110.19273376464844,3351800
2019-12-06,137.36000061035156,111.0171127319336,3216900
2019-12-09,137.16000366210938,110.85546875,3882900
2019-12-10,136.27000427246094,110.13616943359375,2940200
2019-12-11,137.10000610351562,110.8069839477539,3339100
2019-12-12,137.17999267578125,110.8716049194336,3502100
2019-12-13,137.94000244140625,111.48587799072266,3557900
2019-12-16,137.05999755859375,110.7746353149414,4701000
2019-12-17,136.1699981689453,110.0553207397461,5491800
2019-12-18,135.97000122070312,109.89368438720703,5370500
2019-12-19,136.47000122070312,110.29780578613281,3641700
2019-12-20,137.9199981689453,111.46971130371094,10311300
2019-12-23,137.0399932861328,110.75846862792969,2992900
2019-12-24,136.88999938964844,110.63724517822266,1220600
2019-12-26,136.69000244140625,110.47563171386719,2934700
2019-12-27,137.5399932861328,111.1625747680664,2554000
2019-12-30,136.80999755859375,110.57258605957031,3024700
2019-12-31,136.6699981689453,110.45941925048828,3229400
2020-01-02,135.82000732421875,109.77245330810547,3784100
2020-01-03,135.6300048828125,109.61888122558594,4000100
2020-01-06,136.14999389648438,110.03916931152344,4085100
2020-01-07,134.00999450683594,108.3095474243164,5718100
2020-01-08,134.6999969482422,108.86724853515625,3681400
2020-01-09,134.7899932861328,108.93995666503906,3954700
2020-01-10,134.52999877929688,108.72984313964844,3099500
2020-01-13,136.52999877929688,110.3462905883789,5127200
2020-01-14,136.85000610351562,110.60494232177734,4159700
2020-01-15,139.1999969482422,112.50422668457031,5002600
2020-01-16,139.61000061035156,112.83560180664062,4977900
2020-01-17,141.25999450683594,114.16915893554688,6908700
2020-01-21,141.86000061035156,114.65412139892578,4440000
2020-01-22,143.3800048828125,115.88259887695312,5366100
2020-01-23,143.64999389648438,116.10082244873047,3915700
2020-01-24,142.9199981689453,115.51080322265625,2791500
2020-01-27,142.13999938964844,114.88040924072266,3895300
2020-01-28,142.44000244140625,115.12287902832031,2908300
2020-01-29,141.72999572753906,114.54902648925781,3263200
2020-01-30,143.8300018310547,116.24628448486328,4058500
2020-01-31,142.02000427246094,114.7834243774414,4753100
2020-02-03,142.50999450683594,115.17938995361328,3977800
2020-02-04,143.22000122070312,115.75331115722656,3494300
2020-02-05,144.3000030517578,116.62613677978516,3504900
2020-02-06,144.3300018310547,116.65042877197266,3571400
2020-02-07,145.3699951171875,117.49095153808594,3138500
2020-02-10,145.66000366210938,117.72530364990234,3775600
2020-02-11,146.0800018310547,118.0647964477539,3870500
2020-02-12,146.0800018310547,118.0647964477539,4217400
2020-02-13,146.47000122070312,118.3799819946289,5041400
2020-02-14,146.99000549316406,118.80028533935547,3555600
2020-02-18,145.60000610351562,117.6768569946289,4938700
2020-02-19,145.52999877929688,117.6202621459961,2978800
2020-02-20,145.16000366210938,117.32124328613281,2805900
2020-02-21,145.85000610351562,117.87890625,4271800
2020-02-24,142.63999938964844,115.2845230102539,5027700
2020-02-25,141.10000610351562,114.03984832763672,7585800
2020-02-26,141.97999572753906,114.75109100341797,6157200
2020-02-27,136.3699951171875,110.21696472167969,8605000
2020-02-28,132.02999877929688,106.70930480957031,14164000
2020-03-02,137.5800018310547,111.1949234008789,8504500
2020-03-03,135.5800018310547,109.57848358154297,8728300
2020-03-04,142.38999938964844,115.08246612548828,7635700
2020-03-05,138.10000610351562,112.36884307861328,6579100
2020-03-06,137.25999450683594,111.68537139892578,6754900
2020-03-09,130.16000366210938,105.90824890136719,8716300
2020-03-10,134.13999938964844,109.14666748046875,8258600
2020-03-11,129.75,105.57463836669922,7465100
2020-03-12,115.33999633789062,93.84954071044922,12808300
2020-03-13,127.44999694824219,103.70317077636719,12007700
2020-03-16,113.08999633789062,92.01876068115234,10733300
2020-03-17,127.72000122070312,103.92286682128906,14242300
2020-03-18,120.91999816894531,98.389892578125,15250800
2020-03-19,117.33999633789062,95.47689819335938,9393500
2020-03-20,103.93000030517578,84.56549072265625,13093200
2020-03-23,105.18000030517578,85.58258819580078,13926800
2020-03-24,113.83999633789062,92.6290283203125,11447000
2020-03-25,112.5,91.5386962890625,9485500
2020-03-26,120.26000213623047,97.85282897949219,10376800
2020-03-27,120.45999908447266,98.01557159423828,9852500
2020-03-30,125.4800033569336,102.10025024414062,6916800
2020-03-31,120.0999984741211,97.72264862060547,7091700
2020-04-01,118.12000274658203,96.11157989501953,6873000
2020-04-02,123.86000061035156,100.78207397460938,6181800
2020-04-03,124.58999633789062,101.37605285644531,5552000
2020-04-06,131.16000366210938,106.72193145751953,8242200
2020-04-07,130.47999572753906,106.16865539550781,6253900
2020-04-08,132.61000061035156,107.90176391601562,5241100
2020-04-09,133.6300048828125,108.73170471191406,5502400
2020-04-13,130.88999938964844,106.50222778320312,3785000
2020-04-14,138.39999389648438,112.6129379272461,6278700
2020-04-15,135.02999877929688,109.87086486816406,5773100
2020-04-16,135.63999938964844,110.3672103881836,4564000
2020-04-17,137.5500030517578,111.92131042480469,4866500
2020-04-20,134.5500030517578,109.48030090332031,3995400
2020-04-21,130.94000244140625,106.54290771484375,4359500
2020-04-22,132.6199951171875,107.90986633300781,4084600
2020-04-23,130.25999450683594,105.98961639404297,5527700
2020-04-24,134.36000061035156,109.32567596435547,4063100
2020-04-27,134.4600067138672,109.40706634521484,4009200
2020-04-28,136.32000732421875,110.92048645019531,6674200
2020-04-29,133.36000061035156,108.51200866699219,6706800
2020-04-30,132.2899932861328,107.64138793945312,6783000
2020-05-01,130.13999938964844,105.89198303222656,4488000
2020-05-04,130.9199981689453,106.52664184570312,5245300
2020-05-05,131.6699981689453,107.13689422607422,3580000
2020-05-06,130.77999877929688,106.41275024414062,4192200
2020-05-07,131.5500030517578,107.03926849365234,5528000
2020-05-08,134.22999572753906,109.21990966796875,4209100
2020-05-11,134.3800048828125,109.34197235107422,3591100
2020-05-12,132.94000244140625,108.17028045654297,3914600
2020-05-13,132.9600067138672,108.18656158447266,5168500
2020-05-14,133.0800018310547,108.28418731689453,5522200
2020-05-15,135.9499969482422,110.61942291259766,20338200
2020-05-18,135.52000427246094,110.26956176757812,8480300
2020-05-19,131.72999572753906,107.18570709228516,6640300
2020-05-20,131.25999450683594,106.80327606201172,8213100
2020-05-21,130.2100067138672,105.94892120361328,4886300
2020-05-22,130.47999572753906,106.16865539550781,3429200
2020-05-26,129.75,105.57463836669922,5579300
2020-05-27,130.80999755859375,106.43712615966797,5686500
2020-05-28,132.2899932861328,107.64138793945312,4974400
2020-05-29,131.5500030517578,107.03926849365234,13337900
2020-06-01,132.99000549316406,108.21096801757812,4049200
2020-06-02,132.6300048828125,107.91802978515625,5327500
2020-06-03,132.82000732421875,108.07262420654297,5421200
2020-06-04,130.57000732421875,107.06651306152344,5229700
2020-06-05,132.44000244140625,108.59988403320312,7075700
2020-06-08,132.2100067138672,108.41131591796875,5613000
2020-06-09,132.97000122070312,109.03448486328125,6446900
2020-06-10,134.1300048828125,109.98567199707031,7069900
2020-06-11,127.83999633789062,104.82791900634766,8541000
2020-06-12,129.0,105.77909851074219,7039500
2020-06-15,130.47999572753906,106.99272918701172,5481000
2020-06-16,131.6699981689453,107.9684829711914,5197700
2020-06-17,131.75999450683594,108.04228973388672,3309700
2020-06-18,132.77999877929688,108.87869262695312,3417200
2020-06-19,131.27999877929688,107.64869689941406,8310100
2020-06-22,131.0500030517578,107.46009063720703,3379900
2020-06-23,131.36000061035156,107.71430206298828,3625600
2020-06-24,129.55999755859375,106.23832702636719,4853500
2020-06-25,131.41000366210938,107.75529479980469,4442000
2020-06-26,128.92999267578125,105.72171020507812,7372700
2020-06-29,131.0800018310547,107.48468017578125,4173900
2020-06-30,132.25999450683594,108.4522705078125,4626700
2020-07-01,132.36000061035156,108.5342788696289,3633000
2020-07-02,132.85000610351562,108.93608856201172,2769200
2020-07-06,133.3000030517578,109.30508422851562,4221600
2020-07-07,133.57000732421875,109.52651977539062,4424500
2020-07-08,134.22000122070312,110.05948638916016,3798200
2020-07-09,132.7100067138672,108.8212890625,4005200
2020-07-10,134.4600067138672,110.25627899169922,5932800
2020-07-13,134.91000366210938,110.6252670288086,8960000
2020-07-14,135.52000427246094,111.12547302246094,6766800
2020-07-15,133.69000244140625,109.6248779296875,5561300
2020-07-16,133.8800048828125,109.78068542480469,3788100
2020-07-17,134.66000366210938,110.42028045654297,3229300
2020-07-20,133.11000061035156,109.1492691040039,3620300
2020-07-21,134.42999267578125,110.23167419433594,5435400
2020-07-22,136.00999450683594,111.52725219726562,3522300
2020-07-23,137.0800018310547,112.4046630859375,5011400
2020-07-24,136.05999755859375,111.56826782226562,3300000
2020-07-27,137.6699981689453,112.88844299316406,3607700
2020-07-28,137.3800048828125,112.65065002441406,3787500
2020-07-29,137.92999267578125,113.1016616821289,3179000
2020-07-30,137.69000244140625,112.90483856201172,2817600
2020-07-31,137.66000366210938,112.8802490234375,4304100
2020-08-03,136.6999969482422,112.09305572509766,2819200
2020-08-04,137.47000122070312,112.72444915771484,2553500
2020-08-05,136.25,111.72408294677734,2924000
2020-08-06,135.86000061035156,111.40426635742188,2692900
2020-08-07,136.74000549316406,112.12586975097656,3692100
2020-08-10,135.97999572753906,111.50267791748047,3052000
2020-08-11,135.1199951171875,110.79744720458984,3301200
2020-08-12,137.8000030517578,112.99506378173828,4424600
2020-08-13,138.10000610351562,113.24105072021484,2393500
2020-08-14,137.55999755859375,112.79826354980469,2461700
2020-08-17,137.9199981689453,113.09344482421875,2862500
2020-08-18,138.11000061035156,113.24925994873047,2638600
2020-08-19,136.4499969482422,111.88806915283203,3682200
2020-08-20,136.72000122070312,112.10946655273438,2263000
2020-08-21,136.4600067138672,111.896240234375,4295600
2020-08-24,137.63999938964844,112.86387634277344,3177800
2020-08-25,137.3000030517578,112.58505249023438,2597400
2020-08-26,138.47000122070312,113.54441833496094,6019700
2020-08-27,138.39999389648438,113.48703002929688,4159300
2020-08-28,139.94000244140625,114.74984741210938,3355400
2020-08-31,140.05999755859375,114.84821319580078,3828700
2020-09-01,139.19000244140625,114.13484954833984,3421700
2020-09-02,143.2899932861328,117.49678802490234,4918200
2020-09-03,139.3699951171875,115.10420227050781,6642400
2020-09-04,138.75999450683594,114.60041809082031,4836400
2020-09-08,135.5500030517578,111.94931030273438,4901500
2020-09-09,137.11000061035156,113.23770141601562,4282300
2020-09-10,134.75999450683594,111.29686737060547,6050500
2020-09-11,135.80999755859375,112.16402435302734,3411900
2020-09-14,136.6699981689453,112.87430572509766,2779000
2020-09-15,135.6199951171875,112.00712585449219,4080800
2020-09-16,134.97999572753906,111.47856140136719,3353500
2020-09-17,133.1999969482422,110.00846862792969,5186400
2020-09-18,131.47000122070312,108.57969665527344,8473000
2020-09-21,131.24000549316406,108.3897476196289,4402700
2020-09-22,132.14999389648438,109.14128875732422,3951000
2020-09-23,131.0,108.19152069091797,5909900
2020-09-24,131.5800018310547,108.6705322265625,4316600
2020-09-25,133.5500030517578,110.29753875732422,4576000
2020-09-28,137.97000122070312,113.94799041748047,7487500
2020-09-29,137.16000366210938,113.27899169921875,4330500
2020-09-30,138.60000610351562,114.4682846069336,7060700
2020-10-01,140.8000030517578,116.28524780273438,6483900
2020-10-02,138.05999755859375,114.0223159790039,5130200
2020-10-05,137.92999267578125,113.9149398803711,4519800
2020-10-06,135.6999969482422,112.07319641113281,5031000
2020-10-07,137.00999450683594,113.15511322021484,4347300
2020-10-08,137.85000610351562,113.84884643554688,2977400
2020-10-09,138.44000244140625,114.33615112304688,3194000
2020-10-12,142.1300048828125,117.3836441040039,6167200
2020-10-13,143.5399932861328,118.54817199707031,4293200
2020-10-14,142.52000427246094,117.70575714111328,3641000
2020-10-15,141.42999267578125,116.80553436279297,3306800
2020-10-16,141.72999572753906,117.05330657958984,5076000
2020-10-19,139.67999267578125,115.36022186279297,3223200
2020-10-20,139.7100067138672,115.3850326538086,2750900
2020-10-21,139.60000610351562,115.29417419433594,2560100
2020-10-22,139.61000061035156,115.30242156982422,2909000
2020-10-23,139.55999755859375,115.26113891601562,2758400
2020-10-26,138.05999755859375,114.0223159790039,3431100
2020-10-27,139.1199951171875,114.89775085449219,3390800
2020-10-28,134.1699981689453,110.80958557128906,5196000
2020-10-29,133.99000549316406,110.6609115600586,3856500
2020-10-30,133.2899932861328,110.0827865600586,4303900
2020-11-02,135.14999389648438,111.61893463134766,3126400
2020-11-03,137.0399932861328,113.17987060546875,3293900
2020-11-04,137.86000061035156,113.85711669921875,4576300
2020-11-05,138.0500030517578,114.01403045654297,3667800
2020-11-06,138.3800048828125,114.2865982055664,2867000
2020-11-09,138.4499969482422,114.34440612792969,6111300
2020-11-10,141.72000122070312,117.04505157470703,5284500
2020-11-11,143.89999389648438,118.845458984375,4389800
2020-11-12,143.83999633789062,118.79595947265625,2570100
2020-11-13,144.7100067138672,119.51446533203125,2580400
2020-11-16,145.75999450683594,120.38164520263672,3399000
2020-11-17,145.24000549316406,119.95219421386719,2924000
2020-11-18,143.3800048828125,118.41603088378906,4335200
2020-11-19,143.32000732421875,118.36650085449219,4263500
2020-11-20,143.4199981689453,118.44906616210938,3469100
2020-11-23,143.02000427246094,118.11871337890625,3443300
2020-11-24,144.02999877929688,118.95283508300781,4472300
2020-11-25,144.16000366210938,119.06024169921875,2278300
2020-11-27,144.60000610351562,119.42364501953125,1596000
2020-11-30,144.22999572753906,119.11803436279297,4906900
2020-12-01,146.07000732421875,120.6376724243164,3999200
2020-12-02,144.6199951171875,119.44011688232422,4432900
2020-12-03,144.4499969482422,120.14962768554688,4757900
2020-12-04,145.85000610351562,121.31412506103516,3592600
2020-12-07,145.3699951171875,120.91487884521484,4217300
2020-12-08,145.52000427246094,121.03964233398438,3623800
2020-12-09,145.69000244140625,121.18102264404297,3842000
2020-12-10,144.6699981689453,120.33261108398438,3985000
2020-12-11,144.97000122070312,120.5821533203125,2975500
2020-12-14,144.22999572753906,119.96664428710938,3952400
2020-12-15,144.77000427246094,120.4157943725586,3183300
2020-12-16,144.88999938964844,120.515625,4915800
2020-12-17,145.7100067138672,121.1976547241211,3312500
2020-12-18,146.92999267578125,122.21244049072266,8980400
2020-12-21,145.39999389648438,120.93982696533203,3946900
2020-12-22,144.02000427246094,119.7919692993164,2653700
2020-12-23,144.41000366210938,120.1163558959961,2645100
2020-12-24,145.05999755859375,120.65699768066406,883300
2020-12-28,146.91000366210938,122.19579315185547,2493500
2020-12-29,147.4199981689453,122.62000274658203,3186700
2020-12-30,147.30999755859375,122.52851104736328,2224900
2020-12-31,148.3000030517578,123.35196685791016,2076800
2021-01-04,144.27000427246094,119.9998779296875,7486900
2021-01-05,144.6999969482422,120.3575668334961,4126000
2021-01-06,142.92999267578125,118.88533020019531,4843300
2021-01-07,142.47000122070312,118.50273132324219,4473200
2021-01-08,144.17999267578125,119.92506408691406,4312000
2021-01-11,142.08999633789062,118.18663787841797,3902700
2021-01-12,141.42999267578125,117.63768768310547,5150000
2021-01-13,142.58999633789062,118.60252380371094,4361600
2021-01-14,141.75999450683594,117.91217803955078,4724700
2021-01-15,141.38999938964844,117.60441589355469,4309100
2021-01-19,142.05999755859375,118.16169738769531,5158600
2021-01-20,141.3300018310547,117.55448150634766,5019300
2021-01-21,139.61000061035156,116.12384033203125,5684100
2021-01-22,138.58999633789062,115.27543640136719,4014900
2021-01-25,140.17999267578125,116.59798431396484,3829000
2021-01-26,141.8000030517578,117.94542694091797,4242500
2021-01-27,138.0399932861328,114.81795501708984,6659800
2021-01-28,139.19000244140625,115.77450561523438,5514000
2021-01-29,136.57000732421875,113.59526824951172,6778100
2021-02-01,136.97999572753906,113.9363021850586,4185700
2021-02-02,138.3800048828125,115.10078430175781,3581600
2021-02-03,138.02000427246094,114.80133819580078,3609600
2021-02-04,139.67999267578125,116.18206024169922,3860300
2021-02-05,140.9600067138672,117.24676513671875,4437900
2021-02-08,140.39999389648438,116.78094482421875,4112200
2021-02-09,139.60000610351562,116.11556243896484,3179300
2021-02-10,137.6999969482422,114.53515625,6966600
2021-02-11,134.97000122070312,112.2644271850586,7528000
2021-02-12,133.8699951171875,111.3494644165039,5659300
2021-02-16,134.3800048828125,111.77368927001953,5180100
2021-02-17,134.4600067138672,111.84024047851562,3353000
2021-02-18,135.3699951171875,112.59712982177734,3935200
2021-02-19,132.50999450683594,110.21825408935547,5414900
2021-02-22,131.99000549316406,109.7857666015625,5792900
2021-02-23,132.77999877929688,110.4428482055664,6264300
2021-02-24,132.08999633789062,109.868896484375,4944000
2021-02-25,130.0,108.1305160522461,5702300
2021-02-26,129.19000244140625,107.45677185058594,8329000
2021-03-01,130.6199951171875,108.6462173461914,5287300
2021-03-02,131.07000732421875,109.02051544189453,5614000
2021-03-03,129.13999938964844,107.41520690917969,7505800
2021-03-04,128.8300018310547,108.01297760009766,9102800
2021-03-05,133.02999877929688,111.53430938720703,10186500
2021-03-08,132.1300048828125,110.77976989746094,8634900
2021-03-09,132.25,110.8803482055664,8930200
2021-03-10,133.5800018310547,111.99545288085938,7791700
2021-03-11,133.22000122070312,111.69364166259766,4458900
2021-03-12,133.0399932861328,111.54269409179688,5275100
2021-03-15,133.02999877929688,111.53430938720703,5389200
2021-03-16,134.00999450683594,112.35595703125,5544700
2021-03-17,133.6199951171875,112.02896881103516,6199500
2021-03-18,132.52999877929688,111.11510467529297,6476700
2021-03-19,134.5,112.76679229736328,16114400
2021-03-22,137.8000030517578,115.53355407714844,7813400
2021-03-23,139.4600067138672,116.92532348632812,6978400
2021-03-24,138.80999755859375,116.38036346435547,5082300
2021-03-25,139.6300048828125,117.06785583496094,5827600
2021-03-26,142.6999969482422,119.64179992675781,6785600
2021-03-29,144.80999755859375,121.41085052490234,6105800
2021-03-30,142.5399932861328,119.50764465332031,4372700
2021-03-31,141.4499969482422,118.5937728881836,6257900
2021-04-01,141.27999877929688,118.45124816894531,4823400
2021-04-05,143.16000366210938,120.0274658203125,5980700
2021-04-06,143.6699981689453,120.45507049560547,4751900
2021-04-07,143.41000366210938,120.237060546875,4849200
2021-04-08,142.5399932861328,119.50764465332031,6725100
2021-04-09,142.57000732421875,119.5328140258789,4950800
2021-04-12,143.02000427246094,119.91009521484375,4386700
2021-04-13,143.0500030517578,119.93524169921875,5283300
2021-04-14,142.11000061035156,119.14714050292969,4685300
2021-04-15,142.30999755859375,119.31478881835938,4777100
2021-04-16,144.16000366210938,120.86587524414062,6481400
2021-04-19,144.75,121.3605728149414,6621200
2021-04-20,145.7100067138672,122.16543579101562,4999700
2021-04-21,146.97999572753906,123.23019409179688,6316000
2021-04-22,146.07000732421875,122.46725463867188,4904400
2021-04-23,145.8300018310547,122.26603698730469,4354700
2021-04-26,143.36000061035156,120.19514465332031,5817700
2021-04-27,142.88999938964844,119.80108642578125,4693700
2021-04-28,141.8300018310547,118.91238403320312,4962700
2021-04-29,143.94000244140625,120.68143463134766,4699900
2021-04-30,144.16000366210938,120.86587524414062,5051100
2021-05-03,145.7899932861328,122.23246002197266,6109800
2021-05-04,143.9600067138672,120.69819641113281,6603800
2021-05-05,143.88999938964844,120.63951110839844,5305200
2021-05-06,145.55999755859375,122.03966522216797,4472200
2021-05-07,145.55999755859375,122.03966522216797,4181000
2021-05-10,146.72000122070312,123.01222229003906,5270600
2021-05-11,145.64999389648438,122.11511993408203,5266100
2021-05-12,144.22999572753906,120.92454528808594,5651700
2021-05-13,146.3699951171875,122.71876525878906,4849400
2021-05-14,146.58999633789062,122.90321350097656,4224700
2021-05-17,146.1699981689453,122.55108642578125,3747100
2021-05-18,145.50999450683594,121.99771881103516,4527300
2021-05-19,145.42999267578125,121.93065643310547,4432700
2021-05-20,147.22999572753906,123.43981170654297,3964600
2021-05-21,147.10000610351562,123.33081817626953,5194200
2021-05-24,147.85000610351562,123.95963287353516,3627800
2021-05-25,148.3000030517578,124.3369369506836,4649300
2021-05-26,148.3000030517578,124.3369369506836,4462600
2021-05-27,146.50999450683594,122.83615112304688,9203600
2021-05-28,147.94000244140625,124.03507232666016,4913700
2021-06-01,147.6300048828125,123.7751693725586,5530300
2021-06-02,148.22000122070312,124.26980590820312,4546900
2021-06-03,147.6699981689453,124.71319580078125,4651600
2021-06-04,147.83999633789062,124.85678100585938,4427400
2021-06-07,147.75,124.78080749511719,4724100
2021-06-08,146.3699951171875,123.61531829833984,5997200
2021-06-09,146.10000610351562,123.3873291015625,4008000
2021-06-10,147.60000610351562,124.65413665771484,4698200
2021-06-11,147.69000244140625,124.73011016845703,4364600
2021-06-14,148.57000732421875,125.47332000732422,3831900
2021-06-15,148.5800018310547,125.48174285888672,4256500
2021-06-16,147.10000610351562,124.23184204101562,5492100
2021-06-17,148.52000427246094,125.43109893798828,5316400
2021-06-18,145.4199981689453,122.81302642822266,10661700
2021-06-21,146.55999755859375,123.77581024169922,4904300
2021-06-22,146.77999877929688,123.96156311035156,3518000
2021-06-23,144.85000610351562,122.33161926269531,3901700
2021-06-24,145.6699981689453,123.02413177490234,3818900
2021-06-25,146.41000366210938,123.64910888671875,6387600
2021-06-28,147.0399932861328,124.18114471435547,4282800
2021-06-29,146.94000244140625,124.09671783447266,3197700
2021-06-30,148.1699981689453,125.13548278808594,4943700
2021-07-01,148.1999969482422,125.16085052490234,3997600
2021-07-02,148.91000366210938,125.76042175292969,3835500
2021-07-06,149.1300048828125,125.94628143310547,4313800
2021-07-07,149.7899932861328,126.50364685058594,4225000
2021-07-08,149.86000061035156,126.5627670288086,4216000
2021-07-09,149.47999572753906,126.24185180664062,4088600
2021-07-12,149.50999450683594,126.26718139648438,4873700
2021-07-13,152.9600067138672,129.18084716796875,8750800
2021-07-14,154.5399932861328,130.5152130126953,6390300
2021-07-15,155.25,131.11480712890625,4920600
2021-07-16,155.82000732421875,131.5962371826172,5852500
2021-07-19,155.8000030517578,131.579345703125,5750200
2021-07-20,155.82000732421875,131.5962371826172,5213500
2021-07-21,155.24000549316406,131.1063690185547,4905900
2021-07-22,155.19000244140625,131.0641632080078,3333500
2021-07-23,157.17999267578125,132.74478149414062,3588400
2021-07-26,157.07000732421875,132.65191650390625,2999800
2021-07-27,157.94000244140625,133.3866729736328,4043900
2021-07-28,156.49000549316406,132.16204833984375,3556800
2021-07-29,156.80999755859375,132.4322967529297,3055600
2021-07-30,156.9499969482422,132.550537109375,3757300
2021-08-02,156.32000732421875,132.0184783935547,3425900
2021-08-03,156.6699981689453,132.3140869140625,3359900
2021-08-04,154.0500030517578,130.10140991210938,4846300
2021-08-05,154.30999755859375,130.3209686279297,3733500
2021-08-06,154.3300018310547,130.3378448486328,3430900
2021-08-09,154.35000610351562,130.35475158691406,2636600
2021-08-10,154.42999267578125,130.42233276367188,2670200
2021-08-11,155.0399932861328,130.93746948242188,3058000
2021-08-12,155.07000732421875,130.9628448486328,1958700
2021-08-13,156.52000427246094,132.18740844726562,2113800
2021-08-16,158.0500030517578,133.4795379638672,3224000
2021-08-17,157.89999389648438,133.35287475585938,3736300
2021-08-18,156.27999877929688,131.98472595214844,3419200
2021-08-19,158.91000366210938,134.2058563232422,4745600
2021-08-20,158.35000610351562,133.73291015625,3484100
2021-08-23,157.85000610351562,133.31063842773438,3102100
2021-08-24,155.88999938964844,131.6553497314453,3760800
2021-08-25,155.1999969482422,131.07260131835938,3346700
2021-08-26,154.6300048828125,130.59121704101562,3220700
2021-08-27,154.94000244140625,130.85302734375,4166500
2021-08-30,156.0,131.7482452392578,2540300
2021-08-31,156.38999938964844,132.07762145996094,5291200
2021-09-01,157.91000366210938,133.36134338378906,4231400
2021-09-02,156.9499969482422,133.45909118652344,2862500
2021-09-03,157.08999633789062,133.57815551757812,2035100
2021-09-07,154.52999877929688,131.40130615234375,4609900
2021-09-08,156.72000122070312,133.26353454589844,3199100
2021-09-09,155.72999572753906,132.42169189453125,3560400
2021-09-10,155.4600067138672,132.192138671875,3851500
2021-09-13,155.75999450683594,132.4472198486328,3367200
2021-09-14,155.14999389648438,131.92849731445312,2808600
2021-09-15,156.02000427246094,132.66830444335938,3702400
2021-09-16,155.55999755859375,132.27716064453125,4589900
2021-09-17,154.1300048828125,131.0611572265625,8127400
2021-09-20,153.61000061035156,130.61900329589844,5484600
2021-09-21,153.5399932861328,130.55947875976562,4479800
2021-09-22,154.00999450683594,130.95913696289062,3001000
2021-09-23,154.1300048828125,131.0611572265625,2712500
2021-09-24,154.1999969482422,131.12074279785156,2366100
2021-09-27,152.72000122070312,129.86221313476562,4482000
2021-09-28,151.0500030517578,128.44216918945312,5910900
2021-09-29,152.3000030517578,129.50509643554688,3326500
2021-09-30,150.41000366210938,127.89794921875,4949200
2021-10-01,150.9499969482422,128.3571014404297,4274300
2021-10-04,150.1999969482422,127.71939849853516,5404900
2021-10-05,151.08999633789062,128.47616577148438,6103100
2021-10-06,154.9600067138672,131.7669219970703,5499200
2021-10-07,156.38999938964844,132.98292541503906,4605100
2021-10-08,156.02999877929688,132.6768035888672,4186000
2021-10-11,156.24000549316406,132.85540771484375,2738100
2021-10-12,156.92999267578125,133.4420928955078,3195400
2021-10-13,157.99000549316406,134.34347534179688,3599900
2021-10-14,159.25999450683594,135.42335510253906,3677100
2021-10-15,158.80999755859375,135.0407257080078,4313000
2021-10-18,158.08999633789062,134.428466796875,3274200
2021-10-19,160.10000610351562,136.13763427734375,3125800
2021-10-20,161.30999755859375,137.1665802001953,3716500
2021-10-21,159.17999267578125,135.35533142089844,4164700
2021-10-22,159.97000122070312,136.027099609375,3240300
2021-10-25,159.22000122070312,135.38937377929688,3281200
2021-10-26,161.1699981689453,137.0474853515625,3684700
2021-10-27,160.61000061035156,136.57130432128906,3751800
2021-10-28,161.6199951171875,137.4301300048828,3589600
2021-10-29,161.60000610351562,137.41311645507812,4558200
2021-11-01,161.25999450683594,137.12399291992188,3017100
2021-11-02,162.74000549316406,138.38250732421875,3464500
2021-11-03,164.3000030517578,139.7090606689453,3595000
2021-11-04,164.30999755859375,139.71755981445312,3310100
2021-11-05,166.0,141.1545867919922,3754300
2021-11-08,162.42999267578125,138.11888122558594,5766400
2021-11-09,163.50999450683594,139.03724670410156,3778600
2021-11-10,164.0399932861328,139.4879150390625,2683500
2021-11-11,162.69000244140625,138.33998107910156,2453000
2021-11-12,162.64999389648438,138.3059844970703,3540900
2021-11-15,163.8000030517578,139.2838592529297,3357100
2021-11-16,163.30999755859375,138.86721801757812,2899400
2021-11-17,163.3699951171875,138.918212890625,3332200
2021-11-18,163.4199981689453,138.96070861816406,3498900
2021-11-19,163.80999755859375,139.29238891601562,5242200
2021-11-22,164.14999389648438,139.58148193359375,4157200
2021-11-23,165.25,140.51683044433594,3878000
2021-11-24,163.74000549316406,139.23284912109375,3309500
2021-11-26,161.13999938964844,137.02195739746094,3402900
2021-11-29,164.13999938964844,139.57298278808594,5305800
2021-11-30,159.77999877929688,135.86553955078125,7610000
2021-12-01,160.16000366210938,136.1886444091797,5385600
2021-12-02,160.6199951171875,137.50271606445312,4619800
2021-12-03,164.7100067138672,141.00404357910156,6465900
2021-12-06,166.4199981689453,142.46792602539062,5403100
2021-12-07,166.22999572753906,142.30531311035156,5460100
2021-12-08,166.52000427246094,142.5535888671875,3891900
2021-12-09,166.30999755859375,142.373779296875,3644500
2021-12-10,168.97000122070312,144.6509246826172,5025700
2021-12-13,169.80999755859375,145.3700714111328,5411800
2021-12-14,169.38999938964844,145.01051330566406,4985000
2021-12-15,171.57000732421875,146.8767547607422,5507800
2021-12-16,171.82000732421875,147.09080505371094,6909900
2021-12-17,168.3000030517578,144.07737731933594,10159600
2021-12-20,169.4199981689453,145.0361785888672,5263600
2021-12-21,168.9199981689453,144.608154296875,3401400
2021-12-22,169.97000122070312,145.5070343017578,4362900
2021-12-23,169.77999877929688,145.3444061279297,3241700
2021-12-27,171.47000122070312,146.7911376953125,2868800
2021-12-28,172.36000061035156,147.55307006835938,2332100
2021-12-29,172.97000122070312,148.0752410888672,2299500
2021-12-30,172.6699981689453,147.8184356689453,1988900
2021-12-31,173.7100067138672,148.708740234375,2914900
2022-01-03,172.97999572753906,148.0838165283203,5488900
2022-01-04,173.22999572753906,148.2978057861328,4717600
2022-01-05,173.82000732421875,148.80291748046875,6564600
2022-01-06,173.86000061035156,148.83714294433594,4288700
2022-01-07,174.0800018310547,149.02549743652344,4916000
2022-01-10,174.1699981689453,149.10255432128906,5055900
2022-01-11,174.08999633789062,149.03407287597656,6452300
2022-01-12,173.89999389648438,148.87139892578125,5268000
2022-01-13,174.17999267578125,149.11111450195312,4310300
2022-01-14,175.63999938964844,150.3609619140625,4474500
2022-01-18,173.9600067138672,148.9228057861328,5789500
2022-01-19,175.2100067138672,149.9928436279297,6424500
2022-01-20,173.94000244140625,148.90565490722656,6284200
2022-01-21,174.22000122070312,149.14532470703125,6753200
2022-01-24,173.3300018310547,148.38345336914062,9263900
2022-01-25,171.33999633789062,146.67987060546875,6536900
2022-01-26,169.52999877929688,145.13035583496094,6841800
2022-01-27,169.3699951171875,144.99337768554688,6543500
2022-01-28,172.6699981689453,147.8184356689453,5796000
2022-01-31,173.52000427246094,148.54611206054688,5908000
2022-02-01,172.33999633789062,147.53591918945312,5952700
2022-02-02,175.47000122070312,150.21543884277344,5767000
2022-02-03,175.3699951171875,150.12982177734375,4632700
2022-02-04,172.49000549316406,147.6643524169922,4592400
2022-02-07,171.80999755859375,147.0822296142578,4813300
2022-02-08,172.02000427246094,147.26199340820312,3957700
2022-02-09,171.94000244140625,147.19351196289062,6780200
2022-02-10,168.3699951171875,144.1372833251953,7899800
2022-02-11,168.5800018310547,144.31710815429688,7299600
2022-02-14,166.6999969482422,142.7076416015625,6822500
2022-02-15,165.9600067138672,142.0741729736328,4943800
2022-02-16,166.3000030517578,142.365234375,4161700
2022-02-17,166.75,142.75042724609375,5156800
2022-02-18,167.7100067138672,143.5723114013672,5181600
2022-02-22,168.35000610351562,144.1201934814453,7733900
2022-02-23,166.69000244140625,142.6990966796875,5812800
2022-02-24,163.7899932861328,140.2164764404297,8888800
2022-02-25,168.3800048828125,144.14584350585938,6535600
2022-02-28,163.74000549316406,140.17367553710938,7677000
2022-03-01,162.27000427246094,138.91526794433594,5107900
2022-03-02,164.52000427246094,140.84144592285156,5452100
2022-03-03,163.27000427246094,140.6906280517578,5352200
2022-03-04,165.75,142.82763671875,6340300
2022-03-07,162.4499969482422,139.98403930664062,6319500
2022-03-08,157.8699951171875,136.0374298095703,6163700
2022-03-09,157.39999389648438,135.63241577148438,5764900
2022-03-10,154.50999450683594,133.14210510253906,6103700
2022-03-11,153.72999572753906,132.469970703125,4762600
2022-03-14,155.88999938964844,134.3312530517578,6075600
2022-03-15,159.0,137.01113891601562,6203400
2022-03-16,159.6999969482422,137.6143341064453,6299000
2022-03-17,160.94000244140625,138.68289184570312,3587600
2022-03-18,162.7899932861328,140.27699279785156,12123000
2022-03-21,162.55999755859375,140.0788116455078,5122600
2022-03-22,164.33999633789062,141.61268615722656,5779200
2022-03-23,163.47999572753906,140.87158203125,4533700
2022-03-24,164.47000122070312,141.72463989257812,3160300
2022-03-25,165.24000549316406,142.38815307617188,4146800
2022-03-28,165.72999572753906,142.81040954589844,4308000
2022-03-29,168.19000244140625,144.9302215576172,4440400
2022-03-30,167.9600067138672,144.7320098876953,3871500
2022-03-31,167.3800048828125,144.2322540283203,6076200
2022-04-01,169.75999450683594,146.2830810546875,3239600
2022-04-04,169.32000732421875,145.9039306640625,3759900
2022-04-05,169.5,146.05905151367188,4480700
2022-04-06,172.38999938964844,148.5493621826172,4294800
2022-04-07,172.5500030517578,148.68722534179688,5041600
2022-04-08,173.1300048828125,149.18704223632812,3883100
2022-04-11,172.60000610351562,148.7303466796875,3825100
2022-04-12,173.3000030517578,149.3335418701172,3924300
2022-04-13,173.0,149.0749969482422,4394000
2022-04-14,171.89999389648438,148.1271514892578,4834300
2022-04-18,170.4199981689453,146.851806640625,3086000
2022-04-19,172.89999389648438,148.9888153076172,3642000
2022-04-20,175.47000122070312,151.2034149169922,4197600
2022-04-21,174.83999633789062,150.66055297851562,3701300
2022-04-22,172.14999389648438,148.3425750732422,5864000
2022-04-25,173.74000549316406,149.71266174316406,7369900
2022-04-26,173.3000030517578,149.3335418701172,7386600
2022-04-27,174.85000610351562,150.66917419433594,5180300
2022-04-28,177.5,152.95266723632812,5235800
2022-04-29,171.7100067138672,147.9634552001953,6505600
2022-05-02,167.75999450683594,144.55970764160156,7692100
2022-05-03,167.99000549316406,144.7578887939453,5564900
2022-05-04,173.86000061035156,149.8160858154297,6231500
2022-05-05,170.38999938964844,146.8259735107422,6534300
2022-05-06,170.41000366210938,146.8432159423828,5824600
2022-05-09,171.6999969482422,147.95481872558594,7269100
2022-05-10,171.49000549316406,147.7738494873047,5936700
2022-05-11,170.66000366210938,147.05862426757812,5376900
2022-05-12,170.39999389648438,146.83457946777344,6473500
2022-05-13,173.72000122070312,149.6954345703125,4714600
2022-05-16,175.47000122070312,151.2034149169922,5317200
2022-05-17,174.4600067138672,150.3331298828125,5012200
2022-05-18,163.64999389648438,141.01806640625,8875400
2022-05-19,161.1999969482422,138.9069061279297,6423800
2022-05-20,162.2100067138672,139.7772216796875,5768800
2022-05-23,165.60000610351562,142.6984100341797,4657800
2022-05-24,167.82000732421875,144.61138916015625,6327600
2022-05-25,168.97000122070312,145.60231018066406,5781000
2022-05-26,170.11000061035156,146.58470153808594,5193800
2022-05-27,171.77000427246094,148.01512145996094,6713500
2022-05-31,167.75,144.55105590820312,13610000
2022-06-01,166.49000549316406,143.4652862548828,5613900
2022-06-02,166.67999267578125,144.6280059814453,4677300
2022-06-03,164.85000610351562,143.04017639160156,4222000
2022-06-06,165.5399932861328,143.63888549804688,3447800
2022-06-07,166.55999755859375,144.52392578125,4168300
2022-06-08,165.72999572753906,143.80369567871094,2646800
2022-06-09,162.77999877929688,141.2440185546875,3522900
2022-06-10,162.52000427246094,141.01841735839844,5203300
2022-06-13,159.74000549316406,138.60621643066406,6300700
2022-06-14,156.1199951171875,135.4651336669922,6159200
2022-06-15,157.7899932861328,136.9142303466797,5940100
2022-06-16,157.02999877929688,136.2547607421875,7207900
2022-06-17,157.05999755859375,136.28074645996094,9881800
2022-06-21,160.7100067138672,139.4478759765625,4449600
2022-06-22,162.02999877929688,140.59323120117188,4706500
2022-06-23,164.10000610351562,142.38937377929688,5810700
2022-06-24,166.1300048828125,144.1508026123047,5951500
2022-06-27,166.35000610351562,144.34170532226562,4595800
2022-06-28,164.00999450683594,142.31129455566406,4372900
2022-06-29,166.72999572753906,144.67141723632812,3653600
2022-06-30,166.66000366210938,144.6106719970703,6295100
2022-07-01,169.38999938964844,146.97947692871094,3918700
2022-07-05,169.00999450683594,146.6497802734375,4971600
2022-07-06,170.6999969482422,148.11614990234375,4209100
2022-07-07,170.36000061035156,147.8211669921875,5150200
2022-07-08,171.8800048828125,149.1400604248047,3482900
2022-07-11,170.47000122070312,147.9166259765625,4921300
2022-07-12,169.5,147.074951171875,5201600
2022-07-13,170.10000610351562,147.5955810546875,4533100
2022-07-14,170.97999572753906,148.35910034179688,4218300
2022-07-15,171.1199951171875,148.48060607910156,4659100
2022-07-18,168.25999450683594,145.9990234375,3479700
2022-07-19,170.05999755859375,147.56088256835938,4201600
2022-07-20,168.25999450683594,145.9990234375,3460700
2022-07-21,168.50999450683594,146.2159423828125,3088300
2022-07-22,169.61000061035156,147.17041015625,3757800
2022-07-25,169.85000610351562,147.37863159179688,3357200
2022-07-26,171.8300018310547,149.09666442871094,3732100
2022-07-27,171.58999633789062,148.88845825195312,4479000
2022-07-28,174.83999633789062,151.70846557617188,3134200
2022-07-29,174.9600067138672,151.8125762939453,4215500
2022-08-01,176.9499969482422,153.53927612304688,4034600
2022-08-02,175.49000549316406,152.2724609375,3781100
2022-08-03,176.8300018310547,153.43519592285156,4401300
2022-08-04,175.8699951171875,152.60215759277344,3822500
2022-08-05,174.5500030517578,151.4568328857422,3295600
2022-08-08,173.85000610351562,150.84942626953125,2846100
2022-08-09,174.5,151.41343688964844,3228800
2022-08-10,175.94000244140625,152.66293334960938,4041100
2022-08-11,175.0399932861328,151.88198852539062,2743800
2022-08-12,177.3300018310547,153.8690185546875,3756200
2022-08-15,179.27999877929688,155.56100463867188,3043100
2022-08-16,180.32000732421875,156.4634552001953,3395700
2022-08-17,180.22000122070312,156.3766632080078,2666200
2022-08-18,180.39999389648438,156.53286743164062,3010600
2022-08-19,180.1699981689453,156.333251953125,3704000
2022-08-22,178.4499969482422,154.8408660888672,3385000
2022-08-23,178.3699951171875,154.77145385742188,2575000
2022-08-24,179.25999450683594,155.54368591308594,3340600
2022-08-25,179.27000427246094,155.5523681640625,3401800
2022-08-26,175.0399932861328,151.88198852539062,5246600
2022-08-29,174.49000549316406,151.40476989746094,4184500
2022-08-30,172.99000549316406,150.1032257080078,4026300
2022-08-31,172.27000427246094,149.4784393310547,5597900
2022-09-01,172.85000610351562,150.98965454101562,4846100
2022-09-02,170.66000366210938,149.07662963867188,5801500
2022-09-06,169.50999450683594,148.07205200195312,4900100
2022-09-07,173.25,151.33908081054688,6074600
2022-09-08,172.6699981689453,150.8324432373047,3888100
2022-09-09,173.22000122070312,151.31288146972656,3662000
2022-09-12,173.89999389648438,151.90687561035156,5953300
2022-09-13,167.41000366210938,146.2376708984375,6926200
2022-09-14,168.67999267578125,147.3470458984375,5156900
2022-09-15,165.8800048828125,144.9011993408203,5461000
2022-09-16,166.97000122070312,145.85328674316406,12012600
2022-09-19,168.72999572753906,147.39071655273438,3720900
2022-09-20,168.9199981689453,147.55670166015625,3872000
2022-09-21,168.44000244140625,147.13739013671875,5134500
2022-09-22,168.60000610351562,147.27719116210938,4290600
2022-09-23,168.52000427246094,147.20730590820312,4565100
2022-09-26,168.4499969482422,147.14610290527344,5326400
2022-09-27,166.00999450683594,145.01470947265625,5400700
2022-09-28,168.6699981689453,147.33831787109375,5480900
2022-09-29,166.61000061035156,145.53883361816406,5167700
2022-09-30,163.25999450683594,142.61253356933594,5971900
2022-10-03,165.25,144.35081481933594,5093400
2022-10-04,167.11000061035156,145.97560119628906,4596800
2022-10-05,166.0,145.00599670410156,3538600
2022-10-06,162.8000030517578,142.210693359375,4623400
2022-10-07,161.61000061035156,141.1712188720703,4779200
2022-10-10,161.82000732421875,141.35462951660156,4839200
2022-10-11,162.58999633789062,142.0272674560547,5222600
2022-10-12,169.38999938964844,147.96725463867188,9795300
2022-10-13,174.61000061035156,152.52708435058594,8412700
2022-10-14,170.19000244140625,148.66610717773438,5937900
2022-10-17,172.72999572753906,150.8848419189453,6401800
2022-10-18,175.05999755859375,152.92019653320312,4547400
2022-10-19,173.36000061035156,151.43516540527344,5200200
2022-10-20,171.4600067138672,149.77548217773438,4314000
2022-10-21,173.05999755859375,151.17311096191406,5071500
2022-10-24,177.67999267578125,155.20884704589844,5316500
2022-10-25,178.27000427246094,155.7241973876953,5220000
2022-10-26,179.07000732421875,156.42303466796875,5136000
2022-10-27,178.8800048828125,156.257080078125,5424100
2022-10-28,182.22999572753906,159.18341064453125,6715300
2022-10-31,181.5800018310547,158.61561584472656,4877200
2022-11-01,180.75999450683594,157.89930725097656,4084500
2022-11-02,178.24000549316406,155.697998046875,4970600
2022-11-03,177.77999877929688,155.29615783691406,3753800
2022-11-04,178.77999877929688,156.169677734375,3922400
2022-11-07,180.2100067138672,157.4188690185547,3246100
2022-11-08,180.7100067138672,157.85565185546875,3724700
2022-11-09,178.5500030517578,155.96878051757812,4723600
2022-11-10,181.6999969482422,158.72042846679688,6704100
2022-11-11,178.0500030517578,155.5320281982422,7390500
2022-11-14,176.72999572753906,154.3789825439453,5633000
2022-11-15,177.19000244140625,154.78079223632812,5153600
2022-11-16,178.3300018310547,155.77662658691406,4701100
2022-11-17,180.02999877929688,157.26161193847656,3920300
2022-11-18,181.3300018310547,158.397216796875,4498100
2022-11-21,184.82000732421875,161.44583129882812,4397600
2022-11-22,184.83999633789062,161.46331787109375,4109600
2022-11-23,185.0800018310547,161.6729278564453,2511000
2022-11-25,184.11000061035156,160.82562255859375,1837000
2022-11-28,183.88999938964844,160.63345336914062,6411400
2022-11-29,182.58999633789062,159.49786376953125,4375400
2022-11-30,185.50999450683594,162.04855346679688,7915600
2022-12-01,185.89999389648438,163.40220642089844,4683300
2022-12-02,185.69000244140625,163.21762084960938,3547700
2022-12-05,183.1199951171875,160.95863342285156,4083200
2022-12-06,181.6300048828125,159.64895629882812,5835100
2022-12-07,182.17999267578125,160.1323699951172,4241700
2022-12-08,183.77999877929688,161.5387725830078,3800800
2022-12-09,183.10000610351562,160.94107055664062,3116100
2022-12-12,183.97000122070312,161.7057647705078,4691400
2022-12-13,183.8699951171875,161.6178741455078,5634900
2022-12-14,183.36000061035156,161.1696014404297,5392500
2022-12-15,180.25,158.4359893798828,6127800
2022-12-16,180.33999633789062,158.51507568359375,15708100
2022-12-19,181.33999633789062,159.39407348632812,4447800
2022-12-20,181.22999572753906,159.29734802246094,3249000
2022-12-21,182.5,160.4136505126953,4236900
2022-12-22,181.08999633789062,159.17431640625,4304700
2022-12-23,182.25999450683594,160.2026824951172,2197800
2022-12-27,183.07000732421875,160.91465759277344,3045000
2022-12-28,181.75,159.75442504882812,2694300
2022-12-29,181.97999572753906,159.95655822753906,2549200
2022-12-30,180.66000366210938,158.79635620117188,3136200
2023-01-03,179.41000366210938,157.69761657714844,5137400
2023-01-04,178.97000122070312,157.31088256835938,4771300
2023-01-05,177.10000610351562,155.66717529296875,3647100
2023-01-06,181.10000610351562,159.18312072753906,3713200
2023-01-09,179.3300018310547,157.62730407714844,3319200
2023-01-10,177.85000610351562,156.32640075683594,3817300
2023-01-11,178.0500030517578,156.50221252441406,4369900
2023-01-12,175.77999877929688,154.50692749023438,4246600
2023-01-13,175.24000549316406,154.03225708007812,4720400
2023-01-17,176.05999755859375,154.75303649902344,5032600
2023-01-18,171.6199951171875,150.85035705566406,5032600
2023-01-19,169.6300048828125,149.10121154785156,4720400
2023-01-20,169.8800048828125,149.3209228515625,5779100
2023-01-23,169.1199951171875,148.6529083251953,5440400
2023-01-24,170.69000244140625,150.0329132080078,4125600
2023-01-25,171.92999267578125,151.12286376953125,3852800
2023-01-26,170.22000122070312,149.6197967529297,4558400
2023-01-27,169.6199951171875,149.09243774414062,5451400
2023-01-30,169.47999572753906,148.96937561035156,5191500
2023-01-31,171.02000427246094,150.322998046875,4665500
2023-02-01,171.55999755859375,150.79762268066406,4147700
2023-02-02,169.97000122070312,149.40005493164062,5653800
2023-02-03,169.1199951171875,148.6529083251953,5308200
2023-02-06,171.82000732421875,151.02618408203125,5640000
2023-02-07,171.55999755859375,150.79762268066406,6044700
2023-02-08,171.16000366210938,150.446044921875,5687300
2023-02-09,172.77999877929688,151.8699951171875,9619400
2023-02-10,176.1999969482422,154.87611389160156,6176000
2023-02-13,177.77000427246094,156.25608825683594,5205100
2023-02-14,175.77000427246094,154.49815368652344,5203000
2023-02-15,176.00999450683594,154.7091064453125,4125500
2023-02-16,175.50999450683594,154.26959228515625,4973200
2023-02-17,176.27999877929688,154.9464111328125,3952100
2023-02-21,176.17999267578125,154.8585205078125,5797300
2023-02-22,176.1199951171875,154.80577087402344,5299500
2023-02-23,176.30999755859375,154.9727783203125,3801400
2023-02-24,175.9600067138672,154.66513061523438,2959100
2023-02-27,175.91000366210938,154.6212158203125,3208500
2023-02-28,173.52999877929688,152.5292205810547,4317100
2023-03-01,171.3300018310547,150.595458984375,5359100
2023-03-02,173.32000732421875,153.3741455078125,4476300
2023-03-03,173.14999389648438,153.2236785888672,3627100
2023-03-06,173.5,153.53338623046875,3611400
2023-03-07,172.63999938964844,152.77235412597656,4094900
2023-03-08,173.11000061035156,153.1882781982422,2920200
2023-03-09,171.8000030517578,152.02906799316406,4042100
2023-03-10,172.02999877929688,152.23255920410156,4129900
2023-03-13,173.7100067138672,153.71922302246094,8265100
2023-03-14,173.52999877929688,153.55995178222656,6480800
2023-03-15,176.6300048828125,156.30320739746094,7099800
2023-03-16,176.50999450683594,156.19700622558594,4734400
2023-03-17,175.1300048828125,154.975830078125,8854600
2023-03-20,177.58999633789062,157.15269470214844,4367000
2023-03-21,178.00999450683594,157.52438354492188,3812000
2023-03-22,176.50999450683594,156.19700622558594,4380800
2023-03-23,175.64999389648438,155.4359588623047,4655600
2023-03-24,179.08999633789062,158.48008728027344,3713800
2023-03-27,179.49000549316406,158.83407592773438,4078600
2023-03-28,179.42999267578125,158.78097534179688,2850000
2023-03-29,180.6699981689453,159.8782501220703,4496000
2023-03-30,180.8300018310547,160.01986694335938,2743000
2023-03-31,182.3000030517578,161.32066345214844,4479800
2023-04-03,182.5,161.49766540527344,3902300
2023-04-04,181.85000610351562,160.9224853515625,3306400
2023-04-05,183.63999938964844,162.50648498535156,3826300
2023-04-06,184.36000061035156,163.14361572265625,3389700
2023-04-10,183.1999969482422,162.11708068847656,2408100
2023-04-11,182.9199981689453,161.8693389892578,3586700
2023-04-12,182.55999755859375,161.55076599121094,3620900
2023-04-13,184.3800048828125,163.16134643554688,4303600
2023-04-14,183.50999450683594,162.39141845703125,2572900
2023-04-17,184.4499969482422,163.22323608398438,3224400
2023-04-18,184.8300018310547,163.5595245361328,2438600
2023-04-19,184.72000122070312,163.46218872070312,2209900
2023-04-20,185.3300018310547,164.0019989013672,3868200
2023-04-21,185.41000366210938,164.07278442382812,3781800
2023-04-24,185.5,164.15240478515625,3540200
2023-04-25,189.7100067138672,167.8779296875,6231600
2023-04-26,188.5399932861328,166.84255981445312,4481700
2023-04-27,189.69000244140625,167.86021423339844,4574500
2023-04-28,190.88999938964844,168.92213439941406,4608900
2023-05-01,191.67999267578125,169.62120056152344,3137800
2023-05-02,192.25,170.12564086914062,3712200
2023-05-03,192.17999267578125,170.06365966796875,3389600
2023-05-04,193.3800048828125,171.12559509277344,4267600
2023-05-05,194.27000427246094,171.9131317138672,4146500
2023-05-08,193.35000610351562,171.0990447998047,2249900
2023-05-09,194.13999938964844,171.79812622070312,3087600
2023-05-10,194.27000427246094,171.9131317138672,4352900
2023-05-11,195.33999633789062,172.86000061035156,3690200
2023-05-12,196.1199951171875,173.55026245117188,2741000
2023-05-15,194.27000427246094,171.9131317138672,2946400
2023-05-16,193.42999267578125,171.16983032226562,5803100
2023-05-17,192.05999755859375,169.95750427246094,4878800
2023-05-18,191.55999755859375,169.51502990722656,3709400
2023-05-19,191.83999633789062,169.76278686523438,3883000
2023-05-22,186.63999938964844,165.1612548828125,5787000
2023-05-23,186.07000732421875,164.65682983398438,6382300
2023-05-24,184.88999938964844,163.61260986328125,3721000
2023-05-25,183.8000030517578,162.6480712890625,4712700
2023-05-26,183.5800018310547,162.45339965820312,4449300
2023-05-30,181.61000061035156,160.71009826660156,4331800
2023-05-31,182.35000610351562,161.36492919921875,20414600
2023-06-01,182.19000244140625,162.34959411621094,5277400
2023-06-02,184.05999755859375,164.0159454345703,4288300
2023-06-05,184.19000244140625,164.1317901611328,4311700
2023-06-06,181.55999755859375,161.78817749023438,3975600
2023-06-07,180.11000061035156,160.49610900878906,5162700
2023-06-08,182.10000610351562,162.26943969726562,4036100
2023-06-09,182.35000610351562,162.4921875,3200100
2023-06-12,181.89999389648438,162.09117126464844,4207100
2023-06-13,181.5399932861328,161.7703399658203,2838700
2023-06-14,183.1699981689453,163.22288513183594,3559300
2023-06-15,185.7100067138672,165.4862518310547,4326100
2023-06-16,186.0399932861328,165.78033447265625,8925700
2023-06-20,185.30999755859375,165.12982177734375,4154800
2023-06-21,185.42999267578125,165.23675537109375,3832400
2023-06-22,187.35000610351562,166.94769287109375,3185800
2023-06-23,186.07000732421875,165.8070831298828,7592600
2023-06-26,184.88999938964844,164.75555419921875,3706100
2023-06-27,186.22000122070312,165.94068908691406,5763000
2023-06-28,183.6999969482422,163.6951446533203,5193900
2023-06-29,183.8800048828125,163.85556030273438,5770400
2023-06-30,185.22000122070312,165.0496063232422,7635100
2023-07-03,185.60000610351562,165.3882598876953,2389000
2023-07-05,186.5800018310547,166.26153564453125,5277100
2023-07-06,186.60000610351562,166.2793426513672,5592100
2023-07-07,183.0800018310547,163.14268493652344,6309900
2023-07-10,184.3000030517578,164.2298126220703,5508800
2023-07-11,183.97999572753906,163.94467163085938,3914300
2023-07-12,183.1699981689453,163.22288513183594,6080100
2023-07-13,187.52999877929688,167.1080780029297,8223100
2023-07-14,188.2100067138672,167.71401977539062,4467600
2023-07-17,185.6300048828125,165.41497802734375,5637400
2023-07-18,184.4499969482422,164.36349487304688,5684100
2023-07-19,186.25999450683594,165.9763946533203,4140800
2023-07-20,189.3000030517578,168.68533325195312,5056500
2023-07-21,190.16000366210938,169.45167541503906,15022100
2023-07-24,190.9199981689453,170.12890625,4225800
2023-07-25,191.36000061035156,170.52098083496094,3521600
2023-07-26,191.60000610351562,170.73484802246094,3898900
2023-07-27,188.52999877929688,167.99917602539062,4141800
2023-07-28,190.30999755859375,169.5853271484375,5602300
2023-07-31,187.4600067138672,167.0457000732422,5687700
2023-08-01,186.82000732421875,166.47540283203125,2853900
2023-08-02,188.30999755859375,167.80313110351562,4285900
2023-08-03,187.1199951171875,166.7427215576172,2857400
2023-08-04,184.60000610351562,164.49717712402344,4651100
2023-08-07,186.88999938964844,166.53778076171875,3323400
2023-08-08,184.44000244140625,164.3545684814453,5017900
2023-08-09,183.97999572753906,163.94467163085938,4413100
2023-08-10,183.75,163.73971557617188,3727200
2023-08-11,184.0399932861328,163.9981231689453,2873800
2023-08-14,183.6199951171875,163.62388610839844,3385600
2023-08-15,181.35000610351562,161.60107421875,3331800
2023-08-16,181.2100067138672,161.476318359375,2633700
2023-08-17,178.4499969482422,159.01687622070312,4503000
2023-08-18,178.17999267578125,158.77627563476562,6020300
2023-08-21,177.0500030517578,157.76931762695312,4284100
2023-08-22,175.6999969482422,156.56637573242188,3489300
2023-08-23,178.1199951171875,158.72280883789062,4042700
2023-08-24,177.17999267578125,157.8851776123047,5709800
2023-08-25,179.4199981689453,159.8812713623047,4710700
2023-08-28,180.25,160.62088012695312,3189800
2023-08-29,180.92999267578125,161.226806640625,4368600
2023-08-30,181.0800018310547,161.36048889160156,3153400
2023-08-31,177.9199981689453,159.6599578857422,5566700
2023-09-01,175.32000732421875,157.32681274414062,4801400
2023-09-05,174.16000366210938,156.2858428955078,5081800
2023-09-06,174.72999572753906,156.79733276367188,5933800
2023-09-07,176.39999389648438,158.29592895507812,4934300
2023-09-08,176.27000427246094,158.17929077148438,2995000
2023-09-11,178.92999267578125,160.56626892089844,4512700
2023-09-12,178.27000427246094,159.9740447998047,3331100
2023-09-13,179.67999267578125,161.23931884765625,3781400
2023-09-14,181.22999572753906,162.63023376464844,4118300
2023-09-15,179.83999633789062,161.3828887939453,11661200
2023-09-18,179.3800048828125,160.97012329101562,3182600
2023-09-19,178.32000732421875,160.01890563964844,3369300
2023-09-20,178.3800048828125,160.07276916503906,3695800
2023-09-21,175.3800048828125,157.38064575195312,5351000
2023-09-22,175.27000427246094,157.2819366455078,4542300
2023-09-25,174.3300018310547,156.4384307861328,3553600
2023-09-26,172.52000427246094,154.8141632080078,5213700
2023-09-27,169.57000732421875,152.16696166992188,5729900
2023-09-28,169.5,152.10411071777344,4841600
2023-09-29,169.44000244140625,152.05027770996094,5194200
2023-10-02,169.1699981689453,151.80796813964844,3838800
2023-10-03,167.6999969482422,150.48883056640625,4873400
2023-10-04,168.91000366210938,151.5746612548828,4134000
2023-10-05,160.10000610351562,143.6688232421875,10556400
2023-10-06,160.2899932861328,143.83934020996094,12774700
2023-10-09,161.36000061035156,144.7995147705078,7244500
2023-10-10,164.39999389648438,147.52752685546875,11456400
2023-10-11,162.6199951171875,145.93019104003906,7371500
2023-10-12,158.0800018310547,141.85614013671875,9024100
2023-10-13,160.0,143.57907104492188,6757100
2023-10-16,161.0800018310547,144.54827880859375,5605000
2023-10-17,160.3699951171875,143.91111755371094,6411300
2023-10-18,162.02999877929688,145.40077209472656,6650600
2023-10-19,160.55999755859375,144.0816192626953,6336800
2023-10-20,160.0,143.57907104492188,5486500
2023-10-23,160.0800018310547,143.65086364746094,5795800
2023-10-24,162.19000244140625,145.54432678222656,5265200
2023-10-25,162.35000610351562,145.6879119873047,4534600
2023-10-26,161.41000366210938,144.8444061279297,5147000
2023-10-27,159.6199951171875,143.2381134033203,5078000
2023-10-30,162.27999877929688,145.62509155273438,4625900
2023-10-31,163.27999877929688,146.52247619628906,5947400
2023-11-01,164.8699951171875,147.9492950439453,6682500
2023-11-02,166.8300018310547,149.7081298828125,5413400
2023-11-03,166.7899932861328,149.67222595214844,4063300
2023-11-06,166.6999969482422,149.5914764404297,5784600
2023-11-07,167.17999267578125,150.02220153808594,4687200
2023-11-08,167.38999938964844,150.21066284179688,4926600
2023-11-09,166.16000366210938,149.1068878173828,5639300
2023-11-10,166.9199981689453,149.7888946533203,5552900
2023-11-13,167.77000427246094,150.55165100097656,5402300
2023-11-14,168.11000061035156,150.85675048828125,6238900
2023-11-15,167.25,150.08502197265625,5611200
2023-11-16,167.7100067138672,150.49781799316406,5386400
2023-11-17,166.75999450683594,149.6453094482422,5583100
2023-11-20,166.52000427246094,149.42996215820312,4886200
2023-11-21,167.8000030517578,150.57858276367188,3980000
2023-11-22,169.22000122070312,151.85284423828125,3235600
2023-11-24,169.3699951171875,151.98744201660156,1751700
2023-11-27,168.32000732421875,151.04522705078125,3664700
2023-11-28,168.86000061035156,151.52978515625,4056100
2023-11-29,167.16000366210938,150.0042724609375,4722400
2023-11-30,168.2899932861328,152.16986083984375,7346700
2023-12-01,168.69000244140625,152.5315399169922,4897400
2023-12-04,169.13999938964844,152.9384307861328,5323300
2023-12-05,167.94000244140625,151.8533477783203,4553800
2023-12-06,167.50999450683594,151.46453857421875,4726600
2023-12-07,167.4600067138672,151.41937255859375,4934800
2023-12-08,165.67999267578125,149.8098602294922,5115200
2023-12-11,167.82000732421875,151.74488830566406,6912600
2023-12-12,168.47000122070312,152.3325958251953,4515800
2023-12-13,172.00999450683594,155.5335235595703,6082100
2023-12-14,168.25,152.13368225097656,7119300
2023-12-15,167.0,151.00340270996094,17734600
2023-12-18,168.91000366210938,152.73045349121094,5439500
2023-12-19,167.9499969482422,151.86241149902344,4855900
2023-12-20,165.69000244140625,149.8188934326172,5157800
2023-12-21,166.97000122070312,150.9762725830078,4374000
2023-12-22,167.67999267578125,151.61825561523438,3030400
2023-12-26,168.86000061035156,152.68524169921875,2779200
2023-12-27,169.39999389648438,153.1735382080078,3502500
2023-12-28,169.38999938964844,153.1644744873047,2911100
2023-12-29,169.83999633789062,153.57139587402344,3291500
2024-01-02,172.91000366210938,156.34730529785156,5743100
2024-01-03,172.9499969482422,156.38348388671875,5588200
2024-01-04,171.47000122070312,155.04525756835938,6283200
2024-01-05,168.94000244140625,152.75758361816406,5252500
2024-01-08,169.11000061035156,152.9113006591797,5735600
2024-01-09,167.1699981689453,151.15713500976562,6268800
2024-01-10,166.9199981689453,150.9311065673828,4394900
2024-01-11,166.1300048828125,150.21673583984375,4800700
2024-01-12,167.27000427246094,151.24754333496094,3546100
2024-01-16,166.1699981689453,150.25289916992188,4576600
2024-01-17,166.44000244140625,150.49703979492188,4392300
2024-01-18,167.1699981689453,151.15713500976562,4709400
2024-01-19,165.77999877929688,149.90028381347656,6528600
2024-01-22,165.11000061035156,149.29444885253906,5697400
2024-01-23,167.63999938964844,151.58212280273438,4932700
2024-01-24,165.60000610351562,149.73751831054688,4984700
2024-01-25,166.55999755859375,150.60556030273438,5373800
2024-01-26,167.86000061035156,151.7810516357422,4849000
2024-01-29,168.14999389648438,152.0432586669922,5713600
2024-01-30,169.6199951171875,153.3724365234375,4804200
2024-01-31,168.52999877929688,152.38685607910156,5769200
2024-02-01,171.6999969482422,155.25320434570312,4920800
2024-02-02,170.97000122070312,154.59310913085938,5307700
2024-02-05,170.9199981689453,154.5479278564453,5142700
2024-02-06,171.4199981689453,155.00003051757812,5182700
2024-02-07,171.47000122070312,155.04525756835938,5769700
2024-02-08,173.85000610351562,157.19729614257812,9269700
2024-02-09,167.6699981689453,151.60923767089844,12731700
2024-02-12,170.61000061035156,154.26763916015625,7867500
2024-02-13,168.8800048828125,152.70335388183594,7302000
2024-02-14,167.52000427246094,151.47361755371094,5731900
2024-02-15,167.86000061035156,151.7810516357422,4451400
2024-02-16,166.32000732421875,150.38856506347656,5246000
2024-02-20,168.64999389648438,152.49534606933594,6117900
2024-02-21,168.8300018310547,152.6581268310547,4192600
2024-02-22,168.25,152.13368225097656,7539200
2024-02-23,169.60000610351562,153.35438537597656,6409800
2024-02-26,168.25999450683594,152.14271545410156,3837000
2024-02-27,168.16000366210938,152.0522918701172,3567600
2024-02-28,167.02999877929688,151.03054809570312,5275300
2024-02-29,165.33999633789062,150.64332580566406,8489400
2024-03-01,164.58999633789062,149.95999145507812,6109900
2024-03-04,165.3699951171875,150.670654296875,4303700
2024-03-05,162.0399932861328,147.63662719726562,6631300
2024-03-06,163.0,148.51132202148438,5302500
2024-03-07,163.11000061035156,148.6115264892578,5801600
2024-03-08,163.0500030517578,148.55686950683594,6065300
2024-03-11,164.72999572753906,150.08753967285156,5404800
2024-03-12,164.5399932861328,149.91444396972656,6158500
2024-03-13,165.3000030517578,150.60687255859375,4585800
2024-03-14,164.77999877929688,150.13307189941406,5155300
2024-03-15,164.66000366210938,150.0237579345703,21887300
2024-03-18,171.25999450683594,156.03709411621094,10478500
2024-03-19,171.8000030517578,156.52911376953125,7653700
2024-03-20,171.86000061035156,156.58377075195312,5046700
2024-03-21,172.4499969482422,157.121337890625,4343000
2024-03-22,172.02000427246094,156.72952270507812,4106400
2024-03-25,172.60000610351562,157.25799560546875,3941900
2024-03-26,172.72999572753906,157.37643432617188,4593000
2024-03-27,173.57000732421875,158.14178466796875,4911300
2024-03-28,175.00999450683594,159.45376586914062,5710400
2024-04-01,172.97999572753906,157.60421752929688,4815400
2024-04-02,171.44000244140625,156.2010955810547,5158500
2024-04-03,169.67999267578125,154.5975341796875,5828000
2024-04-04,169.64999389648438,154.5701904296875,5422600
2024-04-05,169.13999938964844,154.1055450439453,4412200
2024-04-08,169.5800018310547,154.5064239501953,3755700
2024-04-09,170.61000061035156,155.44488525390625,3773900
2024-04-10,168.9499969482422,153.9324188232422,4581500
2024-04-11,168.36000061035156,153.39486694335938,4241500
2024-04-12,168.10000610351562,153.1580047607422,5453500
2024-04-15,166.9499969482422,152.1102294921875,5133200
2024-04-16,167.5,152.61129760742188,4569700
2024-04-17,169.47999572753906,154.41531372070312,4069200
2024-04-18,172.27000427246094,156.95733642578125,5574700
2024-04-19,174.1300048828125,158.6519775390625,6636700
2024-04-22,176.4600067138672,160.77490234375,7288700
2024-04-23,171.22000122070312,156.0006561279297,9145000
2024-04-24,177.41000366210938,161.6404571533203,10016700
2024-04-25,176.67999267578125,160.97532653808594,7441500
2024-04-26,175.5800018310547,159.9730987548828,4472100
2024-04-29,176.13999938964844,160.48330688476562,3224500
2024-04-30,175.91000366210938,160.27374267578125,4465100
2024-05-01,175.14999389648438,159.58132934570312,4340500
2024-05-02,175.4499969482422,159.8546905517578,3964800
2024-05-03,176.14999389648438,160.49244689941406,3491900
2024-05-06,175.82000732421875,160.19175720214844,3576200
2024-05-07,178.02000427246094,162.1962432861328,3708000
2024-05-08,177.41000366210938,161.6404571533203,3400900
2024-05-09,178.05999755859375,162.23265075683594,2421400
2024-05-10,179.7899932861328,163.80889892578125,4201600
2024-05-13,180.89999389648438,164.8202362060547,4408100
2024-05-14,179.8699951171875,163.88177490234375,3508600
2024-05-15,179.4600067138672,163.5082244873047,4785100
2024-05-16,183.11000061035156,166.83377075195312,5984700
2024-05-17,182.19000244140625,165.99557495117188,4449100
2024-05-20,180.30999755859375,164.28265380859375,3221100
2024-05-21,181.0800018310547,164.98423767089844,3288100
2024-05-22,182.08999633789062,165.9044647216797,4047000
2024-05-23,179.27000427246094,163.3351287841797,4009000
2024-05-24,177.99000549316406,162.1688995361328,3447400
2024-05-28,173.3800048828125,157.96865844726562,6178100
2024-05-29,171.14999389648438,155.93687438964844,5352100
2024-05-30,170.47999572753906,155.32643127441406,3903100
2024-05-31,172.89999389648438,157.53131103515625,8155600
2024-06-03,171.22999572753906,156.009765625,5032400
2024-06-04,173.88999938964844,158.43331909179688,4619100
2024-06-05,173.49000549316406,158.0688934326172,5370700
2024-06-06,173.1999969482422,157.8046417236328,5536700
2024-06-07,171.0399932861328,157.06541442871094,3521100
2024-06-10,165.89999389648438,152.34539794921875,9429400
2024-06-11,165.07000732421875,151.58322143554688,8284500
2024-06-12,163.8300018310547,150.4445037841797,6281100
2024-06-13,163.3300018310547,149.98538208007812,5432600
2024-06-14,163.80999755859375,150.4261474609375,3603300
2024-06-17,166.13999938964844,152.56578063964844,5412200
2024-06-18,166.47999572753906,152.87799072265625,3519500
2024-06-20,166.67999267578125,153.06166076660156,4942400
2024-06-21,167.27999877929688,153.61264038085938,10899100
2024-06-24,168.0800018310547,154.3472900390625,4476900
2024-06-25,167.35000610351562,153.6769256591797,4217300
2024-06-26,166.74000549316406,153.1167755126953,4778300
2024-06-27,166.25999450683594,152.6759796142578,4326500
2024-06-28,164.92999267578125,151.45462036132812,8755900
2024-07-01,162.88999938964844,149.58128356933594,4508000
2024-07-02,163.5800018310547,150.21493530273438,4650800
2024-07-03,162.60000610351562,149.3150177001953,2879600
2024-07-05,164.38999938964844,150.95877075195312,4208200
2024-07-08,162.1199951171875,148.8742218017578,5268800
2024-07-09,161.89999389648438,148.67221069335938,5801200
2024-07-10,163.58999633789062,150.22410583496094,7372300
2024-07-11,163.9499969482422,150.55471801757812,10258600
2024-07-12,166.3800048828125,152.7861785888672,6677000
2024-07-15,163.86000061035156,150.47207641601562,4551800
2024-07-16,164.75999450683594,151.2985382080078,4461700
2024-07-17,169.88999938964844,156.0093994140625,7671000
2024-07-18,170.3699951171875,156.45018005371094,6228600
2024-07-19,169.36000061035156,155.522705078125,5332800
2024-07-22,167.66000366210938,153.96160888671875,5308400
2024-07-23,166.27999877929688,152.69435119628906,3344300
2024-07-24,168.1699981689453,154.429931640625,5867000
2024-07-25,171.02000427246094,157.0470733642578,6270900
2024-07-26,172.75,158.63571166992188,5746300
2024-07-29,173.2100067138672,159.0581512451172,4152700
2024-07-30,173.17999267578125,159.0305633544922,4994600
2024-07-31,172.6699981689453,158.56224060058594,6245600
2024-08-01,174.9600067138672,160.66519165039062,5994500
2024-08-02,178.0399932861328,163.49351501464844,6856100
2024-08-05,174.0399932861328,159.82029724121094,7502300
2024-08-06,172.49000549316406,158.39695739746094,7287100
2024-08-07,171.7899932861328,157.75413513183594,5428900
2024-08-08,172.3699951171875,158.28677368164062,5112500
2024-08-09,172.38999938964844,158.3051300048828,3223000
2024-08-12,171.4199981689453,157.4143829345703,3802300
2024-08-13,172.3699951171875,158.28677368164062,3894700
2024-08-14,173.7100067138672,159.51730346679688,3555800
2024-08-15,172.52000427246094,158.4245147705078,4472100
2024-08-16,172.6199951171875,158.51634216308594,4614600
2024-08-19,173.82000732421875,159.61831665039062,3521700
2024-08-20,175.85000610351562,161.48243713378906,5330100
2024-08-21,175.2100067138672,160.89471435546875,4020700
2024-08-22,175.74000549316406,161.3814239501953,5265900
2024-08-23,175.8699951171875,161.50082397460938,5283600
2024-08-26,175.97000122070312,161.59262084960938,4146700
2024-08-27,175.3000030517578,160.9773712158203,3520600
2024-08-28,173.9199981689453,159.7101287841797,3915500
2024-08-29,172.08999633789062,158.02964782714844,4654300
2024-08-30,172.8800048828125,158.755126953125,8677300
2024-09-03,177.5399932861328,163.0343475341797,7032100
2024-09-04,178.52000427246094,163.93429565429688,6188500
2024-09-05,179.3000030517578,164.6505584716797,5743100
2024-09-06,177.33999633789062,164.0907440185547,6395300
2024-09-09,178.19000244140625,164.8772735595703,4666200
2024-09-10,177.80999755859375,164.52565002441406,4315800
2024-09-11,175.77999877929688,162.64730834960938,4036000
2024-09-12,177.25,164.0074920654297,4222800
2024-09-13,177.36000061035156,164.10926818847656,3290400
2024-09-16,177.2100067138672,163.97048950195312,4940100
2024-09-17,176.8699951171875,163.6558837890625,6305100
2024-09-18,175.2100067138672,162.11988830566406,5307900
2024-09-19,174.66000366210938,161.61097717285156,5504000
2024-09-20,171.17999267578125,158.39097595214844,12198400
2024-09-23,172.11000061035156,159.2515106201172,5350300
2024-09-24,169.9199981689453,157.22512817382812,7837900
2024-09-25,169.39999389648438,156.7439727783203,4505100
2024-09-26,169.69000244140625,157.01231384277344,5673600
2024-09-27,170.0,157.29913330078125,7545800
2024-09-30,170.0500030517578,157.3454132080078,5054300
2024-10-01,171.3800048828125,158.5760498046875,7095900
2024-10-02,169.5500030517578,156.8827667236328,5786000
2024-10-03,168.52999877929688,155.93894958496094,5090300
2024-10-04,167.97000122070312,155.42079162597656,4390100
2024-10-07,167.2100067138672,154.7176055908203,5459500
2024-10-08,170.4199981689453,157.68772888183594,8297800
2024-10-09,172.5399932861328,159.6493682861328,7177500
2024-10-10,172.99000549316406,160.0657501220703,5292400
2024-10-11,174.80999755859375,161.74978637695312,4720300
2024-10-14,176.10000610351562,162.94342041015625,4535900
2024-10-15,175.89999389648438,162.75836181640625,5802300
2024-10-16,174.47999572753906,161.44442749023438,4400900
2024-10-17,174.6699981689453,161.62022399902344,4125900
2024-10-18,175.05999755859375,161.98110961914062,5097000
2024-10-21,175.00999450683594,161.93482971191406,6436300
2024-10-22,174.3699951171875,161.34266662597656,3790500
2024-10-23,172.9499969482422,160.0287322998047,3800700
2024-10-24,172.16000366210938,159.2977752685547,4244900
2024-10-25,171.7899932861328,158.9553985595703,4442600
2024-10-28,169.83999633789062,157.15109252929688,5186400
2024-10-29,167.5,154.98590087890625,5127900
2024-10-30,166.2100067138672,153.79229736328125,4801500
2024-10-31,166.0800018310547,153.6719970703125,5582400
2024-11-01,165.58999633789062,153.21859741210938,6339000
2024-11-04,166.33999633789062,153.91256713867188,4885500
2024-11-05,167.85000610351562,155.30975341796875,3678300
2024-11-06,164.7100067138672,152.4043731689453,7849300
2024-11-07,164.0,151.74737548828125,5333500
2024-11-08,165.11000061035156,152.77447509765625,4618300
2024-11-11,164.25999450683594,151.98797607421875,3762000
2024-11-12,164.33999633789062,152.06199645996094,5386600
2024-11-13,164.74000549316406,152.43212890625,4145000
2024-11-14,165.14999389648438,152.81146240234375,5422700
2024-11-15,158.6199951171875,146.7693634033203,9108900
2024-11-18,158.3300018310547,146.50100708007812,6991300
2024-11-19,156.72000122070312,145.01129150390625,8248900
2024-11-20,158.74000549316406,146.88038635253906,5067300
2024-11-21,160.33999633789062,148.36082458496094,5977000
2024-11-22,162.0,149.89682006835938,5846300
2024-11-25,163.0500030517578,150.86837768554688,8580400
2024-11-26,162.16000366210938,150.0448760986328,4653600
2024-11-27,162.72000122070312,150.56300354003906,3622900
2024-11-29,163.4499969482422,151.23849487304688,2799300
2024-12-02,163.0500030517578,150.86837768554688,4967400
2024-12-03,161.6999969482422,149.61924743652344,4277400
2024-12-04,160.17999267578125,148.21278381347656,6964600
2024-12-05,160.49000549316406,148.49964904785156,5229600
2024-12-06,157.7899932861328,147.24449157714844,8359200
2024-12-09,159.47000122070312,148.81224060058594,8380400
2024-12-10,159.83999633789062,149.1575164794922,5329400
2024-12-11,156.77000427246094,146.29270935058594,7925900
2024-12-12,158.89999389648438,148.2803497314453,6849500
2024-12-13,157.97000122070312,147.41249084472656,4353900
2024-12-16,156.02000427246094,145.5928192138672,6696500
2024-12-17,156.13999938964844,145.70480346679688,6572600
2024-12-18,154.42999267578125,144.10906982421875,7620900
2024-12-19,151.47000122070312,141.34690856933594,9829500
2024-12-20,152.7899932861328,142.5786895751953,19205200
2024-12-23,151.2899932861328,141.1789093017578,6822200
2024-12-24,152.80999755859375,142.59735107421875,3399800
2024-12-26,152.44000244140625,142.2520751953125,5528500
2024-12-27,152.88999938964844,142.6719970703125,4287000
2024-12-30,151.72000122070312,141.58021545410156,5397000
2024-12-31,152.05999755859375,141.89747619628906,4274800
2025-01-02,150.2100067138672,140.17112731933594,4970200
2025-01-03,149.64999389648438,139.64852905273438,5218100
2025-01-06,146.27000427246094,136.4944305419922,9470600
2025-01-07,145.39999389648438,135.6825714111328,7473300
2025-01-08,146.5399932861328,136.74639892578125,6791800
2025-01-10,142.63999938964844,133.1070556640625,9632700
2025-01-13,144.5,134.8427276611328,8101400
2025-01-14,144.9499969482422,135.26266479492188,6996400
2025-01-15,144.77999877929688,135.10401916503906,7141600
2025-01-16,146.5399932861328,136.74639892578125,5068000
2025-01-17,148.25,138.3421173095703,7338900
2025-01-21,148.5500030517578,138.62205505371094,7456200
2025-01-22,148.08999633789062,138.1928253173828,5905100
2025-01-23,148.6199951171875,138.68739318847656,4759100
2025-01-24,149.1199951171875,139.15396118164062,4509600
2025-01-27,154.61000061035156,144.27706909179688,9820600
2025-01-28,150.25,140.2084503173828,6349700
2025-01-29,150.3699951171875,140.3204345703125,4874100
2025-01-30,151.89999389648438,141.74818420410156,4671300
2025-01-31,150.69000244140625,140.61903381347656,4905500
2025-02-03,150.27000427246094,140.22711181640625,7196200
2025-02-04,143.49000549316406,133.90023803710938,12804900
2025-02-05,145.66000366210938,135.92520141601562,9248100
2025-02-06,145.35000610351562,135.6359405517578,5604900
2025-02-07,144.5800018310547,134.91737365722656,5872300
2025-02-10,144.35000610351562,134.70277404785156,8715400
2025-02-11,145.63999938964844,135.90652465820312,6354000
2025-02-12,143.99000549316406,134.3668212890625,6658200
2025-02-13,144.5800018310547,134.91737365722656,7175300
2025-02-14,143.38999938964844,133.80691528320312,5001800
2025-02-18,144.10000610351562,134.46946716308594,8738700
2025-02-19,145.80999755859375,136.065185546875,5777300
2025-02-20,149.10000610351562,139.1352996826172,6789800
2025-02-21,153.5,143.2412567138672,10604400
2025-02-24,153.85000610351562,143.56785583496094,7187000
2025-02-25,156.4199981689453,145.96609497070312,9474600
2025-02-26,151.50999450683594,141.3842315673828,9076500
2025-02-27,152.02000427246094,141.86016845703125,6731000
2025-02-28,153.47000122070312,143.21322631835938,8455500
2025-03-03,155.99000549316406,145.56483459472656,8321700
2025-03-04,154.19000244140625,143.8851318359375,10274200
2025-03-05,153.8800048828125,143.59584045410156,5578700
2025-03-06,154.61000061035156,144.27706909179688,8421000
2025-03-07,154.44000244140625,145.39263916015625,8997700
2025-03-10,156.25,147.09658813476562,11156900
2025-03-11,152.3300018310547,143.40625,7981600
2025-03-12,148.1699981689453,139.48992919921875,8330200
2025-03-13,148.33999633789062,139.64999389648438,5351100
2025-03-14,148.58999633789062,139.88534545898438,5277500
2025-03-17,151.33999633789062,142.4742431640625,5449500
2025-03-18,148.99000549316406,140.2618865966797,8158600
2025-03-19,148.11000061035156,139.43344116210938,6080100
2025-03-20,147.14999389648438,138.52969360351562,4536400
2025-03-21,145.4499969482422,136.9292755126953,11574800
2025-03-24,146.4499969482422,137.87069702148438,5968900
2025-03-25,145.5399932861328,137.0139923095703,4763300
2025-03-26,148.63999938964844,139.93240356445312,5882200
2025-03-27,149.6699981689453,140.9020538330078,5397500
2025-03-28,149.27000427246094,140.52548217773438,8550900
2025-03-31,149.94000244140625,141.15625,9985700
2025-04-01,149.6699981689453,140.9020538330078,6072800
2025-04-02,149.1199951171875,140.38429260253906,5866200
2025-04-03,151.3699951171875,142.50247192382812,8216200
2025-04-04,146.61000061035156,138.02133178710938,12911400
2025-04-07,143.19000244140625,134.8016815185547,14423200
2025-04-08,140.3000030517578,132.0809783935547,9488900
2025-04-09,145.58999633789062,137.06109619140625,14067000
2025-04-10,144.13999938964844,135.69601440429688,10980300
2025-04-11,144.42999267578125,135.96902465820312,8563300
2025-04-14,146.75,138.15313720703125,5393800
2025-04-15,142.83999633789062,134.47218322753906,5459600
2025-04-16,140.08999633789062,131.88327026367188,7878600
2025-04-17,142.83999633789062,134.47218322753906,6131400
2025-04-21,141.72999572753906,133.4272003173828,7412800
2025-04-22,143.4600067138672,135.0558624267578,7144700
2025-04-23,142.25999450683594,133.92616271972656,7760000
2025-04-24,135.30999755859375,127.38330841064453,15577300
2025-04-25,133.3800048828125,125.56637573242188,11544700
2025-04-28,133.75999450683594,125.9240951538086,8498600
2025-04-29,134.30999755859375,126.44187927246094,7010700
2025-04-30,135.5800018310547,127.63750457763672,7923500
2025-05-01,133.5500030517578,125.72642517089844,6807000
2025-05-02,133.75,125.9146957397461,7169700
2025-05-05,131.99000549316406,124.2577896118164,8972200
2025-05-06,130.74000549316406,123.0810317993164,6889900
2025-05-07,131.9199981689453,124.19189453125,6313200
2025-05-08,131.42999267578125,123.7305908203125,6392400
2025-05-09,130.44000244140625,122.79859924316406,4770500
2025-05-12,131.67999267578125,123.96595001220703,8392700
2025-05-13,130.30999755859375,122.67620849609375,8650200
2025-05-14,128.4499969482422,120.92517852783203,10463000
2025-05-15,131.5,123.79649353027344,9165100
2025-05-16,131.97999572753906,124.24837493896484,8896400
2025-05-19,131.7899932861328,124.06950378417969,9406200
2025-05-20,131.8000030517578,124.07893371582031,7624200
2025-05-21,130.14999389648438,122.52557373046875,9243700
2025-05-22,130.1199951171875,122.49734497070312,7140200
2025-05-23,129.33999633789062,121.76303100585938,8122500
2025-05-27,131.3699951171875,123.67410278320312,13974800
2025-05-28,130.6699981689453,123.0151138305664,9431500
2025-05-29,131.9199981689453,124.19189453125,6656900
2025-05-30,131.4499969482422,123.74942779541016,12992100
2025-06-02,130.91000366210938,123.24107360839844,6723700
2025-06-03,131.85000610351562,124.12599182128906,7339500
2025-06-04,131.74000549316406,124.02244567871094,6519700
2025-06-05,131.11000061035156,123.42932891845703,9560800
2025-06-06,130.02999877929688,123.75579833984375,7628200
2025-06-09,129.9600067138672,123.68917083740234,8453100
2025-06-10,131.8300018310547,125.46893310546875,11852900
2025-06-11,129.89999389648438,123.6320571899414,9168400
2025-06-12,132.3000030517578,125.916259765625,11444900
2025-06-13,130.85000610351562,124.53623962402344,9581000
2025-06-16,131.41000366210938,125.0692138671875,11183700
2025-06-17,129.2899932861328,123.05150604248047,10235200
2025-06-18,129.07000732421875,122.84213256835938,8785800
2025-06-20,129.07000732421875,122.84213256835938,23001000
2025-06-23,129.08999633789062,122.86116027832031,12840400
2025-06-24,131.0500030517578,124.72657775878906,9226800
2025-06-25,128.02000427246094,121.84278106689453,10922600
2025-06-26,128.22000122070312,122.03313446044922,11538100
2025-06-27,131.0399932861328,124.71704864501953,26536500
2025-06-30,132.0399932861328,125.66879272460938,11402400
2025-07-01,135.25999450683594,128.7334442138672,12846700
2025-07-02,136.47999572753906,129.89456176757812,9388700
2025-07-03,135.3800048828125,128.84765625,4941400
2025-07-07,134.4499969482422,127.96251678466797,7773700
2025-07-08,135.0399932861328,128.52403259277344,7718300
2025-07-09,134.47999572753906,127.99105834960938,7762600
2025-07-10,136.0800018310547,129.5138702392578,8869700
2025-07-11,135.25999450683594,128.7334442138672,7963600
2025-07-14,135.57000732421875,129.0284881591797,8480300
2025-07-15,133.80999755859375,127.35340118408203,8933500
2025-07-16,135.35000610351562,128.81910705566406,10941600
2025-07-17,145.44000244140625,138.4222412109375,26161000
2025-07-18,143.24000549316406,136.32839965820312,13752800
2025-07-21,141.6999969482422,134.86268615722656,9025600
2025-07-22,146.0399932861328,138.99327087402344,8281500
2025-07-23,145.66000366210938,138.63162231445312,6166000
2025-07-24,144.50999450683594,137.53709411621094,9749400
2025-07-25,143.4499969482422,136.5282745361328,7021600
2025-07-28,141.57000732421875,134.7389678955078,10639100
2025-07-29,143.88999938964844,136.947021484375,6282900
2025-07-30,142.86000061035156,135.9667205810547,9738400
2025-07-31,137.9199981689453,131.26507568359375,11689700
2025-08-01,139.27999877929688,132.55946350097656,7630500
2025-08-04,139.55999755859375,132.82595825195312,8384700
2025-08-05,139.4499969482422,132.72125244140625,5535100
2025-08-06,140.8000030517578,134.00613403320312,6747400
2025-08-07,143.9199981689453,136.97557067871094,7674600
2025-08-08,145.2100067138672,138.2033233642578,5315100
2025-08-11,144.8699951171875,137.87974548339844,5773400
2025-08-12,146.8699951171875,139.78321838378906,7668700
2025-08-13,149.35000610351562,142.14356994628906,6147000
2025-08-14,148.6199951171875,141.44879150390625,6892500
2025-08-15,150.39999389648438,143.1428985595703,9162200
2025-08-18,149.5500030517578,142.3339080810547,9901000
2025-08-19,152.16000366210938,144.8179931640625,8596900
2025-08-20,150.72999572753906,143.45697021484375,10023500
2025-08-21,148.97999572753906,141.7914276123047,8153600
2025-08-22,149.63999938964844,142.41958618164062,5218000
2025-08-25,148.1999969482422,141.04905700683594,6624300
2025-08-26,147.0,139.90695190429688,11208100
2025-08-27,147.63999938964844,140.5160675048828,8092900
2025-08-28,146.97999572753906,139.88790893554688,9265100
2025-08-29,148.64999389648438,141.4773406982422,7760700
2025-09-02,150.27999877929688,143.0286865234375,17348600
2025-09-03,148.63999938964844,141.46780395507812,11259200
2025-09-04,146.88999938964844,139.80227661132812,6342200
2025-09-05,146.38999938964844,140.68931579589844,7186300
2025-09-08,141.7100067138672,136.1915740966797,11127600
2025-09-09,143.10000610351562,137.52745056152344,5866400
2025-09-10,142.66000366210938,137.10458374023438,6015100
2025-09-11,144.22999572753906,138.61343383789062,6144400
2025-09-12,143.52999877929688,137.94068908691406,5713700
2025-09-15,140.63999938964844,135.16323852539062,7279600
2025-09-16,140.02999877929688,134.57699584960938,9283500
2025-09-17,141.22999572753906,135.73025512695312,6092900
2025-09-18,140.72999572753906,135.24974060058594,6106600
2025-09-19,141.75999450683594,136.23960876464844,12365500
2025-09-22,141.02999877929688,135.5380401611328,5797600
2025-09-23,141.89999389648438,136.37416076660156,6356500
2025-09-24,142.1699981689453,136.63365173339844,5949100
2025-09-25,139.9199981689453,134.47128295898438,7101700
2025-09-26,140.44000244140625,134.97103881835938,6224700
2025-09-29,140.1699981689453,134.71153259277344,11930200
2025-09-30,140.44000244140625,134.97103881835938,7583400
2025-10-01,143.13999938964844,137.5658721923828,5880800
2025-10-02,142.30999755859375,136.76820373535156,4497300
2025-10-03,141.97999572753906,136.4510498046875,5425700
2025-10-06,139.6999969482422,134.2598419189453,6750700
2025-10-07,140.7899932861328,135.30738830566406,6110300
2025-10-08,138.83999633789062,133.43331909179688,8256700
2025-10-09,144.7100067138672,139.0747528076172,13706600
2025-10-10,150.0800018310547,144.23562622070312,17545200
2025-10-13,148.88999938964844,143.0919647216797,7272000
2025-10-14,151.5399932861328,145.63877868652344,8371100
2025-10-15,151.16000366210938,145.27359008789062,6101100
2025-10-16,152.6699981689453,146.7247772216797,8532900
2025-10-17,153.7100067138672,147.72427368164062,6710100
2025-10-20,153.63999938964844,147.65699768066406,4810600
2025-10-21,153.17999267578125,147.21490478515625,5614300
2025-10-22,153.02999877929688,147.07073974609375,6486000
2025-10-23,151.50999450683594,145.60992431640625,6091800
2025-10-24,151.5500030517578,145.64840698242188,3580200
2025-10-27,152.6300048828125,146.68634033203125,4744600
2025-10-28,150.1199951171875,144.2740478515625,5626500
2025-10-29,146.16000366210938,140.46827697753906,7767600
2025-10-30,147.5500030517578,141.8041534423828,5752700
2025-10-31,146.08999633789062,140.4010009765625,6313600
2025-11-03,143.60000610351562,138.0079803466797,8331500
2025-11-04,142.89999389648438,137.33523559570312,8302900
2025-11-05,142.86000061035156,137.29678344726562,7136400
2025-11-06,141.5800018310547,136.06663513183594,6449400
2025-11-07,142.9499969482422,137.38328552246094,7592300
2025-11-10,142.6199951171875,137.06614685058594,6617500
2025-11-11,145.0800018310547,139.43032836914062,7683600
2025-11-12,144.38999938964844,138.76719665527344,5790100
2025-11-13,145.02000427246094,139.37266540527344,6663300
2025-11-14,145.85000610351562,140.1703643798828,5770500
2025-11-17,147.8300018310547,142.07325744628906,7320200
2025-11-18,148.77000427246094,142.9766387939453,10821500
2025-11-19,147.11000061035156,141.38128662109375,8123200
2025-11-20,146.10000610351562,140.41061401367188,6878900
2025-11-21,146.3300018310547,140.63165283203125,7911800
2025-11-24,145.5,139.83399963378906,9391400
2025-11-25,146.11000061035156,140.4202423095703,8954000
2025-11-26,147.97999572753906,142.2174072265625,5180600
2025-11-28,148.74000549316406,142.9478302001953,2969300
2025-12-01,149.50999450683594,143.6878204345703,7623300
2025-12-02,148.61000061035156,142.8228759765625,6830300
2025-12-03,148.05999755859375,142.29429626464844,5109200
2025-12-04,146.91000366210938,141.18907165527344,6803000
2025-12-05,145.02000427246094,140.73587036132812,5971300
2025-12-08,145.6300048828125,141.32786560058594,6327400
2025-12-09,144.63999938964844,140.36709594726562,10035200
2025-12-10,149.6999969482422,145.27761840820312,18526400
2025-12-11,149.0399932861328,144.63710021972656,7854000
2025-12-12,150.64999389648438,146.19955444335938,8143100
2025-12-15,151.22000122070312,146.75271606445312,8409600
2025-12-16,150.3699951171875,145.92782592773438,7520300
2025-12-17,150.0800018310547,145.64639282226562,8067100
2025-12-18,149.3699951171875,144.95736694335938,6643200
2025-12-19,148.16000366210938,143.7831268310547,17543500
2025-12-22,147.0500030517578,142.70591735839844,8818700
2025-12-23,143.67999267578125,139.43545532226562,7254800
2025-12-24,143.74000549316406,139.4936981201172,2618700
2025-12-26,143.77999877929688,139.53250122070312,4975500
2025-12-29,144.24000549316406,139.97891235351562,7201900
2025-12-30,144.16000366210938,139.9012908935547,4713800
2025-12-31,143.52000427246094,139.2801971435547,4380300
2026-01-02,142.22999572753906,138.02828979492188,7182100
2026-01-05,139.9199981689453,135.7865447998047,9031400
2026-01-06,138.9600067138672,134.8549041748047,9576500
2026-01-07,137.00999450683594,132.96250915527344,8539800
2026-01-08,139.3699951171875,135.25279235839844,8762800
2026-01-09,139.91000366210938,135.77684020996094,6767600
2026-01-12,141.36000061035156,137.18399047851562,12223400
2026-01-13,143.47999572753906,139.2413787841797,9030200
2026-01-14,145.9199981689453,141.6092987060547,8329500
2026-01-15,146.57000732421875,142.24009704589844,5797800
2026-01-16,146.32000732421875,141.9974822998047,10313500
2026-01-20,147.66000366210938,143.2978973388672,9982800
2026-01-21,146.74000549316406,142.4050750732422,7679600
2026-01-22,144.39999389648438,140.13418579101562,8167400
2026-01-23,144.5800018310547,140.30886840820312,5870100
2026-01-26,145.8699951171875,141.5607452392578,6589600
2026-01-27,148.77999877929688,144.38479614257812,7114900
2026-01-28,148.5,144.11305236816406,5954100
2026-01-29,148.69000244140625,144.29745483398438,9062300
2026-01-30,153.6300048828125,149.09153747558594,12641300
2026-02-02,155.1999969482422,150.61512756347656,14660500
2026-02-03,162.85000610351562,158.03915405273438,19096400
2026-02-04,166.17999267578125,161.27076721191406,13322900
2026-02-05,167.52999877929688,162.58090209960938,11038800
2026-02-06,170.49000549316406,165.45346069335938,10960400
2026-02-09,166.47000122070312,161.5522003173828,10316200
2026-02-10,166.97000122070312,162.0374298095703,10352500
2026-02-11,169.14999389648438,164.1530303955078,6733400
2026-02-12,167.1999969482422,162.26065063476562,9516300
2026-02-13,165.94000244140625,161.0378875732422,9286100
2026-02-17,161.9199981689453,157.13662719726562,8749800
2026-02-18,164.38999938964844,159.53366088867188,7239800
2026-02-19,164.58999633789062,159.72775268554688,6155800
2026-02-20,164.94000244140625,160.06741333007812,4811800
2026-02-23,168.32000732421875,163.34756469726562,6801600
2026-02-24,169.5399932861328,164.53150939941406,6319800
2026-02-25,169.1699981689453,164.1724395751953,6832700
2026-02-26,167.5800018310547,162.62940979003906,7219300
2026-02-27,169.74000549316406,164.72561645507812,10585200
2026-03-02,167.27999877929688,162.33827209472656,7264000
2026-03-03,164.91000366210938,160.03829956054688,6718100
2026-03-04,163.9199981689453,159.07752990722656,6855400
2026-03-05,160.6999969482422,155.95265197753906,7133700
2026-03-06,159.42999267578125,156.1024627685547,5937900
2026-03-09,161.52999877929688,158.15863037109375,6416000
2026-03-10,160.77999877929688,157.42428588867188,5341300
2026-03-11,160.14999389648438,156.80743408203125,4359700
2026-03-12,158.86000061035156,155.5443572998047,6165600
2026-03-13,159.8800048828125,156.54307556152344,4676800
2026-03-16,157.72000122070312,154.42816162109375,4498700
2026-03-17,156.5,153.23362731933594,5460200
2026-03-18,153.5399932861328,150.33538818359375,5124400
2026-03-19,152.74000549316406,149.55209350585938,5555500
2026-03-20,150.0399932861328,146.908447265625,14480700
2026-03-23,150.8800048828125,147.73092651367188,6783000
2026-03-24,150.58999633789062,147.4469757080078,5803700
2026-03-25,151.72999572753906,148.56317138671875,4978500
2026-03-26,150.8300018310547,147.6819610595703,5677100
2026-03-27,153.0399932861328,149.84584045410156,6663600
2026-03-30,156.82000732421875,153.5469512939453,10386800
2026-03-31,155.2899932861328,152.0488739013672,8033800
2026-04-01,154.64999389648438,151.42222595214844,5412600
2026-04-02,157.00999450683594,153.7329559326172,5410000
2026-04-06,156.72999572753906,153.45880126953125,3562500
2026-04-07,153.2100067138672,150.01229858398438,5151100
2026-04-08,154.8000030517578,151.569091796875,6878500
2026-04-09,157.49000549316406,154.2029571533203,4339400
2026-04-10,157.05999755859375,153.7819366455078,4412700
2026-04-13,155.8800048828125,152.62655639648438,5827800
2026-04-14,155.72000122070312,152.4698944091797,5655800
2026-04-15,154.85000610351562,151.61807250976562,7684800
2026-04-16,158.3800048828125,155.0743865966797,10422100
2026-04-17,157.6699981689453,154.3791961669922,7799900
2026-04-20,156.99000549316406,153.71339416503906,5731000
2026-04-21,154.9199981689453,151.68658447265625,6357300
2026-04-22,153.7899932861328,150.58016967773438,5921300
2026-04-23,155.6999969482422,152.4503173828125,6077600
2026-04-24,155.44000244140625,152.19573974609375,5364900
2026-04-27,154.10000610351562,150.8837127685547,4077000
2026-04-28,156.2899932861328,153.0279998779297,5174300
2026-04-29,155.2899932861328,152.0488739013672,4047600
2026-04-30,158.49000549316406,155.1820831298828,7065100
2026-05-01,157.41000366210938,154.12461853027344,4447300
2026-05-04,154.58999633789062,151.3634796142578,5330800
2026-05-05,155.0399932861328,151.8040771484375,6200100
2026-05-06,155.9600067138672,152.70489501953125,5296600
2026-05-07,156.2899932861328,153.0279998779297,4464000
2026-05-08,154.6199951171875,151.39285278320312,4934400
2026-05-11,149.41000366210938,146.29159545898438,8373300
2026-05-12,151.85000610351562,148.68067932128906,6250700
2026-05-13,149.27000427246094,146.15452575683594,5524900
2026-05-14,148.6699981689453,145.56704711914062,5022200
2026-05-15,149.1199951171875,146.0076446533203,6230600
2026-05-18,149.05999755859375,145.94891357421875,8799400
2026-05-19,150.3699951171875,147.23155212402344,10093900
2026-05-20,149.2899932861328,146.17408752441406,7425800
2026-05-21,148.85000610351562,145.7432861328125,6123100
2026-05-22,150.57000732421875,147.42739868164062,7774400
2026-05-26,145.67999267578125,142.6394500732422,9059200
2026-05-27,147.74000549316406,144.65646362304688,7404500
2026-05-28,146.2899932861328,143.23670959472656,7625200
2026-05-29,144.19000244140625,141.1805419921875,12776400
2026-06-01,141.52000427246094,138.5662841796875,8077300
2026-06-02,142.0,139.0362548828125,7864700
2026-06-03,142.5399932861328,139.56497192382812,6225100
2026-06-04,142.14999389648438,139.18312072753906,8089800
2026-06-05,141.9199981689453,140.41990661621094,13228700
2026-06-08,140.67999267578125,139.19300842285156,8800500
2026-06-09,142.77999877929688,141.2708282470703,10390200
2026-06-10,144.32000732421875,142.7945556640625,11249200
2026-06-11,143.72999572753906,142.21078491210938,8653900
2026-06-12,144.27000427246094,142.74508666992188,6781700
2026-06-15,146.25,144.7041473388672,8976400
2026-06-16,146.1199951171875,144.5755157470703,9345200
2026-06-17,141.58999633789062,140.09339904785156,10126600
2026-06-18,142.02000427246094,140.51885986328125,19130300
2026-06-22,140.7100067138672,139.22271728515625,10345000
2026-06-23,142.0500030517578,140.5485382080078,7589000
2026-06-24,142.27000427246094,140.76622009277344,8324100
2026-06-25,139.52000427246094,138.0452880859375,7333300
2026-06-26,141.38999938964844,139.89552307128906,9735700
2026-06-29,138.67999267578125,137.2141571044922,10042400
2026-06-30,135.39999389648438,133.9688262939453,14148300
2026-07-01,141.16000366210938,139.66795349121094,9391700
2026-07-02,144.22000122070312,142.6956024169922,13040200
2026-07-06,143.2899932861328,141.77542114257812,9006600
2026-07-07,144.97999572753906,143.44757080078125,9256700
2026-07-08,142.50999450683594,141.00367736816406,8997900
2026-07-09,137.86000061035156,136.40283203125,18763700
2026-07-10,137.3800048828125,135.9279022216797,9074900
2026-07-13,138.49000549316406,137.0261688232422,6716300
2026-07-14,135.4499969482422,134.01829528808594,8518600
2026-07-15,135.39999389648438,133.9688262939453,8078300
2026-07-16,139.42999267578125,137.9562225341797,7805600
2026-07-17,137.1199951171875,135.67063903808594,8579300
2026-07-20,135.4600067138672,134.0281982421875,8758700
2026-07-21,135.0,133.57305908203125,7989500
2026-07-22,135.64999389648438,134.2161865234375,6198700
2026-07-23,134.9499969482422,133.52359008789062,7755700
2026-07-24,136.63999938964844,135.1957244873047,7968300
2026-07-27,139.7899932861328,138.3124237060547,7237900
2026-07-28,142.86000061035156,141.3499755859375,10648800
2026-07-29,143.5,141.98321533203125,8390800
2026-07-30,140.1999969482422,138.7180938720703,8253100
2026-07-31,139.55999755859375,138.08485412597656,9699400
2026-08-03,139.6300048828125,138.1541290283203,6645300
2026-08-04,139.10000610351562,137.62973022460938,8525200
2026-08-05,138.77999877929688,137.3131103515625,6257600
2026-08-06,138.44000244140625,136.97669982910156,8510300
2026-08-07,139.02000427246094,137.55056762695312,4734000
2026-08-10,137.72999572753906,136.27420043945312,5883800
2026-08-11,138.41000366210938,136.947021484375,5823900
2026-08-12,138.6999969482422,137.23394775390625,5472700
2026-08-13,140.6199951171875,139.13365173339844,6246700
2026-08-14,140.7899932861328,139.30184936523438,3867000
2026-08-17,138.24000549316406,136.77882385253906,6856200
2026-08-18,140.1300048828125,138.64883422851562,6224700
2026-08-19,142.5800018310547,141.07293701171875,6954200
2026-08-20,142.0800018310547,140.57823181152344,5350000
2026-08-21,143.47999572753906,141.9634246826172,6627600
2026-08-24,144.6699981689453,143.14085388183594,5997000
2026-08-25,142.27000427246094,140.76622009277344,10194100
2026-08-26,142.19000244140625,140.6870574951172,8577000
2026-08-27,139.72000122070312,138.2431640625,6241300
2026-08-28,141.07000732421875,139.5789031982422,5465100
2026-08-31,140.33999633789062,138.8566131591797,6555600
2026-09-01,139.7899932861328,138.3124237060547,5529500
2026-09-02,140.52000427246094,139.0347137451172,7054500
2026-09-03,140.02000427246094,138.54000854492188,10320000
2026-09-04,137.6300048828125,137.6300048828125,6138900
2026-09-08,138.4499969482422,138.4499969482422,10086300
2026-09-09,136.69000244140625,136.69000244140625,7371700
2026-09-10,136.64999389648438,136.64999389648438,7445600
2026-09-11,136.32000732421875,136.32000732421875,8767100
2026-09-14,136.33999633789062,136.33999633789062,10764800
2026-09-15,135.5,135.5,8173500
2026-09-16,134.33999633789062,134.33999633789062,6880700
2026-09-17,133.66000366210938,133.66000366210938,10553600
2026-09-18,129.75,129.75,23539900
2026-09-21,129.58999633789062,129.58999633789062,12011300
2026-09-22,131.19000244140625,131.19000244140625,7740400
2026-09-23,130.17999267578125,130.17999267578125,8173400
2026-09-24,128.14999389648438,128.14999389648438,9642900
