Date,close,adjclose,volume
2014-12-01,15.442667007446289,15.442667007446289,129291000
2014-12-02,15.428667068481445,15.428667068481445,88305000
2014-12-03,15.286666870117188,15.286666870117188,79615500
2014-12-04,15.218667030334473,15.218667030334473,57834000
2014-12-05,14.913999557495117,14.913999557495117,90954000
2014-12-08,14.290666580200195,14.290666580200195,138384000
2014-12-09,14.459333419799805,14.459333419799805,141472500
2014-12-10,13.989333152770996,13.989333152770996,109711500
2014-12-11,13.925333023071289,13.925333023071289,100416000
2014-12-12,13.800000190734863,13.800000190734863,107607000
2014-12-15,13.602666854858398,13.602666854858398,78274500
2014-12-16,13.187333106994629,13.187333106994629,126391500
2014-12-17,13.721332550048828,13.721332550048828,110517000
2014-12-18,14.550666809082031,14.550666809082031,112249500
2014-12-19,14.619333267211914,14.619333267211914,103657500
2014-12-22,14.84000015258789,14.84000015258789,71991000
2014-12-23,14.731332778930664,14.731332778930664,67585500
2014-12-24,14.817333221435547,14.817333221435547,19983000
2014-12-26,15.187999725341797,15.187999725341797,49905000
2014-12-29,15.047332763671875,15.047332763671875,42037500
2014-12-30,14.815333366394043,14.815333366394043,43548000
2014-12-31,14.827333450317383,14.827333450317383,34462500
2015-01-02,14.620667457580566,14.620667457580566,71466000
2015-01-05,14.005999565124512,14.005999565124512,80527500
2015-01-06,14.085332870483398,14.085332870483398,93928500
2015-01-07,14.063332557678223,14.063332557678223,44526000
2015-01-08,14.041333198547363,14.041333198547363,51637500
2015-01-09,13.77733325958252,13.77733325958252,70024500
2015-01-12,13.480667114257812,13.480667114257812,89254500
2015-01-13,13.616666793823242,13.616666793823242,67159500
2015-01-14,12.845999717712402,12.845999717712402,173278500
2015-01-15,12.791333198547363,12.791333198547363,78247500
2015-01-16,12.871333122253418,12.871333122253418,54048000
2015-01-20,12.795332908630371,12.795332908630371,67548000
2015-01-21,13.104666709899902,13.104666709899902,62295000
2015-01-22,13.441332817077637,13.441332817077637,61753500
2015-01-23,13.419333457946777,13.419333457946777,51579000
2015-01-26,13.770000457763672,13.770000457763672,48517500
2015-01-27,13.732000350952148,13.732000350952148,41715000
2015-01-28,13.291333198547363,13.291333198547363,47244000
2015-01-29,13.680000305175781,13.680000305175781,53221500
2015-01-30,13.573332786560059,13.573332786560059,45105000
2015-02-02,14.062666893005371,14.062666893005371,62238000
2015-02-03,14.557332992553711,14.557332992553711,72393000
2015-02-04,14.569999694824219,14.569999694824219,49581000
2015-02-05,14.732666969299316,14.732666969299316,52843500
2015-02-06,14.490667343139648,14.490667343139648,48658500
2015-02-09,14.498666763305664,14.498666763305664,52086000
2015-02-10,14.419333457946777,14.419333457946777,80857500
2015-02-11,14.186667442321777,14.186667442321777,146536500
2015-02-12,13.525333404541016,13.525333404541016,234744000
2015-02-13,13.584667205810547,13.584667205810547,92865000
2015-02-17,13.623332977294922,13.623332977294922,59694000
2015-02-18,13.630666732788086,13.630666732788086,40704000
2015-02-19,14.11400032043457,14.11400032043457,77311500
2015-02-20,14.473999977111816,14.473999977111816,89731500
2015-02-23,13.822667121887207,13.822667121887207,127497000
2015-02-24,13.607333183288574,13.607333183288574,99054000
2015-02-25,13.583999633789062,13.583999633789062,58642500
2015-02-26,13.812666893005371,13.812666893005371,97093500
2015-02-27,13.555999755859375,13.555999755859375,58231500
2015-03-02,13.155332565307617,13.155332565307617,118831500
2015-03-03,13.303999900817871,13.303999900817871,66484500
2015-03-04,13.496000289916992,13.496000289916992,63330000
2015-03-05,13.375332832336426,13.375332832336426,73155000
2015-03-06,12.925333023071289,12.925333023071289,100686000
2015-03-09,12.725333213806152,12.725333213806152,101050500
2015-03-10,12.687999725341797,12.687999725341797,83695500
2015-03-11,12.916000366210938,12.916000366210938,74623500
2015-03-12,12.73799991607666,12.73799991607666,62239500
2015-03-13,12.578666687011719,12.578666687011719,81514500
2015-03-16,13.046667098999023,13.046667098999023,84432000
2015-03-17,12.982000350952148,12.982000350952148,73411500
2015-03-18,13.380666732788086,13.380666732788086,72313500
2015-03-19,13.043333053588867,13.043333053588867,127128000
2015-03-20,13.20533275604248,13.20533275604248,64042500
2015-03-23,13.308667182922363,13.308667182922363,39474000
2015-03-24,13.447999954223633,13.447999954223633,54748500
2015-03-25,12.953332901000977,12.953332901000977,85956000
2015-03-26,12.694000244140625,12.694000244140625,61920000
2015-03-27,12.333333015441895,12.333333015441895,129073500
2015-03-30,12.704667091369629,12.704667091369629,151342500
2015-03-31,12.584667205810547,12.584667205810547,75399000
2015-04-01,12.505999565124512,12.505999565124512,56919000
2015-04-02,12.733332633972168,12.733332633972168,75156000
2015-04-06,13.539999961853027,13.539999961853027,186837000
2015-04-07,13.550000190734863,13.550000190734863,65218500
2015-04-08,13.844667434692383,13.844667434692383,94546500
2015-04-09,14.005999565124512,14.005999565124512,57003000
2015-04-10,14.0600004196167,14.0600004196167,61015500
2015-04-13,13.985333442687988,13.985333442687988,56373000
2015-04-14,13.830666542053223,13.830666542053223,45390000
2015-04-15,13.85533332824707,13.85533332824707,29286000
2015-04-16,13.779999732971191,13.779999732971191,24886500
2015-04-17,13.78600025177002,13.78600025177002,37048500
2015-04-20,13.684666633605957,13.684666633605957,38389500
2015-04-21,13.96066665649414,13.96066665649414,51487500
2015-04-22,14.629332542419434,14.629332542419434,117945000
2015-04-23,14.573332786560059,14.573332786560059,66168000
2015-04-24,14.562000274658203,14.562000274658203,36417000
2015-04-27,15.436667442321777,15.436667442321777,175089000
2015-04-28,15.36533260345459,15.36533260345459,91281000
2015-04-29,15.49666690826416,15.49666690826416,59041500
2015-04-30,15.069999694824219,15.069999694824219,58678500
2015-05-01,15.0686674118042,15.0686674118042,79225500
2015-05-04,15.36733341217041,15.36733341217041,66519000
2015-05-05,15.529999732971191,15.529999732971191,86953500
2015-05-06,15.362000465393066,15.362000465393066,79063500
2015-05-07,15.786666870117188,15.786666870117188,141838500
2015-05-08,15.77400016784668,15.77400016784668,70023000
2015-05-11,15.965999603271484,15.965999603271484,85084500
2015-05-12,16.31599998474121,16.31599998474121,95451000
2015-05-13,16.211999893188477,16.211999893188477,81603000
2015-05-14,16.273332595825195,16.273332595825195,43438500
2015-05-15,16.589332580566406,16.589332580566406,67914000
2015-05-18,16.583332061767578,16.583332061767578,50298000
2015-05-19,16.47599983215332,16.47599983215332,55113000
2015-05-20,16.290000915527344,16.290000915527344,56334000
2015-05-21,16.374666213989258,16.374666213989258,29559000
2015-05-22,16.51533317565918,16.51533317565918,33346500
2015-05-26,16.497333526611328,16.497333526611328,52480500
2015-05-27,16.495332717895508,16.495332717895508,51123000
2015-05-28,16.76333236694336,16.76333236694336,54709500
2015-05-29,16.719999313354492,16.719999313354492,56839500
2015-06-01,16.6299991607666,16.6299991607666,37576500
2015-06-02,16.55666732788086,16.55666732788086,32022000
2015-06-03,16.599332809448242,16.599332809448242,26722500
2015-06-04,16.39466667175293,16.39466667175293,36804000
2015-06-05,16.609333038330078,16.609333038330078,45330000
2015-06-08,17.086000442504883,17.086000442504883,75255000
2015-06-09,17.066667556762695,17.066667556762695,39166500
2015-06-10,16.713333129882812,16.713333129882812,51817500
2015-06-11,16.76066780090332,16.76066780090332,30661500
2015-06-12,16.71266746520996,16.71266746520996,21334500
2015-06-15,16.691999435424805,16.691999435424805,32793000
2015-06-16,16.874666213989258,16.874666213989258,29770500
2015-06-17,17.360666275024414,17.360666275024414,82693500
2015-06-18,17.459333419799805,17.459333419799805,41740500
2015-06-19,17.500667572021484,17.500667572021484,36945000
2015-06-22,17.319332122802734,17.319332122802734,68416500
2015-06-23,17.844667434692383,17.844667434692383,58062000
2015-06-24,17.67799949645996,17.67799949645996,36184500
2015-06-25,17.91933250427246,17.91933250427246,42738000
2015-06-26,17.805999755859375,17.805999755859375,57576000
2015-06-29,17.468000411987305,17.468000411987305,52183500
2015-06-30,17.884000778198242,17.884000778198242,46303500
2015-07-01,17.94333267211914,17.94333267211914,31518000
2015-07-02,18.667999267578125,18.667999267578125,107458500
2015-07-06,18.648000717163086,18.648000717163086,61828500
2015-07-07,17.858667373657227,17.858667373657227,91576500
2015-07-08,16.997333526611328,16.997333526611328,93316500
2015-07-09,17.19466781616211,17.19466781616211,50011500
2015-07-10,17.27666664123535,17.27666664123535,39163500
2015-07-13,17.477333068847656,17.477333068847656,44404500
2015-07-14,17.709999084472656,17.709999084472656,28614000
2015-07-15,17.542667388916016,17.542667388916016,30324000
2015-07-16,17.778667449951172,17.778667449951172,24240000
2015-07-17,18.310667037963867,18.310667037963867,75061500
2015-07-20,18.817333221435547,18.817333221435547,74677500
2015-07-21,17.784666061401367,17.784666061401367,91630500
2015-07-22,17.857999801635742,17.857999801635742,46575000
2015-07-23,17.81333351135254,17.81333351135254,33408000
2015-07-24,17.694000244140625,17.694000244140625,42547500
2015-07-27,16.867332458496094,16.867332458496094,70413000
2015-07-28,17.654666900634766,17.654666900634766,58437000
2015-07-29,17.58799934387207,17.58799934387207,41851500
2015-07-30,17.785999298095703,17.785999298095703,30519000
2015-07-31,17.74333381652832,17.74333381652832,33339000
2015-08-03,17.332666397094727,17.332666397094727,38302500
2015-08-04,17.75200080871582,17.75200080871582,35287500
2015-08-05,18.0086669921875,18.0086669921875,93214500
2015-08-06,16.408666610717773,16.408666610717773,219357000
2015-08-07,16.167333602905273,16.167333602905273,76101000
2015-08-10,16.076000213623047,16.076000213623047,62788500
2015-08-11,15.824666976928711,15.824666976928711,63973500
2015-08-12,15.878000259399414,15.878000259399414,55920000
2015-08-13,16.167333602905273,16.167333602905273,70338000
2015-08-14,16.209999084472656,16.209999084472656,65472000
2015-08-17,16.999332427978516,16.999332427978516,107650500
2015-08-18,17.381332397460938,17.381332397460938,62925000
2015-08-19,17.016666412353516,17.016666412353516,54064500
2015-08-20,16.14533233642578,16.14533233642578,73587000
2015-08-21,15.38466739654541,15.38466739654541,98853000
2015-08-24,14.591333389282227,14.591333389282227,143724000
2015-08-25,14.66866683959961,14.66866683959961,64909500
2015-08-26,14.989333152770996,14.989333152770996,74445000
2015-08-27,16.19933319091797,16.19933319091797,114840000
2015-08-28,16.565332412719727,16.565332412719727,82705500
2015-08-31,16.604000091552734,16.604000091552734,70503000
2015-09-01,15.908666610717773,15.908666610717773,81822000
2015-09-02,16.512666702270508,16.512666702270508,69438000
2015-09-03,16.3713321685791,16.3713321685791,62922000
2015-09-04,16.1286678314209,16.1286678314209,55338000
2015-09-08,16.544666290283203,16.544666290283203,47073000
2015-09-09,16.5939998626709,16.5939998626709,50862000
2015-09-10,16.565332412719727,16.565332412719727,40635000
2015-09-11,16.682666778564453,16.682666778564453,35262000
2015-09-14,16.87933349609375,16.87933349609375,43363500
2015-09-15,16.904666900634766,16.904666900634766,44002500
2015-09-16,17.483333587646484,17.483333587646484,66256500
2015-09-17,17.471332550048828,17.471332550048828,53787000
2015-09-18,17.374666213989258,17.374666213989258,56446500
2015-09-21,17.613332748413086,17.613332748413086,91803000
2015-09-22,17.395999908447266,17.395999908447266,54966000
2015-09-23,17.40399932861328,17.40399932861328,39012000
2015-09-24,17.541332244873047,17.541332244873047,51723000
2015-09-25,17.12733268737793,17.12733268737793,56601000
2015-09-28,16.562000274658203,16.562000274658203,73516500
2015-09-29,16.44333267211914,16.44333267211914,55548000
2015-09-30,16.559999465942383,16.559999465942383,73944000
2015-10-01,15.991999626159668,15.991999626159668,68595000
2015-10-02,16.504667282104492,16.504667282104492,66360000
2015-10-05,16.40999984741211,16.40999984741211,55348500
2015-10-06,16.097333908081055,16.097333908081055,78378000
2015-10-07,15.46399974822998,15.46399974822998,102210000
2015-10-08,15.114666938781738,15.114666938781738,91998000
2015-10-09,14.712667465209961,14.712667465209961,92376000
2015-10-12,14.371999740600586,14.371999740600586,57544500
2015-10-13,14.616666793823242,14.616666793823242,77572500
2015-10-14,14.458666801452637,14.458666801452637,46566000
2015-10-15,14.753999710083008,14.753999710083008,42663000
2015-10-16,15.133999824523926,15.133999824523926,65017500
2015-10-19,15.206666946411133,15.206666946411133,37618500
2015-10-20,14.20199966430664,14.20199966430664,223500000
2015-10-21,14.005999565124512,14.005999565124512,62272500
2015-10-22,14.114666938781738,14.114666938781738,42378000
2015-10-23,13.939332962036133,13.939332962036133,63532500
2015-10-26,14.350666999816895,14.350666999816895,50871000
2015-10-27,14.023332595825195,14.023332595825195,52791000
2015-10-28,14.197333335876465,14.197333335876465,40929000
2015-10-29,14.108667373657227,14.108667373657227,27075000
2015-10-30,13.795332908630371,13.795332908630371,66583500
2015-11-02,14.252667427062988,14.252667427062988,58918500
2015-11-03,13.890000343322754,13.890000343322754,124987500
2015-11-04,15.442000389099121,15.442000389099121,190896000
2015-11-05,15.451333045959473,15.451333045959473,67452000
2015-11-06,15.490667343139648,15.490667343139648,36679500
2015-11-09,15.022000312805176,15.022000312805176,57763500
2015-11-10,14.433333396911621,14.433333396911621,69255000
2015-11-11,14.60533332824707,14.60533332824707,50217000
2015-11-12,14.196000099182129,14.196000099182129,43738500
2015-11-13,13.812666893005371,13.812666893005371,51454500
2015-11-16,14.287332534790039,14.287332534790039,43881000
2015-11-17,14.266667366027832,14.266667366027832,32230500
2015-11-18,14.73799991607666,14.73799991607666,42178500
2015-11-19,14.786666870117188,14.786666870117188,37566000
2015-11-20,14.667332649230957,14.667332649230957,66010500
2015-11-23,14.516667366027832,14.516667366027832,37893000
2015-11-24,14.550000190734863,14.550000190734863,37204500
2015-11-25,15.309332847595215,15.309332847595215,59862000
2015-11-27,15.440667152404785,15.440667152404785,29241000
2015-11-30,15.350666999816895,15.350666999816895,39897000
2015-12-01,15.812666893005371,15.812666893005371,56010000
2015-12-02,15.465999603271484,15.465999603271484,44722500
2015-12-03,15.513999938964844,15.513999938964844,44094000
2015-12-04,15.358667373657227,15.358667373657227,38604000
2015-12-07,15.408666610717773,15.408666610717773,47163000
2015-12-08,15.114666938781738,15.114666938781738,40314000
2015-12-09,14.968000411987305,14.968000411987305,45867000
2015-12-10,15.137999534606934,15.137999534606934,31075500
2015-12-11,14.468000411987305,14.468000411987305,49030500
2015-12-14,14.571999549865723,14.571999549865723,42406500
2015-12-15,14.739333152770996,14.739333152770996,33666000
2015-12-16,15.633999824523926,15.633999824523926,76564500
2015-12-17,15.559332847595215,15.559332847595215,49479000
2015-12-18,15.36400032043457,15.36400032043457,45213000
2015-12-21,15.503999710083008,15.503999710083008,29298000
2015-12-22,15.329999923706055,15.329999923706055,29422500
2015-12-23,15.313332557678223,15.313332557678223,23325000
2015-12-24,15.371333122253418,15.371333122253418,10620000
2015-12-28,15.263333320617676,15.263333320617676,28519500
2015-12-29,15.812666893005371,15.812666893005371,36094500
2015-12-30,15.87266731262207,15.87266731262207,55468500
2015-12-31,16.000667572021484,16.000667572021484,40725000
2016-01-04,14.894000053405762,14.894000053405762,102406500
2016-01-05,14.895333290100098,14.895333290100098,47802000
2016-01-06,14.602666854858398,14.602666854858398,56686500
2016-01-07,14.376667022705078,14.376667022705078,53314500
2016-01-08,14.066666603088379,14.066666603088379,54421500
2016-01-11,13.856666564941406,13.856666564941406,61371000
2016-01-12,13.998000144958496,13.998000144958496,46378500
2016-01-13,13.354000091552734,13.354000091552734,61896000
2016-01-14,13.745332717895508,13.745332717895508,97360500
2016-01-15,13.666000366210938,13.666000366210938,83679000
2016-01-19,13.64799976348877,13.64799976348877,60580500
2016-01-20,13.24666690826416,13.24666690826416,87579000
2016-01-21,13.33133316040039,13.33133316040039,47493000
2016-01-22,13.50333309173584,13.50333309173584,46861500
2016-01-25,13.092000007629395,13.092000007629395,40480500
2016-01-26,12.904000282287598,12.904000282287598,74463000
2016-01-27,12.538000106811523,12.538000106811523,54258000
2016-01-28,12.646666526794434,12.646666526794434,68892000
2016-01-29,12.74666690826416,12.74666690826416,42784500
2016-02-01,13.129332542419434,13.129332542419434,79464000
2016-02-02,12.185333251953125,12.185333251953125,86604000
2016-02-03,11.565333366394043,11.565333366394043,118971000
2016-02-04,11.688667297363281,11.688667297363281,65781000
2016-02-05,10.84000015258789,10.84000015258789,141564000
2016-02-08,9.866000175476074,9.866000175476074,139695000
2016-02-09,9.883333206176758,9.883333206176758,129774000
2016-02-10,9.57800006866455,9.57800006866455,156097500
2016-02-11,10.031332969665527,10.031332969665527,213786000
2016-02-12,10.06933307647705,10.06933307647705,108537000
2016-02-16,10.344667434692383,10.344667434692383,83907000
2016-02-17,11.245332717895508,11.245332717895508,87378000
2016-02-18,11.118000030517578,11.118000030517578,58314000
2016-02-19,11.10533332824707,11.10533332824707,44391000
2016-02-22,11.849332809448242,11.849332809448242,75901500
2016-02-23,11.814000129699707,11.814000129699707,89766000
2016-02-24,11.933333396911621,11.933333396911621,80934000
2016-02-25,12.495332717895508,12.495332717895508,86260500
2016-02-26,12.689332962036133,12.689332962036133,90976500
2016-02-29,12.795332908630371,12.795332908630371,67485000
2016-03-01,12.423333168029785,12.423333168029785,100683000
2016-03-02,12.555999755859375,12.555999755859375,72936000
2016-03-03,13.049332618713379,13.049332618713379,72435000
2016-03-04,13.402667045593262,13.402667045593262,97336500
2016-03-07,13.685999870300293,13.685999870300293,79941000
2016-03-08,13.506667137145996,13.506667137145996,62680500
2016-03-09,13.914667129516602,13.914667129516602,48129000
2016-03-10,13.678667068481445,13.678667068481445,77887500
2016-03-11,13.833333015441895,13.833333015441895,50146500
2016-03-14,14.34333324432373,14.34333324432373,60985500
2016-03-15,14.555999755859375,14.555999755859375,47707500
2016-03-16,14.795332908630371,14.795332908630371,52750500
2016-03-17,15.092000007629395,15.092000007629395,56743500
2016-03-18,15.515999794006348,15.515999794006348,70677000
2016-03-21,15.887999534606934,15.887999534606934,79617000
2016-03-22,15.616000175476074,15.616000175476074,64740000
2016-03-23,14.838666915893555,14.838666915893555,74232000
2016-03-24,15.183333396911621,15.183333396911621,74413500
2016-03-28,15.350666999816895,15.350666999816895,58885500
2016-03-29,15.342000007629395,15.342000007629395,60214500
2016-03-30,15.12600040435791,15.12600040435791,60495000
2016-03-31,15.317999839782715,15.317999839782715,120193500
2016-04-01,15.839332580566406,15.839332580566406,239962500
2016-04-04,16.465999603271484,16.465999603271484,202129500
2016-04-05,17.031333923339844,17.031333923339844,149230500
2016-04-06,17.69466781616211,17.69466781616211,175582500
2016-04-07,17.14666748046875,17.14666748046875,132843000
2016-04-08,16.67133331298828,16.67133331298828,110458500
2016-04-11,16.661333084106445,16.661333084106445,137425500
2016-04-12,16.521333694458008,16.521333694458008,86448000
2016-04-13,16.968666076660156,16.968666076660156,73884000
2016-04-14,16.790666580200195,16.790666580200195,61983000
2016-04-15,16.96733283996582,16.96733283996582,56286000
2016-04-18,16.92533302307129,16.92533302307129,64071000
2016-04-19,16.4913330078125,16.4913330078125,95362500
2016-04-20,16.6646671295166,16.6646671295166,77911500
2016-04-21,16.55266761779785,16.55266761779785,41746500
2016-04-22,16.916667938232422,16.916667938232422,56794500
2016-04-25,16.788000106811523,16.788000106811523,55054500
2016-04-26,16.916000366210938,16.916000366210938,48357000
2016-04-27,16.764667510986328,16.764667510986328,48087000
2016-04-28,16.513999938964844,16.513999938964844,37785000
2016-04-29,16.05066680908203,16.05066680908203,81207000
2016-05-02,16.1200008392334,16.1200008392334,57658500
2016-05-03,15.48799991607666,15.48799991607666,64533000
2016-05-04,14.837332725524902,14.837332725524902,130507500
2016-05-05,14.10200023651123,14.10200023651123,168822000
2016-05-06,14.328666687011719,14.328666687011719,85278000
2016-05-09,13.928000450134277,13.928000450134277,71646000
2016-05-10,13.912667274475098,13.912667274475098,61059000
2016-05-11,13.93066692352295,13.93066692352295,77428500
2016-05-12,13.8186674118042,13.8186674118042,54757500
2016-05-13,13.840666770935059,13.840666770935059,42342000
2016-05-16,13.88599967956543,13.88599967956543,44241000
2016-05-17,13.644000053405762,13.644000053405762,42654000
2016-05-18,14.07800006866455,14.07800006866455,84262500
2016-05-19,14.347332954406738,14.347332954406738,102994500
2016-05-20,14.685333251953125,14.685333251953125,135106500
2016-05-23,14.414667129516602,14.414667129516602,76537500
2016-05-24,14.52733325958252,14.52733325958252,45207000
2016-05-25,14.638667106628418,14.638667106628418,46902000
2016-05-26,15.008000373840332,15.008000373840332,61086000
2016-05-27,14.869333267211914,14.869333267211914,54754500
2016-05-31,14.881999969482422,14.881999969482422,41835000
2016-06-01,14.637332916259766,14.637332916259766,44740500
2016-06-02,14.597332954406738,14.597332954406738,30492000
2016-06-03,14.599332809448242,14.599332809448242,33435000
2016-06-06,14.711999893188477,14.711999893188477,33742500
2016-06-07,15.489333152770996,15.489333152770996,93204000
2016-06-08,15.701333045959473,15.701333045959473,89580000
2016-06-09,15.290666580200195,15.290666580200195,67381500
2016-06-10,14.586000442504883,14.586000442504883,90399000
2016-06-13,14.524666786193848,14.524666786193848,62895000
2016-06-14,14.330666542053223,14.330666542053223,53703000
2016-06-15,14.513333320617676,14.513333320617676,43627500
2016-06-16,14.528667449951172,14.528667449951172,36604500
2016-06-17,14.364666938781738,14.364666938781738,46689000
2016-06-20,14.646666526794434,14.646666526794434,53332500
2016-06-21,14.640666961669922,14.640666961669922,67935000
2016-06-22,13.11066722869873,13.11066722869873,356136000
2016-06-23,13.09333324432373,13.09333324432373,151960500
2016-06-24,12.876667022705078,12.876667022705078,105397500
2016-06-27,13.236666679382324,13.236666679382324,108081000
2016-06-28,13.452667236328125,13.452667236328125,93186000
2016-06-29,14.012666702270508,14.012666702270508,89923500
2016-06-30,14.152000427246094,14.152000427246094,72646500
2016-07-01,14.433333396911621,14.433333396911621,81000000
2016-07-05,14.26533317565918,14.26533317565918,77629500
2016-07-06,14.295999526977539,14.295999526977539,73798500
2016-07-07,14.395999908447266,14.395999908447266,54180000
2016-07-08,14.45199966430664,14.45199966430664,61122000
2016-07-11,14.985333442687988,14.985333442687988,81447000
2016-07-12,14.976667404174805,14.976667404174805,68569500
2016-07-13,14.835332870483398,14.835332870483398,53506500
2016-07-14,14.768667221069336,14.768667221069336,40137000
2016-07-15,14.69333267211914,14.69333267211914,33513000
2016-07-18,15.083333015441895,15.083333015441895,51181500
2016-07-19,15.017333030700684,15.017333030700684,46726500
2016-07-20,15.223999977111816,15.223999977111816,38527500
2016-07-21,14.699999809265137,14.699999809265137,66430500
2016-07-22,14.817999839782715,14.817999839782715,38695500
2016-07-25,15.333999633789062,15.333999633789062,67360500
2016-07-26,15.300666809082031,15.300666809082031,51450000
2016-07-27,15.232666969299316,15.232666969299316,43335000
2016-07-28,15.37399959564209,15.37399959564209,36286500
2016-07-29,15.652667045593262,15.652667045593262,46062000
2016-08-01,15.333999633789062,15.333999633789062,60244500
2016-08-02,15.146666526794434,15.146666526794434,59016000
2016-08-03,15.052666664123535,15.052666664123535,58317000
2016-08-04,15.37399959564209,15.37399959564209,62205000
2016-08-05,15.335332870483398,15.335332870483398,48078000
2016-08-08,15.077333450317383,15.077333450317383,33954000
2016-08-09,15.272000312805176,15.272000312805176,33117000
2016-08-10,15.043333053588867,15.043333053588867,35074500
2016-08-11,14.994000434875488,14.994000434875488,28213500
2016-08-12,15.040666580200195,15.040666580200195,27202500
2016-08-15,15.03933334350586,15.03933334350586,30514500
2016-08-16,14.907333374023438,14.907333374023438,34006500
2016-08-17,14.88266658782959,14.88266658782959,26806500
2016-08-18,14.900667190551758,14.900667190551758,25717500
2016-08-19,15.0,15.0,24892500
2016-08-22,14.862000465393066,14.862000465393066,30982500
2016-08-23,14.989333152770996,14.989333152770996,71766000
2016-08-24,14.841333389282227,14.841333389282227,38560500
2016-08-25,14.730667114257812,14.730667114257812,26437500
2016-08-26,14.666000366210938,14.666000366210938,33585000
2016-08-29,14.346667289733887,14.346667289733887,48994500
2016-08-30,14.089332580566406,14.089332580566406,47533500
2016-08-31,14.133999824523926,14.133999824523926,49147500
2016-09-01,13.38466739654541,13.38466739654541,119146500
2016-09-02,13.185333251953125,13.185333251953125,89661000
2016-09-06,13.522000312805176,13.522000312805176,65859000
2016-09-07,13.447333335876465,13.447333335876465,54613500
2016-09-08,13.157333374023438,13.157333374023438,50668500
2016-09-09,12.964667320251465,12.964667320251465,56355000
2016-09-12,13.220000267028809,13.220000267028809,55728000
2016-09-13,13.069999694824219,13.069999694824219,53841000
2016-09-14,13.093999862670898,13.093999862670898,33817500
2016-09-15,13.361332893371582,13.361332893371582,46158000
2016-09-16,13.69333267211914,13.69333267211914,46617000
2016-09-19,13.755999565124512,13.755999565124512,34492500
2016-09-20,13.642666816711426,13.642666816711426,36157500
2016-09-21,13.6813325881958,13.6813325881958,39502500
2016-09-22,13.76200008392334,13.76200008392334,35743500
2016-09-23,13.829999923706055,13.829999923706055,43578000
2016-09-26,13.932666778564453,13.932666778564453,35916000
2016-09-27,13.720666885375977,13.720666885375977,50598000
2016-09-28,13.751333236694336,13.751333236694336,31326000
2016-09-29,13.380000114440918,13.380000114440918,40905000
2016-09-30,13.60200023651123,13.60200023651123,38794500
2016-10-03,14.24666690826416,14.24666690826416,89998500
2016-10-04,14.093999862670898,14.093999862670898,53122500
2016-10-05,13.897333145141602,13.897333145141602,28162500
2016-10-06,13.399999618530273,13.399999618530273,70551000
2016-10-07,13.107333183288574,13.107333183288574,52395000
2016-10-10,13.396666526794434,13.396666526794434,49744500
2016-10-11,13.34000015258789,13.34000015258789,34926000
2016-10-12,13.434000015258789,13.434000015258789,29560500
2016-10-13,13.349332809448242,13.349332809448242,37419000
2016-10-14,13.100666999816895,13.100666999816895,64048500
2016-10-17,12.93066692352295,12.93066692352295,68311500
2016-10-18,13.273332595825195,13.273332595825195,85207500
2016-10-19,13.570667266845703,13.570667266845703,104868000
2016-10-20,13.273332595825195,13.273332595825195,76093500
2016-10-21,13.339332580566406,13.339332580566406,44151000
2016-10-24,13.517333030700684,13.517333030700684,41274000
2016-10-25,13.489333152770996,13.489333152770996,36675000
2016-10-26,13.482666969299316,13.482666969299316,84492000
2016-10-27,13.600666999816895,13.600666999816895,196405500
2016-10-28,13.33133316040039,13.33133316040039,64201500
2016-10-31,13.182000160217285,13.182000160217285,70384500
2016-11-01,12.719332695007324,12.719332695007324,105900000
2016-11-02,12.534667015075684,12.534667015075684,63801000
2016-11-03,12.494667053222656,12.494667053222656,39795000
2016-11-04,12.704000473022461,12.704000473022461,77190000
2016-11-07,12.880666732788086,12.880666732788086,58051500
2016-11-08,12.996000289916992,12.996000289916992,49014000
2016-11-09,12.670666694641113,12.670666694641113,122596500
2016-11-10,12.356666564941406,12.356666564941406,101254500
2016-11-11,12.570667266845703,12.570667266845703,59827500
2016-11-14,12.096667289733887,12.096667289733887,98283000
2016-11-15,12.251333236694336,12.251333236694336,58530000
2016-11-16,12.26200008392334,12.26200008392334,51516000
2016-11-17,12.577333450317383,12.577333450317383,73306500
2016-11-18,12.334667205810547,12.334667205810547,78154500
2016-11-21,12.3013334274292,12.3013334274292,65415000
2016-11-22,12.744667053222656,12.744667053222656,84051000
2016-11-23,12.87600040435791,12.87600040435791,73378500
2016-11-25,13.109999656677246,13.109999656677246,35491500
2016-11-28,13.074666976928711,13.074666976928711,67938000
2016-11-29,12.637999534606934,12.637999534606934,66589500
2016-11-30,12.626667022705078,12.626667022705078,53206500
2016-12-01,12.125332832336426,12.125332832336426,76896000
2016-12-02,12.097999572753906,12.097999572753906,60634500
2016-12-05,12.453332901000977,12.453332901000977,61083000
2016-12-06,12.390000343322754,12.390000343322754,50874000
2016-12-07,12.876667022705078,12.876667022705078,81928500
2016-12-08,12.81933307647705,12.81933307647705,47911500
2016-12-09,12.812000274658203,12.812000274658203,40837500
2016-12-12,12.828666687011719,12.828666687011719,36583500
2016-12-13,13.210000038146973,13.210000038146973,102358500
2016-12-14,13.246000289916992,13.246000289916992,62263500
2016-12-15,13.17199993133545,13.17199993133545,48294000
2016-12-16,13.499333381652832,13.499333381652832,56953500
2016-12-19,13.51533317565918,13.51533317565918,52321500
2016-12-20,13.919333457946777,13.919333457946777,70336500
2016-12-21,13.846667289733887,13.846667289733887,78114000
2016-12-22,13.896666526794434,13.896666526794434,46666500
2016-12-23,14.22266674041748,14.22266674041748,70057500
2016-12-27,14.635333061218262,14.635333061218262,88735500
2016-12-28,14.649333000183105,14.649333000183105,56737500
2016-12-29,14.312000274658203,14.312000274658203,60675000
2016-12-30,14.246000289916992,14.246000289916992,69639000
2017-01-03,14.465999603271484,14.465999603271484,88849500
2017-01-04,15.13266658782959,15.13266658782959,168202500
2017-01-05,15.116666793823242,15.116666793823242,88675500
2017-01-06,15.267333030700684,15.267333030700684,82918500
2017-01-09,15.41866683959961,15.41866683959961,59692500
2017-01-10,15.324666976928711,15.324666976928711,54900000
2017-01-11,15.315333366394043,15.315333366394043,54762000
2017-01-12,15.305999755859375,15.305999755859375,56853000
2017-01-13,15.850000381469727,15.850000381469727,91395000
2017-01-17,15.70533275604248,15.70533275604248,69262500
2017-01-18,15.890666961669922,15.890666961669922,56535000
2017-01-19,16.250667572021484,16.250667572021484,115984500
2017-01-20,16.315332412719727,16.315332412719727,63064500
2017-01-23,16.594667434692383,16.594667434692383,93943500
2017-01-24,16.974000930786133,16.974000930786133,74482500
2017-01-25,16.96466636657715,16.96466636657715,77139000
2017-01-26,16.833999633789062,16.833999633789062,47281500
2017-01-27,16.863332748413086,16.863332748413086,47494500
2017-01-30,16.708667755126953,16.708667755126953,57016500
2017-01-31,16.795333862304688,16.795333862304688,61741500
2017-02-01,16.615999221801758,16.615999221801758,59382000
2017-02-02,16.770000457763672,16.770000457763672,37497000
2017-02-03,16.755332946777344,16.755332946777344,32800500
2017-02-06,17.184667587280273,17.184667587280273,53437500
2017-02-07,17.165332794189453,17.165332794189453,63672000
2017-02-08,17.472000122070312,17.472000122070312,58995000
2017-02-09,17.946666717529297,17.946666717529297,117303000
2017-02-10,17.948667526245117,17.948667526245117,54295500
2017-02-13,18.706666946411133,18.706666946411133,105444000
2017-02-14,18.73200035095215,18.73200035095215,110178000
2017-02-15,18.650667190551758,18.650667190551758,74218500
2017-02-16,17.93000030517578,17.93000030517578,106159500
2017-02-17,18.148666381835938,18.148666381835938,93856500
2017-02-21,18.492666244506836,18.492666244506836,85150500
2017-02-22,18.233999252319336,18.233999252319336,131325000
2017-02-23,17.06599998474121,17.06599998474121,223728000
2017-02-24,17.133333206176758,17.133333206176758,122574000
2017-02-27,16.415332794189453,16.415332794189453,171912000
2017-02-28,16.666000366210938,16.666000366210938,91171500
2017-03-01,16.667999267578125,16.667999267578125,72142500
2017-03-02,16.698667526245117,16.698667526245117,50277000
2017-03-03,16.771333694458008,16.771333694458008,43791000
2017-03-06,16.747333526611328,16.747333526611328,50332500
2017-03-07,16.57266616821289,16.57266616821289,51892500
2017-03-08,16.45800018310547,16.45800018310547,55878000
2017-03-09,16.32666778564453,16.32666778564453,58189500
2017-03-10,16.246000289916992,16.246000289916992,45994500
2017-03-13,16.411333084106445,16.411333084106445,45339000
2017-03-14,17.200000762939453,17.200000762939453,113976000
2017-03-15,17.048667907714844,17.048667907714844,79962000
2017-03-16,17.469999313354492,17.469999313354492,106983000
2017-03-17,17.433332443237305,17.433332443237305,97462500
2017-03-20,17.461332321166992,17.461332321166992,54214500
2017-03-21,16.711999893188477,16.711999893188477,103629000
2017-03-22,17.000667572021484,17.000667572021484,60889500
2017-03-23,16.985332489013672,16.985332489013672,49803000
2017-03-24,17.54400062561035,17.54400062561035,84709500
2017-03-27,18.014667510986328,18.014667510986328,93462000
2017-03-28,18.496667861938477,18.496667861938477,119814000
2017-03-29,18.492000579833984,18.492000579833984,55143000
2017-03-30,18.527999877929688,18.527999877929688,62226000
2017-03-31,18.553333282470703,18.553333282470703,49419000
2017-04-03,19.90133285522461,19.90133285522461,208329000
2017-04-04,20.246667861938477,20.246667861938477,152019000
2017-04-05,19.666667938232422,19.666667938232422,118213500
2017-04-06,19.913333892822266,19.913333892822266,82809000
2017-04-07,20.16933250427246,20.16933250427246,68694000
2017-04-10,20.826000213623047,20.826000213623047,114967500
2017-04-11,20.58066749572754,20.58066749572754,85869000
2017-04-12,19.78933334350586,19.78933334350586,90760500
2017-04-13,20.266666412353516,20.266666412353516,139269000
2017-04-17,20.09600067138672,20.09600067138672,62080500
2017-04-18,20.016666412353516,20.016666412353516,45535500
2017-04-19,20.368000030517578,20.368000030517578,58470000
2017-04-20,20.167333602905273,20.167333602905273,92241000
2017-04-21,20.373332977294922,20.373332977294922,67647000
2017-04-24,20.53533363342285,20.53533363342285,76252500
2017-04-25,20.91933250427246,20.91933250427246,101065500
2017-04-26,20.67799949645996,20.67799949645996,70425000
2017-04-27,20.575332641601562,20.575332641601562,52029000
2017-04-28,20.937999725341797,20.937999725341797,67582500
2017-05-01,21.52199935913086,21.52199935913086,132444000
2017-05-02,21.25933265686035,21.25933265686035,80742000
2017-05-03,20.73466682434082,20.73466682434082,107001000
2017-05-04,19.69733238220215,19.69733238220215,212280000
2017-05-05,20.55666732788086,20.55666732788086,122659500
2017-05-08,20.479333877563477,20.479333877563477,105097500
2017-05-09,21.417333602905273,21.417333602905273,145147500
2017-05-10,21.681333541870117,21.681333541870117,86124000
2017-05-11,21.540000915527344,21.540000915527344,71307000
2017-05-12,21.65399932861328,21.65399932861328,61824000
2017-05-15,21.058666229248047,21.058666229248047,114330000
2017-05-16,21.134000778198242,21.134000778198242,62287500
2017-05-17,20.407333374023438,20.407333374023438,100678500
2017-05-18,20.87066650390625,20.87066650390625,84807000
2017-05-19,20.722000122070312,20.722000122070312,70314000
2017-05-22,20.690000534057617,20.690000534057617,64938000
2017-05-23,20.257333755493164,20.257333755493164,64776000
2017-05-24,20.681333541870117,20.681333541870117,75499500
2017-05-25,21.121999740600586,21.121999740600586,75210000
2017-05-26,21.676000595092773,21.676000595092773,117033000
2017-05-30,22.34000015258789,22.34000015258789,116743500
2017-05-31,22.733999252319336,22.733999252319336,149451000
2017-06-01,22.691333770751953,22.691333770751953,114120000
2017-06-02,22.656667709350586,22.656667709350586,83853000
2017-06-05,23.154666900634766,23.154666900634766,101766000
2017-06-06,23.523332595825195,23.523332595825195,166302000
2017-06-07,23.976667404174805,23.976667404174805,140970000
2017-06-08,24.666667938232422,24.666667938232422,135922500
2017-06-09,23.821332931518555,23.821332931518555,258921000
2017-06-12,23.93400001525879,23.93400001525879,157765500
2017-06-13,25.06333351135254,25.06333351135254,177118500
2017-06-14,25.37733268737793,25.37733268737793,192276000
2017-06-15,25.022666931152344,25.022666931152344,156397500
2017-06-16,24.760000228881836,24.760000228881836,100965000
2017-06-19,24.65333366394043,24.65333366394043,98239500
2017-06-20,24.81599998474121,24.81599998474121,111580500
2017-06-21,25.093332290649414,25.093332290649414,73848000
2017-06-22,25.507333755493164,25.507333755493164,112947000
2017-06-23,25.56333351135254,25.56333351135254,96687000
2017-06-26,25.166000366210938,25.166000366210938,99061500
2017-06-27,24.158000946044922,24.158000946044922,104946000
2017-06-28,24.749332427978516,24.749332427978516,94537500
2017-06-29,24.049999237060547,24.049999237060547,123315000
2017-06-30,24.107332229614258,24.107332229614258,87727500
2017-07-03,23.507999420166016,23.507999420166016,94581000
2017-07-05,21.805999755859375,21.805999755859375,255700500
2017-07-06,20.588666915893555,20.588666915893555,289867500
2017-07-07,20.881332397460938,20.881332397460938,212653500
2017-07-10,21.06999969482422,21.06999969482422,207313500
2017-07-11,21.814666748046875,21.814666748046875,173391000
2017-07-12,21.968000411987305,21.968000411987305,155191500
2017-07-13,21.560667037963867,21.560667037963867,128917500
2017-07-14,21.851999282836914,21.851999282836914,84378000
2017-07-17,21.30466651916504,21.30466651916504,148153500
2017-07-18,21.882667541503906,21.882667541503906,95605500
2017-07-19,21.68400001525879,21.68400001525879,95355000
2017-07-20,21.994667053222656,21.994667053222656,77493000
2017-07-21,21.893333435058594,21.893333435058594,73524000
2017-07-24,22.834667205810547,22.834667205810547,129556500
2017-07-25,22.639999389648438,22.639999389648438,104838000
2017-07-26,22.92333221435547,22.92333221435547,72312000
2017-07-27,22.297332763671875,22.297332763671875,124536000
2017-07-28,22.33799934387207,22.33799934387207,73206000
2017-07-31,21.564666748046875,21.564666748046875,128026500
2017-08-01,21.30466651916504,21.30466651916504,124546500
2017-08-02,21.72599983215332,21.72599983215332,196372500
2017-08-03,23.139333724975586,23.139333724975586,203025000
2017-08-04,23.79400062561035,23.79400062561035,139033500
2017-08-07,23.67799949645996,23.67799949645996,94867500
2017-08-08,24.347999572753906,24.347999572753906,111747000
2017-08-09,24.235332489013672,24.235332489013672,103381500
2017-08-10,23.69333267211914,23.69333267211914,106393500
2017-08-11,23.857999801635742,23.857999801635742,65487000
2017-08-14,24.253332138061523,24.253332138061523,67788000
2017-08-15,24.155332565307617,24.155332565307617,46276500
2017-08-16,24.194000244140625,24.194000244140625,51207000
2017-08-17,23.461332321166992,23.461332321166992,75415500
2017-08-18,23.163999557495117,23.163999557495117,81123000
2017-08-21,22.52400016784668,22.52400016784668,97431000
2017-08-22,22.75666618347168,22.75666618347168,64830000
2017-08-23,23.51799964904785,23.51799964904785,74317500
2017-08-24,23.528667449951172,23.528667449951172,68770500
2017-08-25,23.203332901000977,23.203332901000977,52260000
2017-08-28,23.04400062561035,23.04400062561035,56460000
2017-08-29,23.157333374023438,23.157333374023438,61105500
2017-08-30,23.545333862304688,23.545333862304688,51193500
2017-08-31,23.726667404174805,23.726667404174805,61092000
2017-09-01,23.69333267211914,23.69333267211914,45742500
2017-09-05,23.305999755859375,23.305999755859375,57526500
2017-09-06,22.968666076660156,22.968666076660156,61371000
2017-09-07,23.374000549316406,23.374000549316406,63588000
2017-09-08,22.893333435058594,22.893333435058594,48952500
2017-09-11,24.246000289916992,24.246000289916992,115006500
2017-09-12,24.183332443237305,24.183332443237305,89593500
2017-09-13,24.415332794189453,24.415332794189453,62778000
2017-09-14,25.176000595092773,25.176000595092773,108037500
2017-09-15,25.320667266845703,25.320667266845703,81307500
2017-09-18,25.666667938232422,25.666667938232422,107820000
2017-09-19,25.00666618347168,25.00666618347168,96778500
2017-09-20,24.92733383178711,24.92733383178711,73786500
2017-09-21,24.43199920654297,24.43199920654297,69273000
2017-09-22,23.4060001373291,23.4060001373291,122391000
2017-09-25,22.999332427978516,22.999332427978516,114088500
2017-09-26,23.016666412353516,23.016666412353516,107344500
2017-09-27,22.731332778930664,22.731332778930664,90904500
2017-09-28,22.639999389648438,22.639999389648438,79794000
2017-09-29,22.739999771118164,22.739999771118164,76606500
2017-10-02,22.768667221069336,22.768667221069336,79302000
2017-10-03,23.209333419799805,23.209333419799805,152304000
2017-10-04,23.667333602905273,23.667333602905273,122452500
2017-10-05,23.68866729736328,23.68866729736328,62575500
2017-10-06,23.79199981689453,23.79199981689453,64462500
2017-10-09,22.862667083740234,22.862667083740234,112405500
2017-10-10,23.70599937438965,23.70599937438965,104677500
2017-10-11,23.639999389648438,23.639999389648438,67512000
2017-10-12,23.711999893188477,23.711999893188477,61305000
2017-10-13,23.704666137695312,23.704666137695312,53107500
2017-10-16,23.373332977294922,23.373332977294922,80632500
2017-10-17,23.71666717529297,23.71666717529297,49399500
2017-10-18,23.976667404174805,23.976667404174805,74086500
2017-10-19,23.45400047302246,23.45400047302246,75927000
2017-10-20,23.00666618347168,23.00666618347168,73956000
2017-10-23,22.468000411987305,22.468000411987305,86209500
2017-10-24,22.48933219909668,22.48933219909668,67375500
2017-10-25,21.722667694091797,21.722667694091797,128911500
2017-10-26,21.744667053222656,21.744667053222656,75352500
2017-10-27,21.391332626342773,21.391332626342773,104695500
2017-10-30,21.338666915893555,21.338666915893555,63816000
2017-10-31,22.101999282836914,22.101999282836914,85084500
2017-11-01,21.405332565307617,21.405332565307617,126859500
2017-11-02,19.950666427612305,19.950666427612305,296871000
2017-11-03,20.4060001373291,20.4060001373291,133410000
2017-11-06,20.185333251953125,20.185333251953125,97290000
2017-11-07,20.40333366394043,20.40333366394043,79414500
2017-11-08,20.292667388916016,20.292667388916016,70879500
2017-11-09,20.19933319091797,20.19933319091797,81706500
2017-11-10,20.19933319091797,20.19933319091797,69381000
2017-11-13,21.02666664123535,21.02666664123535,113773500
2017-11-14,20.579999923706055,20.579999923706055,85141500
2017-11-15,20.753332138061523,20.753332138061523,89680500
2017-11-16,20.833332061767578,20.833332061767578,87331500
2017-11-17,21.003332138061523,21.003332138061523,206026500
2017-11-20,20.582666397094727,20.582666397094727,123715500
2017-11-21,21.187332153320312,21.187332153320312,108919500
2017-11-22,20.84000015258789,20.84000015258789,73764000
2017-11-24,21.036666870117188,21.036666870117188,48661500
2017-11-27,21.12066650390625,21.12066650390625,68338500
2017-11-28,21.170000076293945,21.170000076293945,74242500
2017-11-29,20.502666473388672,20.502666473388672,131511000
2017-11-30,20.59000015258789,20.59000015258789,65274000
2017-12-01,20.435333251953125,20.435333251953125,64393500
2017-12-04,20.34666633605957,20.34666633605957,87526500
2017-12-05,20.246667861938477,20.246667861938477,69697500
2017-12-06,20.884000778198242,20.884000778198242,107929500
2017-12-07,20.749332427978516,20.749332427978516,71709000
2017-12-08,21.0086669921875,21.0086669921875,52027500
2017-12-11,21.92733383178711,21.92733383178711,119070000
2017-12-12,22.735332489013672,22.735332489013672,130998000
2017-12-13,22.601999282836914,22.601999282836914,93322500
2017-12-14,22.525999069213867,22.525999069213867,86998500
2017-12-15,22.89666748046875,22.89666748046875,103998000
2017-12-18,22.591333389282227,22.591333389282227,82143000
2017-12-19,22.073333740234375,22.073333740234375,102375000
2017-12-20,21.93199920654297,21.93199920654297,89307000
2017-12-21,22.110666275024414,22.110666275024414,65778000
2017-12-22,21.68000030517578,21.68000030517578,63237000
2017-12-26,21.152666091918945,21.152666091918945,65676000
2017-12-27,20.775999069213867,20.775999069213867,70681500
2017-12-28,21.02400016784668,21.02400016784668,64744500
2017-12-29,20.75666618347168,20.75666618347168,56658000
2018-01-02,21.368667602539062,21.368667602539062,65283000
2018-01-03,21.149999618530273,21.149999618530273,67822500
2018-01-04,20.974666595458984,20.974666595458984,149194500
2018-01-05,21.10533332824707,21.10533332824707,68868000
2018-01-08,22.42733383178711,22.42733383178711,147891000
2018-01-09,22.246000289916992,22.246000289916992,107199000
2018-01-10,22.31999969482422,22.31999969482422,64648500
2018-01-11,22.530000686645508,22.530000686645508,99682500
2018-01-12,22.4146671295166,22.4146671295166,72376500
2018-01-16,22.67066764831543,22.67066764831543,97114500
2018-01-17,23.143999099731445,23.143999099731445,106552500
2018-01-18,22.971332550048828,22.971332550048828,85287000
2018-01-19,23.334667205810547,23.334667205810547,73324500
2018-01-22,23.437332153320312,23.437332153320312,93156000
2018-01-23,23.519332885742188,23.519332885742188,81981000
2018-01-24,23.05933380126953,23.05933380126953,79312500
2018-01-25,22.50933265686035,22.50933265686035,101104500
2018-01-26,22.856666564941406,22.856666564941406,68091000
2018-01-29,23.302000045776367,23.302000045776367,71206500
2018-01-30,23.05466651916504,23.05466651916504,70765500
2018-01-31,23.62066650390625,23.62066650390625,93211500
2018-02-01,23.28333282470703,23.28333282470703,62965500
2018-02-02,22.916667938232422,22.916667938232422,55572000
2018-02-05,22.208667755126953,22.208667755126953,66961500
2018-02-06,22.264667510986328,22.264667510986328,76326000
2018-02-07,23.0,23.0,104538000
2018-02-08,21.01533317565918,21.01533317565918,154719000
2018-02-09,20.69466781616211,20.69466781616211,194005500
2018-02-12,21.048667907714844,21.048667907714844,93417000
2018-02-13,21.577333450317383,21.577333450317383,68403000
2018-02-14,21.487333297729492,21.487333297729492,59260500
2018-02-15,22.271333694458008,22.271333694458008,88693500
2018-02-16,22.365999221801758,22.365999221801758,84639000
2018-02-20,22.31800079345703,22.31800079345703,60141000
2018-02-21,22.219999313354492,22.219999313354492,48294000
2018-02-22,23.077999114990234,23.077999114990234,104547000
2018-02-23,23.469999313354492,23.469999313354492,87261000
2018-02-26,23.827999114990234,23.827999114990234,65100000
2018-02-27,23.39933204650879,23.39933204650879,71961000
2018-02-28,22.87066650390625,22.87066650390625,91045500
2018-03-01,22.062000274658203,22.062000274658203,103284000
2018-03-02,22.341333389282227,22.341333389282227,76392000
2018-03-05,22.22333335876465,22.22333335876465,57357000
2018-03-06,21.8799991607666,21.8799991607666,64285500
2018-03-07,22.15333366394043,22.15333366394043,75109500
2018-03-08,21.940000534057617,21.940000534057617,53493000
2018-03-09,21.81133270263672,21.81133270263672,82602000
2018-03-12,23.034000396728516,23.034000396728516,123960000
2018-03-13,22.78933334350586,22.78933334350586,89487000
2018-03-14,21.775333404541016,21.775333404541016,119511000
2018-03-15,21.706666946411133,21.706666946411133,98472000
2018-03-16,21.42333221435547,21.42333221435547,91759500
2018-03-19,20.90399932861328,20.90399932861328,112264500
2018-03-20,20.703332901000977,20.703332901000977,71464500
2018-03-21,21.101999282836914,21.101999282836914,89376000
2018-03-22,20.606666564941406,20.606666564941406,74097000
2018-03-23,20.1026668548584,20.1026668548584,99823500
2018-03-26,20.278667449951172,20.278667449951172,125628000
2018-03-27,18.61199951171875,18.61199951171875,208080000
2018-03-28,17.185333251953125,17.185333251953125,315021000
2018-03-29,17.742000579833984,17.742000579833984,227560500
2018-04-02,16.832000732421875,16.832000732421875,241710000
2018-04-03,17.8353328704834,17.8353328704834,282666000
2018-04-04,19.12933349609375,19.12933349609375,298450500
2018-04-05,20.381332397460938,20.381332397460938,286816500
2018-04-06,19.953332901000977,19.953332901000977,202804500
2018-04-09,19.310667037963867,19.310667037963867,153747000
2018-04-10,20.31333351135254,20.31333351135254,164847000
2018-04-11,20.062000274658203,20.062000274658203,112243500
2018-04-12,19.60533332824707,19.60533332824707,114132000
2018-04-13,20.022666931152344,20.022666931152344,109908000
2018-04-16,19.413999557495117,19.413999557495117,95077500
2018-04-17,19.179332733154297,19.179332733154297,105000000
2018-04-18,19.55666732788086,19.55666732788086,98365500
2018-04-19,20.005332946777344,20.005332946777344,91359000
2018-04-20,19.349332809448242,19.349332809448242,84418500
2018-04-23,18.891332626342773,18.891332626342773,73401000
2018-04-24,18.8973331451416,18.8973331451416,85279500
2018-04-25,18.71266746520996,18.71266746520996,60204000
2018-04-26,19.031999588012695,19.031999588012695,65340000
2018-04-27,19.60533332824707,19.60533332824707,65469000
2018-04-30,19.593332290649414,19.593332290649414,63423000
2018-05-01,19.994667053222656,19.994667053222656,69384000
2018-05-02,20.07666778564453,20.07666778564453,134556000
2018-05-03,18.963333129882812,18.963333129882812,260281500
2018-05-04,19.606000900268555,19.606000900268555,128541000
2018-05-07,20.184667587280273,20.184667587280273,130173000
2018-05-08,20.131332397460938,20.131332397460938,88950000
2018-05-09,20.456666946411133,20.456666946411133,85911000
2018-05-10,20.334667205810547,20.334667205810547,84774000
2018-05-11,20.070667266845703,20.070667266845703,70194000
2018-05-14,19.46466636657715,19.46466636657715,109302000
2018-05-15,18.94533348083496,18.94533348083496,142788000
2018-05-16,19.09866714477539,19.09866714477539,85110000
2018-05-17,18.96933364868164,18.96933364868164,66309000
2018-05-18,18.454666137695312,18.454666137695312,108778500
2018-05-21,18.965999603271484,18.965999603271484,137739000
2018-05-22,18.333999633789062,18.333999633789062,134187000
2018-05-23,18.60466766357422,18.60466766357422,89776500
2018-05-24,18.523332595825195,18.523332595825195,62650500
2018-05-25,18.59000015258789,18.59000015258789,58126500
2018-05-29,18.917333602905273,18.917333602905273,84999000
2018-05-30,19.447999954223633,19.447999954223633,112345500
2018-05-31,18.98200035095215,18.98200035095215,88795500
2018-06-01,19.454666137695312,19.454666137695312,81366000
2018-06-04,19.78266716003418,19.78266716003418,71967000
2018-06-05,19.408666610717773,19.408666610717773,89928000
2018-06-06,21.299999237060547,21.299999237060547,281509500
2018-06-07,21.07266616821289,21.07266616821289,215179500
2018-06-08,21.17733383178711,21.17733383178711,123078000
2018-06-11,22.139999389648438,22.139999389648438,197752500
2018-06-12,22.851333618164062,22.851333618164062,335211000
2018-06-13,22.985332489013672,22.985332489013672,142047000
2018-06-14,23.847999572753906,23.847999572753906,164715000
2018-06-15,23.878000259399414,23.878000259399414,162724500
2018-06-18,24.722000122070312,24.722000122070312,181098000
2018-06-19,23.503332138061523,23.503332138061523,191428500
2018-06-20,24.148000717163086,24.148000717163086,125755500
2018-06-21,23.167333602905273,23.167333602905273,119506500
2018-06-22,22.242000579833984,22.242000579833984,153991500
2018-06-25,22.200666427612305,22.200666427612305,103969500
2018-06-26,22.799999237060547,22.799999237060547,111787500
2018-06-27,22.96666717529297,22.96666717529297,125005500
2018-06-28,23.32866668701172,23.32866668701172,125970000
2018-06-29,22.863332748413086,22.863332748413086,97386000
2018-07-02,22.33799934387207,22.33799934387207,281397000
2018-07-03,20.724000930786133,20.724000930786133,184239000
2018-07-05,20.610666275024414,20.610666275024414,262146000
2018-07-06,20.593332290649414,20.593332290649414,132982500
2018-07-09,21.233999252319336,21.233999252319336,113952000
2018-07-10,21.49799919128418,21.49799919128418,142072500
2018-07-11,21.263999938964844,21.263999938964844,73261500
2018-07-12,21.11400032043457,21.11400032043457,85818000
2018-07-13,21.257999420166016,21.257999420166016,88047000
2018-07-16,20.67333221435547,20.67333221435547,117280500
2018-07-17,21.512666702270508,21.512666702270508,104943000
2018-07-18,21.59000015258789,21.59000015258789,84363000
2018-07-19,21.34866714477539,21.34866714477539,88729500
2018-07-20,20.905332565307617,20.905332565307617,77433000
2018-07-23,20.213333129882812,20.213333129882812,164893500
2018-07-24,19.82866668701172,19.82866668701172,143862000
2018-07-25,20.582666397094727,20.582666397094727,106131000
2018-07-26,20.44333267211914,20.44333267211914,69457500
2018-07-27,19.812000274658203,19.812000274658203,85549500
2018-07-30,19.344667434692383,19.344667434692383,102211500
2018-07-31,19.875999450683594,19.875999450683594,76153500
2018-08-01,20.055999755859375,20.055999755859375,151941000
2018-08-02,23.30266761779785,23.30266761779785,348225000
2018-08-03,23.211332321166992,23.211332321166992,204847500
2018-08-06,22.799333572387695,22.799333572387695,128464500
2018-08-07,25.30466651916504,25.30466651916504,463137000
2018-08-08,24.689332962036133,24.689332962036133,368568000
2018-08-09,23.496667861938477,23.496667861938477,257757000
2018-08-10,23.69933319091797,23.69933319091797,173280000
2018-08-13,23.76066780090332,23.76066780090332,156958500
2018-08-14,23.176000595092773,23.176000595092773,104796000
2018-08-15,22.57933235168457,22.57933235168457,136519500
2018-08-16,22.363332748413086,22.363332748413086,90960000
2018-08-17,20.366666793823242,20.366666793823242,284379000
2018-08-20,20.562667846679688,20.562667846679688,261034500
2018-08-21,21.459999084472656,21.459999084472656,197583000
2018-08-22,21.44266700744629,21.44266700744629,89190000
2018-08-23,21.34000015258789,21.34000015258789,77209500
2018-08-24,21.521333694458008,21.521333694458008,54039000
2018-08-27,21.284666061401367,21.284666061401367,196189500
2018-08-28,20.790666580200195,20.790666580200195,114736500
2018-08-29,20.333999633789062,20.333999633789062,111711000
2018-08-30,20.209999084472656,20.209999084472656,108250500
2018-08-31,20.110666275024414,20.110666275024414,80626500
2018-09-04,19.26333236694336,19.26333236694336,125257500
2018-09-05,18.715999603271484,18.715999603271484,115812000
2018-09-06,18.729999542236328,18.729999542236328,112212000
2018-09-07,17.549333572387695,17.549333572387695,337378500
2018-09-10,19.03333282470703,19.03333282470703,214252500
2018-09-11,18.62933349609375,18.62933349609375,137550000
2018-09-12,19.369333267211914,19.369333267211914,150231000
2018-09-13,19.297332763671875,19.297332763671875,95104500
2018-09-14,19.68000030517578,19.68000030517578,101484000
2018-09-17,19.6560001373291,19.6560001373291,103314000
2018-09-18,18.997333526611328,18.997333526611328,248212500
2018-09-19,19.934667587280273,19.934667587280273,124423500
2018-09-20,19.8886661529541,19.8886661529541,110241000
2018-09-21,19.940000534057617,19.940000534057617,75757500
2018-09-24,19.978666305541992,19.978666305541992,72645000
2018-09-25,20.06599998474121,20.06599998474121,67225500
2018-09-26,20.6386661529541,20.6386661529541,117648000
2018-09-27,20.501333236694336,20.501333236694336,127636500
2018-09-28,17.65133285522461,17.65133285522461,504745500
2018-10-01,20.713333129882812,20.713333129882812,326664000
2018-10-02,20.06800079345703,20.06800079345703,176152500
2018-10-03,19.65333366394043,19.65333366394043,119925000
2018-10-04,18.788667678833008,18.788667678833008,147213000
2018-10-05,17.463333129882812,17.463333129882812,269167500
2018-10-08,16.70400047302246,16.70400047302246,202090500
2018-10-09,17.520000457763672,17.520000457763672,180909000
2018-10-10,17.125333786010742,17.125333786010742,192229500
2018-10-11,16.815332412719727,16.815332412719727,122515500
2018-10-12,17.25200080871582,17.25200080871582,108021000
2018-10-15,17.305999755859375,17.305999755859375,93000000
2018-10-16,18.439332962036133,18.439332962036133,142896000
2018-10-17,18.118667602539062,18.118667602539062,129832500
2018-10-18,17.5939998626709,17.5939998626709,81318000
2018-10-19,17.333332061767578,17.333332061767578,140632500
2018-10-22,17.39666748046875,17.39666748046875,84004500
2018-10-23,19.609333038330078,19.609333038330078,285417000
2018-10-24,19.233333587646484,19.233333587646484,300874500
2018-10-25,20.99066734313965,20.99066734313965,312610500
2018-10-26,22.059999465942383,22.059999465942383,411382500
2018-10-29,22.323333740234375,22.323333740234375,217290000
2018-10-30,21.99333381652832,21.99333381652832,136900500
2018-10-31,22.488000869750977,22.488000869750977,114364500
2018-11-01,22.95199966430664,22.95199966430664,120001500
2018-11-02,23.0939998626709,23.0939998626709,117120000
2018-11-05,22.760000228881836,22.760000228881836,117465000
2018-11-06,22.737333297729492,22.737333297729492,101443500
2018-11-07,23.21066665649414,23.21066665649414,110617500
2018-11-08,23.426666259765625,23.426666259765625,106360500
2018-11-09,23.367332458496094,23.367332458496094,76482000
2018-11-12,22.0853328704834,22.0853328704834,104122500
2018-11-13,22.582000732421875,22.582000732421875,81729000
2018-11-14,22.933332443237305,22.933332443237305,75604500
2018-11-15,23.229333877563477,23.229333877563477,69385500
2018-11-16,23.62066650390625,23.62066650390625,108093000
2018-11-19,23.564666748046875,23.564666748046875,145633500
2018-11-20,23.166000366210938,23.166000366210938,120070500
2018-11-21,22.54599952697754,22.54599952697754,70302000
2018-11-23,21.722000122070312,21.722000122070312,63039000
2018-11-26,23.066667556762695,23.066667556762695,119881500
2018-11-27,22.92799949645996,22.92799949645996,95374500
2018-11-28,23.191333770751953,23.191333770751953,61914000
2018-11-29,22.744667053222656,22.744667053222656,46210500
2018-11-30,23.365333557128906,23.365333557128906,84436500
2018-12-03,23.89933204650879,23.89933204650879,124597500
2018-12-04,23.979999542236328,23.979999542236328,126928500
2018-12-06,24.20400047302246,24.20400047302246,117637500
2018-12-07,23.864667892456055,23.864667892456055,172668000
2018-12-10,24.343332290649414,24.343332290649414,99202500
2018-12-11,24.450666427612305,24.450666427612305,94632000
2018-12-12,24.440000534057617,24.440000534057617,75405000
2018-12-13,25.119333267211914,25.119333267211914,110488500
2018-12-14,24.380666732788086,24.380666732788086,95064000
2018-12-17,23.22800064086914,23.22800064086914,115110000
2018-12-18,22.468666076660156,22.468666076660156,106500000
2018-12-19,22.197999954223633,22.197999954223633,124113000
2018-12-20,21.025333404541016,21.025333404541016,136078500
2018-12-21,21.31800079345703,21.31800079345703,120252000
2018-12-24,19.69266700744629,19.69266700744629,83398500
2018-12-26,21.73933219909668,21.73933219909668,122446500
2018-12-27,21.075332641601562,21.075332641601562,128626500
2018-12-28,22.257999420166016,22.257999420166016,149085000
2018-12-31,22.18666648864746,22.18666648864746,94534500
2019-01-02,20.674667358398438,20.674667358398438,174879000
2019-01-03,20.02400016784668,20.02400016784668,104478000
2019-01-04,21.179332733154297,21.179332733154297,110911500
2019-01-07,22.33066749572754,22.33066749572754,113268000
2019-01-08,22.356666564941406,22.356666564941406,105127500
2019-01-09,22.568666458129883,22.568666458129883,81493500
2019-01-10,22.99799919128418,22.99799919128418,90846000
2019-01-11,23.150667190551758,23.150667190551758,75586500
2019-01-14,22.293333053588867,22.293333053588867,78709500
2019-01-15,22.961999893188477,22.961999893188477,90849000
2019-01-16,23.06999969482422,23.06999969482422,70375500
2019-01-17,23.15399932861328,23.15399932861328,55150500
2019-01-18,20.150667190551758,20.150667190551758,362262000
2019-01-22,19.92799949645996,19.92799949645996,181000500
2019-01-23,19.172666549682617,19.172666549682617,187950000
2019-01-24,19.43400001525879,19.43400001525879,120183000
2019-01-25,19.80266761779785,19.80266761779785,108744000
2019-01-28,19.7586669921875,19.7586669921875,96349500
2019-01-29,19.83066749572754,19.83066749572754,69325500
2019-01-30,20.584667205810547,20.584667205810547,168754500
2019-01-31,20.468000411987305,20.468000411987305,188538000
2019-02-01,20.81399917602539,20.81399917602539,109251000
2019-02-04,20.859333038330078,20.859333038330078,110281500
2019-02-05,21.42333221435547,21.42333221435547,101142000
2019-02-06,21.148000717163086,21.148000717163086,75577500
2019-02-07,20.500667572021484,20.500667572021484,97809000
2019-02-08,20.386667251586914,20.386667251586914,87663000
2019-02-11,20.856000900268555,20.856000900268555,106945500
2019-02-12,20.78733253479004,20.78733253479004,82764000
2019-02-13,20.544666290283203,20.544666290283203,77124000
2019-02-14,20.251333236694336,20.251333236694336,78012000
2019-02-15,20.525333404541016,20.525333404541016,58573500
2019-02-19,20.375999450683594,20.375999450683594,62526000
2019-02-20,20.17066764831543,20.17066764831543,107131500
2019-02-21,19.415332794189453,19.415332794189453,133638000
2019-02-22,19.6473331451416,19.6473331451416,86109000
2019-02-25,19.917999267578125,19.917999267578125,99397500
2019-02-26,19.857332229614258,19.857332229614258,128737500
2019-02-27,20.982667922973633,20.982667922973633,167758500
2019-02-28,21.325332641601562,21.325332641601562,157810500
2019-03-01,19.652666091918945,19.652666091918945,343671000
2019-03-04,19.02400016784668,19.02400016784668,256452000
2019-03-05,18.43600082397461,18.43600082397461,281470500
2019-03-06,18.416000366210938,18.416000366210938,155032500
2019-03-07,18.439332962036133,18.439332962036133,141637500
2019-03-08,18.94266700744629,18.94266700744629,132294000
2019-03-11,19.39466667175293,19.39466667175293,110884500
2019-03-12,18.890666961669922,18.890666961669922,112561500
2019-03-13,19.263999938964844,19.263999938964844,102670500
2019-03-14,19.33066749572754,19.33066749572754,106551000
2019-03-15,18.36199951171875,18.36199951171875,221782500
2019-03-18,17.965999603271484,17.965999603271484,154215000
2019-03-19,17.83133316040039,17.83133316040039,177009000
2019-03-20,18.239999771118164,18.239999771118164,103623000
2019-03-21,18.26799964904785,18.26799964904785,89206500
2019-03-22,17.635332107543945,17.635332107543945,131184000
2019-03-25,17.3613338470459,17.3613338470459,153225000
2019-03-26,17.851333618164062,17.851333618164062,110263500
2019-03-27,18.32200050354004,18.32200050354004,131688000
2019-03-28,18.57466697692871,18.57466697692871,101611500
2019-03-29,18.657333374023438,18.657333374023438,89869500
2019-04-01,19.278667449951172,19.278667449951172,121656000
2019-04-02,19.058666229248047,19.058666229248047,82183500
2019-04-03,19.45400047302246,19.45400047302246,118791000
2019-04-04,17.851999282836914,17.851999282836914,355810500
2019-04-05,18.33066749572754,18.33066749572754,195574500
2019-04-08,18.213333129882812,18.213333129882812,156156000
2019-04-09,18.15399932861328,18.15399932861328,88560000
2019-04-10,18.40399932861328,18.40399932861328,105919500
2019-04-11,17.89466667175293,17.89466667175293,147538500
2019-04-12,17.84666633605957,17.84666633605957,101190000
2019-04-15,17.7586669921875,17.7586669921875,150579000
2019-04-16,18.224000930786133,18.224000930786133,109093500
2019-04-17,18.082000732421875,18.082000732421875,76897500
2019-04-18,18.21733283996582,18.21733283996582,88144500
2019-04-22,17.516666412353516,17.516666412353516,182206500
2019-04-23,17.593332290649414,17.593332290649414,164158500
2019-04-24,17.243999481201172,17.243999481201172,160912500
2019-04-25,16.5086669921875,16.5086669921875,327741000
2019-04-26,15.675999641418457,15.675999641418457,335410500
2019-04-29,16.097999572753906,16.097999572753906,250717500
2019-04-30,15.912667274475098,15.912667274475098,141969000
2019-05-01,15.600666999816895,15.600666999816895,160566000
2019-05-02,16.273332595825195,16.273332595825195,272389500
2019-05-03,17.00200080871582,17.00200080871582,355602000
2019-05-06,17.022666931152344,17.022666931152344,162508500
2019-05-07,16.470666885375977,16.470666885375977,151971000
2019-05-08,16.32266616821289,16.32266616821289,92646000
2019-05-09,16.131999969482422,16.131999969482422,100671000
2019-05-10,15.968000411987305,15.968000411987305,105124500
2019-05-13,15.133999824523926,15.133999824523926,162522000
2019-05-14,15.487333297729492,15.487333297729492,108786000
2019-05-15,15.463333129882812,15.463333129882812,109440000
2019-05-16,15.222000122070312,15.222000122070312,112249500
2019-05-17,14.0686674118042,14.0686674118042,266800500
2019-05-20,13.690667152404785,13.690667152404785,307893000
2019-05-21,13.67199993133545,13.67199993133545,270058500
2019-05-22,12.84866714477539,12.84866714477539,280278000
2019-05-23,13.03266716003418,13.03266716003418,398206500
2019-05-24,12.708666801452637,12.708666801452637,212049000
2019-05-28,12.579999923706055,12.579999923706055,154693500
2019-05-29,12.657333374023438,12.657333374023438,179529000
2019-05-30,12.54800033569336,12.54800033569336,118897500
2019-05-31,12.343999862670898,12.343999862670898,156100500
2019-06-03,11.9313325881958,11.9313325881958,195966000
2019-06-04,12.90666675567627,12.90666675567627,207112500
2019-06-05,13.105999946594238,13.105999946594238,202662000
2019-06-06,13.729999542236328,13.729999542236328,303633000
2019-06-07,13.633333206176758,13.633333206176758,240052500
2019-06-10,14.192000389099121,14.192000389099121,158775000
2019-06-11,14.473333358764648,14.473333358764648,174802500
2019-06-12,13.950667381286621,13.950667381286621,227962500
2019-06-13,14.260666847229004,14.260666847229004,122524500
2019-06-14,14.32800006866455,14.32800006866455,111501000
2019-06-17,15.001999855041504,15.001999855041504,184752000
2019-06-18,14.982666969299316,14.982666969299316,190737000
2019-06-19,15.095333099365234,15.095333099365234,98626500
2019-06-20,14.641332626342773,14.641332626342773,177952500
2019-06-21,14.790666580200195,14.790666580200195,123031500
2019-06-24,14.909333229064941,14.909333229064941,86262000
2019-06-25,14.650667190551758,14.650667190551758,92731500
2019-06-26,14.618000030517578,14.618000030517578,127608000
2019-06-27,14.855999946594238,14.855999946594238,95095500
2019-06-28,14.897333145141602,14.897333145141602,102771000
2019-07-01,15.14466667175293,15.14466667175293,123201000
2019-07-02,14.970000267028809,14.970000267028809,138885000
2019-07-03,15.65999984741211,15.65999984741211,213016500
2019-07-05,15.539999961853027,15.539999961853027,105985500
2019-07-08,15.355999946594238,15.355999946594238,88207500
2019-07-09,15.337332725524902,15.337332725524902,92862000
2019-07-10,15.928000450134277,15.928000450134277,137185500
2019-07-11,15.90666675567627,15.90666675567627,112716000
2019-07-12,16.338666915893555,16.338666915893555,138007500
2019-07-15,16.899999618530273,16.899999618530273,165001500
2019-07-16,16.825332641601562,16.825332641601562,122235000
2019-07-17,16.99066734313965,16.99066734313965,146470500
2019-07-18,16.902666091918945,16.902666091918945,71379000
2019-07-19,17.211999893188477,17.211999893188477,105726000
2019-07-22,17.045333862304688,17.045333862304688,102636000
2019-07-23,17.344667434692383,17.344667434692383,75346500
2019-07-24,17.658666610717773,17.658666610717773,166092000
2019-07-25,15.254667282104492,15.254667282104492,336274500
2019-07-26,15.202667236328125,15.202667236328125,150415500
2019-07-29,15.718000411987305,15.718000411987305,139099500
2019-07-30,16.150667190551758,16.150667190551758,121635000
2019-07-31,16.107332229614258,16.107332229614258,137673000
2019-08-01,15.59000015258789,15.59000015258789,123892500
2019-08-02,15.62266731262207,15.62266731262207,92047500
2019-08-05,15.221332550048828,15.221332550048828,105424500
2019-08-06,15.383333206176758,15.383333206176758,83463000
2019-08-07,15.561332702636719,15.561332702636719,71647500
2019-08-08,15.886667251586914,15.886667251586914,79114500
2019-08-09,15.667332649230957,15.667332649230957,58473000
2019-08-12,15.267333030700684,15.267333030700684,69958500
2019-08-13,15.666666984558105,15.666666984558105,72721500
2019-08-14,14.641332626342773,14.641332626342773,143439000
2019-08-15,14.37600040435791,14.37600040435791,122394000
2019-08-16,14.662667274475098,14.662667274475098,76477500
2019-08-19,15.121999740600586,15.121999740600586,79644000
2019-08-20,15.057332992553711,15.057332992553711,61878000
2019-08-21,14.722000122070312,14.722000122070312,116914500
2019-08-22,14.8100004196167,14.8100004196167,98385000
2019-08-23,14.09333324432373,14.09333324432373,128079000
2019-08-26,14.333333015441895,14.333333015441895,75778500
2019-08-27,14.272000312805176,14.272000312805176,81243000
2019-08-28,14.37266731262207,14.37266731262207,48382500
2019-08-29,14.780667304992676,14.780667304992676,77692500
2019-08-30,15.040666580200195,15.040666580200195,139809000
2019-09-03,15.000666618347168,15.000666618347168,80311500
2019-09-04,14.711999893188477,14.711999893188477,86415000
2019-09-05,15.305333137512207,15.305333137512207,110929500
2019-09-06,15.16333293914795,15.16333293914795,62841000
2019-09-09,15.452667236328125,15.452667236328125,72040500
2019-09-10,15.702667236328125,15.702667236328125,73255500
2019-09-11,16.47333335876465,16.47333335876465,150642000
2019-09-12,16.391332626342773,16.391332626342773,128718000
2019-09-13,16.34666633605957,16.34666633605957,79696500
2019-09-16,16.187332153320312,16.187332153320312,70921500
2019-09-17,16.319332122802734,16.319332122802734,57981000
2019-09-18,16.232667922973633,16.232667922973633,62553000
2019-09-19,16.440000534057617,16.440000534057617,71937000
2019-09-20,16.041332244873047,16.041332244873047,95295000
2019-09-23,16.082000732421875,16.082000732421875,65103000
2019-09-24,14.880666732788086,14.880666732788086,193372500
2019-09-25,15.24666690826416,15.24666690826416,141406500
2019-09-26,16.17066764831543,16.17066764831543,178267500
2019-09-27,16.142000198364258,16.142000198364258,166746000
2019-09-30,16.058000564575195,16.058000564575195,88197000
2019-10-01,16.312667846679688,16.312667846679688,92439000
2019-10-02,16.208667755126953,16.208667755126953,84471000
2019-10-03,15.535332679748535,15.535332679748535,226267500
2019-10-04,15.428667068481445,15.428667068481445,119925000
2019-10-07,15.847999572753906,15.847999572753906,120963000
2019-10-08,16.003332138061523,16.003332138061523,130173000
2019-10-09,16.302000045776367,16.302000045776367,103416000
2019-10-10,16.31599998474121,16.31599998474121,94249500
2019-10-11,16.525999069213867,16.525999069213867,127131000
2019-10-14,17.130666732788086,17.130666732788086,153075000
2019-10-15,17.19266700744629,17.19266700744629,96492000
2019-10-16,17.316667556762695,17.316667556762695,100261500
2019-10-17,17.46466636657715,17.46466636657715,71539500
2019-10-18,17.1299991607666,17.1299991607666,86247000
2019-10-21,16.899999618530273,16.899999618530273,75304500
2019-10-22,17.038667678833008,17.038667678833008,69012000
2019-10-23,16.978666305541992,16.978666305541992,78916500
2019-10-24,19.978666305541992,19.978666305541992,445813500
2019-10-25,21.875333786010742,21.875333786010742,450091500
2019-10-28,21.847333908081055,21.847333908081055,283054500
2019-10-29,21.08133316040039,21.08133316040039,190264500
2019-10-30,21.000667572021484,21.000667572021484,144627000
2019-10-31,20.994667053222656,20.994667053222656,76005000
2019-11-01,20.887332916259766,20.887332916259766,95758500
2019-11-04,21.1646671295166,21.1646671295166,131805000
2019-11-05,21.148000717163086,21.148000717163086,104151000
2019-11-06,21.77199935913086,21.77199935913086,119113500
2019-11-07,22.369333267211914,22.369333267211914,217009500
2019-11-08,22.47599983215332,22.47599983215332,91038000
2019-11-11,23.006000518798828,23.006000518798828,149800500
2019-11-12,23.32866668701172,23.32866668701172,110391000
2019-11-13,23.073999404907227,23.073999404907227,126301500
2019-11-14,23.290000915527344,23.290000915527344,96973500
2019-11-15,23.47800064086914,23.47800064086914,72135000
2019-11-18,23.332666397094727,23.332666397094727,66006000
2019-11-19,23.968000411987305,23.968000411987305,115872000
2019-11-20,23.481332778930664,23.481332778930664,100876500
2019-11-21,23.655332565307617,23.655332565307617,91650000
2019-11-22,22.202667236328125,22.202667236328125,253059000
2019-11-25,22.422666549682617,22.422666549682617,185092500
2019-11-26,21.92799949645996,21.92799949645996,119211000
2019-11-27,22.086000442504883,22.086000442504883,83334000
2019-11-29,21.996000289916992,21.996000289916992,36984000
2019-12-02,22.32466697692871,22.32466697692871,91117500
2019-12-03,22.413333892822266,22.413333892822266,98605500
2019-12-04,22.20199966430664,22.20199966430664,82995000
2019-12-05,22.024667739868164,22.024667739868164,55869000
2019-12-06,22.392667770385742,22.392667770385742,114186000
2019-12-09,22.635332107543945,22.635332107543945,135346500
2019-12-10,23.256000518798828,23.256000518798828,132424500
2019-12-11,23.51333236694336,23.51333236694336,103467000
2019-12-12,23.978666305541992,23.978666305541992,116458500
2019-12-13,23.892667770385742,23.892667770385742,98563500
2019-12-16,25.433332443237305,25.433332443237305,272613000
2019-12-17,25.266000747680664,25.266000747680664,127452000
2019-12-18,26.209999084472656,26.209999084472656,211815000
2019-12-19,26.93600082397461,26.93600082397461,271606500
2019-12-20,27.03933334350586,27.03933334350586,221290500
2019-12-23,27.947999954223633,27.947999954223633,199794000
2019-12-24,28.350000381469727,28.350000381469727,120820500
2019-12-26,28.729333877563477,28.729333877563477,159508500
2019-12-27,28.691999435424805,28.691999435424805,149185500
2019-12-30,27.64666748046875,27.64666748046875,188796000
2019-12-31,27.8886661529541,27.8886661529541,154285500
2020-01-02,28.68400001525879,28.68400001525879,142981500
2020-01-03,29.534000396728516,29.534000396728516,266677500
2020-01-06,30.1026668548584,30.1026668548584,151995000
2020-01-07,31.270666122436523,31.270666122436523,268231500
2020-01-08,32.80933380126953,32.80933380126953,467164500
2020-01-09,32.089332580566406,32.089332580566406,426606000
2020-01-10,31.876667022705078,31.876667022705078,194392500
2020-01-13,34.990665435791016,34.990665435791016,397764000
2020-01-14,35.861331939697266,35.861331939697266,434943000
2020-01-15,34.56666564941406,34.56666564941406,260532000
2020-01-16,34.232666015625,34.232666015625,326050500
2020-01-17,34.03333282470703,34.03333282470703,204436500
2020-01-21,36.47999954223633,36.47999954223633,267052500
2020-01-22,37.97066879272461,37.97066879272461,470535000
2020-01-23,38.14666748046875,38.14666748046875,294765000
2020-01-24,37.654666900634766,37.654666900634766,215304000
2020-01-27,37.201332092285156,37.201332092285156,204121500
2020-01-28,37.793331146240234,37.793331146240234,176827500
2020-01-29,38.732666015625,38.732666015625,267022500
2020-01-30,42.72066879272461,42.72066879272461,435085500
2020-01-31,43.371334075927734,43.371334075927734,235789500
2020-02-03,52.0,52.0,705975000
2020-02-04,59.137332916259766,59.137332916259766,914082000
2020-02-05,48.97999954223633,48.97999954223633,726357000
2020-02-06,49.930667877197266,49.930667877197266,598212000
2020-02-07,49.871334075927734,49.871334075927734,255952500
2020-02-10,51.41866683959961,51.41866683959961,370338000
2020-02-11,51.62533187866211,51.62533187866211,175462500
2020-02-12,51.15266799926758,51.15266799926758,180337500
2020-02-13,53.599998474121094,53.599998474121094,394339500
2020-02-14,53.33533477783203,53.33533477783203,235405500
2020-02-18,57.22666549682617,57.22666549682617,245725500
2020-02-19,61.16133117675781,61.16133117675781,381345000
2020-02-20,59.96066665649414,59.96066665649414,264523500
2020-02-21,60.06666564941406,60.06666564941406,214722000
2020-02-24,55.58599853515625,55.58599853515625,227883000
2020-02-25,53.32733154296875,53.32733154296875,259357500
2020-02-26,51.91999816894531,51.91999816894531,211282500
2020-02-27,45.266666412353516,45.266666412353516,364158000
2020-02-28,44.53266525268555,44.53266525268555,363343500
2020-03-02,49.574668884277344,49.574668884277344,302925000
2020-03-03,49.70066833496094,49.70066833496094,386760000
2020-03-04,49.96666717529297,49.96666717529297,225735000
2020-03-05,48.30266571044922,48.30266571044922,162790500
2020-03-06,46.89866638183594,46.89866638183594,189943500
2020-03-09,40.53333282470703,40.53333282470703,256105500
2020-03-10,43.02199935913086,43.02199935913086,233916000
2020-03-11,42.28200149536133,42.28200149536133,199837500
2020-03-12,37.369998931884766,37.369998931884766,283636500
2020-03-13,36.44133377075195,36.44133377075195,339604500
2020-03-16,29.67133331298828,29.67133331298828,307342500
2020-03-17,28.68000030517578,28.68000030517578,359919000
2020-03-18,24.08133316040039,24.08133316040039,356793000
2020-03-19,28.50933265686035,28.50933265686035,452932500
2020-03-20,28.50200080871582,28.50200080871582,424282500
2020-03-23,28.952667236328125,28.952667236328125,246817500
2020-03-24,33.66666793823242,33.66666793823242,343428000
2020-03-25,35.95000076293945,35.95000076293945,318340500
2020-03-26,35.21066665649414,35.21066665649414,260710500
2020-03-27,34.29066848754883,34.29066848754883,215661000
2020-03-30,33.47533416748047,33.47533416748047,179971500
2020-03-31,34.93333435058594,34.93333435058594,266572500
2020-04-01,32.104000091552734,32.104000091552734,200298000
2020-04-02,30.29800033569336,30.29800033569336,297876000
2020-04-03,32.000667572021484,32.000667572021484,338431500
2020-04-06,34.41600036621094,34.41600036621094,223527000
2020-04-07,36.36333465576172,36.36333465576172,268797000
2020-04-08,36.589332580566406,36.589332580566406,189840000
2020-04-09,38.20000076293945,38.20000076293945,204750000
2020-04-13,43.39666748046875,43.39666748046875,337131000
2020-04-14,47.32600021362305,47.32600021362305,458647500
2020-04-15,48.65533447265625,48.65533447265625,353655000
2020-04-16,49.680667877197266,49.680667877197266,309868500
2020-04-17,50.259334564208984,50.259334564208984,196923000
2020-04-20,49.75733184814453,49.75733184814453,221199000
2020-04-21,45.781333923339844,45.781333923339844,303136500
2020-04-22,48.807334899902344,48.807334899902344,212482500
2020-04-23,47.04199981689453,47.04199981689453,198550500
2020-04-24,48.34333419799805,48.34333419799805,198180000
2020-04-27,53.25,53.25,310221000
2020-04-28,51.27466583251953,51.27466583251953,228330000
2020-04-29,53.367332458496094,53.367332458496094,243240000
2020-04-30,52.12533187866211,52.12533187866211,427078500
2020-05-01,46.75466537475586,46.75466537475586,487977000
2020-05-04,50.74599838256836,50.74599838256836,288556500
2020-05-05,51.2140007019043,51.2140007019043,254875500
2020-05-06,52.172000885009766,52.172000885009766,166848000
2020-05-07,52.00266647338867,52.00266647338867,172915500
2020-05-08,54.62799835205078,54.62799835205078,241297500
2020-05-11,54.08599853515625,54.08599853515625,247794000
2020-05-12,53.96066665649414,53.96066665649414,238603500
2020-05-13,52.73066711425781,52.73066711425781,285982500
2020-05-14,53.55533218383789,53.55533218383789,205233000
2020-05-15,53.27799987792969,53.27799987792969,157776000
2020-05-18,54.242000579833984,54.242000579833984,174987000
2020-05-19,53.867332458496094,53.867332458496094,144547500
2020-05-20,54.37066650390625,54.37066650390625,109639500
2020-05-21,55.17333221435547,55.17333221435547,183819000
2020-05-22,54.45866775512695,54.45866775512695,149812500
2020-05-26,54.591331481933594,54.591331481933594,121345500
2020-05-27,54.68199920654297,54.68199920654297,173242500
2020-05-28,53.72066879272461,53.72066879272461,108834000
2020-05-29,55.66666793823242,55.66666793823242,176467500
2020-06-01,59.87333297729492,59.87333297729492,224092500
2020-06-02,58.770668029785156,58.770668029785156,203484000
2020-06-03,58.86399841308594,58.86399841308594,119242500
2020-06-04,57.62533187866211,57.62533187866211,133315500
2020-06-05,59.04399871826172,59.04399871826172,117178500
2020-06-08,63.327999114990234,63.327999114990234,212620500
2020-06-09,62.711334228515625,62.711334228515625,170823000
2020-06-10,68.336669921875,68.336669921875,278451000
2020-06-11,64.85600280761719,64.85600280761719,238747500
2020-06-12,62.35200119018555,62.35200119018555,251451000
2020-06-15,66.05999755859375,66.05999755859375,235458000
2020-06-16,65.47533416748047,65.47533416748047,210766500
2020-06-17,66.11933135986328,66.11933135986328,148362000
2020-06-18,66.9306640625,66.9306640625,146278500
2020-06-19,66.72666931152344,66.72666931152344,130195500
2020-06-22,66.28800201416016,66.28800201416016,95436000
2020-06-23,66.78533172607422,66.78533172607422,95479500
2020-06-24,64.0566635131836,64.0566635131836,164394000
2020-06-25,65.73200225830078,65.73200225830078,138817500
2020-06-26,63.982666015625,63.982666015625,132823500
2020-06-29,67.29000091552734,67.29000091552734,135396000
2020-06-30,71.98733520507812,71.98733520507812,253777500
2020-07-01,74.64199829101562,74.64199829101562,199903500
2020-07-02,80.57733154296875,80.57733154296875,258751500
2020-07-06,91.43866729736328,91.43866729736328,308548500
2020-07-07,92.65733337402344,92.65733337402344,322345500
2020-07-08,91.05867004394531,91.05867004394531,244669500
2020-07-09,92.9520034790039,92.9520034790039,175764000
2020-07-10,102.97666931152344,102.97666931152344,350064000
2020-07-13,99.80400085449219,99.80400085449219,584781000
2020-07-14,101.12000274658203,101.12000274658203,351271500
2020-07-15,103.06732940673828,103.06732940673828,245517000
2020-07-16,100.04266357421875,100.04266357421875,214512000
2020-07-17,100.05599975585938,100.05599975585938,139950000
2020-07-20,109.53333282470703,109.53333282470703,256821000
2020-07-21,104.55733489990234,104.55733489990234,241608000
2020-07-22,106.15533447265625,106.15533447265625,212416500
2020-07-23,100.87133026123047,100.87133026123047,364927500
2020-07-24,94.46666717529297,94.46666717529297,290949000
2020-07-27,102.63999938964844,102.63999938964844,240730500
2020-07-28,98.43267059326172,98.43267059326172,237130500
2020-07-29,99.94066619873047,99.94066619873047,141403500
2020-07-30,99.16600036621094,99.16600036621094,114315000
2020-07-31,95.38400268554688,95.38400268554688,183123000
2020-08-03,99.0,99.0,132139500
2020-08-04,99.13333129882812,99.13333129882812,126225000
2020-08-05,99.00133514404297,99.00133514404297,74217000
2020-08-06,99.30533599853516,99.30533599853516,89884500
2020-08-07,96.84733581542969,96.84733581542969,133446000
2020-08-10,94.57133483886719,94.57133483886719,112834500
2020-08-11,91.6259994506836,91.6259994506836,129387000
2020-08-12,103.65066528320312,103.65066528320312,327441000
2020-08-13,108.06666564941406,108.06666564941406,306379500
2020-08-14,110.04733276367188,110.04733276367188,188664000
2020-08-17,122.3759994506836,122.3759994506836,303634500
2020-08-18,125.80599975585938,125.80599975585938,247117500
2020-08-19,125.23533630371094,125.23533630371094,183079500
2020-08-20,133.45533752441406,133.45533752441406,309177000
2020-08-21,136.6653289794922,136.6653289794922,322344000
2020-08-24,134.27999877929688,134.27999877929688,300954000
2020-08-25,134.8893280029297,134.8893280029297,159883500
2020-08-26,143.54466247558594,143.54466247558594,213591000
2020-08-27,149.25,149.25,355395000
2020-08-28,147.55999755859375,147.55999755859375,301218000
2020-08-31,166.10667419433594,166.10667419433594,355123200
2020-09-01,158.35000610351562,158.35000610351562,269523300
2020-09-02,149.1233367919922,149.1233367919922,288528300
2020-09-03,135.6666717529297,135.6666717529297,262788300
2020-09-04,139.44000244140625,139.44000244140625,330965700
2020-09-08,110.06999969482422,110.06999969482422,346397100
2020-09-09,122.09333038330078,122.09333038330078,238397400
2020-09-10,123.77999877929688,123.77999877929688,254791800
2020-09-11,124.23999786376953,124.23999786376953,182152500
2020-09-14,139.8733367919922,139.8733367919922,249061800
2020-09-15,149.9199981689453,149.9199981689453,291894600
2020-09-16,147.25332641601562,147.25332641601562,216837900
2020-09-17,141.14332580566406,141.14332580566406,230337600
2020-09-18,147.38333129882812,147.38333129882812,259220400
2020-09-21,149.79666137695312,149.79666137695312,328430400
2020-09-22,141.41000366210938,141.41000366210938,238742400
2020-09-23,126.78666687011719,126.78666687011719,285222600
2020-09-24,129.26333618164062,129.26333618164062,289683300
2020-09-25,135.77999877929688,135.77999877929688,201625500
2020-09-28,140.39999389648438,140.39999389648438,149158800
2020-09-29,139.69000244140625,139.69000244140625,150657900
2020-09-30,143.00332641601562,143.00332641601562,144436800
2020-10-01,149.3866729736328,149.3866729736328,152224500
2020-10-02,138.3633270263672,138.3633270263672,214290000
2020-10-05,141.89332580566406,141.89332580566406,134168400
2020-10-06,137.9933319091797,137.9933319091797,147438900
2020-10-07,141.76666259765625,141.76666259765625,129383100
2020-10-08,141.97332763671875,141.97332763671875,121263300
2020-10-09,144.6666717529297,144.6666717529297,86777100
2020-10-12,147.43333435058594,147.43333435058594,116373300
2020-10-13,148.88333129882812,148.88333129882812,103391100
2020-10-14,153.76666259765625,153.76666259765625,143639100
2020-10-15,149.6266632080078,149.6266632080078,107017200
2020-10-16,146.55667114257812,146.55667114257812,98327700
2020-10-19,143.61000061035156,143.61000061035156,108863400
2020-10-20,140.64666748046875,140.64666748046875,94968900
2020-10-21,140.8800048828125,140.8800048828125,97111500
2020-10-22,141.92999267578125,141.92999267578125,119979600
2020-10-23,140.2100067138672,140.2100067138672,101151000
2020-10-26,140.0933380126953,140.0933380126953,84717600
2020-10-27,141.55999755859375,141.55999755859375,68059500
2020-10-28,135.33999633789062,135.33999633789062,76354200
2020-10-29,136.94332885742188,136.94332885742188,67965900
2020-10-30,129.34666442871094,129.34666442871094,127533900
2020-11-02,133.50332641601562,133.50332641601562,87063300
2020-11-03,141.3000030517578,141.3000030517578,103055100
2020-11-04,140.32666015625,140.32666015625,96429300
2020-11-05,146.02999877929688,146.02999877929688,85243500
2020-11-06,143.31666564941406,143.31666564941406,65118000
2020-11-09,140.4199981689453,140.4199981689453,104499000
2020-11-10,136.7866668701172,136.7866668701172,90852600
2020-11-11,139.0433349609375,139.0433349609375,52073100
2020-11-12,137.25332641601562,137.25332641601562,59565300
2020-11-13,136.1666717529297,136.1666717529297,59313300
2020-11-16,136.02999877929688,136.02999877929688,80515800
2020-11-17,147.20333862304688,147.20333862304688,183564900
2020-11-18,162.2133331298828,162.2133331298828,234132000
2020-11-19,166.42333984375,166.42333984375,187425900
2020-11-20,163.20333862304688,163.20333862304688,98735700
2020-11-23,173.9499969482422,173.9499969482422,150780900
2020-11-24,185.1266632080078,185.1266632080078,160945500
2020-11-25,191.3333282470703,191.3333282470703,146790600
2020-11-27,195.25332641601562,195.25332641601562,112683300
2020-11-30,189.1999969482422,189.1999969482422,189009300
2020-12-01,194.9199981689453,194.9199981689453,120310500
2020-12-02,189.60667419433594,189.60667419433594,143327100
2020-12-03,197.7933349609375,197.7933349609375,127656000
2020-12-04,199.67999267578125,199.67999267578125,88203900
2020-12-07,213.9199981689453,213.9199981689453,168929100
2020-12-08,216.6266632080078,216.6266632080078,192795000
2020-12-09,201.4933319091797,201.4933319091797,213873600
2020-12-10,209.02333068847656,209.02333068847656,201249600
2020-12-11,203.3300018310547,203.3300018310547,139425000
2020-12-14,213.27667236328125,213.27667236328125,156121800
2020-12-15,211.0833282470703,211.0833282470703,135214500
2020-12-16,207.58999633789062,207.58999633789062,126287400
2020-12-17,218.63333129882812,218.63333129882812,168810300
2020-12-18,231.6666717529297,231.6666717529297,666378600
2020-12-21,216.6199951171875,216.6199951171875,174135900
2020-12-22,213.44667053222656,213.44667053222656,155148000
2020-12-23,215.32666015625,215.32666015625,99519000
2020-12-24,220.58999633789062,220.58999633789062,68596800
2020-12-28,221.22999572753906,221.22999572753906,96835800
2020-12-29,221.99667358398438,221.99667358398438,68732400
2020-12-30,231.5933380126953,231.5933380126953,128538000
2020-12-31,235.22332763671875,235.22332763671875,148949700
2021-01-04,243.2566680908203,243.2566680908203,145914600
2021-01-05,245.0366668701172,245.0366668701172,96735600
2021-01-06,251.9933319091797,251.9933319091797,134100000
2021-01-07,272.0133361816406,272.0133361816406,154496700
2021-01-08,293.3399963378906,293.3399963378906,225166500
2021-01-11,270.39666748046875,270.39666748046875,177904800
2021-01-12,283.14666748046875,283.14666748046875,138812100
2021-01-13,284.8033447265625,284.8033447265625,99937500
2021-01-14,281.6666564941406,281.6666564941406,93798900
2021-01-15,275.38665771484375,275.38665771484375,116332800
2021-01-19,281.51666259765625,281.51666259765625,76101000
2021-01-20,283.48333740234375,283.48333740234375,76997700
2021-01-21,281.663330078125,281.663330078125,61563300
2021-01-22,282.21331787109375,282.21331787109375,60199500
2021-01-25,293.6000061035156,293.6000061035156,123520200
2021-01-26,294.36334228515625,294.36334228515625,69394800
2021-01-27,288.0533447265625,288.0533447265625,82002000
2021-01-28,278.4766540527344,278.4766540527344,79134000
2021-01-29,264.510009765625,264.510009765625,104972400
2021-02-01,279.9366760253906,279.9366760253906,76174200
2021-02-02,290.92999267578125,290.92999267578125,73038600
2021-02-03,284.89666748046875,284.89666748046875,55030500
2021-02-04,283.3299865722656,283.3299865722656,47438100
2021-02-05,284.07666015625,284.07666015625,55699800
2021-02-08,287.8066711425781,287.8066711425781,60485100
2021-02-09,283.1533203125,283.1533203125,45473100
2021-02-10,268.2733459472656,268.2733459472656,108648300
2021-02-11,270.5533447265625,270.5533447265625,64868400
2021-02-12,272.0400085449219,272.0400085449219,71304900
2021-02-16,265.40667724609375,265.40667724609375,59406900
2021-02-17,266.04998779296875,266.04998779296875,77989500
2021-02-18,262.4599914550781,262.4599914550781,53871300
2021-02-19,260.4333190917969,260.4333190917969,56874900
2021-02-22,238.1666717529297,238.1666717529297,111809100
2021-02-23,232.94667053222656,232.94667053222656,199820700
2021-02-24,247.33999633789062,247.33999633789062,110301000
2021-02-25,227.4066619873047,227.4066619873047,117071700
2021-02-26,225.1666717529297,225.1666717529297,123267600
2021-03-01,239.47666931152344,239.47666931152344,81408600
2021-03-02,228.81333923339844,228.81333923339844,71196600
2021-03-03,217.73333740234375,217.73333740234375,90624000
2021-03-04,207.14666748046875,207.14666748046875,197758500
2021-03-05,199.31666564941406,199.31666564941406,268189500
2021-03-08,187.6666717529297,187.6666717529297,155361000
2021-03-09,224.52667236328125,224.52667236328125,202569900
2021-03-10,222.68666076660156,222.68666076660156,181817100
2021-03-11,233.1999969482422,233.1999969482422,108761700
2021-03-12,231.2433319091797,231.2433319091797,100751400
2021-03-15,235.97999572753906,235.97999572753906,88006800
2021-03-16,225.6266632080078,225.6266632080078,96587100
2021-03-17,233.93666076660156,233.93666076660156,121117500
2021-03-18,217.72000122070312,217.72000122070312,99674400
2021-03-19,218.2899932861328,218.2899932861328,128682000
2021-03-22,223.3333282470703,223.3333282470703,118536600
2021-03-23,220.72000122070312,220.72000122070312,91475700
2021-03-24,210.08999633789062,210.08999633789062,101385600
2021-03-25,213.4633331298828,213.4633331298828,117674700
2021-03-26,206.23666381835938,206.23666381835938,101558400
2021-03-29,203.76333618164062,203.76333618164062,85911000
2021-03-30,211.8733367919922,211.8733367919922,118297200
2021-03-31,222.64332580566406,222.64332580566406,100011900
2021-04-01,220.5833282470703,220.5833282470703,105895200
2021-04-05,230.35000610351562,230.35000610351562,125528400
2021-04-06,230.5399932861328,230.5399932861328,84815400
2021-04-07,223.6566619873047,223.6566619873047,78928200
2021-04-08,227.93333435058594,227.93333435058594,71772900
2021-04-09,225.67333984375,225.67333984375,64311300
2021-04-12,233.9933319091797,233.9933319091797,87407100
2021-04-13,254.10667419433594,254.10667419433594,133958400
2021-04-14,244.07666015625,244.07666015625,147052200
2021-04-15,246.28334045410156,246.28334045410156,83546700
2021-04-16,246.5933380126953,246.5933380126953,83938500
2021-04-19,238.2100067138672,238.2100067138672,119058600
2021-04-20,239.663330078125,239.663330078125,106827000
2021-04-21,248.0399932861328,248.0399932861328,93646500
2021-04-22,239.89666748046875,239.89666748046875,106770900
2021-04-23,243.13333129882812,243.13333129882812,85110000
2021-04-26,246.06666564941406,246.06666564941406,93115500
2021-04-27,234.913330078125,234.913330078125,88311000
2021-04-28,231.46665954589844,231.46665954589844,66813000
2021-04-29,225.6666717529297,225.6666717529297,86536200
2021-04-30,236.47999572753906,236.47999572753906,122276100
2021-05-03,228.3000030517578,228.3000030517578,81129300
2021-05-04,224.53334045410156,224.53334045410156,89217900
2021-05-05,223.64666748046875,223.64666748046875,65705700
2021-05-06,221.17999267578125,221.17999267578125,83353800
2021-05-07,224.1233367919922,224.1233367919922,70407600
2021-05-10,209.67999267578125,209.67999267578125,94177200
2021-05-11,205.73333740234375,205.73333740234375,139511700
2021-05-12,196.6300048828125,196.6300048828125,101470800
2021-05-13,190.56333923339844,190.56333923339844,132554700
2021-05-14,196.5800018310547,196.5800018310547,100112700
2021-05-17,192.27667236328125,192.27667236328125,97171200
2021-05-18,192.6233367919922,192.6233367919922,110491800
2021-05-19,187.82000732421875,187.82000732421875,118735200
2021-05-20,195.5933380126953,195.5933380126953,92463300
2021-05-21,193.6266632080078,193.6266632080078,78091800
2021-05-24,202.14666748046875,202.14666748046875,103674300
2021-05-25,201.56333923339844,201.56333923339844,84017700
2021-05-26,206.3766632080078,206.3766632080078,85917900
2021-05-27,210.28334045410156,210.28334045410156,79111800
2021-05-28,208.4066619873047,208.4066619873047,68211000
2021-06-01,207.96665954589844,207.96665954589844,54254700
2021-06-02,201.7066650390625,201.7066650390625,69908400
2021-06-03,190.94667053222656,190.94667053222656,90335700
2021-06-04,199.68333435058594,199.68333435058594,72110700
2021-06-07,201.7100067138672,201.7100067138672,67631100
2021-06-08,201.19667053222656,201.19667053222656,78160200
2021-06-09,199.5933380126953,199.5933380126953,49753800
2021-06-10,203.3733367919922,203.3733367919922,71758800
2021-06-11,203.29666137695312,203.29666137695312,48615900
2021-06-14,205.89666748046875,205.89666748046875,61272000
2021-06-15,199.7866668701172,199.7866668701172,53292300
2021-06-16,201.6233367919922,201.6233367919922,66432300
2021-06-17,205.53334045410156,205.53334045410156,68104200
2021-06-18,207.77000427246094,207.77000427246094,73682700
2021-06-21,206.94332885742188,206.94332885742188,74438100
2021-06-22,207.90333557128906,207.90333557128906,57476700
2021-06-23,218.85667419433594,218.85667419433594,93297600
2021-06-24,226.60667419433594,226.60667419433594,137947200
2021-06-25,223.9566650390625,223.9566650390625,97490100
2021-06-28,229.57333374023438,229.57333374023438,64884600
2021-06-29,226.9199981689453,226.9199981689453,52143900
2021-06-30,226.56666564941406,226.56666564941406,56774700
2021-07-01,225.97332763671875,225.97332763671875,55903500
2021-07-02,226.3000030517578,226.3000030517578,81163500
2021-07-06,219.86000061035156,219.86000061035156,69853500
2021-07-07,214.88333129882812,214.88333129882812,56376000
2021-07-08,217.60333251953125,217.60333251953125,68319900
2021-07-09,218.98333740234375,218.98333740234375,54421500
2021-07-12,228.56666564941406,228.56666564941406,77781000
2021-07-13,222.84666442871094,222.84666442871094,62898300
2021-07-14,217.7933349609375,217.7933349609375,64923600
2021-07-15,216.86666870117188,216.86666870117188,60628800
2021-07-16,214.74000549316406,214.74000549316406,49113000
2021-07-19,215.4066619873047,215.4066619873047,63891300
2021-07-20,220.1666717529297,220.1666717529297,46461300
2021-07-21,218.42999267578125,218.42999267578125,41859900
2021-07-22,216.4199981689453,216.4199981689453,45317100
2021-07-23,214.4600067138672,214.4600067138672,43814700
2021-07-26,219.2066650390625,219.2066650390625,76009800
2021-07-27,214.92666625976562,214.92666625976562,98439900
2021-07-28,215.66000366210938,215.66000366210938,48019800
2021-07-29,225.78334045410156,225.78334045410156,91183800
2021-07-30,229.06666564941406,229.06666564941406,88969200
2021-08-02,236.55667114257812,236.55667114257812,100847400
2021-08-03,236.5800018310547,236.5800018310547,64860900
2021-08-04,236.97332763671875,236.97332763671875,51007800
2021-08-05,238.2100067138672,238.2100067138672,38758800
2021-08-06,233.03334045410156,233.03334045410156,46869000
2021-08-09,237.9199981689453,237.9199981689453,44145900
2021-08-10,236.663330078125,236.663330078125,40296900
2021-08-11,235.94000244140625,235.94000244140625,29401800
2021-08-12,240.75,240.75,52377300
2021-08-13,239.05667114257812,239.05667114257812,50194500
2021-08-16,228.72332763671875,228.72332763671875,68032200
2021-08-17,221.90333557128906,221.90333557128906,71163900
2021-08-18,229.663330078125,229.663330078125,61048200
2021-08-19,224.49000549316406,224.49000549316406,42940500
2021-08-20,226.75332641601562,226.75332641601562,44525700
2021-08-23,235.43333435058594,235.43333435058594,60794700
2021-08-24,236.163330078125,236.163330078125,39249300
2021-08-25,237.06666564941406,237.06666564941406,37936800
2021-08-26,233.72000122070312,233.72000122070312,39642900
2021-08-27,237.30667114257812,237.30667114257812,41501400
2021-08-30,243.6366729736328,243.6366729736328,55812600
2021-08-31,245.24000549316406,245.24000549316406,62566200
2021-09-01,244.69667053222656,244.69667053222656,39612900
2021-09-02,244.1300048828125,244.1300048828125,38331900
2021-09-03,244.52333068847656,244.52333068847656,45738300
2021-09-07,250.97332763671875,250.97332763671875,60119400
2021-09-08,251.2899932861328,251.2899932861328,56379000
2021-09-09,251.6199951171875,251.6199951171875,42233100
2021-09-10,245.42333984375,245.42333984375,45552600
2021-09-13,247.6666717529297,247.6666717529297,68857500
2021-09-14,248.163330078125,248.163330078125,55574700
2021-09-15,251.94332885742188,251.94332885742188,46073100
2021-09-16,252.3300018310547,252.3300018310547,41770200
2021-09-17,253.163330078125,253.163330078125,84612600
2021-09-20,243.38999938964844,243.38999938964844,74273100
2021-09-21,246.4600067138672,246.4600067138672,48992100
2021-09-22,250.64666748046875,250.64666748046875,45378900
2021-09-23,251.2133331298828,251.2133331298828,35842500
2021-09-24,258.1300048828125,258.1300048828125,64119000
2021-09-27,263.78668212890625,263.78668212890625,84212100
2021-09-28,259.1866760253906,259.1866760253906,76144200
2021-09-29,260.4366760253906,260.4366760253906,62828700
2021-09-30,258.49334716796875,258.49334716796875,53868000
2021-10-01,258.40667724609375,258.40667724609375,51094200
2021-10-04,260.510009765625,260.510009765625,91449900
2021-10-05,260.1966552734375,260.1966552734375,55297800
2021-10-06,260.9166564941406,260.9166564941406,43898400
2021-10-07,264.53668212890625,264.53668212890625,57587400
2021-10-08,261.8299865722656,261.8299865722656,50215800
2021-10-11,263.9800109863281,263.9800109863281,42600900
2021-10-12,268.5733337402344,268.5733337402344,66060000
2021-10-13,270.3599853515625,270.3599853515625,42360300
2021-10-14,272.7733459472656,272.7733459472656,36741600
2021-10-15,281.010009765625,281.010009765625,56773800
2021-10-18,290.03668212890625,290.03668212890625,72621600
2021-10-19,288.0899963378906,288.0899963378906,52143300
2021-10-20,288.6000061035156,288.6000061035156,42096300
2021-10-21,298.0,298.0,94444500
2021-10-22,303.2266540527344,303.2266540527344,68642400
2021-10-25,341.6199951171875,341.6199951171875,188556300
2021-10-26,339.4766540527344,339.4766540527344,187245000
2021-10-27,345.9533386230469,345.9533386230469,115579500
2021-10-28,359.0133361816406,359.0133361816406,81639600
2021-10-29,371.3333435058594,371.3333435058594,89755200
2021-11-01,402.86334228515625,402.86334228515625,168146100
2021-11-02,390.6666564941406,390.6666564941406,128213400
2021-11-03,404.6199951171875,404.6199951171875,103885500
2021-11-04,409.9700012207031,409.9700012207031,76192200
2021-11-05,407.36334228515625,407.36334228515625,64886400
2021-11-08,387.64666748046875,387.64666748046875,100337100
2021-11-09,341.1666564941406,341.1666564941406,177317400
2021-11-10,355.98333740234375,355.98333740234375,128408100
2021-11-11,354.5033264160156,354.5033264160156,67189800
2021-11-12,344.47332763671875,344.47332763671875,76719300
2021-11-15,337.7966613769531,337.7966613769531,104326800
2021-11-16,351.57666015625,351.57666015625,79627200
2021-11-17,363.0033264160156,363.0033264160156,94336200
2021-11-18,365.4599914550781,365.4599914550781,62696700
2021-11-19,379.0199890136719,379.0199890136719,64926900
2021-11-22,385.6233215332031,385.6233215332031,99217500
2021-11-23,369.6766662597656,369.6766662597656,108515100
2021-11-24,372.0,372.0,67680600
2021-11-26,360.6400146484375,360.6400146484375,35042700
2021-11-29,378.9966735839844,378.9966735839844,58393500
2021-11-30,381.586669921875,381.586669921875,81276000
2021-12-01,365.0,365.0,68450400
2021-12-02,361.5333251953125,361.5333251953125,73114800
2021-12-03,338.3233337402344,338.3233337402344,92322000
2021-12-06,336.336669921875,336.336669921875,81663000
2021-12-07,350.5833435058594,350.5833435058594,56084700
2021-12-08,356.32000732421875,356.32000732421875,41906400
2021-12-09,334.6000061035156,334.6000061035156,59438400
2021-12-10,339.010009765625,339.010009765625,59664300
2021-12-13,322.13665771484375,322.13665771484375,78595500
2021-12-14,319.5033264160156,319.5033264160156,70806300
2021-12-15,325.3299865722656,325.3299865722656,75169200
2021-12-16,308.97332763671875,308.97332763671875,82771500
2021-12-17,310.8566589355469,310.8566589355469,100437300
2021-12-20,299.9800109863281,299.9800109863281,56480100
2021-12-21,312.84332275390625,312.84332275390625,71517900
2021-12-22,336.2900085449219,336.2900085449219,93634200
2021-12-23,355.6666564941406,355.6666564941406,92713200
2021-12-27,364.64666748046875,364.64666748046875,71145900
2021-12-28,362.8233337402344,362.8233337402344,60324000
2021-12-29,362.0633239746094,362.0633239746094,56154000
2021-12-30,356.7799987792969,356.7799987792969,47040900
2021-12-31,352.260009765625,352.260009765625,40733700
2022-01-03,399.9266662597656,399.9266662597656,103931400
2022-01-04,383.1966552734375,383.1966552734375,100248300
2022-01-05,362.7066650390625,362.7066650390625,80119800
2022-01-06,354.8999938964844,354.8999938964844,90336600
2022-01-07,342.32000732421875,342.32000732421875,84164700
2022-01-10,352.7066650390625,352.7066650390625,91815000
2022-01-11,354.79998779296875,354.79998779296875,66063300
2022-01-12,368.739990234375,368.739990234375,83739000
2022-01-13,343.85333251953125,343.85333251953125,97209900
2022-01-14,349.8699951171875,349.8699951171875,72924300
2022-01-18,343.5033264160156,343.5033264160156,66743400
2022-01-19,331.8833312988281,331.8833312988281,75442500
2022-01-20,332.0899963378906,332.0899963378906,70488600
2022-01-21,314.6333312988281,314.6333312988281,103416000
2022-01-24,310.0,310.0,151565700
2022-01-25,306.1333312988281,306.1333312988281,86595900
2022-01-26,312.4700012207031,312.4700012207031,104867400
2022-01-27,276.3666687011719,276.3666687011719,147109500
2022-01-28,282.1166687011719,282.1166687011719,134789100
2022-01-31,312.239990234375,312.239990234375,104436000
2022-02-01,310.4166564941406,310.4166564941406,73138200
2022-02-02,301.88665771484375,301.88665771484375,66792900
2022-02-03,297.0466613769531,297.0466613769531,78855600
2022-02-04,307.7733459472656,307.7733459472656,73625400
2022-02-07,302.4466552734375,302.4466552734375,60994500
2022-02-08,307.3333435058594,307.3333435058594,50729100
2022-02-09,310.6666564941406,310.6666564941406,52259400
2022-02-10,301.51666259765625,301.51666259765625,66126900
2022-02-11,286.6666564941406,286.6666564941406,79645800
2022-02-14,291.9200134277344,291.9200134277344,67756500
2022-02-15,307.4766540527344,307.4766540527344,57286200
2022-02-16,307.7966613769531,307.7966613769531,51294300
2022-02-17,292.1166687011719,292.1166687011719,55178400
2022-02-18,285.6600036621094,285.6600036621094,68501700
2022-02-22,273.84332275390625,273.84332275390625,83288100
2022-02-23,254.67999267578125,254.67999267578125,95256900
2022-02-24,266.92333984375,266.92333984375,135322200
2022-02-25,269.9566650390625,269.9566650390625,76067700
2022-02-28,290.1433410644531,290.1433410644531,99006900
2022-03-01,288.1233215332031,288.1233215332031,74766900
2022-03-02,293.2966613769531,293.2966613769531,74643300
2022-03-03,279.7633361816406,279.7633361816406,61623600
2022-03-04,279.42999267578125,279.42999267578125,66999600
2022-03-07,268.1933288574219,268.1933288574219,72494100
2022-03-08,274.79998779296875,274.79998779296875,80399100
2022-03-09,286.3233337402344,286.3233337402344,59184000
2022-03-10,279.4333190917969,279.4333190917969,58648500
2022-03-11,265.1166687011719,265.1166687011719,67037100
2022-03-14,255.4566650390625,255.4566650390625,71152200
2022-03-15,267.2966613769531,267.2966613769531,66841200
2022-03-16,280.07666015625,280.07666015625,84028800
2022-03-17,290.5333251953125,290.5333251953125,66582900
2022-03-18,301.7966613769531,301.7966613769531,100414200
2022-03-21,307.0533447265625,307.0533447265625,81981600
2022-03-22,331.32666015625,331.32666015625,105868500
2022-03-23,333.03668212890625,333.03668212890625,120676200
2022-03-24,337.97332763671875,337.97332763671875,68920800
2022-03-25,336.8800048828125,336.8800048828125,62031600
2022-03-28,363.9466552734375,363.9466552734375,102506100
2022-03-29,366.5233459472656,366.5233459472656,73614900
2022-03-30,364.663330078125,364.663330078125,59865000
2022-03-31,359.20001220703125,359.20001220703125,48992700
2022-04-01,361.5299987792969,361.5299987792969,54263100
2022-04-04,381.8166809082031,381.8166809082031,82035900
2022-04-05,363.7533264160156,363.7533264160156,80075100
2022-04-06,348.586669921875,348.586669921875,89348400
2022-04-07,352.4200134277344,352.4200134277344,79447200
2022-04-08,341.8299865722656,341.8299865722656,55013700
2022-04-11,325.30999755859375,325.30999755859375,59357100
2022-04-12,328.98333740234375,328.98333740234375,65976000
2022-04-13,340.7900085449219,340.7900085449219,55121100
2022-04-14,328.3333435058594,328.3333435058594,58422300
2022-04-18,334.7633361816406,334.7633361816406,51715200
2022-04-19,342.7166748046875,342.7166748046875,49847700
2022-04-20,325.73333740234375,325.73333740234375,70711200
2022-04-21,336.260009765625,336.260009765625,105416400
2022-04-22,335.01666259765625,335.01666259765625,69696600
2022-04-25,332.67333984375,332.67333984375,68341200
2022-04-26,292.1400146484375,292.1400146484375,136133700
2022-04-27,293.836669921875,293.836669921875,76956300
2022-04-28,292.5033264160156,292.5033264160156,124948500
2022-04-29,290.2533264160156,290.2533264160156,88133100
2022-05-02,300.9800109863281,300.9800109863281,75781500
2022-05-03,303.0833435058594,303.0833435058594,63709500
2022-05-04,317.5400085449219,317.5400085449219,81643800
2022-05-05,291.09332275390625,291.09332275390625,92519100
2022-05-06,288.54998779296875,288.54998779296875,72903000
2022-05-09,262.3699951171875,262.3699951171875,90810300
2022-05-10,266.67999267578125,266.67999267578125,84401700
2022-05-11,244.6666717529297,244.6666717529297,97224600
2022-05-12,242.6666717529297,242.6666717529297,140313000
2022-05-13,256.5299987792969,256.5299987792969,92150700
2022-05-16,241.4566650390625,241.4566650390625,86098500
2022-05-17,253.8699951171875,253.8699951171875,80236200
2022-05-18,236.60333251953125,236.60333251953125,87811800
2022-05-19,236.47332763671875,236.47332763671875,90296700
2022-05-20,221.3000030517578,221.3000030517578,144973200
2022-05-23,224.96665954589844,224.96665954589844,88903500
2022-05-24,209.3866729736328,209.3866729736328,89092500
2022-05-25,219.60000610351562,219.60000610351562,92139300
2022-05-26,235.91000366210938,235.91000366210938,106003200
2022-05-27,253.2100067138672,253.2100067138672,89295000
2022-05-31,252.75332641601562,252.75332641601562,101914500
2022-06-01,246.7899932861328,246.7899932861328,77247900
2022-06-02,258.3333435058594,258.3333435058594,93473100
2022-06-03,234.51666259765625,234.51666259765625,112393800
2022-06-06,238.27999877929688,238.27999877929688,84204600
2022-06-07,238.8866729736328,238.8866729736328,72808500
2022-06-08,241.86666870117188,241.86666870117188,76210500
2022-06-09,239.7066650390625,239.7066650390625,96491400
2022-06-10,232.22999572753906,232.22999572753906,97536600
2022-06-13,215.73666381835938,215.73666381835938,102767400
2022-06-14,220.88999938964844,220.88999938964844,97988700
2022-06-15,233.0,233.0,119131800
2022-06-16,213.10000610351562,213.10000610351562,107390700
2022-06-17,216.75999450683594,216.75999450683594,92641800
2022-06-21,237.0366668701172,237.0366668701172,122793000
2022-06-22,236.086669921875,236.086669921875,101107500
2022-06-23,235.07000732421875,235.07000732421875,104202600
2022-06-24,245.7066650390625,245.7066650390625,95770800
2022-06-27,244.9199981689453,244.9199981689453,89178300
2022-06-28,232.663330078125,232.663330078125,90391200
2022-06-29,228.49000549316406,228.49000549316406,82897200
2022-06-30,224.47332763671875,224.47332763671875,94600500
2022-07-01,227.26333618164062,227.26333618164062,74460300
2022-07-05,233.06666564941406,233.06666564941406,84581100
2022-07-06,231.73333740234375,231.73333740234375,71853600
2022-07-07,244.5433349609375,244.5433349609375,81930600
2022-07-08,250.76333618164062,250.76333618164062,101854200
2022-07-11,234.3433380126953,234.3433380126953,99241200
2022-07-12,233.07000732421875,233.07000732421875,87930900
2022-07-13,237.0399932861328,237.0399932861328,97954500
2022-07-14,238.31333923339844,238.31333923339844,78557400
2022-07-15,240.06666564941406,240.06666564941406,69683100
2022-07-18,240.54666137695312,240.54666137695312,82537500
2022-07-19,245.52999877929688,245.52999877929688,80890200
2022-07-20,247.5,247.5,88864200
2022-07-21,271.7066650390625,271.7066650390625,142032300
2022-07-22,272.24334716796875,272.24334716796875,103472700
2022-07-25,268.4333190917969,268.4333190917969,64073400
2022-07-26,258.8599853515625,258.8599853515625,66820800
2022-07-27,274.82000732421875,274.82000732421875,88110000
2022-07-28,280.8999938964844,280.8999938964844,84723000
2022-07-29,297.1499938964844,297.1499938964844,95313000
2022-08-01,297.27667236328125,297.27667236328125,117042900
2022-08-02,300.586669921875,300.586669921875,95577600
2022-08-03,307.39666748046875,307.39666748046875,80091000
2022-08-04,308.6333312988281,308.6333312988281,72256200
2022-08-05,288.1700134277344,288.1700134277344,113172900
2022-08-08,290.42333984375,290.42333984375,98994000
2022-08-09,283.3333435058594,283.3333435058594,86244600
2022-08-10,294.3566589355469,294.3566589355469,94918800
2022-08-11,286.6300048828125,286.6300048828125,70155000
2022-08-12,300.0299987792969,300.0299987792969,79657200
2022-08-15,309.32000732421875,309.32000732421875,89359200
2022-08-16,306.5633239746094,306.5633239746094,88136400
2022-08-17,303.9966735839844,303.9966735839844,68766000
2022-08-18,302.8699951171875,302.8699951171875,47500500
2022-08-19,296.6666564941406,296.6666564941406,61395300
2022-08-22,289.913330078125,289.913330078125,55843200
2022-08-23,296.4533386230469,296.4533386230469,63984900
2022-08-24,297.0966796875,297.0966796875,57259800
2022-08-25,296.07000732421875,296.07000732421875,53230000
2022-08-26,288.0899963378906,288.0899963378906,57163900
2022-08-29,284.82000732421875,284.82000732421875,41864700
2022-08-30,277.70001220703125,277.70001220703125,50541800
2022-08-31,275.6099853515625,275.6099853515625,52107300
2022-09-01,277.1600036621094,277.1600036621094,54287000
2022-09-02,270.2099914550781,270.2099914550781,50890100
2022-09-06,274.4200134277344,274.4200134277344,55860000
2022-09-07,283.70001220703125,283.70001220703125,50028900
2022-09-08,289.260009765625,289.260009765625,53713100
2022-09-09,299.67999267578125,299.67999267578125,54338100
2022-09-12,304.4200134277344,304.4200134277344,48674600
2022-09-13,292.1300048828125,292.1300048828125,68229600
2022-09-14,302.6099853515625,302.6099853515625,72628700
2022-09-15,303.75,303.75,64795500
2022-09-16,303.3500061035156,303.3500061035156,87087800
2022-09-19,309.07000732421875,309.07000732421875,60231200
2022-09-20,308.7300109863281,308.7300109863281,61642800
2022-09-21,300.79998779296875,300.79998779296875,62555700
2022-09-22,288.5899963378906,288.5899963378906,70545400
2022-09-23,275.3299865722656,275.3299865722656,63748400
2022-09-26,276.010009765625,276.010009765625,58076900
2022-09-27,282.94000244140625,282.94000244140625,61925200
2022-09-28,287.80999755859375,287.80999755859375,54664800
2022-09-29,268.2099914550781,268.2099914550781,77620600
2022-09-30,265.25,265.25,67726600
2022-10-03,242.39999389648438,242.39999389648438,98363500
2022-10-04,249.44000244140625,249.44000244140625,109578500
2022-10-05,240.80999755859375,240.80999755859375,86982700
2022-10-06,238.1300048828125,238.1300048828125,69298400
2022-10-07,223.07000732421875,223.07000732421875,83916800
2022-10-10,222.9600067138672,222.9600067138672,67925000
2022-10-11,216.5,216.5,77013200
2022-10-12,217.24000549316406,217.24000549316406,66860700
2022-10-13,221.72000122070312,221.72000122070312,91483000
2022-10-14,204.99000549316406,204.99000549316406,94124500
2022-10-17,219.35000610351562,219.35000610351562,79428800
2022-10-18,220.19000244140625,220.19000244140625,75891900
2022-10-19,222.0399932861328,222.0399932861328,66571500
2022-10-20,207.27999877929688,207.27999877929688,117798100
2022-10-21,214.44000244140625,214.44000244140625,75713800
2022-10-24,211.25,211.25,100446800
2022-10-25,222.4199981689453,222.4199981689453,96507900
2022-10-26,224.63999938964844,224.63999938964844,85012500
2022-10-27,225.08999633789062,225.08999633789062,61638800
2022-10-28,228.52000427246094,228.52000427246094,69152400
2022-10-31,227.5399932861328,227.5399932861328,61554300
2022-11-01,227.82000732421875,227.82000732421875,62688800
2022-11-02,214.97999572753906,214.97999572753906,63070300
2022-11-03,215.30999755859375,215.30999755859375,56538800
2022-11-04,207.47000122070312,207.47000122070312,98622200
2022-11-07,197.0800018310547,197.0800018310547,93916500
2022-11-08,191.3000030517578,191.3000030517578,128803400
2022-11-09,177.58999633789062,177.58999633789062,127062700
2022-11-10,190.72000122070312,190.72000122070312,132703000
2022-11-11,195.97000122070312,195.97000122070312,114403600
2022-11-14,190.9499969482422,190.9499969482422,92226600
2022-11-15,194.4199981689453,194.4199981689453,91293800
2022-11-16,186.9199981689453,186.9199981689453,66567600
2022-11-17,183.1699981689453,183.1699981689453,64336000
2022-11-18,180.19000244140625,180.19000244140625,76048900
2022-11-21,167.8699951171875,167.8699951171875,92882700
2022-11-22,169.91000366210938,169.91000366210938,78452300
2022-11-23,183.1999969482422,183.1999969482422,109536700
2022-11-25,182.86000061035156,182.86000061035156,50672700
2022-11-28,182.9199981689453,182.9199981689453,92905200
2022-11-29,180.8300018310547,180.8300018310547,83357100
2022-11-30,194.6999969482422,194.6999969482422,109186400
2022-12-01,194.6999969482422,194.6999969482422,80046200
2022-12-02,194.86000061035156,194.86000061035156,73645900
2022-12-05,182.4499969482422,182.4499969482422,93122700
2022-12-06,179.82000732421875,179.82000732421875,92150800
2022-12-07,174.0399932861328,174.0399932861328,84213300
2022-12-08,173.44000244140625,173.44000244140625,97624500
2022-12-09,179.0500030517578,179.0500030517578,104872300
2022-12-12,167.82000732421875,167.82000732421875,109794500
2022-12-13,160.9499969482422,160.9499969482422,175862700
2022-12-14,156.8000030517578,156.8000030517578,140682300
2022-12-15,157.6699981689453,157.6699981689453,122334500
2022-12-16,150.22999572753906,150.22999572753906,139032200
2022-12-19,149.8699951171875,149.8699951171875,139390600
2022-12-20,137.8000030517578,137.8000030517578,159563300
2022-12-21,137.57000732421875,137.57000732421875,145417400
2022-12-22,125.3499984741211,125.3499984741211,210090300
2022-12-23,123.1500015258789,123.1500015258789,166989700
2022-12-27,109.0999984741211,109.0999984741211,208643400
2022-12-28,112.70999908447266,112.70999908447266,221070500
2022-12-29,121.81999969482422,121.81999969482422,221923300
2022-12-30,123.18000030517578,123.18000030517578,157777300
2023-01-03,108.0999984741211,108.0999984741211,231402800
2023-01-04,113.63999938964844,113.63999938964844,180389000
2023-01-05,110.33999633789062,110.33999633789062,157986300
2023-01-06,113.05999755859375,113.05999755859375,220911100
2023-01-09,119.7699966430664,119.7699966430664,190284000
2023-01-10,118.8499984741211,118.8499984741211,167642500
2023-01-11,123.22000122070312,123.22000122070312,183810800
2023-01-12,123.55999755859375,123.55999755859375,169400900
2023-01-13,122.4000015258789,122.4000015258789,180714100
2023-01-17,131.49000549316406,131.49000549316406,186477000
2023-01-18,128.77999877929688,128.77999877929688,195680300
2023-01-19,127.16999816894531,127.16999816894531,170291900
2023-01-20,133.4199981689453,133.4199981689453,138858100
2023-01-23,143.75,143.75,203119200
2023-01-24,143.88999938964844,143.88999938964844,158699100
2023-01-25,144.42999267578125,144.42999267578125,192734300
2023-01-26,160.27000427246094,160.27000427246094,234815100
2023-01-27,177.89999389648438,177.89999389648438,306590600
2023-01-30,166.66000366210938,166.66000366210938,230878800
2023-01-31,173.22000122070312,173.22000122070312,196813500
2023-02-01,181.41000366210938,181.41000366210938,213806300
2023-02-02,188.27000427246094,188.27000427246094,217448300
2023-02-03,189.97999572753906,189.97999572753906,232662000
2023-02-06,194.75999450683594,194.75999450683594,186188100
2023-02-07,196.80999755859375,196.80999755859375,186010300
2023-02-08,201.2899932861328,201.2899932861328,180673600
2023-02-09,207.32000732421875,207.32000732421875,215431400
2023-02-10,196.88999938964844,196.88999938964844,204754100
2023-02-13,194.63999938964844,194.63999938964844,172475500
2023-02-14,209.25,209.25,216455700
2023-02-15,214.24000549316406,214.24000549316406,181006400
2023-02-16,202.0399932861328,202.0399932861328,229586500
2023-02-17,208.30999755859375,208.30999755859375,213738500
2023-02-21,197.3699951171875,197.3699951171875,180018600
2023-02-22,200.86000061035156,200.86000061035156,191828500
2023-02-23,202.07000732421875,202.07000732421875,146360000
2023-02-24,196.8800048828125,196.8800048828125,142228100
2023-02-27,207.6300048828125,207.6300048828125,161028300
2023-02-28,205.7100067138672,205.7100067138672,153144900
2023-03-01,202.77000427246094,202.77000427246094,156852800
2023-03-02,190.89999389648438,190.89999389648438,181500700
2023-03-03,197.7899932861328,197.7899932861328,154193300
2023-03-06,193.80999755859375,193.80999755859375,128100100
2023-03-07,187.7100067138672,187.7100067138672,148125800
2023-03-08,182.0,182.0,151897800
2023-03-09,172.9199981689453,172.9199981689453,170023800
2023-03-10,173.44000244140625,173.44000244140625,191488900
2023-03-13,174.47999572753906,174.47999572753906,167790300
2023-03-14,183.25999450683594,183.25999450683594,143717900
2023-03-15,180.4499969482422,180.4499969482422,145995600
2023-03-16,184.1300048828125,184.1300048828125,121136800
2023-03-17,180.1300048828125,180.1300048828125,133197100
2023-03-20,183.25,183.25,129684400
2023-03-21,197.5800018310547,197.5800018310547,153391400
2023-03-22,191.14999389648438,191.14999389648438,150376400
2023-03-23,192.22000122070312,192.22000122070312,144193900
2023-03-24,190.41000366210938,190.41000366210938,116312400
2023-03-27,191.80999755859375,191.80999755859375,120851600
2023-03-28,189.19000244140625,189.19000244140625,98654600
2023-03-29,193.8800048828125,193.8800048828125,123660000
2023-03-30,195.27999877929688,195.27999877929688,110252200
2023-03-31,207.4600067138672,207.4600067138672,170222100
2023-04-03,194.77000427246094,194.77000427246094,169545900
2023-04-04,192.5800018310547,192.5800018310547,126463800
2023-04-05,185.52000427246094,185.52000427246094,133882500
2023-04-06,185.05999755859375,185.05999755859375,123857900
2023-04-10,184.50999450683594,184.50999450683594,142154600
2023-04-11,186.7899932861328,186.7899932861328,115770900
2023-04-12,180.5399932861328,180.5399932861328,150256300
2023-04-13,185.89999389648438,185.89999389648438,112933000
2023-04-14,185.0,185.0,96438700
2023-04-17,187.0399932861328,187.0399932861328,116662200
2023-04-18,184.30999755859375,184.30999755859375,92067000
2023-04-19,180.58999633789062,180.58999633789062,125732700
2023-04-20,162.99000549316406,162.99000549316406,210970800
2023-04-21,165.0800018310547,165.0800018310547,123539000
2023-04-24,162.5500030517578,162.5500030517578,140006600
2023-04-25,160.6699981689453,160.6699981689453,121999300
2023-04-26,153.75,153.75,153364100
2023-04-27,160.19000244140625,160.19000244140625,127015200
2023-04-28,164.30999755859375,164.30999755859375,122515800
2023-05-01,161.8300018310547,161.8300018310547,109015000
2023-05-02,160.30999755859375,160.30999755859375,128259700
2023-05-03,160.61000061035156,160.61000061035156,119728000
2023-05-04,161.1999969482422,161.1999969482422,95108500
2023-05-05,170.05999755859375,170.05999755859375,107607300
2023-05-08,171.7899932861328,171.7899932861328,112249400
2023-05-09,169.14999389648438,169.14999389648438,88965000
2023-05-10,168.5399932861328,168.5399932861328,119840700
2023-05-11,172.0800018310547,172.0800018310547,103889900
2023-05-12,167.97999572753906,167.97999572753906,157849600
2023-05-15,166.35000610351562,166.35000610351562,105592500
2023-05-16,166.52000427246094,166.52000427246094,98288800
2023-05-17,173.86000061035156,173.86000061035156,125473600
2023-05-18,176.88999938964844,176.88999938964844,109520300
2023-05-19,180.13999938964844,180.13999938964844,136196700
2023-05-22,188.8699951171875,188.8699951171875,132001400
2023-05-23,185.77000427246094,185.77000427246094,156952100
2023-05-24,182.89999389648438,182.89999389648438,137605100
2023-05-25,184.47000122070312,184.47000122070312,96870700
2023-05-26,193.1699981689453,193.1699981689453,162061500
2023-05-30,201.16000366210938,201.16000366210938,128818700
2023-05-31,203.92999267578125,203.92999267578125,150711700
2023-06-01,207.52000427246094,207.52000427246094,148029900
2023-06-02,213.97000122070312,213.97000122070312,164398400
2023-06-05,217.61000061035156,217.61000061035156,151143100
2023-06-06,221.30999755859375,221.30999755859375,146911600
2023-06-07,224.57000732421875,224.57000732421875,185710800
2023-06-08,234.86000061035156,234.86000061035156,164489700
2023-06-09,244.39999389648438,244.39999389648438,200242400
2023-06-12,249.8300018310547,249.8300018310547,150337900
2023-06-13,258.7099914550781,258.7099914550781,162384300
2023-06-14,256.7900085449219,256.7900085449219,170575500
2023-06-15,255.89999389648438,255.89999389648438,160171200
2023-06-16,260.5400085449219,260.5400085449219,167915600
2023-06-20,274.45001220703125,274.45001220703125,165611200
2023-06-21,259.4599914550781,259.4599914550781,211797100
2023-06-22,264.6099853515625,264.6099853515625,166875900
2023-06-23,256.6000061035156,256.6000061035156,177460800
2023-06-26,241.0500030517578,241.0500030517578,179990600
2023-06-27,250.2100067138672,250.2100067138672,164968200
2023-06-28,256.239990234375,256.239990234375,159770800
2023-06-29,257.5,257.5,131283400
2023-06-30,261.7699890136719,261.7699890136719,112620800
2023-07-03,279.82000732421875,279.82000732421875,119685900
2023-07-05,282.4800109863281,282.4800109863281,131530900
2023-07-06,276.5400085449219,276.5400085449219,120332100
2023-07-07,274.42999267578125,274.42999267578125,113879200
2023-07-10,269.6099853515625,269.6099853515625,119425400
2023-07-11,269.7900085449219,269.7900085449219,91972400
2023-07-12,271.989990234375,271.989990234375,95672100
2023-07-13,277.8999938964844,277.8999938964844,112681500
2023-07-14,281.3800048828125,281.3800048828125,120062400
2023-07-17,290.3800048828125,290.3800048828125,131569600
2023-07-18,293.3399963378906,293.3399963378906,112120300
2023-07-19,291.260009765625,291.260009765625,142355400
2023-07-20,262.8999938964844,262.8999938964844,175158300
2023-07-21,260.0199890136719,260.0199890136719,161796100
2023-07-24,269.05999755859375,269.05999755859375,136508500
2023-07-25,265.2799987792969,265.2799987792969,112757300
2023-07-26,264.3500061035156,264.3500061035156,95856200
2023-07-27,255.7100067138672,255.7100067138672,103697300
2023-07-28,266.44000244140625,266.44000244140625,111446000
2023-07-31,267.42999267578125,267.42999267578125,84582200
2023-08-01,261.07000732421875,261.07000732421875,83166000
2023-08-02,254.11000061035156,254.11000061035156,101752900
2023-08-03,259.32000732421875,259.32000732421875,97569100
2023-08-04,253.86000061035156,253.86000061035156,99539900
2023-08-07,251.4499969482422,251.4499969482422,111097900
2023-08-08,249.6999969482422,249.6999969482422,96642200
2023-08-09,242.19000244140625,242.19000244140625,101596300
2023-08-10,245.33999633789062,245.33999633789062,109498600
2023-08-11,242.64999389648438,242.64999389648438,99038600
2023-08-14,239.75999450683594,239.75999450683594,98595300
2023-08-15,232.9600067138672,232.9600067138672,88197600
2023-08-16,225.60000610351562,225.60000610351562,112484500
2023-08-17,219.22000122070312,219.22000122070312,120718400
2023-08-18,215.49000549316406,215.49000549316406,136276600
2023-08-21,231.27999877929688,231.27999877929688,135702700
2023-08-22,233.19000244140625,233.19000244140625,130442800
2023-08-23,236.86000061035156,236.86000061035156,101077600
2023-08-24,230.0399932861328,230.0399932861328,99777400
2023-08-25,238.58999633789062,238.58999633789062,106612200
2023-08-28,238.82000732421875,238.82000732421875,107673700
2023-08-29,257.17999267578125,257.17999267578125,134047600
2023-08-30,256.8999938964844,256.8999938964844,121988400
2023-08-31,258.0799865722656,258.0799865722656,108861700
2023-09-01,245.00999450683594,245.00999450683594,132541600
2023-09-05,256.489990234375,256.489990234375,129469600
2023-09-06,251.9199981689453,251.9199981689453,116959800
2023-09-07,251.49000549316406,251.49000549316406,115312900
2023-09-08,248.5,248.5,118367700
2023-09-11,273.5799865722656,273.5799865722656,174667900
2023-09-12,267.4800109863281,267.4800109863281,135999900
2023-09-13,271.29998779296875,271.29998779296875,111673700
2023-09-14,276.0400085449219,276.0400085449219,107709800
2023-09-15,274.3900146484375,274.3900146484375,133692300
2023-09-18,265.2799987792969,265.2799987792969,101543300
2023-09-19,266.5,266.5,103704000
2023-09-20,262.5899963378906,262.5899963378906,122514600
2023-09-21,255.6999969482422,255.6999969482422,119951500
2023-09-22,244.8800048828125,244.8800048828125,127524100
2023-09-25,246.99000549316406,246.99000549316406,104636600
2023-09-26,244.1199951171875,244.1199951171875,101993600
2023-09-27,240.5,240.5,136597200
2023-09-28,246.3800048828125,246.3800048828125,117058900
2023-09-29,250.22000122070312,250.22000122070312,128522700
2023-10-02,251.60000610351562,251.60000610351562,123810400
2023-10-03,246.52999877929688,246.52999877929688,101985300
2023-10-04,261.1600036621094,261.1600036621094,129721600
2023-10-05,260.04998779296875,260.04998779296875,119159200
2023-10-06,260.5299987792969,260.5299987792969,118121800
2023-10-09,259.6700134277344,259.6700134277344,101377900
2023-10-10,263.6199951171875,263.6199951171875,122656000
2023-10-11,262.989990234375,262.989990234375,103706300
2023-10-12,258.8699951171875,258.8699951171875,111508100
2023-10-13,251.1199951171875,251.1199951171875,102073800
2023-10-16,253.9199981689453,253.9199981689453,88917200
2023-10-17,254.85000610351562,254.85000610351562,93562900
2023-10-18,242.67999267578125,242.67999267578125,125147800
2023-10-19,220.11000061035156,220.11000061035156,170772700
2023-10-20,211.99000549316406,211.99000549316406,138010100
2023-10-23,212.0800018310547,212.0800018310547,150683400
2023-10-24,216.52000427246094,216.52000427246094,118231100
2023-10-25,212.4199981689453,212.4199981689453,107065100
2023-10-26,205.75999450683594,205.75999450683594,115112600
2023-10-27,207.3000030517578,207.3000030517578,94881200
2023-10-30,197.36000061035156,197.36000061035156,136448200
2023-10-31,200.83999633789062,200.83999633789062,118068300
2023-11-01,205.66000366210938,205.66000366210938,121661700
2023-11-02,218.50999450683594,218.50999450683594,125987600
2023-11-03,219.9600067138672,219.9600067138672,119534800
2023-11-06,219.27000427246094,219.27000427246094,117335800
2023-11-07,222.17999267578125,222.17999267578125,116900100
2023-11-08,222.11000061035156,222.11000061035156,106584800
2023-11-09,209.97999572753906,209.97999572753906,142110500
2023-11-10,214.64999389648438,214.64999389648438,130994000
2023-11-13,223.7100067138672,223.7100067138672,140447600
2023-11-14,237.41000366210938,237.41000366210938,149771600
2023-11-15,242.83999633789062,242.83999633789062,150354000
2023-11-16,233.58999633789062,233.58999633789062,136816800
2023-11-17,234.3000030517578,234.3000030517578,142532800
2023-11-20,235.60000610351562,235.60000610351562,116320100
2023-11-21,241.1999969482422,241.1999969482422,122288000
2023-11-22,234.2100067138672,234.2100067138672,117950600
2023-11-24,235.4499969482422,235.4499969482422,65125200
2023-11-27,236.0800018310547,236.0800018310547,112031800
2023-11-28,246.72000122070312,246.72000122070312,148549900
2023-11-29,244.13999938964844,244.13999938964844,135401300
2023-11-30,240.0800018310547,240.0800018310547,132353200
2023-12-01,238.8300018310547,238.8300018310547,121331700
2023-12-04,235.5800018310547,235.5800018310547,104099800
2023-12-05,238.72000122070312,238.72000122070312,137971100
2023-12-06,239.3699951171875,239.3699951171875,126436200
2023-12-07,242.63999938964844,242.63999938964844,107142300
2023-12-08,243.83999633789062,243.83999633789062,103126800
2023-12-11,239.74000549316406,239.74000549316406,97913900
2023-12-12,237.00999450683594,237.00999450683594,95328300
2023-12-13,239.2899932861328,239.2899932861328,146286300
2023-12-14,251.0500030517578,251.0500030517578,160829200
2023-12-15,253.5,253.5,135932800
2023-12-18,252.0800018310547,252.0800018310547,116416500
2023-12-19,257.2200012207031,257.2200012207031,106737400
2023-12-20,247.13999938964844,247.13999938964844,125097000
2023-12-21,254.5,254.5,109594200
2023-12-22,252.5399932861328,252.5399932861328,93370100
2023-12-26,256.6099853515625,256.6099853515625,86892400
2023-12-27,261.44000244140625,261.44000244140625,106494400
2023-12-28,253.17999267578125,253.17999267578125,113619900
2023-12-29,248.47999572753906,248.47999572753906,100891600
2024-01-02,248.4199981689453,248.4199981689453,104654200
2024-01-03,238.4499969482422,238.4499969482422,121082600
2024-01-04,237.92999267578125,237.92999267578125,102629300
2024-01-05,237.49000549316406,237.49000549316406,92488900
2024-01-08,240.4499969482422,240.4499969482422,85166600
2024-01-09,234.9600067138672,234.9600067138672,96705700
2024-01-10,233.94000244140625,233.94000244140625,91628500
2024-01-11,227.22000122070312,227.22000122070312,105873600
2024-01-12,218.88999938964844,218.88999938964844,123043800
2024-01-16,219.91000366210938,219.91000366210938,115355000
2024-01-17,215.5500030517578,215.5500030517578,103164400
2024-01-18,211.8800048828125,211.8800048828125,108595400
2024-01-19,212.19000244140625,212.19000244140625,102260300
2024-01-22,208.8000030517578,208.8000030517578,117952500
2024-01-23,209.13999938964844,209.13999938964844,106605900
2024-01-24,207.8300018310547,207.8300018310547,123369900
2024-01-25,182.6300048828125,182.6300048828125,198076800
2024-01-26,183.25,183.25,107343200
2024-01-29,190.92999267578125,190.92999267578125,125013100
2024-01-30,191.58999633789062,191.58999633789062,109982300
2024-01-31,187.2899932861328,187.2899932861328,103221400
2024-02-01,188.86000061035156,188.86000061035156,91843300
2024-02-02,187.91000366210938,187.91000366210938,110612700
2024-02-05,181.05999755859375,181.05999755859375,134294400
2024-02-06,185.10000610351562,185.10000610351562,122676000
2024-02-07,187.5800018310547,187.5800018310547,111535200
2024-02-08,189.55999755859375,189.55999755859375,83034000
2024-02-09,193.57000732421875,193.57000732421875,84476300
2024-02-12,188.1300048828125,188.1300048828125,95498600
2024-02-13,184.02000427246094,184.02000427246094,86759500
2024-02-14,188.7100067138672,188.7100067138672,81203000
2024-02-15,200.4499969482422,200.4499969482422,120831800
2024-02-16,199.9499969482422,199.9499969482422,111346700
2024-02-20,193.75999450683594,193.75999450683594,104545800
2024-02-21,194.77000427246094,194.77000427246094,103500300
2024-02-22,197.41000366210938,197.41000366210938,92739500
2024-02-23,191.97000122070312,191.97000122070312,78841900
2024-02-26,199.39999389648438,199.39999389648438,111747100
2024-02-27,199.72999572753906,199.72999572753906,108645400
2024-02-28,202.0399932861328,202.0399932861328,99806200
2024-02-29,201.8800048828125,201.8800048828125,85907000
2024-03-01,202.63999938964844,202.63999938964844,82243100
2024-03-04,188.13999938964844,188.13999938964844,134334900
2024-03-05,180.74000549316406,180.74000549316406,119660800
2024-03-06,176.5399932861328,176.5399932861328,107920900
2024-03-07,178.64999389648438,178.64999389648438,102129000
2024-03-08,175.33999633789062,175.33999633789062,85544600
2024-03-11,177.77000427246094,177.77000427246094,85391500
2024-03-12,177.5399932861328,177.5399932861328,87391700
2024-03-13,169.47999572753906,169.47999572753906,106524500
2024-03-14,162.5,162.5,126325700
2024-03-15,163.57000732421875,163.57000732421875,97146800
2024-03-18,173.8000030517578,173.8000030517578,108214400
2024-03-19,171.32000732421875,171.32000732421875,77271400
2024-03-20,175.66000366210938,175.66000366210938,83846700
2024-03-21,172.82000732421875,172.82000732421875,73178000
2024-03-22,170.8300018310547,170.8300018310547,75580600
2024-03-25,172.6300048828125,172.6300048828125,74228600
2024-03-26,177.6699981689453,177.6699981689453,113186200
2024-03-27,179.8300018310547,179.8300018310547,81804000
2024-03-28,175.7899932861328,175.7899932861328,77654800
2024-04-01,175.22000122070312,175.22000122070312,81562100
2024-04-02,166.6300048828125,166.6300048828125,116650600
2024-04-03,168.3800048828125,168.3800048828125,82950100
2024-04-04,171.11000061035156,171.11000061035156,123162000
2024-04-05,164.89999389648438,164.89999389648438,143157600
2024-04-08,172.97999572753906,172.97999572753906,104423300
2024-04-09,176.8800048828125,176.8800048828125,102951700
2024-04-10,171.75999450683594,171.75999450683594,84532400
2024-04-11,174.60000610351562,174.60000610351562,94516000
2024-04-12,171.0500030517578,171.0500030517578,64722700
2024-04-15,161.47999572753906,161.47999572753906,100245300
2024-04-16,157.11000061035156,157.11000061035156,97000000
2024-04-17,155.4499969482422,155.4499969482422,82439700
2024-04-18,149.92999267578125,149.92999267578125,96098800
2024-04-19,147.0500030517578,147.0500030517578,87074500
2024-04-22,142.0500030517578,142.0500030517578,107097600
2024-04-23,144.67999267578125,144.67999267578125,124545100
2024-04-24,162.1300048828125,162.1300048828125,181178000
2024-04-25,170.17999267578125,170.17999267578125,126427500
2024-04-26,168.2899932861328,168.2899932861328,109815700
2024-04-29,194.0500030517578,194.0500030517578,243869700
2024-04-30,183.27999877929688,183.27999877929688,127031800
2024-05-01,179.99000549316406,179.99000549316406,92829700
2024-05-02,180.00999450683594,180.00999450683594,89148000
2024-05-03,181.19000244140625,181.19000244140625,75491500
2024-05-06,184.75999450683594,184.75999450683594,84390300
2024-05-07,177.80999755859375,177.80999755859375,75045900
2024-05-08,174.72000122070312,174.72000122070312,79969500
2024-05-09,171.97000122070312,171.97000122070312,65950300
2024-05-10,168.47000122070312,168.47000122070312,72627200
2024-05-13,171.88999938964844,171.88999938964844,67018900
2024-05-14,177.5500030517578,177.5500030517578,86407400
2024-05-15,173.99000549316406,173.99000549316406,79663000
2024-05-16,174.83999633789062,174.83999633789062,59812200
2024-05-17,177.4600067138672,177.4600067138672,77445800
2024-05-20,174.9499969482422,174.9499969482422,61727400
2024-05-21,186.60000610351562,186.60000610351562,115266500
2024-05-22,180.11000061035156,180.11000061035156,88313500
2024-05-23,173.74000549316406,173.74000549316406,71975500
2024-05-24,179.24000549316406,179.24000549316406,65584500
2024-05-28,176.75,176.75,59736600
2024-05-29,176.19000244140625,176.19000244140625,54782600
2024-05-30,178.7899932861328,178.7899932861328,77618400
2024-05-31,178.0800018310547,178.0800018310547,67314600
2024-06-03,176.2899932861328,176.2899932861328,68568900
2024-06-04,174.77000427246094,174.77000427246094,60056300
2024-06-05,175.0,175.0,57953800
2024-06-06,177.94000244140625,177.94000244140625,69887000
2024-06-07,177.47999572753906,177.47999572753906,56244900
2024-06-10,173.7899932861328,173.7899932861328,50774600
2024-06-11,170.66000366210938,170.66000366210938,64761900
2024-06-12,177.2899932861328,177.2899932861328,90389400
2024-06-13,182.47000122070312,182.47000122070312,118984100
2024-06-14,178.00999450683594,178.00999450683594,82038200
2024-06-17,187.44000244140625,187.44000244140625,109786100
2024-06-18,184.86000061035156,184.86000061035156,68982300
2024-06-20,181.57000732421875,181.57000732421875,55893100
2024-06-21,183.00999450683594,183.00999450683594,61937300
2024-06-24,182.5800018310547,182.5800018310547,61992100
2024-06-25,187.35000610351562,187.35000610351562,62905700
2024-06-26,196.3699951171875,196.3699951171875,95737100
2024-06-27,197.4199981689453,197.4199981689453,72746500
2024-06-28,197.8800048828125,197.8800048828125,95438100
2024-07-01,209.86000061035156,209.86000061035156,135691400
2024-07-02,231.25999450683594,231.25999450683594,205047900
2024-07-03,246.38999938964844,246.38999938964844,166561500
2024-07-05,251.52000427246094,251.52000427246094,154501200
2024-07-08,252.94000244140625,252.94000244140625,157219600
2024-07-09,262.3299865722656,262.3299865722656,160210900
2024-07-10,263.260009765625,263.260009765625,128519400
2024-07-11,241.02999877929688,241.02999877929688,221707300
2024-07-12,248.22999572753906,248.22999572753906,155955800
2024-07-15,252.63999938964844,252.63999938964844,146912900
2024-07-16,256.55999755859375,256.55999755859375,126332500
2024-07-17,248.5,248.5,115584800
2024-07-18,249.22999572753906,249.22999572753906,110869000
2024-07-19,239.1999969482422,239.1999969482422,87403900
2024-07-22,251.50999450683594,251.50999450683594,101225400
2024-07-23,246.3800048828125,246.3800048828125,111928200
2024-07-24,215.99000549316406,215.99000549316406,167942900
2024-07-25,220.25,220.25,100636500
2024-07-26,219.8000030517578,219.8000030517578,94604100
2024-07-29,232.10000610351562,232.10000610351562,129201800
2024-07-30,222.6199951171875,222.6199951171875,100560300
2024-07-31,232.07000732421875,232.07000732421875,67497000
2024-08-01,216.86000061035156,216.86000061035156,83861900
2024-08-02,207.6699981689453,207.6699981689453,82880100
2024-08-05,198.8800048828125,198.8800048828125,100308800
2024-08-06,200.63999938964844,200.63999938964844,73783900
2024-08-07,191.75999450683594,191.75999450683594,71159800
2024-08-08,198.83999633789062,198.83999633789062,65033900
2024-08-09,200.0,200.0,58648300
2024-08-12,197.49000549316406,197.49000549316406,64044900
2024-08-13,207.8300018310547,207.8300018310547,76247400
2024-08-14,201.3800048828125,201.3800048828125,70250000
2024-08-15,214.13999938964844,214.13999938964844,89848500
2024-08-16,216.1199951171875,216.1199951171875,88765100
2024-08-19,222.72000122070312,222.72000122070312,76435200
2024-08-20,221.10000610351562,221.10000610351562,74001200
2024-08-21,223.27000427246094,223.27000427246094,70146000
2024-08-22,210.66000366210938,210.66000366210938,79514500
2024-08-23,220.32000732421875,220.32000732421875,81525200
2024-08-26,213.2100067138672,213.2100067138672,59301200
2024-08-27,209.2100067138672,209.2100067138672,62821400
2024-08-28,205.75,205.75,64116400
2024-08-29,206.27999877929688,206.27999877929688,62308800
2024-08-30,214.11000061035156,214.11000061035156,63370600
2024-09-03,210.60000610351562,210.60000610351562,76714200
2024-09-04,219.41000366210938,219.41000366210938,80651800
2024-09-05,230.1699981689453,230.1699981689453,119355000
2024-09-06,210.72999572753906,210.72999572753906,112177000
2024-09-09,216.27000427246094,216.27000427246094,67443500
2024-09-10,226.1699981689453,226.1699981689453,78891100
2024-09-11,228.1300048828125,228.1300048828125,83548600
2024-09-12,229.80999755859375,229.80999755859375,71894900
2024-09-13,230.2899932861328,230.2899932861328,59515100
2024-09-16,226.77999877929688,226.77999877929688,54323000
2024-09-17,227.8699951171875,227.8699951171875,66761600
2024-09-18,227.1999969482422,227.1999969482422,78010200
2024-09-19,243.9199981689453,243.9199981689453,102694600
2024-09-20,238.25,238.25,99879100
2024-09-23,250.0,250.0,86927200
2024-09-24,254.27000427246094,254.27000427246094,88491000
2024-09-25,257.0199890136719,257.0199890136719,65034300
2024-09-26,254.22000122070312,254.22000122070312,67142200
2024-09-27,260.4599914550781,260.4599914550781,70988100
2024-09-30,261.6300048828125,261.6300048828125,80705700
2024-10-01,258.0199890136719,258.0199890136719,87397600
2024-10-02,249.02000427246094,249.02000427246094,93983900
2024-10-03,240.66000366210938,240.66000366210938,80729200
2024-10-04,250.0800018310547,250.0800018310547,86573200
2024-10-07,240.8300018310547,240.8300018310547,68113300
2024-10-08,244.5,244.5,56303200
2024-10-09,241.0500030517578,241.0500030517578,66289500
2024-10-10,238.77000427246094,238.77000427246094,83087100
2024-10-11,217.8000030517578,217.8000030517578,142628900
2024-10-14,219.16000366210938,219.16000366210938,86291900
2024-10-15,219.57000732421875,219.57000732421875,62988800
2024-10-16,221.3300018310547,221.3300018310547,49632800
2024-10-17,220.88999938964844,220.88999938964844,50791800
2024-10-18,220.6999969482422,220.6999969482422,49611900
2024-10-21,218.85000610351562,218.85000610351562,47329000
2024-10-22,217.97000122070312,217.97000122070312,43268700
2024-10-23,213.64999389648438,213.64999389648438,80938900
2024-10-24,260.4800109863281,260.4800109863281,204491900
2024-10-25,269.19000244140625,269.19000244140625,161611900
2024-10-28,262.510009765625,262.510009765625,107653600
2024-10-29,259.5199890136719,259.5199890136719,80521800
2024-10-30,257.54998779296875,257.54998779296875,53993600
2024-10-31,249.85000610351562,249.85000610351562,66575300
2024-11-01,248.97999572753906,248.97999572753906,57544800
2024-11-04,242.83999633789062,242.83999633789062,68802400
2024-11-05,251.44000244140625,251.44000244140625,69282500
2024-11-06,288.5299987792969,288.5299987792969,165228700
2024-11-07,296.9100036621094,296.9100036621094,117309200
2024-11-08,321.2200012207031,321.2200012207031,204782800
2024-11-11,350.0,350.0,210521600
2024-11-12,328.489990234375,328.489990234375,155726000
2024-11-13,330.239990234375,330.239990234375,125405600
2024-11-14,311.17999267578125,311.17999267578125,120726100
2024-11-15,320.7200012207031,320.7200012207031,114440300
2024-11-18,338.739990234375,338.739990234375,126085600
2024-11-19,346.0,346.0,88852500
2024-11-20,342.0299987792969,342.0299987792969,66340700
2024-11-21,339.6400146484375,339.6400146484375,58011700
2024-11-22,352.55999755859375,352.55999755859375,89140700
2024-11-25,338.5899963378906,338.5899963378906,95890900
2024-11-26,338.2300109863281,338.2300109863281,62295900
2024-11-27,332.8900146484375,332.8900146484375,57896400
2024-11-29,345.1600036621094,345.1600036621094,37167600
2024-12-02,357.0899963378906,357.0899963378906,77986500
2024-12-03,351.4200134277344,351.4200134277344,58267200
2024-12-04,357.92999267578125,357.92999267578125,50810900
2024-12-05,369.489990234375,369.489990234375,81403600
2024-12-06,389.2200012207031,389.2200012207031,81455800
2024-12-09,389.7900085449219,389.7900085449219,96359200
2024-12-10,400.989990234375,400.989990234375,97563600
2024-12-11,424.7699890136719,424.7699890136719,104287600
2024-12-12,418.1000061035156,418.1000061035156,87752200
2024-12-13,436.2300109863281,436.2300109863281,89000200
2024-12-16,463.0199890136719,463.0199890136719,114083800
2024-12-17,479.8599853515625,479.8599853515625,131223000
2024-12-18,440.1300048828125,440.1300048828125,149340800
2024-12-19,436.1700134277344,436.1700134277344,118566100
2024-12-20,421.05999755859375,421.05999755859375,132216200
2024-12-23,430.6000061035156,430.6000061035156,72698100
2024-12-24,462.2799987792969,462.2799987792969,59551800
2024-12-26,454.1300048828125,454.1300048828125,76366400
2024-12-27,431.6600036621094,431.6600036621094,82666800
2024-12-30,417.4100036621094,417.4100036621094,64941000
2024-12-31,403.8399963378906,403.8399963378906,76825100
2025-01-02,379.2799987792969,379.2799987792969,109710700
2025-01-03,410.44000244140625,410.44000244140625,95423300
2025-01-06,411.04998779296875,411.04998779296875,85516500
2025-01-07,394.3599853515625,394.3599853515625,75699500
2025-01-08,394.94000244140625,394.94000244140625,73038800
2025-01-10,394.739990234375,394.739990234375,62287300
2025-01-13,403.30999755859375,403.30999755859375,67580500
2025-01-14,396.3599853515625,396.3599853515625,84565000
2025-01-15,428.2200012207031,428.2200012207031,81375500
2025-01-16,413.82000732421875,413.82000732421875,68335200
2025-01-17,426.5,426.5,94991400
2025-01-21,424.07000732421875,424.07000732421875,87320900
2025-01-22,415.1099853515625,415.1099853515625,60963300
2025-01-23,412.3800048828125,412.3800048828125,50690600
2025-01-24,406.5799865722656,406.5799865722656,56427100
2025-01-27,397.1499938964844,397.1499938964844,58125500
2025-01-28,398.0899963378906,398.0899963378906,48910700
2025-01-29,389.1000061035156,389.1000061035156,68033600
2025-01-30,400.2799987792969,400.2799987792969,98092900
2025-01-31,404.6000061035156,404.6000061035156,83283600
2025-02-03,383.67999267578125,383.67999267578125,93732100
2025-02-04,392.2099914550781,392.2099914550781,57072200
2025-02-05,378.1700134277344,378.1700134277344,57223300
2025-02-06,374.32000732421875,374.32000732421875,77918200
2025-02-07,361.6199951171875,361.6199951171875,70298300
2025-02-10,350.7300109863281,350.7300109863281,77514900
2025-02-11,328.5,328.5,118543400
2025-02-12,336.510009765625,336.510009765625,105382700
2025-02-13,355.94000244140625,355.94000244140625,89441500
2025-02-14,355.8399963378906,355.8399963378906,68277300
2025-02-18,354.1099853515625,354.1099853515625,51631700
2025-02-19,360.55999755859375,360.55999755859375,67094400
2025-02-20,354.3999938964844,354.3999938964844,45965400
2025-02-21,337.79998779296875,337.79998779296875,74058600
2025-02-24,330.5299987792969,330.5299987792969,76052300
2025-02-25,302.79998779296875,302.79998779296875,134228800
2025-02-26,290.79998779296875,290.79998779296875,100118300
2025-02-27,281.95001220703125,281.95001220703125,101748200
2025-02-28,292.9800109863281,292.9800109863281,115697000
2025-03-03,284.6499938964844,284.6499938964844,115551400
2025-03-04,272.0400085449219,272.0400085449219,126706600
2025-03-05,279.1000061035156,279.1000061035156,94042900
2025-03-06,263.45001220703125,263.45001220703125,98451600
2025-03-07,262.6700134277344,262.6700134277344,102369600
2025-03-10,222.14999389648438,222.14999389648438,189076900
2025-03-11,230.5800018310547,230.5800018310547,174896400
2025-03-12,248.08999633789062,248.08999633789062,142215700
2025-03-13,240.67999267578125,240.67999267578125,114813500
2025-03-14,249.97999572753906,249.97999572753906,100242300
2025-03-17,238.00999450683594,238.00999450683594,111900600
2025-03-18,225.30999755859375,225.30999755859375,111477600
2025-03-19,235.86000061035156,235.86000061035156,111993800
2025-03-20,236.25999450683594,236.25999450683594,99028300
2025-03-21,248.7100067138672,248.7100067138672,132728700
2025-03-24,278.3900146484375,278.3900146484375,169079900
2025-03-25,288.1400146484375,288.1400146484375,150361500
2025-03-26,272.05999755859375,272.05999755859375,153629800
2025-03-27,273.1300048828125,273.1300048828125,162572100
2025-03-28,263.54998779296875,263.54998779296875,123809400
2025-03-31,259.1600036621094,259.1600036621094,134008900
2025-04-01,268.4599914550781,268.4599914550781,146486900
2025-04-02,282.760009765625,282.760009765625,212787800
2025-04-03,267.2799987792969,267.2799987792969,136174300
2025-04-04,239.42999267578125,239.42999267578125,181229400
2025-04-07,233.2899932861328,233.2899932861328,183453800
2025-04-08,221.86000061035156,221.86000061035156,171603500
2025-04-09,272.20001220703125,272.20001220703125,219433400
2025-04-10,252.39999389648438,252.39999389648438,181722600
2025-04-11,252.30999755859375,252.30999755859375,128948100
2025-04-14,252.35000610351562,252.35000610351562,100135200
2025-04-15,254.11000061035156,254.11000061035156,79594300
2025-04-16,241.5500030517578,241.5500030517578,112378700
2025-04-17,241.3699951171875,241.3699951171875,83404800
2025-04-21,227.5,227.5,97768000
2025-04-22,237.97000122070312,237.97000122070312,120858500
2025-04-23,250.74000549316406,250.74000549316406,150381900
2025-04-24,259.510009765625,259.510009765625,94464200
2025-04-25,284.95001220703125,284.95001220703125,167560700
2025-04-28,285.8800048828125,285.8800048828125,151731800
2025-04-29,292.0299987792969,292.0299987792969,108906600
2025-04-30,282.1600036621094,282.1600036621094,128961100
2025-05-01,280.5199890136719,280.5199890136719,99659000
2025-05-02,287.2099914550781,287.2099914550781,114454700
2025-05-05,280.260009765625,280.260009765625,94618900
2025-05-06,275.3500061035156,275.3500061035156,76715800
2025-05-07,276.2200012207031,276.2200012207031,71592600
2025-05-08,284.82000732421875,284.82000732421875,97539400
2025-05-09,298.260009765625,298.260009765625,132387800
2025-05-12,318.3800048828125,318.3800048828125,112826700
2025-05-13,334.07000732421875,334.07000732421875,136992600
2025-05-14,347.67999267578125,347.67999267578125,136997300
2025-05-15,342.82000732421875,342.82000732421875,97882600
2025-05-16,349.9800109863281,349.9800109863281,95895700
2025-05-19,342.0899963378906,342.0899963378906,88869900
2025-05-20,343.82000732421875,343.82000732421875,131715500
2025-05-21,334.6199951171875,334.6199951171875,102354800
2025-05-22,341.0400085449219,341.0400085449219,97113400
2025-05-23,339.3399963378906,339.3399963378906,84654800
2025-05-27,362.8900146484375,362.8900146484375,120146400
2025-05-28,356.8999938964844,356.8999938964844,91404300
2025-05-29,358.42999267578125,358.42999267578125,88087800
2025-05-30,346.4599914550781,346.4599914550781,123474900
2025-06-02,342.69000244140625,342.69000244140625,81873800
2025-06-03,344.2699890136719,344.2699890136719,99324500
2025-06-04,332.04998779296875,332.04998779296875,98912100
2025-06-05,284.70001220703125,284.70001220703125,287499800
2025-06-06,295.1400146484375,295.1400146484375,164747700
2025-06-09,308.5799865722656,308.5799865722656,140908900
2025-06-10,326.0899963378906,326.0899963378906,151256500
2025-06-11,326.42999267578125,326.42999267578125,122611400
2025-06-12,319.1099853515625,319.1099853515625,105127500
2025-06-13,325.30999755859375,325.30999755859375,128964300
2025-06-16,329.1300048828125,329.1300048828125,83925900
2025-06-17,316.3500061035156,316.3500061035156,88282700
2025-06-18,322.04998779296875,322.04998779296875,95137700
2025-06-20,322.1600036621094,322.1600036621094,108688000
2025-06-23,348.67999267578125,348.67999267578125,190716800
2025-06-24,340.4700012207031,340.4700012207031,114736200
2025-06-25,327.54998779296875,327.54998779296875,119845100
2025-06-26,325.7799987792969,325.7799987792969,80440900
2025-06-27,323.6300048828125,323.6300048828125,89067000
2025-06-30,317.6600036621094,317.6600036621094,76695100
2025-07-01,300.7099914550781,300.7099914550781,145085700
2025-07-02,315.6499938964844,315.6499938964844,119483700
2025-07-03,315.3500061035156,315.3500061035156,58042300
2025-07-07,293.94000244140625,293.94000244140625,131177900
2025-07-08,297.80999755859375,297.80999755859375,103246700
2025-07-09,295.8800048828125,295.8800048828125,75586800
2025-07-10,309.8699951171875,309.8699951171875,104365300
2025-07-11,313.510009765625,313.510009765625,79236400
2025-07-14,316.8999938964844,316.8999938964844,78043400
2025-07-15,310.7799987792969,310.7799987792969,77556300
2025-07-16,321.6700134277344,321.6700134277344,97284800
2025-07-17,319.4100036621094,319.4100036621094,73922900
2025-07-18,329.6499938964844,329.6499938964844,94255000
2025-07-21,328.489990234375,328.489990234375,75768800
2025-07-22,332.1099853515625,332.1099853515625,77370400
2025-07-23,332.55999755859375,332.55999755859375,92553800
2025-07-24,305.29998779296875,305.29998779296875,156966000
2025-07-25,316.05999755859375,316.05999755859375,148227000
2025-07-28,325.5899963378906,325.5899963378906,112673800
2025-07-29,321.20001220703125,321.20001220703125,87358900
2025-07-30,319.0400085449219,319.0400085449219,83931900
2025-07-31,308.2699890136719,308.2699890136719,85270900
2025-08-01,302.6300048828125,302.6300048828125,89121400
2025-08-04,309.260009765625,309.260009765625,78683900
2025-08-05,308.7200012207031,308.7200012207031,57961300
2025-08-06,319.9100036621094,319.9100036621094,78523600
2025-08-07,322.2699890136719,322.2699890136719,66658700
2025-08-08,329.6499938964844,329.6499938964844,91200300
2025-08-11,339.0299987792969,339.0299987792969,105320200
2025-08-12,340.8399963378906,340.8399963378906,80522100
2025-08-13,339.3800048828125,339.3800048828125,67838900
2025-08-14,335.5799865722656,335.5799865722656,75000700
2025-08-15,330.55999755859375,330.55999755859375,74319800
2025-08-18,335.1600036621094,335.1600036621094,56956600
2025-08-19,329.30999755859375,329.30999755859375,75956000
2025-08-20,323.8999938964844,323.8999938964844,77481800
2025-08-21,320.1099853515625,320.1099853515625,55744400
2025-08-22,340.010009765625,340.010009765625,94016300
2025-08-25,346.6000061035156,346.6000061035156,86670000
2025-08-26,351.6700134277344,351.6700134277344,76651600
2025-08-27,349.6000061035156,349.6000061035156,65519000
2025-08-28,345.9800109863281,345.9800109863281,67903200
2025-08-29,333.8699951171875,333.8699951171875,81145700
2025-09-02,329.3599853515625,329.3599853515625,58392000
2025-09-03,334.0899963378906,334.0899963378906,88733300
2025-09-04,338.5299987792969,338.5299987792969,60711000
2025-09-05,350.8399963378906,350.8399963378906,108989800
2025-09-08,346.3999938964844,346.3999938964844,75208300
2025-09-09,346.9700012207031,346.9700012207031,53816000
2025-09-10,347.7900085449219,347.7900085449219,72121700
2025-09-11,368.80999755859375,368.80999755859375,103756000
2025-09-12,395.94000244140625,395.94000244140625,168156400
2025-09-15,410.0400085449219,410.0400085449219,163823700
2025-09-16,421.6199951171875,421.6199951171875,104285700
2025-09-17,425.8599853515625,425.8599853515625,106133500
2025-09-18,416.8500061035156,416.8500061035156,90454500
2025-09-19,426.07000732421875,426.07000732421875,93131000
2025-09-22,434.2099914550781,434.2099914550781,97108800
2025-09-23,425.8500061035156,425.8500061035156,83422700
2025-09-24,442.7900085449219,442.7900085449219,93133600
2025-09-25,423.3900146484375,423.3900146484375,96746400
2025-09-26,440.3999938964844,440.3999938964844,101628200
2025-09-29,443.2099914550781,443.2099914550781,79491500
2025-09-30,444.7200012207031,444.7200012207031,74358000
2025-10-01,459.4599914550781,459.4599914550781,98122300
2025-10-02,436.0,436.0,137009000
2025-10-03,429.8299865722656,429.8299865722656,133188200
2025-10-06,453.25,453.25,85324900
2025-10-07,433.0899963378906,433.0899963378906,102296100
2025-10-08,438.69000244140625,438.69000244140625,71192100
2025-10-09,435.5400085449219,435.5400085449219,69339900
2025-10-10,413.489990234375,413.489990234375,112107900
2025-10-13,435.8999938964844,435.8999938964844,79552800
2025-10-14,429.239990234375,429.239990234375,72669400
2025-10-15,435.1499938964844,435.1499938964844,71558200
2025-10-16,428.75,428.75,77189900
2025-10-17,439.30999755859375,439.30999755859375,89331600
2025-10-20,447.42999267578125,447.42999267578125,63719000
2025-10-21,442.6000061035156,442.6000061035156,54412200
2025-10-22,438.9700012207031,438.9700012207031,84023500
2025-10-23,448.9800109863281,448.9800109863281,126709800
2025-10-24,433.7200012207031,433.7200012207031,94727800
2025-10-27,452.4200134277344,452.4200134277344,105867500
2025-10-28,460.54998779296875,460.54998779296875,80185700
2025-10-29,461.510009765625,461.510009765625,67983500
2025-10-30,440.1000061035156,440.1000061035156,72447900
2025-10-31,456.55999755859375,456.55999755859375,83135800
2025-11-03,468.3699951171875,468.3699951171875,84595200
2025-11-04,444.260009765625,444.260009765625,87756600
2025-11-05,462.07000732421875,462.07000732421875,85573000
2025-11-06,445.9100036621094,445.9100036621094,109622900
2025-11-07,429.5199890136719,429.5199890136719,103471500
2025-11-10,445.2300109863281,445.2300109863281,76515900
2025-11-11,439.6199951171875,439.6199951171875,60533200
2025-11-12,430.6000061035156,430.6000061035156,58513500
2025-11-13,401.989990234375,401.989990234375,118948000
2025-11-14,404.3500061035156,404.3500061035156,105506700
2025-11-17,408.9200134277344,408.9200134277344,102214300
2025-11-18,401.25,401.25,80688600
2025-11-19,403.989990234375,403.989990234375,72047700
2025-11-20,395.2300109863281,395.2300109863281,113548800
2025-11-21,391.0899963378906,391.0899963378906,100460600
2025-11-24,417.7799987792969,417.7799987792969,96806400
2025-11-25,419.3999938964844,419.3999938964844,71915600
2025-11-26,426.5799865722656,426.5799865722656,63463000
2025-11-28,430.1700134277344,430.1700134277344,36252900
2025-12-01,430.1400146484375,430.1400146484375,57463600
2025-12-02,429.239990234375,429.239990234375,69336600
2025-12-03,446.739990234375,446.739990234375,87483000
2025-12-04,454.5299987792969,454.5299987792969,71906500
2025-12-05,455.0,455.0,56427500
2025-12-08,439.5799865722656,439.5799865722656,69165800
2025-12-09,445.1700134277344,445.1700134277344,62367400
2025-12-10,451.45001220703125,451.45001220703125,63257500
2025-12-11,446.8900146484375,446.8900146484375,55979500
2025-12-12,458.9599914550781,458.9599914550781,95656700
2025-12-15,475.30999755859375,475.30999755859375,114542200
2025-12-16,489.8800048828125,489.8800048828125,107608100
2025-12-17,467.260009765625,467.260009765625,106490400
2025-12-18,483.3699951171875,483.3699951171875,95168400
2025-12-19,481.20001220703125,481.20001220703125,103305400
2025-12-22,488.7300109863281,488.7300109863281,86916100
2025-12-23,485.55999755859375,485.55999755859375,58223600
2025-12-24,485.3999938964844,485.3999938964844,41285400
2025-12-26,475.19000244140625,475.19000244140625,58780700
2025-12-29,459.6400146484375,459.6400146484375,66263000
2025-12-30,454.42999267578125,454.42999267578125,59238500
2025-12-31,449.7200012207031,449.7200012207031,49078000
2026-01-02,438.07000732421875,438.07000732421875,85535400
2026-01-05,451.6700134277344,451.6700134277344,67940800
2026-01-06,432.9599914550781,432.9599914550781,89093800
2026-01-07,431.4100036621094,431.4100036621094,59828800
2026-01-08,435.79998779296875,435.79998779296875,57041100
2026-01-09,445.010009765625,445.010009765625,67331500
2026-01-12,448.9599914550781,448.9599914550781,61649600
2026-01-13,447.20001220703125,447.20001220703125,53719200
2026-01-14,439.20001220703125,439.20001220703125,57259500
2026-01-15,438.57000732421875,438.57000732421875,49465800
2026-01-16,437.5,437.5,60220600
2026-01-20,419.25,419.25,63187300
2026-01-21,431.44000244140625,431.44000244140625,68124000
2026-01-22,449.3599853515625,449.3599853515625,71546700
2026-01-23,449.05999755859375,449.05999755859375,56771400
2026-01-26,435.20001220703125,435.20001220703125,49397400
2026-01-27,430.8999938964844,430.8999938964844,37733100
2026-01-28,431.4599914550781,431.4599914550781,54857400
2026-01-29,416.55999755859375,416.55999755859375,81686100
2026-01-30,430.4100036621094,430.4100036621094,82626100
2026-02-02,421.80999755859375,421.80999755859375,58739500
2026-02-03,421.9599914550781,421.9599914550781,56886500
2026-02-04,406.010009765625,406.010009765625,74606900
2026-02-05,397.2099914550781,397.2099914550781,72819800
2026-02-06,411.1099853515625,411.1099853515625,62677100
2026-02-09,417.32000732421875,417.32000732421875,54484300
2026-02-10,425.2099914550781,425.2099914550781,64450200
2026-02-11,428.2699890136719,428.2699890136719,57362000
2026-02-12,417.07000732421875,417.07000732421875,61933400
2026-02-13,417.44000244140625,417.44000244140625,51434100
2026-02-17,410.6300048828125,410.6300048828125,59678800
2026-02-18,411.32000732421875,411.32000732421875,45921400
2026-02-19,411.7099914550781,411.7099914550781,51019600
2026-02-20,411.82000732421875,411.82000732421875,57912200
2026-02-23,399.8299865722656,399.8299865722656,69680000
2026-02-24,409.3800048828125,409.3800048828125,58579500
2026-02-25,417.3999938964844,417.3999938964844,54809700
2026-02-26,408.5799865722656,408.5799865722656,53602500
2026-02-27,402.510009765625,402.510009765625,56890100
2026-03-02,403.32000732421875,403.32000732421875,55088300
2026-03-03,392.42999267578125,392.42999267578125,62617300
2026-03-04,405.94000244140625,405.94000244140625,68305500
2026-03-05,405.54998779296875,405.54998779296875,51925900
2026-03-06,396.7300109863281,396.7300109863281,64054600
2026-03-09,398.67999267578125,398.67999267578125,67018900
2026-03-10,399.239990234375,399.239990234375,59258700
2026-03-11,407.82000732421875,407.82000732421875,62559900
2026-03-12,395.010009765625,395.010009765625,60973800
2026-03-13,391.20001220703125,391.20001220703125,58504100
2026-03-16,395.55999755859375,395.55999755859375,58068300
2026-03-17,399.2699890136719,399.2699890136719,46890500
2026-03-18,392.7799987792969,392.7799987792969,50853100
2026-03-19,380.29998779296875,380.29998779296875,67078300
2026-03-20,367.9599914550781,367.9599914550781,78628600
2026-03-23,380.8500061035156,380.8500061035156,74606000
2026-03-24,383.0299987792969,383.0299987792969,60004900
2026-03-25,385.95001220703125,385.95001220703125,55157300
2026-03-26,372.1099853515625,372.1099853515625,55522900
2026-03-27,361.8299865722656,361.8299865722656,62065700
2026-03-30,355.2799987792969,355.2799987792969,67954400
2026-03-31,371.75,371.75,75534900
2026-04-01,381.260009765625,381.260009765625,58683800
2026-04-02,360.5899963378906,360.5899963378906,83031200
2026-04-06,352.82000732421875,352.82000732421875,77697600
2026-04-07,346.6499938964844,346.6499938964844,74515400
2026-04-08,343.25,343.25,78838600
2026-04-09,345.6199951171875,345.6199951171875,62164000
2026-04-10,348.95001220703125,348.95001220703125,51336000
2026-04-13,352.4200134277344,352.4200134277344,53617500
2026-04-14,364.20001220703125,364.20001220703125,59979600
2026-04-15,391.95001220703125,391.95001220703125,113810400
2026-04-16,388.8999938964844,388.8999938964844,63515100
2026-04-17,400.6199951171875,400.6199951171875,90640000
2026-04-20,392.5,392.5,64603900
2026-04-21,386.4200134277344,386.4200134277344,50530600
2026-04-22,387.510009765625,387.510009765625,62362800
2026-04-23,373.7200012207031,373.7200012207031,93969500
2026-04-24,376.29998779296875,376.29998779296875,62893300
2026-04-27,378.6700134277344,378.6700134277344,66735800
2026-04-28,376.0199890136719,376.0199890136719,50864400
2026-04-29,372.79998779296875,372.79998779296875,45384800
2026-04-30,381.6300048828125,381.6300048828125,51076000
2026-05-01,390.82000732421875,390.82000732421875,65338300
2026-05-04,392.510009765625,392.510009765625,48765100
2026-05-05,389.3699951171875,389.3699951171875,47780600
2026-05-06,398.7300109863281,398.7300109863281,53465400
2026-05-07,411.7900085449219,411.7900085449219,64294200
2026-05-08,428.3500061035156,428.3500061035156,65050000
2026-05-11,445.0,445.0,78376100
2026-05-12,433.45001220703125,433.45001220703125,60569300
2026-05-13,445.2699890136719,445.2699890136719,68283200
2026-05-14,443.29998779296875,443.29998779296875,46070400
2026-05-15,422.239990234375,422.239990234375,52688700
2026-05-18,409.989990234375,409.989990234375,52474200
2026-05-19,404.1099853515625,404.1099853515625,46500600
2026-05-20,417.260009765625,417.260009765625,45294700
2026-05-21,417.8500061035156,417.8500061035156,42636900
2026-05-22,426.010009765625,426.010009765625,46104700
2026-05-26,433.5899963378906,433.5899963378906,45658900
2026-05-27,440.3599853515625,440.3599853515625,44656500
2026-05-28,442.1000061035156,442.1000061035156,32435000
2026-05-29,435.7900085449219,435.7900085449219,45176800
2026-06-01,415.8800048828125,415.8800048828125,44937900
2026-06-02,423.739990234375,423.739990234375,37596000
2026-06-03,423.70001220703125,423.70001220703125,44500700
2026-06-04,418.45001220703125,418.45001220703125,35323300
2026-06-05,391.0,391.0,63420200
2026-06-08,408.95001220703125,408.95001220703125,50328800
2026-06-09,396.67999267578125,396.67999267578125,59940200
2026-06-10,381.5899963378906,381.5899963378906,49695600
2026-06-11,399.1499938964844,399.1499938964844,45324300
2026-06-12,406.42999267578125,406.42999267578125,63514500
2026-06-15,411.1499938964844,411.1499938964844,45620500
2026-06-16,404.6600036621094,404.6600036621094,40255500
2026-06-17,396.3800048828125,396.3800048828125,43534300
2026-06-18,400.489990234375,400.489990234375,58384700
2026-06-22,405.04998779296875,405.04998779296875,47819500
2026-06-23,381.6099853515625,381.6099853515625,50420200
2026-06-24,375.5299987792969,375.5299987792969,37081400
2026-06-25,375.1199951171875,375.1199951171875,30138800
2026-06-26,379.7099914550781,379.7099914550781,53434100
2026-06-29,411.8399963378906,411.8399963378906,57645800
2026-06-30,420.6000061035156,420.6000061035156,43385600
2026-07-01,425.29998779296875,425.29998779296875,40127900
2026-07-02,393.45001220703125,393.45001220703125,73717700
2026-07-06,419.7699890136719,419.7699890136719,54727900
2026-07-07,402.8999938964844,402.8999938964844,38149900
2026-07-08,394.05999755859375,394.05999755859375,33844900
2026-07-09,406.54998779296875,406.54998779296875,37835000
2026-07-10,407.760009765625,407.760009765625,33410000
2026-07-13,394.760009765625,394.760009765625,32809200
2026-07-14,396.17999267578125,396.17999267578125,23385000
2026-07-15,394.4599914550781,394.4599914550781,31549800
2026-07-16,391.05999755859375,391.05999755859375,29269100
2026-07-17,380.8399963378906,380.8399963378906,31394600
2026-07-20,369.57000732421875,369.57000732421875,33901500
2026-07-21,378.92999267578125,378.92999267578125,32735300
2026-07-22,374.010009765625,374.010009765625,30646100
2026-07-23,319.69000244140625,319.69000244140625,115606400
2026-07-24,313.0299987792969,313.0299987792969,62760000
2026-07-27,309.2200012207031,309.2200012207031,44919400
2026-07-28,307.44000244140625,307.44000244140625,39802400
2026-07-29,298.32000732421875,298.32000732421875,39478000
2026-07-30,308.8500061035156,308.8500061035156,38005400
2026-07-31,311.2099914550781,311.2099914550781,36630600
2026-08-03,322.0799865722656,322.0799865722656,38281400
2026-08-04,327.3500061035156,327.3500061035156,33318300
2026-08-05,321.54998779296875,321.54998779296875,27820800
2026-08-06,319.5299987792969,319.5299987792969,26033800
2026-08-07,328.5799865722656,328.5799865722656,39492300
2026-08-10,330.8800048828125,330.8800048828125,25003800
2026-08-11,332.80999755859375,332.80999755859375,23345200
2026-08-12,327.510009765625,327.510009765625,28698900
2026-08-13,339.9599914550781,339.9599914550781,34708300
2026-08-14,342.2699890136719,342.2699890136719,45437100
2026-08-17,339.29998779296875,339.29998779296875,26037100
2026-08-18,336.8699951171875,336.8699951171875,27994500
2026-08-19,351.1199951171875,351.1199951171875,36735400
2026-08-20,345.1300048828125,345.1300048828125,30766400
2026-08-21,362.8599853515625,362.8599853515625,59224000
2026-08-24,348.95001220703125,348.95001220703125,39190500
2026-08-25,350.25,350.25,29816700
2026-08-26,345.82000732421875,345.82000732421875,28573000
2026-08-27,354.80999755859375,354.80999755859375,30136200
2026-08-28,348.75,348.75,32972200
2026-08-31,367.95001220703125,367.95001220703125,61732300
2026-09-01,356.0899963378906,356.0899963378906,36193900
2026-09-02,357.010009765625,357.010009765625,33951900
2026-09-03,376.3699951171875,376.3699951171875,63601000
2026-09-04,354.0799865722656,354.0799865722656,65018200
2026-09-08,368.1600036621094,368.1600036621094,51078800
2026-09-09,367.80999755859375,367.80999755859375,32564300
2026-09-10,363.55999755859375,363.55999755859375,29667200
2026-09-11,365.44000244140625,365.44000244140625,30153000
2026-09-14,358.9700012207031,358.9700012207031,32477200
2026-09-15,356.5799865722656,356.5799865722656,30317700
2026-09-16,358.0799865722656,358.0799865722656,32177400
2026-09-17,366.20001220703125,366.20001220703125,38924100
2026-09-18,364.2699890136719,364.2699890136719,51922300
2026-09-21,375.29998779296875,375.29998779296875,36599600
2026-09-22,378.8999938964844,378.8999938964844,28229900
2026-09-23,380.1199951171875,380.1199951171875,33522500
2026-09-24,377.94000244140625,377.94000244140625,26165700
