Date,close,adjclose,volume
2014-12-01,99.05999755859375,81.12286376953125,4892800
2014-12-02,99.83000183105469,81.75344848632812,5297200
2014-12-03,100.80000305175781,82.85902404785156,6689000
2014-12-04,99.66999816894531,81.93013000488281,4065200
2014-12-05,100.33000183105469,82.47271728515625,3104900
2014-12-08,99.91999816894531,82.13565826416016,3085800
2014-12-09,101.0199966430664,83.03983306884766,3792200
2014-12-10,99.08999633789062,81.45337677001953,3908700
2014-12-11,99.7300033569336,81.9794921875,2940600
2014-12-12,98.76000213623047,81.18214416503906,3086500
2014-12-15,98.2699966430664,80.77935791015625,3649300
2014-12-16,95.8499984741211,78.79007720947266,4843800
2014-12-17,99.13999938964844,81.4944839477539,6235000
2014-12-18,102.23999786376953,84.04275512695312,4681000
2014-12-19,102.48999786376953,84.24825286865234,7986500
2014-12-22,103.04000091552734,84.70034790039062,2398100
2014-12-23,102.8499984741211,84.54418182373047,3028600
2014-12-24,102.68000030517578,84.40443420410156,950700
2014-12-26,102.55000305175781,84.29755401611328,2019900
2014-12-29,102.33000183105469,84.11672973632812,1708100
2014-12-30,102.8499984741211,84.54418182373047,1767600
2014-12-31,101.08999633789062,83.09741973876953,2313900
2015-01-02,100.77999877929688,82.84259796142578,3060900
2015-01-05,99.12000274658203,81.47805786132812,4679000
2015-01-06,98.91999816894531,81.31363677978516,3468300
2015-01-07,99.93000030517578,82.14389038085938,3225800
2015-01-08,104.69999694824219,86.06488800048828,5346100
2015-01-09,103.72000122070312,85.25933074951172,3397600
2015-01-12,102.55000305175781,84.29755401611328,3051500
2015-01-13,103.06999969482422,84.72502899169922,3856500
2015-01-14,103.33000183105469,84.93873596191406,4725600
2015-01-15,104.45999908447266,85.86759948730469,5888900
2015-01-16,105.7699966430664,86.94445037841797,6045500
2015-01-20,105.62000274658203,86.8211669921875,6526800
2015-01-21,109.31999969482422,89.86258697509766,8293700
2015-01-22,113.8499984741211,93.5863037109375,8055200
2015-01-23,112.0,92.06558227539062,5256000
2015-01-26,111.61000061035156,91.74498748779297,4203400
2015-01-27,110.01000213623047,90.42981719970703,4718300
2015-01-28,108.45999908447266,89.15567016601562,6633500
2015-01-29,109.38999938964844,89.92011260986328,4912300
2015-01-30,106.25,87.33902740478516,5397500
2015-02-02,107.29000091552734,88.19392395019531,4657100
2015-02-03,107.80999755859375,88.62136840820312,4192600
2015-02-04,107.91999816894531,88.71178436279297,4768900
2015-02-05,108.81999969482422,89.45159912109375,3297700
2015-02-06,107.5999984741211,88.44872283935547,3661400
2015-02-09,106.48999786376953,87.5362548828125,3909700
2015-02-10,108.97000122070312,89.57487487792969,5437400
2015-02-11,109.8499984741211,90.29824829101562,3798500
2015-02-12,109.83999633789062,90.2900390625,3378000
2015-02-13,109.44000244140625,89.96121978759766,3727600
2015-02-17,109.76000213623047,90.22428131103516,3430600
2015-02-18,109.7699966430664,90.2325210571289,2958700
2015-02-19,110.02999877929688,90.44621276855469,2674800
2015-02-20,112.62000274658203,92.57524108886719,4647100
2015-02-23,116.4000015258789,95.6824722290039,7060000
2015-02-24,115.43000030517578,94.88512420654297,3582800
2015-02-25,114.05000305175781,93.75074005126953,3845900
2015-02-26,113.66000366210938,93.43014526367188,3126800
2015-02-27,113.62999725341797,93.4054946899414,4016400
2015-03-02,114.4000015258789,94.03842163085938,2952200
2015-03-03,112.86000061035156,92.77253723144531,3163700
2015-03-04,113.81999969482422,93.5616683959961,3180900
2015-03-05,114.79000091552734,94.3590087890625,2941400
2015-03-06,112.87999725341797,92.78897094726562,3196900
2015-03-09,114.9000015258789,94.4494400024414,3942000
2015-03-10,112.45999908447266,92.44374084472656,3957900
2015-03-11,112.72000122070312,92.9674301147461,2593700
2015-03-12,114.87999725341797,94.74893188476562,3258600
2015-03-13,115.25,95.05408477783203,3066800
2015-03-16,118.5199966430664,97.75105285644531,4692200
2015-03-17,117.5999984741211,96.9922866821289,3303500
2015-03-18,119.95999908447266,98.93875122070312,5533500
2015-03-19,120.76000213623047,99.59855651855469,4032500
2015-03-20,119.13999938964844,98.26246643066406,7195700
2015-03-23,119.04000091552734,98.1799545288086,4576500
2015-03-24,118.12000274658203,97.42118835449219,3054700
2015-03-25,116.54000091552734,96.11804962158203,3385500
2015-03-26,116.25,95.8788833618164,2856400
2015-03-27,118.01000213623047,97.33042907714844,2608500
2015-03-30,121.0,99.79649353027344,5178500
2015-03-31,118.29000091552734,97.5614013671875,4573100
2015-04-01,117.44999694824219,96.86856842041016,4826200
2015-04-02,117.36000061035156,96.7943344116211,2497100
2015-04-06,117.69999694824219,97.07479858398438,2544700
2015-04-07,117.3499984741211,96.7861099243164,2528500
2015-04-08,118.19000244140625,97.47891998291016,2627000
2015-04-09,118.55000305175781,97.77582550048828,2247200
2015-04-10,119.0,98.14698791503906,2232600
2015-04-13,119.37000274658203,98.4521484375,3961000
2015-04-14,119.91999816894531,98.90573120117188,3208800
2015-04-15,117.31999969482422,96.76134490966797,7344000
2015-04-16,121.5999984741211,100.29136657714844,7068000
2015-04-17,118.70999908447266,97.90779113769531,4390000
2015-04-20,118.58000183105469,97.80057525634766,4650700
2015-04-21,119.27999877929688,98.37792205810547,3379800
2015-04-22,117.80999755859375,97.16549682617188,3846700
2015-04-23,118.26000213623047,97.53665924072266,3244300
2015-04-24,118.69000244140625,97.89129638671875,3139200
2015-04-27,116.23999786376953,95.8706283569336,5174300
2015-04-28,117.58999633789062,96.98403930664062,4144800
2015-04-29,113.61000061035156,93.70150756835938,7122600
2015-04-30,111.4000015258789,91.8787612915039,6705600
2015-05-01,113.19999694824219,93.36334991455078,5805100
2015-05-04,114.55999755859375,94.48500061035156,3531500
2015-05-05,113.37000274658203,93.5035400390625,3960400
2015-05-06,113.48999786376953,93.6025161743164,3369800
2015-05-07,114.76000213623047,94.64995574951172,3300200
2015-05-08,115.68000030517578,95.40873718261719,3066000
2015-05-11,114.7699966430664,94.658203125,3376400
2015-05-12,114.63999938964844,94.5510025024414,3844600
2015-05-13,115.86000061035156,95.55718994140625,3667700
2015-05-14,118.52999877929688,97.75932312011719,4771400
2015-05-15,119.33000183105469,98.41915130615234,3083800
2015-05-18,119.80000305175781,98.80680847167969,2824700
2015-05-19,120.55000305175781,99.42536926269531,3554900
2015-05-20,121.23999786376953,99.99443054199219,3379200
2015-05-21,120.45999908447266,99.35110473632812,2983500
2015-05-22,119.58999633789062,98.63359832763672,2945900
2015-05-26,118.23999786376953,97.52014923095703,3014500
2015-05-27,119.44999694824219,98.51810455322266,2887700
2015-05-28,119.62000274658203,98.6583251953125,2873600
2015-05-29,120.20999908447266,99.14492797851562,6019900
2015-06-01,119.86000061035156,98.85625457763672,3876400
2015-06-02,117.75,97.11600494384766,4219500
2015-06-03,118.3499984741211,97.61087036132812,3438100
2015-06-04,116.6500015258789,96.20878601074219,3300300
2015-06-05,116.52999877929688,96.10981750488281,2724500
2015-06-08,116.91000366210938,96.4232177734375,3271300
2015-06-09,116.98999786376953,96.48920440673828,3047300
2015-06-10,118.55000305175781,97.77582550048828,4006400
2015-06-11,119.31999969482422,98.82771301269531,3815600
2015-06-12,117.6500015258789,97.44451904296875,3076600
2015-06-15,118.9800033569336,98.54609680175781,6809500
2015-06-16,121.55000305175781,100.67472076416016,7229400
2015-06-17,119.73999786376953,99.17557525634766,4805900
2015-06-18,120.88999938964844,100.12809753417969,3478300
2015-06-19,120.33000183105469,99.66423797607422,4178700
2015-06-22,120.25,99.59796905517578,4435600
2015-06-23,122.73999786376953,101.66034698486328,4991000
2015-06-24,119.16999816894531,98.70349884033203,4650500
2015-06-25,122.33000183105469,101.32077026367188,6149500
2015-06-26,123.25,102.08277893066406,16358200
2015-06-29,121.19000244140625,100.3765640258789,3604000
2015-06-30,122.0,101.04743957519531,4982600
2015-07-01,123.37999725341797,102.19041442871094,3269300
2015-07-02,121.80999755859375,100.89008331298828,3682300
2015-07-06,122.16000366210938,101.17997741699219,6522800
2015-07-07,120.69999694824219,99.9706802368164,6476200
2015-07-08,118.77999877929688,98.38045501708984,4009800
2015-07-09,119.33999633789062,98.84429168701172,3315600
2015-07-10,122.1500015258789,101.17166900634766,4033500
2015-07-13,122.44999694824219,101.4201431274414,3766900
2015-07-14,125.0,103.53219604492188,4192400
2015-07-15,125.86000061035156,104.24451446533203,5067300
2015-07-16,124.93000030517578,103.47425842285156,7216600
2015-07-17,123.8499984741211,102.5797348022461,3702700
2015-07-20,122.6500015258789,101.5858154296875,3199700
2015-07-21,120.86000061035156,100.10321807861328,4239100
2015-07-22,120.61000061035156,99.89613342285156,3384700
2015-07-23,119.33000183105469,98.83598327636719,4896100
2015-07-24,117.94000244140625,97.68470001220703,3840600
2015-07-27,117.87999725341797,97.6350326538086,3752300
2015-07-28,121.5199966430664,100.64987182617188,5216900
2015-07-29,121.5199966430664,100.64987182617188,3924400
2015-07-30,120.55999755859375,99.85472869873047,3732400
2015-07-31,121.4000015258789,100.55046844482422,3593000
2015-08-03,120.88999938964844,100.12809753417969,2541300
2015-08-04,120.83999633789062,100.08665466308594,2058200
2015-08-05,123.91999816894531,102.6376953125,3831900
2015-08-06,122.04000091552734,101.08056640625,3014900
2015-08-07,121.81999969482422,100.89836120605469,2276300
2015-08-10,122.4800033569336,101.44498443603516,2480000
2015-08-11,122.26000213623047,101.26280975341797,2756000
2015-08-12,121.19999694824219,100.38483428955078,3005300
2015-08-13,120.5199966430664,99.82161712646484,3253400
2015-08-14,121.0199966430664,100.2357406616211,2040500
2015-08-17,123.81999969482422,102.55485534667969,2951800
2015-08-18,125.5,103.94634246826172,4140200
2015-08-19,123.22000122070312,102.05790710449219,3411500
2015-08-20,119.79000091552734,99.21697998046875,3201600
2015-08-21,116.27999877929688,96.30978393554688,5627800
2015-08-24,110.43000030517578,91.46449279785156,8824900
2015-08-25,109.9800033569336,91.0917739868164,8109900
2015-08-26,113.45999908447266,93.97412872314453,7503200
2015-08-27,117.7699966430664,97.54389190673828,5783700
2015-08-28,117.27999877929688,97.13803100585938,3333100
2015-08-31,115.69999694824219,95.82942199707031,4087000
2015-09-01,112.62999725341797,93.28665924072266,4658100
2015-09-02,114.2300033569336,94.61187744140625,4522100
2015-09-03,113.98999786376953,94.41307830810547,3137100
2015-09-04,112.36000061035156,93.06301879882812,3394900
2015-09-08,116.08999633789062,96.15245056152344,3990600
2015-09-09,115.08000183105469,95.72822570800781,3753500
2015-09-10,116.7699966430664,97.13401794433594,5525700
2015-09-11,118.69999694824219,98.73948669433594,3752500
2015-09-14,117.80000305175781,97.9908218383789,2686500
2015-09-15,120.02999877929688,99.84580993652344,3072100
2015-09-16,121.1500015258789,100.77745819091797,3475700
2015-09-17,123.26000213623047,102.53265380859375,5466500
2015-09-18,122.47000122070312,101.87551879882812,7458400
2015-09-21,123.94000244140625,103.0982894897461,3476700
2015-09-22,122.93000030517578,102.25814819335938,4566800
2015-09-23,123.27999877929688,102.5492935180664,3131300
2015-09-24,121.08999633789062,100.7275390625,4735800
2015-09-25,116.37000274658203,96.80127716064453,8060200
2015-09-28,112.69999694824219,93.74840545654297,5727000
2015-09-29,114.22000122070312,95.01283264160156,5142700
2015-09-30,116.01000213623047,96.50182342529297,4638600
2015-10-01,116.61000061035156,97.00091552734375,3768300
2015-10-02,118.83000183105469,98.84759521484375,3521600
2015-10-05,119.6500015258789,99.52970886230469,3491200
2015-10-06,116.05000305175781,96.53510284423828,4652000
2015-10-07,116.43000030517578,96.85118103027344,4282000
2015-10-08,116.08000183105469,96.56004333496094,3646500
2015-10-09,119.2699966430664,99.21359252929688,4485100
2015-10-12,122.51000213623047,101.90877532958984,5840000
2015-10-13,123.98999786376953,103.1399154663086,6655700
2015-10-14,122.06999969482422,101.54277801513672,5592200
2015-10-15,120.16999816894531,99.96229553222656,8012400
2015-10-16,119.9800033569336,99.8042221069336,4416500
2015-10-19,120.7300033569336,100.4281005859375,3707500
2015-10-20,120.41999816894531,100.17022705078125,3278400
2015-10-21,118.11000061035156,98.24864959716797,5305600
2015-10-22,113.80999755859375,94.67176818847656,10475000
2015-10-23,115.91999816894531,96.42696380615234,5497500
2015-10-26,116.52999877929688,96.93438720703125,3377100
2015-10-27,119.37000274658203,99.29679107666016,4008400
2015-10-28,119.77999877929688,99.63784790039062,4405500
2015-10-29,119.70999908447266,99.57963562011719,3257500
2015-10-30,117.77999877929688,97.97416687011719,4237800
2015-11-02,118.69000244140625,98.73115539550781,3874200
2015-11-03,117.66000366210938,97.87437438964844,2758200
2015-11-04,114.63999938964844,95.3622055053711,5396100
2015-11-05,116.2300033569336,96.68484497070312,4009100
2015-11-06,114.80999755859375,95.50361633300781,4106900
2015-11-09,114.26000213623047,95.04609680175781,2755100
2015-11-10,115.88999938964844,96.4020004272461,2842600
2015-11-11,114.54000091552734,95.27899932861328,2374200
2015-11-12,112.81999969482422,93.84825897216797,3341300
2015-11-13,111.41000366210938,92.67537689208984,3767300
2015-11-16,113.81999969482422,94.68008422851562,2450000
2015-11-17,114.38999938964844,95.15426635742188,1981400
2015-11-18,117.25,97.53329467773438,3319900
2015-11-19,110.62999725341797,92.02651977539062,15731900
2015-11-20,112.97000122070312,93.97300720214844,7059400
2015-11-23,112.16000366210938,93.2992172241211,3780400
2015-11-24,113.19000244140625,94.156005859375,3244800
2015-11-25,114.41000366210938,95.17086791992188,2959200
2015-11-27,114.33999633789062,95.11264038085938,1740400
2015-11-30,112.70999908447266,93.75679016113281,4605200
2015-12-01,116.26000213623047,96.70977020263672,5467000
2015-12-02,117.63999938964844,98.2804183959961,6071100
2015-12-03,115.0,96.07483673095703,4286600
2015-12-04,117.73999786376953,98.3639144897461,3588200
2015-12-07,115.91000366210938,96.83509063720703,3164300
2015-12-08,115.87999725341797,96.81002044677734,3551900
2015-12-09,115.05000305175781,96.11662292480469,3839100
2015-12-10,116.20999908447266,97.08570098876953,3202600
2015-12-11,115.9800033569336,96.89356231689453,3830800
2015-12-14,115.8499984741211,96.78495025634766,3867200
2015-12-15,117.61000061035156,98.25532531738281,3124100
2015-12-16,118.83000183105469,99.2745590209961,3516900
2015-12-17,119.22000122070312,99.6003646850586,3945800
2015-12-18,115.81999969482422,96.7598876953125,7574800
2015-12-21,117.41000366210938,98.08824920654297,3185200
2015-12-22,117.44000244140625,98.11331176757812,2821600
2015-12-23,118.69000244140625,99.15760803222656,2479600
2015-12-24,118.33999633789062,98.86518859863281,900100
2015-12-28,118.33000183105469,98.85684967041016,1582600
2015-12-29,119.81999969482422,100.10164642333984,2027600
2015-12-30,118.91999816894531,99.34976196289062,1747700
2015-12-31,117.63999938964844,98.2804183959961,2372500
2016-01-04,116.45999908447266,97.29458618164062,4991000
2016-01-05,116.68000030517578,97.47837829589844,2816800
2016-01-06,115.48999786376953,96.48423767089844,2677300
2016-01-07,112.08999633789062,93.64373016357422,5277200
2016-01-08,110.16000366210938,92.0313720703125,4422400
2016-01-11,109.58000183105469,91.5467758178711,4525800
2016-01-12,112.26000213623047,93.78575134277344,4037800
2016-01-13,109.2300033569336,91.25439453125,3434300
2016-01-14,110.76000213623047,92.53262329101562,4238200
2016-01-15,109.2699966430664,91.28781127929688,6357000
2016-01-19,112.58000183105469,94.05310821533203,7122800
2016-01-20,114.79000091552734,95.89942932128906,8380700
2016-01-21,113.5,94.82169342041016,5413900
2016-01-22,114.33000183105469,95.51510620117188,3622200
2016-01-25,113.37999725341797,94.72145080566406,2908500
2016-01-26,113.95999908447266,95.20597076416016,4592500
2016-01-27,112.33000183105469,93.84425354003906,4720300
2016-01-28,111.37999725341797,93.05056762695312,3525600
2016-01-29,115.16000366210938,96.2085189819336,5280800
2016-02-01,115.88999938964844,96.81838989257812,4333500
2016-02-02,113.87999725341797,95.13914489746094,2997700
2016-02-03,112.75,94.19512176513672,3462300
2016-02-04,114.19999694824219,95.40650177001953,3608300
2016-02-05,111.72000122070312,93.3346176147461,3330800
2016-02-08,110.0199966430664,91.91438293457031,5050200
2016-02-09,111.16000366210938,92.8667984008789,3680200
2016-02-10,112.73999786376953,94.18675994873047,3023200
2016-02-11,110.62000274658203,92.41564178466797,3955000
2016-02-12,111.81999969482422,93.41818237304688,2552100
2016-02-16,115.1500015258789,96.20015716552734,3445700
2016-02-17,118.30000305175781,98.83175659179688,4466000
2016-02-18,117.44999694824219,98.12165832519531,3847100
2016-02-19,117.68000030517578,98.31379699707031,4481400
2016-02-22,121.2699966430664,101.31300354003906,5054800
2016-02-23,121.1500015258789,101.21275329589844,2804400
2016-02-24,120.19999694824219,100.41911315917969,2559700
2016-02-25,121.19999694824219,101.25454711914062,2281700
2016-02-26,121.33000183105469,101.36314392089844,2877500
2016-02-29,119.0999984741211,99.50013732910156,4526300
2016-03-01,121.66999816894531,101.64718627929688,3295600
2016-03-02,121.2699966430664,101.31300354003906,2670900
2016-03-03,121.81999969482422,101.77251434326172,3064100
2016-03-04,121.80000305175781,101.75579833984375,2873900
2016-03-07,121.76000213623047,101.72238159179688,2315400
2016-03-08,121.66000366210938,101.63884735107422,2522000
2016-03-09,121.0999984741211,101.58850860595703,2094000
2016-03-10,122.08999633789062,102.41899108886719,2638200
2016-03-11,125.0999984741211,104.94402313232422,3766200
2016-03-14,125.22000122070312,105.04471588134766,2856400
2016-03-15,124.8499984741211,104.73431396484375,2610300
2016-03-16,124.9000015258789,104.77626037597656,2140900
2016-03-17,124.52999877929688,104.46585083007812,3911400
2016-03-18,126.72000122070312,106.30299377441406,6948400
2016-03-21,126.73999786376953,106.3198013305664,2667000
2016-03-22,128.02000427246094,107.3935546875,3984000
2016-03-23,129.7899932861328,108.87837219238281,6166400
2016-03-24,128.58999633789062,107.87171936035156,4153900
2016-03-28,128.9199981689453,108.14856719970703,1955100
2016-03-29,129.8300018310547,108.91194152832031,2463100
2016-03-30,129.67999267578125,108.78611755371094,2578500
2016-03-31,128.89999389648438,108.13177490234375,3181800
2016-04-01,129.9199981689453,108.9874496459961,3901700
2016-04-04,129.49000549316406,108.62671661376953,2812400
2016-04-05,127.04000091552734,106.57144927978516,4440000
2016-04-06,128.02999877929688,107.40193176269531,3021400
2016-04-07,126.87000274658203,106.42882537841797,3186600
2016-04-08,125.68000030517578,105.43054962158203,3642300
2016-04-11,126.33000183105469,105.97586822509766,3119200
2016-04-12,126.80000305175781,106.37010955810547,2887200
2016-04-13,127.76000213623047,107.17545318603516,2592400
2016-04-14,127.9800033569336,107.36003112792969,1674600
2016-04-15,127.33000183105469,106.81473541259766,2835200
2016-04-18,127.80999755859375,107.2174072265625,2717400
2016-04-19,130.5,109.47398376464844,4340100
2016-04-20,133.92999267578125,112.351318359375,7321000
2016-04-21,132.9600067138672,111.5376205444336,3786000
2016-04-22,134.1300048828125,112.51911926269531,2782800
2016-04-25,133.77999877929688,112.22550201416016,2702100
2016-04-26,134.24000549316406,112.61140441894531,2638000
2016-04-27,132.8000030517578,111.40339660644531,3358800
2016-04-28,132.07000732421875,110.79103088378906,3332800
2016-04-29,131.67999267578125,110.46385192871094,4161100
2016-05-02,132.10000610351562,110.8161849975586,2887700
2016-05-03,132.4600067138672,111.11819458007812,3632300
2016-05-04,132.02999877929688,110.7574691772461,2909300
2016-05-05,132.30999755859375,110.99237060546875,2054700
2016-05-06,132.0399932861328,110.7658462524414,2618600
2016-05-09,132.6699981689453,111.29434967041016,2191800
2016-05-10,133.57000732421875,112.0493392944336,2223500
2016-05-11,130.69000244140625,109.63336944580078,3450800
2016-05-12,129.74000549316406,108.8364486694336,3210400
2016-05-13,129.0,108.21566772460938,3137300
2016-05-16,130.63999938964844,109.5914306640625,2466000
2016-05-17,129.55999755859375,108.68541717529297,2294500
2016-05-18,130.50999450683594,109.48236083984375,2246400
2016-05-19,130.0,109.05452728271484,2756000
2016-05-20,130.94000244140625,109.84307861328125,2538100
2016-05-23,130.4199981689453,109.40686798095703,3036500
2016-05-24,132.58999633789062,111.22721862792969,2702400
2016-05-25,133.4199981689453,111.92346954345703,2211300
2016-05-26,132.97999572753906,111.55439758300781,1499300
2016-05-27,134.0,112.41007232666016,1833400
2016-05-31,133.6699981689453,112.13322448730469,3634100
2016-06-01,134.52999877929688,112.85468292236328,2618000
2016-06-02,136.0399932861328,114.12137603759766,4015000
2016-06-03,136.83999633789062,114.79251098632812,3625600
2016-06-06,138.14999389648438,115.89141082763672,2959900
2016-06-07,136.94000244140625,114.87637329101562,2943200
2016-06-08,140.39999389648438,117.77887725830078,6180800
2016-06-09,140.67999267578125,118.0137939453125,3682400
2016-06-10,139.24000549316406,116.80586242675781,2805800
2016-06-13,138.08999633789062,115.84111785888672,2804300
2016-06-14,137.8699951171875,115.65656280517578,2970700
2016-06-15,137.25999450683594,115.6691665649414,2369400
2016-06-16,138.66000366210938,116.84893035888672,3176100
2016-06-17,137.69000244140625,116.03153991699219,4430900
2016-06-20,138.52000427246094,116.73100280761719,3731700
2016-06-21,138.19000244140625,116.452880859375,2021400
2016-06-22,137.89999389648438,116.2085189819336,2375200
2016-06-23,139.19000244140625,117.29559326171875,2646800
2016-06-24,137.2899932861328,115.6944351196289,4475100
2016-06-27,137.11000061035156,115.54277038574219,3996200
2016-06-28,138.7100067138672,116.89108276367188,4160200
2016-06-29,140.52000427246094,118.41639709472656,3704500
2016-06-30,141.1999969482422,118.98941040039062,4730800
2016-07-01,140.86000061035156,118.70288848876953,2882500
2016-07-05,141.55999755859375,119.29277801513672,3749300
2016-07-06,142.3800048828125,119.98380279541016,4083300
2016-07-07,140.8000030517578,118.65235137939453,3515500
2016-07-08,141.27000427246094,119.04840850830078,3605500
2016-07-11,140.32000732421875,118.24784851074219,4084000
2016-07-12,139.86000061035156,117.86019897460938,4310100
2016-07-13,141.47999572753906,119.22533416748047,3164700
2016-07-14,140.83999633789062,118.68606567382812,3000700
2016-07-15,141.3300018310547,119.09893798828125,3748700
2016-07-18,140.75,118.61018371582031,4166300
2016-07-19,142.58999633789062,120.1607666015625,5326200
2016-07-20,143.02000427246094,120.52311706542969,5489800
2016-07-21,142.8699951171875,120.396728515625,3475100
2016-07-22,143.69000244140625,121.08773040771484,2697500
2016-07-25,141.72999572753906,119.43604278564453,2725600
2016-07-26,141.6999969482422,119.41078186035156,2668100
2016-07-27,141.67999267578125,119.3938980102539,2684100
2016-07-28,142.75999450683594,120.30402374267578,2517000
2016-07-29,143.1999969482422,120.67481994628906,3269700
2016-08-01,143.50999450683594,120.93605041503906,2494900
2016-08-02,143.1699981689453,120.64958190917969,2679100
2016-08-03,142.8800048828125,120.40514373779297,1963600
2016-08-04,142.7100067138672,120.26187896728516,1890900
2016-08-05,142.99000549316406,120.49787902832031,2000100
2016-08-08,142.1300048828125,119.77312469482422,1846400
2016-08-09,141.82000732421875,119.51188659667969,2140700
2016-08-10,142.19000244140625,119.82371520996094,1866300
2016-08-11,142.6300048828125,120.19448852539062,1857500
2016-08-12,142.8800048828125,120.40514373779297,1787900
2016-08-15,141.6199951171875,119.34337615966797,2369600
2016-08-16,141.0800018310547,118.8883056640625,1688500
2016-08-17,141.7100067138672,119.41919708251953,1849100
2016-08-18,142.1699981689453,119.80684661865234,1572700
2016-08-19,142.0399932861328,119.69731903076172,1950200
2016-08-22,142.08999633789062,119.7394027709961,1587900
2016-08-23,142.00999450683594,119.67202758789062,2295500
2016-08-24,139.8699951171875,117.8686294555664,2529800
2016-08-25,137.3000030517578,115.70286560058594,3891000
2016-08-26,136.6199951171875,115.12984466552734,3082400
2016-08-29,137.27000427246094,115.67757415771484,2315900
2016-08-30,136.8699951171875,115.34051513671875,2026600
2016-08-31,136.0500030517578,114.64952087402344,2837300
2016-09-01,135.74000549316406,114.38824462890625,2765400
2016-09-02,136.61000061035156,115.12142944335938,2390500
2016-09-06,135.97000122070312,114.58209991455078,2242400
2016-09-07,134.99000549316406,114.28155517578125,2816300
2016-09-08,135.44000244140625,114.66248321533203,2826700
2016-09-09,133.6199951171875,113.12171936035156,3322300
2016-09-12,135.52999877929688,114.73868560791016,3457400
2016-09-13,133.9499969482422,113.40106964111328,3331500
2016-09-14,133.69000244140625,113.18099975585938,4592400
2016-09-15,135.61000061035156,114.80642700195312,3302900
2016-09-16,138.47000122070312,117.2276611328125,7421900
2016-09-19,137.67999267578125,116.55889129638672,3239500
2016-09-20,137.47000122070312,116.38108825683594,2425700
2016-09-21,139.91000366210938,118.4468002319336,3506600
2016-09-22,141.0399932861328,119.40343475341797,3018300
2016-09-23,140.50999450683594,118.9547119140625,2802000
2016-09-26,139.72000122070312,118.28593444824219,2636500
2016-09-27,140.7899932861328,119.19176483154297,3048600
2016-09-28,140.41000366210938,118.87007904052734,1990400
2016-09-29,138.32000732421875,117.1007080078125,2201000
2016-09-30,140.0,118.52296447753906,4164100
2016-10-03,138.49000549316406,117.24462127685547,2724400
2016-10-04,138.16000366210938,116.96527099609375,2452600
2016-10-05,137.60000610351562,116.49115753173828,4625600
2016-10-06,136.47000122070312,115.53453826904297,4025300
2016-10-07,136.66000366210938,115.69537353515625,2568700
2016-10-10,138.0800018310547,116.89751434326172,2586000
2016-10-11,134.75,114.0783462524414,3353600
2016-10-12,135.10000610351562,114.37464904785156,4287900
2016-10-13,134.19000244140625,113.60430908203125,3425700
2016-10-14,133.9199981689453,113.37567901611328,3452900
2016-10-17,134.1300048828125,113.55350494384766,3602500
2016-10-18,143.38999938964844,121.3929443359375,10141900
2016-10-19,144.3699951171875,122.22257995605469,5796000
2016-10-20,145.07000732421875,122.815185546875,5203700
2016-10-21,145.3699951171875,123.0691909790039,3331800
2016-10-24,144.69000244140625,122.49351501464844,2930200
2016-10-25,143.77999877929688,121.72310638427734,3095400
2016-10-26,142.22999572753906,120.41085815429688,3267600
2016-10-27,141.94000244140625,120.16539001464844,3358000
2016-10-28,140.35000610351562,118.81929779052734,4033600
2016-10-31,141.3300018310547,119.64894104003906,3761100
2016-11-01,139.42999267578125,118.0404052734375,3391400
2016-11-02,138.97999572753906,117.6594467163086,3149700
2016-11-03,137.8300018310547,116.68590545654297,2989700
2016-11-04,137.7100067138672,116.58427429199219,3520700
2016-11-07,141.92999267578125,120.15691375732422,3896600
2016-11-08,142.89999389648438,120.97806549072266,4389300
2016-11-09,141.89999389648438,120.13150024414062,8042400
2016-11-10,146.1300048828125,123.71260833740234,6075500
2016-11-11,146.4199981689453,123.95812225341797,4475400
2016-11-14,152.27999877929688,128.9191436767578,5740400
2016-11-15,152.22999572753906,128.87681579589844,4910700
2016-11-16,151.5,128.2588348388672,3899000
2016-11-17,150.77000427246094,127.64077758789062,4683000
2016-11-18,149.4499969482422,126.52326965332031,5664800
2016-11-21,150.41000366210938,127.33602905273438,3867800
2016-11-22,152.25999450683594,128.90220642089844,4992100
2016-11-23,153.5399932861328,129.98587036132812,2697200
2016-11-25,152.80999755859375,129.36781311035156,1664500
2016-11-28,152.11000061035156,128.77523803710938,5029600
2016-11-29,157.58999633789062,133.41453552246094,5827400
2016-11-30,158.32000732421875,134.56622314453125,7142400
2016-12-01,160.94000244140625,136.7931365966797,5250200
2016-12-02,160.72999572753906,136.6146697998047,3480000
2016-12-05,157.6300048828125,133.97976684570312,5854200
2016-12-06,157.32000732421875,133.71629333496094,3216700
2016-12-07,159.39999389648438,135.48422241210938,4552300
2016-12-08,159.32000732421875,135.41615295410156,3407500
2016-12-09,160.1199951171875,136.09616088867188,4007200
2016-12-12,159.49000549316406,135.56068420410156,3471200
2016-12-13,160.5399932861328,136.45318603515625,3868900
2016-12-14,159.86000061035156,135.87521362304688,3885700
2016-12-15,160.6199951171875,136.52113342285156,4422700
2016-12-16,163.94000244140625,139.34304809570312,7605300
2016-12-19,161.5399932861328,137.30307006835938,4732600
2016-12-20,161.58999633789062,137.34561157226562,3131200
2016-12-21,161.3300018310547,137.12469482421875,2767700
2016-12-22,161.5800018310547,137.3371124267578,2741700
2016-12-23,163.02999877929688,138.56956481933594,2044400
2016-12-27,162.63999938964844,138.23805236816406,1344000
2016-12-28,161.44000244140625,137.2181396484375,1669100
2016-12-29,161.0399932861328,136.8780975341797,2476300
2016-12-30,160.0399932861328,136.02818298339844,2855600
2017-01-03,161.4499969482422,137.2266082763672,3539700
2017-01-04,161.91000366210938,137.61764526367188,2695200
2017-01-05,162.17999267578125,137.84706115722656,2961100
2017-01-06,162.41000366210938,138.04257202148438,3081300
2017-01-09,161.9499969482422,137.65158081054688,3040800
2017-01-10,161.5800018310547,137.3371124267578,3500700
2017-01-11,161.88999938964844,137.6006317138672,3330600
2017-01-12,162.36000061035156,138.0000762939453,2555900
2017-01-13,161.8000030517578,137.5240936279297,3183300
2017-01-17,160.66000366210938,136.55520629882812,5475800
2017-01-18,157.74000549316406,134.07327270507812,6591600
2017-01-19,158.6999969482422,134.8892364501953,4976900
2017-01-20,158.66000366210938,134.85519409179688,3579100
2017-01-23,159.07000732421875,135.20372009277344,4062600
2017-01-24,160.42999267578125,136.35968017578125,3514100
2017-01-25,161.24000549316406,137.0481414794922,3605800
2017-01-26,162.75,138.33160400390625,4202400
2017-01-27,162.99000549316406,138.5355682373047,3110400
2017-01-30,162.08999633789062,137.77061462402344,2784600
2017-01-31,162.10000610351562,137.7790985107422,3037000
2017-02-01,162.7100067138672,138.2975616455078,3718500
2017-02-02,160.75999450683594,136.64016723632812,4714000
2017-02-03,161.8699951171875,137.5836181640625,2762300
2017-02-06,160.50999450683594,136.4276580810547,3479400
2017-02-07,160.52999877929688,136.44467163085938,2942700
2017-02-08,160.30999755859375,136.25770568847656,2339700
2017-02-09,160.44000244140625,136.3681182861328,3056800
2017-02-10,160.75,136.6316680908203,1905900
2017-02-13,161.99000549316406,137.68560791015625,3275800
2017-02-14,163.1300048828125,138.65457153320312,2969400
2017-02-15,164.2899932861328,139.64047241210938,4537900
2017-02-16,163.64999389648438,139.0965576171875,3191600
2017-02-17,157.6199951171875,133.9712677001953,12033600
2017-02-21,160.57000732421875,136.47866821289062,5419000
2017-02-22,160.57000732421875,136.47866821289062,2725300
2017-02-23,162.60000610351562,138.20408630371094,2459600
2017-02-24,163.05999755859375,138.5950469970703,2715700
2017-02-27,165.3800048828125,140.5669708251953,4071800
2017-02-28,165.3800048828125,140.5669708251953,4382100
2017-03-01,167.94000244140625,142.74288940429688,3514200
2017-03-02,167.30999755859375,142.20741271972656,1889800
2017-03-03,168.1999969482422,142.96389770507812,2254400
2017-03-06,168.6999969482422,143.3888397216797,2576500
2017-03-07,168.3000030517578,143.048828125,2702300
2017-03-08,167.91000366210938,143.24932861328125,2048200
2017-03-09,168.00999450683594,143.3346710205078,3631400
2017-03-10,169.97999572753906,145.01536560058594,3716600
2017-03-13,170.2100067138672,145.21160888671875,3130200
2017-03-14,169.05999755859375,144.23045349121094,2522600
2017-03-15,171.77999877929688,146.55096435546875,2807600
2017-03-16,171.3000030517578,146.14146423339844,3138600
2017-03-17,169.6999969482422,144.7764129638672,5622900
2017-03-20,168.0,143.32611083984375,3928600
2017-03-21,167.6999969482422,143.07017517089844,4953100
2017-03-22,167.02999877929688,142.49856567382812,2999800
2017-03-23,165.2899932861328,141.01419067382812,3947400
2017-03-24,165.0,140.76675415039062,5243900
2017-03-27,164.60000610351562,140.4254913330078,4383000
2017-03-28,165.35000610351562,141.06532287597656,7327100
2017-03-29,163.44000244140625,139.43592834472656,5900400
2017-03-30,164.99000549316406,140.7582244873047,2993800
2017-03-31,164.00999450683594,139.92214965820312,3496100
2017-04-03,165.58999633789062,141.27012634277344,3473700
2017-04-04,164.97000122070312,140.74111938476562,2886000
2017-04-05,165.3699951171875,141.08242797851562,3541600
2017-04-06,165.33999633789062,141.0568084716797,2923600
2017-04-07,166.02000427246094,141.63694763183594,2927800
2017-04-10,165.47999572753906,141.17623901367188,3234900
2017-04-11,165.8300018310547,141.47479248046875,3172900
2017-04-12,165.55999755859375,141.24447631835938,2978700
2017-04-13,164.9600067138672,140.73260498046875,1979800
2017-04-17,167.17999267578125,142.62655639648438,4396700
2017-04-18,168.58999633789062,143.82952880859375,5526200
2017-04-19,169.25,144.392578125,4703400
2017-04-20,171.5399932861328,146.34622192382812,3652100
2017-04-21,171.16000366210938,146.02207946777344,2982300
2017-04-24,172.3300018310547,147.0201873779297,2830300
2017-04-25,174.0399932861328,148.47903442382812,3394700
2017-04-26,174.3800048828125,148.7691192626953,2817500
2017-04-27,174.6300048828125,148.98239135742188,2438600
2017-04-28,174.8800048828125,149.19573974609375,2010800
2017-05-01,174.58999633789062,148.94825744628906,2709700
2017-05-02,174.13999938964844,148.5643310546875,4951000
2017-05-03,172.5399932861328,147.1993865966797,3622200
2017-05-04,174.02000427246094,148.46200561523438,2585200
2017-05-05,174.1199951171875,148.54734802246094,2189000
2017-05-08,174.44000244140625,148.8203125,2505900
2017-05-09,173.24000549316406,147.7965545654297,1653700
2017-05-10,173.38999938964844,147.92459106445312,1568700
2017-05-11,173.32000732421875,147.86480712890625,1901300
2017-05-12,171.80999755859375,146.57662963867188,2335400
2017-05-15,171.52999877929688,146.337646484375,2831400
2017-05-16,168.1199951171875,143.4285430908203,4343700
2017-05-17,168.86000061035156,144.05982971191406,4442300
2017-05-18,171.4499969482422,146.2694091796875,3908000
2017-05-19,172.58999633789062,147.24200439453125,3877300
2017-05-22,174.6999969482422,149.0421142578125,3480300
2017-05-23,175.22000122070312,149.4857940673828,2471500
2017-05-24,175.58999633789062,149.8013916015625,1612300
2017-05-25,178.0500030517578,151.90011596679688,3212200
2017-05-26,177.5,151.43092346191406,1583600
2017-05-30,176.58999633789062,150.65455627441406,2285700
2017-05-31,175.17999267578125,149.45159912109375,3320400
2017-06-01,179.5800018310547,153.2054443359375,2890600
2017-06-02,179.38999938964844,153.04335021972656,2610100
2017-06-05,179.3699951171875,153.02626037597656,2640600
2017-06-06,180.82000732421875,154.26327514648438,3443900
2017-06-07,183.2100067138672,156.30227661132812,3783600
2017-06-08,181.69000244140625,155.0055694580078,3079900
2017-06-09,181.4600067138672,154.8092803955078,2392200
2017-06-12,179.25,152.9238739013672,3705600
2017-06-13,181.0500030517578,154.45953369140625,2458500
2017-06-14,182.36000061035156,155.57708740234375,2039300
2017-06-15,180.3800048828125,154.52337646484375,3078700
2017-06-16,181.6300048828125,155.59422302246094,4473300
2017-06-19,183.02000427246094,156.7849884033203,3887100
2017-06-20,183.27000427246094,156.9991912841797,2742600
2017-06-21,184.9199981689453,158.41262817382812,2866300
2017-06-22,186.5,159.76614379882812,3841300
2017-06-23,185.25,158.69534301757812,3438500
2017-06-26,185.1199951171875,158.58399963378906,2327400
2017-06-27,184.60000610351562,158.13851928710938,2682800
2017-06-28,185.6999969482422,159.0808563232422,2451200
2017-06-29,185.27000427246094,158.7125244140625,2193600
2017-06-30,185.4199981689453,158.84095764160156,2392000
2017-07-03,186.64999389648438,159.89463806152344,2087000
2017-07-05,188.25,161.2653045654297,2587400
2017-07-06,186.94000244140625,160.14305114746094,1844700
2017-07-07,187.9600067138672,161.01690673828125,2252500
2017-07-10,186.9499969482422,160.1516571044922,2612000
2017-07-11,185.9499969482422,159.2949676513672,2664500
2017-07-12,186.69000244140625,159.92893981933594,3342800
2017-07-13,185.47999572753906,158.8923797607422,2379300
2017-07-14,186.89999389648438,160.1088409423828,2716700
2017-07-17,186.35000610351562,159.6376953125,2444600
2017-07-18,186.85000610351562,160.06597900390625,4235800
2017-07-19,189.19000244140625,162.07058715820312,3401600
2017-07-20,191.5,164.0493927001953,3099600
2017-07-21,191.77999877929688,164.28929138183594,4911500
2017-07-24,190.88999938964844,163.52687072753906,2356500
2017-07-25,190.39999389648438,163.1071319580078,1960100
2017-07-26,190.75,163.40696716308594,2683500
2017-07-27,188.92999267578125,161.8477783203125,2631400
2017-07-28,191.14999389648438,163.74960327148438,1925000
2017-07-31,191.80999755859375,164.31495666503906,3767100
2017-08-01,192.22999572753906,164.6747589111328,3336800
2017-08-02,193.0,165.33444213867188,2463800
2017-08-03,194.77000427246094,166.8506622314453,2886100
2017-08-04,194.8800048828125,166.94493103027344,2892300
2017-08-07,194.77999877929688,166.8592529296875,2074800
2017-08-08,194.89999389648438,166.9620361328125,1741000
2017-08-09,194.8300018310547,166.90208435058594,2125900
2017-08-10,192.57000732421875,164.96603393554688,2698600
2017-08-11,193.02000427246094,165.3515625,2210700
2017-08-14,193.7100067138672,165.9426727294922,2322000
2017-08-15,194.5,166.619384765625,1595200
2017-08-16,193.77000427246094,165.99404907226562,1881600
2017-08-17,192.6999969482422,165.077392578125,2440900
2017-08-18,190.82000732421875,163.46690368652344,2858500
2017-08-21,192.02999877929688,164.5034942626953,1930500
2017-08-22,194.7899932861328,166.86782836914062,2021900
2017-08-23,194.24000549316406,166.39666748046875,1547000
2017-08-24,194.75,166.83355712890625,1923700
2017-08-25,194.36000061035156,166.4994659423828,1375000
2017-08-28,195.08999633789062,167.1248016357422,2009900
2017-08-29,196.72999572753906,168.52972412109375,2072200
2017-08-30,195.8800048828125,167.8015594482422,1506700
2017-08-31,198.89999389648438,170.38870239257812,2990200
2017-09-01,199.75,171.11680603027344,2241800
2017-09-05,199.30999755859375,170.7399444580078,2700800
2017-09-06,198.3800048828125,169.94322204589844,3040200
2017-09-07,198.1699981689453,170.4075469970703,2684600
2017-09-08,197.75,170.04641723632812,2206000
2017-09-11,199.5800018310547,171.62005615234375,3307900
2017-09-12,197.47000122070312,169.80563354492188,2554700
2017-09-13,198.3300018310547,170.545166015625,2394400
2017-09-14,197.72999572753906,170.02919006347656,2378600
2017-09-15,198.17999267578125,170.41612243652344,4198700
2017-09-18,198.19000244140625,170.42477416992188,1915200
2017-09-19,194.64999389648438,167.3806915283203,3819000
2017-09-20,195.75,168.32655334472656,2788500
2017-09-21,195.2100067138672,167.86228942871094,1895000
2017-09-22,193.02999877929688,165.98764038085938,5660200
2017-09-25,191.75,164.88697814941406,3105900
2017-09-26,192.6999969482422,165.70387268066406,2775400
2017-09-27,194.49000549316406,167.24310302734375,3267200
2017-09-28,196.10000610351562,168.62757873535156,2088400
2017-09-29,195.85000610351562,168.4125518798828,2646300
2017-10-02,197.44000244140625,169.7798309326172,2893600
2017-10-03,198.6300048828125,170.80313110351562,2533800
2017-10-04,200.47999572753906,172.3939666748047,2286400
2017-10-05,197.89999389648438,170.17535400390625,4069000
2017-10-06,198.05999755859375,170.31297302246094,3361900
2017-10-09,196.3000030517578,168.79957580566406,3365400
2017-10-10,194.67999267578125,167.406494140625,2499100
2017-10-11,195.25999450683594,167.90521240234375,2935600
2017-10-12,192.9199981689453,165.89309692382812,2954700
2017-10-13,192.52000427246094,165.54910278320312,5435000
2017-10-16,193.1999969482422,166.13377380371094,2927400
2017-10-17,203.88999938964844,175.3262176513672,8949700
2017-10-18,205.22999572753906,176.4784698486328,4796300
2017-10-19,203.25,174.77590942382812,3471800
2017-10-20,207.49000549316406,178.421875,5138800
2017-10-23,207.00999450683594,178.0091094970703,2261400
2017-10-24,208.14999389648438,178.98944091796875,3459900
2017-10-25,207.55999755859375,178.48208618164062,2908300
2017-10-26,209.14999389648438,179.84934997558594,4346000
2017-10-27,212.60000610351562,182.81600952148438,4385300
2017-10-30,209.38999938964844,180.0557403564453,2477400
2017-10-31,210.22000122070312,180.76943969726562,3749600
2017-11-01,209.52999877929688,180.17611694335938,1902900
2017-11-02,211.10000610351562,181.526123046875,2825900
2017-11-03,212.8699951171875,183.0481719970703,2196900
2017-11-06,212.1199951171875,182.40325927734375,2293700
2017-11-07,212.6999969482422,182.90196228027344,1845800
2017-11-08,210.77000427246094,181.24240112304688,2261100
2017-11-09,211.55999755859375,181.92169189453125,1839700
2017-11-10,211.07000732421875,181.5003662109375,1384700
2017-11-13,212.66000366210938,182.86761474609375,2662200
2017-11-14,211.7100067138672,182.05072021484375,1993900
2017-11-15,209.86000061035156,180.45986938476562,1816300
2017-11-16,211.1300048828125,181.5519256591797,1919600
2017-11-17,209.89999389648438,180.49427795410156,1887500
2017-11-20,210.25,180.79522705078125,2040400
2017-11-21,212.60000610351562,182.81600952148438,2327200
2017-11-22,211.22000122070312,181.62933349609375,2257800
2017-11-24,212.50999450683594,182.73861694335938,744000
2017-11-27,212.39999389648438,182.6439971923828,2856300
2017-11-28,216.13999938964844,185.86009216308594,2905700
2017-11-29,222.8800048828125,191.6558837890625,4247200
2017-11-30,228.1699981689453,196.86717224121094,6846400
2017-12-01,226.77999877929688,195.66787719726562,3325800
2017-12-04,221.4199981689453,191.04324340820312,5591500
2017-12-05,220.08999633789062,189.89572143554688,3246300
2017-12-06,219.94000244140625,189.7663116455078,2397500
2017-12-07,220.14999389648438,189.9475555419922,2661600
2017-12-08,223.91000366210938,193.19166564941406,2233300
2017-12-11,222.77000427246094,192.2080078125,1599500
2017-12-12,222.49000549316406,191.96646118164062,2294100
2017-12-13,224.35000610351562,193.5712432861328,3059400
2017-12-14,221.25,190.89654541015625,2811700
2017-12-15,221.82000732421875,191.3883819580078,6293400
2017-12-18,222.6699981689453,192.12173461914062,3194100
2017-12-19,222.0399932861328,191.5781707763672,2340200
2017-12-20,222.3800048828125,191.8715057373047,2633200
2017-12-21,221.69000244140625,191.2761688232422,2955300
2017-12-22,220.0,189.8180389404297,1959700
2017-12-26,219.60000610351562,189.4729461669922,1482400
2017-12-27,220.4199981689453,190.18045043945312,1861900
2017-12-28,222.77000427246094,192.2080078125,1452600
2017-12-29,220.4600067138672,190.2149200439453,2350200
2018-01-02,221.16000366210938,190.81893920898438,3485000
2018-01-03,223.47999572753906,192.82066345214844,2417600
2018-01-04,224.4499969482422,193.65753173828125,2749100
2018-01-05,228.72999572753906,197.3503875732422,2432800
2018-01-08,224.75999450683594,193.92501831054688,2850800
2018-01-09,225.8800048828125,194.891357421875,2672200
2018-01-10,224.1999969482422,193.4418487548828,2311600
2018-01-11,225.38999938964844,194.46859741210938,2543600
2018-01-12,228.63999938964844,197.272705078125,3943800
2018-01-16,232.89999389648438,200.94833374023438,6852600
2018-01-17,238.42999267578125,205.7196807861328,5124800
2018-01-18,243.16000366210938,209.8007049560547,6234200
2018-01-19,243.35000610351562,209.96469116210938,4293600
2018-01-22,243.55999755859375,210.14584350585938,4012200
2018-01-23,245.2100067138672,211.56956481933594,3300000
2018-01-24,244.85000610351562,211.2589111328125,2733300
2018-01-25,245.17999267578125,211.54359436035156,2420500
2018-01-26,248.47000122070312,214.38221740722656,2615300
2018-01-29,247.41000366210938,213.4676971435547,2564700
2018-01-30,236.64999389648438,204.18380737304688,11565500
2018-01-31,236.77999877929688,204.29598999023438,5187400
2018-02-01,235.22000122070312,202.94998168945312,4268300
2018-02-02,231.8800048828125,200.0682373046875,3959900
2018-02-05,220.02000427246094,189.83534240722656,6290000
2018-02-06,225.17999267578125,194.28741455078125,7064800
2018-02-07,225.82000732421875,194.83961486816406,5589200
2018-02-08,216.4600067138672,186.76370239257812,4902400
2018-02-09,220.9600067138672,190.64633178710938,6225300
2018-02-12,225.69000244140625,194.72744750976562,4912000
2018-02-13,226.63999938964844,195.547119140625,3536800
2018-02-14,228.77999877929688,197.39353942871094,2878400
2018-02-15,226.02000427246094,195.01217651367188,4662700
2018-02-16,229.3699951171875,197.90255737304688,3621700
2018-02-20,226.66000366210938,195.56434631347656,3172300
2018-02-21,225.1300048828125,194.24429321289062,3371900
2018-02-22,227.08999633789062,195.9353790283203,2767900
2018-02-23,230.16000366210938,198.5841827392578,2393900
2018-02-26,234.05999755859375,201.94911193847656,3307000
2018-02-27,232.52000427246094,200.6204376220703,2899500
2018-02-28,226.16000366210938,195.13296508789062,4368600
2018-03-01,224.4499969482422,193.65753173828125,3514600
2018-03-02,225.19000244140625,194.29598999023438,2613600
2018-03-05,228.3800048828125,197.0483856201172,2627300
2018-03-06,226.17999267578125,195.15017700195312,2652800
2018-03-07,227.27000427246094,196.0907440185547,3242200
2018-03-08,224.72999572753906,194.54116821289062,3500900
2018-03-09,225.42999267578125,195.14710998535156,4834600
2018-03-12,222.77000427246094,192.8444061279297,3117300
2018-03-13,226.94000244140625,196.45431518554688,3343800
2018-03-14,225.3800048828125,195.103759765625,3048200
2018-03-15,229.47999572753906,198.65306091308594,3330200
2018-03-16,227.86000061035156,197.25064086914062,5690300
2018-03-19,225.0500030517578,194.81814575195312,3407300
2018-03-20,226.77999877929688,196.3157196044922,3429100
2018-03-21,222.82000732421875,192.88772583007812,3419800
2018-03-22,215.2100067138672,186.2999725341797,5894800
2018-03-23,212.5500030517578,183.997314453125,5741200
2018-03-26,219.07000732421875,189.64146423339844,3561300
2018-03-27,217.9600067138672,188.68057250976562,3722100
2018-03-28,218.5,189.14801025390625,3179500
2018-03-29,214.0,185.2525177001953,5529400
2018-04-02,217.1999969482422,188.0226593017578,6220700
2018-04-03,224.5800018310547,194.41128540039062,4652000
2018-04-04,228.7899932861328,198.05572509765625,4674000
2018-04-05,229.07000732421875,198.298095703125,3348100
2018-04-06,223.9600067138672,193.8745880126953,3231700
2018-04-09,222.72999572753906,192.809814453125,3031500
2018-04-10,226.7899932861328,196.32435607910156,2737500
2018-04-11,221.89999389648438,192.09129333496094,3482100
2018-04-12,224.24000549316406,194.11700439453125,2664500
2018-04-13,224.27999877929688,194.15162658691406,2496600
2018-04-16,230.32000732421875,199.38018798828125,4510600
2018-04-17,238.5500030517578,206.50465393066406,6180300
2018-04-18,236.39999389648438,204.6434326171875,2940100
2018-04-19,235.75999450683594,204.0894317626953,2734900
2018-04-20,235.05999755859375,203.4834442138672,2842000
2018-04-23,234.33999633789062,202.86013793945312,3051700
2018-04-24,234.22000122070312,202.75636291503906,2771200
2018-04-25,234.89999389648438,203.34494018554688,3118800
2018-04-26,237.02999877929688,205.1887969970703,2252800
2018-04-27,240.17999267578125,207.91567993164062,2301800
2018-04-30,236.39999389648438,204.6434326171875,3446900
2018-05-01,236.85000610351562,205.0330352783203,2633500
2018-05-02,233.4600067138672,202.098388671875,3542700
2018-05-03,234.14999389648438,202.69569396972656,2731600
2018-05-04,235.89999389648438,204.2106170654297,1999900
2018-05-07,233.77999877929688,202.37538146972656,3237800
2018-05-08,232.02999877929688,200.86045837402344,2698300
2018-05-09,229.2100067138672,198.41934204101562,3504200
2018-05-10,233.7100067138672,202.31483459472656,2169000
2018-05-11,238.27999877929688,206.2709197998047,3044900
2018-05-14,242.89999389648438,210.27027893066406,3893600
2018-05-15,239.5,207.32701110839844,2396600
2018-05-16,241.72000122070312,209.24874877929688,1906100
2018-05-17,242.9600067138672,210.32223510742188,2418700
2018-05-18,244.63999938964844,211.7765655517578,2283600
2018-05-21,247.89999389648438,214.59860229492188,3040700
2018-05-22,245.17999267578125,212.24398803710938,2644100
2018-05-23,244.25999450683594,211.4475860595703,3047800
2018-05-24,242.72999572753906,210.1230926513672,2610400
2018-05-25,244.9499969482422,212.044921875,1554900
2018-05-29,242.1699981689453,209.6383514404297,2837800
2018-05-30,244.94000244140625,212.03623962402344,2071900
2018-05-31,241.50999450683594,209.06698608398438,2966100
2018-06-01,243.35000610351562,210.6598358154297,2371400
2018-06-04,244.6300048828125,211.7678985595703,2188900
2018-06-05,244.42999267578125,211.59475708007812,1531900
2018-06-06,248.64999389648438,215.24786376953125,2650300
2018-06-07,248.97999572753906,215.5334930419922,2117200
2018-06-08,250.67999267578125,217.00514221191406,3034600
2018-06-11,253.77999877929688,219.688720703125,2775200
2018-06-12,253.5800018310547,219.51556396484375,2567200
2018-06-13,252.8699951171875,218.90097045898438,3138300
2018-06-14,255.3300018310547,221.030517578125,2456600
2018-06-15,255.97999572753906,222.3770294189453,4772200
2018-06-18,254.8699951171875,221.41273498535156,1961900
2018-06-19,253.02000427246094,219.80563354492188,2370200
2018-06-20,252.80999755859375,219.62315368652344,2580400
2018-06-21,251.88999938964844,218.823974609375,2150300
2018-06-22,254.3699951171875,220.9783935546875,2604000
2018-06-25,250.7100067138672,217.79884338378906,3060800
2018-06-26,249.77000427246094,216.9822998046875,2158000
2018-06-27,248.1699981689453,215.59231567382812,2481000
2018-06-28,244.89999389648438,212.75152587890625,3556900
2018-06-29,245.33999633789062,213.1337127685547,2772600
2018-07-02,247.47999572753906,214.99281311035156,1793300
2018-07-03,246.97999572753906,214.55850219726562,1248000
2018-07-05,250.5,217.61643981933594,2182900
2018-07-06,250.75999450683594,217.84225463867188,1572300
2018-07-09,253.6699981689453,220.3702850341797,2039600
2018-07-10,255.5399932861328,221.99476623535156,2012200
2018-07-11,254.58999633789062,221.16949462890625,1486000
2018-07-12,256.04998779296875,222.4378662109375,1592700
2018-07-13,258.70001220703125,224.74000549316406,2356200
2018-07-16,256.9800109863281,223.2457733154297,3625400
2018-07-17,250.2899932861328,217.43399047851562,6932300
2018-07-18,255.4199981689453,221.8905792236328,3359800
2018-07-19,252.92999267578125,219.7273712158203,2307600
2018-07-20,252.6999969482422,219.52761840820312,1959600
2018-07-23,252.74000549316406,219.5623321533203,1479600
2018-07-24,253.75999450683594,220.4484405517578,2476500
2018-07-25,254.86000061035156,221.40408325195312,3016900
2018-07-26,257.0,223.2631072998047,2021300
2018-07-27,255.9499969482422,222.35098266601562,1656800
2018-07-30,253.83999633789062,220.5179443359375,1681500
2018-07-31,253.22000122070312,219.97935485839844,2355900
2018-08-01,253.3699951171875,220.1096649169922,3006700
2018-08-02,256.0799865722656,222.46388244628906,1854400
2018-08-03,257.2200012207031,223.45425415039062,1422300
2018-08-06,256.760009765625,223.0546417236328,1398100
2018-08-07,257.6499938964844,223.82777404785156,1462800
2018-08-08,258.80999755859375,224.83554077148438,1494300
2018-08-09,261.5899963378906,227.25059509277344,2315000
2018-08-10,260.3599853515625,226.1820526123047,1625000
2018-08-13,260.9100036621094,226.6598358154297,1635100
2018-08-14,263.4800109863281,228.8925323486328,1941600
2018-08-15,260.6099853515625,226.39927673339844,2017700
2018-08-16,263.1000061035156,228.5623779296875,2115900
2018-08-17,262.3299865722656,227.89352416992188,1969700
2018-08-20,262.3999938964844,227.95428466796875,1786200
2018-08-21,261.69000244140625,227.33749389648438,1559300
2018-08-22,260.739990234375,226.51220703125,2148500
2018-08-23,261.4200134277344,227.10284423828125,1603500
2018-08-24,264.2799987792969,229.5874481201172,2238600
2018-08-27,267.0799865722656,232.0199737548828,2614000
2018-08-28,268.510009765625,233.26222229003906,2603900
2018-08-29,269.0,233.68780517578125,2880600
2018-08-30,268.3900146484375,233.1580047607422,2976300
2018-08-31,268.4599914550781,233.21878051757812,2961500
2018-09-04,268.510009765625,233.26222229003906,2097300
2018-09-05,267.6400146484375,232.50648498535156,2230600
2018-09-06,269.6499938964844,235.04298400878906,2556100
2018-09-07,268.2799987792969,233.8487548828125,2958000
2018-09-10,259.7300109863281,226.39614868164062,4146200
2018-09-11,261.0400085449219,227.53793334960938,2283300
2018-09-12,262.6700134277344,228.95875549316406,2236300
2018-09-13,265.489990234375,231.41685485839844,2734500
2018-09-14,265.30999755859375,231.25990295410156,2084600
2018-09-17,263.8699951171875,230.0047607421875,1940400
2018-09-18,263.2900085449219,229.49917602539062,3557000
2018-09-19,265.3299865722656,231.27732849121094,2274300
2018-09-20,266.3900146484375,232.2012939453125,2095000
2018-09-21,266.6700134277344,232.44534301757812,5671600
2018-09-24,267.3599853515625,233.04684448242188,2699800
2018-09-25,263.510009765625,229.6909637451172,3789700
2018-09-26,262.9100036621094,229.16793823242188,2238000
2018-09-27,264.6499938964844,230.6845703125,2761400
2018-09-28,266.0400085449219,231.89627075195312,2875100
2018-10-01,269.1000061035156,234.56350708007812,3314500
2018-10-02,270.6300048828125,235.89720153808594,2777300
2018-10-03,270.8999938964844,236.13253784179688,3002200
2018-10-04,268.32000732421875,233.88365173339844,2186600
2018-10-05,269.20001220703125,234.65077209472656,2045700
2018-10-08,269.010009765625,234.48513793945312,1865000
2018-10-09,270.1099853515625,235.44387817382812,2510100
2018-10-10,263.0799865722656,229.31617736816406,4267300
2018-10-11,257.1199951171875,224.12103271484375,4558500
2018-10-12,259.6099853515625,226.2914276123047,4006300
2018-10-15,260.25,226.84930419921875,3583400
2018-10-16,272.57000732421875,237.58822631835938,6453600
2018-10-17,267.29998779296875,232.99461364746094,3985100
2018-10-18,266.80999755859375,232.56741333007812,3132100
2018-10-19,265.29998779296875,231.25125122070312,3336600
2018-10-22,262.19000244140625,228.54039001464844,2618100
2018-10-23,264.8599853515625,230.86764526367188,4081800
2018-10-24,256.32000732421875,223.42372131347656,5265600
2018-10-25,264.239990234375,230.32730102539062,4675600
2018-10-26,258.17999267578125,225.0449676513672,4830600
2018-10-29,256.5199890136719,223.5980682373047,3697700
2018-10-30,258.2799987792969,225.1321563720703,4169200
2018-10-31,261.3500061035156,227.8081817626953,4230200
2018-11-01,260.92999267578125,227.4420623779297,2771300
2018-11-02,261.010009765625,227.51171875,2593600
2018-11-05,261.010009765625,227.51171875,3287000
2018-11-06,263.5400085449219,229.71707153320312,2582400
2018-11-07,274.6300048828125,239.38380432128906,5796800
2018-11-08,276.6499938964844,241.14466857910156,3809100
2018-11-09,276.54998779296875,241.05735778808594,2904300
2018-11-12,272.3800048828125,237.42254638671875,3140600
2018-11-13,269.2200012207031,234.6680908203125,2516900
2018-11-14,264.9599914550781,230.95492553710938,3511900
2018-11-15,264.94000244140625,230.93740844726562,3657600
2018-11-16,271.1099853515625,236.31556701660156,3857800
2018-11-19,266.04998779296875,231.90493774414062,3670800
2018-11-20,261.5,227.93890380859375,3617700
2018-11-21,260.54998779296875,227.1107940673828,3234300
2018-11-23,261.6199951171875,228.0435333251953,1159300
2018-11-26,266.1600036621094,232.00083923339844,3879800
2018-11-27,271.1499938964844,236.35040283203125,3497300
2018-11-28,280.95001220703125,244.8927001953125,5044300
2018-11-29,282.54998779296875,246.28732299804688,4177800
2018-11-30,281.3599853515625,246.03378295898438,6143200
2018-12-03,286.3299865722656,250.3796844482422,4178800
2018-12-04,278.54998779296875,243.5765838623047,4635500
2018-12-06,276.8500061035156,242.0900115966797,6694600
2018-12-07,269.17999267578125,235.38302612304688,3506900
2018-12-10,266.5299987792969,233.06573486328125,4061300
2018-12-11,267.2200012207031,233.66908264160156,3102800
2018-12-12,270.6400146484375,236.65975952148438,3167900
2018-12-13,272.1499938964844,237.98008728027344,2350400
2018-12-14,265.0199890136719,231.74537658691406,3360500
2018-12-17,258.07000732421875,225.66793823242188,5806800
2018-12-18,252.97000122070312,221.20826721191406,5065500
2018-12-19,250.30999755859375,218.88226318359375,5468500
2018-12-20,242.44000244140625,212.00035095214844,7311700
2018-12-21,238.33999633789062,208.4151611328125,12209700
2018-12-24,232.94000244140625,203.69313049316406,3091000
2018-12-26,243.35000610351562,212.7960968017578,4159300
2018-12-27,245.97000122070312,215.08714294433594,4295800
2018-12-28,246.24000549316406,215.32325744628906,3312700
2018-12-31,249.1199951171875,217.84161376953125,3123200
2019-01-02,243.49000549316406,212.91854858398438,4063600
2019-01-03,236.85000610351562,207.11224365234375,4623200
2019-01-04,239.6199951171875,209.53440856933594,5367600
2019-01-07,240.0800018310547,209.9367218017578,4133000
2019-01-08,243.2899932861328,212.74366760253906,3618600
2019-01-09,243.63999938964844,213.0497283935547,3425400
2019-01-10,244.8699951171875,214.12527465820312,3374100
2019-01-11,247.6699981689453,216.57371520996094,3967100
2019-01-14,248.05999755859375,216.91477966308594,4955500
2019-01-15,256.8699951171875,224.61859130859375,5325600
2019-01-16,261.4599914550781,228.6322479248047,6069400
2019-01-17,259.7699890136719,227.1544952392578,3583600
2019-01-18,265.5,232.1649932861328,4844800
2019-01-22,265.69000244140625,232.33114624023438,4052700
2019-01-23,267.0199890136719,233.49424743652344,2971100
2019-01-24,266.1300048828125,232.7160186767578,2927300
2019-01-25,268.04998779296875,234.39486694335938,2809100
2019-01-28,266.7699890136719,233.2755584716797,2837300
2019-01-29,267.3399963378906,233.77406311035156,2173000
2019-01-30,270.3699951171875,236.42364501953125,3659000
2019-01-31,270.20001220703125,236.2749786376953,4055100
2019-02-01,268.7200012207031,234.98072814941406,3946800
2019-02-04,268.2099914550781,234.53475952148438,3398900
2019-02-05,266.30999755859375,232.8733367919922,3597000
2019-02-06,269.5,235.66282653808594,2570000
2019-02-07,269.0,235.2255401611328,2458200
2019-02-08,261.8999938964844,229.0170440673828,4547000
2019-02-11,257.1400146484375,224.854736328125,4856200
2019-02-12,263.5,230.41616821289062,4327900
2019-02-13,263.79998779296875,230.67852783203125,3066400
2019-02-14,265.3299865722656,232.01637268066406,3015300
2019-02-15,271.1300048828125,237.08819580078125,3673700
2019-02-19,270.4100036621094,236.45858764648438,2486700
2019-02-20,269.510009765625,235.6715850830078,2802800
2019-02-21,266.3999938964844,232.9521026611328,2554300
2019-02-22,267.1099853515625,233.5729217529297,3191100
2019-02-25,264.6000061035156,231.37808227539062,3679100
2019-02-26,262.9800109863281,229.96148681640625,3212900
2019-02-27,250.0800018310547,218.68109130859375,8952900
2019-02-28,242.22000122070312,211.80796813964844,11034300
2019-03-01,246.14999389648438,215.2445526123047,6921300
2019-03-04,236.02000427246094,206.3864288330078,8646300
2019-03-05,241.42999267578125,211.11721801757812,6924500
2019-03-06,239.07000732421875,209.0535125732422,4878700
2019-03-07,236.6999969482422,206.98101806640625,5033500
2019-03-08,237.2899932861328,208.2889404296875,4921700
2019-03-11,243.14999389648438,213.43276977539062,4539600
2019-03-12,245.8800048828125,215.82908630371094,4235800
2019-03-13,252.25,221.4205780029297,4881600
2019-03-14,253.27000427246094,222.31588745117188,3865200
2019-03-15,251.39999389648438,220.6744842529297,6466200
2019-03-18,255.0,223.83444213867188,3927400
2019-03-19,257.1300048828125,225.7041778564453,4164800
2019-03-20,250.5,219.88449096679688,4193500
2019-03-21,252.02000427246094,221.21868896484375,2699700
2019-03-22,247.08999633789062,216.8912353515625,3777900
2019-03-25,246.86000061035156,216.68936157226562,4110900
2019-03-26,243.38999938964844,213.64346313476562,4416200
2019-03-27,241.7100067138672,212.16876220703125,4819200
2019-03-28,242.22999572753906,212.62521362304688,3601500
2019-03-29,247.25999450683594,217.04043579101562,4294200
2019-04-01,245.5399932861328,215.53060913085938,4809500
2019-04-02,244.41000366210938,214.53878784179688,4057100
2019-04-03,245.83999633789062,215.7939910888672,2851400
2019-04-04,247.38999938964844,217.15455627441406,2255500
2019-04-05,248.77999877929688,218.37466430664062,3343000
2019-04-08,248.75,218.34832763671875,2195400
2019-04-09,248.7899932861328,218.3834228515625,2903800
2019-04-10,246.02999877929688,215.96080017089844,2753700
2019-04-11,235.4199981689453,206.64747619628906,8223400
2019-04-12,223.22000122070312,195.9385986328125,13979400
2019-04-15,230.1999969482422,202.0655059814453,10021800
2019-04-16,220.9600067138672,193.95477294921875,27361400
2019-04-17,216.83999633789062,190.33831787109375,22101400
2019-04-18,221.75,194.64822387695312,13927200
2019-04-22,227.11000061035156,199.35311889648438,11191800
2019-04-23,230.5800018310547,202.39906311035156,10261400
2019-04-24,230.35000610351562,202.19712829589844,6104100
2019-04-25,230.7899932861328,202.5833740234375,5954500
2019-04-26,237.0,208.03440856933594,6186200
2019-04-29,237.4499969482422,208.42938232421875,5345300
2019-04-30,233.07000732421875,204.584716796875,7632300
2019-05-01,231.9499969482422,203.60159301757812,4823200
2019-05-02,232.4499969482422,204.04042053222656,5499200
2019-05-03,231.9499969482422,203.60159301757812,4323100
2019-05-06,240.5,211.10662841796875,7180200
2019-05-07,238.0500030517578,208.9560546875,5104700
2019-05-08,239.14999389648438,209.92161560058594,3768400
2019-05-09,237.97000122070312,208.88583374023438,4299500
2019-05-10,240.58999633789062,211.1856231689453,4374400
2019-05-13,239.5500030517578,210.2727508544922,4684400
2019-05-14,236.42999267578125,207.5340576171875,5329700
2019-05-15,236.0800018310547,207.226806640625,5099700
2019-05-16,236.7899932861328,207.85003662109375,4456400
2019-05-17,241.3800048828125,211.8790740966797,4486400
2019-05-20,245.99000549316406,215.92568969726562,5390800
2019-05-21,249.94000244140625,219.3928680419922,5345300
2019-05-22,249.33999633789062,218.8662109375,4038000
2019-05-23,246.5,216.37330627441406,3934600
2019-05-24,247.6300048828125,217.36524963378906,2973900
2019-05-28,242.05999755859375,212.47596740722656,6172700
2019-05-29,242.39999389648438,212.7744140625,3958400
2019-05-30,243.5,213.73997497558594,2646600
2019-05-31,241.8000030517578,212.2477264404297,3285700
2019-06-03,236.55999755859375,207.64816284179688,4999400
2019-06-04,240.75999450683594,211.33485412597656,4992000
2019-06-05,242.77000427246094,213.09921264648438,3194400
2019-06-06,241.82000732421875,212.2653045654297,2630100
2019-06-07,246.77000427246094,216.6103057861328,2837400
2019-06-10,248.13999938964844,217.81289672851562,2331000
2019-06-11,245.8699951171875,215.82028198242188,3043000
2019-06-12,244.5,214.61778259277344,3251800
2019-06-13,244.9600067138672,215.02154541015625,3107800
2019-06-14,245.3699951171875,216.33522033691406,2165500
2019-06-17,245.97000122070312,216.8642578125,2270300
2019-06-18,245.6999969482422,216.6261444091797,3482500
2019-06-19,250.19000244140625,220.58489990234375,4204600
2019-06-20,247.75999450683594,218.44239807128906,3800800
2019-06-21,252.27999877929688,222.4275360107422,6323500
2019-06-24,249.63999938964844,220.09996032714844,3163800
2019-06-25,247.66000366210938,218.35427856445312,3182700
2019-06-26,243.47000122070312,214.66006469726562,3852900
2019-06-27,246.33999633789062,217.19044494628906,3366200
2019-06-28,244.00999450683594,215.1361846923828,6727600
2019-07-01,242.63999938964844,213.92828369140625,4102700
2019-07-02,243.97000122070312,215.10086059570312,3863500
2019-07-03,245.2100067138672,216.19418334960938,2559400
2019-07-05,246.99000549316406,217.76358032226562,2965000
2019-07-08,247.83999633789062,218.512939453125,1902500
2019-07-09,246.0,216.8907012939453,2774800
2019-07-10,247.47999572753906,218.195556640625,2753000
2019-07-11,261.1600036621094,230.25682067871094,10268800
2019-07-12,265.8999938964844,234.4358673095703,5336100
2019-07-15,265.9599914550781,234.4888153076172,2611400
2019-07-16,264.6600036621094,233.34262084960938,3121600
2019-07-17,266.6499938964844,235.09715270996094,3995200
2019-07-18,260.6000061035156,229.7631072998047,5825800
2019-07-19,256.6499938964844,226.2804718017578,4413200
2019-07-22,255.32000732421875,225.10784912109375,4104300
2019-07-23,255.00999450683594,224.83453369140625,2889300
2019-07-24,251.1300048828125,221.4136199951172,4864000
2019-07-25,248.6999969482422,219.2711944580078,3362800
2019-07-26,252.94000244140625,223.00949096679688,3362600
2019-07-29,253.82000732421875,223.7853546142578,2005500
2019-07-30,254.92999267578125,224.76397705078125,1908800
2019-07-31,249.00999450683594,219.54449462890625,3532400
2019-08-01,249.25,219.75611877441406,3613600
2019-08-02,250.0500030517578,220.46144104003906,2677600
2019-08-05,245.05999755859375,216.06192016601562,5812400
2019-08-06,248.27999877929688,218.9009246826172,3533000
2019-08-07,246.4499969482422,217.28746032714844,3205800
2019-08-08,247.6199951171875,218.31893920898438,2830700
2019-08-09,248.6300048828125,219.20947265625,2535000
2019-08-12,243.1999969482422,214.42201232910156,2667400
2019-08-13,249.22000122070312,219.72970581054688,2763400
2019-08-14,243.1999969482422,214.42201232910156,3464300
2019-08-15,244.25,215.34776306152344,2513500
2019-08-16,245.69000244140625,216.6173553466797,2810000
2019-08-19,244.7100067138672,215.7533416748047,2672300
2019-08-20,240.16000366210938,211.74169921875,3201300
2019-08-21,240.35000610351562,211.90919494628906,2761900
2019-08-22,232.94000244140625,205.3760223388672,4498200
2019-08-23,230.66000366210938,203.3659210205078,4826600
2019-08-26,231.0800018310547,203.7361602783203,2918300
2019-08-27,222.92999267578125,196.5505828857422,4988100
2019-08-28,227.35000610351562,200.44754028320312,4847600
2019-08-29,230.6199951171875,203.33058166503906,4052500
2019-08-30,234.0,206.3106231689453,3384100
2019-09-03,230.6199951171875,203.33058166503906,3382300
2019-09-04,226.72999572753906,199.90093994140625,4526100
2019-09-05,229.58999633789062,202.4224853515625,4256900
2019-09-06,229.0,201.9022674560547,4183200
2019-09-09,230.67999267578125,203.38351440429688,3895600
2019-09-10,232.4600067138672,204.952880859375,4257600
2019-09-11,234.2100067138672,206.4957733154297,3168100
2019-09-12,230.10000610351562,202.87216186523438,4713700
2019-09-13,233.61000061035156,206.93807983398438,4523200
2019-09-16,234.42999267578125,207.66445922851562,2973600
2019-09-17,232.52000427246094,205.97251892089844,2392900
2019-09-18,230.61000061035156,204.2806396484375,2960500
2019-09-19,232.85000610351562,206.26483154296875,2666700
2019-09-20,232.88999938964844,206.30029296875,6220100
2019-09-23,228.77000427246094,202.6506805419922,3281200
2019-09-24,225.0,199.31112670898438,5006800
2019-09-25,222.1699981689453,196.80422973632812,4658000
2019-09-26,215.47999572753906,190.87802124023438,10444400
2019-09-27,215.25999450683594,190.6831512451172,4834900
2019-09-30,217.32000732421875,192.50796508789062,5286300
2019-10-01,217.2100067138672,192.41050720214844,5523600
2019-10-02,216.75,192.00302124023438,4921200
2019-10-03,215.36000061035156,190.771728515625,3375800
2019-10-04,219.8000030517578,194.7047882080078,3700500
2019-10-07,221.24000549316406,195.9803924560547,3843200
2019-10-08,220.11000061035156,194.97943115234375,4817000
2019-10-09,222.0800018310547,196.72450256347656,4483100
2019-10-10,223.72999572753906,198.1861572265625,5252200
2019-10-11,222.07000732421875,196.7156219482422,5891600
2019-10-14,220.58999633789062,195.4046173095703,4075300
2019-10-15,238.58999633789062,211.34947204589844,13397700
2019-10-16,236.99000549316406,209.9322052001953,5368600
2019-10-17,243.6699981689453,215.8494873046875,6301200
2019-10-18,245.33999633789062,217.32882690429688,4922100
2019-10-21,243.9199981689453,216.07101440429688,3029200
2019-10-22,249.47999572753906,220.9961700439453,5660800
2019-10-23,247.8000030517578,219.50794982910156,3706600
2019-10-24,244.50999450683594,216.59361267089844,2546900
2019-10-25,244.91000366210938,216.94798278808594,2815100
2019-10-28,247.0500030517578,218.8435821533203,2957100
2019-10-29,252.2899932861328,223.48532104492188,3528900
2019-10-30,254.8000030517578,225.70877075195312,3299600
2019-10-31,252.6999969482422,223.8485565185547,3960400
2019-11-01,252.2100067138672,223.41448974609375,2919600
2019-11-04,251.25,222.5640411376953,3186400
2019-11-05,250.3000030517578,221.72256469726562,5393400
2019-11-06,250.52000427246094,221.9174041748047,3668600
2019-11-07,256.4599914550781,227.17922973632812,3646300
2019-11-08,256.9700012207031,227.63099670410156,2200300
2019-11-11,254.08999633789062,225.079833984375,1765600
2019-11-12,255.25,226.10736083984375,1892500
2019-11-13,253.57000732421875,224.6191864013672,3289800
2019-11-14,255.8300018310547,226.6211700439453,2101900
2019-11-15,269.3999938964844,238.64186096191406,10136000
2019-11-18,272.92999267578125,241.7688446044922,6985200
2019-11-19,274.2300109863281,242.92039489746094,4002000
2019-11-20,275.55999755859375,244.09849548339844,4141600
2019-11-21,276.54998779296875,244.9755096435547,3309900
2019-11-22,276.8399963378906,245.2323455810547,2802700
2019-11-25,282.6700134277344,250.3967742919922,4082900
2019-11-26,281.3999938964844,249.27178955078125,2998600
2019-11-27,280.6700134277344,248.62509155273438,2323900
2019-11-29,279.8699951171875,247.91644287109375,1520900
2019-12-02,279.6600036621094,247.73043823242188,2517100
2019-12-03,276.8999938964844,245.28553771972656,3239200
2019-12-04,279.32000732421875,247.4292755126953,2694200
2019-12-05,282.0,249.80331420898438,3357300
2019-12-06,280.19000244140625,249.15415954589844,2828900
2019-12-09,277.5400085449219,246.79762268066406,2697100
2019-12-10,279.5199890136719,248.558349609375,2515300
2019-12-11,280.5,249.42979431152344,2751300
2019-12-12,283.6099853515625,252.19534301757812,2996200
2019-12-13,285.4800109863281,253.85816955566406,3599300
2019-12-16,292.0299987792969,259.6826477050781,4663600
2019-12-17,290.4700012207031,258.29547119140625,4409100
2019-12-18,292.8999938964844,260.4563293457031,3621600
2019-12-19,294.6199951171875,261.9858093261719,2905900
2019-12-20,292.5899963378906,260.18060302734375,6608300
2019-12-23,295.0899963378906,262.4036865234375,2098900
2019-12-24,294.5400085449219,261.9145812988281,714000
2019-12-26,295.6499938964844,262.901611328125,1050600
2019-12-27,295.9700012207031,263.1862487792969,1547100
2019-12-30,293.8500061035156,261.30108642578125,1511700
2019-12-31,293.9800109863281,261.4166564941406,2224200
2020-01-02,292.5,260.1005859375,2543400
2020-01-03,289.5400085449219,257.4683532714844,2711400
2020-01-06,291.54998779296875,259.2557678222656,3079100
2020-01-07,289.7900085449219,257.69073486328125,2492900
2020-01-08,295.8999938964844,263.12396240234375,3379200
2020-01-09,294.2200012207031,261.6299743652344,2838200
2020-01-10,295.1300048828125,262.4393005371094,2477900
2020-01-13,285.8500061035156,254.1871795654297,6994900
2020-01-14,288.239990234375,256.3124694824219,6056300
2020-01-15,296.4100036621094,263.5775146484375,6081300
2020-01-16,300.739990234375,267.4278564453125,3710300
2020-01-17,298.4700012207031,265.4092712402344,4632200
2020-01-21,300.5299987792969,267.2411193847656,4962800
2020-01-22,300.5899963378906,267.29443359375,3117600
2020-01-23,299.4599914550781,266.2896728515625,3169600
2020-01-24,292.80999755859375,260.376220703125,3678500
2020-01-27,284.0899963378906,252.6221923828125,4399400
2020-01-28,285.8699951171875,254.2050323486328,4341000
2020-01-29,282.8999938964844,251.56393432617188,3963800
2020-01-30,280.9800109863281,249.856689453125,4211800
2020-01-31,272.45001220703125,242.2714385986328,5532600
2020-02-03,274.0199890136719,243.66746520996094,5646800
2020-02-04,280.8399963378906,249.7321014404297,4290200
2020-02-05,295.7300109863281,262.9728088378906,5761000
2020-02-06,292.4599914550781,260.06500244140625,3044000
2020-02-07,289.2200012207031,257.1839599609375,3425900
2020-02-10,287.0299987792969,255.2364959716797,3147400
2020-02-11,290.7900085449219,258.5799255371094,2992200
2020-02-12,303.4800109863281,269.8642883300781,6701900
2020-02-13,302.20001220703125,268.7261657714844,3565500
2020-02-14,298.7799987792969,265.6849670410156,2485600
2020-02-18,302.1400146484375,268.67279052734375,3241700
2020-02-19,305.30999755859375,271.4916687011719,3021100
2020-02-20,302.1300048828125,268.6639099121094,2885500
2020-02-21,301.42999267578125,268.04144287109375,2987100
2020-02-24,277.7900085449219,247.01991271972656,8790600
2020-02-25,263.3900146484375,234.21499633789062,8171200
2020-02-26,263.0,233.8682403564453,6806600
2020-02-27,253.9199981689453,225.7939910888672,7604300
2020-02-28,254.9600067138672,226.7187957763672,9961000
2020-03-02,273.1099853515625,242.85833740234375,8866300
2020-03-03,261.3999938964844,232.44546508789062,9188100
2020-03-04,289.4200134277344,257.3617858886719,14533000
2020-03-05,282.9599914550781,251.6172637939453,5908400
2020-03-06,283.8699951171875,252.42645263671875,5361900
2020-03-09,273.44000244140625,243.1518096923828,8070700
2020-03-10,280.0,248.98509216308594,7366000
2020-03-11,277.7799987792969,247.01104736328125,7744600
2020-03-12,250.41000366210938,222.67276000976562,10496600
2020-03-13,272.0400085449219,242.9547576904297,9308400
2020-03-16,225.0399932861328,200.97975158691406,10303500
2020-03-17,244.22000122070312,218.10910034179688,9642200
2020-03-18,217.05999755859375,193.85296630859375,12917500
2020-03-19,219.8000030517578,196.3000030517578,8065200
2020-03-20,206.58999633789062,184.50234985351562,9364100
2020-03-23,194.86000061035156,174.0264434814453,10654500
2020-03-24,219.8000030517578,196.3000030517578,8894400
2020-03-25,234.49000549316406,209.41941833496094,10014000
2020-03-26,255.38999938964844,228.08486938476562,7517600
2020-03-27,242.4499969482422,216.52835083007812,4879500
2020-03-30,251.27999877929688,224.414306640625,5329000
2020-03-31,249.3800048828125,222.71746826171875,5450000
2020-04-01,237.32000732421875,211.94680786132812,4548800
2020-04-02,240.44000244140625,214.73324584960938,4636800
2020-04-03,229.49000549316406,204.9539794921875,4650300
2020-04-06,248.33999633789062,221.78863525390625,6365900
2020-04-07,248.0399932861328,221.52066040039062,4984100
2020-04-08,267.8299865722656,239.19485473632812,6390200
2020-04-09,264.1300048828125,235.8904266357422,4923300
2020-04-13,263.510009765625,235.3367462158203,2964900
2020-04-14,270.5,241.5792999267578,4778900
2020-04-15,281.67999267578125,251.56402587890625,7841800
2020-04-16,298.42999267578125,266.5232238769531,7738900
2020-04-17,290.55999755859375,259.49462890625,5857500
2020-04-20,282.1400146484375,251.97483825683594,4072600
2020-04-21,274.19000244140625,244.8748016357422,3977500
2020-04-22,277.0199890136719,247.4022979736328,3663300
2020-04-23,285.3299865722656,254.82376098632812,4420500
2020-04-24,291.2900085449219,260.1465759277344,3265000
2020-04-27,293.9800109863281,262.5490417480469,3706200
2020-04-28,288.3599853515625,257.5298767089844,3862900
2020-04-29,287.6499938964844,256.895751953125,4258400
2020-04-30,292.4700012207031,261.2004699707031,7631700
2020-05-01,284.510009765625,254.09149169921875,3526100
2020-05-04,287.5400085449219,256.7975769042969,2894200
2020-05-05,293.0400085449219,261.7095031738281,2501300
2020-05-06,288.7699890136719,257.89599609375,2579200
2020-05-07,285.0,254.5290069580078,3162300
2020-05-08,287.0,256.31524658203125,3200000
2020-05-11,288.69000244140625,257.8245849609375,3490700
2020-05-12,287.70001220703125,256.9404602050781,4214300
2020-05-13,278.0,248.27749633789062,5474100
2020-05-14,290.6099853515625,259.539306640625,5704600
2020-05-15,290.9599914550781,259.8518981933594,12182800
2020-05-18,293.3599853515625,261.9952392578125,4015100
2020-05-19,289.04998779296875,258.1461181640625,3059400
2020-05-20,287.989990234375,257.19940185546875,3200600
2020-05-21,286.9100036621094,256.2348937988281,3604900
2020-05-22,289.94000244140625,258.9410095214844,2922800
2020-05-26,294.8900146484375,263.3617858886719,4567800
2020-05-27,303.7699890136719,271.292236328125,5618900
2020-05-28,303.9700012207031,271.4709167480469,4387700
2020-05-29,304.8500061035156,272.2567443847656,6251500
2020-06-01,305.92999267578125,273.2213439941406,2894000
2020-06-02,306.30999755859375,273.5606994628906,2756800
2020-06-03,305.3500061035156,272.703369140625,4360000
2020-06-04,298.0799865722656,266.21063232421875,4374300
2020-06-05,311.8500061035156,278.5083923339844,5554300
2020-06-08,309.4800109863281,276.3918762207031,4635500
2020-06-09,309.2099914550781,276.1506652832031,3061500
2020-06-10,305.75,273.0606384277344,3296100
2020-06-11,283.7300109863281,253.39498901367188,6638900
2020-06-12,285.1499938964844,254.66307067871094,5416800
2020-06-15,286.2799987792969,255.6722412109375,4494600
2020-06-16,293.0,261.6737976074219,4245400
2020-06-17,292.6000061035156,261.3166198730469,2538000
2020-06-18,291.4800109863281,260.3163146972656,2926600
2020-06-19,291.239990234375,261.2221984863281,5172800
2020-06-22,292.6700134277344,262.5047607421875,2174100
2020-06-23,297.6000061035156,266.9267578125,4023400
2020-06-24,289.17999267578125,259.37445068359375,3399900
2020-06-25,296.2200012207031,265.6889343261719,3112500
2020-06-26,286.8800048828125,257.31158447265625,5043200
2020-06-29,289.760009765625,259.8948059082031,2356700
2020-06-30,294.95001220703125,264.5498352050781,2932900
2020-07-01,297.7300109863281,267.04327392578125,2303800
2020-07-02,298.260009765625,267.51861572265625,1971700
2020-07-06,302.80999755859375,271.5996398925781,2395000
2020-07-07,296.6499938964844,266.0745544433594,2075700
2020-07-08,298.3599853515625,267.6083068847656,1987400
2020-07-09,291.1600036621094,261.1504821777344,3061700
2020-07-10,291.2300109863281,261.21319580078125,2391600
2020-07-13,299.7099914550781,268.8192443847656,4263300
2020-07-14,308.5199890136719,276.7210998535156,4234900
2020-07-15,304.07000732421875,272.7297668457031,5116900
2020-07-16,307.1499938964844,275.4924011230469,3844500
2020-07-17,306.5299987792969,274.9362487792969,3016500
2020-07-20,303.4599914550781,272.1827392578125,2375500
2020-07-21,305.1099853515625,273.6626281738281,2340200
2020-07-22,306.7099914550781,275.09771728515625,1935800
2020-07-23,302.9700012207031,271.7431945800781,2367700
2020-07-24,300.7900085449219,269.78790283203125,2415700
2020-07-27,298.6000061035156,267.8235778808594,2060500
2020-07-28,299.92999267578125,269.0165710449219,2257400
2020-07-29,306.67999267578125,275.07073974609375,2672700
2020-07-30,305.2300109863281,273.7701721191406,2205300
2020-07-31,302.7799987792969,271.57281494140625,3913500
2020-08-03,303.6099853515625,272.317138671875,2628500
2020-08-04,304.5,273.115478515625,3594900
2020-08-05,312.4700012207031,280.2640686035156,2982200
2020-08-06,314.05999755859375,281.690185546875,3305300
2020-08-07,317.0299987792969,284.35400390625,2600800
2020-08-10,319.1000061035156,286.2106628417969,2563600
2020-08-11,315.54998779296875,283.02655029296875,3018200
2020-08-12,322.2699890136719,289.0539855957031,2915800
2020-08-13,321.5199890136719,288.3812255859375,2159500
2020-08-14,323.70001220703125,290.3365478515625,1787200
2020-08-17,320.510009765625,287.475341796875,2772500
2020-08-18,316.80999755859375,284.1567077636719,2520000
2020-08-19,315.3999938964844,282.8920593261719,2066700
2020-08-20,313.3299865722656,281.03533935546875,2245600
2020-08-21,314.1400146484375,281.7619323730469,2488500
2020-08-24,308.8399963378906,277.0081787109375,2922200
2020-08-25,312.2200012207031,280.0398254394531,1879300
2020-08-26,308.82000732421875,276.9902038574219,3178900
2020-08-27,311.6700134277344,279.5464782714844,2321000
2020-08-28,314.3699951171875,281.9682312011719,2883500
2020-08-31,312.54998779296875,280.3358154296875,4341600
2020-09-01,312.8299865722656,280.5870361328125,2487100
2020-09-02,320.239990234375,287.2331848144531,2846500
2020-09-03,316.2300109863281,283.6364440917969,3872500
2020-09-04,312.0,279.8424377441406,2901000
2020-09-08,307.25,275.58203125,2594500
2020-09-09,312.0199890136719,279.8603820800781,2195600
2020-09-10,304.6000061035156,273.2051696777344,2421200
2020-09-11,301.4800109863281,271.52099609375,3085900
2020-09-14,308.57000732421875,277.9064636230469,1795500
2020-09-15,307.2300109863281,276.69964599609375,1468300
2020-09-16,306.5199890136719,276.0601806640625,3438200
2020-09-17,304.9800109863281,274.6731872558594,2394100
2020-09-18,308.0199890136719,277.41107177734375,3795400
2020-09-21,299.19000244140625,269.4585876464844,4124700
2020-09-22,294.260009765625,265.0184020996094,3163600
2020-09-23,292.1400146484375,263.1091613769531,3709900
2020-09-24,292.6600036621094,263.5773620605469,2869100
2020-09-25,302.5,272.43963623046875,2455800
2020-09-28,303.2300109863281,273.0971374511719,2575700
2020-09-29,304.1499938964844,273.9256286621094,1797800
2020-09-30,311.7699890136719,280.7884826660156,3497300
2020-10-01,313.07000732421875,281.95928955078125,2731200
2020-10-02,311.9800109863281,280.9775695800781,2338000
2020-10-05,318.1499938964844,286.5344543457031,1638600
2020-10-06,314.45001220703125,283.2021179199219,2434400
2020-10-07,323.1700134277344,291.0555725097656,2596600
2020-10-08,322.4100036621094,290.3711853027344,2056700
2020-10-09,327.8399963378906,295.2615661621094,2028900
2020-10-12,329.9700012207031,297.1797790527344,2424200
2020-10-13,331.4200134277344,298.48577880859375,2713500
2020-10-14,321.8500061035156,289.86676025390625,4455400
2020-10-15,324.57000732421875,292.31646728515625,3172200
2020-10-16,329.8999938964844,297.1168518066406,3293300
2020-10-19,324.2200012207031,292.00128173828125,2482100
2020-10-20,323.4100036621094,291.271728515625,1988600
2020-10-21,322.7900085449219,290.7133483886719,2139000
2020-10-22,325.7300109863281,293.3611755371094,2100600
2020-10-23,330.6000061035156,297.7472839355469,2349500
2020-10-26,323.05999755859375,290.9565734863281,2408500
2020-10-27,320.510009765625,288.6599426269531,2427700
2020-10-28,308.0,277.39312744140625,3301400
2020-10-29,303.67999267578125,273.5023193359375,3279200
2020-10-30,305.1400146484375,274.81732177734375,3556800
2020-11-02,312.1000061035156,281.08563232421875,4519000
2020-11-03,321.3500061035156,289.4165344238281,4043900
2020-11-04,354.55999755859375,319.3262634277344,10344900
2020-11-05,354.3999938964844,319.1821594238281,4786500
2020-11-06,347.4599914550781,312.93182373046875,2994900
2020-11-09,350.0,315.2193603515625,4635300
2020-11-10,353.69000244140625,318.542724609375,3733200
2020-11-11,351.70001220703125,316.75048828125,2048200
2020-11-12,354.4100036621094,319.191162109375,2907300
2020-11-13,355.6700134277344,320.3259582519531,2442100
2020-11-16,356.82000732421875,321.36175537109375,2790100
2020-11-17,352.1000061035156,317.1107177734375,2557600
2020-11-18,344.510009765625,310.2750244140625,2722500
2020-11-19,337.0,303.5112609863281,3935600
2020-11-20,334.70001220703125,301.4398498535156,3702000
2020-11-23,335.05999755859375,301.763916015625,2535700
2020-11-24,336.010009765625,302.61962890625,3759700
2020-11-25,333.19000244140625,300.0798645019531,3145100
2020-11-27,337.94000244140625,304.3578186035156,1558600
2020-11-30,336.3399963378906,302.91680908203125,5265700
2020-12-01,341.19000244140625,307.28485107421875,3817700
2020-12-02,347.55999755859375,313.0218811035156,2864300
2020-12-03,348.67999267578125,314.0306091308594,4169200
2020-12-04,349.8900146484375,316.254150390625,3255100
2020-12-07,347.8599853515625,314.4192199707031,2999400
2020-12-08,347.8599853515625,314.4192199707031,2471200
2020-12-09,344.4100036621094,311.3009338378906,2600400
2020-12-10,339.6499938964844,306.9985046386719,2896900
2020-12-11,337.07000732421875,304.66656494140625,3071700
2020-12-14,336.1300048828125,303.8169250488281,2479000
2020-12-15,339.6700134277344,307.0166015625,2616500
2020-12-16,339.3399963378906,306.71832275390625,2365600
2020-12-17,341.6700134277344,308.8243103027344,2525700
2020-12-18,338.3800048828125,305.8505859375,8742700
2020-12-21,336.0799865722656,303.77166748046875,2892700
2020-12-22,335.010009765625,302.8045349121094,2069700
2020-12-23,337.5899963378906,305.1365661621094,2348100
2020-12-24,340.7900085449219,308.0289306640625,1360600
2020-12-28,345.95001220703125,312.69293212890625,2308200
2020-12-29,347.3500061035156,313.9584045410156,2275700
2020-12-30,344.989990234375,311.8251647949219,1866000
2020-12-31,350.67999267578125,316.9681396484375,1969000
2021-01-04,349.5,315.90155029296875,4203800
2021-01-05,344.79998779296875,311.65338134765625,3160500
2021-01-06,359.2699890136719,324.7323913574219,6561400
2021-01-07,365.0299987792969,329.93865966796875,3366700
2021-01-08,363.3900146484375,328.4562683105469,2947800
2021-01-11,360.75,326.070068359375,2695100
2021-01-12,357.3699951171875,323.0150146484375,2372500
2021-01-13,355.0400085449219,320.9090270996094,1974500
2021-01-14,350.5299987792969,316.83258056640625,2919900
2021-01-15,351.29998779296875,317.5285339355469,3777000
2021-01-19,352.19000244140625,318.33294677734375,3361300
2021-01-20,350.8399963378906,317.11279296875,3036800
2021-01-21,355.0,320.87286376953125,3749800
2021-01-22,347.54998779296875,314.1389465332031,2585100
2021-01-25,347.80999755859375,314.3739929199219,2506300
2021-01-26,343.1099853515625,310.12591552734375,2467500
2021-01-27,332.989990234375,300.978759765625,4770900
2021-01-28,338.1499938964844,305.6426696777344,2769900
2021-01-29,333.5799865722656,301.51202392578125,3899200
2021-02-01,334.0,301.89166259765625,3020200
2021-02-02,338.7200012207031,306.157958984375,2663700
2021-02-03,337.8900146484375,305.4076843261719,2537100
2021-02-04,329.32000732421875,297.6614685058594,5962200
2021-02-05,324.510009765625,293.3139343261719,7227900
2021-02-08,324.3399963378906,293.1602478027344,4758200
2021-02-09,329.6300048828125,297.9417724609375,4096900
2021-02-10,333.3999938964844,301.3492736816406,4122700
2021-02-11,333.07000732421875,301.0509948730469,2776700
2021-02-12,328.239990234375,296.6853942871094,2760800
2021-02-16,324.6199951171875,293.41339111328125,4339000
2021-02-17,326.8599853515625,295.43804931640625,2620000
2021-02-18,328.4100036621094,296.83905029296875,2383500
2021-02-19,324.5799865722656,293.3771667480469,2313800
2021-02-22,327.6400146484375,296.1430969238281,2688300
2021-02-23,329.510009765625,297.8332824707031,3225700
2021-02-24,332.2099914550781,300.27374267578125,3360500
2021-02-25,328.8699951171875,297.2547912597656,2780100
2021-02-26,332.2200012207031,300.28271484375,5430000
2021-03-01,334.6499938964844,302.4792175292969,4198900
2021-03-02,334.6400146484375,302.4701232910156,2568900
2021-03-03,332.8699951171875,300.8703308105469,3039700
2021-03-04,333.80999755859375,301.7198791503906,4991600
2021-03-05,347.1000061035156,313.7323303222656,4563100
2021-03-08,350.1700134277344,316.5071716308594,3419900
2021-03-09,351.9800109863281,318.14324951171875,4277600
2021-03-10,349.6000061035156,315.991943359375,3012300
2021-03-11,353.1000061035156,319.1554260253906,2520500
2021-03-12,356.0199890136719,322.9380187988281,2088700
2021-03-15,353.8800048828125,320.9968566894531,2343400
2021-03-16,354.6000061035156,321.6500244140625,2904200
2021-03-17,352.17999267578125,319.45477294921875,2633100
2021-03-18,362.04998779296875,328.4077453613281,3311600
2021-03-19,365.5799865722656,331.60968017578125,8572900
2021-03-22,366.8599853515625,332.7707214355469,3505200
2021-03-23,368.5,334.2583312988281,3100100
2021-03-24,370.6000061035156,336.16326904296875,3407800
2021-03-25,371.0899963378906,336.6077880859375,3021500
2021-03-26,376.4800109863281,341.496826171875,2959800
2021-03-29,379.05999755859375,343.8371276855469,2740400
2021-03-30,373.55999755859375,338.84820556640625,3066000
2021-03-31,372.07000732421875,337.4966735839844,3356500
2021-04-01,367.07000732421875,332.96124267578125,2977700
2021-04-05,370.17999267578125,335.7822265625,2709400
2021-04-06,364.3699951171875,330.51214599609375,2698600
2021-04-07,365.6400146484375,331.6640930175781,2158900
2021-04-08,364.8900146484375,330.98382568359375,2426700
2021-04-09,376.29998779296875,341.3336181640625,2483200
2021-04-12,376.2799987792969,341.3154296875,3057300
2021-04-13,374.5,339.700927734375,2652300
2021-04-14,375.6300048828125,340.725830078125,2805600
2021-04-15,390.010009765625,353.7696228027344,4488300
2021-04-16,391.010009765625,354.67669677734375,4532400
2021-04-19,389.8399963378906,353.6153869628906,2965400
2021-04-20,396.5299987792969,359.68377685546875,3348100
2021-04-21,398.80999755859375,361.7519836425781,2473300
2021-04-22,396.5400085449219,359.6927795410156,2718600
2021-04-23,400.30999755859375,363.11248779296875,2263200
2021-04-26,395.8599853515625,359.0759582519531,1642300
2021-04-27,394.5,357.8424377441406,1758500
2021-04-28,394.5899963378906,357.92401123046875,1886500
2021-04-29,401.54998779296875,364.2373046875,1996500
2021-04-30,398.79998779296875,361.7428283691406,2328100
2021-05-03,405.8999938964844,368.18310546875,2568500
2021-05-04,411.3399963378906,373.1175842285156,3237200
2021-05-05,412.5,374.16973876953125,2767600
2021-05-06,414.9700012207031,376.4102783203125,3058700
2021-05-07,417.6499938964844,378.8412780761719,1851000
2021-05-10,420.8900146484375,381.78021240234375,2489300
2021-05-11,411.70001220703125,373.4442138671875,3024000
2021-05-12,405.3699951171875,367.7024230957031,2888100
2021-05-13,408.55999755859375,370.5959777832031,2637500
2021-05-14,409.79998779296875,371.72064208984375,2072900
2021-05-17,408.6300048828125,370.65948486328125,1583900
2021-05-18,410.3800048828125,372.246826171875,2694800
2021-05-19,409.5,371.44854736328125,2783100
2021-05-20,408.6400146484375,370.6685485839844,2105800
2021-05-21,411.6300048828125,373.38067626953125,4295400
2021-05-24,410.95001220703125,372.7638244628906,1883600
2021-05-25,413.04998779296875,374.6686706542969,2285600
2021-05-26,413.2099914550781,374.8138427734375,1903900
2021-05-27,412.70001220703125,374.35125732421875,2041800
2021-05-28,411.9200134277344,373.64373779296875,2367900
2021-06-01,406.7200012207031,368.9268798828125,2199600
2021-06-02,405.8500061035156,368.13775634765625,2232900
2021-06-03,407.9599914550781,370.0517578125,2281200
2021-06-04,405.6400146484375,367.9472961425781,2990900
2021-06-07,400.25,363.0581359863281,3353800
2021-06-08,401.739990234375,364.4096984863281,3051300
2021-06-09,401.1000061035156,363.8291015625,1925700
2021-06-10,401.489990234375,364.1829528808594,4033600
2021-06-11,397.8900146484375,360.9174499511719,3094300
2021-06-14,399.1600036621094,362.0693664550781,2674900
2021-06-15,400.2799987792969,363.0853576660156,2845800
2021-06-16,397.25,360.3368225097656,3330800
2021-06-17,397.3500061035156,360.4276123046875,3532000
2021-06-18,389.3699951171875,354.482666015625,5521400
2021-06-21,398.07000732421875,362.4031982421875,3839300
2021-06-22,398.69000244140625,362.96759033203125,3964600
2021-06-23,395.55999755859375,360.1180419921875,2942100
2021-06-24,398.8699951171875,363.1313781738281,3309100
2021-06-25,404.95001220703125,368.6667175292969,16928900
2021-06-28,401.4599914550781,365.4894104003906,3193300
2021-06-29,398.1000061035156,362.43048095703125,2458800
2021-06-30,400.44000244140625,364.560791015625,2875600
2021-07-01,404.8900146484375,368.6120910644531,2678100
2021-07-02,409.3599853515625,372.6816101074219,1982400
2021-07-06,410.260009765625,373.5008544921875,2615300
2021-07-07,411.6600036621094,374.7754821777344,2270400
2021-07-08,409.95001220703125,373.21875,2032300
2021-07-09,412.1099853515625,375.1851806640625,2078900
2021-07-12,416.0400085449219,378.7630310058594,2802600
2021-07-13,418.5400085449219,381.03912353515625,2948900
2021-07-14,414.739990234375,377.5794982910156,3538700
2021-07-15,420.04998779296875,382.41375732421875,3546500
2021-07-16,419.70001220703125,382.0950927734375,2625400
2021-07-19,409.05999755859375,372.408447265625,3611300
2021-07-20,412.9700012207031,375.9680480957031,3186700
2021-07-21,414.6400146484375,377.488525390625,1863700
2021-07-22,415.7699890136719,378.5172119140625,1421900
2021-07-23,417.70001220703125,380.2743225097656,1611700
2021-07-26,413.5400085449219,376.4869689941406,2232600
2021-07-27,415.1000061035156,377.9072570800781,2630600
2021-07-28,409.1700134277344,372.5086364746094,2446600
2021-07-29,412.0799865722656,375.1578369140625,1597300
2021-07-30,412.2200012207031,375.2853088378906,1864200
2021-08-02,415.57000732421875,378.3351745605469,1806500
2021-08-03,421.8999938964844,384.0980224609375,2496500
2021-08-04,421.5400085449219,383.770263671875,1995400
2021-08-05,411.19000244140625,374.3475646972656,3598600
2021-08-06,415.1199951171875,377.92547607421875,1944000
2021-08-09,410.8699951171875,374.0562744140625,1509800
2021-08-10,411.7799987792969,374.88470458984375,1441800
2021-08-11,407.739990234375,371.2066650390625,1542600
2021-08-12,405.9599914550781,369.5862731933594,1939900
2021-08-13,409.6700134277344,372.96380615234375,1537800
2021-08-16,417.2099914550781,379.8282165527344,2377500
2021-08-17,421.7799987792969,383.9887390136719,2258000
2021-08-18,417.32000732421875,379.92840576171875,3037000
2021-08-19,427.8900146484375,389.5513000488281,3204500
2021-08-20,429.7099914550781,391.208251953125,2401900
2021-08-23,425.3599853515625,387.2479553222656,2375900
2021-08-24,423.4100036621094,385.4726867675781,1619300
2021-08-25,419.739990234375,382.13153076171875,1939000
2021-08-26,416.8500061035156,379.5004577636719,1385400
2021-08-27,418.760009765625,381.2393493652344,1621600
2021-08-30,418.29998779296875,380.8205871582031,1284200
2021-08-31,416.2699890136719,378.972412109375,4249100
2021-09-01,417.3500061035156,379.9556884765625,2034400
2021-09-02,423.7099914550781,385.7457275390625,3137400
2021-09-03,422.8599853515625,384.9720153808594,1604800
2021-09-07,421.239990234375,383.4971618652344,1920300
2021-09-08,415.3900146484375,378.1713562011719,2262500
2021-09-09,414.54998779296875,377.4066162109375,3508500
2021-09-10,403.9100036621094,369.0106201171875,4215800
2021-09-13,414.5199890136719,378.70391845703125,3068200
2021-09-14,412.5400085449219,376.89495849609375,2879800
2021-09-15,417.5199890136719,381.4446716308594,3180600
2021-09-16,416.8399963378906,380.8234558105469,2262700
2021-09-17,420.1600036621094,383.8565673828125,4534200
2021-09-20,412.70001220703125,377.0411376953125,2799800
2021-09-21,412.3399963378906,376.7122802734375,2382200
2021-09-22,408.70001220703125,373.38677978515625,3629400
2021-09-23,408.0299987792969,372.774658203125,2681600
2021-09-24,407.0799865722656,371.9067077636719,1950400
2021-09-27,405.2699890136719,370.2530517578125,2608600
2021-09-28,398.6199951171875,364.1777648925781,3115400
2021-09-29,400.4100036621094,365.81304931640625,2056300
2021-09-30,390.739990234375,356.978515625,3779900
2021-10-01,392.42999267578125,358.52252197265625,3146600
2021-10-04,387.010009765625,353.5708312988281,3074800
2021-10-05,393.42999267578125,359.4360656738281,3269400
2021-10-06,394.25,360.1852722167969,2809200
2021-10-07,404.70001220703125,369.7323303222656,2813700
2021-10-08,408.4599914550781,373.16748046875,2012200
2021-10-11,404.989990234375,369.9972229003906,2164200
2021-10-12,403.239990234375,368.3984680175781,2415700
2021-10-13,403.54998779296875,368.6817321777344,3021800
2021-10-14,420.3599853515625,384.03924560546875,6038800
2021-10-15,428.07000732421875,391.0830383300781,3312000
2021-10-18,424.6199951171875,387.9311828613281,2232800
2021-10-19,424.3800048828125,387.7120056152344,1616800
2021-10-20,435.0899963378906,397.49658203125,2764000
2021-10-21,442.2799987792969,404.0652770996094,2465100
2021-10-22,449.1600036621094,410.350830078125,2736200
2021-10-25,449.489990234375,410.65228271484375,3553500
2021-10-26,454.6400146484375,415.35736083984375,3103900
2021-10-27,453.4800109863281,414.29754638671875,3520400
2021-10-28,455.44000244140625,416.0882263183594,1672600
2021-10-29,460.4700012207031,420.6836242675781,2497800
2021-11-01,454.1099853515625,414.8731689453125,2203100
2021-11-02,452.0400085449219,412.9820251464844,2600000
2021-11-03,457.3299865722656,417.81488037109375,2438200
2021-11-04,456.760009765625,417.294189453125,2517300
2021-11-05,455.80999755859375,416.4262390136719,2905000
2021-11-08,462.6199951171875,422.6478271484375,2279900
2021-11-09,464.3500061035156,424.22833251953125,2657800
2021-11-10,459.8999938964844,420.16278076171875,2818200
2021-11-11,457.3900146484375,417.8697204589844,2246800
2021-11-12,458.989990234375,419.3314514160156,2609500
2021-11-15,450.79998779296875,411.84918212890625,2849600
2021-11-16,449.6199951171875,410.7710876464844,3383800
2021-11-17,448.95001220703125,410.15899658203125,2281500
2021-11-18,449.4700012207031,410.6340637207031,2073800
2021-11-19,440.0,401.9822082519531,3536100
2021-11-22,437.5400085449219,399.7348327636719,2598700
2021-11-23,447.1300048828125,408.4962463378906,2857000
2021-11-24,450.1600036621094,411.26446533203125,2248800
2021-11-26,439.9100036621094,401.90008544921875,2480600
2021-11-29,452.0,412.9454650878906,4079700
2021-11-30,444.2200012207031,405.83770751953125,7435400
2021-12-01,444.3399963378906,405.9472351074219,4325500
2021-12-02,446.0199890136719,407.4820861816406,4738700
2021-12-03,449.32000732421875,411.8358154296875,3038300
2021-12-06,460.1099853515625,421.7257080078125,4721500
2021-12-07,464.7300109863281,425.9603271484375,3105200
2021-12-08,468.8599853515625,429.7457580566406,3228300
2021-12-09,473.32000732421875,433.833740234375,2977400
2021-12-10,478.2300109863281,438.3340148925781,2572300
2021-12-13,478.1400146484375,438.25164794921875,2724800
2021-12-14,479.4599914550781,439.4614562988281,3018000
2021-12-15,494.3800048828125,453.1368103027344,4188600
2021-12-16,492.8599853515625,451.7435607910156,4080800
2021-12-17,487.1199951171875,446.4824523925781,5707200
2021-12-20,483.7300109863281,443.375244140625,3145600
2021-12-21,487.2099914550781,446.5649108886719,2536000
2021-12-22,494.1300048828125,452.9075927734375,1687500
2021-12-23,495.3800048828125,454.0533142089844,1706500
2021-12-27,499.5,457.8296813964844,1349400
2021-12-28,502.94000244140625,460.9826354980469,1495500
2021-12-29,505.5799865722656,463.4024353027344,1573900
2021-12-30,504.42999267578125,462.34844970703125,1309800
2021-12-31,502.1400146484375,460.2493591308594,1695400
2022-01-03,502.2799987792969,460.37774658203125,3033600
2022-01-04,490.8999938964844,449.9471435546875,3908100
2022-01-05,489.69000244140625,448.8380126953125,3921100
2022-01-06,469.6499938964844,430.4698486328125,6555200
2022-01-07,458.6000061035156,420.3418273925781,5494200
2022-01-10,465.0,426.2077941894531,5831800
2022-01-11,469.0,429.8741149902344,3332800
2022-01-12,473.7200012207031,434.2003479003906,3502300
2022-01-13,467.42999267578125,428.4350891113281,3005300
2022-01-14,468.69000244140625,429.5899658203125,3665400
2022-01-18,460.989990234375,422.5322570800781,3938800
2022-01-19,462.5199890136719,423.9347229003906,4030900
2022-01-20,463.0,424.3745422363281,3228600
2022-01-21,461.1700134277344,422.6972961425781,4273200
2022-01-24,462.2699890136719,423.70550537109375,4780700
2022-01-25,456.8399963378906,418.728515625,3428900
2022-01-26,458.42999267578125,420.1859130859375,4435900
2022-01-27,461.6000061035156,423.0914001464844,3508100
2022-01-28,466.05999755859375,427.1793518066406,3364400
2022-01-31,472.57000732421875,433.1462707519531,3500500
2022-02-01,468.4100036621094,429.33331298828125,3148600
2022-02-02,479.7799987792969,439.7547607421875,3026800
2022-02-03,488.7699890136719,447.9947509765625,4370900
2022-02-04,483.1700134277344,442.8620300292969,3066400
2022-02-07,483.70001220703125,443.3478088378906,2937200
2022-02-08,493.4100036621094,452.2476806640625,3534700
2022-02-09,498.1000061035156,456.5465087890625,2818100
2022-02-10,486.7200012207031,446.11578369140625,2626100
2022-02-11,478.1300048828125,438.24249267578125,2493800
2022-02-14,474.3999938964844,434.8235168457031,2549500
2022-02-15,478.2300109863281,438.3340148925781,3001000
2022-02-16,480.04998779296875,440.0022888183594,2651800
2022-02-17,470.3399963378906,431.1022644042969,2403100
2022-02-18,467.80999755859375,428.78338623046875,2992300
2022-02-22,462.510009765625,423.9255065917969,3029800
2022-02-23,459.6199951171875,421.2765808105469,2840300
2022-02-24,455.8900146484375,417.8578186035156,3933000
2022-02-25,475.75,436.0609436035156,3314400
2022-02-28,475.8699951171875,436.1709899902344,3918300
2022-03-01,476.25,436.51922607421875,2917600
2022-03-02,485.3800048828125,444.8875732421875,3675900
2022-03-03,486.5899963378906,445.9966735839844,3139400
2022-03-04,498.6499938964844,457.05059814453125,4170100
2022-03-07,486.8699951171875,446.2532958984375,4123300
2022-03-08,473.4599914550781,433.96197509765625,3849500
2022-03-09,485.57000732421875,445.0617370605469,3115500
2022-03-10,491.44000244140625,450.44207763671875,2834800
2022-03-11,482.8699951171875,443.896728515625,2615000
2022-03-14,487.9200134277344,448.5390930175781,2704100
2022-03-15,497.9100036621094,457.7227783203125,3043000
2022-03-16,498.260009765625,458.0445556640625,3497100
2022-03-17,507.0199890136719,466.0975341796875,2357200
2022-03-18,506.1199951171875,465.2701110839844,5065600
2022-03-21,507.6600036621094,466.6858215332031,2617700
2022-03-22,505.32000732421875,464.5348815917969,2752500
2022-03-23,503.2300109863281,462.61346435546875,2753200
2022-03-24,513.4600219726562,472.01776123046875,2789200
2022-03-25,513.030029296875,471.6225280761719,2551100
2022-03-28,513.2000122070312,471.7787780761719,2643000
2022-03-29,510.7300109863281,469.508056640625,3478400
2022-03-30,520.8200073242188,478.7837219238281,3041200
2022-03-31,509.9700012207031,468.8094177246094,3979700
2022-04-01,512.5900268554688,471.2178955078125,2344100
2022-04-04,510.0199890136719,468.85546875,2657500
2022-04-05,517.760009765625,475.9706726074219,3268600
2022-04-06,531.75,488.83154296875,3955600
2022-04-07,536.9500122070312,493.6117858886719,2867000
2022-04-08,545.9600219726562,501.8946838378906,3986700
2022-04-11,537.4400024414062,494.0622863769531,3574000
2022-04-12,533.7100219726562,490.63336181640625,3575700
2022-04-13,537.0,493.65789794921875,3012000
2022-04-14,534.8200073242188,491.6537170410156,4211300
2022-04-18,534.0800170898438,490.9734191894531,2087100
2022-04-19,537.7000122070312,494.3011779785156,2207600
2022-04-20,546.010009765625,501.94049072265625,2986300
2022-04-21,537.4400024414062,494.0622863769531,2539900
2022-04-22,520.9400024414062,478.8939514160156,3453300
2022-04-25,524.27001953125,481.955322265625,3030400
2022-04-26,513.780029296875,472.31195068359375,2895300
2022-04-27,513.8099975585938,472.3394775390625,3353700
2022-04-28,524.4199829101562,482.0930480957031,2582700
2022-04-29,508.54998779296875,467.50396728515625,2873200
2022-05-02,501.1499938964844,460.7012939453125,3184300
2022-05-03,499.6199951171875,459.2947692871094,2763400
2022-05-04,507.6199951171875,466.6490783691406,4002600
2022-05-05,494.7200012207031,454.79022216796875,3359700
2022-05-06,499.6199951171875,459.2947692871094,3260300
2022-05-09,486.4200134277344,447.1601257324219,3862700
2022-05-10,488.010009765625,448.621826171875,4275500
2022-05-11,486.1499938964844,446.9119567871094,3936300
2022-05-12,478.79998779296875,440.1551818847656,3997600
2022-05-13,485.3999938964844,446.2224426269531,2453400
2022-05-16,489.2200012207031,449.7341613769531,2338800
2022-05-17,492.5299987792969,452.77703857421875,2289000
2022-05-18,471.3800048828125,433.33404541015625,3240500
2022-05-19,478.54998779296875,439.9253234863281,3813800
2022-05-20,485.7300109863281,446.5258483886719,3068200
2022-05-23,492.0799865722656,452.3633728027344,2279800
2022-05-24,497.55999755859375,457.4010009765625,2658100
2022-05-25,498.0899963378906,457.8882751464844,3161600
2022-05-26,502.2300109863281,461.69415283203125,2705800
2022-05-27,507.1099853515625,466.1802062988281,3349100
2022-05-31,496.7799987792969,456.6839599609375,4003100
2022-06-01,492.54998779296875,452.79534912109375,1765900
2022-06-02,492.260009765625,452.5287780761719,2093500
2022-06-03,485.6099853515625,446.4155578613281,1756900
2022-06-06,490.17999267578125,450.61669921875,1781500
2022-06-07,497.1000061035156,456.9781494140625,2341900
2022-06-08,493.5299987792969,453.6962890625,3268100
2022-06-09,489.42999267578125,449.92718505859375,3148800
2022-06-10,484.6300048828125,445.5146179199219,2599900
2022-06-13,469.70001220703125,431.7897033691406,3764600
2022-06-14,461.75,424.4813232421875,3814200
2022-06-15,464.3299865722656,426.85308837890625,2550700
2022-06-16,456.0899963378906,420.7733459472656,3135600
2022-06-17,452.05999755859375,417.0554504394531,5277400
2022-06-21,480.32000732421875,443.127197265625,5726800
2022-06-22,489.67999267578125,451.76239013671875,5061000
2022-06-23,499.80999755859375,461.1080017089844,4687700
2022-06-24,495.6400146484375,457.26092529296875,15861100
2022-06-27,505.6600036621094,466.50506591796875,3907100
2022-06-28,508.44000244140625,469.0697937011719,4978200
2022-06-29,515.7100219726562,475.7768249511719,3823400
2022-06-30,513.6300048828125,473.8578796386719,3568900
2022-07-01,517.4000244140625,477.3359680175781,2426600
2022-07-05,505.239990234375,466.1175231933594,3029600
2022-07-06,515.2899780273438,475.3892517089844,2506700
2022-07-07,514.3800048828125,474.5497741699219,2385400
2022-07-08,518.6300048828125,478.4707336425781,3092100
2022-07-11,516.9500122070312,476.92083740234375,1743600
2022-07-12,514.4199829101562,474.586669921875,2706500
2022-07-13,501.239990234375,462.42730712890625,3467700
2022-07-14,502.42999267578125,463.5250549316406,3765500
2022-07-15,529.75,488.72967529296875,5742500
2022-07-18,519.3699951171875,479.15338134765625,3212000
2022-07-19,533.4500122070312,492.1430969238281,2953500
2022-07-20,519.469970703125,479.24560546875,4327500
2022-07-21,522.4600219726562,482.00408935546875,2667600
2022-07-22,521.4099731445312,481.03546142578125,1850300
2022-07-25,529.469970703125,488.4712829589844,2337200
2022-07-26,531.5900268554688,490.4271545410156,2637800
2022-07-27,534.6099853515625,493.2134094238281,2268100
2022-07-28,541.489990234375,499.5605773925781,2344500
2022-07-29,542.3400268554688,500.34478759765625,2945700
2022-08-01,535.3800048828125,493.92364501953125,2335000
2022-08-02,535.4600219726562,493.99749755859375,2114200
2022-08-03,540.6500244140625,498.78564453125,1802900
2022-08-04,533.75,492.4199523925781,2368000
2022-08-05,535.0599975585938,493.6285095214844,2373400
2022-08-08,536.5999755859375,495.0492248535156,1656400
2022-08-09,537.260009765625,495.658203125,2147200
2022-08-10,537.719970703125,496.0824279785156,2291400
2022-08-11,532.8599853515625,491.59881591796875,3006200
2022-08-12,543.7000122070312,501.5995178222656,1981000
2022-08-15,544.6400146484375,502.4667053222656,1447300
2022-08-16,546.1199951171875,503.8321228027344,1773000
2022-08-17,545.0,502.7987365722656,1471700
2022-08-18,545.219970703125,503.0016784667969,1486400
2022-08-19,548.3200073242188,505.86163330078125,2258000
2022-08-22,544.5700073242188,502.40203857421875,1672900
2022-08-23,535.7999877929688,494.3111267089844,2039600
2022-08-24,536.4600219726562,494.9200134277344,1761200
2022-08-25,541.5700073242188,499.63433837890625,1965800
2022-08-26,529.25,488.26824951171875,1906700
2022-08-29,529.77001953125,488.7481384277344,1594000
2022-08-30,522.8400268554688,482.35467529296875,2013400
2022-08-31,519.3300170898438,479.1164245605469,2891300
2022-09-01,524.0,483.4248352050781,2085300
2022-09-02,516.3499755859375,476.3672180175781,1944200
2022-09-06,517.6799926757812,477.59429931640625,2711900
2022-09-07,521.6799926757812,481.28448486328125,2504400
2022-09-08,527.510009765625,486.6631774902344,1557500
2022-09-09,524.3400268554688,485.2564697265625,2495500
2022-09-12,531.25,491.6513671875,2792000
2022-09-13,513.9600219726562,475.650146484375,3172500
2022-09-14,509.7699890136719,471.7724304199219,2648100
2022-09-15,522.9099731445312,483.9330139160156,3058100
2022-09-16,521.02001953125,482.183837890625,3981700
2022-09-19,523.5499877929688,484.52532958984375,2130800
2022-09-20,522.7999877929688,483.8311462402344,2421700
2022-09-21,512.0800170898438,473.9102783203125,2427700
2022-09-22,517.4600219726562,478.8892517089844,2285600
2022-09-23,513.6099853515625,475.3262634277344,2536900
2022-09-26,508.3599853515625,470.4675598144531,2867400
2022-09-27,508.3699951171875,470.4767761230469,2583400
2022-09-28,513.9400024414062,475.6316223144531,3027300
2022-09-29,508.8299865722656,470.90252685546875,2392000
2022-09-30,505.0400085449219,467.3949279785156,3116000
2022-10-03,515.510009765625,477.0845947265625,2562400
2022-10-04,523.1699829101562,484.1735534667969,3189800
2022-10-05,527.0700073242188,487.7829284667969,2281800
2022-10-06,519.1300048828125,480.4346923828125,2187300
2022-10-07,504.8500061035156,467.2191467285156,3273700
2022-10-10,498.8599853515625,461.6756896972656,2459100
2022-10-11,499.80999755859375,462.5548095703125,2844500
2022-10-12,499.9599914550781,462.6936950683594,2254300
2022-10-13,509.9100036621094,471.9020080566406,3999700
2022-10-14,513.1300048828125,474.88201904296875,5628900
2022-10-17,521.8800048828125,482.97967529296875,3282300
2022-10-18,522.2100219726562,483.2852478027344,2345500
2022-10-19,520.3200073242188,481.5360107421875,2500500
2022-10-20,520.8800048828125,482.05426025390625,2390800
2022-10-21,533.72998046875,493.94647216796875,2896000
2022-10-24,541.5999755859375,501.2298278808594,2627100
2022-10-25,540.219970703125,499.9527893066406,2411900
2022-10-26,543.1699829101562,502.6827697753906,2863500
2022-10-27,541.7999877929688,501.4149169921875,2212100
2022-10-28,551.239990234375,510.15130615234375,2761900
2022-10-31,555.1500244140625,513.7698974609375,2770400
2022-11-01,547.3099975585938,506.5143127441406,3338900
2022-11-02,543.4299926757812,502.9234313964844,2696200
2022-11-03,543.6099853515625,503.0899963378906,2245300
2022-11-04,538.1699829101562,498.0556335449219,3513100
2022-11-07,545.02001953125,504.3949890136719,2540300
2022-11-08,553.0499877929688,511.82635498046875,2797000
2022-11-09,540.6599731445312,500.35992431640625,2672600
2022-11-10,544.1699829101562,503.608154296875,3426400
2022-11-11,522.0800170898438,483.1648864746094,7034300
2022-11-14,513.75,475.4557800292969,5238400
2022-11-15,503.010009765625,465.516357421875,5103800
2022-11-16,511.5199890136719,473.39202880859375,3430800
2022-11-17,515.3099975585938,476.89947509765625,4246300
2022-11-18,530.0,490.49456787109375,3566000
2022-11-21,517.1900024414062,478.639404296875,3349600
2022-11-22,523.0900268554688,484.09954833984375,2567400
2022-11-23,529.7100219726562,490.22613525390625,2238300
2022-11-25,537.6199951171875,497.5465087890625,1419200
2022-11-28,532.27001953125,492.5953369140625,2699900
2022-11-29,528.0,488.6435852050781,3751000
2022-11-30,547.760009765625,506.93060302734375,9688900
2022-12-01,536.9099731445312,496.889404296875,2997800
2022-12-02,536.1599731445312,497.7249450683594,2346200
2022-12-05,535.0399780273438,496.6851806640625,2424800
2022-12-06,539.3200073242188,500.6584167480469,3097700
2022-12-07,542.9099731445312,503.99102783203125,2849100
2022-12-08,547.9199829101562,508.6419982910156,2272300
2022-12-09,539.2000122070312,500.5470886230469,2852400
2022-12-12,545.8599853515625,506.7294921875,2714100
2022-12-13,538.219970703125,499.63726806640625,3369700
2022-12-14,538.3599853515625,499.76727294921875,2654600
2022-12-15,527.6799926757812,489.8528137207031,2963800
2022-12-16,523.7000122070312,486.1581115722656,7109100
2022-12-19,523.5999755859375,486.06524658203125,1808100
2022-12-20,520.2100219726562,482.9183349609375,2086100
2022-12-21,527.5399780273438,489.7228088378906,2182000
2022-12-22,527.0900268554688,489.3052062988281,1851600
2022-12-23,531.3099975585938,493.2226257324219,1292300
2022-12-27,531.989990234375,493.85394287109375,1596700
2022-12-28,528.4500122070312,490.567626953125,1694200
2022-12-29,529.8800048828125,491.8951110839844,1379700
2022-12-30,530.1799926757812,492.173583984375,1849600
2023-01-03,518.6400146484375,481.4609375,3525600
2023-01-04,504.5,468.33453369140625,5070400
2023-01-05,489.9599914550781,454.8367614746094,5497100
2023-01-06,490.0,454.8739929199219,4841300
2023-01-09,490.05999755859375,454.9296569824219,3702800
2023-01-10,486.0,451.1606750488281,3164000
2023-01-11,493.3999938964844,458.0302734375,4274200
2023-01-12,495.6700134277344,460.1374816894531,3726800
2023-01-13,489.57000732421875,454.47479248046875,5390100
2023-01-17,485.0799865722656,450.3066711425781,4495600
2023-01-18,476.239990234375,442.100341796875,4398200
2023-01-19,484.3599853515625,449.63824462890625,4549600
2023-01-20,486.7200012207031,451.82916259765625,3525900
2023-01-23,485.80999755859375,450.9843444824219,3418700
2023-01-24,491.6000061035156,456.3592834472656,3036300
2023-01-25,492.5,457.1947326660156,3037300
2023-01-26,492.4800109863281,457.1761779785156,3005000
2023-01-27,486.04998779296875,451.20709228515625,3177100
2023-01-30,485.7900085449219,450.9657897949219,3606900
2023-01-31,499.19000244140625,463.4051513671875,5567000
2023-02-01,497.0,461.3721618652344,3451200
2023-02-02,470.8299865722656,437.07818603515625,11169900
2023-02-03,472.0199890136719,438.18280029296875,5440100
2023-02-06,475.239990234375,441.1720275878906,4174200
2023-02-07,476.8800048828125,442.69451904296875,3394600
2023-02-08,483.2200012207031,448.5799865722656,3466400
2023-02-09,485.7300109863281,450.91009521484375,3664600
2023-02-10,494.25,458.8193359375,3418100
2023-02-13,495.3500061035156,459.8404846191406,2589000
2023-02-14,492.8299865722656,457.5010681152344,2072600
2023-02-15,491.25,456.0343322753906,2242500
2023-02-16,487.3500061035156,452.4139404296875,2611500
2023-02-17,499.0799865722656,463.30303955078125,3891500
2023-02-21,491.30999755859375,456.0900573730469,2877300
2023-02-22,488.8900146484375,453.84356689453125,2982800
2023-02-23,491.69000244140625,456.4428405761719,2511800
2023-02-24,484.3299865722656,449.6103515625,2940400
2023-02-27,483.32000732421875,448.6728515625,3006200
2023-02-28,475.94000244140625,441.82183837890625,3902100
2023-03-01,475.2200012207031,441.1534729003906,2996900
2023-03-02,477.70001220703125,443.45562744140625,2188800
2023-03-03,478.55999755859375,444.2540588378906,2863300
2023-03-06,480.7799987792969,446.31494140625,3812700
2023-03-07,473.8800048828125,439.9095153808594,2589200
2023-03-08,470.6000061035156,436.8646545410156,3036600
2023-03-09,464.9100036621094,431.58258056640625,2780400
2023-03-10,460.3299865722656,428.8528747558594,3787500
2023-03-13,463.67999267578125,431.97381591796875,2971600
2023-03-14,464.5799865722656,432.8122863769531,3258200
2023-03-15,465.42999267578125,433.6041564941406,3770200
2023-03-16,472.0199890136719,439.7435302734375,2940500
2023-03-17,469.5,437.39581298828125,5290000
2023-03-20,476.9599914550781,444.3457946777344,3119400
2023-03-21,480.1000061035156,447.27105712890625,3163300
2023-03-22,475.5199890136719,443.0042419433594,2632200
2023-03-23,469.9100036621094,437.77783203125,3284900
2023-03-24,475.989990234375,443.44207763671875,2533200
2023-03-27,481.8999938964844,448.9479675292969,2271800
2023-03-28,472.5799865722656,440.2652587890625,2369500
2023-03-29,466.5899963378906,434.6848449707031,3733200
2023-03-30,470.05999755859375,437.9175720214844,3324600
2023-03-31,472.5899963378906,440.2746276855469,3996700
2023-04-03,494.19000244140625,460.3975524902344,4729100
2023-04-04,493.25,459.5218811035156,2624700
2023-04-05,509.2300109863281,474.4091491699219,4964800
2023-04-06,512.8099975585938,477.74432373046875,3472600
2023-04-10,515.1799926757812,479.9522705078125,2714500
2023-04-11,520.969970703125,485.34637451171875,3065300
2023-04-12,521.1900024414062,485.5513610839844,3422400
2023-04-13,526.22998046875,490.24676513671875,4224400
2023-04-14,511.7900085449219,476.7940979003906,4872000
2023-04-17,505.3500061035156,470.7944641113281,3660900
2023-04-18,504.4800109863281,469.9840087890625,3232000
2023-04-19,486.20001220703125,452.9540100097656,5809100
2023-04-20,487.4599914550781,454.12774658203125,3283000
2023-04-21,483.82000732421875,450.7366638183594,3165300
2023-04-24,488.94000244140625,455.5066223144531,2322400
2023-04-25,491.9200134277344,458.2828369140625,2937300
2023-04-26,482.95001220703125,449.9261779785156,2930000
2023-04-27,490.4700012207031,456.93194580078125,2473200
2023-04-28,492.0899963378906,458.4411926269531,2398900
2023-05-01,495.70001220703125,461.8043518066406,2105600
2023-05-02,493.3900146484375,459.6523132324219,2152300
2023-05-03,489.44000244140625,455.9723815917969,1749700
2023-05-04,487.2799987792969,453.9600524902344,2555700
2023-05-05,494.2799987792969,460.4814147949219,2329400
2023-05-08,492.6199951171875,458.9349670410156,1738500
2023-05-09,490.3800048828125,456.8481140136719,2038600
2023-05-10,490.07000732421875,456.559326171875,2018700
2023-05-11,488.760009765625,455.3388977050781,2384200
2023-05-12,491.2300109863281,457.6400146484375,1536500
2023-05-15,486.8599853515625,453.5688171386719,2169700
2023-05-16,479.7200012207031,446.9170837402344,2178900
2023-05-17,484.80999755859375,451.65899658203125,2682000
2023-05-18,479.2300109863281,446.4605407714844,3040100
2023-05-19,478.82000732421875,446.07861328125,2317900
2023-05-22,480.6199951171875,447.7555236816406,2242800
2023-05-23,479.44000244140625,446.6562194824219,2874200
2023-05-24,480.8299865722656,447.9510498046875,1904700
2023-05-25,477.70001220703125,445.03509521484375,2684100
2023-05-26,481.5199890136719,448.5939636230469,3135200
2023-05-30,479.8500061035156,447.0381774902344,3180800
2023-05-31,487.239990234375,453.9228515625,4944100
2023-06-01,493.6300048828125,459.8758544921875,3376600
2023-06-02,499.5799865722656,465.4190368652344,3064500
2023-06-05,498.19000244140625,464.1241149902344,2688800
2023-06-06,487.57000732421875,454.230224609375,3816600
2023-06-07,482.1300048828125,449.1622619628906,4381700
2023-06-08,490.2300109863281,456.7083435058594,2725900
2023-06-09,493.6199951171875,459.8665466308594,3174100
2023-06-12,492.5899963378906,458.90704345703125,2207700
2023-06-13,491.30999755859375,457.7145080566406,3016600
2023-06-14,459.8599853515625,428.4150085449219,14672400
2023-06-15,465.8900146484375,435.81439208984375,6798100
2023-06-16,458.489990234375,428.8921203613281,7699100
2023-06-20,469.3900146484375,439.0885314941406,4597700
2023-06-21,476.75,445.9733581542969,4886500
2023-06-22,479.04998779296875,448.1248474121094,3179000
2023-06-23,477.0,446.2071838378906,4862600
2023-06-26,479.05999755859375,448.1343078613281,2968300
2023-06-27,482.55999755859375,451.40826416015625,3693200
2023-06-28,474.45001220703125,443.8218688964844,3670100
2023-06-29,476.44000244140625,445.6833801269531,2979300
2023-06-30,480.6400146484375,449.6122131347656,3970400
2023-07-03,477.8800048828125,447.0303955078125,1915700
2023-07-05,471.2200012207031,440.80035400390625,5053100
2023-07-06,469.3599853515625,439.0604248046875,3913600
2023-07-07,461.5799865722656,431.7826232910156,4131600
2023-07-10,463.04998779296875,433.15777587890625,4339200
2023-07-11,462.8900146484375,433.00811767578125,3086800
2023-07-12,451.70001220703125,422.54046630859375,7287600
2023-07-13,447.75,418.845458984375,7276800
2023-07-14,480.1700134277344,449.1725769042969,11379300
2023-07-17,484.0799865722656,452.8302001953125,4582000
2023-07-18,500.0,467.7224426269531,8816400
2023-07-19,503.70001220703125,471.18365478515625,4956500
2023-07-20,504.239990234375,471.6887512207031,2963100
2023-07-21,506.5299987792969,473.8309020996094,2887300
2023-07-24,508.67999267578125,475.8421325683594,2279000
2023-07-25,510.92999267578125,477.9468994140625,2730600
2023-07-26,508.0,475.2060546875,3697200
2023-07-27,505.2300109863281,472.6148681640625,3028300
2023-07-28,502.9100036621094,470.44464111328125,2930000
2023-07-31,506.3699951171875,473.6812744140625,2441600
2023-08-01,504.739990234375,472.1564636230469,2161200
2023-08-02,504.79998779296875,472.212646484375,3220500
2023-08-03,504.8599853515625,472.2687683105469,2442900
2023-08-04,502.7300109863281,470.2762451171875,2411200
2023-08-07,510.739990234375,477.7691345214844,2430900
2023-08-08,505.8599853515625,473.20416259765625,2422600
2023-08-09,502.1099853515625,469.69622802734375,1916900
2023-08-10,503.4800109863281,470.977783203125,2179700
2023-08-11,508.010009765625,475.21539306640625,2029600
2023-08-14,510.92999267578125,477.9468994140625,2127200
2023-08-15,506.69000244140625,473.9805603027344,1817500
2023-08-16,503.55999755859375,471.0526123046875,1454100
2023-08-17,493.9599914550781,462.07232666015625,3009500
2023-08-18,498.44000244140625,466.26318359375,2364400
2023-08-21,497.67999267578125,465.55224609375,1533500
2023-08-22,492.3399963378906,460.55694580078125,2079400
2023-08-23,489.44000244140625,457.8441467285156,2011400
2023-08-24,488.1000061035156,456.59063720703125,2311100
2023-08-25,489.1199951171875,457.5448303222656,1923500
2023-08-28,491.2799987792969,459.5653991699219,1344500
2023-08-29,492.8299865722656,461.0153503417969,2113700
2023-08-30,491.5299987792969,459.7991943359375,2283400
2023-08-31,476.5799865722656,445.8143310546875,4927700
2023-09-01,476.239990234375,445.49627685546875,3165900
2023-09-05,480.80999755859375,449.77130126953125,3443300
2023-09-06,476.94000244140625,446.1511535644531,2596100
2023-09-07,484.80999755859375,453.5130310058594,2928000
2023-09-08,480.7699890136719,451.484619140625,1858400
2023-09-11,479.3800048828125,450.1793212890625,2059200
2023-09-12,479.8999938964844,450.6676025390625,2195200
2023-09-13,479.8399963378906,450.6112976074219,2197800
2023-09-14,483.6000061035156,454.1422424316406,2334300
2023-09-15,486.70001220703125,457.05340576171875,5334300
2023-09-18,486.05999755859375,456.4523620605469,1997500
2023-09-19,480.6600036621094,451.38128662109375,3230700
2023-09-20,492.1300048828125,462.1526794433594,3724800
2023-09-21,501.1400146484375,470.61383056640625,4703900
2023-09-22,506.1000061035156,475.27166748046875,4558500
2023-09-25,510.2799987792969,479.19708251953125,2758500
2023-09-26,505.45001220703125,474.6613464355469,2420200
2023-09-27,503.7300109863281,473.0461120605469,2593700
2023-09-28,510.1000061035156,479.0280456542969,2922000
2023-09-29,504.19000244140625,473.4780578613281,3006200
2023-10-02,514.5700073242188,483.22576904296875,3550400
2023-10-03,509.4700012207031,478.4364013671875,3143200
2023-10-04,510.6199951171875,479.5163879394531,2801700
2023-10-05,516.22998046875,484.78460693359375,2790700
2023-10-06,524.8099975585938,492.8419494628906,3647200
2023-10-09,526.510009765625,494.4384765625,2341600
2023-10-10,524.239990234375,492.306640625,2455700
2023-10-11,524.1300048828125,492.2033996582031,2819300
2023-10-12,525.5399780273438,493.52752685546875,2377300
2023-10-13,539.4000244140625,506.5431823730469,5245400
2023-10-16,538.030029296875,505.2567443847656,3827600
2023-10-17,536.6500244140625,503.9607849121094,2586000
2023-10-18,536.0599975585938,503.4067687988281,2551400
2023-10-19,531.6300048828125,499.2465515136719,2351200
2023-10-20,527.030029296875,494.92681884765625,2811100
2023-10-23,521.5700073242188,489.79937744140625,2357700
2023-10-24,525.0,493.0203552246094,1978200
2023-10-25,530.2100219726562,497.91314697265625,2380100
2023-10-26,528.3599853515625,496.17578125,2675800
2023-10-27,524.6599731445312,492.7010192871094,2585600
2023-10-30,529.989990234375,497.7064514160156,2555400
2023-10-31,535.5599975585938,502.9372863769531,2464200
2023-11-01,531.5999755859375,499.2184143066406,2747400
2023-11-02,536.1300048828125,503.4725341796875,2350900
2023-11-03,530.9000244140625,498.5610656738281,2739500
2023-11-06,533.4600219726562,500.9650573730469,2684900
2023-11-07,537.8300170898438,505.0689697265625,2604800
2023-11-08,536.72998046875,504.0358581542969,1769200
2023-11-09,539.0,506.1676940917969,1819600
2023-11-10,541.2100219726562,508.2430725097656,2480800
2023-11-13,542.5700073242188,509.52001953125,1507900
2023-11-14,540.4600219726562,507.5386962890625,2454000
2023-11-15,538.4099731445312,505.6136169433594,2473700
2023-11-16,539.8200073242188,506.93768310546875,2360300
2023-11-17,536.2899780273438,503.6226806640625,2676900
2023-11-20,535.0999755859375,502.505126953125,2518400
2023-11-21,539.5900268554688,506.7217102050781,2115700
2023-11-22,543.760009765625,510.63775634765625,2234500
2023-11-24,547.0999755859375,513.7741088867188,1135000
2023-11-27,543.5900268554688,510.47808837890625,2675800
2023-11-28,540.530029296875,507.6044616699219,2859300
2023-11-29,534.97998046875,502.3924865722656,4550000
2023-11-30,552.969970703125,519.2866821289062,7121200
2023-12-01,547.1599731445312,515.58349609375,3462200
2023-12-04,548.280029296875,516.6387939453125,2709200
2023-12-05,550.260009765625,518.5046997070312,2645600
2023-12-06,549.530029296875,517.8167724609375,2239700
2023-12-07,548.27001953125,516.62939453125,2511700
2023-12-08,549.77001953125,518.0429077148438,2039900
2023-12-11,543.6799926757812,512.3042602539062,3655300
2023-12-12,545.719970703125,514.2265625,2706100
2023-12-13,549.010009765625,517.3267822265625,2876600
2023-12-14,534.239990234375,503.4090576171875,5386800
2023-12-15,531.1199951171875,500.46917724609375,9030100
2023-12-18,526.5499877929688,496.1629333496094,3260300
2023-12-19,524.0399780273438,493.7977294921875,3645600
2023-12-20,515.9299926757812,486.1557922363281,3847800
2023-12-21,519.8800048828125,489.8778076171875,2491600
2023-12-22,520.3099975585938,490.2829895019531,1759500
2023-12-26,520.030029296875,490.0191955566406,1390800
2023-12-27,522.7899780273438,492.6199035644531,1851800
2023-12-28,524.9000244140625,494.6081237792969,2001000
2023-12-29,526.469970703125,496.08746337890625,2080100
2024-01-02,539.3400268554688,508.2148132324219,3415700
2024-01-03,542.030029296875,510.74957275390625,2891400
2024-01-04,545.4199829101562,513.9439697265625,2994400
2024-01-05,537.3800048828125,506.3678894042969,2815400
2024-01-08,536.52001953125,505.5574951171875,2648900
2024-01-09,538.3699951171875,507.3008117675781,2677000
2024-01-10,537.6400146484375,506.61297607421875,2180000
2024-01-11,539.6799926757812,508.5351257324219,2814100
2024-01-12,521.510009765625,491.4137878417969,6327300
2024-01-16,519.1500244140625,489.1899719238281,3736700
2024-01-17,524.9400024414062,494.6457824707031,3791300
2024-01-18,516.3400268554688,486.5421447753906,7367000
2024-01-19,503.55999755859375,474.4996337890625,6143400
2024-01-22,512.989990234375,483.385498046875,5922900
2024-01-23,515.52001953125,485.7694396972656,2672900
2024-01-24,513.22998046875,483.611572265625,2918800
2024-01-25,493.3999938964844,464.926025390625,14671000
2024-01-26,503.20001220703125,474.160400390625,6212200
2024-01-29,504.5400085449219,475.423095703125,4554100
2024-01-30,503.6099853515625,474.5467224121094,4931200
2024-01-31,511.739990234375,482.2075500488281,5358100
2024-02-01,507.1400146484375,477.8730773925781,4242600
2024-02-02,510.2300109863281,480.78472900390625,3804500
2024-02-05,502.9599914550781,473.93426513671875,3646300
2024-02-06,510.6700134277344,481.1993408203125,2745400
2024-02-07,519.3900146484375,489.4160461425781,4109100
2024-02-08,520.0900268554688,490.07568359375,3343000
2024-02-09,518.219970703125,488.3135986328125,2715400
2024-02-12,517.6400146484375,487.7670593261719,3194000
2024-02-13,516.8499755859375,487.022705078125,3436000
2024-02-14,516.9400024414062,487.1074523925781,1918500
2024-02-15,520.8800048828125,490.82012939453125,2292100
2024-02-16,521.5499877929688,491.4513854980469,2135500
2024-02-20,521.0599975585938,490.9897766113281,2600200
2024-02-21,521.969970703125,491.84710693359375,2095900
2024-02-22,526.5,496.11572265625,3186800
2024-02-23,527.239990234375,496.81298828125,2502000
2024-02-26,525.3200073242188,495.00384521484375,2308900
2024-02-27,513.4199829101562,483.7906188964844,3780600
2024-02-28,498.2799987792969,469.52435302734375,9558600
2024-02-29,493.6000061035156,465.11444091796875,6833200
2024-03-01,489.5299987792969,461.279296875,7315000
2024-03-04,481.8699951171875,454.0613708496094,5239800
2024-03-05,473.1499938964844,445.8445739746094,5296200
2024-03-06,472.6000061035156,445.32635498046875,5577500
2024-03-07,478.7799987792969,451.1496887207031,5102000
2024-03-08,476.57000732421875,450.8375244140625,4673600
2024-03-11,489.1499938964844,462.7381896972656,4410100
2024-03-12,489.3500061035156,462.9274597167969,4153800
2024-03-13,488.0,461.65032958984375,3669000
2024-03-14,489.0,462.5963134765625,3378500
2024-03-15,490.82000732421875,464.3180847167969,5713500
2024-03-18,487.04998779296875,460.7516174316406,2970500
2024-03-19,493.32000732421875,466.6831359863281,2511700
2024-03-20,494.2300109863281,467.5440368652344,3548200
2024-03-21,491.69000244140625,465.1410827636719,3693400
2024-03-22,490.07000732421875,463.6086120605469,2847300
2024-03-25,485.8800048828125,459.6448059082031,2786100
2024-03-26,492.30999755859375,465.72760009765625,3113300
2024-03-27,493.1000061035156,466.4749755859375,2653100
2024-03-28,494.70001220703125,467.9885559082031,3820000
2024-04-01,489.70001220703125,463.2585144042969,2928700
2024-04-02,458.1400146484375,433.4026184082031,11867000
2024-04-03,459.739990234375,434.9162292480469,4460400
2024-04-04,455.3800048828125,430.79168701171875,5182000
2024-04-05,455.739990234375,431.1322021484375,5747400
2024-04-08,456.0,431.3782043457031,4532300
2024-04-09,459.7200012207031,434.8973693847656,3521200
2024-04-10,450.04998779296875,425.7494812011719,4493500
2024-04-11,441.7200012207031,417.8692932128906,5844100
2024-04-12,439.20001220703125,415.4852600097656,6045700
2024-04-15,445.6300048828125,421.5681457519531,5376800
2024-04-16,468.8900146484375,443.57220458984375,11816500
2024-04-17,478.989990234375,453.1268005371094,8759800
2024-04-18,493.17999267578125,466.5506286621094,8880400
2024-04-19,501.1300048828125,474.0714111328125,6618600
2024-04-22,491.2300109863281,464.7059631347656,4697700
2024-04-23,486.17999267578125,459.9285888671875,3646700
2024-04-24,487.29998779296875,460.9881286621094,3724400
2024-04-25,493.8599853515625,467.1938781738281,4329700
2024-04-26,495.3500061035156,468.6034851074219,2727000
2024-04-29,489.0299987792969,462.62469482421875,2192100
2024-04-30,483.70001220703125,457.5825500488281,3367500
2024-05-01,484.1099853515625,457.9704284667969,2729200
2024-05-02,492.9700012207031,466.35198974609375,3561400
2024-05-03,492.45001220703125,465.8600769042969,2487600
2024-05-06,494.3800048828125,467.6858825683594,2029500
2024-05-07,500.9599914550781,473.91058349609375,3752100
2024-05-08,503.2099914550781,476.03912353515625,3078900
2024-05-09,507.0299987792969,479.6528015136719,2342900
2024-05-10,512.8099975585938,485.1206970214844,2784600
2024-05-13,511.739990234375,484.1083984375,2454500
2024-05-14,513.8800048828125,486.1329650878906,2949700
2024-05-15,517.5499877929688,489.604736328125,2981200
2024-05-16,521.27001953125,493.1239013671875,3655800
2024-05-17,524.6300048828125,496.3025207519531,2657200
2024-05-20,517.22998046875,489.302001953125,2476200
2024-05-21,523.5499877929688,495.2808837890625,2521900
2024-05-22,521.3499755859375,493.1995849609375,2299100
2024-05-23,516.8300170898438,488.92364501953125,3055400
2024-05-24,508.1700134277344,480.73126220703125,2527800
2024-05-28,503.67999267578125,476.4836730957031,2912800
2024-05-29,484.7200012207031,458.5474548339844,7521600
2024-05-30,481.6499938964844,455.6431884765625,5169700
2024-05-31,495.3699951171875,468.62237548828125,6694800
2024-06-03,497.44000244140625,470.58062744140625,2795100
2024-06-04,505.489990234375,478.19598388671875,3178400
2024-06-05,503.1199951171875,475.95391845703125,2464400
2024-06-06,501.9200134277344,474.8186950683594,2419600
2024-06-07,490.69000244140625,464.19512939453125,3416300
2024-06-10,495.0,468.2723388671875,3332800
2024-06-11,496.2200012207031,469.4264221191406,4599700
2024-06-12,493.07000732421875,466.4466247558594,4048200
2024-06-13,497.29998779296875,470.44818115234375,4951700
2024-06-14,497.1199951171875,470.2779235839844,3188400
2024-06-17,489.2300109863281,464.77728271484375,2407200
2024-06-18,481.04998779296875,457.0061950683594,3692700
2024-06-20,484.5199890136719,460.3027038574219,5258100
2024-06-21,482.5899963378906,458.4692077636719,6368600
2024-06-24,489.9800109863281,465.48980712890625,5139800
2024-06-25,484.5,460.28369140625,2916100
2024-06-26,484.0400085449219,459.8467102050781,3153100
2024-06-27,486.44000244140625,462.1268005371094,2991900
2024-06-28,509.260009765625,483.80621337890625,22734200
2024-07-01,494.6499938964844,469.9263916015625,4523100
2024-07-02,498.239990234375,473.3369445800781,3312000
2024-07-03,489.8900146484375,465.4043273925781,2239200
2024-07-05,488.010009765625,463.6183166503906,3499000
2024-07-08,489.3399963378906,464.8818054199219,3450600
2024-07-09,492.1099853515625,467.51336669921875,3056800
2024-07-10,500.92999267578125,475.8925476074219,3189800
2024-07-11,504.3599853515625,479.15106201171875,3535100
2024-07-12,511.5299987792969,485.96270751953125,3570600
2024-07-15,515.3699951171875,489.61077880859375,5128000
2024-07-16,548.8699951171875,521.4363403320312,11062000
2024-07-17,573.280029296875,544.6263427734375,10330800
2024-07-18,564.3400268554688,536.1332397460938,6834800
2024-07-19,565.3300170898438,537.07373046875,4290400
2024-07-22,558.530029296875,530.6134643554688,3377300
2024-07-23,554.7000122070312,526.9749755859375,2785600
2024-07-24,559.75,531.7725219726562,3156200
2024-07-25,559.6799926757812,531.7060546875,3102900
2024-07-26,569.719970703125,541.244140625,3201900
2024-07-29,566.75,538.4227294921875,2965000
2024-07-30,576.3300170898438,547.52392578125,4139100
2024-07-31,576.1599731445312,547.3623657226562,4713200
2024-08-01,572.77001953125,544.141845703125,3680800
2024-08-02,589.8300170898438,560.3489990234375,5094000
2024-08-05,569.9600219726562,541.4722900390625,4587400
2024-08-06,568.3499755859375,539.9426879882812,3216500
2024-08-07,566.0800170898438,537.7862548828125,4320700
2024-08-08,566.239990234375,537.938232421875,2860800
2024-08-09,558.760009765625,530.83203125,2976700
2024-08-12,565.2899780273438,537.0357055664062,2532400
2024-08-13,574.239990234375,545.5384521484375,2369400
2024-08-14,579.6699829101562,550.6968994140625,2344400
2024-08-15,579.6099853515625,550.6399536132812,2751800
2024-08-16,577.6799926757812,548.806396484375,2728900
2024-08-19,578.780029296875,549.8515625,1847900
2024-08-20,580.6500244140625,551.6281127929688,1677500
2024-08-21,578.0700073242188,549.177001953125,2844300
2024-08-22,578.719970703125,549.79443359375,2282000
2024-08-23,584.510009765625,555.2950439453125,2376400
2024-08-26,587.1300048828125,557.7840576171875,1800000
2024-08-27,587.3499755859375,557.9929809570312,1581900
2024-08-28,588.5399780273438,559.1234741210938,1657000
2024-08-29,591.5700073242188,562.002197265625,1953200
2024-08-30,590.2000122070312,560.70068359375,2944700
2024-09-03,598.6799926757812,568.7567749023438,3175500
2024-09-04,604.1799926757812,573.98193359375,2935000
2024-09-05,595.489990234375,565.7261962890625,2144800
2024-09-06,596.8800048828125,567.046630859375,2926400
2024-09-09,594.0999755859375,564.40576171875,3411400
2024-09-10,599.030029296875,569.0892944335938,2863500
2024-09-11,589.75,560.273193359375,3563600
2024-09-12,588.4199829101562,559.0095825195312,3395800
2024-09-13,594.3200073242188,564.61474609375,2241900
2024-09-16,589.1400146484375,561.6782836914062,2548600
2024-09-17,577.9600219726562,551.0194091796875,3416000
2024-09-18,580.6500244140625,553.5841064453125,2988300
2024-09-19,577.0700073242188,550.1708984375,2945700
2024-09-20,575.0,548.1973266601562,5398700
2024-09-23,573.4099731445312,546.6814575195312,2386100
2024-09-24,575.1900024414062,548.3786010742188,3188500
2024-09-25,576.3099975585938,549.4462280273438,2658800
2024-09-26,574.8099975585938,548.0162353515625,2751900
2024-09-27,581.8499755859375,554.7279663085938,2986200
2024-09-30,584.6799926757812,557.426025390625,3009700
2024-10-01,583.2999877929688,556.1104736328125,2648400
2024-10-02,592.3099975585938,564.7005004882812,3667000
2024-10-03,592.75,565.1200561523438,2645800
2024-10-04,591.2000122070312,563.6422119140625,2462600
2024-10-07,583.5599975585938,556.3583984375,2591100
2024-10-08,581.5800170898438,554.4707641601562,2231400
2024-10-09,591.219970703125,563.6612548828125,2207700
2024-10-10,597.7000122070312,569.8392944335938,2143200
2024-10-11,598.0499877929688,570.1729736328125,1909700
2024-10-14,605.4000244140625,577.1803588867188,2447100
2024-10-15,556.2899780273438,530.3594970703125,11939400
2024-10-16,571.3400268554688,544.7080688476562,5103900
2024-10-17,566.030029296875,539.6455078125,5588700
2024-10-18,569.6099853515625,543.05859375,3687000
2024-10-21,571.469970703125,544.8319702148438,3018000
2024-10-22,569.8599853515625,543.2969970703125,2593800
2024-10-23,564.6400146484375,538.3203125,2911900
2024-10-24,560.8099975585938,534.6687622070312,2590200
2024-10-25,564.5599975585938,538.2439575195312,2513700
2024-10-28,565.239990234375,538.892333984375,1826500
2024-10-29,562.1300048828125,535.9273071289062,2600300
2024-10-30,562.9600219726562,536.7186279296875,2323600
2024-10-31,564.5,538.1868286132812,2490000
2024-11-01,567.5599975585938,541.1041870117188,2548300
2024-11-04,557.77001953125,531.7705688476562,2656600
2024-11-05,567.030029296875,540.598876953125,2608100
2024-11-06,596.6900024414062,568.8763427734375,6591300
2024-11-07,605.4500122070312,577.2279663085938,5254300
2024-11-08,615.8099975585938,587.1050415039062,3875800
2024-11-11,625.25,596.1050415039062,3003200
2024-11-12,614.6699829101562,586.0181274414062,2809400
2024-11-13,605.8699951171875,577.6284790039062,3409400
2024-11-14,593.1500244140625,565.5014038085938,3079200
2024-11-15,592.22998046875,564.6242065429688,3423900
2024-11-18,589.6500244140625,562.1644897460938,2577100
2024-11-19,577.0,550.1041259765625,3198300
2024-11-20,600.5,572.5087280273438,3928600
2024-11-21,597.489990234375,569.638916015625,2722900
2024-11-22,590.8699951171875,563.3276977539062,3197900
2024-11-25,605.8300170898438,577.59033203125,5146200
2024-11-26,606.7899780273438,578.505615234375,2693600
2024-11-27,608.3800048828125,580.021484375,2269800
2024-11-29,610.2000122070312,581.756591796875,2010800
2024-12-02,608.52001953125,580.1549072265625,3364900
2024-12-03,605.22998046875,577.018310546875,2329900
2024-12-04,610.7899780273438,582.3190307617188,4147600
2024-12-05,578.969970703125,551.9822998046875,5943700
2024-12-06,549.6199951171875,524.0004272460938,13003600
2024-12-09,560.6199951171875,536.5376586914062,7684700
2024-12-10,565.1900024414062,540.9113159179688,5360600
2024-12-11,533.530029296875,510.6114196777344,10363000
2024-12-12,515.760009765625,493.604736328125,9403800
2024-12-13,520.47998046875,498.1219177246094,8202900
2024-12-16,498.5,477.086181640625,8880000
2024-12-17,485.5199890136719,464.6637268066406,14132700
2024-12-18,499.7200012207031,478.25372314453125,10147600
2024-12-19,489.25,468.2334899902344,7418100
2024-12-20,500.1300048828125,478.6461486816406,10956900
2024-12-23,506.3399963378906,484.5893859863281,4286000
2024-12-24,506.1000061035156,484.3596496582031,1824400
2024-12-26,511.1499938964844,489.1927490234375,3387000
2024-12-27,509.989990234375,488.08258056640625,3471800
2024-12-30,507.79998779296875,485.9866638183594,5408600
2024-12-31,505.8599853515625,484.1299743652344,4214000
2025-01-02,504.510009765625,482.8379821777344,4234900
2025-01-03,513.0,490.9632873535156,3019500
2025-01-06,513.6699829101562,491.6045227050781,4444800
2025-01-07,514.25,492.1595764160156,3914500
2025-01-08,524.52001953125,501.9884338378906,4141700
2025-01-10,520.6900024414062,498.3229675292969,5467500
2025-01-13,541.1400146484375,517.8944702148438,6472500
2025-01-14,543.739990234375,520.3828125,3978300
2025-01-15,543.4199829101562,520.0764770507812,4103900
2025-01-16,510.5899963378906,488.65679931640625,9059900
2025-01-17,509.760009765625,487.8624572753906,7495700
2025-01-21,524.989990234375,502.4382019042969,5682100
2025-01-22,519.719970703125,497.3946228027344,3756100
2025-01-23,529.77001953125,507.0129699707031,4580800
2025-01-24,532.510009765625,509.63519287109375,3671200
2025-01-27,543.52001953125,520.1722412109375,4263000
2025-01-28,542.47998046875,519.1768798828125,3162700
2025-01-29,538.0999755859375,514.985107421875,2737600
2025-01-30,545.5700073242188,522.1342163085938,2924700
2025-01-31,542.489990234375,519.1864624023438,4120500
2025-02-03,548.1799926757812,524.6321411132812,4083600
2025-02-04,545.4500122070312,522.0194091796875,2869900
2025-02-05,539.8099975585938,516.62158203125,4621600
2025-02-06,530.0399780273438,507.2712707519531,3926800
2025-02-07,527.030029296875,504.390625,3349100
2025-02-10,533.3699951171875,510.458251953125,3143100
2025-02-11,533.9199829101562,510.984619140625,2631900
2025-02-12,527.4000244140625,504.74468994140625,3859200
2025-02-13,531.1799926757812,508.3623352050781,2835100
2025-02-14,523.510009765625,501.0218505859375,3705300
2025-02-18,500.7300109863281,479.2203674316406,8759300
2025-02-19,511.0400085449219,489.0874938964844,4380300
2025-02-20,502.4200134277344,480.8377685546875,4144300
2025-02-21,466.4200134277344,446.3842468261719,19864900
2025-02-24,461.5199890136719,441.6947021484375,6919300
2025-02-25,470.3800048828125,450.17413330078125,9101000
2025-02-26,463.5899963378906,443.67578125,5108400
2025-02-27,468.55999755859375,448.4322509765625,4216800
2025-02-28,474.9599914550781,454.5573425292969,6146300
2025-03-03,467.04998779296875,446.98712158203125,5700200
2025-03-04,474.6099853515625,454.22235107421875,5864100
2025-03-05,475.9800109863281,455.5335388183594,3637100
2025-03-06,487.7200012207031,466.76922607421875,4964000
2025-03-07,493.4800109863281,472.2818298339844,5434100
2025-03-10,480.2200012207031,461.5555419921875,5108900
2025-03-11,486.0400085449219,467.1492919921875,4101000
2025-03-12,481.1099853515625,462.4109191894531,3680800
2025-03-13,481.5199890136719,462.8050231933594,2876600
2025-03-14,488.6499938964844,469.6578674316406,3915900
2025-03-17,499.0199890136719,479.6247863769531,5152300
2025-03-18,503.79998779296875,484.2190856933594,3617600
2025-03-19,503.20001220703125,483.6423645019531,3317600
2025-03-20,511.29998779296875,491.42755126953125,4965400
2025-03-21,516.8499755859375,496.7618713378906,10244900
2025-03-24,516.5,496.4254455566406,3840900
2025-03-25,513.4299926757812,493.4748229980469,3015100
2025-03-26,518.2000122070312,498.05938720703125,3253800
2025-03-27,515.719970703125,495.67578125,2822200
2025-03-28,516.0399780273438,495.98333740234375,2379100
2025-03-31,523.75,503.3936462402344,5238700
2025-04-01,523.1199951171875,502.7881164550781,2962500
2025-04-02,523.2000122070312,502.86505126953125,2378900
2025-04-03,540.4400024414062,519.4349975585938,6457900
2025-04-04,525.0499877929688,504.6431884765625,9919000
2025-04-07,524.7000122070312,504.30670166015625,7356700
2025-04-08,553.0800170898438,531.583740234375,11762300
2025-04-09,578.5,556.0157470703125,12691900
2025-04-10,594.4000244140625,571.2977905273438,8646000
2025-04-11,599.469970703125,576.170654296875,6121500
2025-04-14,587.0599975585938,564.2431030273438,4839300
2025-04-15,583.5900268554688,560.9078979492188,3871300
2025-04-16,585.0399780273438,562.301513671875,4192100
2025-04-17,454.1099853515625,436.4603271484375,29120200
2025-04-21,425.3299865722656,408.7989196777344,13029900
2025-04-22,427.17999267578125,410.5769958496094,10156900
2025-04-23,427.9599914550781,411.32672119140625,8345700
2025-04-24,424.25,407.7608642578125,7629100
2025-04-25,418.6400146484375,402.36895751953125,9263800
2025-04-28,420.0,403.676025390625,6614300
2025-04-29,409.2300109863281,393.32470703125,9909100
2025-04-30,411.44000244140625,395.4487609863281,9192800
2025-05-01,400.67999267578125,385.1070251464844,9316800
2025-05-02,399.9200134277344,384.3765563964844,11392900
2025-05-05,404.80999755859375,389.0764465332031,8157200
2025-05-06,394.510009765625,379.1767883300781,7858600
2025-05-07,391.05999755859375,375.8608703613281,8517200
2025-05-08,385.54998779296875,370.56500244140625,7218300
2025-05-09,380.6400146484375,365.84588623046875,8381100
2025-05-12,378.75,364.0293273925781,11004800
2025-05-13,311.3800048828125,299.2777404785156,59478300
2025-05-14,308.010009765625,296.03875732421875,40029600
2025-05-15,274.3500061035156,263.68701171875,121849200
2025-05-16,291.9100036621094,280.5644836425781,71094300
2025-05-19,315.8900146484375,303.6124572753906,62524700
2025-05-20,321.5799865722656,309.0812683105469,41487000
2025-05-21,302.9800109863281,291.2042541503906,45506900
2025-05-22,296.6700134277344,285.13946533203125,27159600
2025-05-23,295.57000732421875,284.08221435546875,16873600
2025-05-27,295.0,283.534423828125,20144600
2025-05-28,298.1099853515625,286.5235290527344,16114200
2025-05-29,298.1700134277344,286.5811767578125,16221100
2025-05-30,301.9100036621094,290.17584228515625,16309300
2025-06-02,304.7200012207031,292.8765869140625,19074400
2025-06-03,301.2200012207031,289.51263427734375,12805700
2025-06-04,300.3800048828125,288.7052917480469,11255600
2025-06-05,295.8399963378906,284.34173583984375,13529000
2025-06-06,303.2200012207031,291.4349060058594,12589000
2025-06-09,303.19000244140625,291.40606689453125,12170300
2025-06-10,303.7900085449219,291.9827880859375,11384100
2025-06-11,310.55999755859375,298.4896545410156,14711400
2025-06-12,318.5,306.1210632324219,15957200
2025-06-13,313.5299987792969,301.3442077636719,13762400
2025-06-16,307.6600036621094,297.8014831542969,14240100
2025-06-17,308.8699951171875,298.97271728515625,11593900
2025-06-18,307.20001220703125,297.3562316894531,12205600
2025-06-20,302.010009765625,292.33251953125,16177900
2025-06-23,300.67999267578125,291.0451354980469,12274700
2025-06-24,305.6199951171875,295.8268127441406,8781400
2025-06-25,302.0199890136719,292.3421936035156,8722100
2025-06-26,302.6199951171875,292.9229431152344,6532700
2025-06-27,309.1099853515625,299.2049865722656,15304400
2025-06-30,311.9700012207031,301.9733581542969,10074100
2025-07-01,326.1400146484375,315.6893310546875,17865500
2025-07-02,307.55999755859375,297.7046813964844,18177200
2025-07-03,308.54998779296875,298.6629333496094,6161100
2025-07-07,303.7099914550781,293.9779968261719,9031200
2025-07-08,307.70001220703125,297.8402099609375,9613800
2025-07-09,302.9100036621094,293.20367431640625,12816700
2025-07-10,299.510009765625,289.91265869140625,11355600
2025-07-11,304.1000061035156,294.3555603027344,9808200
2025-07-14,300.5799865722656,290.9483337402344,10681400
2025-07-15,291.7099914550781,282.3625793457031,16019000
2025-07-16,292.489990234375,283.1175537109375,9714000
2025-07-17,288.07000732421875,278.8392028808594,14792700
2025-07-18,282.6499938964844,273.5928955078125,14979700
2025-07-21,282.1400146484375,273.0992431640625,10319200
2025-07-22,285.1300048828125,275.9934387207031,14600300
2025-07-23,292.510009765625,283.1369323730469,13111100
2025-07-24,278.5799865722656,269.6533203125,22585200
2025-07-25,281.05999755859375,272.0538330078125,16486600
2025-07-28,282.1199951171875,273.0798645019531,15779400
2025-07-29,261.07000732421875,252.7043914794922,41706000
2025-07-30,266.0400085449219,257.5151672363281,22371800
2025-07-31,249.55999755859375,241.56321716308594,29606900
2025-08-01,237.77000427246094,230.1510009765625,39989200
2025-08-04,240.97999572753906,233.25814819335938,17427900
2025-08-05,251.0,242.95706176757812,23795900
2025-08-06,245.77999877929688,237.90432739257812,12946400
2025-08-07,244.6699981689453,236.82989501953125,11369900
2025-08-08,250.88999938964844,242.8505859375,10185700
2025-08-11,252.3699951171875,244.28314208984375,11779500
2025-08-12,261.57000732421875,253.1883544921875,12171800
2025-08-13,271.80999755859375,263.1002502441406,19480300
2025-08-14,271.489990234375,262.79046630859375,25011100
2025-08-15,304.010009765625,294.2684326171875,68198500
2025-08-18,308.489990234375,298.6048889160156,39600500
2025-08-19,304.239990234375,294.4910583496094,22348600
2025-08-20,299.8399963378906,290.2320251464844,16679000
2025-08-21,303.3500061035156,293.62957763671875,13359000
2025-08-22,307.4200134277344,297.5691833496094,14930000
2025-08-25,304.8599853515625,295.0912170410156,8917100
2025-08-26,300.42999267578125,290.8031311035156,16303200
2025-08-27,303.8800048828125,294.1425476074219,9982800
2025-08-28,302.2900085449219,292.60357666015625,11235000
2025-08-29,309.8699951171875,299.9406433105469,12065400
2025-09-02,308.79998779296875,298.9049377441406,10957100
2025-09-03,307.8800048828125,298.014404296875,9654600
2025-09-04,310.3800048828125,300.434326171875,7725700
2025-09-05,315.3900146484375,305.2838134765625,14126700
2025-09-08,320.25,309.988037109375,18438600
2025-09-09,347.9200134277344,336.77142333984375,46408900
2025-09-10,346.7799987792969,335.6679382324219,17804300
2025-09-11,353.6099853515625,342.279052734375,18943500
2025-09-12,352.510009765625,341.2143249511719,14016200
2025-09-15,347.8900146484375,338.8668518066406,11035900
2025-09-16,339.7799987792969,330.9671630859375,12695800
2025-09-17,341.6099853515625,332.7497253417969,8467700
2025-09-18,334.82000732421875,326.1358337402344,11255600
2025-09-19,336.69000244140625,327.9573059082031,13656800
2025-09-22,341.29998779296875,332.4477233886719,8903700
2025-09-23,347.69000244140625,338.6719970703125,12504100
2025-09-24,351.80999755859375,342.6851806640625,9016300
2025-09-25,345.55999755859375,336.5972595214844,8104900
2025-09-26,344.0799865722656,335.1556091308594,6774700
2025-09-29,345.17999267578125,336.22711181640625,6878900
2025-09-30,345.29998779296875,336.343994140625,7429700
2025-10-01,348.29998779296875,339.2662048339844,8825500
2025-10-02,353.7200012207031,344.5456237792969,8564200
2025-10-03,360.20001220703125,350.8575744628906,13494800
2025-10-06,358.7699890136719,349.4646301269531,7181700
2025-10-07,363.6600036621094,354.2278137207031,7236200
2025-10-08,369.9200134277344,360.325439453125,9438300
2025-10-09,367.69000244140625,358.1532897949219,8759800
2025-10-10,354.5,345.30535888671875,13141900
2025-10-13,358.6600036621094,349.35748291015625,5659400
2025-10-14,359.92999267578125,350.59454345703125,5974800
2025-10-15,361.1499938964844,351.7828674316406,6579600
2025-10-16,356.6700134277344,347.41912841796875,5872100
2025-10-17,356.6000061035156,347.3509216308594,8608400
2025-10-20,364.4800109863281,355.0265808105469,5996500
2025-10-21,365.3699951171875,355.8934631347656,6885300
2025-10-22,361.489990234375,352.1140441894531,7833000
2025-10-23,360.45001220703125,351.10107421875,5756700
2025-10-24,362.5,353.097900390625,5462100
2025-10-27,365.9800109863281,356.4876403808594,7766400
2025-10-28,367.8399963378906,358.29937744140625,18858700
2025-10-29,355.260009765625,346.0456848144531,11874900
2025-10-30,344.75,335.80828857421875,11441900
2025-10-31,341.55999755859375,332.70098876953125,8390800
2025-11-03,333.7900085449219,325.1325378417969,11181400
2025-11-04,330.8299865722656,322.2492980957031,9646600
2025-11-05,327.739990234375,319.23944091796875,9697100
2025-11-06,321.55999755859375,313.2197265625,7922100
2025-11-07,324.2099914550781,315.8009948730469,9402900
2025-11-10,321.5799865722656,313.23919677734375,9283800
2025-11-11,327.45001220703125,318.95697021484375,7157800
2025-11-12,339.05999755859375,330.2658386230469,10403300
2025-11-13,332.5199890136719,323.8954772949219,7788700
2025-11-14,321.8599853515625,313.5119323730469,8676500
2025-11-17,320.5199890136719,312.2066955566406,6485400
2025-11-18,313.5799865722656,305.4466857910156,9182100
2025-11-19,309.0899963378906,301.0731506347656,8181100
2025-11-20,311.5400085449219,303.4596252441406,7337600
2025-11-21,319.9700012207031,311.6710205078125,8406300
2025-11-24,319.04998779296875,310.7748718261719,10773800
2025-11-25,326.2799987792969,317.8172912597656,6149100
2025-11-26,329.7099914550781,321.1583557128906,5504200
2025-11-28,329.7699890136719,321.216796875,2464500
2025-12-01,323.2099914550781,314.8269348144531,6154600
2025-12-02,324.5400085449219,316.1224670410156,7978100
2025-12-03,339.7099914550781,330.89898681640625,9770000
2025-12-04,333.489990234375,324.8403015136719,8061600
2025-12-05,330.9100036621094,322.3272399902344,5906000
2025-12-08,323.6199951171875,317.3457336425781,4782800
2025-12-09,323.6000061035156,317.32611083984375,4628400
2025-12-10,328.3699951171875,322.003662109375,5910500
2025-12-11,336.7300109863281,330.2015686035156,7513200
2025-12-12,341.8399963378906,335.2125244140625,7979000
2025-12-15,341.1000061035156,334.4868469238281,6447200
2025-12-16,334.20001220703125,327.72064208984375,6334000
2025-12-17,331.6300048828125,325.2004699707031,4685600
2025-12-18,328.1400146484375,321.77813720703125,6354900
2025-12-19,327.4200134277344,321.07208251953125,10553000
2025-12-22,325.1600036621094,318.85589599609375,7872400
2025-12-23,324.79998779296875,318.5028381347656,4463300
2025-12-24,327.5799865722656,321.22894287109375,2842700
2025-12-26,331.8299865722656,325.39654541015625,4359300
2025-12-29,328.94000244140625,322.5625915527344,4346800
2025-12-30,332.1600036621094,325.7201843261719,4432500
2025-12-31,330.1099853515625,323.70989990234375,4285200
2026-01-02,336.3999938964844,329.8779602050781,6863600
2026-01-05,342.0199890136719,335.3890075683594,7956600
2026-01-06,348.9700012207031,342.2042541503906,9441900
2026-01-07,341.70001220703125,335.0752258300781,7461400
2026-01-08,346.8500061035156,340.1253662109375,5059300
2026-01-09,343.9800109863281,337.31103515625,4129100
2026-01-12,340.510009765625,333.9082946777344,7146400
2026-01-13,333.92999267578125,327.4558410644531,5605900
2026-01-14,334.9599914550781,328.46588134765625,5740900
2026-01-15,338.9599914550781,332.3883361816406,6943500
2026-01-16,331.0199890136719,324.6022644042969,8039100
2026-01-20,338.42999267578125,331.86859130859375,7596500
2026-01-21,347.75,341.0079040527344,8933300
2026-01-22,354.4700012207031,347.59765625,7491400
2026-01-23,356.260009765625,349.3529052734375,9082200
2026-01-26,351.6400146484375,344.8224792480469,10399500
2026-01-27,282.70001220703125,277.2190856933594,65836900
2026-01-28,294.0199890136719,288.3196105957031,23396900
2026-01-29,292.2900085449219,286.6231384277344,13456400
2026-01-30,286.92999267578125,281.3670654296875,12022200
2026-02-02,285.5899963378906,280.0530700683594,8664200
2026-02-03,284.17999267578125,278.6703796386719,10809100
2026-02-04,275.9200134277344,270.5705261230469,12944100
2026-02-05,268.54998779296875,263.3434143066406,13035300
2026-02-06,276.6499938964844,271.286376953125,9572800
2026-02-09,275.70001220703125,270.3548278808594,10371600
2026-02-10,273.2200012207031,267.92291259765625,7284700
2026-02-11,278.9100036621094,273.5025634765625,6333100
2026-02-12,284.3699951171875,278.8567199707031,12336900
2026-02-13,293.19000244140625,287.50567626953125,10281900
2026-02-17,289.0899963378906,283.4851989746094,6091700
2026-02-18,288.20001220703125,282.61248779296875,6632000
2026-02-19,289.92999267578125,284.30889892578125,4931800
2026-02-20,290.0,284.3775634765625,6974100
2026-02-23,282.3399963378906,276.8660583496094,7247500
2026-02-24,273.95001220703125,268.63873291015625,9684500
2026-02-25,284.20001220703125,278.69000244140625,11380600
2026-02-26,286.6600036621094,281.102294921875,10210000
2026-02-27,293.2699890136719,287.5841369628906,9723300
2026-03-02,294.92999267578125,289.21197509765625,8141400
2026-03-03,289.2099914550781,283.6028747558594,7051100
2026-03-04,291.9599914550781,286.2995300292969,7796000
2026-03-05,288.7699890136719,283.17138671875,5397900
2026-03-06,286.4800109863281,280.9258117675781,6816900
2026-03-09,285.1700134277344,281.81524658203125,10348800
2026-03-10,282.3399963378906,279.01849365234375,6075600
2026-03-11,285.25,281.894287109375,6878800
2026-03-12,277.04998779296875,273.7907409667969,10512300
2026-03-13,282.0899963378906,278.7714538574219,4737600
2026-03-16,285.489990234375,282.1314392089844,4854000
2026-03-17,287.57000732421875,284.1869812011719,5752000
2026-03-18,284.3299865722656,280.9850769042969,4544100
2026-03-19,280.44000244140625,277.140869140625,5542100
2026-03-20,275.5899963378906,272.3479309082031,38893000
2026-03-23,269.5400085449219,266.36907958984375,10424200
2026-03-24,272.2799987792969,269.07684326171875,5911700
2026-03-25,270.54998779296875,267.3671875,8121200
2026-03-26,268.04998779296875,264.8966064453125,6218800
2026-03-27,259.0199890136719,255.97283935546875,10735300
2026-03-30,261.7900085449219,258.7102966308594,7774700
2026-03-31,270.5899963378906,267.40673828125,9170800
2026-04-01,273.9800109863281,270.7568664550781,5473400
2026-04-02,277.260009765625,273.998291015625,6407000
2026-04-06,281.3599853515625,278.0500183105469,7097000
2026-04-07,307.7300109863281,304.1098327636719,22099800
2026-04-08,305.9800109863281,302.3804016113281,9645000
2026-04-09,306.9100036621094,303.2994689941406,5742000
2026-04-10,304.3299865722656,300.7497863769531,5212900
2026-04-13,313.0,309.31781005859375,7972200
2026-04-14,314.19000244140625,310.4938049316406,5864500
2026-04-15,314.04998779296875,310.3554382324219,5041200
2026-04-16,316.3999938964844,312.67779541015625,5205600
2026-04-17,324.6300048828125,320.8110046386719,9414700
2026-04-20,323.4800109863281,319.674560546875,9050600
2026-04-21,346.010009765625,341.9394836425781,26097300
2026-04-22,353.5199890136719,349.36114501953125,11807300
2026-04-23,354.55999755859375,350.3888854980469,7255800
2026-04-24,354.9200134277344,350.74468994140625,8554600
2026-04-27,354.69000244140625,350.5173645019531,7256100
2026-04-28,366.7699890136719,362.45526123046875,10604100
2026-04-29,370.739990234375,366.3785400390625,9046600
2026-04-30,370.4800109863281,366.1216125488281,6879900
2026-05-01,368.7799987792969,364.4416198730469,4945400
2026-05-04,370.75,366.388427734375,4916900
2026-05-05,363.8699951171875,359.58935546875,6489000
2026-05-06,367.2799987792969,362.9592590332031,6695500
2026-05-07,369.739990234375,365.3902893066406,5235400
2026-05-08,379.9800109863281,375.5098876953125,6455100
2026-05-11,384.44000244140625,379.9173889160156,6949600
2026-05-12,396.3900146484375,391.7268371582031,9236300
2026-05-13,401.1600036621094,396.440673828125,8454100
2026-05-14,399.0899963378906,394.39501953125,5342500
2026-05-15,393.8500061035156,389.2167053222656,9811200
2026-05-18,391.1300048828125,386.5286865234375,8400700
2026-05-19,389.239990234375,384.660888671875,5016800
2026-05-20,383.29998779296875,378.7908020019531,7783900
2026-05-21,382.4800109863281,377.9804382324219,4732500
2026-05-22,388.4700012207031,383.8999938964844,5598600
2026-05-26,376.8599853515625,372.4265441894531,6498100
2026-05-27,384.010009765625,379.4924621582031,4544000
2026-05-28,382.5299987792969,378.02984619140625,4330800
2026-05-29,380.30999755859375,375.8359680175781,10257900
2026-06-01,379.8599853515625,375.3912658691406,6623700
2026-06-02,377.9200134277344,373.4740905761719,3874400
2026-06-03,377.0,372.5649108886719,6808400
2026-06-04,396.4700012207031,391.8058776855469,12666100
2026-06-05,399.4700012207031,394.77056884765625,10897300
2026-06-08,406.57000732421875,401.78704833984375,6963200
2026-06-09,413.0,408.14141845703125,8590400
2026-06-10,407.4599914550781,402.66656494140625,6512900
2026-06-11,405.54998779296875,400.7790222167969,4938100
2026-06-12,408.5199890136719,403.714111328125,7269600
2026-06-15,411.0400085449219,408.52447509765625,6777900
2026-06-16,407.6499938964844,405.15521240234375,4815100
2026-06-17,399.5299987792969,397.08489990234375,5838800
2026-06-18,400.9599914550781,398.50616455078125,11896900
2026-06-22,406.67999267578125,404.191162109375,5818600
2026-06-23,409.25,406.74542236328125,6675900
2026-06-24,405.79998779296875,403.3165283203125,6858800
2026-06-25,415.5299987792969,412.98699951171875,6014400
2026-06-26,427.8900146484375,425.2713623046875,10588200
2026-06-29,419.82000732421875,417.2507629394531,5167400
2026-06-30,415.6300048828125,413.0863952636719,5779800
2026-07-01,426.5400085449219,423.92962646484375,4985900
2026-07-02,425.3599853515625,422.7568359375,3928800
2026-07-06,417.989990234375,415.4319152832031,6379000
2026-07-07,428.19000244140625,425.56951904296875,5800500
2026-07-08,425.6000061035156,422.995361328125,3859200
2026-07-09,431.67999267578125,429.03814697265625,5566000
2026-07-10,424.6199951171875,422.0213623046875,3798600
2026-07-13,429.0899963378906,426.4640197753906,3863800
2026-07-14,425.19000244140625,422.587890625,5135900
2026-07-15,418.5199890136719,415.95867919921875,6764800
2026-07-16,423.3800048828125,420.7889709472656,13281900
2026-07-17,426.0899963378906,423.48236083984375,10718100
2026-07-20,421.54998779296875,418.97015380859375,4818800
2026-07-21,436.3500061035156,433.6795959472656,6833600
2026-07-22,431.30999755859375,428.67041015625,4234100
2026-07-23,423.55999755859375,420.9678649902344,4868700
2026-07-24,420.739990234375,418.16510009765625,3752500
2026-07-27,417.6400146484375,415.0841064453125,4615700
2026-07-28,428.7900085449219,426.1658630371094,5917300
2026-07-29,420.57000732421875,417.99615478515625,5257900
2026-07-30,421.4700012207031,418.8906555175781,3647500
2026-07-31,414.3999938964844,411.8638916015625,3920900
2026-08-03,415.3599853515625,412.8180236816406,3209600
2026-08-04,407.54998779296875,405.0558166503906,5266300
2026-08-05,412.75,410.2239990234375,5399000
2026-08-06,403.9700012207031,401.49774169921875,4712400
2026-08-07,407.0799865722656,404.58868408203125,4095900
2026-08-10,408.739990234375,406.238525390625,3182200
2026-08-11,402.19000244140625,399.7286376953125,3398900
2026-08-12,405.5899963378906,403.1078186035156,3317200
2026-08-13,399.05999755859375,396.6177978515625,4170200
2026-08-14,401.7300109863281,399.2714538574219,3476400
2026-08-17,395.6199951171875,393.1988525390625,5295100
2026-08-18,393.92999267578125,391.5191650390625,3605100
2026-08-19,388.6099853515625,386.2317199707031,5268500
2026-08-20,384.8500061035156,382.4947509765625,4497200
2026-08-21,390.1099853515625,387.7225341796875,4879600
2026-08-24,398.760009765625,396.31964111328125,4683900
2026-08-25,396.5899963378906,394.16290283203125,2655000
2026-08-26,401.010009765625,398.5558776855469,3557000
2026-08-27,395.04998779296875,392.63232421875,3668200
2026-08-28,392.95001220703125,390.5451965332031,2455500
2026-08-31,389.4100036621094,387.02685546875,5748000
2026-09-01,396.29998779296875,393.8746643066406,3716200
2026-09-02,399.6600036621094,397.214111328125,3265300
2026-09-03,400.94000244140625,398.4862976074219,5488900
2026-09-04,397.1400146484375,394.7095642089844,5565400
2026-09-08,400.8399963378906,398.38690185546875,7049400
2026-09-09,393.05999755859375,390.6545104980469,7735200
2026-09-10,388.2799987792969,385.90374755859375,4339900
2026-09-11,379.0899963378906,376.7699890136719,7478400
2026-09-14,383.54998779296875,383.54998779296875,4474000
2026-09-15,375.92999267578125,375.92999267578125,4391400
2026-09-16,375.260009765625,375.260009765625,4414900
2026-09-17,375.2099914550781,375.2099914550781,4833700
2026-09-18,376.8999938964844,376.8999938964844,8606300
2026-09-21,377.55999755859375,377.55999755859375,5712300
2026-09-22,372.95001220703125,372.95001220703125,4495000
2026-09-23,371.2900085449219,371.2900085449219,3859300
2026-09-24,375.010009765625,375.010009765625,4651000
