Date,close,adjclose,volume
2014-12-01,64.5374984741211,59.39419174194336,10925600
2014-12-02,65.00250244140625,59.82216262817383,8535200
2014-12-03,65.4000015258789,60.187965393066406,9382000
2014-12-04,65.28500366210938,60.08213806152344,7362400
2014-12-05,65.8375015258789,60.5905876159668,7838000
2014-12-08,65.7750015258789,60.5330810546875,12342000
2014-12-09,66.03500366210938,60.772361755371094,10454000
2014-12-10,65.43000030517578,60.215572357177734,8528000
2014-12-11,65.77999877929688,60.537681579589844,13383600
2014-12-12,64.19499969482422,59.079010009765625,15325600
2014-12-15,64.17500305175781,59.06058883666992,12825200
2014-12-16,63.352500915527344,58.30364227294922,12050400
2014-12-17,64.7699966430664,59.6081657409668,9714400
2014-12-18,66.04000091552734,60.77696228027344,10318000
2014-12-19,65.4175033569336,60.204063415527344,15563600
2014-12-22,66.05249786376953,60.788475036621094,5680000
2014-12-23,66.31500244140625,61.0300407409668,5537600
2014-12-24,66.90750122070312,61.57533264160156,5236800
2014-12-26,66.65499877929688,61.34294128417969,4768800
2014-12-29,66.35749816894531,61.06916427612305,5262400
2014-12-30,66.13749694824219,60.86670684814453,4781600
2014-12-31,65.55000305175781,60.326026916503906,5904800
2015-01-02,66.25499725341797,60.97480010986328,8389600
2015-01-05,64.7925033569336,59.628875732421875,12751200
2015-01-06,64.375,59.244659423828125,11070000
2015-01-07,65.23750305175781,60.038421630859375,9346800
2015-01-08,66.11250305175781,60.84368896484375,10443200
2015-01-09,65.13249969482422,59.9417610168457,10523600
2015-01-12,65.00499725341797,59.82444763183594,6425600
2015-01-13,65.19499969482422,59.99931716918945,10284000
2015-01-14,63.88999938964844,58.79832458496094,12225200
2015-01-15,63.282501220703125,58.239219665527344,10569200
2015-01-16,63.73749923706055,58.65795135498047,11137200
2015-01-20,64.20999908447266,59.092796325683594,14933200
2015-01-21,64.31999969482422,59.19403076171875,9784000
2015-01-22,64.4000015258789,59.26765823364258,11566000
2015-01-23,64.57250213623047,59.426414489746094,6166800
2015-01-26,64.13249969482422,59.021480560302734,8552400
2015-01-27,62.747501373291016,57.746864318847656,11027600
2015-01-28,61.59000015258789,56.68161392211914,11430800
2015-01-29,62.0,57.058921813964844,15668400
2015-01-30,63.727500915527344,58.64875793457031,22151600
2015-02-02,63.834999084472656,58.7476921081543,13665200
2015-02-03,64.94750213623047,59.771522521972656,15075600
2015-02-04,66.22250366210938,60.944923400878906,22170800
2015-02-05,67.94999694824219,62.53474426269531,16565600
2015-02-06,66.8550033569336,61.527015686035156,11242000
2015-02-09,66.36499786376953,61.0760612487793,7834400
2015-02-10,66.13749694824219,60.86670684814453,9396800
2015-02-11,66.49749755859375,61.309242248535156,8795600
2015-02-12,67.72750091552734,62.44328308105469,11641600
2015-02-13,67.40750122070312,62.14827346801758,8476000
2015-02-17,67.71749877929688,62.43404769897461,6810400
2015-02-18,67.27999877929688,62.030696868896484,6429200
2015-02-19,67.2750015258789,62.02606964111328,5654800
2015-02-20,68.25,62.925018310546875,9034800
2015-02-23,68.25250244140625,62.92731857299805,6654800
2015-02-24,68.11750030517578,62.802852630615234,9045200
2015-02-25,68.25250244140625,62.92731857299805,6842800
2015-02-26,68.4375,63.0978889465332,13459600
2015-02-27,67.82749938964844,62.535484313964844,7965200
2015-03-02,69.57250213623047,64.14431762695312,11653600
2015-03-03,68.82499694824219,63.455142974853516,8807200
2015-03-04,68.4375,63.0978889465332,8021200
2015-03-05,68.53250122070312,63.18546676635742,6756000
2015-03-06,67.33499908447266,62.08138656616211,11590800
2015-03-09,67.8550033569336,62.560848236083984,8902000
2015-03-10,66.30000305175781,61.12714767456055,11125600
2015-03-11,66.1875,61.0234260559082,12105200
2015-03-12,67.3949966430664,62.136722564697266,9530800
2015-03-13,66.25749969482422,61.087974548339844,12578800
2015-03-16,67.25499725341797,62.00764083862305,9849600
2015-03-17,66.125,60.965797424316406,14290800
2015-03-18,66.9175033569336,61.696468353271484,50658000
2015-03-19,66.80999755859375,61.59733581542969,15407500
2015-03-20,67.41000366210938,62.150550842285156,15372000
2015-03-23,67.08000183105469,61.84629821777344,8128000
2015-03-24,67.0999984741211,61.86472702026367,6534800
2015-03-25,65.7300033569336,60.60163116455078,13054300
2015-03-26,65.58999633789062,60.4725456237793,9487200
2015-03-27,65.54000091552734,60.42646026611328,6521100
2015-03-30,65.66000366210938,60.537086486816406,11237100
2015-03-31,65.41000366210938,60.30659484863281,7400500
2015-04-01,65.18000030517578,60.09455490112305,7633000
2015-04-02,65.29000091552734,60.19594955444336,5083000
2015-04-06,65.19999694824219,60.112972259521484,8351200
2015-04-07,65.80000305175781,60.666168212890625,6660800
2015-04-08,66.5,61.31155014038086,6604200
2015-04-09,66.44000244140625,61.2562370300293,5408500
2015-04-10,66.33999633789062,61.164039611816406,4628500
2015-04-13,65.61000061035156,60.490989685058594,5059800
2015-04-14,65.52999877929688,60.417232513427734,5621800
2015-04-15,65.68000030517578,60.555545806884766,5347100
2015-04-16,65.6500015258789,60.527870178222656,4121300
2015-04-17,64.5199966430664,59.48602294921875,11212900
2015-04-20,64.72000122070312,59.67043685913086,5948900
2015-04-21,65.3499984741211,60.25127410888672,9619700
2015-04-22,68.01000213623047,62.7037467956543,20912400
2015-04-23,67.72000122070312,62.436363220214844,7193400
2015-04-24,67.4800033569336,62.2150993347168,6219900
2015-04-27,67.0999984741211,61.86472702026367,7122400
2015-04-28,66.7699966430664,61.56049346923828,6297500
2015-04-29,67.33999633789062,62.08600997924805,9812400
2015-04-30,66.05000305175781,60.89665222167969,11780600
2015-05-01,65.7699966430664,60.63850021362305,10142800
2015-05-04,65.58000183105469,60.463321685791016,7426400
2015-05-05,65.95999908447266,60.813690185546875,8099800
2015-05-06,65.66999816894531,60.54631805419922,7084600
2015-05-07,66.58000183105469,61.38530349731445,6660300
2015-05-08,69.47000122070312,64.04981994628906,18359000
2015-05-11,69.0199966430664,63.63493347167969,10998500
2015-05-12,68.69000244140625,63.330684661865234,7438200
2015-05-13,68.6500015258789,63.40455627441406,5129800
2015-05-14,70.0,64.65141296386719,6491100
2015-05-15,69.56999969482422,64.25425720214844,7121000
2015-05-18,70.0,64.65141296386719,5553800
2015-05-19,70.16000366210938,64.79920959472656,4351000
2015-05-20,69.77999877929688,64.44821166992188,4870100
2015-05-21,69.37000274658203,64.06953430175781,6483800
2015-05-22,69.62000274658203,64.3004150390625,4511700
2015-05-26,68.54000091552734,63.30295181274414,6228100
2015-05-27,69.48999786376953,64.18032836914062,7064800
2015-05-28,69.55999755859375,64.24505615234375,3893900
2015-05-29,68.68000030517578,63.43229675292969,6678100
2015-06-01,69.11000061035156,63.829410552978516,6309400
2015-06-02,69.04000091552734,63.76478958129883,4457400
2015-06-03,68.94999694824219,63.68165969848633,4906400
2015-06-04,68.20999908447266,62.998165130615234,6460000
2015-06-05,68.37000274658203,63.14596939086914,4413100
2015-06-08,67.68000030517578,62.508689880371094,4864300
2015-06-09,67.94999694824219,62.758056640625,4439700
2015-06-10,69.62999725341797,64.30968475341797,6807800
2015-06-11,69.63999938964844,64.31892395019531,5238700
2015-06-12,69.33000183105469,64.0326156616211,4900700
2015-06-15,68.56999969482422,63.330684661865234,5995100
2015-06-16,69.01000213623047,63.7370719909668,5937400
2015-06-17,68.75,63.49692153930664,7818300
2015-06-18,69.5,64.18961334228516,7596800
2015-06-19,68.69000244140625,63.441497802734375,8728800
2015-06-22,69.08999633789062,63.810943603515625,5511700
2015-06-23,69.41999816894531,64.11575317382812,3888700
2015-06-24,68.86000061035156,63.59851837158203,4670600
2015-06-25,68.62000274658203,63.376869201660156,4705100
2015-06-26,68.75,63.49692153930664,7025600
2015-06-29,66.72000122070312,61.6220588684082,9706700
2015-06-30,67.1500015258789,62.01917266845703,6811000
2015-07-01,67.8499984741211,62.665679931640625,6260800
2015-07-02,68.23999786376953,63.02589416503906,5053000
2015-07-06,68.12000274658203,62.915077209472656,5270600
2015-07-07,67.7699966430664,62.591796875,6500700
2015-07-08,66.7300033569336,61.63127517700195,5973500
2015-07-09,67.05000305175781,61.92683410644531,4837800
2015-07-10,68.41999816894531,63.19213104248047,5110200
2015-07-13,69.5199966430664,64.20809936523438,6832300
2015-07-14,70.0999984741211,64.74378204345703,5635400
2015-07-15,70.0199966430664,64.66989135742188,4506200
2015-07-16,70.56999969482422,65.17784118652344,6512500
2015-07-17,70.87999725341797,65.46416473388672,6287600
2015-07-20,72.69999694824219,67.14511108398438,10198500
2015-07-21,72.0199966430664,66.51705932617188,10919600
2015-07-22,71.97000122070312,66.47089385986328,6303200
2015-07-23,71.75,66.2676773071289,10755700
2015-07-24,74.80000305175781,69.08464813232422,21196100
2015-07-27,73.86000061035156,68.21649169921875,10293800
2015-07-28,74.73999786376953,69.02922058105469,10054300
2015-07-29,76.01000213623047,70.20219421386719,13746900
2015-07-30,76.37999725341797,70.5439453125,6507000
2015-07-31,75.33999633789062,69.5833969116211,8526300
2015-08-03,75.7699966430664,69.98056030273438,5810800
2015-08-04,75.2699966430664,69.51874542236328,6957900
2015-08-05,74.9800033569336,69.25089263916016,6976400
2015-08-06,73.58000183105469,67.95785522460938,7767800
2015-08-07,74.20999908447266,68.53975677490234,6484600
2015-08-10,74.37999725341797,68.69673919677734,6183500
2015-08-11,73.36000061035156,67.75469207763672,6476000
2015-08-12,73.54000091552734,68.03221130371094,7625100
2015-08-13,73.93000030517578,68.39302062988281,5992000
2015-08-14,74.22000122070312,68.66130828857422,3861500
2015-08-17,74.41000366210938,68.83706665039062,3473500
2015-08-18,74.47000122070312,68.89257049560547,6325500
2015-08-19,74.4000015258789,68.82779693603516,5886900
2015-08-20,73.94999694824219,68.41151428222656,12082300
2015-08-21,71.19000244140625,65.85823822021484,15752200
2015-08-24,68.36000061035156,63.24016189575195,20950600
2015-08-25,66.97000122070312,61.95427322387695,14485000
2015-08-26,70.69000244140625,65.39567565917969,12220000
2015-08-27,72.4000015258789,66.97758483886719,9122200
2015-08-28,72.45999908447266,67.03309631347656,6411400
2015-08-31,71.30000305175781,65.95997619628906,8313300
2015-09-01,68.95999908447266,63.795230865478516,11491500
2015-09-02,69.62000274658203,64.4057846069336,9218000
2015-09-03,70.4000015258789,65.12738800048828,9035200
2015-09-04,69.16000366210938,63.980255126953125,9469400
2015-09-08,70.52999877929688,65.2476577758789,7984900
2015-09-09,69.5999984741211,64.38729095458984,9022200
2015-09-10,70.2300033569336,64.9701156616211,7244200
2015-09-11,70.76000213623047,65.4604263305664,6452100
2015-09-14,70.01000213623047,64.76658630371094,7059300
2015-09-15,70.51000213623047,65.2291488647461,6962600
2015-09-16,70.98999786376953,65.6731948852539,8207600
2015-09-17,70.95999908447266,65.64544677734375,7663300
2015-09-18,69.79000091552734,64.5630874633789,14508100
2015-09-21,70.77999877929688,65.4789047241211,12756500
2015-09-22,70.25,64.98860168457031,11394000
2015-09-23,70.94999694824219,65.63618469238281,10655800
2015-09-24,70.23999786376953,64.97936248779297,8406700
2015-09-25,70.69000244140625,65.39567565917969,7756600
2015-09-28,67.19999694824219,62.16706085205078,15261200
2015-09-29,68.52999877929688,63.3974494934082,11326700
2015-09-30,69.66000366210938,64.44280242919922,9309200
2015-10-01,69.98999786376953,64.74809265136719,8679900
2015-10-02,70.66999816894531,65.37718200683594,7460400
2015-10-05,72.2300033569336,66.8203353881836,7286800
2015-10-06,72.08000183105469,66.68154907226562,5782500
2015-10-07,73.22000122070312,67.73619079589844,6208900
2015-10-08,73.9000015258789,68.36524963378906,5713100
2015-10-09,73.9800033569336,68.43927764892578,5947800
2015-10-12,74.98999786376953,69.37361907958984,5586300
2015-10-13,75.0,69.38288879394531,7439400
2015-10-14,74.19999694824219,68.64280700683594,7568300
2015-10-15,75.33999633789062,69.6974105834961,6856200
2015-10-16,76.0,70.30797576904297,9117400
2015-10-19,76.98999786376953,71.22382354736328,9952600
2015-10-20,76.27999877929688,70.56697845458984,8148800
2015-10-21,75.45999908447266,69.80843353271484,7277900
2015-10-22,76.41999816894531,70.696533203125,9093400
2015-10-23,77.06999969482422,71.29784393310547,11971300
2015-10-26,78.18000030517578,72.32469940185547,8019400
2015-10-27,77.5199966430664,71.71411895751953,9527400
2015-10-28,78.87000274658203,72.9630126953125,10850200
2015-10-29,78.51000213623047,72.62997436523438,7648600
2015-10-30,77.58000183105469,71.76964569091797,11186500
2015-11-02,75.22000122070312,69.58639526367188,29966000
2015-11-03,77.9000015258789,72.06563568115234,18899900
2015-11-04,78.3499984741211,72.48197937011719,8640800
2015-11-05,79.26000213623047,73.32382202148438,9392600
2015-11-06,78.75,72.8520278930664,8221600
2015-11-09,78.04000091552734,72.19519805908203,10157300
2015-11-10,79.4800033569336,73.65946197509766,8440300
2015-11-11,79.18000030517578,73.3814697265625,8024400
2015-11-12,78.30999755859375,72.57515716552734,8939800
2015-11-13,78.11000061035156,72.38980865478516,9913200
2015-11-16,78.9000015258789,73.1219711303711,7805000
2015-11-17,78.83000183105469,73.05706024169922,6942600
2015-11-18,80.45999908447266,74.56770324707031,7212400
2015-11-19,80.1500015258789,74.2804183959961,6082200
2015-11-20,80.19000244140625,74.31747436523438,6764300
2015-11-23,80.11000061035156,74.24333953857422,5910600
2015-11-24,79.79000091552734,73.94679260253906,6040800
2015-11-25,79.55999755859375,73.7336196899414,4268700
2015-11-27,79.83999633789062,73.9931411743164,3139500
2015-11-30,79.01000213623047,73.22390747070312,8874600
2015-12-01,79.91000366210938,74.0579833984375,6702100
2015-12-02,79.04000091552734,73.25170135498047,7310000
2015-12-03,78.29000091552734,72.556640625,8689600
2015-12-04,80.4000015258789,74.51210021972656,9944600
2015-12-07,79.55000305175781,73.72437286376953,15262400
2015-12-08,79.06999969482422,73.27948760986328,11344000
2015-12-09,77.87999725341797,72.1766357421875,15361500
2015-12-10,78.12000274658203,72.39907836914062,8717100
2015-12-11,76.11000061035156,70.53624725341797,15625800
2015-12-14,76.87000274658203,71.24063873291016,10361000
2015-12-15,78.62000274658203,72.86244201660156,11355300
2015-12-16,79.86000061035156,74.01166534423828,10497500
2015-12-17,78.69000244140625,72.9273452758789,7555300
2015-12-18,76.31999969482422,70.73091125488281,16271200
2015-12-21,77.16999816894531,71.51864624023438,8442100
2015-12-22,77.37999725341797,71.71326446533203,5699100
2015-12-23,78.55999755859375,72.80683135986328,6335900
2015-12-24,78.26000213623047,72.52881622314453,2188800
2015-12-28,78.52999877929688,72.7790298461914,3680900
2015-12-29,79.20999908447266,73.40924072265625,4627100
2015-12-30,78.3499984741211,72.61223602294922,4230400
2015-12-31,77.55000305175781,71.87084197998047,6538300
2016-01-04,75.69999694824219,70.15628814697266,13476800
2016-01-05,76.2699966430664,70.6845932006836,8972700
2016-01-06,75.2699966430664,69.75779724121094,16092000
2016-01-07,73.79000091552734,68.38616943359375,12470800
2016-01-08,72.87999725341797,67.54280090332031,9977600
2016-01-11,73.91999816894531,68.50666809082031,13069500
2016-01-12,74.76000213623047,69.28511810302734,10236900
2016-01-13,73.0999984741211,67.7466812133789,12659600
2016-01-14,73.80000305175781,68.39546203613281,10426200
2016-01-15,71.83000183105469,66.56970977783203,18470500
2016-01-19,71.38999938964844,66.16191101074219,16009600
2016-01-20,70.68000030517578,65.50393676757812,16586000
2016-01-21,71.55999755859375,66.31946563720703,11931200
2016-01-22,72.69999694824219,67.37600708007812,8652600
2016-01-25,71.73999786376953,66.48629760742188,9126200
2016-01-26,71.87999725341797,66.61600494384766,7500200
2016-01-27,70.91000366210938,65.71707916259766,9020500
2016-01-28,69.33000183105469,64.25277709960938,15295600
2016-01-29,74.48999786376953,69.03490447998047,40427800
2016-02-01,74.37999725341797,68.9329833984375,12623500
2016-02-02,73.4000015258789,68.02471160888672,9572700
2016-02-03,74.37999725341797,68.9329833984375,9941900
2016-02-04,73.68000030517578,68.28422546386719,14735700
2016-02-05,71.54000091552734,66.30094146728516,12939400
2016-02-08,67.7699966430664,62.807029724121094,30542600
2016-02-09,68.33000183105469,63.32602310180664,14882800
2016-02-10,70.1500015258789,65.01274108886719,11369500
2016-02-11,68.47000122070312,63.45578384399414,13962100
2016-02-12,70.41999816894531,65.2629623413086,8710200
2016-02-16,71.0999984741211,65.8931655883789,8780700
2016-02-17,72.02999877929688,66.88676452636719,8494100
2016-02-18,71.23999786376953,66.1531982421875,6938100
2016-02-19,71.52999877929688,66.4224853515625,7750900
2016-02-22,73.05999755859375,67.84320831298828,7481500
2016-02-23,72.1500015258789,66.99818420410156,6177000
2016-02-24,71.8499984741211,66.71961975097656,7728600
2016-02-25,73.2699966430664,68.03823852539062,6840900
2016-02-26,72.7300033569336,67.53677368164062,6714100
2016-02-29,72.38999938964844,67.22108459472656,7786100
2016-03-01,74.63999938964844,69.31041717529297,8705300
2016-03-02,74.30000305175781,68.99466705322266,5739100
2016-03-03,73.91000366210938,68.63253784179688,6588300
2016-03-04,73.9000015258789,68.62322235107422,9475300
2016-03-07,71.94000244140625,66.80316925048828,16671900
2016-03-08,70.62000274658203,65.57745361328125,12394400
2016-03-09,70.68000030517578,65.63319396972656,9291600
2016-03-10,70.22000122070312,65.20600891113281,10135100
2016-03-11,71.62999725341797,66.51533508300781,9466400
2016-03-14,71.48999786376953,66.38530731201172,7916500
2016-03-15,71.91000366210938,66.77532196044922,6442800
2016-03-16,72.37000274658203,67.20248413085938,7561800
2016-03-17,73.13999938964844,67.91749572753906,7411700
2016-03-18,73.77999877929688,68.51182556152344,15026200
2016-03-21,73.7699966430664,68.50251770019531,7397400
2016-03-22,72.95999908447266,67.75039672851562,6796800
2016-03-23,73.91000366210938,68.63253784179688,7287100
2016-03-24,74.13999938964844,68.84608459472656,6303900
2016-03-28,74.08000183105469,68.79039764404297,7283300
2016-03-29,75.37999725341797,69.99756622314453,10541500
2016-03-30,76.77999877929688,71.2975845336914,9691900
2016-03-31,76.4800033569336,71.01902770996094,7490800
2016-04-01,77.58999633789062,72.04977416992188,10183400
2016-04-04,77.83000183105469,72.27263641357422,6905800
2016-04-05,76.97000122070312,71.47400665283203,6012000
2016-04-06,78.20999908447266,72.62550354003906,6220400
2016-04-07,77.58000183105469,72.04048156738281,7542100
2016-04-08,78.02999877929688,72.45833587646484,5327500
2016-04-11,77.81999969482422,72.26331329345703,5957200
2016-04-12,78.5199966430664,72.91336059570312,5962900
2016-04-13,79.70999908447266,74.01837921142578,9187300
2016-04-14,80.33000183105469,74.59412384033203,11470300
2016-04-15,80.08000183105469,74.3619613647461,7186700
2016-04-18,81.44999694824219,75.6341323852539,7761200
2016-04-19,80.75,74.9841537475586,8324700
2016-04-20,81.1500015258789,75.35556030273438,8521300
2016-04-21,80.79000091552734,75.02127838134766,9536900
2016-04-22,79.11000061035156,73.46121978759766,18216000
2016-04-25,78.13999938964844,72.56047821044922,11184600
2016-04-26,78.52999877929688,72.92262268066406,6071800
2016-04-27,78.76000213623047,73.13619995117188,6319400
2016-04-28,77.68000030517578,72.13333129882812,8322600
2016-04-29,77.23999786376953,71.72473907470703,8092700
2016-05-02,78.45999908447266,72.8576431274414,7636800
2016-05-03,77.19000244140625,71.6783218383789,7666300
2016-05-04,77.06999969482422,71.56688690185547,8854000
2016-05-05,77.36000061035156,71.83618927001953,6002300
2016-05-06,77.72000122070312,72.17050170898438,6172600
2016-05-09,78.22000122070312,72.63477325439453,9242300
2016-05-10,79.19999694824219,73.5447998046875,6802600
2016-05-11,77.30000305175781,71.90758514404297,8432500
2016-05-12,77.88999938964844,72.4564208984375,7512800
2016-05-13,76.83000183105469,71.4703369140625,7562700
2016-05-16,77.80000305175781,72.37267303466797,8597900
2016-05-17,76.79000091552734,71.43313598632812,7169900
2016-05-18,77.43000030517578,72.02852630615234,6288500
2016-05-19,76.87999725341797,71.51685333251953,5552200
2016-05-20,77.66999816894531,72.25176239013672,6302100
2016-05-23,77.20999908447266,71.82384490966797,5934300
2016-05-24,79.37999725341797,73.84247589111328,7582300
2016-05-25,79.05999755859375,73.5447998046875,5846700
2016-05-26,79.0,73.48898315429688,4284000
2016-05-27,79.66000366210938,74.10295867919922,4374600
2016-05-31,78.94000244140625,73.43316650390625,8639600
2016-06-01,79.22000122070312,73.6936264038086,4507000
2016-06-02,79.94999694824219,74.37271881103516,5627500
2016-06-03,79.94000244140625,74.36343383789062,7628000
2016-06-06,80.54000091552734,74.92158508300781,7620100
2016-06-07,80.5999984741211,74.97737121582031,5515700
2016-06-08,81.6500015258789,75.95413208007812,8860900
2016-06-09,81.26000213623047,75.5913314819336,6670900
2016-06-10,80.18000030517578,74.58670043945312,7859900
2016-06-13,78.4000015258789,72.93085479736328,10424600
2016-06-14,78.56999969482422,73.0889663696289,7891700
2016-06-15,78.16999816894531,72.71688079833984,7424000
2016-06-16,78.3499984741211,72.88431549072266,9650800
2016-06-17,76.98999786376953,71.61918640136719,14602200
2016-06-20,77.33999633789062,71.94479370117188,9957500
2016-06-21,77.33000183105469,71.93548583984375,9201000
2016-06-22,76.52999877929688,71.1912612915039,9626700
2016-06-23,78.2300033569336,72.772705078125,13566200
2016-06-24,75.05000305175781,69.81453704833984,18375000
2016-06-27,73.33999633789062,68.22382354736328,16318400
2016-06-28,75.16000366210938,69.91687774658203,14815200
2016-06-29,76.73999786376953,71.38663482666016,12178100
2016-06-30,74.16999816894531,68.99591064453125,24877300
2016-07-01,74.4800033569336,69.28428649902344,13821400
2016-07-05,74.66999816894531,69.46104431152344,11081000
2016-07-06,74.05999755859375,68.89360046386719,11263800
2016-07-07,74.51000213623047,69.31220245361328,8806700
2016-07-08,76.41999816894531,71.0889663696289,10975000
2016-07-11,76.5199966430664,71.1819839477539,8185900
2016-07-12,77.4800033569336,72.07504272460938,10245500
2016-07-13,77.45999908447266,72.0564193725586,6559200
2016-07-14,78.13999938964844,72.6889877319336,6607400
2016-07-15,78.30000305175781,72.83782196044922,8153400
2016-07-18,78.30999755859375,72.84712219238281,4864200
2016-07-19,78.72000122070312,73.228515625,9395500
2016-07-20,79.36000061035156,73.82388305664062,7922100
2016-07-21,78.79000091552734,73.29365539550781,9018000
2016-07-22,79.91000366210938,74.33547973632812,12532400
2016-07-25,78.94000244140625,73.43316650390625,7979900
2016-07-26,78.48999786376953,73.01456451416016,9673200
2016-07-27,78.52999877929688,73.0517578125,10194400
2016-07-28,79.19000244140625,73.66571044921875,8709700
2016-07-29,78.05000305175781,72.605224609375,7777700
2016-08-01,78.26000213623047,72.80059814453125,8908800
2016-08-02,78.27999877929688,72.8192367553711,7910000
2016-08-03,78.70999908447266,73.2192153930664,7272700
2016-08-04,79.4800033569336,73.9355239868164,5954400
2016-08-05,80.13999938964844,74.5494384765625,6662500
2016-08-08,79.94999694824219,74.37271881103516,5119700
2016-08-09,80.05999755859375,74.47506713867188,4455700
2016-08-10,79.68000030517578,74.1215591430664,5945500
2016-08-11,80.12000274658203,74.53086853027344,6577700
2016-08-12,80.0199966430664,74.43782806396484,4420400
2016-08-15,80.91000366210938,75.26573944091797,6290300
2016-08-16,80.80999755859375,75.17271423339844,6182600
2016-08-17,80.83999633789062,75.33111572265625,4655400
2016-08-18,80.2699966430664,74.79997253417969,7453900
2016-08-19,80.47000122070312,74.98635864257812,8480900
2016-08-22,81.05999755859375,75.53614044189453,7954500
2016-08-23,80.80000305175781,75.29386901855469,10007800
2016-08-24,80.29000091552734,74.818603515625,5028000
2016-08-25,80.31999969482422,74.8465576171875,5773700
2016-08-26,80.56999969482422,75.07952880859375,7932200
2016-08-29,80.87000274658203,75.35911560058594,4766700
2016-08-30,81.16999816894531,75.63864135742188,4128700
2016-08-31,80.9000015258789,75.38705444335938,7386100
2016-09-01,81.30000305175781,75.75979614257812,6240600
2016-09-02,82.0,76.412109375,6408900
2016-09-06,82.52999877929688,76.90596008300781,8140400
2016-09-07,83.23999786376953,77.56759643554688,9304700
2016-09-08,82.97000122070312,77.31597900390625,7961100
2016-09-09,81.33000183105469,75.78775024414062,11563000
2016-09-12,82.97000122070312,77.31597900390625,9882700
2016-09-13,81.88999938964844,76.30957794189453,8834300
2016-09-14,81.48999786376953,75.93684387207031,10999500
2016-09-15,82.01000213623047,76.42141723632812,10580300
2016-09-16,82.06999969482422,76.47731018066406,11702000
2016-09-19,82.51000213623047,76.8873291015625,8361700
2016-09-20,82.4800033569336,76.85938262939453,6473300
2016-09-21,83.22000122070312,77.54893493652344,7536200
2016-09-22,83.36000061035156,77.6794204711914,6599400
2016-09-23,82.54000091552734,76.9153060913086,8283700
2016-09-26,81.80999755859375,76.23505401611328,8486800
2016-09-27,82.16000366210938,76.56119537353516,7969500
2016-09-28,82.97000122070312,77.31597900390625,7974300
2016-09-29,81.91999816894531,76.33753204345703,5885400
2016-09-30,82.69999694824219,77.06439971923828,9776800
2016-10-03,82.86000061035156,77.21347045898438,8155400
2016-10-04,82.7300033569336,77.09236145019531,5772000
2016-10-05,83.3499984741211,77.67011260986328,6163400
2016-10-06,83.36000061035156,77.6794204711914,7687100
2016-10-07,82.87999725341797,77.23210144042969,8238100
2016-10-10,83.12000274658203,77.45577239990234,7371500
2016-10-11,82.04000091552734,76.44937896728516,6227400
2016-10-12,82.25,76.64505767822266,3923600
2016-10-13,81.87000274658203,76.29096984863281,6810900
2016-10-14,82.44999694824219,76.8314208984375,6698100
2016-10-17,82.1500015258789,76.55187225341797,8473700
2016-10-18,81.58000183105469,76.02070617675781,11680400
2016-10-19,82.80999755859375,77.16690063476562,8440900
2016-10-20,82.5,76.8780288696289,6945200
2016-10-21,82.3499984741211,76.73822784423828,8043200
2016-10-24,83.16999816894531,77.50234985351562,16267000
2016-10-25,82.02999877929688,76.44002532958984,15085900
2016-10-26,81.75,76.17914581298828,8748400
2016-10-27,81.91999816894531,76.33753204345703,7039200
2016-10-28,82.22000122070312,76.61705780029297,10919600
2016-10-31,82.51000213623047,76.8873291015625,10024000
2016-11-01,81.62000274658203,76.0579833984375,10881500
2016-11-02,80.58000183105469,75.0888900756836,9170900
2016-11-03,80.6500015258789,75.15406036376953,7563100
2016-11-04,80.36000061035156,74.88385009765625,7588100
2016-11-07,82.51000213623047,76.8873291015625,7277900
2016-11-08,82.87999725341797,77.23210144042969,7152000
2016-11-09,83.23999786376953,77.56759643554688,12158500
2016-11-10,81.87000274658203,76.29096984863281,17171600
2016-11-11,81.87999725341797,76.3002700805664,7368000
2016-11-14,78.37999725341797,73.03875732421875,21773500
2016-11-15,78.56999969482422,73.21583557128906,18523400
2016-11-16,80.08000183105469,74.77996063232422,9997700
2016-11-17,81.06999969482422,75.70442962646484,8081800
2016-11-18,80.81999969482422,75.47099304199219,7920800
2016-11-21,81.69000244140625,76.28340911865234,8942100
2016-11-22,79.93000030517578,74.63988494873047,18133900
2016-11-23,79.56999969482422,74.30374145507812,12802600
2016-11-25,80.12999725341797,74.82666015625,6495700
2016-11-28,79.08000183105469,73.84615325927734,11793100
2016-11-29,79.1500015258789,73.91151428222656,8575200
2016-11-30,77.31999969482422,72.20264434814453,15353900
2016-12-01,75.43000030517578,70.43772888183594,21053000
2016-12-02,75.72000122070312,70.7085189819336,13629600
2016-12-05,77.30999755859375,72.19331359863281,12119200
2016-12-06,77.11000061035156,72.00655364990234,13896600
2016-12-07,79.30999755859375,74.0609359741211,13919800
2016-12-08,79.27999877929688,74.03289031982422,13320100
2016-12-09,79.13999938964844,73.9021987915039,10728300
2016-12-12,78.5,73.30452728271484,11942300
2016-12-13,79.19999694824219,73.95821380615234,12995100
2016-12-14,79.12999725341797,73.8928451538086,20146200
2016-12-15,79.5,74.23832702636719,14070900
2016-12-16,78.3499984741211,73.16445922851562,19141700
2016-12-19,78.0999984741211,72.93101501464844,8699100
2016-12-20,78.36000061035156,73.17382049560547,6917400
2016-12-21,78.13999938964844,72.96836853027344,9343600
2016-12-22,77.9000015258789,72.74424743652344,12074000
2016-12-23,78.1500015258789,72.97771453857422,6192900
2016-12-27,78.3499984741211,73.16445922851562,3776000
2016-12-28,78.30000305175781,73.11776733398438,7587100
2016-12-29,78.33000183105469,73.14579772949219,6241100
2016-12-30,78.0199966430664,72.8563232421875,7127300
2017-01-03,79.5,74.23832702636719,13785200
2017-01-04,80.1500015258789,74.84535217285156,8033100
2017-01-05,81.08999633789062,75.7231216430664,7805100
2017-01-06,82.20999908447266,76.76896667480469,8898300
2017-01-09,81.75,76.33944702148438,7305300
2017-01-10,81.30999755859375,75.92855072021484,6017500
2017-01-11,81.80000305175781,76.38613891601562,7499200
2017-01-12,81.37000274658203,75.9845962524414,6884000
2017-01-13,81.16999816894531,75.79784393310547,7291200
2017-01-17,81.26000213623047,75.88187408447266,6326500
2017-01-18,81.58999633789062,76.19002532958984,8512300
2017-01-19,81.7300033569336,76.32073974609375,6479400
2017-01-20,81.83999633789062,76.42350006103516,9048500
2017-01-23,82.1500015258789,76.71294403076172,7414200
2017-01-24,83.2300033569336,77.72148895263672,8397500
2017-01-25,83.9000015258789,78.34716033935547,9360900
2017-01-26,83.23999786376953,77.7308349609375,8428200
2017-01-27,83.7699966430664,78.22575378417969,5445900
2017-01-30,83.69999694824219,78.1603775024414,8792800
2017-01-31,82.70999908447266,77.23589324951172,7479400
2017-02-01,82.44000244140625,76.98377227783203,7534400
2017-02-02,82.30000305175781,76.8530502319336,11142300
2017-02-03,86.08000183105469,80.38288879394531,28079600
2017-02-06,85.83000183105469,80.1494140625,9665300
2017-02-07,85.77999877929688,80.10271453857422,8600300
2017-02-08,85.08999633789062,79.4583740234375,7587700
2017-02-09,85.58000183105469,79.91594696044922,6554700
2017-02-10,85.9000015258789,80.21479797363281,10432000
2017-02-13,86.44000244140625,80.71904754638672,6046300
2017-02-14,86.8499984741211,81.10189819335938,5952000
2017-02-15,87.54000091552734,81.90184783935547,8049700
2017-02-16,87.41000366210938,81.78021240234375,8680600
2017-02-17,87.45999908447266,81.82699584960938,5887200
2017-02-21,87.91999816894531,82.25736999511719,9301300
2017-02-22,87.80000305175781,82.14509582519531,8389900
2017-02-23,88.18000030517578,82.50060272216797,6040500
2017-02-24,88.43000030517578,82.73453521728516,5151300
2017-02-27,88.0,82.33219909667969,6131600
2017-02-28,87.94000244140625,82.27607727050781,8521900
2017-03-01,88.98999786376953,83.25843048095703,11131400
2017-03-02,88.52999877929688,82.8281021118164,10544200
2017-03-03,88.79000091552734,83.07132720947266,5700600
2017-03-06,88.94000244140625,83.21166229248047,7347600
2017-03-07,89.05999755859375,83.32392883300781,5688400
2017-03-08,88.95999908447266,83.23036193847656,5866800
2017-03-09,89.11000061035156,83.3707275390625,5953900
2017-03-10,89.7300033569336,83.9507827758789,12246700
2017-03-13,90.11000061035156,84.30628967285156,8944100
2017-03-14,89.55000305175781,83.78240203857422,6009400
2017-03-15,89.91999816894531,84.1285629272461,6350700
2017-03-16,90.04000091552734,84.24082946777344,9174400
2017-03-17,90.23999786376953,84.42794036865234,8613400
2017-03-20,89.18000030517578,83.43620300292969,9438000
2017-03-21,88.05999755859375,82.38834381103516,11092100
2017-03-22,88.5199966430664,82.81871032714844,7828600
2017-03-23,88.86000061035156,83.13684844970703,7710700
2017-03-24,89.19000244140625,83.44558715820312,7597600
2017-03-27,88.94999694824219,83.22103881835938,5230000
2017-03-28,89.12000274658203,83.38005065917969,7045500
2017-03-29,89.18000030517578,83.43620300292969,4738000
2017-03-30,89.01000213623047,83.27715301513672,6227100
2017-03-31,88.87000274658203,83.14615631103516,6429800
2017-04-03,89.36000061035156,83.6046142578125,9125800
2017-04-04,88.77999877929688,83.06197357177734,4859900
2017-04-05,89.02999877929688,83.29588317871094,7251600
2017-04-06,89.08999633789062,83.35199737548828,8473900
2017-04-07,88.73999786376953,83.02454376220703,5439500
2017-04-10,88.86000061035156,83.13684844970703,5999400
2017-04-11,88.8499984741211,83.12744903564453,7058500
2017-04-12,88.68000030517578,82.9684066772461,5912500
2017-04-13,88.87000274658203,83.14615631103516,7242700
2017-04-17,89.80999755859375,84.02562713623047,6122800
2017-04-18,89.7300033569336,83.9507827758789,6823500
2017-04-19,89.75,83.96949005126953,7301300
2017-04-20,91.1500015258789,85.27932739257812,12178300
2017-04-21,91.1500015258789,85.27932739257812,19442600
2017-04-24,91.8499984741211,85.9342269897461,11705400
2017-04-25,92.11000061035156,86.17750549316406,7769200
2017-04-26,91.81999969482422,85.90616607666016,11295200
2017-04-27,91.5999984741211,85.70033264160156,5856800
2017-04-28,91.22000122070312,85.34479522705078,6888500
2017-05-01,91.26000213623047,85.38224792480469,9042100
2017-05-02,92.54000091552734,86.57980346679688,11627700
2017-05-03,92.44000244140625,86.48624420166016,4909000
2017-05-04,92.62000274658203,86.65467071533203,5257000
2017-05-05,92.08999633789062,86.15878295898438,8844500
2017-05-08,91.91999816894531,85.9997329711914,5223600
2017-05-09,92.0,86.0745849609375,3969500
2017-05-10,92.25,86.3084945678711,6747600
2017-05-11,92.0999984741211,86.16812896728516,7052200
2017-05-12,92.7300033569336,86.7575454711914,5898800
2017-05-15,93.2300033569336,87.22538757324219,7040100
2017-05-16,93.1500015258789,87.1505126953125,5497400
2017-05-17,91.76000213623047,86.00237274169922,8240200
2017-05-18,91.70999908447266,85.95549774169922,8239800
2017-05-19,92.4800033569336,86.67720794677734,9361300
2017-05-22,93.30999755859375,87.45510864257812,9186200
2017-05-23,93.86000061035156,87.97061157226562,7616100
2017-05-24,94.80999755859375,88.86099243164062,6825300
2017-05-25,95.04000091552734,89.07657623291016,7262400
2017-05-26,94.66999816894531,88.72978210449219,4133900
2017-05-30,94.72000122070312,88.7766342163086,6292700
2017-05-31,95.2300033569336,89.2546615600586,9866000
2017-06-01,95.4000015258789,89.41397857666016,8911900
2017-06-02,96.1500015258789,90.1169204711914,8570200
2017-06-05,96.55000305175781,90.49183654785156,14510500
2017-06-06,95.79000091552734,89.77949523925781,7030300
2017-06-07,96.08999633789062,90.0606918334961,6720300
2017-06-08,96.08999633789062,90.0606918334961,7720300
2017-06-09,94.55999755859375,88.62669372558594,16887100
2017-06-12,93.5,87.63319396972656,15610000
2017-06-13,95.08000183105469,89.11405944824219,8700100
2017-06-14,95.31999969482422,89.33899688720703,6347000
2017-06-15,94.16999816894531,88.26114654541016,12793900
2017-06-16,94.16999816894531,88.26114654541016,14705100
2017-06-19,94.79000091552734,88.84226989746094,5984300
2017-06-20,94.37999725341797,88.45796203613281,5626700
2017-06-21,94.54000091552734,88.60794830322266,5611400
2017-06-22,93.94999694824219,88.05496215820312,5846500
2017-06-23,95.58000183105469,89.58267211914062,11637300
2017-06-26,95.22000122070312,89.24529266357422,6970800
2017-06-27,94.9000015258789,88.94534301757812,6283600
2017-06-28,96.2300033569336,90.19190979003906,5571300
2017-06-29,94.41999816894531,88.4954605102539,8872500
2017-06-30,93.77999877929688,87.89563751220703,9036600
2017-07-03,93.3499984741211,87.49261474609375,6197700
2017-07-05,94.01000213623047,88.11119842529297,9339600
2017-07-06,93.25,87.39887237548828,8215700
2017-07-07,93.91999816894531,88.02684783935547,6175800
2017-07-10,95.08999633789062,89.12342834472656,8851800
2017-07-11,95.41000366210938,89.42337799072266,5554100
2017-07-12,96.18000030517578,90.1450424194336,5974800
2017-07-13,95.94000244140625,89.92012023925781,6721700
2017-07-14,96.93000030517578,90.84796905517578,6195800
2017-07-17,96.83000183105469,90.7542724609375,5914900
2017-07-18,97.58000183105469,91.45721435546875,7435000
2017-07-19,98.25,92.08514404296875,6390400
2017-07-20,98.11000061035156,91.95396423339844,8572900
2017-07-21,99.5999984741211,93.35047912597656,17400200
2017-07-24,100.37000274658203,94.0721435546875,9186000
2017-07-25,99.98999786376953,93.71597290039062,6774900
2017-07-26,100.8499984741211,94.52201080322266,7205400
2017-07-27,99.56999969482422,93.32232666015625,10543900
2017-07-28,99.1500015258789,92.92866516113281,6558800
2017-07-31,99.55999755859375,93.3129653930664,7576600
2017-08-01,100.87000274658203,94.54075622558594,6018100
2017-08-02,101.27999877929688,94.92501831054688,5955600
2017-08-03,100.58999633789062,94.27831268310547,5697500
2017-08-04,100.88999938964844,94.55950927734375,4618000
2017-08-07,101.48999786376953,95.12185668945312,7047100
2017-08-08,101.27999877929688,94.92501831054688,6283700
2017-08-09,100.97000122070312,94.63449096679688,6902100
2017-08-10,99.48999786376953,93.24732971191406,8560800
2017-08-11,100.08999633789062,93.80970764160156,5268200
2017-08-14,101.87000274658203,95.47801208496094,5657600
2017-08-15,102.62999725341797,96.19031524658203,5386000
2017-08-16,103.31999969482422,96.99297332763672,13408300
2017-08-17,102.16000366210938,95.90399169921875,7381600
2017-08-18,102.51000213623047,96.23257446289062,5670900
2017-08-21,103.22000122070312,96.89910125732422,5395000
2017-08-22,104.06999969482422,97.69702911376953,5481000
2017-08-23,103.18000030517578,96.86154174804688,5057200
2017-08-24,103.22000122070312,96.89910125732422,4082300
2017-08-25,103.3499984741211,97.0211181640625,4467400
2017-08-28,103.77999877929688,97.4248046875,3919900
2017-08-29,103.7699966430664,97.4154052734375,7135300
2017-08-30,103.7300033569336,97.37785339355469,8712700
2017-08-31,103.5199966430664,97.18070220947266,13766000
2017-09-01,103.9000015258789,97.5374526977539,4466800
2017-09-05,103.01000213623047,96.7019271850586,6337500
2017-09-06,103.18000030517578,96.86154174804688,6372200
2017-09-07,104.55999755859375,98.1570053100586,6508600
2017-09-08,104.43000030517578,98.03499603271484,5787200
2017-09-11,106.1500015258789,99.64964294433594,6956000
2017-09-12,106.20999908447266,99.70598602294922,5212400
2017-09-13,105.83000183105469,99.3492660522461,6215700
2017-09-14,106.08000183105469,99.58393859863281,8154000
2017-09-15,105.30000305175781,98.85169982910156,12622900
2017-09-18,104.83000183105469,98.41047668457031,7330300
2017-09-19,105.41000366210938,98.95496368408203,9754400
2017-09-20,104.97000122070312,98.54191589355469,8198600
2017-09-21,105.30999755859375,98.86109924316406,4777600
2017-09-22,105.55999755859375,99.09577941894531,4959400
2017-09-25,103.0199966430664,96.71133422851562,9395300
2017-09-26,102.94000244140625,96.63623046875,6263600
2017-09-27,103.88999938964844,97.52806854248047,8337400
2017-09-28,104.58000183105469,98.17578887939453,5947800
2017-09-29,105.23999786376953,98.79536437988281,7676300
2017-10-02,105.44000244140625,98.983154296875,4885600
2017-10-03,105.58999633789062,99.12394714355469,4411100
2017-10-04,105.30999755859375,98.86109924316406,4146800
2017-10-05,106.23999786376953,99.73414611816406,4396100
2017-10-06,106.7300033569336,100.19413757324219,4587000
2017-10-09,107.01000213623047,100.45698547363281,4787000
2017-10-10,107.30999755859375,100.7386245727539,4015600
2017-10-11,108.44000244140625,101.79945373535156,6473100
2017-10-12,108.11000061035156,101.48965454101562,6496100
2017-10-13,108.66000366210938,102.00595092773438,5154600
2017-10-16,108.30000305175781,101.66798400878906,5552200
2017-10-17,107.54000091552734,100.95453643798828,5979400
2017-10-18,107.80000305175781,101.19861602783203,4817300
2017-10-19,107.0199966430664,100.46639251708984,10840200
2017-10-20,107.55000305175781,100.96392822265625,7848900
2017-10-23,107.52999877929688,100.94515228271484,6316700
2017-10-24,108.41000366210938,101.77127075195312,10511200
2017-10-25,109.48999786376953,102.78511810302734,13261300
2017-10-26,109.80000305175781,103.0761489868164,7380100
2017-10-27,109.70999908447266,102.99164581298828,7862700
2017-10-30,110.04000091552734,103.30145263671875,5148600
2017-10-31,109.9800033569336,103.24512481689453,8002500
2017-11-01,111.06999969482422,104.26838684082031,6167300
2017-11-02,110.9800033569336,104.18388366699219,5506600
2017-11-03,111.36000061035156,104.54059600830078,3757600
2017-11-06,111.91999816894531,105.06632232666016,4094700
2017-11-07,112.08999633789062,105.22589874267578,3697900
2017-11-08,112.47000122070312,105.58263397216797,4417800
2017-11-09,112.13999938964844,105.2728500366211,4334700
2017-11-10,111.87999725341797,105.02877044677734,4198900
2017-11-13,111.4000015258789,104.57817840576172,7185600
2017-11-14,111.9800033569336,105.12267303466797,5679600
2017-11-15,110.25,103.49858093261719,6895100
2017-11-16,111.0199966430664,104.40608978271484,5655100
2017-11-17,109.81999969482422,103.277587890625,8812400
2017-11-20,109.94999694824219,103.39984893798828,6873200
2017-11-21,111.44999694824219,104.81050109863281,6456500
2017-11-22,110.81999969482422,104.21802520751953,4067600
2017-11-24,111.97000122070312,105.29953002929688,3045600
2017-11-27,112.37999725341797,105.68508911132812,6620500
2017-11-28,113.36000061035156,106.606689453125,6671300
2017-11-29,109.86000061035156,103.31520080566406,14505400
2017-11-30,112.58999633789062,105.88258361816406,18533300
2017-12-01,110.7300033569336,104.13337707519531,13101800
2017-12-04,107.43000030517578,101.02994537353516,18909100
2017-12-05,108.58000183105469,102.1114730834961,12081500
2017-12-06,109.73999786376953,103.2023696899414,7532100
2017-12-07,111.4000015258789,104.76348114013672,7384900
2017-12-08,112.5999984741211,105.8919677734375,7594900
2017-12-11,112.37000274658203,105.67567443847656,7538600
2017-12-12,113.45999908447266,106.70074462890625,8754400
2017-12-13,113.30999755859375,106.55966186523438,8088900
2017-12-14,112.91999816894531,106.1928939819336,9815600
2017-12-15,113.81999969482422,107.03929138183594,16388000
2017-12-18,113.55000305175781,106.78538513183594,8961800
2017-12-19,112.13999938964844,105.4593734741211,7899400
2017-12-20,112.12000274658203,105.44055938720703,6201900
2017-12-21,112.41000366210938,105.71330261230469,8866400
2017-12-22,112.69000244140625,105.97660064697266,6190100
2017-12-26,112.98999786376953,106.25873565673828,3948900
2017-12-27,114.0199966430664,107.22740173339844,7073100
2017-12-28,114.3499984741211,107.5377197265625,6937100
2017-12-29,114.0199966430664,107.22740173339844,5249000
2018-01-02,114.51000213623047,107.68817901611328,6080900
2018-01-03,115.6500015258789,108.76029205322266,6946100
2018-01-04,116.08000183105469,109.16463470458984,7805300
2018-01-05,118.86000061035156,111.77904510498047,8590500
2018-01-08,119.33999633789062,112.23043823242188,6660700
2018-01-09,119.11000061035156,112.01412963867188,6562400
2018-01-10,118.9800033569336,111.89189910888672,7490300
2018-01-11,119.83999633789062,112.70068359375,5982100
2018-01-12,120.08999633789062,112.935791015625,5585800
2018-01-16,120.38999938964844,113.21791076660156,8803800
2018-01-17,121.9800033569336,114.7131576538086,7991500
2018-01-18,123.11000061035156,115.77586364746094,8661000
2018-01-19,122.69999694824219,115.39028930664062,8250700
2018-01-22,124.33000183105469,116.92318725585938,9355000
2018-01-23,124.6500015258789,117.22409057617188,5683300
2018-01-24,124.55000305175781,117.13007354736328,6425200
2018-01-25,125.22000122070312,117.7601547241211,7166400
2018-01-26,126.31999969482422,118.79463195800781,5604900
2018-01-29,124.83999633789062,117.40279388427734,6257900
2018-01-30,123.55000305175781,116.18965911865234,8154400
2018-01-31,124.2300033569336,116.82913208007812,7338200
2018-02-01,125.72000122070312,118.23036193847656,11169700
2018-02-02,120.91000366210938,113.70691680908203,13937700
2018-02-05,116.2699966430664,109.34333038330078,16623900
2018-02-06,119.97000122070312,112.82291412353516,19053300
2018-02-07,119.6500015258789,112.52198028564453,9294000
2018-02-08,113.86000061035156,107.07689666748047,12673400
2018-02-09,116.31999969482422,109.390380859375,17695500
2018-02-12,118.47000122070312,111.41229248046875,11526300
2018-02-13,118.3499984741211,111.29942321777344,7803900
2018-02-14,120.83000183105469,113.63166809082031,9206400
2018-02-15,122.27999877929688,115.19550323486328,6921300
2018-02-16,121.8499984741211,114.79039764404297,6371400
2018-02-20,122.01000213623047,114.94111633300781,6182800
2018-02-21,120.43000030517578,113.45266723632812,7676100
2018-02-22,120.37999725341797,113.40560150146484,4994000
2018-02-23,122.93000030517578,115.80784606933594,5036900
2018-02-26,124.58999633789062,117.37166595458984,6270500
2018-02-27,123.37000274658203,116.22235870361328,7287200
2018-02-28,122.94000244140625,115.81726837158203,6780900
2018-03-01,120.4000015258789,113.42444610595703,8819600
2018-03-02,120.7699966430664,113.77296447753906,7581900
2018-03-05,121.87999725341797,114.81864929199219,5810200
2018-03-06,121.05999755859375,114.04618835449219,7464400
2018-03-07,121.8499984741211,114.79039764404297,7254100
2018-03-08,122.22000122070312,115.13898468017578,6948900
2018-03-09,124.51000213623047,117.2962875366211,6397700
2018-03-12,124.23999786376953,117.04194641113281,8636000
2018-03-13,123.19999694824219,116.06220245361328,9479500
2018-03-14,122.58000183105469,115.47813415527344,7855000
2018-03-15,123.41000366210938,116.2600326538086,5861900
2018-03-16,124.52999877929688,117.31514739990234,9447100
2018-03-19,123.20999908447266,116.0716323852539,17387800
2018-03-20,124.91000366210938,117.67314910888672,7779700
2018-03-21,123.22000122070312,116.0810546875,7359500
2018-03-22,119.98999786376953,113.03817749023438,10501500
2018-03-23,117.0,110.2214126586914,10024300
2018-03-26,120.63999938964844,113.65054321289062,8735400
2018-03-27,117.4000015258789,110.59823608398438,9008600
2018-03-28,116.98999786376953,110.21199798583984,9420400
2018-03-29,119.62000274658203,112.68961334228516,12918100
2018-04-02,118.38999938964844,111.5308609008789,9877100
2018-04-03,119.19999694824219,112.2939453125,7084800
2018-04-04,119.80999755859375,112.86860656738281,8425700
2018-04-05,121.19000244140625,114.16865539550781,6816000
2018-04-06,117.69999694824219,110.88084411621094,8383800
2018-04-09,118.79000091552734,111.90771484375,7024800
2018-04-10,120.72000122070312,113.72589111328125,8947200
2018-04-11,119.77999877929688,112.84033966064453,5874900
2018-04-12,121.06999969482422,114.05560302734375,5666000
2018-04-13,120.75,113.75414276123047,9174300
2018-04-16,121.87999725341797,114.81864929199219,6903200
2018-04-17,123.80000305175781,116.62745666503906,5979600
2018-04-18,124.4800033569336,117.26803588867188,5171000
2018-04-19,123.95999908447266,116.77815246582031,7294100
2018-04-20,124.19999694824219,117.00428009033203,7479400
2018-04-23,124.45999908447266,117.24919128417969,8004300
2018-04-24,121.2699966430664,114.24401092529297,9434400
2018-04-25,121.20999908447266,114.18748474121094,8001200
2018-04-26,127.08000183105469,119.7174301147461,14345800
2018-04-27,126.01000213623047,118.70938873291016,6842700
2018-04-30,126.87999725341797,119.52899169921875,8449200
2018-05-01,127.51000213623047,120.12248229980469,6407300
2018-05-02,126.37999725341797,119.0579605102539,8515300
2018-05-03,127.18000030517578,119.81159973144531,6778600
2018-05-04,128.16000366210938,120.7348403930664,5798400
2018-05-07,129.25999450683594,121.7711181640625,5737300
2018-05-08,129.89999389648438,122.37398529052734,5044700
2018-05-09,130.83999633789062,123.25957489013672,6119400
2018-05-10,131.0,123.41031646728516,6585800
2018-05-11,131.82000732421875,124.18278503417969,5437100
2018-05-14,131.2100067138672,123.6081314086914,5017000
2018-05-15,131.10000610351562,123.50447845458984,5532300
2018-05-16,130.88999938964844,123.30664825439453,5124200
2018-05-17,129.92999267578125,122.59896850585938,4911700
2018-05-18,129.92999267578125,122.59896850585938,6082700
2018-05-21,130.66000366210938,123.28779602050781,5591800
2018-05-22,130.7100067138672,123.33499908447266,6645500
2018-05-23,131.8800048828125,124.43899536132812,6569100
2018-05-24,131.88999938964844,124.44835662841797,6035200
2018-05-25,131.27999877929688,123.872802734375,7509600
2018-05-29,129.69000244140625,122.37252044677734,10401900
2018-05-30,130.63999938964844,123.26895141601562,10631300
2018-05-31,130.72000122070312,123.34443664550781,11086000
2018-06-01,130.85000610351562,123.46710205078125,8323400
2018-06-04,133.07000732421875,125.56180572509766,7178000
2018-06-05,133.55999755859375,126.0241470336914,6198200
2018-06-06,136.27999877929688,128.5907440185547,8065800
2018-06-07,133.83999633789062,126.28836822509766,8309200
2018-06-08,134.74000549316406,127.13761901855469,5261000
2018-06-11,133.91000366210938,126.35445404052734,7988700
2018-06-12,134.86000061035156,127.25082397460938,5743300
2018-06-13,134.39999389648438,126.81676483154297,4881600
2018-06-14,135.0,127.38289642333984,6464100
2018-06-15,135.10000610351562,127.47725677490234,10044500
2018-06-18,136.1999969482422,128.51522827148438,8713300
2018-06-19,135.11000061035156,127.48668670654297,6557600
2018-06-20,135.5,127.85468292236328,7192000
2018-06-21,134.52999877929688,126.9394302368164,8689800
2018-06-22,135.3300018310547,127.69429016113281,6031900
2018-06-25,130.92999267578125,123.54255676269531,10086200
2018-06-26,132.5500030517578,125.07115936279297,7733900
2018-06-27,131.02000427246094,123.62748718261719,7282100
2018-06-28,132.74000549316406,125.25045013427734,6576500
2018-06-29,132.4499969482422,124.976806640625,7259000
2018-07-02,132.5,125.02397155761719,7554400
2018-07-03,131.4499969482422,124.03321075439453,3621600
2018-07-05,133.2899932861328,125.76937866210938,4729300
2018-07-06,134.08999633789062,126.52425384521484,4839800
2018-07-09,135.52000427246094,127.87357330322266,8960700
2018-07-10,136.69000244140625,128.9775390625,6561900
2018-07-11,138.14999389648438,130.35519409179688,10648700
2018-07-12,139.89999389648438,132.00645446777344,11816100
2018-07-13,139.4199981689453,131.55352783203125,7865700
2018-07-16,138.4600067138672,130.64773559570312,4969900
2018-07-17,139.63999938964844,131.7611083984375,5412600
2018-07-18,140.89999389648438,132.95001220703125,7008600
2018-07-19,140.1300048828125,132.2235107421875,7937000
2018-07-20,140.99000549316406,133.03494262695312,7153600
2018-07-23,140.02999877929688,132.1291046142578,7723600
2018-07-24,140.02999877929688,132.1291046142578,8336700
2018-07-25,142.63999938964844,134.59185791015625,8376000
2018-07-26,142.5,134.4597625732422,10520800
2018-07-27,140.7100067138672,132.770751953125,7014900
2018-07-30,136.47999572753906,128.7793731689453,12812400
2018-07-31,136.74000549316406,129.0247344970703,7683300
2018-08-01,138.25,130.44956970214844,7087700
2018-08-02,138.9199981689453,131.08175659179688,12300000
2018-08-03,139.82000732421875,131.93093872070312,4617500
2018-08-06,139.7100067138672,131.82716369628906,5143000
2018-08-07,140.27999877929688,132.36500549316406,10034500
2018-08-08,140.67999267578125,132.742431640625,5389500
2018-08-09,140.00999450683594,132.11026000976562,5679300
2018-08-10,139.72999572753906,131.8460235595703,6523500
2018-08-13,140.2100067138672,132.2989501953125,4817500
2018-08-14,140.75999450683594,132.81793212890625,5888700
2018-08-15,139.9199981689453,132.0253448486328,5288400
2018-08-16,140.64999389648438,132.91360473632812,5931700
2018-08-17,141.3300018310547,133.5562286376953,7699600
2018-08-20,140.94000244140625,133.18765258789062,4662200
2018-08-21,140.0399932861328,132.337158203125,6854300
2018-08-22,141.13999938964844,133.37669372558594,4191700
2018-08-23,142.10000610351562,134.2838897705078,4426800
2018-08-24,144.1999969482422,136.2683563232422,5714000
2018-08-27,145.39999389648438,137.40231323242188,7194900
2018-08-28,145.1999969482422,137.21336364746094,4925700
2018-08-29,147.02999877929688,138.94268798828125,5192900
2018-08-30,146.74000549316406,138.6686248779297,7804600
2018-08-31,146.88999938964844,138.81036376953125,5786600
2018-09-04,147.8000030517578,139.6703643798828,7638100
2018-09-05,142.6699981689453,134.822509765625,11363400
2018-09-06,144.5,136.55181884765625,9589200
2018-09-07,143.1999969482422,135.3233184814453,13626200
2018-09-10,144.0800018310547,136.15496826171875,5362700
2018-09-11,145.49000549316406,137.48741149902344,9895900
2018-09-12,146.57000732421875,138.5079803466797,6964100
2018-09-13,147.6300048828125,139.5096893310547,5803400
2018-09-14,147.83999633789062,139.70811462402344,4928300
2018-09-17,146.17999267578125,138.139404296875,7708600
2018-09-18,147.6300048828125,139.5096893310547,5692100
2018-09-19,147.4199981689453,139.3112335205078,7432300
2018-09-20,149.24000549316406,141.0311279296875,7172700
2018-09-21,150.0500030517578,141.79661560058594,15628100
2018-09-24,149.11000061035156,140.90829467773438,6706700
2018-09-25,149.5800018310547,141.35243225097656,4230700
2018-09-26,149.27000427246094,141.0594940185547,5852400
2018-09-27,150.02000427246094,141.76821899414062,5868500
2018-09-28,150.08999633789062,141.83433532714844,6035900
2018-10-01,150.7899932861328,142.49586486816406,9802100
2018-10-02,149.6699981689453,141.43751525878906,8047500
2018-10-03,149.3699951171875,141.15396118164062,7521100
2018-10-04,146.75999450683594,138.6875457763672,9208900
2018-10-05,145.36000061035156,137.3645477294922,7085700
2018-10-08,141.88999938964844,134.0854034423828,11637300
2018-10-09,142.30999755859375,134.48228454589844,10798000
2018-10-10,135.52000427246094,128.06578063964844,15450100
2018-10-11,133.72999572753906,126.37425231933594,15657200
2018-10-12,140.05999755859375,132.35606384277344,12993300
2018-10-15,137.22999572753906,129.6817169189453,7953000
2018-10-16,141.74000549316406,133.9436492919922,11059500
2018-10-17,142.4499969482422,134.61456298828125,9170600
2018-10-18,139.2899932861328,131.62840270996094,10222600
2018-10-19,140.0800018310547,132.37498474121094,8696900
2018-10-22,140.63999938964844,132.9041290283203,6099500
2018-10-23,139.1199951171875,131.46771240234375,10736100
2018-10-24,134.25999450683594,126.87505340576172,13849600
2018-10-25,140.52000427246094,132.79075622558594,14985900
2018-10-26,137.74000549316406,130.16368103027344,12034900
2018-10-29,134.3300018310547,126.94123077392578,12768200
2018-10-30,132.75999450683594,125.45760345458984,15107600
2018-10-31,137.85000610351562,130.2676544189453,13205300
2018-11-01,140.8300018310547,133.08372497558594,16024000
2018-11-02,139.77999877929688,132.09149169921875,17063100
2018-11-05,139.8000030517578,132.11038208007812,6280000
2018-11-06,140.7899932861328,133.04591369628906,4732700
2018-11-07,144.77999877929688,136.8164825439453,20502100
2018-11-08,145.22999572753906,137.24171447753906,5927400
2018-11-09,143.92999267578125,136.01318359375,8339800
2018-11-12,139.72000122070312,132.03475952148438,11335100
2018-11-13,139.72000122070312,132.03475952148438,6287000
2018-11-14,139.49000549316406,131.81739807128906,6613900
2018-11-15,141.83999633789062,134.27880859375,8565000
2018-11-16,140.17999267578125,132.70729064941406,8628000
2018-11-19,134.75999450683594,127.57621002197266,16253000
2018-11-20,133.3699951171875,126.2603530883789,12720200
2018-11-21,134.4199981689453,127.25435638427734,7416300
2018-11-23,132.8699951171875,125.78697967529297,3676000
2018-11-26,135.94000244140625,128.69332885742188,9144600
2018-11-27,135.91000366210938,128.66493225097656,7877900
2018-11-28,141.3800048828125,133.84336853027344,11265100
2018-11-29,139.10000610351562,131.68487548828125,8751500
2018-11-30,141.7100067138672,134.15573120117188,11362800
2018-12-03,145.0,137.27041625976562,11285600
2018-12-04,138.63999938964844,131.24937438964844,13988900
2018-12-06,141.0500030517578,133.53094482421875,16391900
2018-12-07,137.11000061035156,129.8009033203125,14007700
2018-12-10,137.8800048828125,130.52992248535156,15744300
2018-12-11,136.80999755859375,129.51690673828125,12466300
2018-12-12,137.8000030517578,130.4541778564453,10387200
2018-12-13,137.5399932861328,130.2080535888672,8780900
2018-12-14,135.08999633789062,127.88867950439453,9351200
2018-12-17,131.39999389648438,124.39532470703125,11796200
2018-12-18,132.66000366210938,125.58819580078125,12761900
2018-12-19,131.25999450683594,124.26280975341797,13819000
2018-12-20,128.75999450683594,121.8960952758789,18091700
2018-12-21,124.26000213623047,117.63597869873047,25448600
2018-12-24,121.7300033569336,115.24083709716797,8617700
2018-12-26,130.22999572753906,123.2877197265625,13499500
2018-12-27,132.00999450683594,124.97283172607422,10883000
2018-12-28,130.94000244140625,123.95987701416016,7381300
2018-12-31,131.94000244140625,124.90657043457031,7976000
2019-01-02,132.9199981689453,125.83432006835938,8788000
2019-01-03,128.1300048828125,121.29966735839844,9428300
2019-01-04,133.64999389648438,126.52538299560547,11065800
2019-01-07,136.05999755859375,128.80694580078125,12928000
2019-01-08,136.8000030517578,129.5075225830078,9243000
2019-01-09,138.41000366210938,131.03167724609375,9987600
2019-01-10,138.6699981689453,131.27783203125,12514900
2019-01-11,138.05999755859375,130.70033264160156,5860100
2019-01-14,137.10000610351562,129.79147338867188,8666700
2019-01-15,137.33999633789062,130.0186767578125,7594900
2019-01-16,137.33999633789062,130.0186767578125,7258000
2019-01-17,137.27999877929688,129.9619140625,5864900
2019-01-18,138.5,131.11688232421875,10263500
2019-01-22,138.0500030517578,130.69081115722656,8102300
2019-01-23,137.00999450683594,129.70628356933594,5465800
2019-01-24,137.6999969482422,130.3595428466797,4924800
2019-01-25,138.6699981689453,131.27783203125,9756300
2019-01-28,135.99000549316406,128.74066162109375,9857200
2019-01-29,135.0,127.8034439086914,7457700
2019-01-30,137.60000610351562,130.26483154296875,8078100
2019-01-31,135.00999450683594,127.81295776367188,20095700
2019-02-01,140.14999389648438,132.6789093017578,13248300
2019-02-04,141.5,133.95692443847656,11882700
2019-02-05,142.52999877929688,134.93202209472656,8455700
2019-02-06,141.49000549316406,133.94752502441406,6146900
2019-02-07,140.1699981689453,132.6978302001953,10675300
2019-02-08,140.3800048828125,132.8966827392578,5950700
2019-02-11,140.8000030517578,133.29425048828125,7600100
2019-02-12,141.99000549316406,134.42086791992188,6090000
2019-02-13,143.49000549316406,135.8408966064453,6885600
2019-02-14,143.16000366210938,135.76502990722656,6314000
2019-02-15,144.91000366210938,137.42462158203125,6536000
2019-02-19,144.44000244140625,136.97886657714844,8406700
2019-02-20,144.72999572753906,137.25387573242188,5283100
2019-02-21,144.0,136.56161499023438,8573400
2019-02-22,145.8699951171875,138.3350067138672,9680800
2019-02-25,146.05999755859375,138.5152130126953,9731200
2019-02-26,147.0399932861328,139.44454956054688,7332500
2019-02-27,147.22000122070312,139.6152801513672,9731200
2019-02-28,148.1199951171875,140.46878051757812,6250200
2019-03-01,149.47000122070312,141.74908447265625,7016800
2019-03-04,147.9600067138672,140.31704711914062,6979700
2019-03-05,147.9499969482422,140.3075714111328,9678600
2019-03-06,147.80999755859375,140.17478942871094,8186400
2019-03-07,146.8300018310547,139.2454071044922,8761700
2019-03-08,147.35000610351562,139.73855590820312,5168100
2019-03-11,150.6699981689453,142.88705444335938,9361500
2019-03-12,151.72999572753906,143.89227294921875,9465100
2019-03-13,152.47000122070312,144.59405517578125,8308900
2019-03-14,154.1999969482422,146.2346954345703,9364900
2019-03-15,155.4600067138672,147.42962646484375,20162000
2019-03-18,154.9600067138672,146.95542907714844,9689400
2019-03-19,154.58999633789062,146.6045684814453,9236100
2019-03-20,153.75,145.8079833984375,6391400
2019-03-21,155.8000030517578,147.75204467773438,7027100
2019-03-22,153.07000732421875,145.1630859375,8119800
2019-03-25,153.02999877929688,145.1251220703125,7568000
2019-03-26,155.3000030517578,147.2778778076172,15594400
2019-03-27,154.22000122070312,146.25369262695312,12253800
2019-03-28,154.6699981689453,146.6804962158203,16902200
2019-03-29,156.19000244140625,148.1219482421875,12164400
2019-04-01,157.25999450683594,149.13670349121094,6420100
2019-04-02,157.77999877929688,149.62979125976562,6215100
2019-04-03,158.4600067138672,150.27468872070312,8209300
2019-04-04,157.63999938964844,149.49705505371094,5100200
2019-04-05,157.64999389648438,149.5064697265625,4178300
2019-04-08,157.75,149.60133361816406,5604700
2019-04-09,157.49000549316406,149.3547821044922,6364100
2019-04-10,158.55999755859375,150.36947631835938,3918600
2019-04-11,157.86000061035156,149.70565795898438,5771400
2019-04-12,159.63999938964844,151.39369201660156,6745100
2019-04-15,160.44000244140625,152.15245056152344,8142800
2019-04-16,160.22999572753906,151.95326232910156,6021400
2019-04-17,160.44000244140625,152.15245056152344,4609100
2019-04-18,160.16000366210938,151.8868408203125,7859400
2019-04-22,160.39999389648438,152.1144561767578,4602600
2019-04-23,161.66000366210938,153.30938720703125,6522900
2019-04-24,161.49000549316406,153.14816284179688,7376500
2019-04-25,161.02000427246094,152.702392578125,8862500
2019-04-26,162.92999267578125,154.5137939453125,7525400
2019-04-29,164.14999389648438,155.6707763671875,10003600
2019-04-30,164.42999267578125,155.936279296875,6432700
2019-05-01,162.7899932861328,154.3809814453125,5248100
2019-05-02,161.1199951171875,152.7972412109375,6054900
2019-05-03,162.0399932861328,153.66978454589844,4317500
2019-05-06,162.27999877929688,153.89732360839844,10442400
2019-05-07,160.2100067138672,151.93431091308594,6413600
2019-05-08,160.75999450683594,152.45584106445312,5445900
2019-05-09,159.80999755859375,151.554931640625,6813700
2019-05-10,160.7100067138672,152.408447265625,5192500
2019-05-13,157.3300018310547,149.20303344726562,9730000
2019-05-14,160.2100067138672,151.93431091308594,9756700
2019-05-15,162.7899932861328,154.3809814453125,7547000
2019-05-16,164.8699951171875,156.59405517578125,9745500
2019-05-17,164.08999633789062,155.85317993164062,4582500
2019-05-20,163.47000122070312,155.26429748535156,4747400
2019-05-21,163.86000061035156,155.63475036621094,9095700
2019-05-22,164.24000549316406,155.99566650390625,5416400
2019-05-23,161.50999450683594,153.40267944335938,6138000
2019-05-24,162.63999938964844,154.47596740722656,4105600
2019-05-28,163.7100067138672,155.49224853515625,10202300
2019-05-29,162.72999572753906,154.56149291992188,6456000
2019-05-30,162.75999450683594,154.58993530273438,4750600
2019-05-31,161.3300018310547,153.23171997070312,5079000
2019-06-03,158.60000610351562,150.63880920410156,8034600
2019-06-04,162.3300018310547,154.18148803710938,6684800
2019-06-05,165.38999938964844,157.08792114257812,7769300
2019-06-06,166.9199981689453,158.5411376953125,13738500
2019-06-07,170.0500030517578,161.51405334472656,10528800
2019-06-10,170.82000732421875,162.24539184570312,7565900
2019-06-11,170.30999755859375,161.7609405517578,6082900
2019-06-12,171.58999633789062,162.97671508789062,6772000
2019-06-13,169.35000610351562,160.8491973876953,6901400
2019-06-14,169.66000366210938,161.14358520507812,4999900
2019-06-17,169.55999755859375,161.0486297607422,6410200
2019-06-18,169.27999877929688,160.78265380859375,6969300
2019-06-19,170.69000244140625,162.1219024658203,6323900
2019-06-20,173.74000549316406,165.018798828125,11474100
2019-06-21,173.44000244140625,164.7338409423828,11728200
2019-06-24,173.85000610351562,165.12327575683594,5554900
2019-06-25,171.27999877929688,162.68228149414062,9899900
2019-06-26,171.05999755859375,162.47329711914062,7129900
2019-06-27,171.22999572753906,162.63479614257812,5873400
2019-06-28,173.5500030517578,164.8383026123047,8442700
2019-07-01,173.94000244140625,165.2087860107422,6103200
2019-07-02,175.27999877929688,166.48146057128906,5238100
2019-07-03,176.8699951171875,167.99166870117188,4066600
2019-07-05,176.66000366210938,167.792236328125,5840400
2019-07-08,176.19000244140625,167.34580993652344,6720300
2019-07-09,177.72999572753906,168.80848693847656,4894300
2019-07-10,179.30999755859375,170.30921936035156,5110600
2019-07-11,180.74000549316406,171.66741943359375,6986600
2019-07-12,180.3300018310547,171.2779998779297,7196700
2019-07-15,180.57000732421875,171.50592041015625,4490400
2019-07-16,179.30999755859375,170.30921936035156,6800200
2019-07-17,179.14999389648438,170.15721130371094,3994200
2019-07-18,180.52999877929688,171.46795654296875,4736300
2019-07-19,179.24000549316406,170.24270629882812,5327100
2019-07-22,180.57000732421875,171.50592041015625,4862100
2019-07-23,180.89999389648438,171.81936645507812,7193000
2019-07-24,183.3300018310547,174.12741088867188,8169300
2019-07-25,181.58999633789062,172.4747314453125,6085800
2019-07-26,183.69000244140625,174.46934509277344,5056300
2019-07-29,183.2100067138672,174.013427734375,4621800
2019-07-30,181.52999877929688,172.417724609375,5236600
2019-07-31,178.0,169.06492614746094,7981200
2019-08-01,179.1699981689453,170.17623901367188,8417300
2019-08-02,177.4199981689453,168.51406860351562,8264600
2019-08-05,168.86000061035156,160.3837890625,16858300
2019-08-06,172.47999572753906,163.822021484375,10281300
2019-08-07,175.32000732421875,166.5194854736328,8292800
2019-08-08,179.89999389648438,170.86953735351562,7602800
2019-08-09,179.0500030517578,170.06227111816406,5373700
2019-08-12,176.33999633789062,167.48829650878906,7394400
2019-08-13,178.61000061035156,169.64434814453125,6667700
2019-08-14,173.50999450683594,164.8003692626953,7293500
2019-08-15,176.27000427246094,167.6633758544922,6698000
2019-08-16,178.22999572753906,169.52767944335938,8312200
2019-08-19,179.74000549316406,170.96392822265625,5285000
2019-08-20,179.24000549316406,170.4883270263672,3793600
2019-08-21,180.94000244140625,172.10536193847656,3695900
2019-08-22,180.08999633789062,171.29681396484375,6659900
2019-08-23,175.22999572753906,166.67413330078125,7051900
2019-08-26,177.58999633789062,168.91893005371094,7754400
2019-08-27,178.3800048828125,169.67034912109375,4022100
2019-08-28,178.6699981689453,169.9462127685547,4401900
2019-08-29,181.1699981689453,172.3241424560547,4679200
2019-08-30,180.82000732421875,171.99122619628906,4061200
2019-09-03,179.1999969482422,170.45030212402344,4644000
2019-09-04,181.77000427246094,172.89483642578125,4154800
2019-09-05,184.72999572753906,175.71031188964844,6386800
2019-09-06,185.74000549316406,176.67100524902344,7990900
2019-09-09,181.5500030517578,172.68557739257812,7290500
2019-09-10,176.35000610351562,167.73947143554688,15255200
2019-09-11,174.97999572753906,166.43634033203125,9113600
2019-09-12,177.97999572753906,169.2898712158203,7748800
2019-09-13,177.27000427246094,168.61456298828125,6103200
2019-09-16,176.11000061035156,167.51119995117188,4253600
2019-09-17,176.4499969482422,167.8346405029297,5924700
2019-09-18,175.2899932861328,166.73118591308594,9542500
2019-09-19,175.9600067138672,167.3684844970703,6964500
2019-09-20,174.05999755859375,165.561279296875,12820400
2019-09-23,174.91000366210938,166.3697509765625,8803500
2019-09-24,174.47999572753906,165.96078491210938,10039900
2019-09-25,175.27999877929688,166.7216796875,7797300
2019-09-26,175.64999389648438,167.07363891601562,10419000
2019-09-27,174.0,165.5041961669922,9212600
2019-09-30,172.00999450683594,163.61141967773438,16464000
2019-10-01,174.2899932861328,165.78004455566406,8146200
2019-10-02,169.8300018310547,161.53782653808594,10596200
2019-10-03,172.8699951171875,164.4293975830078,7242800
2019-10-04,175.97999572753906,167.3875274658203,6027600
2019-10-07,174.89999389648438,166.3602294921875,5248300
2019-10-08,172.4199981689453,164.00137329101562,5336500
2019-10-09,174.8800048828125,166.3412322998047,6277300
2019-10-10,174.8800048828125,166.3412322998047,4762400
2019-10-11,177.05999755859375,168.414794921875,8754400
2019-10-14,177.36000061035156,168.7001953125,7240900
2019-10-15,178.75,170.02227783203125,4400200
2019-10-16,177.8699951171875,169.18521118164062,6509000
2019-10-17,177.94000244140625,169.25186157226562,4887900
2019-10-18,175.7100067138672,167.13072204589844,6311900
2019-10-21,176.42999267578125,167.8155059814453,4898200
2019-10-22,170.86000061035156,162.5175323486328,10094700
2019-10-23,171.32000732421875,162.955078125,7122300
2019-10-24,176.16000366210938,167.5587615966797,7872600
2019-10-25,177.85000610351562,169.166259765625,10130100
2019-10-28,179.83999633789062,171.05908203125,10086500
2019-10-29,177.6300048828125,168.95693969726562,7572800
2019-10-30,179.25,170.49781799316406,5374800
2019-10-31,178.86000061035156,170.1269073486328,6830800
2019-11-01,180.92999267578125,172.09584045410156,7000200
2019-11-04,178.9499969482422,170.21249389648438,7154800
2019-11-05,176.3699951171875,167.7584991455078,7447500
2019-11-06,176.77000427246094,168.13897705078125,6992500
2019-11-07,178.42999267578125,169.71791076660156,7227200
2019-11-08,178.97000122070312,170.23153686523438,3894100
2019-11-11,179.5399932861328,170.77365112304688,3617300
2019-11-12,179.74000549316406,170.96392822265625,6118700
2019-11-13,179.41000366210938,170.65008544921875,6138300
2019-11-14,179.75,171.25985717773438,9811000
2019-11-15,179.77000427246094,171.27890014648438,7808800
2019-11-18,179.66000366210938,171.17408752441406,7173700
2019-11-19,182.77000427246094,174.13717651367188,8549900
2019-11-20,181.66000366210938,173.07958984375,6040500
2019-11-21,179.88999938964844,171.3932342529297,5112200
2019-11-22,179.47000122070312,170.99307250976562,6865600
2019-11-25,180.97000122070312,172.4221954345703,5457800
2019-11-26,182.5500030517578,173.92758178710938,7079000
2019-11-27,184.3699951171875,175.66159057617188,11452700
2019-11-29,184.50999450683594,175.79498291015625,3139100
2019-12-02,181.7899932861328,173.2034454345703,6883200
2019-12-03,181.89999389648438,173.3082733154297,4543300
2019-12-04,180.60000610351562,172.0696563720703,10650400
2019-12-05,181.88999938964844,173.2987518310547,4638600
2019-12-06,182.1699981689453,173.56549072265625,14526700
2019-12-09,182.9199981689453,174.2801055908203,10233100
2019-12-10,182.25999450683594,173.65127563476562,8625700
2019-12-11,182.00999450683594,173.41307067871094,7138800
2019-12-12,182.63999938964844,174.0133056640625,11192100
2019-12-13,185.13999938964844,176.39524841308594,8558100
2019-12-16,186.24000549316406,177.44326782226562,8249900
2019-12-17,185.52000427246094,176.75726318359375,10208700
2019-12-18,184.89999389648438,176.1665496826172,8968500
2019-12-19,186.5399932861328,177.72909545898438,5854200
2019-12-20,188.0,179.12013244628906,11259500
2019-12-23,187.0800018310547,178.2436065673828,5831700
2019-12-24,187.57000732421875,178.71044921875,2420900
2019-12-26,189.16000366210938,180.225341796875,5237000
2019-12-27,189.38999938964844,180.4445037841797,5448600
2019-12-30,187.8300018310547,178.95819091796875,4833600
2019-12-31,187.89999389648438,179.02490234375,5273000
2020-01-02,191.1199951171875,182.09278869628906,8733000
2020-01-03,189.60000610351562,180.6445770263672,4899700
2020-01-06,189.19000244140625,180.2539520263672,10109500
2020-01-07,188.69000244140625,179.77757263183594,4392300
2020-01-08,191.9199981689453,182.85499572753906,5712000
2020-01-09,193.25,184.1221466064453,6748000
2020-01-10,193.77000427246094,184.61761474609375,6586400
2020-01-13,195.3300018310547,186.1039276123047,11290500
2020-01-14,196.0500030517578,186.7899169921875,6236500
2020-01-15,199.8000030517578,190.36279296875,10831100
2020-01-16,200.9499969482422,191.45848083496094,9983700
2020-01-17,204.6999969482422,195.03134155273438,12518900
2020-01-21,207.2899932861328,197.49900817871094,14861700
2020-01-22,207.89999389648438,198.0802001953125,8065000
2020-01-23,206.52000427246094,196.76544189453125,8520800
2020-01-24,205.0,195.3171844482422,7812900
2020-01-27,201.69000244140625,192.16351318359375,7198900
2020-01-28,202.85000610351562,193.2687225341797,7215700
2020-01-29,204.86000061035156,195.18374633789062,7041700
2020-01-30,208.2100067138672,198.37554931640625,8571900
2020-01-31,198.97000122070312,189.57203674316406,16699600
2020-02-03,200.80999755859375,191.32510375976562,10885900
2020-02-04,203.55999755859375,193.9452362060547,10205900
2020-02-05,202.80999755859375,193.23057556152344,8672400
2020-02-06,203.0399932861328,193.44973754882812,7001200
2020-02-07,202.74000549316406,193.16397094726562,5691100
2020-02-10,205.99000549316406,196.26040649414062,6239500
2020-02-11,203.94000244140625,194.30728149414062,10231900
2020-02-12,207.44000244140625,197.6419219970703,7355800
2020-02-13,207.39999389648438,197.88999938964844,9495300
2020-02-14,210.2899932861328,200.64749145507812,6548800
2020-02-18,211.1999969482422,201.51577758789062,7651500
2020-02-19,213.30999755859375,203.52902221679688,5927500
2020-02-20,211.4499969482422,201.7542724609375,8531900
2020-02-21,208.80999755859375,199.2353515625,9231500
2020-02-24,198.7899932861328,189.6748046875,13316800
2020-02-25,188.39999389648438,179.76123046875,18539000
2020-02-26,187.2100067138672,178.6257781982422,14214700
2020-02-27,180.00999450683594,171.75595092773438,17536600
2020-02-28,181.75999450683594,173.4256591796875,22659000
2020-03-02,192.3300018310547,183.51100158691406,17434500
2020-03-03,185.72999572753906,177.21363830566406,15226400
2020-03-04,194.2899932861328,185.38111877441406,10789100
2020-03-05,186.9600067138672,178.38726806640625,10106900
2020-03-06,184.36000061035156,175.90646362304688,15183200
2020-03-09,171.1300048828125,163.2831268310547,20486400
2020-03-10,182.60000610351562,174.2271728515625,16119400
2020-03-11,172.9499969482422,165.01962280273438,14598200
2020-03-12,160.0800018310547,152.7397918701172,27467700
2020-03-13,175.8300018310547,167.76759338378906,19948900
2020-03-16,152.00999450683594,145.039794921875,23692000
2020-03-17,157.88999938964844,150.65020751953125,22298000
2020-03-18,148.47999572753906,141.67169189453125,22787500
2020-03-19,152.25,145.2688446044922,19362800
2020-03-20,146.8300018310547,140.09735107421875,18692100
2020-03-23,135.74000549316406,129.51585388183594,30344100
2020-03-24,154.52999877929688,147.4442138671875,24488300
2020-03-25,161.77999877929688,154.36184692382812,20619600
2020-03-26,168.8800048828125,161.1363067626953,17062900
2020-03-27,161.55999755859375,154.15194702148438,14950700
2020-03-30,165.57000732421875,157.97805786132812,15714500
2020-03-31,161.1199951171875,153.7321014404297,20613100
2020-04-01,153.11000061035156,146.08938598632812,12595200
2020-04-02,157.38999938964844,150.17311096191406,14051100
2020-04-03,151.85000610351562,144.88720703125,11994700
2020-04-06,169.44000244140625,161.67056274414062,16479100
2020-04-07,168.58999633789062,160.85958862304688,15379000
2020-04-08,174.94000244140625,166.9183807373047,11146500
2020-04-09,173.69000244140625,165.72569274902344,12231800
2020-04-13,168.99000549316406,161.24130249023438,14043700
2020-04-14,174.6199951171875,166.6130828857422,9980500
2020-04-15,165.9600067138672,158.3501739501953,12118700
2020-04-16,162.4199981689453,154.97251892089844,20308200
2020-04-17,169.5399932861328,161.7659912109375,15375800
2020-04-20,164.22000122070312,156.69000244140625,10505200
2020-04-21,160.52999877929688,153.16920471191406,10562100
2020-04-22,166.58999633789062,158.9512939453125,14502500
2020-04-23,166.3800048828125,158.75091552734375,11411300
2020-04-24,167.32000732421875,159.64779663085938,8391400
2020-04-27,171.75999450683594,163.8842315673828,9903300
2020-04-28,171.25,163.39761352539062,8614400
2020-04-29,181.7899932861328,173.45431518554688,12862800
2020-04-30,178.72000122070312,170.52503967285156,11331600
2020-05-01,175.57000732421875,167.5195770263672,10109600
2020-05-04,176.14999389648438,168.07293701171875,9386200
2020-05-05,178.44000244140625,170.25791931152344,13513000
2020-05-06,178.77999877929688,170.5823516845703,8540500
2020-05-07,182.72000122070312,174.34169006347656,9262200
2020-05-08,185.08999633789062,176.60301208496094,6470100
2020-05-11,183.55999755859375,175.14317321777344,8683100
2020-05-12,179.47000122070312,171.24072265625,8219700
2020-05-13,177.08999633789062,169.25277709960938,13377100
2020-05-14,180.89999389648438,172.89414978027344,9695100
2020-05-15,183.49000549316406,175.36952209472656,10785900
2020-05-18,191.3800048828125,182.9103240966797,11802200
2020-05-19,189.36000061035156,180.97972106933594,7446800
2020-05-20,193.86000061035156,185.2805938720703,9545600
2020-05-21,190.6199951171875,182.18392944335938,11338100
2020-05-22,190.86000061035156,182.41329956054688,5807600
2020-05-26,193.22000122070312,184.66893005371094,9662200
2020-05-27,192.82000732421875,184.28663635253906,7650300
2020-05-28,194.25999450683594,185.6628875732422,8352200
2020-05-29,195.24000549316406,186.59954833984375,10211900
2020-06-01,194.35000610351562,185.74891662597656,6011300
2020-06-02,196.36000061035156,187.6699676513672,8462100
2020-06-03,196.8699951171875,188.15740966796875,8879400
2020-06-04,193.63999938964844,185.07032775878906,7829800
2020-06-05,199.61000061035156,190.776123046875,8561200
2020-06-08,199.60000610351562,190.7665557861328,7628100
2020-06-09,199.0800018310547,190.2695770263672,6892300
2020-06-10,200.47999572753906,191.6075897216797,8405300
2020-06-11,188.8800048828125,180.52099609375,11974600
2020-06-12,192.25999450683594,183.75140380859375,11706300
2020-06-15,191.75999450683594,183.27352905273438,6752700
2020-06-16,192.8800048828125,184.34396362304688,11057200
2020-06-17,193.55999755859375,184.99386596679688,5968900
2020-06-18,193.91000366210938,185.32839965820312,5803200
2020-06-19,192.1999969482422,183.69406127929688,11483300
2020-06-22,194.9600067138672,186.33189392089844,6674500
2020-06-23,197.97000122070312,189.2086944580078,9866800
2020-06-24,191.41000366210938,182.9390106201172,9453100
2020-06-25,193.97999572753906,185.39527893066406,9936600
2020-06-26,189.27000427246094,180.89370727539062,11836000
2020-06-29,191.3800048828125,182.9103240966797,8020400
2020-06-30,193.1699981689453,184.62109375,9040100
2020-07-01,193.77999877929688,185.2041473388672,6394100
2020-07-02,195.6699981689453,187.010498046875,6299300
2020-07-06,197.75999450683594,189.00802612304688,7292200
2020-07-07,194.1999969482422,185.6055450439453,7660100
2020-07-08,195.07000732421875,186.43701171875,8368000
2020-07-09,192.2100067138672,183.70359802246094,8548200
2020-07-10,192.5500030517578,184.02854919433594,7674200
2020-07-13,189.02000427246094,180.65476989746094,8564100
2020-07-14,193.3300018310547,184.7740478515625,8003900
2020-07-15,196.5500030517578,187.85153198242188,7681100
2020-07-16,193.5,184.9365234375,5064000
2020-07-17,195.08999633789062,186.45614624023438,6395000
2020-07-20,198.47000122070312,189.68655395507812,6985300
2020-07-21,196.47999572753906,187.7846221923828,7218700
2020-07-22,198.86000061035156,190.0592803955078,6823400
2020-07-23,197.42999267578125,188.69253540039062,6106700
2020-07-24,195.14999389648438,186.51348876953125,7160300
2020-07-27,196.91000366210938,188.19561767578125,5604700
2020-07-28,196.74000549316406,188.03314208984375,6897300
2020-07-29,198.5800018310547,189.79173278808594,9471300
2020-07-30,194.05999755859375,185.47174072265625,10499400
2020-07-31,190.39999389648438,181.9737091064453,14180800
2020-08-03,190.69000244140625,182.25094604492188,11405200
2020-08-04,192.2899932861328,183.7800750732422,8204000
2020-08-05,196.10000610351562,187.42144775390625,8876800
2020-08-06,198.77000427246094,189.97329711914062,7480300
2020-08-07,196.36000061035156,187.6699676513672,5654000
2020-08-10,196.7899932861328,188.08090209960938,5525400
2020-08-11,197.77000427246094,189.01754760742188,11549600
2020-08-12,198.74000549316406,189.94461059570312,5432500
2020-08-13,197.5800018310547,189.12142944335938,7014800
2020-08-14,196.63999938964844,188.22169494628906,5014400
2020-08-17,199.42999267578125,190.8922119140625,6256200
2020-08-18,199.00999450683594,190.49020385742188,6519900
2020-08-19,200.99000549316406,192.38543701171875,9467600
2020-08-20,204.14999389648438,195.41014099121094,8849200
2020-08-21,204.1300048828125,195.39102172851562,9998300
2020-08-24,206.41000366210938,197.5734100341797,6159600
2020-08-25,208.10000610351562,199.19107055664062,5828300
2020-08-26,210.25999450683594,201.25857543945312,7035200
2020-08-27,211.02999877929688,201.99562072753906,8619600
2020-08-28,215.7100067138672,206.47525024414062,7349800
2020-08-31,211.99000549316406,202.91453552246094,9326900
2020-09-01,213.35000610351562,204.21633911132812,5642900
2020-09-02,216.47999572753906,207.21231079101562,9863800
2020-09-03,208.9600067138672,200.01425170898438,11310200
2020-09-04,204.66000366210938,195.89833068847656,13243600
2020-09-08,200.1199951171875,191.55270385742188,14186900
2020-09-09,204.05999755859375,195.32403564453125,7532600
2020-09-10,201.5399932861328,192.91189575195312,7243000
2020-09-11,200.67999267578125,192.08871459960938,7439000
2020-09-14,204.97999572753906,196.2046356201172,11730500
2020-09-15,205.38999938964844,196.5970916748047,6328600
2020-09-16,205.1300048828125,196.3481903076172,6135000
2020-09-17,205.27000427246094,196.48220825195312,7474900
2020-09-18,202.61000061035156,193.93606567382812,9084100
2020-09-21,197.4499969482422,188.9969940185547,9656000
2020-09-22,200.55999755859375,191.97386169433594,7543100
2020-09-23,195.3699951171875,187.0060272216797,6310600
2020-09-24,195.52000427246094,187.1495819091797,9865300
2020-09-25,197.25,188.80555725097656,5496100
2020-09-28,200.32000732421875,191.74412536621094,5565300
2020-09-29,199.44000244140625,190.90179443359375,5513500
2020-09-30,199.97000122070312,191.40908813476562,9157600
2020-10-01,203.35000610351562,194.6444091796875,7234600
2020-10-02,201.4600067138672,192.83529663085938,6019700
2020-10-05,203.5399932861328,194.8262481689453,6090500
2020-10-06,200.4499969482422,191.86854553222656,5841100
2020-10-07,202.47000122070312,193.80209350585938,6713400
2020-10-08,202.97999572753906,194.29026794433594,3955600
2020-10-09,206.63999938964844,197.79354858398438,5562900
2020-10-12,206.39999389648438,197.56381225585938,6622700
2020-10-13,204.32000732421875,195.57286071777344,5621700
2020-10-14,202.1999969482422,193.5436553955078,5320000
2020-10-15,199.5500030517578,191.00709533691406,8885500
2020-10-16,200.25999450683594,191.6866455078125,6385900
2020-10-19,196.97000122070312,188.53753662109375,7449600
2020-10-20,197.6999969482422,189.23629760742188,7427000
2020-10-21,198.42999267578125,189.93504333496094,6067200
2020-10-22,197.99000549316406,189.5138702392578,4908200
2020-10-23,198.00999450683594,189.5330047607422,5877200
2020-10-26,193.07000732421875,184.80450439453125,12608700
2020-10-27,190.05999755859375,181.92340087890625,8690400
2020-10-28,180.8699951171875,173.1268310546875,17809500
2020-10-29,184.8699951171875,176.95553588867188,16820900
2020-10-30,181.7100067138672,173.93080139160156,10252900
2020-11-02,184.74000549316406,176.8311309814453,8057100
2020-11-03,188.33999633789062,180.2769775390625,6467900
2020-11-04,193.97000122070312,185.66598510742188,8102700
2020-11-05,197.63999938964844,189.17884826660156,7132100
2020-11-06,198.47000122070312,189.97332763671875,6180500
2020-11-09,212.67999267578125,203.57496643066406,17916900
2020-11-10,213.30999755859375,204.17800903320312,7943600
2020-11-11,212.6999969482422,203.59410095214844,5337200
2020-11-12,208.25999450683594,199.6445770263672,7302500
2020-11-13,210.47999572753906,201.77272033691406,6377500
2020-11-16,212.6999969482422,203.90086364746094,12083200
2020-11-17,210.7100067138672,201.99322509765625,7268800
2020-11-18,207.8300018310547,199.2323760986328,6977900
2020-11-19,207.57000732421875,198.98312377929688,5657200
2020-11-20,203.8800048828125,195.4457550048828,9653500
2020-11-23,208.16000366210938,199.5487060546875,6101900
2020-11-24,209.67999267578125,201.00582885742188,10110800
2020-11-25,210.88999938964844,202.16575622558594,6772900
2020-11-27,211.0,202.27122497558594,3512900
2020-11-30,210.35000610351562,201.64813232421875,7725500
2020-12-01,211.1999969482422,202.46295166015625,8047900
2020-12-02,210.17999267578125,201.4851531982422,9728900
2020-12-03,208.0500030517578,199.4432830810547,9203300
2020-12-04,212.67999267578125,203.88169860839844,5720100
2020-12-07,212.64999389648438,203.85293579101562,10624500
2020-12-08,212.77000427246094,203.968017578125,8646200
2020-12-09,209.5800018310547,200.9099578857422,6251100
2020-12-10,207.61000061035156,199.02146911621094,10492000
2020-12-11,206.24000549316406,197.7081756591797,9227600
2020-12-14,207.25,198.67633056640625,11967700
2020-12-15,208.36000061035156,199.7404327392578,9796100
2020-12-16,208.27000427246094,199.6541748046875,7504400
2020-12-17,211.17999267578125,202.44378662109375,6517200
2020-12-18,211.30999755859375,202.56837463378906,13298200
2020-12-21,209.00999450683594,200.363525390625,7576700
2020-12-22,205.83999633789062,197.32467651367188,7396200
2020-12-23,205.3000030517578,196.80703735351562,6523100
2020-12-24,208.6999969482422,200.06637573242188,3367900
2020-12-28,212.6300048828125,203.83380126953125,5816200
2020-12-29,214.3699951171875,205.5017852783203,6093400
2020-12-30,218.36000061035156,209.32672119140625,8875100
2020-12-31,218.72999572753906,209.68142700195312,5922200
2021-01-04,217.75999450683594,208.7515411376953,10318300
2021-01-05,214.50999450683594,205.6360321044922,6869700
2021-01-06,212.6199951171875,203.82421875,7206200
2021-01-07,213.80999755859375,204.96498107910156,10967900
2021-01-08,215.4499969482422,206.53712463378906,6513000
2021-01-11,212.88999938964844,204.0830078125,7353100
2021-01-12,208.86000061035156,200.21971130371094,9331600
2021-01-13,209.35000610351562,200.68948364257812,6688500
2021-01-14,201.86000061035156,193.5093536376953,12887500
2021-01-15,201.58999633789062,193.25050354003906,8755000
2021-01-19,201.66000366210938,193.31761169433594,9772000
2021-01-20,206.00999450683594,197.48764038085938,12675700
2021-01-21,205.13999938964844,196.6536407470703,6513500
2021-01-22,202.02000427246094,193.6627197265625,7316200
2021-01-25,200.97999572753906,192.66574096679688,19282400
2021-01-26,202.00999450683594,193.65313720703125,9605300
2021-01-27,194.97000122070312,186.90435791015625,13772400
2021-01-28,198.22000122070312,190.01992797851562,11041300
2021-01-29,193.25,185.25552368164062,21503000
2021-02-01,198.36000061035156,190.15411376953125,12970700
2021-02-02,202.61000061035156,194.228271484375,11305100
2021-02-03,201.36000061035156,193.03004455566406,13458600
2021-02-04,209.25,200.59361267089844,14534800
2021-02-05,208.77000427246094,200.13345336914062,10284000
2021-02-08,206.88999938964844,198.3312225341797,8637100
2021-02-09,206.52000427246094,197.97653198242188,7619400
2021-02-10,206.44000244140625,197.89993286132812,8467600
2021-02-11,210.66000366210938,202.2588348388672,8411100
2021-02-12,209.9600067138672,201.58670043945312,6911000
2021-02-16,207.89999389648438,199.60888671875,9652700
2021-02-17,207.50999450683594,199.23439025878906,8373200
2021-02-18,209.35000610351562,201.0010528564453,7328600
2021-02-19,204.72999572753906,196.56529235839844,15011500
2021-02-22,208.32000732421875,200.0121307373047,8337700
2021-02-23,212.11000061035156,203.65098571777344,10571700
2021-02-24,219.42999267578125,210.67904663085938,12039000
2021-02-25,213.75,205.2255859375,11404300
2021-02-26,212.38999938964844,203.91983032226562,11730000
2021-03-01,216.6300048828125,207.99070739746094,6982000
2021-03-02,215.77000427246094,207.16500854492188,6155200
2021-03-03,214.85000610351562,206.2816925048828,6484600
2021-03-04,211.5,203.06532287597656,10658900
2021-03-05,215.41000366210938,206.8193817138672,7582000
2021-03-08,220.27000427246094,211.48556518554688,14750400
2021-03-09,220.36000061035156,211.57196044921875,9228600
2021-03-10,223.1699981689453,214.2698974609375,7822900
2021-03-11,226.14999389648438,217.1310272216797,10053400
2021-03-12,224.36000061035156,215.41244506835938,8172400
2021-03-15,223.27000427246094,214.3658905029297,9306100
2021-03-16,224.6999969482422,215.73890686035156,8949300
2021-03-17,223.02000427246094,214.1259002685547,8675600
2021-03-18,220.66000366210938,211.8599853515625,9321800
2021-03-19,206.89999389648438,198.6487579345703,32209700
2021-03-22,208.0,199.70486450195312,11371600
2021-03-23,208.14999389648438,199.84889221191406,8820700
2021-03-24,208.07000732421875,199.7720947265625,10101600
2021-03-25,207.97000122070312,199.67608642578125,8390800
2021-03-26,213.52999877929688,205.0143280029297,7399900
2021-03-29,214.50999450683594,205.95529174804688,7792300
2021-03-30,211.89999389648438,203.44940185546875,5498000
2021-03-31,211.72999572753906,203.28610229492188,13180000
2021-04-01,216.86000061035156,208.21153259277344,6138400
2021-04-05,219.0399932861328,210.30458068847656,10440500
2021-04-06,218.64999389648438,209.93014526367188,7828100
2021-04-07,219.27000427246094,210.5254364013672,5614300
2021-04-08,220.6999969482422,211.8983917236328,11042000
2021-04-09,222.52000427246094,213.64584350585938,5724900
2021-04-12,221.47000122070312,212.63771057128906,6315200
2021-04-13,221.02000427246094,212.2056427001953,4764000
2021-04-14,221.97999572753906,213.12733459472656,4972600
2021-04-15,226.27999877929688,217.25587463378906,8698100
2021-04-16,226.41000366210938,217.3806915283203,6829400
2021-04-19,225.7899932861328,216.78533935546875,6541600
2021-04-20,223.27999877929688,214.37550354003906,5799100
2021-04-21,227.4499969482422,218.3792266845703,9490600
2021-04-22,227.57000732421875,218.49444580078125,7303000
2021-04-23,230.0,220.82752990722656,5345200
2021-04-26,230.33999633789062,221.1539764404297,5650000
2021-04-27,229.91000366210938,220.74110412597656,6642100
2021-04-28,233.4499969482422,224.1399383544922,10111400
2021-04-29,236.86000061035156,227.4139404296875,7411400
2021-04-30,233.55999755859375,224.24554443359375,10260200
2021-05-03,232.61000061035156,223.33343505859375,8174400
2021-05-04,232.02999877929688,222.7765655517578,5884500
2021-05-05,229.2100067138672,220.06903076171875,6523200
2021-05-06,231.32000732421875,222.09486389160156,6124100
2021-05-07,232.1199951171875,222.8629913330078,4528700
2021-05-10,225.97000122070312,216.95822143554688,9627400
2021-05-11,225.47999572753906,216.48777770996094,7633300
2021-05-12,220.6300048828125,211.83120727539062,7721300
2021-05-13,223.74000549316406,215.1291961669922,6650100
2021-05-14,226.94000244140625,218.20608520507812,4777200
2021-05-17,226.44000244140625,217.72525024414062,5534200
2021-05-18,225.57000732421875,216.88873291015625,6900000
2021-05-19,224.58999633789062,215.9464569091797,9311900
2021-05-20,226.44000244140625,217.72525024414062,7478600
2021-05-21,226.77000427246094,218.04258728027344,5603900
2021-05-24,229.32000732421875,220.49444580078125,4040100
2021-05-25,229.02000427246094,220.2059783935547,4689100
2021-05-26,227.07000732421875,218.33102416992188,4295600
2021-05-27,226.86000061035156,218.12911987304688,5969600
2021-05-28,227.3000030517578,218.55218505859375,5779700
2021-06-01,226.6300048828125,217.90794372558594,5091500
2021-06-02,229.66000366210938,220.82138061523438,9081100
2021-06-03,228.11000061035156,219.33103942871094,6382400
2021-06-04,230.13999938964844,221.2828826904297,5085700
2021-06-07,231.32000732421875,222.41744995117188,5421300
2021-06-08,232.0500030517578,223.11935424804688,4170600
2021-06-09,232.30999755859375,223.36936950683594,4659000
2021-06-10,233.9499969482422,224.94619750976562,4452500
2021-06-11,234.9600067138672,225.91737365722656,5378300
2021-06-14,234.0800018310547,225.07125854492188,5805800
2021-06-15,232.97999572753906,224.0135955810547,7093800
2021-06-16,229.60000610351562,220.76368713378906,8905400
2021-06-17,232.14999389648438,223.21551513671875,6876700
2021-06-18,230.41000366210938,221.54249572753906,8840000
2021-06-21,234.32000732421875,225.30203247070312,7298400
2021-06-22,235.92999267578125,226.8500213623047,8858400
2021-06-23,234.67999267578125,225.64816284179688,6814700
2021-06-24,236.24000549316406,227.14813232421875,4611500
2021-06-25,237.32000732421875,228.1865692138672,7825200
2021-06-28,234.08999633789062,225.08084106445312,9301700
2021-06-29,235.9499969482422,226.86927795410156,11897700
2021-06-30,233.82000732421875,224.8212890625,7797100
2021-07-01,235.14999389648438,226.10006713867188,5329600
2021-07-02,238.6300048828125,229.44613647460938,4383700
2021-07-06,239.60000610351562,230.3788299560547,8048700
2021-07-07,240.0,230.76339721679688,4366100
2021-07-08,236.61000061035156,227.50392150878906,6388000
2021-07-09,238.47000122070312,229.2922821044922,5615900
2021-07-12,237.8699951171875,228.71536254882812,7010700
2021-07-13,242.35000610351562,233.0229949951172,8079200
2021-07-14,245.99000549316406,236.52285766601562,8693400
2021-07-15,248.5500030517578,238.984375,10135100
2021-07-16,248.1199951171875,238.5709228515625,8674500
2021-07-19,240.41000366210938,231.1576385498047,11474600
2021-07-20,242.6999969482422,233.3594970703125,7072300
2021-07-21,243.66000366210938,234.2825927734375,11241400
2021-07-22,244.13999938964844,234.74407958984375,10293600
2021-07-23,249.02000427246094,239.43629455566406,6766000
2021-07-26,250.25,240.61892700195312,4879000
2021-07-27,250.92999267578125,241.27273559570312,7038300
2021-07-28,246.94000244140625,237.43634033203125,9036500
2021-07-29,247.9199981689453,238.37857055664062,7495300
2021-07-30,246.38999938964844,236.90748596191406,5804700
2021-08-02,239.77999877929688,230.55186462402344,9989500
2021-08-03,237.08999633789062,227.96534729003906,9839000
2021-08-04,236.6699981689453,227.56158447265625,8171800
2021-08-05,240.2100067138672,230.96530151367188,5337500
2021-08-06,241.39999389648438,232.10951232910156,4509700
2021-08-09,240.0,230.76339721679688,5226900
2021-08-10,238.07000732421875,228.9076690673828,7185700
2021-08-11,235.05999755859375,226.0135498046875,7375700
2021-08-12,231.7899932861328,223.1731719970703,9867000
2021-08-13,232.64999389648438,224.00125122070312,5445400
2021-08-16,235.36000061035156,226.6104736328125,7575900
2021-08-17,234.52999877929688,225.8113250732422,6850500
2021-08-18,231.6300048828125,223.0191650390625,4996500
2021-08-19,231.57000732421875,222.96141052246094,5761300
2021-08-20,231.36000061035156,222.75921630859375,5522200
2021-08-23,234.13999938964844,225.4358673095703,6342000
2021-08-24,234.24000549316406,225.53211975097656,5081800
2021-08-25,232.58999633789062,223.94346618652344,5277100
2021-08-26,230.52000427246094,221.9503936767578,5889100
2021-08-27,232.69000244140625,224.03973388671875,6369000
2021-08-30,231.22999572753906,222.63400268554688,6448000
2021-08-31,229.10000610351562,220.58319091796875,9405100
2021-09-01,230.1199951171875,221.5652618408203,8177600
2021-09-02,224.17999267578125,215.84613037109375,19708800
2021-09-03,225.11000061035156,216.7415313720703,11532000
2021-09-07,226.27000427246094,217.8583984375,9662600
2021-09-08,229.08999633789062,220.57362365722656,10652600
2021-09-09,227.49000549316406,219.03305053710938,5853000
2021-09-10,224.91000366210938,216.5489959716797,6715400
2021-09-13,224.6300048828125,216.27940368652344,6808100
2021-09-14,223.02999877929688,214.7388458251953,6575700
2021-09-15,223.80999755859375,215.48985290527344,6535800
2021-09-16,224.3300018310547,215.9905548095703,5928500
2021-09-17,221.75,213.50645446777344,13787400
2021-09-20,220.0500030517578,211.86965942382812,8822600
2021-09-21,220.1699981689453,211.98519897460938,7033600
2021-09-22,222.75,214.46923828125,6005900
2021-09-23,228.30999755859375,219.82260131835938,7952700
2021-09-24,231.58999633789062,222.98065185546875,6461200
2021-09-27,229.60000610351562,221.06463623046875,6881100
2021-09-28,225.55999755859375,217.17481994628906,6951400
2021-09-29,226.67999267578125,218.253173828125,6432700
2021-09-30,222.75,214.46923828125,7128500
2021-10-01,230.4600067138672,221.8926239013672,7925400
2021-10-04,224.72999572753906,216.37567138671875,10283400
2021-10-05,224.27999877929688,215.94239807128906,5814000
2021-10-06,226.50999450683594,218.08949279785156,5420900
2021-10-07,230.5500030517578,221.97930908203125,6561900
2021-10-08,230.27000427246094,221.70970153808594,3735200
2021-10-11,225.11000061035156,216.7415313720703,5620200
2021-10-12,224.0500030517578,215.72093200683594,5448200
2021-10-13,222.4600067138672,214.19003295898438,9076000
2021-10-14,225.17999267578125,216.80892944335938,5590500
2021-10-15,230.99000549316406,222.4029541015625,6355100
2021-10-18,230.64999389648438,222.0756072998047,5580200
2021-10-19,233.52000427246094,224.8389129638672,4409700
2021-10-20,231.4199981689453,222.8169403076172,5401800
2021-10-21,230.24000549316406,221.6808624267578,5982200
2021-10-22,231.22999572753906,222.63400268554688,3788000
2021-10-25,233.8800048828125,225.18553161621094,4938700
2021-10-26,231.82000732421875,223.20211791992188,7814500
2021-10-27,215.77999877929688,207.7583770751953,22958100
2021-10-28,209.83999633789062,202.03919982910156,23199400
2021-10-29,211.77000427246094,203.89744567871094,14329800
2021-11-01,212.4600067138672,204.56178283691406,13210300
2021-11-02,209.13999938964844,201.365234375,14688700
2021-11-03,208.10000610351562,200.36387634277344,11486700
2021-11-04,208.77999877929688,201.0186004638672,11368200
2021-11-05,216.6699981689453,208.61526489257812,14273600
2021-11-08,220.49000549316406,212.29330444335938,13500100
2021-11-09,213.38999938964844,205.45724487304688,11535000
2021-11-10,215.55999755859375,207.91192626953125,10063600
2021-11-11,210.4199981689453,202.9542694091797,13546900
2021-11-12,212.08999633789062,204.56504821777344,7660500
2021-11-15,212.3000030517578,204.76759338378906,9596900
2021-11-16,215.17999267578125,207.54541015625,8719600
2021-11-17,205.05999755859375,197.78445434570312,38379600
2021-11-18,203.3300018310547,196.11582946777344,18292200
2021-11-19,200.86000061035156,193.73350524902344,18032600
2021-11-22,195.5800018310547,188.64080810546875,21185800
2021-11-23,198.49000549316406,191.44757080078125,14742700
2021-11-24,203.25,196.0386962890625,12026800
2021-11-26,197.64999389648438,190.6373748779297,10987600
2021-11-29,196.2899932861328,189.32562255859375,14633500
2021-11-30,193.77000427246094,186.89505004882812,16023000
2021-12-01,190.16000366210938,183.41311645507812,13204900
2021-12-02,198.2899932861328,191.25465393066406,13976300
2021-12-03,196.32000732421875,189.35458374023438,10660500
2021-12-06,202.67999267578125,195.48890686035156,10722100
2021-12-07,207.3699951171875,200.0124969482422,11897200
2021-12-08,208.99000549316406,201.57504272460938,11749200
2021-12-09,211.38999938964844,203.88986206054688,10176800
2021-12-10,213.39999389648438,205.82852172851562,8882700
2021-12-13,211.02000427246094,203.5330352783203,8844300
2021-12-14,209.97999572753906,202.5299072265625,9832300
2021-12-15,212.30999755859375,204.77723693847656,10892500
2021-12-16,214.3699951171875,206.76416015625,8548400
2021-12-17,211.8800048828125,204.36248779296875,11578400
2021-12-20,208.74000549316406,201.3339080810547,9434400
2021-12-21,215.3800048828125,207.73831176757812,6993700
2021-12-22,217.9600067138672,210.22674560546875,6003400
2021-12-23,216.6199951171875,208.93431091308594,4798200
2021-12-27,217.6300048828125,209.90846252441406,4818400
2021-12-28,218.0500030517578,210.31356811523438,4279800
2021-12-29,218.1699981689453,210.42933654785156,3223100
2021-12-30,217.8699951171875,210.13995361328125,3812800
2021-12-31,216.7100067138672,209.02114868164062,4723300
2022-01-03,221.42999267578125,213.5736541748047,7694500
2022-01-04,222.4600067138672,214.56710815429688,10629300
2022-01-05,220.0,212.1943817138672,9594600
2022-01-06,219.75,211.95327758789062,7877500
2022-01-07,216.9600067138672,209.26226806640625,10702100
2022-01-10,211.97000122070312,204.44932556152344,11978600
2022-01-11,214.3800048828125,206.7738037109375,8803100
2022-01-12,215.7100067138672,208.056640625,6923300
2022-01-13,215.0,207.3717803955078,8867700
2022-01-14,214.6699981689453,207.05348205566406,8838100
2022-01-18,215.7100067138672,208.056640625,9099300
2022-01-19,214.67999267578125,207.06312561035156,9399800
2022-01-20,214.35000610351562,206.74484252929688,8532700
2022-01-21,205.92999267578125,198.62353515625,16200200
2022-01-24,201.85000610351562,194.68833923339844,16054000
2022-01-25,202.0,194.83297729492188,12125500
2022-01-26,205.8699951171875,198.5657501220703,10817600
2022-01-27,206.14999389648438,198.83580017089844,12009800
2022-01-28,228.0,219.91055297851562,26425300
2022-01-31,226.1699981689453,218.1454620361328,12380600
2022-02-01,232.36000061035156,224.1158905029297,12247200
2022-02-02,235.4199981689453,227.06727600097656,10590500
2022-02-03,231.5399932861328,223.324951171875,9968000
2022-02-04,228.38999938964844,220.2867431640625,10848100
2022-02-07,227.16000366210938,219.10037231445312,5984500
2022-02-08,227.94000244140625,219.8526611328125,7542000
2022-02-09,230.8699951171875,222.67872619628906,7772800
2022-02-10,225.58999633789062,217.94004821777344,6794600
2022-02-11,224.69000244140625,217.07057189941406,7535200
2022-02-14,225.33999633789062,217.69857788085938,8280800
2022-02-15,227.82000732421875,220.09445190429688,9461700
2022-02-16,228.82000732421875,221.06051635742188,9561300
2022-02-17,224.61000061035156,216.9932861328125,8131200
2022-02-18,222.69000244140625,215.138427734375,8121200
2022-02-22,221.32000732421875,213.81488037109375,9928800
2022-02-23,215.9499969482422,208.62696838378906,8669900
2022-02-24,217.3000030517578,209.9311981201172,13463400
2022-02-25,219.27000427246094,211.8343963623047,8463600
2022-02-28,216.1199951171875,208.79119873046875,8409400
2022-03-01,208.97000122070312,201.88363647460938,9317800
2022-03-02,208.47999572753906,201.41026306152344,8865700
2022-03-03,207.22999572753906,200.2026824951172,8610000
2022-03-04,200.2899932861328,193.49798583984375,10912300
2022-03-07,190.6999969482422,184.23321533203125,13412400
2022-03-08,191.7100067138672,185.20896911621094,11070900
2022-03-09,199.75999450683594,192.98594665527344,8457600
2022-03-10,197.97000122070312,191.25668334960938,7061600
2022-03-11,196.7100067138672,190.03939819335938,5432100
2022-03-14,200.3300018310547,193.5366668701172,7994700
2022-03-15,206.13999938964844,199.14962768554688,8277700
2022-03-16,211.8699951171875,204.68531799316406,9232300
2022-03-17,213.4499969482422,206.2117156982422,6668500
2022-03-18,219.11000061035156,211.67979431152344,14620800
2022-03-21,217.0399932861328,209.6799774169922,6101500
2022-03-22,218.47000122070312,211.0615234375,6259900
2022-03-23,214.67999267578125,207.39999389648438,6008000
2022-03-24,217.30999755859375,209.9408416748047,5487000
2022-03-25,218.42999267578125,211.0228271484375,5051400
2022-03-28,220.77000427246094,213.2834930419922,4316800
2022-03-29,228.1199951171875,220.38421630859375,8032500
2022-03-30,223.9499969482422,216.3556671142578,7084000
2022-03-31,221.77000427246094,214.24957275390625,10759500
2022-04-01,226.36000061035156,218.6839599609375,6559600
2022-04-04,227.74000549316406,220.0171356201172,8521200
2022-04-05,226.08999633789062,218.42311096191406,4658000
2022-04-06,219.00999450683594,211.58316040039062,7430000
2022-04-07,216.14999389648438,208.82015991210938,6995100
2022-04-08,216.97999572753906,209.62200927734375,5438600
2022-04-11,214.75,207.46768188476562,6942700
2022-04-12,211.39999389648438,204.23123168945312,7446600
2022-04-13,213.27000427246094,206.037841796875,8052900
2022-04-14,212.7899932861328,205.5740966796875,8191600
2022-04-18,213.1699981689453,205.94126892089844,4744400
2022-04-19,215.6999969482422,208.3854217529297,5028800
2022-04-20,217.7899932861328,210.40457153320312,7178300
2022-04-21,216.4499969482422,209.1099853515625,8850300
2022-04-22,208.1699981689453,201.11077880859375,6201100
2022-04-25,209.9499969482422,202.83041381835938,6839400
2022-04-26,201.10000610351562,194.28053283691406,8155300
2022-04-27,214.11000061035156,206.84934997558594,15955800
2022-04-28,220.66000366210938,213.17724609375,10799100
2022-04-29,213.1300048828125,205.902587890625,7965000
2022-05-02,211.52999877929688,204.35682678222656,8803700
2022-05-03,208.55999755859375,201.48756408691406,6616900
2022-05-04,214.52000427246094,207.2454376220703,7191100
2022-05-05,205.24000549316406,198.2801513671875,7749600
2022-05-06,202.82000732421875,195.9422149658203,8825300
2022-05-09,193.0,186.45523071289062,10314100
2022-05-10,193.5800018310547,187.0155487060547,11016500
2022-05-11,196.72000122070312,190.04904174804688,9427300
2022-05-12,193.97000122070312,187.75018310546875,9308600
2022-05-13,199.22999572753906,192.84153747558594,6684500
2022-05-16,197.80999755859375,191.46707153320312,5161300
2022-05-17,204.0,197.45858764648438,7265600
2022-05-18,199.99000549316406,193.5771942138672,8748200
2022-05-19,197.3699951171875,191.0411834716797,9012400
2022-05-20,199.02999877929688,192.64796447753906,6966600
2022-05-23,207.55999755859375,200.9044189453125,12187400
2022-05-24,202.6300048828125,196.13253784179688,7458500
2022-05-25,203.83999633789062,197.3037109375,5457200
2022-05-26,208.5500030517578,201.86273193359375,9212300
2022-05-27,212.8800048828125,206.05386352539062,4897200
2022-05-31,212.1699981689453,205.36660766601562,9586400
2022-06-01,209.92999267578125,203.19845581054688,5246100
2022-06-02,215.0500030517578,208.15428161621094,5337200
2022-06-03,212.64999389648438,205.8312225341797,4352500
2022-06-06,212.94000244140625,206.1119384765625,3965100
2022-06-07,214.5,207.62188720703125,4493300
2022-06-08,213.5,206.6540069580078,3646300
2022-06-09,206.11000061035156,199.50094604492188,5138600
2022-06-10,199.50999450683594,193.11257934570312,5162500
2022-06-13,192.25999450683594,186.09503173828125,7119200
2022-06-14,193.52000427246094,187.31466674804688,6441200
2022-06-15,196.16000366210938,189.8699951171875,6490000
2022-06-16,189.0500030517578,182.9879608154297,9887200
2022-06-17,190.00999450683594,183.91717529296875,15089300
2022-06-21,194.38999938964844,188.15672302246094,6241600
2022-06-22,193.82000732421875,187.6050262451172,5138500
2022-06-23,196.63999938964844,190.3345947265625,4752800
2022-06-24,205.50999450683594,198.92019653320312,7754800
2022-06-27,203.55999755859375,197.03273010253906,6121200
2022-06-28,198.1199951171875,191.7671356201172,4354200
2022-06-29,199.5,193.1029052734375,4324600
2022-06-30,196.88999938964844,190.5765838623047,7045200
2022-07-01,199.17999267578125,192.7931671142578,4131800
2022-07-05,200.5399932861328,194.1095428466797,4110200
2022-07-06,201.1199951171875,194.67092895507812,4111200
2022-07-07,202.8000030517578,196.29708862304688,4650700
2022-07-08,203.57000732421875,197.0424041748047,3621800
2022-07-11,205.05999755859375,198.484619140625,5353600
2022-07-12,204.82000732421875,198.25230407714844,6779500
2022-07-13,204.14999389648438,197.60379028320312,7597300
2022-07-14,205.91000366210938,199.30734252929688,5605500
2022-07-15,210.0399932861328,203.30490112304688,7245700
2022-07-18,207.2100067138672,200.56568908691406,4648900
2022-07-19,213.66000366210938,206.80882263183594,4927100
2022-07-20,213.3699951171875,206.5281524658203,4460300
2022-07-21,216.19000244140625,209.25772094726562,4801300
2022-07-22,213.6999969482422,206.8475341796875,5071500
2022-07-25,214.27000427246094,207.39926147460938,4357200
2022-07-26,212.49000549316406,205.6763916015625,6141000
2022-07-27,210.47000122070312,203.72113037109375,17432200
2022-07-28,211.35000610351562,204.57293701171875,7477100
2022-07-29,212.11000061035156,205.30856323242188,6059700
2022-08-01,211.36000061035156,204.5825958251953,8028400
2022-08-02,206.25999450683594,199.64613342285156,9939400
2022-08-03,208.47999572753906,201.7949676513672,9520100
2022-08-04,213.47000122070312,206.62493896484375,6789700
2022-08-05,215.8699951171875,208.947998046875,5553700
2022-08-08,213.32000732421875,206.4797821044922,4063400
2022-08-09,210.25999450683594,203.5178985595703,4596800
2022-08-10,212.10000610351562,205.2988739013672,5746400
2022-08-11,211.0800018310547,204.67344665527344,6639600
2022-08-12,211.3300018310547,204.9158477783203,6443700
2022-08-15,216.4199981689453,209.85137939453125,5290600
2022-08-16,217.13999938964844,210.5495147705078,6564400
2022-08-17,214.52000427246094,208.00906372070312,4902500
2022-08-18,215.25,208.71688842773438,4516400
2022-08-19,212.82000732421875,206.36065673828125,4178800
2022-08-22,208.61000061035156,202.27842712402344,5139500
2022-08-23,206.8000030517578,200.52337646484375,3525500
2022-08-24,206.6699981689453,200.3972930908203,4230800
2022-08-25,209.82000732421875,203.4517059326172,4495000
2022-08-26,202.88999938964844,196.73204040527344,5060200
2022-08-29,202.3300018310547,196.18902587890625,4476200
2022-08-30,201.3800048828125,195.2678680419922,3918200
2022-08-31,198.7100067138672,192.6789093017578,6559000
2022-09-01,200.1300048828125,194.0557861328125,5608300
2022-09-02,197.75999450683594,191.75775146484375,4508100
2022-09-06,198.63999938964844,192.61102294921875,4547800
2022-09-07,200.4199981689453,194.3369903564453,4098300
2022-09-08,200.7100067138672,194.61819458007812,4377600
2022-09-09,205.1999969482422,198.971923828125,4885600
2022-09-12,206.6300048828125,200.35850524902344,3812300
2022-09-13,199.6699981689453,193.6097412109375,5217900
2022-09-14,199.41000366210938,193.35765075683594,4632800
2022-09-15,195.3699951171875,189.4403076171875,6099300
2022-09-16,193.3000030517578,187.43310546875,9398200
2022-09-19,193.1300048828125,187.26824951171875,8133600
2022-09-20,192.07000732421875,186.2404327392578,5292500
2022-09-21,187.02000427246094,181.34368896484375,6705900
2022-09-22,185.7899932861328,180.15103149414062,6604700
2022-09-23,183.9600067138672,178.3765869140625,10755800
2022-09-26,180.58999633789062,175.10887145996094,9914600
2022-09-27,177.8699951171875,172.471435546875,9799600
2022-09-28,179.17999267578125,173.74163818359375,9751000
2022-09-29,180.05999755859375,174.59494018554688,9105200
2022-09-30,177.64999389648438,172.25807189941406,9472300
2022-10-03,181.64999389648438,176.13671875,8842300
2022-10-04,185.64999389648438,180.01528930664062,7081400
2022-10-05,187.6699981689453,181.9739990234375,6119900
2022-10-06,185.58999633789062,179.95709228515625,5163000
2022-10-07,183.8300018310547,178.25050354003906,5610300
2022-10-10,182.17999267578125,176.6505889892578,4743800
2022-10-11,179.13999938964844,173.70285034179688,6294500
2022-10-12,178.24000549316406,172.8302001953125,4884300
2022-10-13,184.66000366210938,179.0553436279297,8426400
2022-10-14,182.6199951171875,177.07723999023438,6449400
2022-10-17,185.25,179.62742614746094,13952100
2022-10-18,187.1699981689453,181.48916625976562,5209200
2022-10-19,186.41000366210938,180.752197265625,4927000
2022-10-20,187.22000122070312,181.53761291503906,5706700
2022-10-21,190.3699951171875,184.59201049804688,7582500
2022-10-24,190.7100067138672,184.92172241210938,7299200
2022-10-25,194.3800048828125,188.48033142089844,11907200
2022-10-26,203.3300018310547,197.15869140625,15450000
2022-10-27,204.2899932861328,198.0895233154297,7946700
2022-10-28,209.33999633789062,202.98623657226562,8455600
2022-10-31,207.16000366210938,200.8724365234375,8674100
2022-11-01,206.92999267578125,200.64938354492188,5919500
2022-11-02,200.9499969482422,194.8509063720703,6985600
2022-11-03,194.75,188.83908081054688,8236200
2022-11-04,196.97999572753906,191.00135803222656,9680100
2022-11-07,200.10000610351562,194.0266876220703,7821300
2022-11-08,201.77999877929688,195.6557159423828,6943700
2022-11-09,193.92999267578125,188.46426391601562,7320200
2022-11-10,205.57000732421875,199.77621459960938,8048900
2022-11-11,205.0,199.22230529785156,9601000
2022-11-14,206.86000061035156,201.02984619140625,5796100
2022-11-15,209.99000549316406,204.07164001464844,7316100
2022-11-16,210.13999938964844,204.2174072265625,6125300
2022-11-17,210.99000549316406,205.04348754882812,5385600
2022-11-18,210.8000030517578,204.85882568359375,8028500
2022-11-21,206.32000732421875,200.50511169433594,10450900
2022-11-22,210.3300018310547,204.40208435058594,5273100
2022-11-23,211.72999572753906,205.7625732421875,3807300
2022-11-25,213.7899932861328,207.76454162597656,1993500
2022-11-28,211.25999450683594,205.30580139160156,10229400
2022-11-29,209.05999755859375,203.16783142089844,8986900
2022-11-30,217.0,210.88409423828125,13918100
2022-12-01,217.0,210.88409423828125,11261500
2022-12-02,217.66000366210938,211.52548217773438,5132800
2022-12-05,213.67999267578125,207.65765380859375,9006300
2022-12-06,209.0800018310547,203.18731689453125,5986000
2022-12-07,207.80999755859375,201.95309448242188,7923800
2022-12-08,209.10000610351562,203.20672607421875,4896500
2022-12-09,208.6999969482422,202.8179931640625,4928400
2022-12-12,214.58999633789062,208.5419921875,5941700
2022-12-13,213.0399932861328,207.03567504882812,14585000
2022-12-14,213.32000732421875,207.30783081054688,7001700
2022-12-15,207.91000366210938,202.05026245117188,10831800
2022-12-16,206.88999938964844,201.0590057373047,12472900
2022-12-19,204.82000732421875,199.04734802246094,4893600
2022-12-20,205.36000061035156,199.57212829589844,5024900
2022-12-21,206.80999755859375,200.9812774658203,4086900
2022-12-22,205.05999755859375,199.28060913085938,5690300
2022-12-23,205.8300018310547,200.02890014648438,3246000
2022-12-27,206.2899932861328,200.4759063720703,2904900
2022-12-28,204.99000549316406,199.21258544921875,3139200
2022-12-29,208.05999755859375,202.19602966308594,3675500
2022-12-30,207.75999450683594,201.9044952392578,4159400
2023-01-03,207.38999938964844,201.54493713378906,4202800
2023-01-04,212.61000061035156,206.61782836914062,6606200
2023-01-05,211.11000061035156,205.1600799560547,5246000
2023-01-06,217.75,211.61293029785156,6829700
2023-01-09,218.60000610351562,212.43896484375,6294500
2023-01-10,221.08999633789062,214.8588104248047,10857000
2023-01-11,222.10000610351562,215.84033203125,5408200
2023-01-12,223.6199951171875,217.31747436523438,4264400
2023-01-13,223.05999755859375,216.77328491210938,4283200
2023-01-17,223.0,216.71499633789062,6101100
2023-01-18,219.4600067138672,213.2747344970703,6558000
2023-01-19,220.41000366210938,214.197998046875,4853100
2023-01-20,224.30999755859375,217.9880828857422,5211000
2023-01-23,224.17999267578125,217.8616943359375,5501500
2023-01-24,223.88999938964844,217.57992553710938,5274900
2023-01-25,224.89999389648438,218.5614013671875,4729600
2023-01-26,224.7100067138672,218.37681579589844,7043400
2023-01-27,231.44000244140625,224.91709899902344,11382600
2023-01-30,229.10000610351562,222.64306640625,5677400
2023-01-31,230.2100067138672,223.72177124023438,11294200
2023-02-01,230.89999389648438,224.39230346679688,5792700
2023-02-02,229.55999755859375,223.090087890625,7190000
2023-02-03,230.1300048828125,223.64402770996094,5243600
2023-02-06,229.44000244140625,222.9734649658203,3402400
2023-02-07,231.32000732421875,224.8004913330078,4042600
2023-02-08,230.1999969482422,223.71202087402344,4978600
2023-02-09,229.35000610351562,223.3225555419922,5238400
2023-02-10,227.1999969482422,221.22909545898438,4509700
2023-02-13,228.8800048828125,222.8649139404297,4946700
2023-02-14,229.38999938964844,223.36148071289062,4829400
2023-02-15,228.9199981689453,222.90386962890625,4407300
2023-02-16,225.8300018310547,219.8950653076172,3865900
2023-02-17,223.55999755859375,217.68472290039062,4520200
2023-02-21,220.6199951171875,214.82199096679688,7276100
2023-02-22,220.02000427246094,214.23777770996094,4621800
2023-02-23,221.1300048828125,215.31857299804688,5533800
2023-02-24,219.5500030517578,213.7801055908203,4414400
2023-02-27,220.35000610351562,214.55908203125,4255300
2023-02-28,219.94000244140625,214.15985107421875,5385400
2023-03-01,218.36000061035156,212.6213836669922,4792700
2023-03-02,219.05999755859375,213.30296325683594,5539300
2023-03-03,223.77000427246094,217.88919067382812,6055400
2023-03-06,226.75,220.7908935546875,5737600
2023-03-07,223.1699981689453,217.30496215820312,4386800
2023-03-08,222.19000244140625,216.35073852539062,4194900
2023-03-09,220.00999450683594,214.22799682617188,5066700
2023-03-10,216.13999938964844,210.45973205566406,6638900
2023-03-13,214.47000122070312,208.8335723876953,6810800
2023-03-14,218.66000366210938,212.9135284423828,7985600
2023-03-15,216.3699951171875,210.68368530273438,8372200
2023-03-16,217.4499969482422,211.7353057861328,13674600
2023-03-17,217.38999938964844,211.67684936523438,18801200
2023-03-20,218.14999389648438,212.4169158935547,9817400
2023-03-21,221.9499969482422,216.11700439453125,8971400
2023-03-22,220.0399932861328,214.25723266601562,6700600
2023-03-23,222.58999633789062,216.74017333984375,6427700
2023-03-24,221.0399932861328,215.23092651367188,4791500
2023-03-27,221.80999755859375,215.980712890625,7210900
2023-03-28,220.3300018310547,214.5395965576172,6418400
2023-03-29,223.3000030517578,217.43153381347656,4483000
2023-03-30,222.36000061035156,216.51625061035156,5383900
2023-03-31,225.4600067138672,219.5347900390625,9509000
2023-04-03,229.0,222.9817352294922,6421500
2023-04-04,227.66000366210938,221.67697143554688,5254700
2023-04-05,228.1699981689453,222.17356872558594,4813600
2023-04-06,225.99000549316406,220.05087280273438,4285200
2023-04-10,226.42999267578125,220.47927856445312,4952200
2023-04-11,228.4499969482422,222.44619750976562,4513300
2023-04-12,227.80999755859375,221.82302856445312,4373000
2023-04-13,232.69000244140625,226.5747833251953,7615500
2023-04-14,234.02000427246094,227.86984252929688,9781300
2023-04-17,233.47999572753906,227.343994140625,4865000
2023-04-18,233.60000610351562,227.46084594726562,4796200
2023-04-19,232.57000732421875,226.4579620361328,3833900
2023-04-20,234.60000610351562,228.4346160888672,4925700
2023-04-21,234.0500030517578,227.89906311035156,6771500
2023-04-24,232.75999450683594,226.64292907714844,9124100
2023-04-25,229.58999633789062,223.55624389648438,6076500
2023-04-26,228.14999389648438,222.15408325195312,8400400
2023-04-27,229.00999450683594,222.99151611328125,7128200
2023-04-28,232.72999572753906,226.61370849609375,11627900
2023-05-01,232.50999450683594,226.3994903564453,4571100
2023-05-02,226.97999572753906,221.0148162841797,5244000
2023-05-03,225.97999572753906,220.0410919189453,4093300
2023-05-04,225.60000610351562,219.67112731933594,5648700
2023-05-05,231.77999877929688,225.68870544433594,6237500
2023-05-08,232.22999572753906,226.12689208984375,2938400
2023-05-09,233.25999450683594,227.12979125976562,4352100
2023-05-10,231.27000427246094,225.19212341308594,5245000
2023-05-11,231.00999450683594,225.37744140625,3818000
2023-05-12,231.3800048828125,225.73843383789062,3432700
2023-05-15,232.80999755859375,227.13357543945312,2843200
2023-05-16,230.47000122070312,224.85064697265625,4289700
2023-05-17,232.64999389648438,226.9774627685547,4990100
2023-05-18,233.60000610351562,227.90432739257812,6621900
2023-05-19,233.30999755859375,227.6214141845703,5399400
2023-05-22,231.27999877929688,225.6409149169922,3987800
2023-05-23,224.5800018310547,219.10423278808594,8537200
2023-05-24,222.25,216.8310546875,6730800
2023-05-25,223.3800048828125,217.93350219726562,6827600
2023-05-26,225.00999450683594,219.5237579345703,5067300
2023-05-30,221.63999938964844,216.23594665527344,6916000
2023-05-31,221.02999877929688,215.6407928466797,20460600
2023-06-01,226.5,220.97740173339844,7003600
2023-06-02,228.7899932861328,223.2115936279297,5897100
2023-06-05,226.77000427246094,221.2408447265625,4858900
2023-06-06,228.22000122070312,222.6554718017578,6020100
2023-06-07,225.27000427246094,219.7774200439453,8517200
2023-06-08,223.0500030517578,217.61154174804688,6248200
2023-06-09,223.55999755859375,218.10911560058594,6385000
2023-06-12,226.1699981689453,220.65545654296875,8621100
2023-06-13,223.39999389648438,217.95301818847656,6868700
2023-06-14,223.44000244140625,217.99205017089844,9160700
2023-06-15,226.1699981689453,220.65545654296875,12534000
2023-06-16,228.91000366210938,223.3286590576172,13628900
2023-06-20,226.47000122070312,220.9481658935547,12312300
2023-06-21,227.25,221.70913696289062,7032100
2023-06-22,228.38999938964844,222.8213348388672,6275500
2023-06-23,229.5500030517578,223.95306396484375,5424400
2023-06-26,226.3000030517578,220.78231811523438,5165400
2023-06-27,227.33999633789062,221.7969207763672,4628500
2023-06-28,227.9600067138672,222.40187072753906,5324500
2023-06-29,234.32000732421875,228.6067657470703,7118900
2023-06-30,237.47999572753906,231.68972778320312,6879400
2023-07-03,237.97000122070312,232.1677703857422,3087400
2023-07-05,239.4499969482422,233.61167907714844,7601200
2023-07-06,238.8800048828125,233.05557250976562,6441800
2023-07-07,236.4499969482422,230.68482971191406,5729500
2023-07-10,238.16000366210938,232.35313415527344,4858900
2023-07-11,240.5500030517578,234.6848602294922,3856500
2023-07-12,242.2100067138672,236.30438232421875,6116000
2023-07-13,243.30999755859375,237.37754821777344,5819600
2023-07-14,243.16000366210938,237.23121643066406,4941200
2023-07-17,243.99000549316406,238.04100036621094,4328100
2023-07-18,240.77000427246094,234.89947509765625,7674000
2023-07-19,241.4199981689453,235.5336151123047,4835500
2023-07-20,239.6199951171875,233.7775421142578,4695000
2023-07-21,239.25,233.4165496826172,5427400
2023-07-24,240.74000549316406,234.8702392578125,6010000
2023-07-25,238.69000244140625,232.87022399902344,4997500
2023-07-26,237.10000610351562,231.3189697265625,7551400
2023-07-27,234.44000244140625,228.72389221191406,8160100
2023-07-28,235.75,230.00189208984375,6794800
2023-07-31,237.72999572753906,231.93360900878906,4799600
2023-08-01,239.77999877929688,233.93365478515625,4627300
2023-08-02,237.55999755859375,231.76776123046875,4868200
2023-08-03,238.75999450683594,232.93849182128906,5033800
2023-08-04,238.99000549316406,233.1628875732422,5169700
2023-08-07,241.50999450683594,235.6214599609375,5649800
2023-08-08,239.2899932861328,233.45558166503906,5080600
2023-08-09,239.75999450683594,233.91412353515625,4055000
2023-08-10,240.16000366210938,234.74496459960938,4778000
2023-08-11,240.0399932861328,234.6276397705078,3607100
2023-08-14,242.89999389648438,237.42318725585938,4351100
2023-08-15,239.8300018310547,234.42239379882812,3770100
2023-08-16,239.2899932861328,233.8945770263672,3218600
2023-08-17,237.3699951171875,232.0178985595703,4177600
2023-08-18,238.1699981689453,232.79981994628906,4344800
2023-08-21,239.4600067138672,234.06076049804688,3573600
2023-08-22,240.57000732421875,235.1457061767578,3848400
2023-08-23,242.3000030517578,236.8367156982422,4947700
2023-08-24,239.47000122070312,234.07054138183594,4570700
2023-08-25,242.57000732421875,237.1006317138672,3541500
2023-08-28,243.8300018310547,238.3322296142578,3741500
2023-08-29,245.33999633789062,239.8081512451172,3975600
2023-08-30,246.22999572753906,240.6781005859375,4573300
2023-08-31,245.67999267578125,240.1405029296875,5532600
2023-09-01,248.11000061035156,242.51573181152344,4112900
2023-09-05,245.33999633789062,239.8081512451172,4459600
2023-09-06,246.16000366210938,240.60968017578125,4520300
2023-09-07,247.13999938964844,241.56753540039062,4007900
2023-09-08,247.2899932861328,241.7141876220703,3309100
2023-09-11,247.22000122070312,241.6457977294922,2995800
2023-09-12,247.3000030517578,241.72396850585938,3499600
2023-09-13,247.8300018310547,242.2420196533203,5657000
2023-09-14,241.5,236.05474853515625,12000000
2023-09-15,241.07000732421875,235.63446044921875,13077900
2023-09-18,244.66000366210938,239.1435089111328,4771600
2023-09-19,243.55999755859375,238.0682830810547,4709000
2023-09-20,241.86000061035156,236.4066162109375,5756600
2023-09-21,236.61000061035156,231.27499389648438,6881500
2023-09-22,235.0800018310547,229.7794952392578,5935500
2023-09-25,233.36000061035156,228.09829711914062,5921600
2023-09-26,229.64999389648438,224.47195434570312,6193200
2023-09-27,229.5,224.3253173828125,6006700
2023-09-28,231.66000366210938,226.43663024902344,4203900
2023-09-29,230.00999450683594,224.8238067626953,6045200
2023-10-02,231.27000427246094,226.055419921875,5175200
2023-10-03,228.80999755859375,223.65087890625,5585700
2023-10-04,231.22000122070312,226.00653076171875,5430900
2023-10-05,233.47999572753906,228.21554565429688,6126200
2023-10-06,235.0399932861328,229.7404022216797,6401300
2023-10-09,234.44000244140625,229.15396118164062,5372200
2023-10-10,236.60000610351562,231.26522827148438,4644000
2023-10-11,235.67999267578125,230.365966796875,4760900
2023-10-12,236.77999877929688,231.441162109375,4472800
2023-10-13,237.6699981689453,232.3111114501953,4966800
2023-10-16,240.07000732421875,234.65699768066406,6227300
2023-10-17,241.1999969482422,235.76150512695312,4527600
2023-10-18,237.47000122070312,232.11561584472656,9528300
2023-10-19,233.80999755859375,228.5381622314453,5927400
2023-10-20,233.3800048828125,228.11781311035156,5748300
2023-10-23,231.52999877929688,226.30953979492188,5071700
2023-10-24,234.64999389648438,229.35919189453125,6844100
2023-10-25,236.85000610351562,231.50962829589844,10365300
2023-10-26,231.27999877929688,226.0652313232422,6414500
2023-10-27,229.27000427246094,224.1005401611328,5540900
2023-10-30,233.0800018310547,227.8245849609375,5170300
2023-10-31,235.10000610351562,229.799072265625,4828400
2023-11-01,238.5800018310547,233.20062255859375,4996200
2023-11-02,243.25,237.7653350830078,6286700
2023-11-03,243.60000610351562,238.10739135742188,5029800
2023-11-06,243.49000549316406,237.99989318847656,5254100
2023-11-07,244.77000427246094,239.25103759765625,4219700
2023-11-08,243.91000366210938,238.91795349121094,5117500
2023-11-09,241.63999938964844,236.69444274902344,4866600
2023-11-10,245.25,240.2305450439453,4094400
2023-11-13,244.6699981689453,239.66241455078125,4088500
2023-11-14,246.94000244140625,241.88595581054688,14092000
2023-11-15,248.11000061035156,243.03204345703125,13258900
2023-11-16,248.57000732421875,243.4826202392578,7051600
2023-11-17,249.55999755859375,244.4523468017578,7238200
2023-11-20,249.97000122070312,244.85391235351562,8604200
2023-11-21,252.22999572753906,247.0676727294922,7213700
2023-11-22,253.72000122070312,248.52720642089844,5701400
2023-11-24,254.3000030517578,249.0953369140625,1640900
2023-11-27,254.13999938964844,248.93858337402344,5478900
2023-11-28,252.94000244140625,247.76316833496094,5234900
2023-11-29,254.22999572753906,249.02676391601562,4955100
2023-11-30,256.67999267578125,251.42660522460938,6874700
2023-12-01,256.45001220703125,251.2013397216797,3939400
2023-12-04,254.44000244140625,249.23243713378906,5247500
2023-12-05,254.61000061035156,249.3989715576172,4199100
2023-12-06,254.2899932861328,249.0855255126953,3874000
2023-12-07,255.82000732421875,250.58419799804688,3589300
2023-12-08,255.74000549316406,250.505859375,3732300
2023-12-11,256.5199890136719,251.26988220214844,6479300
2023-12-12,259.55999755859375,254.24765014648438,5946600
2023-12-13,262.3800048828125,257.00994873046875,4859900
2023-12-14,258.7300109863281,253.4346160888672,8168700
2023-12-15,258.0299987792969,252.74900817871094,13374000
2023-12-18,258.3699951171875,253.08201599121094,6041100
2023-12-19,259.989990234375,254.6688690185547,8731200
2023-12-20,257.1099853515625,251.84780883789062,7240900
2023-12-21,259.5400085449219,254.2280731201172,6246700
2023-12-22,258.42999267578125,253.14083862304688,5111500
2023-12-26,259.1600036621094,253.85581970214844,2085100
2023-12-27,258.92999267578125,253.6305389404297,4034700
2023-12-28,260.3999938964844,255.0704803466797,3020500
2023-12-29,260.3500061035156,255.02149963378906,4074900
2024-01-02,258.8699951171875,253.57179260253906,5471000
2024-01-03,257.9800109863281,252.7000274658203,4148300
2024-01-04,259.6099853515625,254.296630859375,3843000
2024-01-05,259.69000244140625,254.37501525878906,3748400
2024-01-08,262.5400085449219,257.16668701171875,4659000
2024-01-09,263.3299865722656,257.94049072265625,7055800
2024-01-10,264.55999755859375,259.1452941894531,4355800
2024-01-11,264.0299987792969,258.62615966796875,5599000
2024-01-12,264.1700134277344,258.7633361816406,4656100
2024-01-16,265.239990234375,259.8114013671875,6196400
2024-01-17,266.6300048828125,261.1729736328125,5118700
2024-01-18,268.1400146484375,262.6520690917969,6694300
2024-01-19,270.8999938964844,265.3555603027344,7226500
2024-01-22,271.20001220703125,265.64947509765625,5984300
2024-01-23,271.260009765625,265.70819091796875,5883000
2024-01-24,271.6499938964844,266.0901794433594,5021700
2024-01-25,272.6099853515625,267.03057861328125,6894900
2024-01-26,267.94000244140625,262.4561767578125,8586500
2024-01-29,273.6600036621094,268.0590515136719,6574500
2024-01-30,277.1499938964844,271.4776306152344,6549000
2024-01-31,273.260009765625,267.6673278808594,6139300
2024-02-01,277.04998779296875,271.3796691894531,7065000
2024-02-02,277.17999267578125,271.50701904296875,4848700
2024-02-05,275.5799865722656,269.9398193359375,4899100
2024-02-06,276.760009765625,271.0956115722656,4400000
2024-02-07,279.3900146484375,273.6717834472656,4785900
2024-02-08,275.7799987792969,270.639404296875,5833400
2024-02-09,276.42999267578125,271.27728271484375,4618300
2024-02-12,275.07000732421875,269.9427185058594,3676200
2024-02-13,275.80999755859375,270.6688537597656,5493800
2024-02-14,277.55999755859375,272.3862609863281,4218400
2024-02-15,280.9800109863281,275.7424621582031,4834800
2024-02-16,278.55999755859375,273.3675537109375,6630700
2024-02-20,275.1499938964844,270.02117919921875,6157200
2024-02-21,276.760009765625,271.60113525390625,4770100
2024-02-22,283.75,278.4608459472656,5100200
2024-02-23,283.6000061035156,278.3135986328125,5107700
2024-02-26,284.1499938964844,278.8533935546875,3856900
2024-02-27,283.1700134277344,277.8916320800781,4145200
2024-02-28,285.6300048828125,280.30584716796875,4358800
2024-02-29,282.6400146484375,277.3715515136719,6633700
2024-03-01,283.1600036621094,277.8818664550781,3955700
2024-03-04,280.5299987792969,275.3009338378906,5920300
2024-03-05,279.3800048828125,274.17230224609375,6227900
2024-03-06,280.42999267578125,275.2027282714844,4535200
2024-03-07,278.260009765625,273.0732116699219,5668500
2024-03-08,280.0400085449219,274.82000732421875,3928800
2024-03-11,280.55999755859375,275.330322265625,4614000
2024-03-12,283.9200134277344,278.62774658203125,7988700
2024-03-13,285.1400146484375,279.8249816894531,5783800
2024-03-14,286.4100036621094,281.0712585449219,5484500
2024-03-15,283.0400085449219,277.76409912109375,9845000
2024-03-18,285.04998779296875,279.73663330078125,4095600
2024-03-19,287.3500061035156,281.9937744140625,6595200
2024-03-20,289.2799987792969,283.88775634765625,6105000
2024-03-21,290.3699951171875,284.9574279785156,5057600
2024-03-22,283.260009765625,277.97998046875,8744100
2024-03-25,281.2099914550781,275.9682312011719,8519200
2024-03-26,280.6000061035156,275.36956787109375,8752400
2024-03-27,279.0199890136719,273.8190002441406,5190700
2024-03-28,279.0799865722656,273.8779296875,5844400
2024-04-01,278.2799987792969,273.09283447265625,5084000
2024-04-02,278.44000244140625,273.24981689453125,6912300
2024-04-03,276.9599914550781,271.79742431640625,4536600
2024-04-04,274.0,268.8926086425781,4018600
2024-04-05,277.1400146484375,271.97412109375,4392100
2024-04-08,277.760009765625,272.58251953125,5542400
2024-04-09,276.7200012207031,271.5618896484375,7313900
2024-04-10,274.4800109863281,269.3636474609375,5276000
2024-04-11,275.67999267578125,270.54119873046875,8102300
2024-04-12,275.9599914550781,270.8160400390625,9038400
2024-04-15,271.2799987792969,266.2232666015625,10267500
2024-04-16,271.3500061035156,266.2919921875,8237100
2024-04-17,272.69000244140625,267.6070251464844,5940900
2024-04-18,271.3699951171875,266.3116149902344,8231800
2024-04-19,269.7799987792969,264.7513122558594,7905400
2024-04-22,272.3299865722656,267.2536926269531,6463700
2024-04-23,274.1099853515625,269.00048828125,6438000
2024-04-24,275.0199890136719,269.8935852050781,8807200
2024-04-25,275.1600036621094,270.031005859375,8064600
2024-04-26,274.5199890136719,269.40289306640625,6840600
2024-04-29,271.8399963378906,266.7728576660156,4128600
2024-04-30,268.6099853515625,263.60302734375,6376400
2024-05-01,267.32000732421875,262.3371276855469,6119900
2024-05-02,267.6099853515625,262.6217041015625,5061700
2024-05-03,268.489990234375,263.48529052734375,3862000
2024-05-06,272.6700134277344,267.5873718261719,3958700
2024-05-07,276.4599914550781,271.30670166015625,6377100
2024-05-08,277.19000244140625,272.02313232421875,9029700
2024-05-09,278.5400085449219,273.3479919433594,8948800
2024-05-10,280.739990234375,275.50689697265625,8986400
2024-05-13,279.3900146484375,274.18218994140625,10528400
2024-05-14,277.739990234375,272.5628967285156,18526100
2024-05-15,281.5,276.2528076171875,21288400
2024-05-16,279.8399963378906,275.1319580078125,10341500
2024-05-17,280.1000061035156,275.38763427734375,6177800
2024-05-20,278.5400085449219,273.8538513183594,5460900
2024-05-21,275.95001220703125,271.3074035644531,6578200
2024-05-22,275.5799865722656,270.943603515625,4202500
2024-05-23,274.2300109863281,269.6163635253906,6115900
2024-05-24,274.489990234375,269.87200927734375,4339700
2024-05-28,270.9800109863281,266.42108154296875,6212100
2024-05-29,268.8599853515625,264.336669921875,5469700
2024-05-30,271.29998779296875,266.73565673828125,4901900
2024-05-31,272.4599914550781,267.8761291503906,8910000
2024-06-03,270.3800048828125,265.8311767578125,4838800
2024-06-04,272.4200134277344,267.83685302734375,4188500
2024-06-05,274.5,269.8818054199219,5368700
2024-06-06,277.0400085449219,272.37908935546875,4862400
2024-06-07,278.6700134277344,273.981689453125,4515600
2024-06-10,275.0400085449219,270.41278076171875,5213800
2024-06-11,274.6700134277344,270.04901123046875,6244600
2024-06-12,270.32000732421875,265.7721252441406,7536600
2024-06-13,271.19000244140625,266.6275329589844,7361200
2024-06-14,270.6600036621094,266.1064147949219,8537300
2024-06-17,271.1700134277344,266.6078796386719,9258200
2024-06-18,273.6199951171875,269.0165710449219,6707500
2024-06-20,276.82000732421875,272.1628112792969,10164400
2024-06-21,275.2200012207031,270.5896911621094,14594700
2024-06-24,276.29998779296875,271.65155029296875,24149600
2024-06-25,273.5299987792969,268.9281311035156,18325800
2024-06-26,273.6000061035156,268.99700927734375,12172000
2024-06-27,266.5899963378906,262.1048889160156,10529100
2024-06-28,262.4700012207031,258.05419921875,13957300
2024-07-01,263.239990234375,258.81121826171875,7955800
2024-07-02,268.2300109863281,263.7173156738281,8697800
2024-07-03,268.989990234375,264.46453857421875,5017800
2024-07-05,270.3599853515625,265.81146240234375,7986400
2024-07-08,266.3999938964844,261.9180603027344,8561100
2024-07-09,265.44000244140625,260.9742736816406,6431300
2024-07-10,263.0,258.5752868652344,9635500
2024-07-11,262.54998779296875,258.1329040527344,8803600
2024-07-12,265.739990234375,261.2691955566406,6627800
2024-07-15,268.45001220703125,263.93359375,6845200
2024-07-16,269.25,264.72015380859375,7869900
2024-07-17,272.70001220703125,268.11212158203125,5324700
2024-07-18,269.1499938964844,264.6217956542969,5550800
2024-07-19,265.4599914550781,260.9939270019531,6839900
2024-07-22,267.7099914550781,263.2060546875,5313600
2024-07-23,264.7900085449219,260.3352355957031,8109200
2024-07-24,254.1699981689453,249.89385986328125,13065900
2024-07-25,253.74000549316406,249.47109985351562,8573300
2024-07-26,259.4599914550781,255.0948028564453,7062200
2024-07-29,261.6000061035156,257.1988220214844,6068100
2024-07-30,263.1000061035156,258.6736145019531,5941800
2024-07-31,265.6700134277344,261.2003479003906,7642500
2024-08-01,265.92999267578125,261.45599365234375,7269700
2024-08-02,266.5799865722656,262.0950622558594,7017900
2024-08-05,256.44000244140625,252.12567138671875,9631300
2024-08-06,258.260009765625,253.91506958007812,21586800
2024-08-07,256.5199890136719,252.20431518554688,12908600
2024-08-08,259.8299865722656,255.45860290527344,8223700
2024-08-09,259.760009765625,255.90191650390625,7228100
2024-08-12,259.8900146484375,256.030029296875,26769400
2024-08-13,260.1300048828125,256.26641845703125,12005700
2024-08-14,261.1400146484375,257.2614440917969,8552300
2024-08-15,266.79998779296875,262.8373718261719,7397800
2024-08-16,267.3800048828125,263.40875244140625,5111100
2024-08-19,266.4700012207031,262.5122375488281,6555900
2024-08-20,268.0400085449219,264.0589904785156,6803600
2024-08-21,268.20001220703125,264.2165832519531,6639700
2024-08-22,267.94000244140625,263.9604797363281,4425200
2024-08-23,267.44000244140625,263.4678649902344,3697400
2024-08-26,268.2099914550781,264.2264404296875,4612200
2024-08-27,270.7200012207031,266.69915771484375,6594100
2024-08-28,269.19000244140625,265.19189453125,5455100
2024-08-29,274.32000732421875,270.24566650390625,5565100
2024-08-30,276.3699951171875,272.2652587890625,6296100
2024-09-03,278.5400085449219,274.40301513671875,7278300
2024-09-04,280.489990234375,276.32403564453125,6107500
2024-09-05,278.6199951171875,274.4818115234375,6447400
2024-09-06,279.3699951171875,275.220703125,7187700
2024-09-09,285.6099853515625,281.3680114746094,10933900
2024-09-10,285.3399963378906,281.1020202636719,5314400
2024-09-11,283.9599914550781,279.7425231933594,6281800
2024-09-12,285.3699951171875,281.131591796875,4160800
2024-09-13,287.3500061035156,283.0821533203125,4987600
2024-09-16,290.4800109863281,286.1656494140625,4458900
2024-09-17,291.55999755859375,287.2296447753906,5135700
2024-09-18,288.4800109863281,284.19537353515625,5890000
2024-09-19,285.239990234375,281.00347900390625,10382100
2024-09-20,284.7699890136719,280.5404357910156,27810900
2024-09-23,288.6300048828125,284.3431396484375,6505600
2024-09-24,272.7799987792969,268.7285461425781,13690200
2024-09-25,269.6300048828125,265.6253356933594,11671300
2024-09-26,271.69000244140625,267.6548156738281,9552500
2024-09-27,275.1700134277344,271.0830993652344,6509600
2024-09-30,274.95001220703125,270.8663330078125,5969900
2024-10-01,277.6000061035156,273.4769592285156,5781600
2024-10-02,277.0,272.8858947753906,4741600
2024-10-03,276.8599853515625,272.7479553222656,3036700
2024-10-04,277.92999267578125,273.80206298828125,4259300
2024-10-07,273.7900085449219,269.7235412597656,4339300
2024-10-08,274.9599914550781,270.8761901855469,4370900
2024-10-09,276.92999267578125,272.8169250488281,4115800
2024-10-10,277.4700012207031,273.348876953125,4063900
2024-10-11,277.8399963378906,273.7134094238281,4746300
2024-10-14,280.67999267578125,276.51123046875,3996600
2024-10-15,279.2900085449219,275.1418762207031,5807000
2024-10-16,287.5199890136719,283.2496032714844,9442700
2024-10-17,290.3900146484375,286.0769958496094,8815800
2024-10-18,290.6199951171875,286.3035888671875,5350900
2024-10-21,286.8500061035156,282.5895690917969,6313100
2024-10-22,284.7900085449219,280.5601806640625,5736500
2024-10-23,283.760009765625,279.54547119140625,5249300
2024-10-24,283.2200012207031,279.0135192871094,4679900
2024-10-25,281.7300109863281,277.54559326171875,4464600
2024-10-28,284.19000244140625,279.9691162109375,4306200
2024-10-29,281.8800048828125,277.693359375,7534800
2024-10-30,290.1600036621094,285.85040283203125,9606800
2024-10-31,289.8500061035156,285.5450134277344,7950200
2024-11-01,290.739990234375,286.4217834472656,5470700
2024-11-04,291.8500061035156,287.5152893066406,4281600
2024-11-05,293.2900085449219,288.9339294433594,3753700
2024-11-06,307.3999938964844,302.8343811035156,10320500
2024-11-07,305.79998779296875,301.25811767578125,6237300
2024-11-08,307.8699951171875,303.2973937988281,6240600
2024-11-11,310.9200134277344,306.3021240234375,4674100
2024-11-12,309.8500061035156,305.8282775878906,4616400
2024-11-13,309.4800109863281,305.4631042480469,4046400
2024-11-14,308.25,304.24908447265625,4415800
2024-11-15,309.6400146484375,305.62109375,5106300
2024-11-18,312.1600036621094,308.10833740234375,4585600
2024-11-19,311.8500061035156,307.8023681640625,4885500
2024-11-20,307.3900146484375,303.4002685546875,6349900
2024-11-21,309.8999938964844,305.877685546875,5757100
2024-11-22,309.9200134277344,305.8974914550781,5919200
2024-11-25,313.19000244140625,309.1249694824219,14189300
2024-11-26,311.82000732421875,307.7726745605469,7071500
2024-11-27,314.70001220703125,310.6153869628906,5204300
2024-11-29,315.0799865722656,310.99041748046875,3853300
2024-12-02,316.6499938964844,312.5400695800781,5597500
2024-12-03,313.010009765625,308.94732666015625,5009900
2024-12-04,309.8999938964844,305.877685546875,5981800
2024-12-05,309.0799865722656,305.06829833984375,5200100
2024-12-06,311.010009765625,306.9732666015625,4302700
2024-12-09,308.29998779296875,304.2984619140625,5785300
2024-12-10,312.3800048828125,308.32550048828125,4539500
2024-12-11,313.7900085449219,309.7171630859375,4321800
2024-12-12,314.2300109863281,310.1514892578125,3218500
2024-12-13,314.739990234375,310.6548156738281,4682200
2024-12-16,315.8900146484375,311.7899169921875,6562500
2024-12-17,318.29998779296875,314.1686706542969,8843900
2024-12-18,309.7799987792969,305.75921630859375,10479200
2024-12-19,314.8800048828125,310.79302978515625,8317100
2024-12-20,317.7099914550781,313.5863037109375,24387000
2024-12-23,317.2200012207031,313.1026611328125,7984600
2024-12-24,320.6499938964844,316.4881286621094,2684100
2024-12-26,320.9100036621094,316.7447509765625,2856000
2024-12-27,318.6600036621094,314.52392578125,3489200
2024-12-30,315.30999755859375,311.21746826171875,3478500
2024-12-31,316.0400085449219,311.93792724609375,3963800
2025-01-02,314.3999938964844,310.3192443847656,5369500
2025-01-03,314.9100036621094,310.8226318359375,4271300
2025-01-06,313.0400085449219,308.9769287109375,6567300
2025-01-07,311.6700134277344,307.62469482421875,4958600
2025-01-08,312.6000061035156,308.5426025390625,5161600
2025-01-10,307.7099914550781,303.7160949707031,6660100
2025-01-13,306.9200134277344,302.93634033203125,9568400
2025-01-14,309.0899963378906,305.07818603515625,5107600
2025-01-15,316.2799987792969,312.1748352050781,5222000
2025-01-16,317.25,313.1322326660156,4606700
2025-01-17,319.6199951171875,315.4715270996094,5805800
2025-01-21,323.6300048828125,319.429443359375,5653000
2025-01-22,323.55999755859375,319.3603515625,5026500
2025-01-23,328.2099914550781,323.95001220703125,5297100
2025-01-24,330.20001220703125,325.9141540527344,4327500
2025-01-27,334.5400085449219,330.1978454589844,6636500
2025-01-28,334.4800109863281,330.13861083984375,5999600
2025-01-29,335.8800048828125,331.5204772949219,5087300
2025-01-30,343.04998779296875,338.5973815917969,8081300
2025-01-31,341.79998779296875,337.36358642578125,8624100
2025-02-03,345.82000732421875,341.33148193359375,8004500
2025-02-04,345.1499938964844,340.6701354980469,5532600
2025-02-05,349.44000244140625,344.90447998046875,4939100
2025-02-06,347.4800109863281,342.96990966796875,4294500
2025-02-07,348.0199890136719,343.50286865234375,4261200
2025-02-10,351.2300109863281,346.6712341308594,6067000
2025-02-11,350.7200012207031,346.75030517578125,5154800
2025-02-12,351.489990234375,347.5115661621094,6760100
2025-02-13,355.6300048828125,351.604736328125,4279200
2025-02-14,353.80999755859375,349.80535888671875,5720300
2025-02-18,356.7300109863281,352.6922912597656,5822000
2025-02-19,355.2300109863281,351.2092590332031,4152300
2025-02-20,350.489990234375,346.5229187011719,5697000
2025-02-21,348.5299987792969,344.5851135253906,6924100
2025-02-24,349.8599853515625,345.8999938964844,5055900
2025-02-25,352.0899963378906,348.1048583984375,6191900
2025-02-26,350.6300048828125,346.66131591796875,5960600
2025-02-27,355.739990234375,351.7135009765625,7298100
2025-02-28,362.7099914550781,358.6045837402344,15857300
2025-03-03,361.82000732421875,357.72467041015625,9099600
2025-03-04,352.2300109863281,348.2432556152344,8955800
2025-03-05,352.67999267578125,348.6881408691406,8244200
2025-03-06,344.1600036621094,340.26458740234375,8611100
2025-03-07,345.32000732421875,341.4114990234375,6358700
2025-03-10,341.4800109863281,337.6148986816406,8204300
2025-03-11,332.1400146484375,328.3806457519531,9776100
2025-03-12,332.8399963378906,329.0726623535156,6295400
2025-03-13,328.54998779296875,324.8312072753906,7915300
2025-03-14,331.79998779296875,328.04443359375,7810600
2025-03-17,334.54998779296875,330.7633361816406,6149400
2025-03-18,334.7699890136719,330.9808349609375,7778300
2025-03-19,339.8699951171875,336.02313232421875,5614900
2025-03-20,339.5,335.6573181152344,5432700
2025-03-21,335.6600036621094,331.86077880859375,17279700
2025-03-24,343.8699951171875,339.9778747558594,5675100
2025-03-25,344.6199951171875,340.7193603515625,3931200
2025-03-26,344.17999267578125,340.2843322753906,6187100
2025-03-27,349.8599853515625,345.8999938964844,7254800
2025-03-28,342.8500061035156,338.9694519042969,5687600
2025-03-31,350.4599914550781,346.4932861328125,9950800
2025-04-01,346.3500061035156,342.4297790527344,7473300
2025-04-02,346.3299865722656,342.40997314453125,5682500
2025-04-03,339.3900146484375,335.548583984375,8792900
2025-04-04,313.1300048828125,309.5858154296875,13201700
2025-04-07,312.32000732421875,308.7849426269531,12163400
2025-04-08,308.2699890136719,304.7807922363281,9569300
2025-04-09,332.42999267578125,328.6673583984375,11361800
2025-04-10,324.6099853515625,320.93585205078125,8709800
2025-04-11,333.3999938964844,329.6263122558594,6804500
2025-04-14,335.17999267578125,331.3861999511719,5011800
2025-04-15,335.80999755859375,332.00909423828125,4386200
2025-04-16,331.3299865722656,327.57977294921875,5850600
2025-04-17,329.6099853515625,325.87921142578125,5655900
2025-04-21,320.1000061035156,316.4769287109375,6362300
2025-04-22,331.3999938964844,327.6489562988281,5435500
2025-04-23,334.3699951171875,330.58538818359375,8906000
2025-04-24,335.7099914550781,331.9102478027344,8055200
2025-04-25,335.1700134277344,331.3763732910156,4452800
2025-04-28,337.510009765625,333.6898498535156,5422900
2025-04-29,341.5199890136719,337.6544494628906,5519500
2025-04-30,345.5,341.58941650390625,9526700
2025-05-01,342.45001220703125,338.5739440917969,5849900
2025-05-02,347.6000061035156,343.6656494140625,6113700
2025-05-05,348.6400146484375,344.69390869140625,3865300
2025-05-06,347.70001220703125,343.7645263671875,3438500
2025-05-07,349.8500061035156,345.8901672363281,5454000
2025-05-08,351.2699890136719,347.2940673828125,4156400
2025-05-09,352.5400085449219,348.54974365234375,3086600
2025-05-12,355.8500061035156,351.822265625,7985400
2025-05-13,356.1400146484375,352.6937561035156,5406200
2025-05-14,356.4599914550781,353.0106506347656,6207600
2025-05-15,362.29998779296875,358.7941589355469,5826100
2025-05-16,365.1199951171875,361.58685302734375,5838100
2025-05-19,367.8999938964844,364.3399658203125,5081500
2025-05-20,366.8399963378906,363.2901916503906,5281400
2025-05-21,358.29998779296875,354.83282470703125,6125500
2025-05-22,357.9700012207031,354.50604248046875,4936600
2025-05-23,353.5400085449219,350.118896484375,5345900
2025-05-27,359.29998779296875,355.8231506347656,6316000
2025-05-28,359.7300109863281,356.2490234375,3299000
2025-05-29,362.3999938964844,358.8931579589844,4590400
2025-05-30,365.19000244140625,361.65618896484375,8726900
2025-06-02,365.32000732421875,361.7849426269531,3845700
2025-06-03,365.8599853515625,362.31964111328125,5221300
2025-06-04,368.0,364.43896484375,4202300
2025-06-05,366.7699890136719,363.2208557128906,6881900
2025-06-06,370.2200012207031,366.6374816894531,5008500
2025-06-09,366.6600036621094,363.11199951171875,4999900
2025-06-10,370.70001220703125,367.1128845214844,4109300
2025-06-11,373.30999755859375,369.6976013183594,5562700
2025-06-12,371.3999938964844,367.80609130859375,4874000
2025-06-13,352.8500061035156,349.43560791015625,14181700
2025-06-16,355.4800109863281,352.0401306152344,7234700
2025-06-17,357.8399963378906,354.3772888183594,5559600
2025-06-18,340.3800048828125,337.0862731933594,15008600
2025-06-20,338.57000732421875,335.2937927246094,19332100
2025-06-23,343.75,340.42364501953125,7553300
2025-06-24,351.6300048828125,348.2273864746094,10172000
2025-06-25,345.260009765625,341.9190673828125,6836300
2025-06-26,346.0299987792969,342.6816101074219,8829500
2025-06-27,348.6099853515625,345.2366027832031,6601900
2025-06-30,355.04998779296875,351.6142883300781,7080100
2025-07-01,355.4700012207031,352.0302734375,6653400
2025-07-02,354.2200012207031,350.79229736328125,5131400
2025-07-03,358.8599853515625,355.3874206542969,3702800
2025-07-07,356.6400146484375,353.1889343261719,5138000
2025-07-08,354.54998779296875,351.1191101074219,6966800
2025-07-09,357.760009765625,354.298095703125,7297100
2025-07-10,355.8800048828125,352.4362487792969,6121300
2025-07-11,347.92999267578125,344.5632019042969,7580200
2025-07-14,350.5,347.1083068847656,5598900
2025-07-15,347.0199890136719,343.6620178222656,4891700
2025-07-16,349.8999938964844,346.51416015625,5544200
2025-07-17,349.80999755859375,346.4250183105469,4747100
2025-07-18,349.04998779296875,345.6723327636719,4927600
2025-07-21,350.94000244140625,347.5440673828125,5216300
2025-07-22,351.8599853515625,348.4551696777344,4614200
2025-07-23,355.2900085449219,351.8519592285156,4385600
2025-07-24,353.9700012207031,350.5447082519531,5887200
2025-07-25,357.0400085449219,353.5850524902344,3915400
2025-07-28,355.4700012207031,352.0302734375,3921000
2025-07-29,351.2900085449219,347.89068603515625,7402300
2025-07-30,350.9100036621094,347.5143737792969,12129700
2025-07-31,345.4700012207031,342.12701416015625,8641700
2025-08-01,339.3500061035156,336.0661926269531,8658700
2025-08-04,342.1499938964844,338.839111328125,7335300
2025-08-05,337.42999267578125,334.164794921875,7295600
2025-08-06,339.739990234375,336.45245361328125,5944100
2025-08-07,332.0899963378906,328.87652587890625,8797100
2025-08-08,336.7799987792969,333.52105712890625,6073900
2025-08-11,335.8999938964844,332.64959716796875,5715800
2025-08-12,336.739990234375,334.0682678222656,5682800
2025-08-13,342.54998779296875,339.8321533203125,5693400
2025-08-14,345.489990234375,342.7488098144531,6224000
2025-08-15,344.4700012207031,341.7369384765625,4946600
2025-08-18,342.739990234375,340.0206298828125,3999600
2025-08-19,342.45001220703125,339.73297119140625,4457200
2025-08-20,343.92999267578125,341.20123291015625,5834400
2025-08-21,343.69000244140625,340.9631042480469,6073600
2025-08-22,350.0400085449219,347.26275634765625,4973200
2025-08-25,348.82000732421875,346.05242919921875,8019800
2025-08-26,351.17999267578125,348.3936767578125,5876200
2025-08-27,350.3500061035156,347.5702819824219,5531100
2025-08-28,349.8599853515625,347.0841064453125,4987100
2025-08-29,351.7799987792969,348.98895263671875,3671900
2025-09-02,350.07000732421875,347.2925109863281,4940300
2025-09-03,350.8699951171875,348.08612060546875,4176400
2025-09-04,350.989990234375,348.2052001953125,4324000
2025-09-05,343.2200012207031,340.4968566894531,5448300
2025-09-08,342.29998779296875,339.5841369628906,4711600
2025-09-09,343.989990234375,341.2607421875,4646200
2025-09-10,338.1199951171875,335.43731689453125,6557900
2025-09-11,343.489990234375,340.7646789550781,5157600
2025-09-12,339.42999267578125,336.7369079589844,3518300
2025-09-15,339.04998779296875,336.35992431640625,4367500
2025-09-16,340.0299987792969,337.3321533203125,5527700
2025-09-17,346.20001220703125,343.4532165527344,5763500
2025-09-18,338.17999267578125,335.4968566894531,7526600
2025-09-19,341.6099853515625,338.899658203125,13674300
2025-09-22,344.3599853515625,341.6278076171875,5621800
2025-09-23,338.70001220703125,336.0126953125,10142700
2025-09-24,338.67999267578125,335.9928894042969,5207400
2025-09-25,334.92999267578125,332.2726135253906,5398700
2025-09-26,337.3699951171875,334.6932678222656,9619200
2025-09-29,340.1600036621094,337.46112060546875,7217800
2025-09-30,341.3800048828125,338.67144775390625,8164400
2025-10-01,347.8299865722656,345.07025146484375,8381000
2025-10-02,345.95001220703125,343.2052307128906,5198000
2025-10-03,349.8399963378906,347.0643615722656,5199700
2025-10-06,349.2799987792969,346.5087585449219,4735600
2025-10-07,352.4200134277344,349.6238708496094,5044600
2025-10-08,351.3599853515625,348.572265625,3927500
2025-10-09,347.0400085449219,344.28656005859375,4434800
2025-10-10,343.6499938964844,340.9234313964844,6296200
2025-10-13,343.29998779296875,340.57623291015625,4030700
2025-10-14,348.3800048828125,345.6159362792969,5731000
2025-10-15,345.69000244140625,342.947265625,3778200
2025-10-16,335.3999938964844,332.7388916015625,6241500
2025-10-17,341.8900146484375,339.1774597167969,6267100
2025-10-20,344.4100036621094,341.67742919921875,4665000
2025-10-21,347.2099914550781,344.4551696777344,4121800
2025-10-22,345.3599853515625,342.619873046875,5074400
2025-10-23,345.9599914550781,343.215087890625,7217200
2025-10-24,347.3800048828125,344.62384033203125,3576700
2025-10-27,347.82000732421875,345.06036376953125,5400300
2025-10-28,346.8999938964844,344.14764404296875,7445400
2025-10-29,341.2799987792969,338.572265625,8361700
2025-10-30,345.0299987792969,342.29248046875,6411800
2025-10-31,340.739990234375,338.0364990234375,7301600
2025-11-03,336.8999938964844,334.2269592285156,5538000
2025-11-04,340.29998779296875,337.6000061035156,5920200
2025-11-05,340.0400085449219,337.34210205078125,4984600
2025-11-06,336.9599914550781,334.2864990234375,8507900
2025-11-07,336.0199890136719,333.3539733886719,5318400
2025-11-10,334.8500061035156,332.19329833984375,5295800
2025-11-11,338.9200134277344,336.2309875488281,4453300
2025-11-12,338.8800048828125,336.8572082519531,6389600
2025-11-13,336.0799865722656,334.07391357421875,4961700
2025-11-14,330.0199890136719,328.0500793457031,6422300
2025-11-17,325.75,323.8055725097656,6494800
2025-11-18,321.17999267578125,319.2628479003906,9170400
2025-11-19,324.1199951171875,322.185302734375,7066700
2025-11-20,323.7699890136719,321.8373718261719,6510300
2025-11-21,327.9800109863281,326.0223083496094,8930000
2025-11-24,329.29998779296875,327.3343811035156,9337100
2025-11-25,334.5299987792969,332.5331726074219,5854300
2025-11-26,333.7900085449219,331.797607421875,4309900
2025-11-28,334.44000244140625,332.4437255859375,4586200
2025-12-01,330.3900146484375,328.41790771484375,7082300
2025-12-02,329.6199951171875,327.6524658203125,8201900
2025-12-03,329.6099853515625,327.64251708984375,6296700
2025-12-04,327.1000061035156,325.14752197265625,6277500
2025-12-05,331.239990234375,329.2627868652344,5266600
2025-12-08,326.8399963378906,324.88909912109375,6059400
2025-12-09,326.5,324.5511169433594,4325400
2025-12-10,325.7300109863281,323.78570556640625,5467500
2025-12-11,345.6300048828125,343.56695556640625,12953600
2025-12-12,347.8299865722656,345.7537536621094,6942300
2025-12-15,346.8900146484375,344.81939697265625,7004600
2025-12-16,345.1099853515625,343.0500183105469,7269300
2025-12-17,344.4100036621094,342.35418701171875,7263500
2025-12-18,346.010009765625,343.9446716308594,6805000
2025-12-19,349.25,347.165283203125,18623900
2025-12-22,352.0899963378906,349.9883728027344,5043500
2025-12-23,353.3800048828125,351.2706604003906,3703200
2025-12-24,355.1400146484375,353.0201416015625,2023600
2025-12-26,355.0,352.8810119628906,2017000
2025-12-29,354.6099853515625,352.4932861328125,3989900
2025-12-30,353.6199951171875,351.50921630859375,3366500
2025-12-31,350.7099914550781,348.6165771484375,3503200
2026-01-02,346.4800109863281,344.4118347167969,5403800
2026-01-05,353.79998779296875,351.6881408691406,7592200
2026-01-06,357.55999755859375,355.42572021484375,6775400
2026-01-07,355.8800048828125,353.7557067871094,6333900
2026-01-08,352.2300109863281,350.1275329589844,6357600
2026-01-09,349.7699890136719,347.68218994140625,4902900
2026-01-12,343.20001220703125,341.15142822265625,13281300
2026-01-13,327.8800048828125,325.9228820800781,20383500
2026-01-14,329.1700134277344,327.2052001953125,9388400
2026-01-15,327.75,325.7936096191406,8587700
2026-01-16,328.29998779296875,326.34033203125,8341600
2026-01-20,325.82000732421875,323.8751525878906,8279900
2026-01-21,325.2799987792969,323.33837890625,8974600
2026-01-22,326.3599853515625,324.41192626953125,6938700
2026-01-23,326.17999267578125,324.23297119140625,5667900
2026-01-26,328.489990234375,326.5292053222656,7540200
2026-01-27,325.260009765625,323.3185119628906,6365800
2026-01-28,326.9800109863281,325.0282287597656,8106000
2026-01-29,331.79998779296875,329.8194274902344,10214200
2026-01-30,321.8299865722656,319.9089660644531,11199100
2026-02-02,333.8399963378906,331.8472900390625,8502400
2026-02-03,328.92999267578125,326.9665832519531,9081200
2026-02-04,329.95001220703125,327.9804992675781,8472300
2026-02-05,329.1300048828125,327.1654052734375,8339000
2026-02-06,331.5799865722656,329.60076904296875,7798800
2026-02-09,325.5799865722656,323.6365966796875,8513400
2026-02-10,328.1700134277344,326.8838195800781,5801800
2026-02-11,329.239990234375,327.9495849609375,8264300
2026-02-12,324.17999267578125,322.9094543457031,9392600
2026-02-13,314.0799865722656,312.8489990234375,11653900
2026-02-17,319.5,318.247802734375,8591700
2026-02-18,320.29998779296875,319.0446472167969,7091900
2026-02-19,318.92999267578125,317.67999267578125,5967600
2026-02-20,320.95001220703125,319.6921081542969,6831100
2026-02-23,306.5199890136719,305.31866455078125,13048000
2026-02-24,307.2200012207031,306.0158996582031,9120200
2026-02-25,312.989990234375,311.7633056640625,7624200
2026-02-26,316.70001220703125,315.45880126953125,8725500
2026-02-27,320.1400146484375,318.8852844238281,12412900
2026-03-02,320.510009765625,319.25384521484375,6674900
2026-03-03,320.8299865722656,319.57257080078125,5474300
2026-03-04,320.4700012207031,319.2139892578125,5257900
2026-03-05,319.79998779296875,318.5466003417969,8267200
2026-03-06,317.3599853515625,316.1161804199219,6439700
2026-03-09,315.9700012207031,314.73162841796875,8381500
2026-03-10,314.42999267578125,313.1976318359375,5271300
2026-03-11,308.9599914550781,307.74908447265625,6376700
2026-03-12,306.5,305.2987365722656,7514900
2026-03-13,307.1400146484375,305.9362487792969,4814100
2026-03-16,310.1099853515625,308.8945617675781,6401200
2026-03-17,308.4599914550781,307.25103759765625,6872200
2026-03-18,299.0199890136719,297.8480529785156,7191700
2026-03-19,299.7099914550781,298.53533935546875,6826400
2026-03-20,301.6199951171875,300.4378662109375,14398100
2026-03-23,304.44000244140625,303.246826171875,7824500
2026-03-24,303.760009765625,302.5694885253906,5375900
2026-03-25,304.9100036621094,303.7149658203125,6280900
2026-03-26,305.5299987792969,304.3325500488281,7652700
2026-03-27,295.5199890136719,294.36175537109375,9974400
2026-03-30,299.5400085449219,298.36602783203125,9330300
2026-03-31,302.239990234375,301.055419921875,10246900
2026-04-01,298.510009765625,297.340087890625,7707600
2026-04-02,300.79998779296875,299.6210632324219,4376000
2026-04-06,303.3299865722656,302.1411437988281,5501000
2026-04-07,302.54998779296875,301.3642272949219,4413900
2026-04-08,308.9599914550781,307.74908447265625,6879300
2026-04-09,308.2900085449219,307.0817565917969,4811500
2026-04-10,304.3599853515625,303.1671142578125,5190000
2026-04-13,309.3900146484375,308.17742919921875,6787200
2026-04-14,311.3699951171875,310.149658203125,5571000
2026-04-15,315.9100036621094,314.6718444824219,4831400
2026-04-16,315.1000061035156,313.86505126953125,5695800
2026-04-17,317.0199890136719,315.7774963378906,8082300
2026-04-20,313.94000244140625,312.7095947265625,5506800
2026-04-21,309.94000244140625,308.7252502441406,6806900
2026-04-22,311.2900085449219,310.0699768066406,5666600
2026-04-23,308.8800048828125,307.66943359375,7275000
2026-04-24,309.4200134277344,308.2073059082031,5616900
2026-04-27,309.6499938964844,308.4364013671875,6261500
2026-04-28,309.29998779296875,308.0877380371094,8839900
2026-04-29,334.8599853515625,333.5475769042969,16658600
2026-04-30,329.8399963378906,328.5472717285156,11241100
2026-05-01,328.0299987792969,326.744384765625,6726100
2026-05-04,326.8500061035156,325.5690002441406,6712400
2026-05-05,322.0299987792969,320.7678527832031,5893200
2026-05-06,318.79998779296875,317.5505065917969,7808400
2026-05-07,321.2799987792969,320.02081298828125,7186100
2026-05-08,318.7900085449219,317.54058837890625,5950200
2026-05-11,323.8599853515625,322.5906677246094,9586200
2026-05-12,326.4200134277344,325.8147277832031,6235200
2026-05-13,320.30999755859375,319.7160339355469,7950400
2026-05-14,322.5199890136719,321.92193603515625,5277400
2026-05-15,325.75,325.1459655761719,6054500
2026-05-18,332.6400146484375,332.023193359375,5305800
2026-05-19,329.9100036621094,329.2982482910156,12858100
2026-05-20,330.75,330.1366882324219,9422500
2026-05-21,331.1199951171875,330.5060119628906,7034500
2026-05-22,328.8800048828125,328.2701721191406,7462100
2026-05-26,326.4800109863281,325.8746337890625,8705100
2026-05-27,327.6099853515625,327.00250244140625,5917400
2026-05-28,324.95001220703125,324.3474426269531,8105400
2026-05-29,326.3599853515625,325.75482177734375,14104500
2026-06-01,322.7699890136719,322.1714782714844,10079300
2026-06-02,317.32000732421875,316.7315979003906,10125300
2026-06-03,312.3999938964844,311.8207092285156,8992800
2026-06-04,320.17999267578125,319.5862731933594,6981700
2026-06-05,323.57000732421875,322.9700012207031,7176300
2026-06-08,319.6700134277344,319.0772399902344,5582000
2026-06-09,325.04998779296875,324.4472351074219,6340400
2026-06-10,322.9599914550781,322.3611145019531,5793100
2026-06-11,319.04998779296875,318.4583740234375,5958900
2026-06-12,322.3900146484375,321.7922058105469,5543200
2026-06-15,323.82000732421875,323.21954345703125,6803000
2026-06-16,333.1199951171875,332.5022888183594,9248400
2026-06-17,330.3800048828125,329.76739501953125,6895200
2026-06-18,327.239990234375,326.6331787109375,14716700
2026-06-22,326.6000061035156,325.994384765625,15132400
2026-06-23,328.4800109863281,327.87091064453125,11113400
2026-06-24,332.2300109863281,331.61395263671875,8197200
2026-06-25,330.5199890136719,329.9071044921875,7050200
2026-06-26,336.2300109863281,335.6065368652344,16717400
2026-06-29,341.6499938964844,341.0164794921875,11710900
2026-06-30,343.0899963378906,342.45379638671875,7957900
2026-07-01,351.0799865722656,350.4289855957031,13025900
2026-07-02,362.1300048828125,361.45849609375,9814800
2026-07-06,357.25,356.5875549316406,11623800
2026-07-07,352.20001220703125,351.54693603515625,7332500
2026-07-08,347.5299987792969,346.88555908203125,10215200
2026-07-09,348.20001220703125,347.5543518066406,6606300
2026-07-10,348.9700012207031,348.3229064941406,4702800
2026-07-13,357.75,357.08660888671875,9964600
2026-07-14,356.0199890136719,355.3598327636719,6632400
2026-07-15,355.1400146484375,354.4814758300781,8850000
2026-07-16,365.1400146484375,364.4629211425781,9073200
2026-07-17,358.55999755859375,357.8951110839844,7400400
2026-07-20,360.57000732421875,359.9013977050781,7616800
2026-07-21,355.82000732421875,355.16021728515625,6027300
2026-07-22,353.4200134277344,352.7646789550781,4622200
2026-07-23,351.6000061035156,350.9480285644531,4183300
2026-07-24,355.739990234375,355.0803527832031,4482800
2026-07-27,362.5299987792969,361.8577575683594,6631100
2026-07-28,366.5899963378906,365.91021728515625,11061900
2026-07-29,368.7300109863281,368.0462646484375,11289900
2026-07-30,366.2699890136719,365.5908203125,8391400
2026-07-31,366.1300048828125,365.4510803222656,7828400
2026-08-03,365.6700134277344,364.991943359375,5521300
2026-08-04,369.5899963378906,368.9046630859375,7497500
2026-08-05,368.5400085449219,367.85662841796875,6065300
2026-08-06,370.4700012207031,369.7830505371094,5022300
2026-08-07,362.5,361.82781982421875,5112500
2026-08-10,361.32000732421875,360.6500244140625,7552200
2026-08-11,362.82000732421875,362.82000732421875,4440900
2026-08-12,359.4200134277344,359.4200134277344,3794200
2026-08-13,365.45001220703125,365.45001220703125,8142600
2026-08-14,364.1499938964844,364.1499938964844,8106900
2026-08-17,358.8399963378906,358.8399963378906,15543400
2026-08-18,364.25,364.25,6820300
2026-08-19,365.5400085449219,365.5400085449219,5866400
2026-08-20,365.7300109863281,365.7300109863281,6151500
2026-08-21,371.0400085449219,371.0400085449219,6667100
2026-08-24,382.4100036621094,382.4100036621094,8477500
2026-08-25,384.1400146484375,384.1400146484375,6777600
2026-08-26,383.8999938964844,383.8999938964844,6075100
2026-08-27,379.6600036621094,379.6600036621094,6641500
2026-08-28,381.6000061035156,381.6000061035156,4643000
2026-08-31,379.3699951171875,379.3699951171875,6744800
2026-09-01,372.6700134277344,372.6700134277344,5857400
2026-09-02,378.3999938964844,378.3999938964844,5599900
2026-09-03,378.75,378.75,3869500
2026-09-04,375.07000732421875,375.07000732421875,4645100
2026-09-08,368.6400146484375,368.6400146484375,4929000
2026-09-09,367.3900146484375,367.3900146484375,4479800
2026-09-10,367.2099914550781,367.2099914550781,3800200
2026-09-11,370.45001220703125,370.45001220703125,3492700
2026-09-14,375.2799987792969,375.2799987792969,6198200
2026-09-15,375.6199951171875,375.6199951171875,5014000
2026-09-16,370.92999267578125,370.92999267578125,7202300
2026-09-17,369.92999267578125,369.92999267578125,4710000
2026-09-18,368.2900085449219,368.2900085449219,19583000
2026-09-21,369.95001220703125,369.95001220703125,7108400
2026-09-22,362.0400085449219,362.0400085449219,8773500
2026-09-23,361.5199890136719,361.5199890136719,5125600
2026-09-24,367.9800109863281,367.9800109863281,4415500
