Date,close,adjclose,volume
2014-12-01,50.029998779296875,26.955751419067383,11949100
2014-12-02,49.11000061035156,26.46005630493164,18141000
2014-12-03,48.790000915527344,26.287643432617188,22429200
2014-12-04,48.779998779296875,26.282258987426758,14606900
2014-12-05,48.61000061035156,26.19066619873047,15512200
2014-12-08,48.900001525878906,26.346914291381836,14386300
2014-12-09,46.91999816894531,25.28010368347168,49742000
2014-12-10,46.18000030517578,24.881404876708984,33700700
2014-12-11,46.36000061035156,24.978384017944336,18376500
2014-12-12,45.58000183105469,24.558130264282227,23769100
2014-12-15,45.41999816894531,24.471912384033203,21712200
2014-12-16,45.529998779296875,24.531185150146484,22157800
2014-12-17,46.439998626708984,25.0214900970459,23696700
2014-12-18,47.04999923706055,25.35015106201172,22898400
2014-12-19,47.02000045776367,25.333988189697266,31316800
2014-12-22,47.5099983215332,25.597991943359375,15302100
2014-12-23,47.66999816894531,25.68419075012207,12254400
2014-12-24,47.66999816894531,25.68419075012207,7840600
2014-12-26,47.86000061035156,25.78657341003418,7038500
2014-12-29,47.54999923706055,25.619548797607422,8878400
2014-12-30,47.33000183105469,25.501014709472656,9989800
2014-12-31,46.779998779296875,25.20467758178711,14029500
2015-01-02,46.959999084472656,25.301652908325195,11421200
2015-01-05,46.56999969482422,25.091524124145508,18964500
2015-01-06,47.040000915527344,25.344758987426758,22950100
2015-01-07,46.189998626708984,25.181211471557617,20793600
2015-01-08,47.18000030517578,25.720922470092773,17617500
2015-01-09,46.7599983215332,25.491947174072266,13037600
2015-01-12,47.08000183105469,25.666404724121094,12730300
2015-01-13,47.18000030517578,25.720922470092773,13072800
2015-01-14,46.970001220703125,25.606441497802734,14795900
2015-01-15,47.099998474121094,25.677305221557617,12475800
2015-01-16,47.9900016784668,26.162511825561523,18050200
2015-01-20,48.18000030517578,26.26608657836914,16460300
2015-01-21,48.25,26.304256439208984,24880200
2015-01-22,47.79999923706055,26.058927536010742,38451100
2015-01-23,47.150001525878906,25.704578399658203,24317800
2015-01-26,46.959999084472656,25.60097885131836,15064400
2015-01-27,46.349998474121094,25.268430709838867,17008900
2015-01-28,46.04999923706055,25.104894638061523,19575800
2015-01-29,46.11000061035156,25.13759994506836,19161600
2015-01-30,45.709999084472656,24.919527053833008,22768000
2015-02-02,46.97999954223633,25.61189079284668,23172300
2015-02-03,47.83000183105469,26.075281143188477,21481800
2015-02-04,47.79999923706055,26.058927536010742,19937400
2015-02-05,47.86000061035156,26.09164047241211,18762300
2015-02-06,49.33000183105469,26.893035888671875,47425400
2015-02-09,49.09000015258789,26.762195587158203,21052900
2015-02-10,49.5099983215332,26.991168975830078,15100800
2015-02-11,49.810001373291016,27.15471076965332,19402900
2015-02-12,49.52000045776367,26.996606826782227,20447300
2015-02-13,49.310001373291016,26.882131576538086,14619600
2015-02-17,49.18000030517578,26.811264038085938,15363700
2015-02-18,48.939998626708984,26.680416107177734,13513400
2015-02-19,48.90999984741211,26.664064407348633,11609800
2015-02-20,48.970001220703125,26.696779251098633,13481500
2015-02-23,48.77000045776367,26.587738037109375,12255700
2015-02-24,49.220001220703125,26.833065032958984,16307000
2015-02-25,49.20000076293945,26.822158813476562,11398900
2015-02-26,49.369998931884766,26.914833068847656,13581400
2015-02-27,49.45000076293945,26.958454132080078,17571200
2015-03-02,49.470001220703125,26.969348907470703,10914400
2015-03-03,49.54999923706055,27.012968063354492,11381400
2015-03-04,49.06999969482422,26.75128746032715,13870600
2015-03-05,48.91999816894531,26.669509887695312,9653500
2015-03-06,48.290000915527344,26.326053619384766,15644900
2015-03-09,48.22999954223633,26.2933406829834,13119000
2015-03-10,47.5099983215332,25.900833129882812,18764700
2015-03-11,47.68000030517578,25.993511199951172,14392800
2015-03-12,48.72999954223633,26.565940856933594,15806000
2015-03-13,48.84000015258789,26.625898361206055,20717400
2015-03-16,49.27000045776367,26.860321044921875,16111200
2015-03-17,48.95000076293945,26.685871124267578,15679200
2015-03-18,49.540000915527344,27.007524490356445,17978300
2015-03-19,49.29999923706055,26.876672744750977,13625000
2015-03-20,49.560001373291016,27.018415451049805,26280800
2015-03-23,49.63999938964844,27.06203842163086,13131700
2015-03-24,49.40999984741211,26.9366455078125,11419600
2015-03-25,48.72999954223633,26.565940856933594,14915500
2015-03-26,48.41999816894531,26.396934509277344,17919400
2015-03-27,48.560001373291016,26.473257064819336,11716500
2015-03-30,49.119998931884766,26.778545379638672,11157600
2015-03-31,48.630001068115234,26.511425018310547,12785700
2015-04-01,48.91999816894531,26.669509887695312,13573600
2015-04-02,49.470001220703125,26.969348907470703,13344200
2015-04-06,49.630001068115234,27.05658531188965,14130000
2015-04-07,49.27000045776367,26.860321044921875,11498700
2015-04-08,49.130001068115234,27.08636474609375,15498600
2015-04-09,49.0099983215332,27.020206451416016,10810900
2015-04-10,49.220001220703125,27.135986328125,9241900
2015-04-13,49.040000915527344,27.0367374420166,12235700
2015-04-14,49.18000030517578,27.113937377929688,11956500
2015-04-15,49.38999938964844,27.229705810546875,11055800
2015-04-16,49.27000045776367,27.163549423217773,11724100
2015-04-17,48.900001525878906,26.959562301635742,18105100
2015-04-20,49.380001068115234,27.22419548034668,17062500
2015-04-21,49.16999816894531,27.108417510986328,33469100
2015-04-22,49.56999969482422,27.328947067260742,18687000
2015-04-23,50.04999923706055,27.593576431274414,22580200
2015-04-24,50.029998779296875,27.582548141479492,17184200
2015-04-27,50.08000183105469,27.61011505126953,16562300
2015-04-28,50.54999923706055,27.86924171447754,16342000
2015-04-29,50.470001220703125,27.82512855529785,13683200
2015-04-30,50.439998626708984,27.808584213256836,15604900
2015-05-01,50.40999984741211,27.792057037353516,13872800
2015-05-04,50.52000045776367,27.852703094482422,12594800
2015-05-05,50.09000015258789,27.615629196166992,12646200
2015-05-06,49.63999938964844,27.367544174194336,15513300
2015-05-07,49.72999954223633,27.417160034179688,10832400
2015-05-08,50.13999938964844,27.643198013305664,13264100
2015-05-11,49.79999923706055,27.45574188232422,9900500
2015-05-12,49.619998931884766,27.356504440307617,20448900
2015-05-13,49.72999954223633,27.417160034179688,16200400
2015-05-14,49.970001220703125,27.549474716186523,12094600
2015-05-15,49.790000915527344,27.450244903564453,14083300
2015-05-18,49.599998474121094,27.345483779907227,15040800
2015-05-19,49.54999923706055,27.31792449951172,15675100
2015-05-20,49.689998626708984,27.395109176635742,13583600
2015-05-21,49.900001525878906,27.51087760925293,15667600
2015-05-22,49.61000061035156,27.350994110107422,12324400
2015-05-26,49.41999816894531,27.24625015258789,17460100
2015-05-27,49.56999969482422,27.328947067260742,14517400
2015-05-28,49.540000915527344,27.31241226196289,8432800
2015-05-29,49.439998626708984,27.257274627685547,14778400
2015-06-01,49.220001220703125,27.135986328125,11968000
2015-06-02,49.13999938964844,27.091876983642578,11094100
2015-06-03,49.08000183105469,27.058801651000977,17697800
2015-06-04,48.099998474121094,26.518497467041016,38418900
2015-06-05,47.22999954223633,26.03885841369629,23574500
2015-06-08,47.439998626708984,26.154624938964844,16598600
2015-06-09,47.34000015258789,26.099496841430664,12295100
2015-06-10,47.470001220703125,26.17117691040039,13007300
2015-06-11,47.7599983215332,26.331056594848633,10029700
2015-06-12,47.25,26.049880981445312,10619100
2015-06-15,47.0,25.912050247192383,10875800
2015-06-16,47.41999816894531,26.14360237121582,10862000
2015-06-17,47.27000045776367,26.06090545654297,18216400
2015-06-18,47.77000045776367,26.33656883239746,14527300
2015-06-19,47.459999084472656,26.1656551361084,26861700
2015-06-22,47.529998779296875,26.20425033569336,9191900
2015-06-23,47.77000045776367,26.33656883239746,14411400
2015-06-24,47.290000915527344,26.07193946838379,17742300
2015-06-25,47.439998626708984,26.154624938964844,14445400
2015-06-26,47.619998931884766,26.25387191772461,18492800
2015-06-29,46.77000045776367,25.785240173339844,15032400
2015-06-30,46.61000061035156,25.697036743164062,15044100
2015-07-01,47.0,25.912050247192383,12545900
2015-07-02,47.20000076293945,26.022315979003906,9872400
2015-07-06,47.040000915527344,25.934101104736328,12051700
2015-07-07,47.25,26.049880981445312,18025800
2015-07-08,46.58000183105469,25.982948303222656,17859600
2015-07-09,46.2599983215332,25.804445266723633,16304500
2015-07-10,47.0,26.217226028442383,14727100
2015-07-13,47.20000076293945,26.328786849975586,10184400
2015-07-14,47.40999984741211,26.445932388305664,9973600
2015-07-15,47.33000183105469,26.40130043029785,9624000
2015-07-16,47.83000183105469,26.680208206176758,11011400
2015-07-17,47.59000015258789,26.546327590942383,10160400
2015-07-20,48.099998474121094,26.830814361572266,17246700
2015-07-21,46.970001220703125,26.200496673583984,31961600
2015-07-22,46.45000076293945,25.91042709350586,21026600
2015-07-23,46.349998474121094,25.854644775390625,13698200
2015-07-24,46.040000915527344,25.68172264099121,19528700
2015-07-27,45.83000183105469,25.56458854675293,15747800
2015-07-28,45.88999938964844,25.59804916381836,16150900
2015-07-29,46.560001373291016,25.971786499023438,15968700
2015-07-30,46.66999816894531,26.033140182495117,9592300
2015-07-31,46.790000915527344,26.10007667541504,12562900
2015-08-03,46.970001220703125,26.200496673583984,10321300
2015-08-04,46.66999816894531,26.033140182495117,9371900
2015-08-05,46.63999938964844,26.016407012939453,11946100
2015-08-06,46.630001068115234,26.010831832885742,9917200
2015-08-07,46.36000061035156,25.86022186279297,10538000
2015-08-10,47.22999954223633,26.345523834228516,13529500
2015-08-11,47.599998474121094,26.551912307739258,18511000
2015-08-12,47.849998474121094,26.691360473632812,15939800
2015-08-13,47.65999984741211,26.585386276245117,11168500
2015-08-14,47.4900016784668,26.49055290222168,8769500
2015-08-17,47.52000045776367,26.507291793823242,7784300
2015-08-18,47.459999084472656,26.473819732666016,8581400
2015-08-19,47.439998626708984,26.462657928466797,12578000
2015-08-20,46.880001068115234,26.150297164916992,13785900
2015-08-21,46.099998474121094,25.715194702148438,21305300
2015-08-24,44.7400016784668,24.956565856933594,36096800
2015-08-25,43.5,24.26488494873047,27851500
2015-08-26,45.15999984741211,25.190841674804688,30856900
2015-08-27,46.189998626708984,25.765399932861328,21488000
2015-08-28,46.06999969482422,25.69845962524414,12783900
2015-08-31,46.0099983215332,25.66498565673828,14785800
2015-09-01,44.900001525878906,25.045818328857422,21096300
2015-09-02,45.349998474121094,25.296833038330078,17197600
2015-09-03,45.720001220703125,25.503225326538086,12480800
2015-09-04,44.81999969482422,25.00119972229004,16045100
2015-09-08,45.880001068115234,25.592479705810547,14056500
2015-09-09,45.38999938964844,25.31914710998535,14423600
2015-09-10,45.459999084472656,25.358190536499023,16412900
2015-09-11,45.72999954223633,25.50881004333496,11227400
2015-09-14,45.650001525878906,25.464174270629883,9677800
2015-09-15,46.369998931884766,25.865798950195312,12023000
2015-09-16,46.189998626708984,25.765399932861328,11932500
2015-09-17,45.22999954223633,25.229896545410156,31675000
2015-09-18,44.56999969482422,24.86173439025879,26889300
2015-09-21,44.79999923706055,24.990034103393555,10584300
2015-09-22,44.43000030517578,24.783649444580078,12368600
2015-09-23,43.97999954223633,24.532630920410156,11670300
2015-09-24,44.09000015258789,24.593992233276367,14438300
2015-09-25,44.220001220703125,24.666513442993164,17514800
2015-09-28,43.7400016784668,24.398759841918945,15265200
2015-09-29,43.529998779296875,24.281620025634766,15652500
2015-09-30,43.5099983215332,24.27045440673828,20380600
2015-10-01,42.959999084472656,23.963665008544922,22323500
2015-10-02,42.84000015258789,23.89672088623047,22336700
2015-10-05,44.0,24.54378890991211,14484600
2015-10-06,44.060001373291016,24.577260971069336,15087900
2015-10-07,43.849998474121094,24.777849197387695,11897000
2015-10-08,44.22999954223633,24.992565155029297,10280900
2015-10-09,44.15999984741211,24.953012466430664,11981200
2015-10-12,44.29999923706055,25.032121658325195,9886700
2015-10-13,44.36000061035156,25.066024780273438,11566400
2015-10-14,43.9900016784668,24.856958389282227,19559200
2015-10-15,44.66999816894531,25.24119758605957,11774000
2015-10-16,44.70000076293945,25.25814437866211,15620900
2015-10-19,44.70000076293945,25.25814437866211,17547400
2015-10-20,45.2400016784668,25.56328582763672,19747400
2015-10-21,44.86000061035156,25.34856605529785,17081800
2015-10-22,45.88999938964844,25.930564880371094,15378600
2015-10-23,46.15999984741211,26.083133697509766,13285100
2015-10-26,46.36000061035156,26.19614028930664,10802500
2015-10-27,46.16999816894531,26.088790893554688,9540400
2015-10-28,46.47999954223633,26.26395034790039,11447300
2015-10-29,46.400001525878906,26.218751907348633,7902300
2015-10-30,46.880001068115234,26.489986419677734,14753200
2015-11-02,46.779998779296875,26.4334659576416,11689100
2015-11-03,46.45000076293945,26.24700355529785,11900900
2015-11-04,46.13999938964844,26.071836471557617,9702000
2015-11-05,46.20000076293945,26.105741500854492,11646900
2015-11-06,45.779998779296875,25.86841583251953,14144400
2015-11-09,45.29999923706055,25.597183227539062,10743200
2015-11-10,45.099998474121094,25.484174728393555,9996700
2015-11-11,45.31999969482422,25.608495712280273,7904000
2015-11-12,44.83000183105469,25.331602096557617,11053500
2015-11-13,44.22999954223633,24.992565155029297,12615600
2015-11-16,45.040000915527344,25.450267791748047,10112500
2015-11-17,45.08000183105469,25.472871780395508,10657500
2015-11-18,45.380001068115234,25.64238739013672,13585600
2015-11-19,45.7599983215332,25.857107162475586,9320900
2015-11-20,45.38999938964844,25.648040771484375,12229700
2015-11-23,44.9900016784668,25.422012329101562,10290100
2015-11-24,45.189998626708984,25.53502655029297,11127400
2015-11-25,44.91999816894531,25.38245964050293,7013900
2015-11-27,45.22999954223633,25.557634353637695,4108300
2015-11-30,45.45000076293945,25.681947708129883,19400000
2015-12-01,45.58000183105469,25.755401611328125,10580000
2015-12-02,44.91999816894531,25.38245964050293,12160400
2015-12-03,44.560001373291016,25.17904281616211,17077700
2015-12-04,45.709999084472656,25.828861236572266,14158600
2015-12-07,46.060001373291016,26.02662467956543,13192100
2015-12-08,45.70000076293945,25.823205947875977,13776100
2015-12-09,45.36000061035156,25.631088256835938,13467900
2015-12-10,45.31999969482422,25.608495712280273,10402500
2015-12-11,44.81999969482422,25.325963973999023,16481900
2015-12-14,45.45000076293945,25.681947708129883,16723100
2015-12-15,45.54999923706055,25.73845100402832,16742600
2015-12-16,46.5099983215332,26.280908584594727,18808300
2015-12-17,46.099998474121094,26.049236297607422,15508600
2015-12-18,45.560001373291016,25.744104385375977,31635100
2015-12-21,45.900001525878906,25.93621253967285,10360600
2015-12-22,46.34000015258789,26.184852600097656,11181500
2015-12-23,46.95000076293945,26.529541015625,12685500
2015-12-24,46.709999084472656,26.393922805786133,4279900
2015-12-28,46.75,26.416528701782227,6254900
2015-12-29,47.209999084472656,26.67644500732422,7667100
2015-12-30,46.77000045776367,26.427814483642578,8970700
2015-12-31,46.220001220703125,26.11704444885254,11490900
2016-01-04,45.869998931884766,25.919269561767578,17821600
2016-01-05,46.5,26.275257110595703,15632800
2016-01-06,45.52000045776367,26.037870407104492,19082700
2016-01-07,45.27000045776367,25.894872665405273,19277600
2016-01-08,44.83000183105469,25.64318084716797,16594800
2016-01-11,45.09000015258789,25.79190444946289,14226200
2016-01-12,44.93000030517578,25.700393676757812,15123000
2016-01-13,44.150001525878906,25.25422477722168,19291000
2016-01-14,44.869998931884766,25.666059494018555,18435000
2016-01-15,44.43000030517578,25.41438865661621,27993900
2016-01-19,44.869998931884766,25.666059494018555,20364300
2016-01-20,44.41999816894531,25.408666610717773,28290200
2016-01-21,45.869998931884766,26.238073348999023,31354100
2016-01-22,47.040000915527344,26.907325744628906,23075700
2016-01-25,47.029998779296875,26.901601791381836,24298800
2016-01-26,48.25,27.599462509155273,22620900
2016-01-27,49.029998779296875,28.045635223388672,33795700
2016-01-28,49.0099983215332,28.034191131591797,20085200
2016-01-29,49.970001220703125,28.583311080932617,29082600
2016-02-01,50.7599983215332,29.035194396972656,28536600
2016-02-02,49.90999984741211,28.548974990844727,21607000
2016-02-03,50.619998931884766,28.955127716064453,20309800
2016-02-04,50.43000030517578,28.846433639526367,19594300
2016-02-05,50.970001220703125,29.15532684326172,25790300
2016-02-08,50.7400016784668,29.023757934570312,27058100
2016-02-09,50.150001525878906,28.686275482177734,22633900
2016-02-10,49.97999954223633,28.589033126831055,18633100
2016-02-11,49.38999938964844,28.251548767089844,30521000
2016-02-12,50.11000061035156,28.663387298583984,20990900
2016-02-16,50.2400016784668,28.737756729125977,16360000
2016-02-17,50.31999969482422,28.783519744873047,15228900
2016-02-18,50.939998626708984,29.138158798217773,19678500
2016-02-19,50.86000061035156,29.0924015045166,15607000
2016-02-22,51.06999969482422,29.212522506713867,12456000
2016-02-23,50.630001068115234,28.960838317871094,11594600
2016-02-24,50.81999969482422,29.06952667236328,11244900
2016-02-25,51.11000061035156,29.235408782958984,12358700
2016-02-26,51.02000045776367,29.183931350708008,13011500
2016-02-29,50.72999954223633,29.01803207397461,15986300
2016-03-01,51.459999084472656,29.43560791015625,12003300
2016-03-02,52.119998931884766,29.813138961791992,14791100
2016-03-03,51.88999938964844,29.681568145751953,15404500
2016-03-04,51.810001373291016,29.635822296142578,13957600
2016-03-07,52.209999084472656,29.864620208740234,14907500
2016-03-08,52.459999084472656,30.007612228393555,14306500
2016-03-09,52.34000015258789,29.938968658447266,15466600
2016-03-10,52.31999969482422,29.927549362182617,15102100
2016-03-11,52.529998779296875,30.047658920288086,15223900
2016-03-14,52.540000915527344,30.05337905883789,11729400
2016-03-15,52.66999816894531,30.12773895263672,11295700
2016-03-16,53.209999084472656,30.436628341674805,11866400
2016-03-17,53.630001068115234,30.676868438720703,16401500
2016-03-18,53.2400016784668,30.45378303527832,23209400
2016-03-21,53.439998626708984,30.568191528320312,10679000
2016-03-22,53.209999084472656,30.436628341674805,10852000
2016-03-23,52.90999984741211,30.265026092529297,9716100
2016-03-24,53.560001373291016,30.63682746887207,15096400
2016-03-28,53.400001525878906,30.545299530029297,8527100
2016-03-29,54.04999923706055,30.917110443115234,10770500
2016-03-30,54.040000915527344,30.91139793395996,14528300
2016-03-31,54.08000183105469,30.934267044067383,12428600
2016-04-01,54.0099983215332,30.894235610961914,13807100
2016-04-04,54.41999816894531,31.128759384155273,11402700
2016-04-05,54.09000015258789,30.939998626708984,12979100
2016-04-06,53.52000045776367,30.93710708618164,12993600
2016-04-07,52.0,30.0584716796875,23076300
2016-04-08,52.18000030517578,30.16250991821289,12197900
2016-04-11,51.61000061035156,29.833036422729492,14975900
2016-04-12,51.95000076293945,30.029563903808594,12335000
2016-04-13,51.290000915527344,29.648061752319336,19752900
2016-04-14,51.36000061035156,29.688520431518555,10083300
2016-04-15,51.349998474121094,29.682748794555664,11862000
2016-04-18,51.72999954223633,29.90239715576172,14322900
2016-04-19,52.08000183105469,30.104717254638672,11393400
2016-04-20,51.75,29.913959503173828,15412500
2016-04-21,50.029998779296875,28.91970443725586,32172200
2016-04-22,50.54999923706055,29.220304489135742,17823300
2016-04-25,50.7599983215332,29.341684341430664,12439500
2016-04-26,50.439998626708984,29.156713485717773,10064300
2016-04-27,51.689998626708984,29.87928009033203,17012400
2016-04-28,51.02000045776367,29.49197769165039,13055600
2016-04-29,50.939998626708984,29.445737838745117,13684800
2016-05-02,51.31999969482422,29.665388107299805,11103800
2016-05-03,50.68000030517578,29.295446395874023,12900700
2016-05-04,50.84000015258789,29.3879337310791,9033800
2016-05-05,50.84000015258789,29.3879337310791,10788800
2016-05-06,51.119998931884766,29.549787521362305,9782300
2016-05-09,51.08000183105469,29.526668548583984,8719800
2016-05-10,51.540000915527344,29.79256248474121,7903500
2016-05-11,51.150001525878906,29.567121505737305,8508900
2016-05-12,51.470001220703125,29.752103805541992,9917100
2016-05-13,50.939998626708984,29.445737838745117,9561300
2016-05-16,51.22999954223633,29.613380432128906,7903400
2016-05-17,50.900001525878906,29.4226131439209,10466800
2016-05-18,50.38999938964844,29.12782096862793,10443100
2016-05-19,49.630001068115234,28.688505172729492,16022400
2016-05-20,49.65999984741211,28.705833435058594,15345800
2016-05-23,49.13999938964844,28.405248641967773,13263100
2016-05-24,49.58000183105469,28.659597396850586,11827300
2016-05-25,49.849998474121094,28.815662384033203,9490400
2016-05-26,50.15999984741211,28.994861602783203,11044000
2016-05-27,50.619998931884766,29.260770797729492,10649500
2016-05-31,50.900001525878906,29.4226131439209,15834500
2016-06-01,50.43000030517578,29.15094757080078,10670800
2016-06-02,50.77000045776367,29.34747886657715,8721100
2016-06-03,50.91999816894531,29.434173583984375,9500700
2016-06-06,50.709999084472656,29.31277847290039,10075600
2016-06-07,51.75,29.913959503173828,15210900
2016-06-08,51.52000045776367,29.78101348876953,10546200
2016-06-09,51.95000076293945,30.029563903808594,9790700
2016-06-10,52.66999816894531,30.445764541625977,15629000
2016-06-13,52.56999969482422,30.387964248657227,12394200
2016-06-14,52.9900016784668,30.630739212036133,10735900
2016-06-15,52.84000015258789,30.544025421142578,10289000
2016-06-16,53.459999084472656,30.902408599853516,11914500
2016-06-17,53.779998779296875,31.08738899230957,18836300
2016-06-20,53.7599983215332,31.075828552246094,14344300
2016-06-21,54.099998474121094,31.272367477416992,11893000
2016-06-22,54.029998779296875,31.231908798217773,12959200
2016-06-23,54.66999816894531,31.60186004638672,12329900
2016-06-24,54.43000030517578,31.46312713623047,43842700
2016-06-27,54.7400016784668,31.64232063293457,22570200
2016-06-28,54.81999969482422,31.68857765197754,17780600
2016-06-29,55.060001373291016,31.82729148864746,18184100
2016-06-30,55.84000015258789,32.278167724609375,22143300
2016-07-01,56.22999954223633,32.50360870361328,16092300
2016-07-05,56.529998779296875,32.677032470703125,20703200
2016-07-06,56.2599983215332,32.849266052246094,15761500
2016-07-07,55.380001068115234,32.33546447753906,13574100
2016-07-08,55.900001525878906,32.63906478881836,15946200
2016-07-11,55.93000030517578,32.65658950805664,12434700
2016-07-12,55.470001220703125,32.38801193237305,14897600
2016-07-13,56.0,32.69746398925781,11405600
2016-07-14,55.84000015258789,32.604034423828125,11098500
2016-07-15,55.84000015258789,32.604034423828125,13949700
2016-07-18,55.93000030517578,32.65658950805664,9623300
2016-07-19,55.70000076293945,32.52229690551758,10270100
2016-07-20,55.619998931884766,32.475589752197266,12008700
2016-07-21,55.369998931884766,32.329627990722656,9802100
2016-07-22,56.099998474121094,32.75584030151367,10973200
2016-07-25,55.869998931884766,32.62154769897461,10848700
2016-07-26,54.810001373291016,32.00264358520508,18753900
2016-07-27,55.31999969482422,32.300418853759766,17074600
2016-07-28,54.86000061035156,32.03184127807617,10672300
2016-07-29,55.40999984741211,32.352970123291016,15508900
2016-08-01,54.5,31.821636199951172,17434600
2016-08-02,54.0,31.529695510864258,18428200
2016-08-03,53.900001525878906,31.4713077545166,10429400
2016-08-04,53.93000030517578,31.48881721496582,11309800
2016-08-05,53.63999938964844,31.319490432739258,13460100
2016-08-08,53.59000015258789,31.290302276611328,9830400
2016-08-09,53.65999984741211,31.3311710357666,7906200
2016-08-10,53.810001373291016,31.41875648498535,8875700
2016-08-11,53.86000061035156,31.44794464111328,7824800
2016-08-12,53.650001525878906,31.325334548950195,7655000
2016-08-15,53.61000061035156,31.301992416381836,8250900
2016-08-16,52.7599983215332,30.805681228637695,13933100
2016-08-17,53.16999816894531,31.045068740844727,12930100
2016-08-18,52.869998931884766,30.869905471801758,11204900
2016-08-19,52.45000076293945,30.624679565429688,11991000
2016-08-22,52.54999923706055,30.683067321777344,8183900
2016-08-23,52.630001068115234,30.72977638244629,7775100
2016-08-24,52.529998779296875,30.671384811401367,8900700
2016-08-25,52.75,30.79984474182129,8680100
2016-08-26,52.06999969482422,30.402801513671875,15105300
2016-08-29,52.5,30.653871536254883,11960400
2016-08-30,52.27000045776367,30.51957130432129,9161900
2016-08-31,52.33000183105469,30.55460548400879,10390500
2016-09-01,52.560001373291016,30.68891143798828,9988800
2016-09-02,52.880001068115234,30.875747680664062,13275300
2016-09-06,53.5099983215332,31.24359130859375,17235600
2016-09-07,53.709999084472656,31.360366821289062,10612300
2016-09-08,53.599998474121094,31.296142578125,9005300
2016-09-09,51.81999969482422,30.256826400756836,18258500
2016-09-12,52.56999969482422,30.694746017456055,15678600
2016-09-13,51.45000076293945,30.040796279907227,17602400
2016-09-14,51.4900016784668,30.06414031982422,11941800
2016-09-15,51.97999954223633,30.35024642944336,13007400
2016-09-16,51.880001068115234,30.29185676574707,19932300
2016-09-19,51.20000076293945,29.894821166992188,14578500
2016-09-20,51.27000045776367,29.93568992614746,14006300
2016-09-21,51.869998931884766,30.286029815673828,14434700
2016-09-22,52.349998474121094,30.56629753112793,12751900
2016-09-23,52.560001373291016,30.68891143798828,13014800
2016-09-26,52.150001525878906,30.44951820373535,10559000
2016-09-27,52.4900016784668,30.648038864135742,8259000
2016-09-28,52.060001373291016,30.396961212158203,13279100
2016-09-29,52.119998931884766,30.431997299194336,10804700
2016-09-30,51.97999954223633,30.35024642944336,13077600
2016-10-03,51.880001068115234,30.29185676574707,9120300
2016-10-04,51.2599983215332,29.929853439331055,13753300
2016-10-05,50.27000045776367,29.686546325683594,17190900
2016-10-06,50.2599983215332,29.680646896362305,11724000
2016-10-07,49.91999816894531,29.479862213134766,13816800
2016-10-10,50.189998626708984,29.639299392700195,10687700
2016-10-11,49.900001525878906,29.468048095703125,11737900
2016-10-12,50.29999923706055,29.704259872436523,8880100
2016-10-13,50.290000915527344,29.698366165161133,11156900
2016-10-14,50.279998779296875,29.692445755004883,8853200
2016-10-17,50.43000030517578,29.78104019165039,10724600
2016-10-18,50.27000045776367,29.686546325683594,10873900
2016-10-19,50.380001068115234,29.75151252746582,10364900
2016-10-20,49.13999938964844,29.01923942565918,27098200
2016-10-21,48.20000076293945,28.464128494262695,24785000
2016-10-24,48.209999084472656,28.47003173828125,19414700
2016-10-25,47.84000015258789,28.251535415649414,16441200
2016-10-26,47.630001068115234,28.12752342224121,15049200
2016-10-27,48.540000915527344,28.6649112701416,22330700
2016-10-28,48.209999084472656,28.47003173828125,10660100
2016-10-31,48.099998474121094,28.40506935119629,12459400
2016-11-01,47.65999984741211,28.145231246948242,13229400
2016-11-02,46.939998626708984,27.72003746032715,16488200
2016-11-03,46.869998931884766,27.6787052154541,12605100
2016-11-04,47.08000183105469,27.802724838256836,14410200
2016-11-07,47.459999084472656,28.02713394165039,14705200
2016-11-08,47.650001525878906,28.139326095581055,9482400
2016-11-09,47.86000061035156,28.26335334777832,20871900
2016-11-10,46.689998626708984,27.572416305541992,24311700
2016-11-11,46.689998626708984,27.572416305541992,16425500
2016-11-14,46.18000030517578,27.2712345123291,21820200
2016-11-15,47.369998931884766,27.97397232055664,18672200
2016-11-16,47.93000030517578,28.304676055908203,17328400
2016-11-17,47.84000015258789,28.251535415649414,12436300
2016-11-18,48.06999969482422,28.387361526489258,12820600
2016-11-21,48.310001373291016,28.52907943725586,10773300
2016-11-22,49.4900016784668,29.225933074951172,22030000
2016-11-23,50.22999954223633,29.662919998168945,21456700
2016-11-25,50.66999816894531,29.922765731811523,8087100
2016-11-28,51.119998931884766,30.188499450683594,15982400
2016-11-29,50.959999084472656,30.094032287597656,11532800
2016-11-30,49.900001525878906,29.468048095703125,20698900
2016-12-01,49.869998931884766,29.450340270996094,12982800
2016-12-02,49.810001373291016,29.414901733398438,10650700
2016-12-05,49.75,29.37946891784668,13074700
2016-12-06,50.36000061035156,29.739700317382812,13581500
2016-12-07,51.380001068115234,30.342050552368164,16280600
2016-12-08,51.130001068115234,30.194419860839844,11502900
2016-12-09,51.4900016784668,30.40700912475586,10101500
2016-12-12,51.7599983215332,30.56646156311035,16186400
2016-12-13,52.36000061035156,30.92078399658203,12211500
2016-12-14,51.630001068115234,30.489686965942383,19920400
2016-12-15,51.810001373291016,30.595985412597656,13963600
2016-12-16,52.27000045776367,30.86764144897461,21262500
2016-12-19,52.90999984741211,31.24558448791504,13407000
2016-12-20,53.119998931884766,31.369596481323242,10366900
2016-12-21,52.970001220703125,31.2810115814209,9656700
2016-12-22,53.650001525878906,31.68258285522461,11101500
2016-12-23,53.68000030517578,31.700294494628906,7201200
2016-12-27,53.63999938964844,31.676673889160156,6255400
2016-12-28,53.439998626708984,31.55856704711914,6849500
2016-12-29,53.7400016784668,31.73573875427246,7150800
2016-12-30,53.380001068115234,31.523130416870117,12440800
2017-01-03,54.58000183105469,32.23178482055664,22891700
2017-01-04,54.52000045776367,32.196346282958984,18316100
2017-01-05,54.63999938964844,32.267215728759766,13840600
2017-01-06,53.2599983215332,31.788543701171875,15615000
2017-01-09,52.68000030517578,31.442367553710938,14097200
2017-01-10,52.7599983215332,31.490116119384766,11787400
2017-01-11,52.459999084472656,31.311054229736328,16142800
2017-01-12,52.68000030517578,31.442367553710938,11052100
2017-01-13,52.54999923706055,31.364778518676758,9458700
2017-01-17,52.7400016784668,31.47817611694336,11383500
2017-01-18,52.25,31.18571662902832,12930900
2017-01-19,52.36000061035156,31.251367568969727,13286100
2017-01-20,52.720001220703125,31.466238021850586,15473700
2017-01-23,52.40999984741211,31.28121566772461,15695500
2017-01-24,50.119998931884766,29.914409637451172,43484700
2017-01-25,49.77000045776367,29.705503463745117,30398600
2017-01-26,49.119998931884766,29.317564010620117,37877100
2017-01-27,49.599998474121094,29.604049682617188,18369300
2017-01-30,49.369998931884766,29.46677589416504,12148700
2017-01-31,49.0099983215332,29.251901626586914,16844200
2017-02-01,48.38999938964844,28.881860733032227,26004100
2017-02-02,48.279998779296875,28.816198348999023,17787200
2017-02-03,48.58000183105469,28.995256423950195,15166400
2017-02-06,48.029998779296875,28.66697883605957,16151400
2017-02-07,48.040000915527344,28.67295265197754,12771900
2017-02-08,48.369998931884766,28.869911193847656,13962800
2017-02-09,48.810001373291016,29.132535934448242,13577300
2017-02-10,48.97999954223633,29.23400115966797,12317400
2017-02-13,48.54999923706055,28.977352142333984,18305300
2017-02-14,48.27000045776367,28.810230255126953,20847200
2017-02-15,48.08000183105469,28.69683074951172,19297100
2017-02-16,48.459999084472656,28.923633575439453,18706900
2017-02-17,49.189998626708984,29.359342575073242,23190700
2017-02-21,49.43000030517578,29.502588272094727,19206000
2017-02-22,49.66999816894531,29.645835876464844,13653400
2017-02-23,50.310001373291016,30.027812957763672,16212000
2017-02-24,50.599998474121094,30.20090675354004,14357900
2017-02-27,49.939998626708984,29.80698013305664,14029500
2017-02-28,49.630001068115234,29.62195587158203,17699200
2017-03-01,49.810001373291016,29.72939109802246,16095600
2017-03-02,49.97999954223633,29.830852508544922,10773400
2017-03-03,50.09000015258789,29.89650535583496,11071600
2017-03-06,50.029998779296875,29.860687255859375,10827300
2017-03-07,49.439998626708984,29.50855827331543,12896900
2017-03-08,49.15999984741211,29.341440200805664,14206500
2017-03-09,49.279998779296875,29.41305160522461,10590000
2017-03-10,49.349998474121094,29.454837799072266,11181600
2017-03-13,49.470001220703125,29.526458740234375,10488800
2017-03-14,49.36000061035156,29.46080780029297,8496600
2017-03-15,50.13999938964844,29.926355361938477,12660800
2017-03-16,50.040000915527344,29.86666488647461,10861200
2017-03-17,50.38999938964844,30.07556915283203,21071300
2017-03-20,50.2400016784668,29.98603630065918,9456000
2017-03-21,50.15999984741211,29.938278198242188,15196500
2017-03-22,49.709999084472656,29.669706344604492,14950400
2017-03-23,49.63999938964844,29.627925872802734,9644900
2017-03-24,49.68000030517578,29.65180206298828,9310700
2017-03-27,49.13999938964844,29.329498291015625,13270900
2017-03-28,49.29999923706055,29.42498779296875,12856300
2017-03-29,49.130001068115234,29.32353401184082,11160800
2017-03-30,49.060001373291016,29.281753540039062,11623000
2017-03-31,48.75,29.096729278564453,19299100
2017-04-03,49.18000030517578,29.35338020324707,14307400
2017-04-04,49.310001373291016,29.430971145629883,8952800
2017-04-05,49.02000045776367,29.257888793945312,14327600
2017-04-06,48.43000030517578,29.25063133239746,18456100
2017-04-07,48.65999984741211,29.389543533325195,17269600
2017-04-10,48.540000915527344,29.317068099975586,10859400
2017-04-11,48.70000076293945,29.4137020111084,13096200
2017-04-12,48.91999816894531,29.54657745361328,10455800
2017-04-13,48.619998931884766,29.365379333496094,9487000
2017-04-17,48.810001373291016,29.480138778686523,10507100
2017-04-18,49.220001220703125,29.72776985168457,19691300
2017-04-19,48.939998626708984,29.558656692504883,18837300
2017-04-20,48.40999984741211,29.238554000854492,30398200
2017-04-21,47.25,28.537925720214844,31278300
2017-04-24,47.04999923706055,28.41714096069336,23161900
2017-04-25,46.70000076293945,28.205753326416016,30033500
2017-04-26,47.36000061035156,28.604366302490234,29343800
2017-04-27,46.66999816894531,28.187623977661133,16838500
2017-04-28,45.90999984741211,27.728599548339844,25922800
2017-05-01,45.880001068115234,27.710485458374023,14455200
2017-05-02,45.90999984741211,27.728599548339844,13397800
2017-05-03,46.150001525878906,27.873567581176758,19568100
2017-05-04,45.880001068115234,27.710485458374023,20767700
2017-05-05,46.689998626708984,28.199708938598633,17133000
2017-05-08,46.630001068115234,28.16346549987793,15561700
2017-05-09,46.41999816894531,28.036623001098633,14349000
2017-05-10,46.380001068115234,28.012470245361328,12669600
2017-05-11,46.02000045776367,27.795040130615234,12435800
2017-05-12,45.84000015258789,27.686330795288086,14470900
2017-05-15,45.380001068115234,27.408506393432617,20379700
2017-05-16,45.310001373291016,27.366220474243164,14813500
2017-05-17,44.47999954223633,26.864912033081055,21333500
2017-05-18,45.040000915527344,27.20313262939453,15648700
2017-05-19,45.41999816894531,27.432655334472656,12787800
2017-05-22,45.47999954223633,27.468894958496094,9290100
2017-05-23,45.47999954223633,27.468894958496094,8066300
2017-05-24,45.040000915527344,27.20313262939453,15846000
2017-05-25,45.310001373291016,27.366220474243164,11206400
2017-05-26,45.31999969482422,27.372255325317383,5999900
2017-05-30,46.20000076293945,27.903764724731445,16442300
2017-05-31,46.63999938964844,28.16950225830078,22811100
2017-06-01,46.5099983215332,28.090984344482422,14219400
2017-06-02,46.439998626708984,28.04869842529297,18552800
2017-06-05,46.369998931884766,28.006431579589844,8538200
2017-06-06,46.439998626708984,28.04869842529297,11610500
2017-06-07,46.5,28.084945678710938,8648100
2017-06-08,46.189998626708984,27.89771842956543,11717800
2017-06-09,46.720001220703125,28.217824935913086,11698800
2017-06-12,47.189998626708984,28.501691818237305,18929100
2017-06-13,46.459999084472656,28.060789108276367,15194600
2017-06-14,46.689998626708984,28.199708938598633,9817600
2017-06-15,46.63999938964844,28.16950225830078,10984100
2017-06-16,46.630001068115234,28.16346549987793,22573900
2017-06-19,46.56999969482422,28.127222061157227,9773500
2017-06-20,45.939998626708984,27.74672508239746,16756100
2017-06-21,45.40999984741211,27.426612854003906,15027200
2017-06-22,45.41999816894531,27.432655334472656,10511300
2017-06-23,45.38999938964844,27.414531707763672,10069700
2017-06-26,45.75,27.631967544555664,10105500
2017-06-27,44.84000015258789,27.082345962524414,20187200
2017-06-28,44.84000015258789,27.082345962524414,18703600
2017-06-29,44.40999984741211,26.822633743286133,17913000
2017-06-30,44.65999984741211,26.97362518310547,13368900
2017-07-03,45.0,27.178987503051758,9732000
2017-07-05,44.650001525878906,26.967586517333984,14853400
2017-07-06,43.52000045776367,26.629823684692383,16854300
2017-07-07,43.47999954223633,26.605348587036133,12198500
2017-07-10,43.20000076293945,26.434017181396484,12272500
2017-07-11,42.88999938964844,26.244319915771484,13249500
2017-07-12,43.220001220703125,26.44624900817871,11388900
2017-07-13,43.4900016784668,26.61146354675293,12140500
2017-07-14,43.560001373291016,26.654296875,11986800
2017-07-17,43.65999984741211,26.715492248535156,10804200
2017-07-18,43.36000061035156,26.531919479370117,15417100
2017-07-19,43.45000076293945,26.586986541748047,13940800
2017-07-20,44.220001220703125,27.058149337768555,19309100
2017-07-21,44.22999954223633,27.064260482788086,11426600
2017-07-24,43.709999084472656,26.746078491210938,11895200
2017-07-25,43.97999954223633,26.91129493713379,9818800
2017-07-26,44.400001525878906,27.168292999267578,19045200
2017-07-27,47.810001373291016,29.254873275756836,44702500
2017-07-28,47.939998626708984,29.33441734313965,25296500
2017-07-31,48.400001525878906,29.615886688232422,28456800
2017-08-01,48.88999938964844,29.91571807861328,33498200
2017-08-02,48.209999084472656,29.499624252319336,19233400
2017-08-03,48.61000061035156,29.74439239501953,15190100
2017-08-04,48.90999984741211,29.927953720092773,13841700
2017-08-07,48.86000061035156,29.897363662719727,10448700
2017-08-08,48.599998474121094,29.73826789855957,10901200
2017-08-09,48.220001220703125,29.5057430267334,18887100
2017-08-10,48.02000045776367,29.38337516784668,13005200
2017-08-11,48.060001373291016,29.407840728759766,10420500
2017-08-14,48.779998779296875,29.84840965270996,11064600
2017-08-15,48.47999954223633,29.664840698242188,11164800
2017-08-16,48.40999984741211,29.622013092041016,9447000
2017-08-17,47.88999938964844,29.30381965637207,10638000
2017-08-18,47.689998626708984,29.181432723999023,16919100
2017-08-21,48.13999938964844,29.456796646118164,10556800
2017-08-22,48.349998474121094,29.58528709411621,11005500
2017-08-23,48.279998779296875,29.54245948791504,8909200
2017-08-24,48.310001373291016,29.560813903808594,8898200
2017-08-25,48.68000030517578,29.787227630615234,9846700
2017-08-28,48.61000061035156,29.74439239501953,6329400
2017-08-29,48.5099983215332,29.68319320678711,6044100
2017-08-30,48.119998931884766,29.44455909729004,10758400
2017-08-31,47.970001220703125,29.352779388427734,14237700
2017-09-01,47.91999816894531,29.32217025756836,11455200
2017-09-05,47.36000061035156,28.979511260986328,10005100
2017-09-06,46.90999984741211,28.704166412353516,14081900
2017-09-07,46.20000076293945,28.26972007751465,16591100
2017-09-08,46.11000061035156,28.214651107788086,14152000
2017-09-11,46.29999923706055,28.330902099609375,11073700
2017-09-12,46.790000915527344,28.630735397338867,11173200
2017-09-13,47.25,28.912199020385742,12772700
2017-09-14,47.18000030517578,28.869369506835938,11808500
2017-09-15,47.86000061035156,29.28546142578125,24626500
2017-09-18,48.09000015258789,29.42619514465332,18810200
2017-09-19,49.34000015258789,30.19106674194336,30818000
2017-09-20,49.47999954223633,30.2767333984375,18755900
2017-09-21,48.939998626708984,29.946311950683594,14315800
2017-09-22,49.900001525878906,30.53373146057129,20646400
2017-09-25,49.900001525878906,30.53373146057129,13698600
2017-09-26,49.5099983215332,30.295093536376953,12007500
2017-09-27,49.5099983215332,30.295093536376953,14270800
2017-09-28,49.40999984741211,30.233909606933594,8231800
2017-09-29,49.4900016784668,30.282854080200195,13021700
2017-10-02,49.36000061035156,30.203310012817383,9525800
2017-10-03,49.849998474121094,30.503129959106445,10218600
2017-10-04,49.900001525878906,30.53373146057129,9887500
2017-10-05,49.77000045776367,30.454181671142578,12230600
2017-10-06,48.810001373291016,30.225067138671875,13239600
2017-10-09,49.04999923706055,30.37368392944336,10702900
2017-10-10,49.13999938964844,30.429414749145508,10843900
2017-10-11,48.86000061035156,30.25603485107422,10335100
2017-10-12,48.349998474121094,29.940214157104492,17087900
2017-10-13,47.86000061035156,29.63679313659668,20105100
2017-10-16,48.09000015258789,29.779220581054688,10394700
2017-10-17,48.400001525878906,29.9711856842041,14842800
2017-10-18,48.650001525878906,30.125991821289062,20410400
2017-10-19,49.209999084472656,30.472766876220703,29173900
2017-10-20,49.529998779296875,30.670930862426758,16259600
2017-10-23,48.9900016784668,30.336532592773438,15660000
2017-10-24,48.939998626708984,30.305572509765625,11527900
2017-10-25,48.63999938964844,30.11980628967285,19256800
2017-10-26,48.88999938964844,30.274608612060547,14420100
2017-10-27,48.869998931884766,30.26222801208496,12423400
2017-10-30,47.83000183105469,29.618215560913086,24587400
2017-10-31,47.869998931884766,29.642990112304688,15910000
2017-11-01,47.83000183105469,29.618215560913086,11046600
2017-11-02,47.459999084472656,29.389087677001953,13126900
2017-11-03,47.41999816894531,29.364322662353516,8038200
2017-11-06,45.529998779296875,28.1939697265625,36443300
2017-11-07,45.56999969482422,28.218738555908203,25789600
2017-11-08,45.459999084472656,28.150611877441406,17414800
2017-11-09,45.06999969482422,27.90911102294922,21078700
2017-11-10,44.880001068115234,27.791461944580078,17075000
2017-11-13,44.75,27.710960388183594,16673900
2017-11-14,44.220001220703125,27.38275909423828,20829900
2017-11-15,44.11000061035156,27.314647674560547,15726500
2017-11-16,44.77000045776367,27.723342895507812,13818000
2017-11-17,45.41999816894531,28.1258487701416,18933200
2017-11-20,46.20000076293945,28.608858108520508,18227400
2017-11-21,46.18000030517578,28.596473693847656,13598000
2017-11-22,47.099998474121094,29.166175842285156,15825100
2017-11-24,47.0099983215332,29.110437393188477,5097200
2017-11-27,47.65999984741211,29.5129451751709,17548300
2017-11-28,48.81999969482422,30.23126983642578,20982500
2017-11-29,49.900001525878906,30.90004539489746,31034500
2017-11-30,50.88999938964844,31.513086318969727,33268500
2017-12-01,51.25,31.73602294921875,23909000
2017-12-04,51.720001220703125,32.02705764770508,19371000
2017-12-05,50.91999816894531,31.531667709350586,17574100
2017-12-06,50.68000030517578,31.383041381835938,17296600
2017-12-07,50.41999816894531,31.22203826904297,11986700
2017-12-08,51.09000015258789,31.636930465698242,13639900
2017-12-11,51.84000015258789,32.10136795043945,13542500
2017-12-12,53.189998626708984,32.937339782714844,22901200
2017-12-13,52.88999938964844,32.75156784057617,17705500
2017-12-14,52.34000015258789,32.410980224609375,18775400
2017-12-15,52.66999816894531,32.615333557128906,28935600
2017-12-18,53.25,32.9744873046875,15874300
2017-12-19,52.83000183105469,32.714412689208984,14239500
2017-12-20,52.77000045776367,32.67726516723633,11643500
2017-12-21,53.0099983215332,32.82587432861328,12778100
2017-12-22,53.189998626708984,32.937339782714844,13657800
2017-12-26,53.220001220703125,32.95591354370117,6595800
2017-12-27,53.279998779296875,32.99305725097656,8361900
2017-12-28,53.43000030517578,33.085960388183594,6726300
2017-12-29,52.93000030517578,32.776336669921875,9994700
2018-01-02,53.529998779296875,33.14786911010742,16045300
2018-01-03,52.43000030517578,32.46670913696289,16662400
2018-01-04,52.599998474121094,32.571990966796875,12062800
2018-01-05,52.47999954223633,32.497676849365234,13348900
2018-01-08,52.38999938964844,32.44194412231445,16212700
2018-01-09,51.61000061035156,32.32295227050781,14677800
2018-01-10,51.689998626708984,32.373046875,12593400
2018-01-11,52.11000061035156,32.636104583740234,15568200
2018-01-12,51.86000061035156,32.479530334472656,17673700
2018-01-16,51.65999984741211,32.35426712036133,14739200
2018-01-17,51.720001220703125,32.39183807373047,11591500
2018-01-18,51.54999923706055,32.28536605834961,29442600
2018-01-19,51.90999984741211,32.510833740234375,23761300
2018-01-22,53.459999084472656,33.481590270996094,27691300
2018-01-23,53.22999954223633,33.33753967285156,33000500
2018-01-24,54.220001220703125,33.95757293701172,21080400
2018-01-25,54.290000915527344,34.00141906738281,18638700
2018-01-26,54.720001220703125,34.270721435546875,13077600
2018-01-29,54.130001068115234,33.90120315551758,17052600
2018-01-30,53.900001525878906,33.75714874267578,15401500
2018-01-31,54.06999969482422,33.86362838745117,17827000
2018-02-01,54.29999923706055,34.00767135620117,18646100
2018-02-02,52.97999954223633,33.18097686767578,15574000
2018-02-05,50.5,31.627769470214844,22239600
2018-02-06,50.83000183105469,31.83445167541504,34543900
2018-02-07,51.0099983215332,31.947175979614258,16066600
2018-02-08,49.040000915527344,30.713369369506836,23308900
2018-02-09,49.880001068115234,31.239463806152344,27707900
2018-02-12,50.11000061035156,31.383520126342773,16903000
2018-02-13,50.08000183105469,31.364717483520508,11871700
2018-02-14,49.5099983215332,31.007734298706055,17559200
2018-02-15,49.7400016784668,31.15178871154785,18902700
2018-02-16,50.150001525878906,31.408567428588867,12264000
2018-02-20,48.91999816894531,30.63822364807129,21330400
2018-02-21,47.959999084472656,30.0369873046875,20889900
2018-02-22,47.869998931884766,29.98061752319336,21198300
2018-02-23,48.290000915527344,30.243663787841797,26371400
2018-02-26,49.09000015258789,30.744701385498047,20853900
2018-02-27,48.040000915527344,30.087080001831055,23234700
2018-02-28,47.7400016784668,29.899194717407227,22159100
2018-03-01,47.959999084472656,30.0369873046875,28950200
2018-03-02,48.2599983215332,30.224864959716797,17449900
2018-03-05,48.709999084472656,30.5067081451416,15348400
2018-03-06,48.88999938964844,30.61943817138672,13526900
2018-03-07,48.84000015258789,30.588117599487305,16738200
2018-03-08,49.0099983215332,30.694597244262695,17038500
2018-03-09,49.0099983215332,30.694597244262695,14927100
2018-03-12,48.79999923706055,30.563072204589844,12526300
2018-03-13,48.650001525878906,30.469125747680664,12840200
2018-03-14,48.45000076293945,30.343860626220703,11930400
2018-03-15,48.290000915527344,30.243663787841797,9537400
2018-03-16,48.560001373291016,30.412763595581055,26838100
2018-03-19,48.310001373291016,30.25618553161621,12980800
2018-03-20,47.689998626708984,29.867881774902344,10765500
2018-03-21,47.279998779296875,29.61111068725586,11062500
2018-03-22,46.880001068115234,29.36058807373047,14270800
2018-03-23,46.290000915527344,28.991069793701172,15955100
2018-03-26,47.06999969482422,29.479585647583008,15435500
2018-03-27,47.310001373291016,29.62989044189453,14544700
2018-03-28,48.0,30.062040328979492,17728000
2018-03-29,47.81999969482422,29.949304580688477,17305500
2018-04-02,47.15999984741211,29.535951614379883,16511200
2018-04-03,47.5,29.748886108398438,14841300
2018-04-04,47.93000030517578,30.018190383911133,12376400
2018-04-05,48.2400016784668,30.212345123291016,13201300
2018-04-06,47.47999954223633,29.736371994018555,16071600
2018-04-09,46.91999816894531,29.75538444519043,13475300
2018-04-10,48.27000045776367,30.611528396606445,24309300
2018-04-11,47.58000183105469,30.173948287963867,11695600
2018-04-12,47.7400016784668,30.27541160583496,8837900
2018-04-13,47.65999984741211,30.22467613220215,7302000
2018-04-16,48.38999938964844,30.6876220703125,8885500
2018-04-17,48.849998474121094,30.979341506958008,11575500
2018-04-18,48.619998931884766,30.833477020263672,8347700
2018-04-19,48.43000030517578,30.712997436523438,11174200
2018-04-20,47.900001525878906,30.37687873840332,18224700
2018-04-23,48.65999984741211,30.858848571777344,14211600
2018-04-24,49.66999816894531,31.499364852905273,20920400
2018-04-25,50.099998474121094,31.77205467224121,19893200
2018-04-26,49.7599983215332,31.556434631347656,14121900
2018-04-27,51.56999969482422,32.70428466796875,25986200
2018-04-30,49.349998474121094,31.296430587768555,28938900
2018-05-01,48.81999969482422,30.960329055786133,16101400
2018-05-02,47.75,30.281755447387695,18515900
2018-05-03,47.84000015258789,30.338825225830078,16114100
2018-05-04,48.189998626708984,30.56078338623047,10669300
2018-05-07,47.72999954223633,30.26906967163086,12892100
2018-05-08,47.02000045776367,29.818805694580078,16716900
2018-05-09,46.380001068115234,29.412933349609375,23083300
2018-05-10,47.20000076293945,29.932954788208008,15727500
2018-05-11,48.619998931884766,30.833477020263672,22872800
2018-05-14,48.4900016784668,30.75103759765625,10362600
2018-05-15,47.790000915527344,30.30712127685547,12655400
2018-05-16,47.86000061035156,30.35150718688965,9798800
2018-05-17,47.849998474121094,30.34516143798828,8907500
2018-05-18,47.7400016784668,30.27541160583496,11384400
2018-05-21,48.43000030517578,30.712997436523438,8588800
2018-05-22,48.810001373291016,30.953968048095703,18539800
2018-05-23,48.59000015258789,30.814455032348633,14027800
2018-05-24,48.63999938964844,30.846166610717773,13580400
2018-05-25,48.52000045776367,30.770065307617188,7948000
2018-05-29,48.20000076293945,30.56713104248047,13035300
2018-05-30,48.599998474121094,30.82080078125,10459100
2018-05-31,47.66999816894531,30.231006622314453,27288300
2018-06-01,47.810001373291016,30.31980323791504,9967100
2018-06-04,47.81999969482422,30.326139450073242,9012600
2018-06-05,47.970001220703125,30.421268463134766,10378000
2018-06-06,48.40999984741211,30.70030403137207,12924800
2018-06-07,49.0099983215332,31.080810546875,19674300
2018-06-08,49.18000030517578,31.188617706298828,15399300
2018-06-11,49.29999923706055,31.26472282409668,14143700
2018-06-12,48.810001373291016,30.953968048095703,15597900
2018-06-13,47.400001525878906,30.059797286987305,30809400
2018-06-14,47.81999969482422,30.326139450073242,17568400
2018-06-15,48.060001373291016,30.478343963623047,31398000
2018-06-18,47.459999084472656,30.097835540771484,15330400
2018-06-19,48.5,30.757375717163086,25070000
2018-06-20,48.09000015258789,30.49736976623535,11996800
2018-06-21,48.630001068115234,30.83982276916504,14854600
2018-06-22,49.7599983215332,31.556434631347656,31911000
2018-06-25,49.599998474121094,31.4549617767334,19301900
2018-06-26,49.29999923706055,31.26472282409668,13597000
2018-06-27,49.310001373291016,31.271066665649414,14144300
2018-06-28,50.86000061035156,32.2540283203125,21605500
2018-06-29,50.310001373291016,31.905229568481445,18023100
2018-07-02,50.41999816894531,31.974994659423828,13141200
2018-07-03,50.70000076293945,32.152557373046875,8441100
2018-07-05,51.279998779296875,32.52037811279297,11279600
2018-07-06,51.47999954223633,32.647216796875,10203800
2018-07-09,50.7400016784668,32.55099105834961,10491200
2018-07-10,51.34000015258789,32.9359016418457,9614600
2018-07-11,51.34000015258789,32.9359016418457,14348100
2018-07-12,51.2400016784668,32.87175750732422,10583900
2018-07-13,51.40999984741211,32.98080825805664,11175100
2018-07-16,51.59000015258789,33.096282958984375,9633400
2018-07-17,51.43000030517578,32.993648529052734,10636100
2018-07-18,51.13999938964844,32.80759048461914,11734900
2018-07-19,50.75,32.55739974975586,9524200
2018-07-20,50.619998931884766,32.474002838134766,12026500
2018-07-23,50.75,32.55739974975586,11703200
2018-07-24,51.5099983215332,33.04495620727539,23265200
2018-07-25,50.90999984741211,32.660057067871094,15702800
2018-07-26,51.18000030517578,32.83325958251953,11162000
2018-07-27,52.0099983215332,33.365726470947266,14073700
2018-07-30,52.4900016784668,33.67366027832031,16725000
2018-07-31,51.63999938964844,33.12835693359375,16924200
2018-08-01,51.72999954223633,33.18608856201172,12789400
2018-08-02,51.97999954223633,33.34646987915039,12337500
2018-08-03,52.27000045776367,33.53252029418945,7769900
2018-08-06,52.47999954223633,33.6672477722168,10768400
2018-08-07,52.459999084472656,33.65441131591797,7106900
2018-08-08,52.70000076293945,33.80837631225586,9457300
2018-08-09,53.0099983215332,34.00725555419922,10768100
2018-08-10,52.470001220703125,33.660823822021484,7979600
2018-08-13,52.220001220703125,33.50044250488281,9919400
2018-08-14,52.869998931884766,33.91743087768555,11454400
2018-08-15,53.2400016784668,34.154808044433594,16473300
2018-08-16,54.27000045776367,34.815574645996094,16265400
2018-08-17,54.790000915527344,35.149169921875,19102700
2018-08-20,54.650001525878906,35.05936050415039,10747400
2018-08-21,54.90999984741211,35.22614669799805,11961200
2018-08-22,54.13999938964844,34.73217010498047,13911400
2018-08-23,54.279998779296875,34.82199478149414,8354400
2018-08-24,54.779998779296875,35.14274215698242,8499900
2018-08-27,54.849998474121094,35.18765640258789,9539600
2018-08-28,54.650001525878906,35.05936050415039,11864600
2018-08-29,54.56999969482422,35.008026123046875,9801900
2018-08-30,54.75,35.12350845336914,9696500
2018-08-31,54.369998931884766,34.879722595214844,14605400
2018-09-04,53.189998626708984,34.12272644042969,19898600
2018-09-05,53.81999969482422,34.526885986328125,15301200
2018-09-06,54.290000915527344,34.82839584350586,10521900
2018-09-07,54.0,34.642356872558594,11746500
2018-09-10,54.119998931884766,34.71934127807617,10781900
2018-09-11,54.720001220703125,35.10425567626953,12298800
2018-09-12,54.970001220703125,35.26463317871094,13130800
2018-09-13,54.939998626708984,35.24538803100586,12559900
2018-09-14,54.54999923706055,34.995201110839844,13454700
2018-09-17,54.70000076293945,35.0914306640625,11013700
2018-09-18,54.38999938964844,34.892547607421875,13891100
2018-09-19,53.5,34.321598052978516,17471000
2018-09-20,53.95000076293945,34.610286712646484,14473400
2018-09-21,54.41999816894531,34.91178894042969,48954100
2018-09-24,53.540000915527344,34.34725570678711,14029600
2018-09-25,53.04999923706055,34.03290939331055,13604900
2018-09-26,53.13999938964844,34.09064865112305,13308300
2018-09-27,53.59000015258789,34.37933349609375,13348100
2018-09-28,53.38999938964844,34.25102996826172,12634500
2018-10-01,53.84000015258789,34.53971862792969,10682000
2018-10-02,54.41999816894531,34.91178894042969,12482900
2018-10-03,54.290000915527344,34.82839584350586,14939100
2018-10-04,55.02000045776367,35.29671096801758,15788400
2018-10-05,54.939998626708984,35.24538803100586,14044900
2018-10-08,55.02000045776367,35.29671096801758,16703700
2018-10-09,54.9900016784668,35.66838073730469,16962400
2018-10-10,54.33000183105469,35.24028778076172,22025500
2018-10-11,53.33000183105469,34.59164810180664,26336200
2018-10-12,53.72999954223633,34.851104736328125,18866600
2018-10-15,53.599998474121094,34.76677703857422,13022000
2018-10-16,53.70000076293945,34.83164596557617,15981200
2018-10-17,53.959999084472656,35.00028991699219,14528100
2018-10-18,54.650001525878906,35.44784927368164,16865100
2018-10-19,54.900001525878906,35.61001205444336,19103300
2018-10-22,54.97999954223633,35.661895751953125,21737500
2018-10-23,57.209999084472656,37.108341217041016,29328700
2018-10-24,57.41999816894531,37.244564056396484,37435600
2018-10-25,56.43000030517578,36.60240936279297,25270000
2018-10-26,55.5099983215332,36.005672454833984,24973300
2018-10-29,56.47999954223633,36.63484573364258,22103700
2018-10-30,58.18000030517578,37.73752212524414,25231200
2018-10-31,57.09000015258789,37.030513763427734,24214400
2018-11-01,56.04999923706055,36.35593795776367,22533200
2018-11-02,56.630001068115234,36.732139587402344,14734400
2018-11-05,57.209999084472656,37.108341217041016,12733800
2018-11-06,57.209999084472656,37.108341217041016,12371200
2018-11-07,57.650001525878906,37.39374923706055,14891300
2018-11-08,58.27000045776367,37.7958984375,12482400
2018-11-09,58.459999084472656,37.91914367675781,17365500
2018-11-12,58.720001220703125,38.087791442871094,13236800
2018-11-13,58.65999984741211,38.048866271972656,13047900
2018-11-14,58.939998626708984,38.23048782348633,18288700
2018-11-15,59.08000183105469,38.3213005065918,17147100
2018-11-16,60.209999084472656,39.054237365722656,19471000
2018-11-19,60.619998931884766,39.3201904296875,18405700
2018-11-20,59.459999084472656,38.56777572631836,22028900
2018-11-21,59.15999984741211,38.37319564819336,18482200
2018-11-23,58.63999938964844,38.035892486572266,7009100
2018-11-26,59.16999816894531,38.37966537475586,12308900
2018-11-27,60.650001525878906,39.339656829833984,14115000
2018-11-28,60.060001373291016,38.95695877075195,18663000
2018-11-29,59.45000076293945,38.561283111572266,14763700
2018-11-30,60.29999923706055,39.11263656616211,31142800
2018-12-03,58.15999984741211,37.72455596923828,27800800
2018-12-04,58.09000015258789,37.67914581298828,21727400
2018-12-06,58.08000183105469,37.67266082763672,26880400
2018-12-07,57.68000030517578,37.4132080078125,16948100
2018-12-10,58.27000045776367,37.7958984375,16603400
2018-12-11,58.849998474121094,38.17210388183594,14991400
2018-12-12,57.25,37.134300231933594,18892200
2018-12-13,57.09000015258789,37.030513763427734,15454700
2018-12-14,57.08000183105469,37.02402877807617,13960900
2018-12-17,55.95000076293945,36.291072845458984,18902500
2018-12-18,55.650001525878906,36.09648895263672,18895800
2018-12-19,55.86000061035156,36.23270034790039,20968400
2018-12-20,55.06999969482422,35.72026062011719,26897000
2018-12-21,54.91999816894531,35.62297439575195,55406300
2018-12-24,53.04999923706055,34.410030364990234,15077200
2018-12-26,54.439998626708984,35.31163787841797,17970500
2018-12-27,55.150001525878906,35.77216339111328,17531000
2018-12-28,55.27000045776367,35.85000228881836,14771600
2018-12-31,56.220001220703125,36.46620559692383,15331800
2019-01-02,56.02000045776367,36.336483001708984,13969700
2019-01-03,56.220001220703125,36.46620559692383,19245400
2019-01-04,56.36000061035156,36.5570068359375,17035800
2019-01-07,56.720001220703125,36.790531158447266,16349000
2019-01-08,58.380001068115234,37.867252349853516,21424600
2019-01-09,57.04999923706055,37.39076614379883,18136000
2019-01-10,57.599998474121094,37.75124740600586,14259900
2019-01-11,58.02000045776367,38.02650451660156,15801500
2019-01-14,58.029998779296875,38.03306579589844,11342300
2019-01-15,58.099998474121094,38.07893753051758,10058000
2019-01-16,57.08000183105469,37.41044235229492,13411700
2019-01-17,56.83000183105469,37.2465934753418,15223900
2019-01-18,57.09000015258789,37.416988372802734,16802500
2019-01-22,56.9900016784668,37.351444244384766,18284800
2019-01-23,57.7599983215332,37.85610580444336,15109000
2019-01-24,57.06999969482422,37.40388488769531,12494100
2019-01-25,56.400001525878906,36.96476364135742,17800300
2019-01-28,55.06999969482422,36.093074798583984,25955700
2019-01-29,53.279998779296875,34.91990280151367,33789200
2019-01-30,54.0,35.39179229736328,27260000
2019-01-31,55.060001373291016,36.086517333984375,28585400
2019-02-01,54.54999923706055,35.75226593017578,13778000
2019-02-04,54.040000915527344,35.41801071166992,15818900
2019-02-05,54.13999938964844,35.48354721069336,14124600
2019-02-06,53.790000915527344,35.2541618347168,11391400
2019-02-07,53.56999969482422,35.10996627807617,12436200
2019-02-08,53.95000076293945,35.35902404785156,12011700
2019-02-11,54.04999923706055,35.42455291748047,9802800
2019-02-12,54.41999816894531,35.667057037353516,11227600
2019-02-13,54.47999954223633,35.70637893676758,11884800
2019-02-14,54.029998779296875,35.41144561767578,11190100
2019-02-15,55.15999984741211,36.15206527709961,15719400
2019-02-19,55.439998626708984,36.3355827331543,12272700
2019-02-20,55.7599983215332,36.54530334472656,11379000
2019-02-21,56.150001525878906,36.800907135009766,14680500
2019-02-22,56.91999816894531,37.30556869506836,12534300
2019-02-25,56.779998779296875,37.213809967041016,15051200
2019-02-26,56.63999938964844,37.122066497802734,12005600
2019-02-27,56.720001220703125,37.17448806762695,8962800
2019-02-28,56.91999816894531,37.30556869506836,15743000
2019-03-01,56.959999084472656,37.331790924072266,10942700
2019-03-04,56.2400016784668,36.85988998413086,13674400
2019-03-05,56.08000183105469,36.75503158569336,15749500
2019-03-06,55.68000030517578,36.49287033081055,13935500
2019-03-07,56.29999923706055,36.89921951293945,12644200
2019-03-08,56.529998779296875,37.049957275390625,10617300
2019-03-11,57.58000183105469,37.738136291503906,13627400
2019-03-12,57.43000030517578,37.639827728271484,12813000
2019-03-13,57.65999984741211,37.790565490722656,14168300
2019-03-14,57.95000076293945,37.98063659667969,12148300
2019-03-15,58.38999938964844,38.269012451171875,23715300
2019-03-18,58.06999969482422,38.05928421020508,12168100
2019-03-19,57.5,37.685707092285156,13462700
2019-03-20,57.66999816894531,37.79712677001953,11902900
2019-03-21,58.290000915527344,38.20347595214844,10920100
2019-03-22,59.7599983215332,39.16691207885742,25125400
2019-03-25,60.08000183105469,39.376651763916016,15463400
2019-03-26,60.630001068115234,39.73711395263672,12316900
2019-03-27,60.880001068115234,39.900978088378906,13290300
2019-03-28,59.08000183105469,38.721248626708984,20547100
2019-03-29,59.130001068115234,38.7540168762207,17283900
2019-04-01,59.09000015258789,38.72779846191406,16331100
2019-04-02,58.529998779296875,38.360774993896484,11408100
2019-04-03,58.869998931884766,38.58361053466797,15491700
2019-04-04,58.9900016784668,38.662254333496094,8776000
2019-04-05,59.09000015258789,38.72779846191406,11497800
2019-04-08,59.130001068115234,38.7540168762207,11680500
2019-04-09,58.400001525878906,38.6699104309082,10414400
2019-04-10,58.61000061035156,38.80897521972656,8782100
2019-04-11,58.560001373291016,38.7758674621582,9219900
2019-04-12,58.7400016784668,38.895050048828125,10847500
2019-04-15,58.709999084472656,38.87518310546875,7741500
2019-04-16,58.790000915527344,38.92815399169922,10239300
2019-04-17,57.779998779296875,38.25938034057617,15498000
2019-04-18,58.040000915527344,38.43154525756836,13189000
2019-04-22,58.369998931884766,38.650054931640625,11950400
2019-04-23,57.150001525878906,37.84222412109375,23488700
2019-04-24,57.08000183105469,37.79587936401367,13227100
2019-04-25,55.849998474121094,36.98143005371094,17425500
2019-04-26,56.58000183105469,37.46479797363281,16329700
2019-04-29,56.84000015258789,37.6369514465332,13985000
2019-04-30,57.189998626708984,37.86870193481445,15469000
2019-05-01,56.52000045776367,37.42506790161133,11627400
2019-05-02,56.9900016784668,37.736270904541016,14435400
2019-05-03,57.2400016784668,37.901817321777344,9388200
2019-05-06,56.90999984741211,37.68330764770508,10066100
2019-05-07,56.630001068115234,37.497901916503906,12963800
2019-05-08,56.380001068115234,37.332359313964844,12086700
2019-05-09,56.47999954223633,37.398582458496094,14834900
2019-05-10,56.90999984741211,37.68330764770508,10707100
2019-05-13,56.75,37.57735061645508,13759000
2019-05-14,56.54999923706055,37.44493103027344,12776200
2019-05-15,56.810001373291016,37.617088317871094,10806300
2019-05-16,57.380001068115234,37.99452590942383,11695100
2019-05-17,58.09000015258789,38.46464920043945,14436700
2019-05-20,59.0099983215332,39.07383346557617,20910600
2019-05-21,59.5,39.39829635620117,14016300
2019-05-22,59.25,39.232749938964844,11487100
2019-05-23,58.869998931884766,38.981136322021484,11706700
2019-05-24,59.31999969482422,39.27909469604492,8755200
2019-05-28,58.72999954223633,38.8884391784668,21860500
2019-05-29,58.18000030517578,38.52425003051758,13418700
2019-05-30,56.83000183105469,37.63034439086914,17484900
2019-05-31,54.349998474121094,35.98818588256836,29916600
2019-06-03,56.380001068115234,37.332359313964844,19518300
2019-06-04,56.220001220703125,37.22642135620117,15201200
2019-06-05,57.029998779296875,37.76277542114258,11522900
2019-06-06,57.540000915527344,38.100467681884766,9906900
2019-06-07,57.2400016784668,37.901817321777344,11656600
2019-06-10,56.150001525878906,37.18006896972656,14955400
2019-06-11,56.83000183105469,37.63034439086914,15378600
2019-06-12,57.36000061035156,37.98128128051758,11911000
2019-06-13,57.619998931884766,38.15343475341797,9218700
2019-06-14,58.279998779296875,38.5904541015625,11826600
2019-06-17,57.630001068115234,38.160057067871094,11027000
2019-06-18,57.33000183105469,37.96142578125,12257500
2019-06-19,57.630001068115234,38.160057067871094,10516400
2019-06-20,57.34000015258789,37.9680290222168,15302800
2019-06-21,57.77000045776367,38.25276184082031,22474300
2019-06-24,58.27000045776367,38.583839416503906,9141800
2019-06-25,58.0,38.40504837036133,10571700
2019-06-26,56.9900016784668,37.736270904541016,15042100
2019-06-27,57.25,37.908443450927734,9123300
2019-06-28,57.130001068115234,37.828975677490234,14604000
2019-07-01,56.65999984741211,37.51777267456055,15796800
2019-07-02,58.130001068115234,38.49113464355469,14985700
2019-07-03,58.130001068115234,38.49113464355469,8437800
2019-07-05,58.310001373291016,38.610328674316406,6938500
2019-07-08,57.88999938964844,38.33221435546875,12048200
2019-07-09,56.40999984741211,37.745399475097656,16733700
2019-07-10,57.0,38.14018630981445,10901500
2019-07-11,56.91999816894531,38.08665084838867,10045700
2019-07-12,57.189998626708984,38.26730728149414,9669500
2019-07-15,57.58000183105469,38.52827072143555,11734300
2019-07-16,57.40999984741211,38.414520263671875,10556000
2019-07-17,57.220001220703125,38.28738784790039,7916700
2019-07-18,57.209999084472656,38.280696868896484,7549200
2019-07-19,56.59000015258789,37.8658447265625,12240300
2019-07-22,55.5,37.136497497558594,15255800
2019-07-23,55.47999954223633,37.12310791015625,14093500
2019-07-24,55.970001220703125,37.450984954833984,11173900
2019-07-25,56.36000061035156,37.71194076538086,11006100
2019-07-26,57.08000183105469,38.19371795654297,12333100
2019-07-29,57.369998931884766,38.38775634765625,10165700
2019-07-30,56.630001068115234,37.89260482788086,13329300
2019-07-31,55.27000045776367,36.98259353637695,24396200
2019-08-01,55.2599983215332,36.97589874267578,18677000
2019-08-02,55.59000015258789,37.196712493896484,17458800
2019-08-05,55.220001220703125,36.949134826660156,18941500
2019-08-06,55.04999923706055,36.83538818359375,18747900
2019-08-07,55.09000015258789,36.86213684082031,11865500
2019-08-08,55.81999969482422,37.35060119628906,11335900
2019-08-09,55.779998779296875,37.32384490966797,8948000
2019-08-12,55.689998626708984,37.263633728027344,10635600
2019-08-13,56.369998931884766,37.7186279296875,11016500
2019-08-14,55.720001220703125,37.28370666503906,15041200
2019-08-15,56.29999923706055,37.67179489135742,12124000
2019-08-16,56.650001525878906,37.90599060058594,11923500
2019-08-19,57.0,38.14018630981445,11011900
2019-08-20,56.27000045776367,37.65171813964844,9892600
2019-08-21,56.59000015258789,37.8658447265625,7637300
2019-08-22,56.779998779296875,37.99297332763672,9272200
2019-08-23,55.91999816894531,37.41752243041992,13203000
2019-08-26,56.709999084472656,37.946128845214844,9486900
2019-08-27,57.18000030517578,38.2606201171875,16953900
2019-08-28,57.95000076293945,38.775848388671875,15238900
2019-08-29,57.939998626708984,38.7691650390625,8538000
2019-08-30,58.15999984741211,38.91636657714844,9962200
2019-09-03,58.040000915527344,38.83607482910156,10470100
2019-09-04,58.18000030517578,38.929752349853516,9232200
2019-09-05,58.59000015258789,39.204097747802734,9232300
2019-09-06,59.060001373291016,39.518592834472656,8920200
2019-09-09,58.65999984741211,39.25092315673828,12848700
2019-09-10,59.709999084472656,39.95351028442383,13987000
2019-09-11,60.130001068115234,40.23454666137695,12241500
2019-09-12,60.43000030517578,40.43528366088867,9491400
2019-09-13,59.959999084472656,40.12079620361328,10719300
2019-09-16,59.5,39.81300354003906,10950500
2019-09-17,59.869998931884766,40.06057357788086,8801700
2019-09-18,59.93000030517578,40.10072326660156,8451900
2019-09-19,59.97999954223633,40.13417053222656,7651700
2019-09-20,60.290000915527344,40.34161376953125,21019900
2019-09-23,60.209999084472656,40.2880744934082,8437000
2019-09-24,60.5099983215332,40.48880386352539,12846300
2019-09-25,60.27000045776367,40.32822799682617,8088100
2019-09-26,60.439998626708984,40.44196701049805,7438800
2019-09-27,60.29999923706055,40.34829330444336,7799000
2019-09-30,60.36000061035156,40.388450622558594,9709400
2019-10-01,59.849998474121094,40.04719161987305,8381600
2019-10-02,58.90999984741211,39.418209075927734,12011700
2019-10-03,59.0099983215332,39.48512268066406,9769300
2019-10-04,59.900001525878906,40.08064270019531,9824900
2019-10-07,60.25,40.31483840942383,13744600
2019-10-08,59.720001220703125,39.9601936340332,13832800
2019-10-09,59.220001220703125,40.0379524230957,10609200
2019-10-10,59.83000183105469,40.45037078857422,11832100
2019-10-11,59.93000030517578,40.51797103881836,11349000
2019-10-14,59.599998474121094,40.29486083984375,6876100
2019-10-15,60.54999923706055,40.93715286254883,11679200
2019-10-16,60.290000915527344,40.761375427246094,9298100
2019-10-17,60.40999984741211,40.842498779296875,7323700
2019-10-18,61.04999923706055,41.27519607543945,12339700
2019-10-21,60.75,41.07237243652344,10882300
2019-10-22,60.77000045776367,41.08588409423828,9603600
2019-10-23,60.880001068115234,41.1602668762207,10375600
2019-10-24,60.58000183105469,40.957435607910156,11143800
2019-10-25,60.369998931884766,40.815452575683594,15036400
2019-10-28,60.18000030517578,40.68700408935547,14621400
2019-10-29,60.189998626708984,40.693756103515625,10619900
2019-10-30,60.81999969482422,41.11970138549805,12136500
2019-10-31,60.470001220703125,40.883060455322266,12226600
2019-11-01,60.369998931884766,40.815452575683594,9629100
2019-11-04,59.869998931884766,40.477413177490234,10133300
2019-11-05,59.5,40.22726821899414,10645400
2019-11-06,60.130001068115234,40.653194427490234,9287600
2019-11-07,60.529998779296875,40.92363357543945,14604400
2019-11-08,59.349998474121094,40.12583923339844,17644600
2019-11-11,59.61000061035156,40.301631927490234,7754000
2019-11-12,59.31999969482422,40.105560302734375,7709400
2019-11-13,59.40999984741211,40.166412353515625,10255600
2019-11-14,59.34000015258789,40.11907958984375,9530200
2019-11-15,59.5099983215332,40.23401641845703,11758800
2019-11-18,59.439998626708984,40.18669509887695,10165100
2019-11-19,59.5,40.22726821899414,10492700
2019-11-20,59.47999954223633,40.2137336730957,12362100
2019-11-21,59.61000061035156,40.301631927490234,8056000
2019-11-22,59.75,40.39628219604492,10741300
2019-11-25,59.380001068115234,40.14613342285156,10644500
2019-11-26,59.88999938964844,40.490936279296875,11936900
2019-11-27,60.099998474121094,40.632904052734375,8795300
2019-11-29,60.2400016784668,40.727569580078125,6791400
2019-12-02,59.959999084472656,40.53825378417969,9142000
2019-12-03,60.13999938964844,40.65995788574219,10289400
2019-12-04,60.529998779296875,40.92363357543945,8237500
2019-12-05,60.81999969482422,41.11970138549805,9812500
2019-12-06,61.189998626708984,41.36984634399414,9296900
2019-12-09,61.0099983215332,41.24815368652344,9370200
2019-12-10,61.22999954223633,41.396888732910156,8290900
2019-12-11,61.08000183105469,41.29547119140625,9657500
2019-12-12,61.16999816894531,41.3563346862793,8571600
2019-12-13,60.810001373291016,41.11293029785156,10585900
2019-12-16,61.22999954223633,41.396888732910156,11493000
2019-12-17,61.4900016784668,41.57268142700195,13648700
2019-12-18,60.86000061035156,41.14674377441406,17292600
2019-12-19,60.79999923706055,41.106178283691406,11901600
2019-12-20,62.06999969482422,41.96479797363281,42977900
2019-12-23,61.400001525878906,41.5118293762207,9477500
2019-12-24,61.279998779296875,41.430694580078125,6640100
2019-12-26,61.290000915527344,41.437469482421875,8117800
2019-12-27,61.529998779296875,41.59971237182617,8166800
2019-12-30,61.209999084472656,41.38336944580078,6765400
2019-12-31,61.400001525878906,41.5118293762207,8466700
2020-01-02,61.04999923706055,41.27519607543945,11447900
2020-01-03,60.400001525878906,40.83574295043945,13263200
2020-01-06,60.27000045776367,40.74784851074219,15094500
2020-01-07,59.599998474121094,40.29486083984375,14293100
2020-01-08,59.709999084472656,40.369232177734375,15926500
2020-01-09,58.849998474121094,40.201873779296875,20134600
2020-01-10,58.9900016784668,40.297508239746094,11786700
2020-01-13,59.150001525878906,40.40681838989258,14158400
2020-01-14,59.040000915527344,40.331668853759766,12697100
2020-01-15,59.099998474121094,40.372650146484375,10291300
2020-01-16,59.66999816894531,40.76203155517578,10689600
2020-01-17,60.130001068115234,41.076271057128906,15615700
2020-01-21,60.31999969482422,41.20606231689453,12857600
2020-01-22,60.47999954223633,41.31536102294922,8847100
2020-01-23,60.5099983215332,41.33584976196289,11109000
2020-01-24,60.279998779296875,41.17873764038086,10182800
2020-01-27,59.90999984741211,40.92598342895508,11482300
2020-01-28,60.70000076293945,41.46565246582031,15367500
2020-01-29,59.529998779296875,40.66640090942383,13408900
2020-01-30,59.36000061035156,40.550270080566406,16719600
2020-01-31,59.439998626708984,40.60491943359375,14283600
2020-02-03,58.04999923706055,39.65537643432617,15566400
2020-02-04,58.290000915527344,39.81932830810547,13924600
2020-02-05,59.130001068115234,40.393150329589844,10271900
2020-02-06,59.439998626708984,40.60491943359375,10283700
2020-02-07,59.939998626708984,40.94647979736328,9418100
2020-02-10,60.2400016784668,41.151424407958984,8270200
2020-02-11,58.689998626708984,40.09257125854492,22488200
2020-02-12,58.22999954223633,39.7783317565918,20938000
2020-02-13,58.650001525878906,40.06524658203125,19460100
2020-02-14,58.5099983215332,39.96961212158203,9138900
2020-02-18,57.90999984741211,39.55973815917969,12427300
2020-02-19,58.220001220703125,39.77150344848633,13642800
2020-02-20,58.09000015258789,39.682701110839844,16748600
2020-02-21,58.20000076293945,39.75784683227539,15704300
2020-02-24,57.9900016784668,39.61438751220703,18520900
2020-02-25,57.119998931884766,39.020057678222656,19384900
2020-02-26,57.13999938964844,39.03373336791992,16803600
2020-02-27,55.060001373291016,37.61282730102539,25907200
2020-02-28,54.15999984741211,36.998023986816406,45828300
2020-03-02,57.31999969482422,39.15668487548828,30736200
2020-03-03,55.70000076293945,38.05002212524414,27500200
2020-03-04,58.119998931884766,39.703189849853516,17626400
2020-03-05,57.15999984741211,39.047386169433594,21249900
2020-03-06,56.869998931884766,38.84927749633789,22510800
2020-03-09,55.83000183105469,38.13884353637695,31862200
2020-03-10,56.52000045776367,38.61019515991211,34330900
2020-03-11,54.83000183105469,37.455718994140625,21147400
2020-03-12,51.20000076293945,34.975975036621094,45610600
2020-03-13,54.16999816894531,37.004844665527344,45744000
2020-03-16,50.9900016784668,34.8325080871582,36990400
2020-03-17,54.310001373291016,37.10047912597656,33898000
2020-03-18,54.31999969482422,37.10731506347656,38417400
2020-03-19,53.619998931884766,36.62913513183594,33024900
2020-03-20,51.79999923706055,35.3858528137207,46013800
2020-03-23,50.310001373291016,34.36799240112305,39225100
2020-03-24,49.9900016784668,34.14938735961914,40626900
2020-03-25,49.939998626708984,34.115234375,38551300
2020-03-26,53.540000915527344,36.57447814941406,32610900
2020-03-27,52.77000045776367,36.0484733581543,25363600
2020-03-30,54.77000045776367,37.41472625732422,20660200
2020-03-31,53.72999954223633,36.70427322387695,21251800
2020-04-01,52.91999816894531,36.15094757080078,18672600
2020-04-02,55.25,37.74262237548828,20159400
2020-04-03,54.70000076293945,37.36690902709961,17612500
2020-04-06,56.70000076293945,38.733154296875,20284400
2020-04-07,56.97999954223633,38.924434661865234,21786000
2020-04-08,57.79999923706055,39.484596252441406,18234200
2020-04-09,57.439998626708984,39.66066360473633,19689500
2020-04-13,56.66999816894531,39.12899398803711,12977700
2020-04-14,58.13999938964844,40.14398956298828,16765600
2020-04-15,56.93000030517578,39.30852127075195,18372800
2020-04-16,57.65999984741211,39.812564849853516,17825800
2020-04-17,58.459999084472656,40.36494445800781,15054300
2020-04-20,58.130001068115234,40.137088775634766,14002200
2020-04-21,56.81999969482422,39.232566833496094,14234500
2020-04-22,57.9900016784668,40.04042434692383,12701100
2020-04-23,57.59000015258789,39.76423263549805,15684400
2020-04-24,57.93000030517578,39.998992919921875,15371500
2020-04-27,57.810001373291016,39.9161376953125,16050100
2020-04-28,57.83000183105469,39.92994689941406,13392600
2020-04-29,58.119998931884766,40.13018035888672,17818100
2020-04-30,57.45000076293945,39.66756820678711,17532400
2020-05-01,56.83000183105469,39.239479064941406,13857400
2020-05-04,56.2400016784668,38.832088470458984,11833600
2020-05-05,56.5099983215332,39.018524169921875,10902400
2020-05-06,55.63999938964844,38.417816162109375,12460400
2020-05-07,55.58000183105469,38.37638854980469,14083100
2020-05-08,57.0,39.35685348510742,11097900
2020-05-11,56.400001525878906,38.94257354736328,12636800
2020-05-12,55.459999084472656,38.29352951049805,13117700
2020-05-13,54.849998474121094,37.872337341308594,20604500
2020-05-14,54.90999984741211,37.91376876831055,15859200
2020-05-15,54.709999084472656,37.77568054199219,10174000
2020-05-18,55.720001220703125,38.47304916381836,15735900
2020-05-19,54.380001068115234,37.54781723022461,18467100
2020-05-20,54.2599983215332,37.464962005615234,21405400
2020-05-21,53.970001220703125,37.26472854614258,18201000
2020-05-22,54.099998474121094,37.3544921875,19960000
2020-05-26,54.29999923706055,37.49259567260742,20830500
2020-05-27,55.13999938964844,38.07258224487305,17063800
2020-05-28,55.720001220703125,38.47304916381836,15427900
2020-05-29,57.380001068115234,39.61923599243164,34227800
2020-06-01,55.779998779296875,38.51448440551758,18156100
2020-06-02,56.400001525878906,38.94257354736328,17300400
2020-06-03,56.83000183105469,39.239479064941406,16086700
2020-06-04,57.220001220703125,39.508758544921875,16147300
2020-06-05,57.7400016784668,39.8677978515625,17105600
2020-06-08,58.09000015258789,40.10947036743164,14963000
2020-06-09,57.86000061035156,39.95066452026367,14530800
2020-06-10,58.04999923706055,40.08184814453125,13649100
2020-06-11,56.45000076293945,38.97709274291992,23412500
2020-06-12,56.529998779296875,39.0323371887207,17129000
2020-06-15,56.150001525878906,38.76994705200195,14826800
2020-06-16,56.91999816894531,39.30162048339844,15021300
2020-06-17,56.650001525878906,39.11519241333008,10652100
2020-06-18,56.88999938964844,39.28089904785156,9019500
2020-06-19,56.15999984741211,38.77685546875,28868200
2020-06-22,55.65999984741211,38.43162536621094,12333900
2020-06-23,54.939998626708984,37.934486389160156,20716400
2020-06-24,53.93000030517578,37.23711013793945,24794600
2020-06-25,54.279998779296875,37.47877883911133,17122500
2020-06-26,53.15999984741211,36.705448150634766,30211900
2020-06-29,54.689998626708984,37.76186752319336,15930300
2020-06-30,55.130001068115234,38.06566619873047,17414800
2020-07-01,54.66999816894531,37.7480583190918,12831600
2020-07-02,54.790000915527344,37.83091354370117,15814500
2020-07-06,55.2400016784668,38.141624450683594,11231100
2020-07-07,55.040000915527344,38.0035285949707,13319700
2020-07-08,55.380001068115234,38.23829650878906,15320800
2020-07-09,53.939998626708984,37.66225814819336,17618400
2020-07-10,54.4900016784668,38.04628372192383,15652200
2020-07-13,54.45000076293945,38.01836013793945,15285100
2020-07-14,55.439998626708984,38.7095947265625,15683600
2020-07-15,55.060001373291016,38.444271087646484,13903600
2020-07-16,55.779998779296875,38.94699478149414,13477400
2020-07-17,56.29999923706055,39.3100700378418,13506300
2020-07-20,55.869998931884766,39.009830474853516,10572900
2020-07-21,55.84000015258789,38.98888397216797,12619700
2020-07-22,55.75,38.92605209350586,11223500
2020-07-23,55.849998474121094,38.9958610534668,16718700
2020-07-24,56.849998474121094,39.69408416748047,17981700
2020-07-27,56.869998931884766,39.70805358886719,12306700
2020-07-28,57.47999954223633,40.133975982666016,13454700
2020-07-29,57.45000076293945,40.11302947998047,9341800
2020-07-30,57.29999923706055,40.00829315185547,12635800
2020-07-31,57.47999954223633,40.133975982666016,16202900
2020-08-03,57.2400016784668,39.966407775878906,13493400
2020-08-04,57.90999984741211,40.43421173095703,11601000
2020-08-05,57.540000915527344,40.17586898803711,9809300
2020-08-06,57.83000183105469,40.378353118896484,10369900
2020-08-07,58.529998779296875,40.86711883544922,12783900
2020-08-10,58.9900016784668,41.188289642333984,12114500
2020-08-11,58.5099983215332,40.8531494140625,12833100
2020-08-12,58.599998474121094,40.915985107421875,10802100
2020-08-13,58.52000045776367,40.86012649536133,7428600
2020-08-14,58.790000915527344,41.048648834228516,8715900
2020-08-17,58.779998779296875,41.04167175292969,8371900
2020-08-18,59.18000030517578,41.320960998535156,10130600
2020-08-19,59.04999923706055,41.23018264770508,10816300
2020-08-20,58.959999084472656,41.16734313964844,8061500
2020-08-21,58.9900016784668,41.188289642333984,11059300
2020-08-24,59.56999969482422,41.593257904052734,10931500
2020-08-25,59.41999816894531,41.488529205322266,11316800
2020-08-26,59.459999084472656,41.516448974609375,15096400
2020-08-27,59.43000030517578,41.49551773071289,11405300
2020-08-28,59.2599983215332,41.37681579589844,11873900
2020-08-31,59.27000045776367,41.383792877197266,14555500
2020-09-01,59.15999984741211,41.30698776245117,13358400
2020-09-02,60.529998779296875,42.26355743408203,21711900
2020-09-03,60.61000061035156,42.319419860839844,23126800
2020-09-04,60.47999954223633,42.2286491394043,22250100
2020-09-08,59.959999084472656,41.86557388305664,18469700
2020-09-09,60.040000915527344,41.92142868041992,15896200
2020-09-10,59.529998779296875,41.56533432006836,15811200
2020-09-11,59.790000915527344,41.74687957763672,13924800
2020-09-14,60.31999969482422,42.1169319152832,11932500
2020-09-15,60.599998474121094,42.31243133544922,9444300
2020-09-16,60.369998931884766,42.1518440246582,12699000
2020-09-17,60.59000015258789,42.305450439453125,14996200
2020-09-18,60.349998474121094,42.13786697387695,22584500
2020-09-21,59.61000061035156,41.6212043762207,15871400
2020-09-22,59.81999969482422,41.767822265625,12198900
2020-09-23,58.90999984741211,41.132442474365234,15416200
2020-09-24,59.189998626708984,41.327938079833984,10875300
2020-09-25,59.38999938964844,41.467586517333984,10676300
2020-09-28,59.36000061035156,41.44664764404297,11910500
2020-09-29,59.2400016784668,41.36284637451172,10005900
2020-09-30,59.4900016784668,41.53740310668945,16348400
2020-10-01,59.45000076293945,41.50947189331055,14547100
2020-10-02,59.2400016784668,41.36284637451172,10741800
2020-10-05,59.65999984741211,41.656105041503906,10457400
2020-10-06,59.459999084472656,41.516448974609375,12524900
2020-10-07,59.61000061035156,41.6212043762207,13674700
2020-10-08,59.189998626708984,41.76797103881836,14266400
2020-10-09,59.33000183105469,41.866756439208984,9846200
2020-10-12,59.54999923706055,42.022003173828125,20211200
2020-10-13,59.36000061035156,41.887943267822266,22109600
2020-10-14,58.43000030517578,41.231666564941406,16591900
2020-10-15,58.15999984741211,41.0411376953125,13644500
2020-10-16,58.04999923706055,40.96351623535156,13364200
2020-10-19,57.29999923706055,40.43427276611328,16075100
2020-10-20,57.25,40.398990631103516,18696200
2020-10-21,56.75,40.0461540222168,21498300
2020-10-22,57.33000183105469,40.455448150634766,16636100
2020-10-23,57.959999084472656,40.9000129699707,12879600
2020-10-26,57.810001373291016,40.794158935546875,15196800
2020-10-27,57.380001068115234,40.49073028564453,12253000
2020-10-28,56.310001373291016,39.73567199707031,18720200
2020-10-29,56.7599983215332,40.05321502685547,19146100
2020-10-30,56.9900016784668,40.215518951416016,17632800
2020-11-02,57.70000076293945,40.71654510498047,16086400
2020-11-03,57.75,40.7518196105957,10693500
2020-11-04,57.220001220703125,40.37782669067383,20785700
2020-11-05,58.150001525878906,41.034080505371094,20156400
2020-11-06,58.529998779296875,41.30223846435547,11986200
2020-11-09,59.84000015258789,42.226646423339844,24265900
2020-11-10,61.099998474121094,43.11577606201172,22051800
2020-11-11,61.0,43.045204162597656,12196900
2020-11-12,60.790000915527344,42.89702224731445,13293300
2020-11-13,61.060001373291016,43.087554931640625,10652800
2020-11-16,60.88999938964844,42.967594146728516,14289400
2020-11-17,60.75,42.868797302246094,11698200
2020-11-18,60.31999969482422,42.56536865234375,11698800
2020-11-19,60.209999084472656,42.48773956298828,12663000
2020-11-20,60.040000915527344,42.36778259277344,14225400
2020-11-23,60.22999954223633,42.501853942871094,11601400
2020-11-24,60.63999938964844,42.79118347167969,15481400
2020-11-25,60.40999984741211,42.628875732421875,10604300
2020-11-27,60.58000183105469,42.74884033203125,5763700
2020-11-30,60.40999984741211,42.628875732421875,21839100
2020-12-01,60.58000183105469,42.74884033203125,14282600
2020-12-02,61.36000061035156,43.29924774169922,14169900
2020-12-03,61.7400016784668,43.56739807128906,11937200
2020-12-04,61.54999923706055,43.43333053588867,10495800
2020-12-07,61.349998474121094,43.29219436645508,12537500
2020-12-08,61.45000076293945,43.36275863647461,13421100
2020-12-09,61.459999084472656,43.36981964111328,14949500
2020-12-10,60.5099983215332,42.699432373046875,15464400
2020-12-11,60.349998474121094,42.58653259277344,13673000
2020-12-14,59.97999954223633,42.325439453125,15706500
2020-12-15,60.54999923706055,42.7276611328125,15876000
2020-12-16,59.90999984741211,42.27604293823242,17165900
2020-12-17,60.0099983215332,42.34660720825195,12095500
2020-12-18,60.459999084472656,42.664154052734375,31909400
2020-12-21,59.4900016784668,41.97966384887695,18567500
2020-12-22,58.9900016784668,41.62683868408203,12951500
2020-12-23,58.959999084472656,41.60566711425781,14012100
2020-12-24,58.84000015258789,41.520992279052734,7751100
2020-12-28,58.97999954223633,41.619781494140625,15355600
2020-12-29,58.810001373291016,41.49981689453125,15686100
2020-12-30,58.13999938964844,41.02702713012695,18259800
2020-12-31,58.75,41.45747756958008,12906300
2021-01-04,58.849998474121094,41.52804183959961,19129800
2021-01-05,58.58000183105469,41.337520599365234,16220000
2021-01-06,59.290000915527344,41.83853530883789,22678500
2021-01-07,58.529998779296875,41.74439239501953,19079900
2021-01-08,57.79999923706055,41.2237434387207,28411600
2021-01-11,57.459999084472656,40.98124694824219,15688000
2021-01-12,57.2599983215332,40.8386116027832,22699300
2021-01-13,57.060001373291016,40.69597244262695,16985400
2021-01-14,57.040000915527344,40.681697845458984,18341100
2021-01-15,57.380001068115234,40.92418670654297,15785300
2021-01-19,57.04999923706055,40.6888313293457,18821300
2021-01-20,57.2599983215332,40.8386116027832,19923100
2021-01-21,57.27000045776367,40.845741271972656,13601500
2021-01-22,57.470001220703125,40.98838806152344,16364500
2021-01-25,58.41999816894531,41.66593933105469,22444300
2021-01-26,56.56999969482422,40.34648895263672,37892700
2021-01-27,55.130001068115234,39.31946563720703,37239000
2021-01-28,55.369998931884766,39.490638732910156,24000800
2021-01-29,54.75,39.0484504699707,26231200
2021-02-01,54.279998779296875,38.713233947753906,20541100
2021-02-02,54.5,38.87013626098633,18974500
2021-02-03,54.790000915527344,39.07697296142578,13909300
2021-02-04,55.13999938964844,39.32659149169922,14761700
2021-02-05,55.31999969482422,39.45497512817383,12069500
2021-02-08,55.04999923706055,39.262413024902344,17887700
2021-02-09,55.0,39.22674560546875,19605600
2021-02-10,54.959999084472656,39.19820785522461,16232800
2021-02-11,54.599998474121094,38.94145965576172,17398800
2021-02-12,54.20000076293945,38.65617370605469,18357300
2021-02-16,54.150001525878906,38.62051773071289,22095700
2021-02-17,56.9900016784668,40.64604568481445,40531300
2021-02-18,56.97999954223633,40.63890838623047,20759900
2021-02-19,56.45000076293945,40.260902404785156,18689400
2021-02-22,56.45000076293945,40.260902404785156,17854900
2021-02-23,57.029998779296875,40.67456817626953,21062000
2021-02-24,57.119998931884766,40.73876190185547,17136900
2021-02-25,56.5,40.29656982421875,24165300
2021-02-26,55.29999923706055,39.44070816040039,23935200
2021-03-01,55.36000061035156,39.48350143432617,20550400
2021-03-02,54.97999954223633,39.21247482299805,17184600
2021-03-03,55.380001068115234,39.497772216796875,22838700
2021-03-04,54.79999923706055,39.084102630615234,23692000
2021-03-05,56.0,39.939964294433594,23598100
2021-03-08,56.790000915527344,40.50340270996094,23648800
2021-03-09,56.20000076293945,40.08259963989258,20956400
2021-03-10,57.08000183105469,40.710235595703125,18848600
2021-03-11,55.5099983215332,39.59048080444336,30312900
2021-03-12,55.630001068115234,39.67607116699219,22002400
2021-03-15,55.63999938964844,39.683204650878906,18970600
2021-03-16,55.63999938964844,39.683204650878906,19044700
2021-03-17,55.75,39.76165771484375,17867000
2021-03-18,56.310001373291016,40.16105651855469,19970700
2021-03-19,56.2400016784668,40.11113739013672,39055000
2021-03-22,56.59000015258789,40.360755920410156,20656600
2021-03-23,56.90999984741211,40.588985443115234,20084100
2021-03-24,57.0099983215332,40.660301208496094,14819800
2021-03-25,57.380001068115234,40.92418670654297,18047400
2021-03-26,58.18000030517578,41.49477005004883,19632700
2021-03-29,58.83000183105469,41.95834732055664,18577300
2021-03-30,58.59000015258789,41.78717803955078,13239700
2021-03-31,58.150001525878906,41.47336196899414,19531700
2021-04-01,58.29999923706055,41.58034896850586,12885100
2021-04-05,58.869998931884766,41.98687744140625,14326300
2021-04-06,59.11000061035156,42.15805435180664,12198300
2021-04-07,59.0,42.0796012878418,13218400
2021-04-08,57.599998474121094,41.523075103759766,16472400
2021-04-09,57.4900016784668,41.44377899169922,13872000
2021-04-12,57.540000915527344,41.47983169555664,19564600
2021-04-13,57.619998931884766,41.53749465942383,15489100
2021-04-14,57.70000076293945,41.59516906738281,13890100
2021-04-15,57.70000076293945,41.59516906738281,13338400
2021-04-16,58.279998779296875,42.01327896118164,19866200
2021-04-19,58.38999938964844,42.09257888793945,11955400
2021-04-20,58.38999938964844,42.09257888793945,16673600
2021-04-21,58.13999938964844,41.91236114501953,18310100
2021-04-22,57.279998779296875,41.292396545410156,20921900
2021-04-23,57.29999923706055,41.30680465698242,18099400
2021-04-26,56.939998626708984,41.04730224609375,15073600
2021-04-27,56.31999969482422,40.600345611572266,21858600
2021-04-28,56.43000030517578,40.67964172363281,12862500
2021-04-29,57.31999969482422,41.321224212646484,18169200
2021-04-30,57.790000915527344,41.66004180908203,16861500
2021-05-03,57.91999816894531,41.75375747680664,17559100
2021-05-04,58.599998474121094,42.24396514892578,22067700
2021-05-05,58.689998626708984,42.308841705322266,17882200
2021-05-06,59.290000915527344,42.74137496948242,14593100
2021-05-07,58.720001220703125,42.330474853515625,15678600
2021-05-10,59.52000045776367,42.90718078613281,22563000
2021-05-11,58.540000915527344,42.20070266723633,17971900
2021-05-12,58.40999984741211,42.10698699951172,14718600
2021-05-13,58.810001373291016,42.39533996582031,13305100
2021-05-14,58.689998626708984,42.308841705322266,13770000
2021-05-17,57.939998626708984,41.768184661865234,22387000
2021-05-18,57.18000030517578,41.220306396484375,26579000
2021-05-19,56.91999816894531,41.03288269042969,20213500
2021-05-20,56.790000915527344,40.93916702270508,20768900
2021-05-21,56.90999984741211,41.025665283203125,15474400
2021-05-24,56.97999954223633,41.07612609863281,12970700
2021-05-25,56.47999954223633,40.71568298339844,15935100
2021-05-26,56.36000061035156,40.62917709350586,14045200
2021-05-27,56.290000915527344,40.578712463378906,30754300
2021-05-28,56.4900016784668,40.72289276123047,14027800
2021-06-01,56.380001068115234,40.64358901977539,14922800
2021-06-02,56.650001525878906,40.83823776245117,13681100
2021-06-03,56.97999954223633,41.07612609863281,14212500
2021-06-04,57.29999923706055,41.30680465698242,11868100
2021-06-07,57.20000076293945,41.23472595214844,11144100
2021-06-08,57.150001525878906,41.198673248291016,15858400
2021-06-09,57.04999923706055,41.126590728759766,14705100
2021-06-10,57.34000015258789,41.33564376831055,12013600
2021-06-11,57.33000183105469,41.32844161987305,12929000
2021-06-14,57.18000030517578,41.220306396484375,11907600
2021-06-15,57.290000915527344,41.29960632324219,12602700
2021-06-16,56.63999938964844,40.83102798461914,15678400
2021-06-17,56.529998779296875,40.75172424316406,14761100
2021-06-18,55.81999969482422,40.23989486694336,38210500
2021-06-21,56.38999938964844,40.65080642700195,13628200
2021-06-22,56.369998931884766,40.63638687133789,13866600
2021-06-23,56.06999969482422,40.42011642456055,16524500
2021-06-24,56.369998931884766,40.63638687133789,15386200
2021-06-25,56.380001068115234,40.64358901977539,14540300
2021-06-28,56.18000030517578,40.49942398071289,13754900
2021-06-29,55.84000015258789,40.254310607910156,15313000
2021-06-30,56.029998779296875,40.39128494262695,14559700
2021-07-01,56.290000915527344,40.578712463378906,11672200
2021-07-02,56.439998626708984,40.68684387207031,11387100
2021-07-06,56.40999984741211,40.665218353271484,13815900
2021-07-07,56.529998779296875,40.75172424316406,14393300
2021-07-08,55.68000030517578,40.58988952636719,18384000
2021-07-09,56.06999969482422,40.87419509887695,13757000
2021-07-12,56.150001525878906,40.932518005371094,13451500
2021-07-13,56.09000015258789,40.88877487182617,12511900
2021-07-14,56.31999969482422,41.05644989013672,14821700
2021-07-15,56.54999923706055,41.22412109375,12813900
2021-07-16,56.459999084472656,41.15849685668945,11637900
2021-07-19,55.84000015258789,40.70652770996094,21958500
2021-07-20,55.58000183105469,40.51699447631836,20258900
2021-07-21,55.95000076293945,40.78671646118164,25264100
2021-07-22,55.95000076293945,40.78671646118164,16231400
2021-07-23,55.880001068115234,40.73569107055664,14894300
2021-07-26,55.779998779296875,40.66278839111328,15330500
2021-07-27,56.20000076293945,40.96896743774414,15225800
2021-07-28,55.720001220703125,40.61906051635742,14595900
2021-07-29,55.97999954223633,40.80858612060547,12841900
2021-07-30,55.779998779296875,40.66278839111328,13856900
2021-08-02,55.7599983215332,40.64820861816406,13833400
2021-08-03,55.72999954223633,40.626338958740234,12573100
2021-08-04,55.369998931884766,40.363914489746094,16446100
2021-08-05,55.29999923706055,40.3128776550293,12776600
2021-08-06,55.220001220703125,40.254554748535156,12660300
2021-08-09,55.119998931884766,40.181663513183594,13452400
2021-08-10,55.47999954223633,40.444091796875,11756900
2021-08-11,55.56999969482422,40.50970458984375,11727300
2021-08-12,55.63999938964844,40.56073760986328,10744800
2021-08-13,55.869998931884766,40.72840881347656,8384600
2021-08-16,55.97999954223633,40.80858612060547,12964200
2021-08-17,56.18000030517578,40.95438766479492,11847600
2021-08-18,55.470001220703125,40.43681716918945,15093500
2021-08-19,55.369998931884766,40.363914489746094,12679900
2021-08-20,55.52000045776367,40.47324752807617,10645100
2021-08-23,55.41999816894531,40.40035629272461,11963700
2021-08-24,55.0099983215332,40.101470947265625,15478400
2021-08-25,54.93000030517578,40.04315948486328,14666300
2021-08-26,54.599998474121094,39.802589416503906,15256200
2021-08-27,54.77000045776367,39.92652130126953,13213800
2021-08-30,54.77000045776367,39.92652130126953,11621200
2021-08-31,55.0,40.094181060791016,18405600
2021-09-01,54.939998626708984,40.05044174194336,12647300
2021-09-02,55.290000915527344,40.30559539794922,12875900
2021-09-03,55.43000030517578,40.40764236450195,11006200
2021-09-07,54.81999969482422,39.96296691894531,15500900
2021-09-08,54.90999984741211,40.0285758972168,11835900
2021-09-09,54.439998626708984,39.68595886230469,19403300
2021-09-10,54.22999954223633,39.532859802246094,15944100
2021-09-13,54.619998931884766,39.81717300415039,20749000
2021-09-14,54.40999984741211,39.664085388183594,16937500
2021-09-15,54.56999969482422,39.78071212768555,15330000
2021-09-16,54.43000030517578,39.67866134643555,14431400
2021-09-17,54.279998779296875,39.56931686401367,30787600
2021-09-20,54.2599983215332,39.55473709106445,20440500
2021-09-21,54.029998779296875,39.38706970214844,16906900
2021-09-22,54.060001373291016,39.408935546875,15907900
2021-09-23,54.41999816894531,39.6713752746582,14714100
2021-09-24,54.369998931884766,39.634925842285156,12663900
2021-09-27,54.470001220703125,39.707820892333984,13118200
2021-09-28,54.15999984741211,39.48184585571289,19528200
2021-09-29,54.380001068115234,39.642215728759766,14823000
2021-09-30,54.0099983215332,39.37248229980469,18736600
2021-10-01,54.29999923706055,39.583900451660156,18618400
2021-10-04,54.5,39.72968673706055,18159200
2021-10-05,54.5099983215332,39.736976623535156,13218200
2021-10-06,54.529998779296875,39.751564025878906,21339800
2021-10-07,53.900001525878906,39.758934020996094,18069600
2021-10-08,53.2400016784668,39.272090911865234,21384600
2021-10-11,52.18000030517578,38.49019241333008,32088400
2021-10-12,51.33000183105469,37.86319351196289,42154000
2021-10-13,51.349998474121094,37.8779411315918,27246900
2021-10-14,51.91999816894531,38.29840850830078,27764900
2021-10-15,52.27000045776367,38.556583404541016,27005500
2021-10-18,51.90999984741211,38.29103088378906,20853500
2021-10-19,52.349998474121094,38.61559295654297,16094800
2021-10-20,53.61000061035156,39.545013427734375,30659500
2021-10-21,53.38999938964844,39.38274002075195,17771100
2021-10-22,52.93000030517578,39.04342269897461,16074000
2021-10-25,52.58000183105469,38.78524398803711,15987400
2021-10-26,53.08000183105469,39.15407180786133,15185200
2021-10-27,52.630001068115234,38.8221321105957,15007400
2021-10-28,52.79999923706055,38.947532653808594,18374700
2021-10-29,52.9900016784668,39.08768081665039,17763200
2021-11-01,52.95000076293945,39.05817413330078,14177700
2021-11-02,52.56999969482422,38.777870178222656,16913800
2021-11-03,52.939998626708984,39.05080032348633,12240000
2021-11-04,51.849998474121094,38.246768951416016,30807500
2021-11-05,52.2400016784668,38.534446716308594,17442800
2021-11-08,52.33000183105469,38.60083770751953,15985200
2021-11-09,52.2400016784668,38.534446716308594,16014100
2021-11-10,52.599998474121094,38.80000305175781,16261100
2021-11-11,52.45000076293945,38.68935012817383,10983700
2021-11-12,52.34000015258789,38.60821533203125,14378500
2021-11-15,52.400001525878906,38.652469635009766,14282700
2021-11-16,52.060001373291016,38.401668548583984,15876100
2021-11-17,51.72999954223633,38.15825653076172,17679200
2021-11-18,51.2400016784668,37.79680633544922,19490300
2021-11-19,50.86000061035156,37.516502380371094,21105200
2021-11-22,51.540000915527344,38.018096923828125,22751600
2021-11-23,51.75,38.173004150390625,21501600
2021-11-24,51.65999984741211,38.106624603271484,15474500
2021-11-26,51.79999923706055,38.20988845825195,17048100
2021-11-29,51.65999984741211,38.106624603271484,18652500
2021-11-30,50.27000045776367,37.081298828125,47766200
2021-12-01,49.77000045776367,36.71247100830078,26295500
2021-12-02,50.72999954223633,37.42060470581055,27364400
2021-12-03,51.41999816894531,37.92958068847656,24711700
2021-12-06,51.06999969482422,37.671409606933594,22433100
2021-12-07,50.790000915527344,37.46487808227539,27754700
2021-12-08,50.4900016784668,37.24358367919922,20452700
2021-12-09,50.15999984741211,37.00014877319336,23628300
2021-12-10,50.189998626708984,37.02228546142578,18498700
2021-12-13,50.279998779296875,37.08867263793945,27618800
2021-12-14,50.650001525878906,37.36159896850586,31555900
2021-12-15,50.54999923706055,37.287837982177734,24115700
2021-12-16,52.75,38.910640716552734,40091300
2021-12-17,53.16999816894531,39.22045135498047,54501100
2021-12-20,53.09000015258789,39.161441802978516,23418000
2021-12-21,52.779998779296875,38.93277359008789,23905300
2021-12-22,52.77000045776367,38.9254035949707,16486500
2021-12-23,52.68000030517578,38.85901641845703,14921400
2021-12-27,52.68000030517578,38.85901641845703,19705800
2021-12-28,52.720001220703125,38.88852310180664,12126500
2021-12-29,52.36000061035156,38.622962951660156,15109500
2021-12-30,52.25,38.541831970214844,15615500
2021-12-31,51.959999084472656,38.327911376953125,15911400
2022-01-03,52.439998626708984,38.68198013305664,18240100
2022-01-04,53.470001220703125,39.44176483154297,26376800
2022-01-05,54.02000045776367,39.84745407104492,28697300
2022-01-06,53.7599983215332,39.65565490722656,21563800
2022-01-07,54.2400016784668,40.491790771484375,26512500
2022-01-10,53.869998931884766,40.21556854248047,24929400
2022-01-11,53.59000015258789,40.00653839111328,18598500
2022-01-12,53.45000076293945,39.90201950073242,12778300
2022-01-13,53.52000045776367,39.95427322387695,18178200
2022-01-14,53.279998779296875,39.775108337402344,18695800
2022-01-18,53.43000030517578,39.8870849609375,21570300
2022-01-19,53.5,39.9393424987793,18374200
2022-01-20,53.400001525878906,39.86469650268555,24297100
2022-01-21,53.15999984741211,39.68552780151367,25294800
2022-01-24,52.959999084472656,39.53622055053711,32500600
2022-01-25,52.900001525878906,39.49142837524414,32075900
2022-01-26,51.02000045776367,38.087955474853516,41504700
2022-01-27,51.189998626708984,38.214866638183594,35339600
2022-01-28,52.900001525878906,39.49142837524414,29490800
2022-01-31,53.22999954223633,39.737789154052734,25182400
2022-02-01,53.20000076293945,39.71539306640625,33045600
2022-02-02,53.79999923706055,40.163307189941406,24160200
2022-02-03,53.790000915527344,40.15584182739258,21219800
2022-02-04,53.310001373291016,39.797508239746094,16199800
2022-02-07,53.0,39.56608581542969,15438900
2022-02-08,52.81999969482422,39.43170928955078,13911700
2022-02-09,53.5,39.9393424987793,16449300
2022-02-10,53.040000915527344,39.59593963623047,18644400
2022-02-11,53.31999969482422,39.80497741699219,18833100
2022-02-14,53.27000045776367,39.76765441894531,16081700
2022-02-15,53.36000061035156,39.834835052490234,12824100
2022-02-16,53.400001525878906,39.86469650268555,17277700
2022-02-17,53.58000183105469,39.99907302856445,17462500
2022-02-18,53.83000183105469,40.18570327758789,20298500
2022-02-22,53.900001525878906,40.23796081542969,19858400
2022-02-23,53.40999984741211,39.872154235839844,17841900
2022-02-24,52.59000015258789,39.260009765625,30079700
2022-02-25,54.119998931884766,40.402191162109375,31444200
2022-02-28,53.66999816894531,40.06625747680664,30593900
2022-03-01,53.61000061035156,40.02146911621094,24693100
2022-03-02,54.13999938964844,40.4171257019043,20712900
2022-03-03,54.65999984741211,40.805320739746094,27577700
2022-03-04,55.11000061035156,41.14126205444336,26913800
2022-03-07,54.68000030517578,40.82025146484375,24962800
2022-03-08,53.25,39.752723693847656,36526700
2022-03-09,53.08000183105469,39.62580490112305,23049800
2022-03-10,53.22999954223633,39.737789154052734,17501800
2022-03-11,53.040000915527344,39.59593963623047,20838500
2022-03-14,52.5,39.19281768798828,23124100
2022-03-15,52.7599983215332,39.38692092895508,20477600
2022-03-16,52.4900016784668,39.18535232543945,28500700
2022-03-17,52.36000061035156,39.08829879760742,22931500
2022-03-18,50.79999923706055,37.923709869384766,70390600
2022-03-21,51.099998474121094,38.147666931152344,39892800
2022-03-22,51.0,38.07302474975586,28676600
2022-03-23,50.970001220703125,38.05062484741211,25988800
2022-03-24,51.0,38.07302474975586,21087300
2022-03-25,51.279998779296875,38.28205108642578,18765800
2022-03-28,51.16999816894531,38.19993209838867,21688600
2022-03-29,51.25,38.2596549987793,28193400
2022-03-30,51.61000061035156,38.528411865234375,23821200
2022-03-31,50.939998626708984,38.028228759765625,31027600
2022-04-01,52.119998931884766,38.90913391113281,30550300
2022-04-04,52.459999084472656,39.162960052490234,25793000
2022-04-05,52.779998779296875,39.40184783935547,23150600
2022-04-06,53.20000076293945,39.71539306640625,28661700
2022-04-07,52.66999816894531,39.79850387573242,22790600
2022-04-08,53.529998779296875,40.448341369628906,24852200
2022-04-11,53.900001525878906,40.7279167175293,33614900
2022-04-12,53.66999816894531,40.55412673950195,21136400
2022-04-13,54.13999938964844,40.909263610839844,19798000
2022-04-14,53.83000183105469,40.67502212524414,16915100
2022-04-18,53.38999938964844,40.342559814453125,14394300
2022-04-19,53.75,40.61457443237305,12890000
2022-04-20,54.40999984741211,41.11328125,19563400
2022-04-21,55.0099983215332,41.56665802001953,32821100
2022-04-22,51.90999984741211,39.224239349365234,44958400
2022-04-25,50.279998779296875,37.99258041381836,46028400
2022-04-26,49.40999984741211,37.335182189941406,29507700
2022-04-27,48.459999084472656,36.61735153198242,30582000
2022-04-28,48.400001525878906,36.5720100402832,33011700
2022-04-29,46.29999923706055,34.98521041870117,41014200
2022-05-02,46.22999954223633,34.93231201171875,33309400
2022-05-03,47.16999816894531,35.64259719848633,33263100
2022-05-04,48.369998931884766,36.54934310913086,29564600
2022-05-05,47.84000015258789,36.148860931396484,20664300
2022-05-06,48.27000045776367,36.47378158569336,19322000
2022-05-09,48.619998931884766,36.738243103027344,24391300
2022-05-10,48.130001068115234,36.36799240112305,23007300
2022-05-11,47.880001068115234,36.1790885925293,20133200
2022-05-12,48.060001373291016,36.315093994140625,21623900
2022-05-13,48.18000030517578,36.40576934814453,21080500
2022-05-16,49.040000915527344,37.05561065673828,22754700
2022-05-17,48.939998626708984,36.980037689208984,22043100
2022-05-18,48.88999938964844,36.942264556884766,22365100
2022-05-19,49.099998474121094,37.10094451904297,23186400
2022-05-20,49.529998779296875,37.42586135864258,24181800
2022-05-23,49.66999816894531,37.531646728515625,16761800
2022-05-24,50.68000030517578,38.294830322265625,25414700
2022-05-25,51.2400016784668,38.71796798706055,19831500
2022-05-26,50.9900016784668,38.52907180786133,15500400
2022-05-27,51.400001525878906,38.838871002197266,13347300
2022-05-31,51.290000915527344,38.75575637817383,25016600
2022-06-01,51.400001525878906,38.838871002197266,15358100
2022-06-02,51.290000915527344,38.75575637817383,13527800
2022-06-03,50.810001373291016,38.39305114746094,10819800
2022-06-06,51.2400016784668,38.71796798706055,12898100
2022-06-07,51.650001525878906,39.027774810791016,15383000
2022-06-08,51.54999923706055,38.95221710205078,13249700
2022-06-09,50.939998626708984,38.49128341674805,12078400
2022-06-10,50.81999969482422,38.40060806274414,19868500
2022-06-13,49.59000015258789,37.471195220947266,23762500
2022-06-14,49.15999984741211,37.146278381347656,20278700
2022-06-15,49.150001525878906,37.138736724853516,22005600
2022-06-16,48.84000015258789,36.904476165771484,22029300
2022-06-17,49.029998779296875,37.04804611206055,36469500
2022-06-21,50.650001525878906,38.272159576416016,34258500
2022-06-22,50.790000915527344,38.37794876098633,23650600
2022-06-23,52.09000015258789,39.36024475097656,21736400
2022-06-24,50.959999084472656,38.50640106201172,28490700
2022-06-27,50.959999084472656,38.50640106201172,16974900
2022-06-28,50.459999084472656,38.12858581542969,16615700
2022-06-29,50.939998626708984,38.49128341674805,13901400
2022-06-30,50.75,38.34772491455078,18880500
2022-07-01,51.63999938964844,39.02021789550781,14189300
2022-07-05,51.41999816894531,38.85397720336914,19675600
2022-07-06,51.5099983215332,38.92198181152344,14938900
2022-07-07,50.709999084472656,38.79956817626953,13617100
2022-07-08,50.4900016784668,38.6312370300293,13959200
2022-07-11,50.5,38.638885498046875,12259000
2022-07-12,50.779998779296875,38.853126525878906,20528700
2022-07-13,50.5099983215332,38.64653778076172,13362500
2022-07-14,50.4900016784668,38.6312370300293,10271700
2022-07-15,51.02000045776367,39.03675842285156,13021300
2022-07-18,50.279998779296875,38.470558166503906,16173100
2022-07-19,50.45000076293945,38.60063934326172,14638500
2022-07-20,49.06999969482422,37.54475784301758,29611400
2022-07-21,47.65999984741211,36.46592712402344,32321000
2022-07-22,44.45000076293945,34.00986862182617,58265000
2022-07-25,44.7599983215332,34.2470703125,27180700
2022-07-26,44.91999816894531,34.36949157714844,20571800
2022-07-27,44.90999984741211,34.361839294433594,21560500
2022-07-28,45.54999923706055,34.85151672363281,22051900
2022-07-29,46.189998626708984,35.34119415283203,23129800
2022-08-01,46.2599983215332,35.39475631713867,18612100
2022-08-02,45.34000015258789,34.69083786010742,18710300
2022-08-03,45.33000183105469,34.68318557739258,17314100
2022-08-04,44.43000030517578,33.99457550048828,29704300
2022-08-05,44.95000076293945,34.39243698120117,17297500
2022-08-08,44.540000915527344,34.078739166259766,20597000
2022-08-09,44.68000030517578,34.18585205078125,14554000
2022-08-10,44.84000015258789,34.30827713012695,16402700
2022-08-11,44.779998779296875,34.26237106323242,15407300
2022-08-12,45.150001525878906,34.54546356201172,15090900
2022-08-15,45.560001373291016,34.859169006347656,15713600
2022-08-16,45.79999923706055,35.04279708862305,14112800
2022-08-17,45.34000015258789,34.69083786010742,11294400
2022-08-18,44.189998626708984,33.81093978881836,25957400
2022-08-19,44.41999816894531,33.98691940307617,19485400
2022-08-22,44.16999816894531,33.7956428527832,15031400
2022-08-23,43.470001220703125,33.260047912597656,19014200
2022-08-24,43.54999923706055,33.321258544921875,17384400
2022-08-25,43.7400016784668,33.466636657714844,14327600
2022-08-26,43.25,33.09171676635742,16795700
2022-08-29,43.33000183105469,33.15293502807617,15039500
2022-08-30,42.529998779296875,32.540836334228516,20705100
2022-08-31,41.810001373291016,31.989944458007812,28368200
2022-09-01,41.810001373291016,31.989944458007812,21641700
2022-09-02,41.29999923706055,31.599721908569336,21155700
2022-09-06,41.099998474121094,31.446697235107422,23898600
2022-09-07,41.08000183105469,31.431398391723633,25548300
2022-09-08,41.31999969482422,31.615032196044922,28753200
2022-09-09,42.2400016784668,32.318946838378906,20259500
2022-09-12,42.7599983215332,32.7168083190918,18553200
2022-09-13,41.75,31.944034576416016,21284500
2022-09-14,41.279998779296875,31.58442497253418,23152200
2022-09-15,41.029998779296875,31.393144607543945,22763400
2022-09-16,41.25,31.56147575378418,45069300
2022-09-19,41.2400016784668,31.55381965637207,18960900
2022-09-20,40.59000015258789,31.05648422241211,15561200
2022-09-21,39.47999954223633,30.20719337463379,25612100
2022-09-22,39.93000030517578,30.551504135131836,19806400
2022-09-23,39.52000045776367,30.237804412841797,19439700
2022-09-26,38.93000030517578,29.786380767822266,21345700
2022-09-27,38.88999938964844,29.755765914916992,20357700
2022-09-28,39.38999938964844,30.13832664489746,20567400
2022-09-29,38.63999938964844,29.564491271972656,17806900
2022-09-30,37.970001220703125,29.051856994628906,23523600
2022-10-03,39.15999984741211,29.962352752685547,21495300
2022-10-04,39.810001373291016,30.459684371948242,25922500
2022-10-05,39.400001525878906,30.14598846435547,17797900
2022-10-06,37.84000015258789,29.44031524658203,36663300
2022-10-07,36.849998474121094,28.67008399963379,31838700
2022-10-10,36.619998931884766,28.491134643554688,21622200
2022-10-11,35.939998626708984,27.962081909179688,27708900
2022-10-12,35.68000030517578,27.75979995727539,23336800
2022-10-13,36.400001525878906,28.319974899291992,33118100
2022-10-14,36.380001068115234,28.30441665649414,26019000
2022-10-17,37.18000030517578,28.92682456970215,21962900
2022-10-18,37.06999969482422,28.84124755859375,27488600
2022-10-19,36.56999969482422,28.452239990234375,29563600
2022-10-20,37.0,28.78678321838379,35523700
2022-10-21,35.349998474121094,27.503049850463867,51671100
2022-10-24,35.970001220703125,27.98542594909668,28844800
2022-10-25,36.43000030517578,28.343313217163086,25496500
2022-10-26,36.43000030517578,28.343313217163086,20328200
2022-10-27,36.18000030517578,28.148807525634766,20268000
2022-10-28,37.66999816894531,29.30805778503418,31824300
2022-10-31,37.369998931884766,29.07465171813965,26630600
2022-11-01,37.369998931884766,29.07465171813965,22968900
2022-11-02,37.709999084472656,29.339174270629883,30648900
2022-11-03,37.150001525878906,28.903491973876953,22329800
2022-11-04,37.2400016784668,28.973508834838867,17599400
2022-11-07,37.189998626708984,28.934608459472656,19697600
2022-11-08,37.869998931884766,29.463665008544922,17392700
2022-11-09,37.619998931884766,29.269155502319336,17574600
2022-11-10,38.52000045776367,29.96937370300293,23049000
2022-11-11,38.29999923706055,29.798206329345703,22981000
2022-11-14,38.310001373291016,29.805988311767578,23028500
2022-11-15,37.70000076293945,29.33139419555664,25074100
2022-11-16,37.880001068115234,29.47144317626953,18962200
2022-11-17,38.15999984741211,29.689281463623047,18780400
2022-11-18,38.54999923706055,29.992712020874023,17821700
2022-11-21,38.619998931884766,30.047176361083984,19184200
2022-11-22,39.20000076293945,30.498430252075195,19809500
2022-11-23,38.91999816894531,30.28058433532715,14170000
2022-11-25,39.02000045776367,30.358381271362305,7725700
2022-11-28,38.2400016784668,29.751529693603516,21560900
2022-11-29,38.34000015258789,29.829330444335938,14008800
2022-11-30,38.97999954223633,30.327259063720703,31358800
2022-12-01,38.33000183105469,29.821552276611328,26276600
2022-12-02,38.18000030517578,29.704845428466797,21677100
2022-12-05,37.06999969482422,28.84124755859375,27561000
2022-12-06,36.88999938964844,28.701204299926758,26293700
2022-12-07,37.16999816894531,28.919044494628906,23065900
2022-12-08,37.099998474121094,28.864585876464844,19549100
2022-12-09,37.400001525878906,29.09798812866211,20671200
2022-12-12,37.95000076293945,29.525901794433594,19629600
2022-12-13,37.86000061035156,29.45587921142578,30176800
2022-12-14,37.45000076293945,29.13689422607422,23329800
2022-12-15,37.77000045776367,29.3858585357666,33007200
2022-12-16,37.119998931884766,28.880149841308594,62763800
2022-12-19,37.029998779296875,28.810121536254883,26127200
2022-12-20,36.9900016784668,28.779008865356445,24147300
2022-12-21,37.779998779296875,29.39363670349121,24504300
2022-12-22,38.310001373291016,29.805988311767578,26865300
2022-12-23,38.40999984741211,29.883790969848633,16918300
2022-12-27,39.25,30.537330627441406,25315900
2022-12-28,38.810001373291016,30.19499969482422,21793200
2022-12-29,39.2599983215332,30.54511070251465,17347000
2022-12-30,39.400001525878906,30.654035568237305,44007200
2023-01-03,40.119998931884766,31.214200973510742,31330700
2023-01-04,41.130001068115234,32.00000762939453,28779500
2023-01-05,41.70000076293945,32.4434814453125,29987200
2023-01-06,42.189998626708984,32.82470703125,26010400
2023-01-09,41.369998931884766,32.69273376464844,23062200
2023-01-10,41.95000076293945,33.151084899902344,16695300
2023-01-11,41.18000030517578,32.5425910949707,20674800
2023-01-12,41.810001373291016,33.04045104980469,16980300
2023-01-13,41.86000061035156,33.07997131347656,17229800
2023-01-17,40.849998474121094,32.281803131103516,28697000
2023-01-18,39.970001220703125,31.586389541625977,22976500
2023-01-19,40.060001373291016,31.657506942749023,24812600
2023-01-20,40.0,31.61009407043457,23377900
2023-01-23,39.630001068115234,31.31770133972168,34249300
2023-01-24,40.41999816894531,31.94200325012207,32143900
2023-01-25,40.33000183105469,31.870878219604492,26527000
2023-01-26,40.27000045776367,31.823469161987305,19568100
2023-01-27,40.63999938964844,32.1158561706543,17254000
2023-01-30,41.04999923706055,32.43986511230469,22272600
2023-01-31,41.56999969482422,32.850791931152344,18665200
2023-02-01,41.689998626708984,32.94561767578125,19542000
2023-02-02,41.83000183105469,33.05625915527344,18443800
2023-02-03,41.5099983215332,32.803375244140625,18314400
2023-02-06,41.279998779296875,32.62161636352539,15530700
2023-02-07,40.54999923706055,32.04473114013672,21668500
2023-02-08,40.52000045776367,32.021026611328125,14080200
2023-02-09,39.810001373291016,31.459945678710938,17485700
2023-02-10,40.0099983215332,31.61799430847168,15398500
2023-02-13,40.31999969482422,31.862974166870117,14486000
2023-02-14,40.33000183105469,31.870878219604492,12292400
2023-02-15,40.380001068115234,31.91038703918457,11265200
2023-02-16,39.84000015258789,31.483661651611328,16625900
2023-02-17,40.220001220703125,31.783954620361328,15029200
2023-02-21,39.20000076293945,30.97789192199707,17805500
2023-02-22,39.279998779296875,31.041112899780273,15086800
2023-02-23,38.529998779296875,30.448421478271484,16738200
2023-02-24,38.7400016784668,30.6143741607666,16431500
2023-02-27,38.880001068115234,30.725011825561523,14210900
2023-02-28,38.810001373291016,30.669696807861328,16685300
2023-03-01,38.29999923706055,30.266664505004883,18411700
2023-03-02,38.40999984741211,30.353588104248047,18818900
2023-03-03,38.2599983215332,30.235057830810547,23407500
2023-03-06,38.150001525878906,30.14812660217285,22925600
2023-03-07,37.90999984741211,29.958467483520508,23713500
2023-03-08,37.529998779296875,29.65816879272461,20295600
2023-03-09,36.54999923706055,28.883726119995117,26506900
2023-03-10,36.68000030517578,28.986459732055664,23940700
2023-03-13,36.540000915527344,28.875822067260742,21834500
2023-03-14,36.880001068115234,29.144502639770508,22433200
2023-03-15,37.060001373291016,29.286758422851562,21722200
2023-03-16,36.58000183105469,28.907432556152344,29164400
2023-03-17,36.790000915527344,29.073383331298828,47352500
2023-03-20,37.43000030517578,29.579147338867188,19247800
2023-03-21,37.7400016784668,29.824127197265625,16648100
2023-03-22,37.310001373291016,29.48432159423828,15321800
2023-03-23,37.369998931884766,29.5317325592041,15799000
2023-03-24,37.65999984741211,29.76089859008789,14957700
2023-03-27,38.04999923706055,30.06910514831543,14472800
2023-03-28,38.0,30.02959442138672,13092600
2023-03-29,38.47999954223633,30.408910751342773,12308900
2023-03-30,38.65999984741211,30.551156997680664,13918700
2023-03-31,38.88999938964844,30.732912063598633,22801500
2023-04-03,39.220001220703125,30.993696212768555,19354900
2023-04-04,39.650001525878906,31.333513259887695,18577100
2023-04-05,40.11000061035156,31.697023391723633,23561300
2023-04-06,39.47999954223633,31.715503692626953,21546600
2023-04-10,39.349998474121094,31.61106300354004,16114300
2023-04-11,39.45000076293945,31.691394805908203,12539700
2023-04-12,39.20000076293945,31.490575790405273,13095200
2023-04-13,39.31999969482422,31.58696746826172,13515800
2023-04-14,39.220001220703125,31.50663185119629,11008400
2023-04-17,39.459999084472656,31.69943618774414,11572900
2023-04-18,38.939998626708984,31.281700134277344,16588500
2023-04-19,38.599998474121094,31.00856590270996,17701200
2023-04-20,37.189998626708984,29.875871658325195,31521300
2023-04-21,37.31999969482422,29.980302810668945,23823800
2023-04-24,37.099998474121094,29.803573608398438,20362500
2023-04-25,37.29999923706055,29.964237213134766,24959400
2023-04-26,36.91999816894531,29.658967971801758,21499300
2023-04-27,38.790000915527344,31.16119956970215,28841000
2023-04-28,38.83000183105469,31.193336486816406,19197500
2023-05-01,38.709999084472656,31.096935272216797,17043500
2023-05-02,37.66999816894531,30.261472702026367,17268700
2023-05-03,37.97999954223633,30.510499954223633,16703200
2023-05-04,37.349998474121094,30.00440216064453,16163100
2023-05-05,37.83000183105469,30.390005111694336,15817400
2023-05-08,37.83000183105469,30.390005111694336,10672400
2023-05-09,37.56999969482422,30.181135177612305,12226800
2023-05-10,37.630001068115234,30.22933578491211,14427500
2023-05-11,37.599998474121094,30.205238342285156,11068700
2023-05-12,37.59000015258789,30.19719886779785,10670700
2023-05-15,36.77000045776367,29.538471221923828,20408700
2023-05-16,36.04999923706055,28.9600772857666,20244700
2023-05-17,36.18000030517578,29.064510345458984,16741100
2023-05-18,36.130001068115234,29.02434539794922,20365900
2023-05-19,36.04999923706055,28.9600772857666,16829200
2023-05-22,35.959999084472656,28.887773513793945,16634300
2023-05-23,36.2400016784668,29.112709045410156,21539700
2023-05-24,35.869998931884766,28.815475463867188,16044200
2023-05-25,34.81999969482422,27.971975326538086,32465900
2023-05-26,35.0,28.116579055786133,18216700
2023-05-30,34.900001525878906,28.036245346069336,19353300
2023-05-31,35.630001068115234,28.622676849365234,53756700
2023-06-01,35.720001220703125,28.694976806640625,20565300
2023-06-02,34.58000183105469,27.77918243408203,61527900
2023-06-05,34.459999084472656,27.682775497436523,30125600
2023-06-06,34.70000076293945,27.875581741333008,18406700
2023-06-07,35.2599983215332,28.325441360473633,25494100
2023-06-08,35.43000030517578,28.462011337280273,17749700
2023-06-09,35.470001220703125,28.4941463470459,14953900
2023-06-12,35.61000061035156,28.606609344482422,14044500
2023-06-13,35.47999954223633,28.50217628479004,17706700
2023-06-14,35.72999954223633,28.70301055908203,16538700
2023-06-15,36.439998626708984,29.273372650146484,18890900
2023-06-16,36.459999084472656,29.289440155029297,36102100
2023-06-20,35.810001373291016,28.76727867126465,17687900
2023-06-21,35.83000183105469,28.783342361450195,17121200
2023-06-22,35.849998474121094,28.79940414428711,12431200
2023-06-23,35.5099983215332,28.526277542114258,18991500
2023-06-26,36.11000061035156,29.008275985717773,15840000
2023-06-27,36.54999923706055,29.361740112304688,17757800
2023-06-28,36.81999969482422,29.578643798828125,16756400
2023-06-29,36.9900016784668,29.715211868286133,16740800
2023-06-30,37.189998626708984,29.875871658325195,19098300
2023-07-03,37.279998779296875,29.94816780090332,10367100
2023-07-05,37.47999954223633,30.108840942382812,19868300
2023-07-06,37.130001068115234,29.827674865722656,21558200
2023-07-07,35.900001525878906,29.35585594177246,20482700
2023-07-10,35.13999938964844,28.734394073486328,30326400
2023-07-11,34.9900016784668,28.611736297607422,28340300
2023-07-12,34.86000061035156,28.50543212890625,27299600
2023-07-13,34.63999938964844,28.325531005859375,25641900
2023-07-14,34.0099983215332,27.810375213623047,31576000
2023-07-17,31.459999084472656,25.72521209716797,97510600
2023-07-18,32.27000045776367,26.387557983398438,79722200
2023-07-19,33.970001220703125,27.77766990661621,61881000
2023-07-20,33.63999938964844,27.50782012939453,32839900
2023-07-21,33.880001068115234,27.70407485961914,25179400
2023-07-24,33.97999954223633,27.785846710205078,30784200
2023-07-25,34.2400016784668,27.99844741821289,35719500
2023-07-26,34.34000015258789,28.080223083496094,27916000
2023-07-27,33.54999923706055,27.434228897094727,28097500
2023-07-28,34.029998779296875,27.82672882080078,30642100
2023-07-31,34.08000183105469,27.867618560791016,24500400
2023-08-01,33.43000030517578,27.336105346679688,27289500
2023-08-02,33.31999969482422,27.246158599853516,20481600
2023-08-03,33.060001373291016,27.033552169799805,20465700
2023-08-04,32.619998931884766,26.67375946044922,24584000
2023-08-07,32.529998779296875,26.600162506103516,24314000
2023-08-08,32.56999969482422,26.632869720458984,22178900
2023-08-09,32.709999084472656,26.747352600097656,20798500
2023-08-10,33.02000045776367,27.00084114074707,19031600
2023-08-11,33.36000061035156,27.278865814208984,15271400
2023-08-14,33.560001373291016,27.44240951538086,17934000
2023-08-15,33.2599983215332,27.19708824157715,15528600
2023-08-16,33.27000045776367,27.20526695251465,17395100
2023-08-17,33.060001373291016,27.033552169799805,19128000
2023-08-18,33.18000030517578,27.131677627563477,21722700
2023-08-21,33.0,26.984487533569336,27074400
2023-08-22,33.20000076293945,27.148029327392578,21722000
2023-08-23,33.189998626708984,27.139850616455078,15766400
2023-08-24,33.380001068115234,27.29522132873535,18561400
2023-08-25,33.349998474121094,27.270687103271484,14912100
2023-08-28,33.54999923706055,27.434228897094727,16050400
2023-08-29,34.689998626708984,28.366424560546875,28782800
2023-08-30,34.63999938964844,28.325531005859375,15021400
2023-08-31,34.97999954223633,28.603557586669922,24333200
2023-09-01,34.86000061035156,28.50543212890625,14748700
2023-09-05,34.29999923706055,28.047515869140625,17486000
2023-09-06,34.18000030517578,27.94938850402832,19187100
2023-09-07,33.810001373291016,27.646835327148438,26605800
2023-09-08,33.45000076293945,27.352458953857422,24872400
2023-09-11,33.939998626708984,27.753135681152344,18883900
2023-09-12,34.040000915527344,27.834909439086914,15784400
2023-09-13,33.86000061035156,27.68771743774414,21027900
2023-09-14,34.040000915527344,27.834909439086914,26570100
2023-09-15,33.790000915527344,27.63047981262207,38205200
2023-09-18,33.529998779296875,27.417871475219727,16233700
2023-09-19,33.400001525878906,27.31157112121582,23379300
2023-09-20,33.599998474121094,27.47511863708496,23742000
2023-09-21,33.290000915527344,27.221628189086914,17993800
2023-09-22,33.279998779296875,27.213443756103516,22740000
2023-09-25,33.15999984741211,27.115324020385742,17616900
2023-09-26,32.9900016784668,26.9763126373291,18841600
2023-09-27,32.400001525878906,26.49386215209961,22083500
2023-09-28,32.54999923706055,26.616518020629883,18772100
2023-09-29,32.40999984741211,26.50203514099121,19787600
2023-10-02,31.760000228881836,25.970523834228516,24722600
2023-10-03,31.979999542236328,26.150421142578125,21389400
2023-10-04,31.540000915527344,25.790630340576172,23694100
2023-10-05,31.81999969482422,26.019588470458984,22774400
2023-10-06,30.850000381469727,25.764862060546875,31291800
2023-10-09,31.450000762939453,26.265966415405273,20344300
2023-10-10,31.760000228881836,26.52486228942871,19151900
2023-10-11,31.459999084472656,26.274314880371094,15694200
2023-10-12,30.90999984741211,25.814973831176758,21718300
2023-10-13,30.670000076293945,25.614534378051758,24528400
2023-10-16,31.25,26.09893035888672,21087900
2023-10-17,31.510000228881836,26.316072463989258,21186000
2023-10-18,31.049999237060547,25.93189239501953,22024300
2023-10-19,31.579999923706055,26.37453269958496,28806600
2023-10-20,31.56999969482422,26.366180419921875,27271200
2023-10-23,31.389999389648438,26.215848922729492,31725800
2023-10-24,34.29999923706055,28.64618682861328,61617900
2023-10-25,33.689998626708984,28.136735916137695,30832800
2023-10-26,34.470001220703125,28.788169860839844,34367000
2023-10-27,33.439998626708984,27.927936553955078,23924800
2023-10-30,34.619998931884766,28.913434982299805,31497700
2023-10-31,35.130001068115234,29.339370727539062,28903400
2023-11-01,35.400001525878906,29.564868927001953,26071200
2023-11-02,35.900001525878906,29.982454299926758,24946000
2023-11-03,36.02000045776367,30.082674026489258,23323200
2023-11-06,35.63999938964844,29.765300750732422,15544000
2023-11-07,35.939998626708984,30.015857696533203,17654600
2023-11-08,35.77000045776367,29.873878479003906,16971500
2023-11-09,35.619998931884766,29.74860191345215,15685800
2023-11-10,35.709999084472656,29.82377052307129,12791200
2023-11-13,35.81999969482422,29.915632247924805,17236700
2023-11-14,35.880001068115234,29.965747833251953,17667100
2023-11-15,36.0,30.065963745117188,22855500
2023-11-16,36.18000030517578,30.21629524230957,19110800
2023-11-17,36.22999954223633,30.258052825927734,19355200
2023-11-20,36.72999954223633,30.675636291503906,18656400
2023-11-21,37.25,31.109928131103516,22946400
2023-11-22,37.349998474121094,31.193439483642578,14613100
2023-11-24,37.40999984741211,31.243555068969727,6766700
2023-11-27,37.349998474121094,31.193439483642578,15245300
2023-11-28,37.470001220703125,31.293664932250977,14521700
2023-11-29,37.7599983215332,31.53585433959961,16387400
2023-11-30,38.33000183105469,32.011905670166016,36623500
2023-12-01,38.58000183105469,32.22068786621094,20762500
2023-12-04,38.040000915527344,31.76970672607422,22109200
2023-12-05,38.41999816894531,32.08706283569336,23003300
2023-12-06,38.5,32.15388107299805,20218500
2023-12-07,38.650001525878906,32.27915573120117,15223200
2023-12-08,38.25,31.94509506225586,21850400
2023-12-11,37.66999816894531,31.460693359375,21914500
2023-12-12,37.29999923706055,31.15167999267578,17096700
2023-12-13,36.9900016784668,30.892786026000977,32473200
2023-12-14,37.869998931884766,31.627727508544922,28551600
2023-12-15,37.369998931884766,31.210140228271484,51721600
2023-12-18,37.66999816894531,31.460693359375,22057200
2023-12-19,37.56999969482422,31.37717056274414,17642500
2023-12-20,37.29999923706055,31.15167999267578,18134600
2023-12-21,37.43000030517578,31.260251998901367,15421000
2023-12-22,37.4900016784668,31.31036949157715,13171600
2023-12-26,37.47999954223633,31.302011489868164,11856600
2023-12-27,37.310001373291016,31.1600341796875,15267600
2023-12-28,37.4900016784668,31.31036949157715,14931700
2023-12-29,37.70000076293945,31.485750198364258,16222700
2024-01-02,38.880001068115234,32.471248626708984,23810900
2024-01-03,39.15999984741211,32.70508575439453,26263900
2024-01-04,39.369998931884766,32.88047409057617,24214600
2024-01-05,40.20000076293945,33.57366180419922,30276700
2024-01-08,40.099998474121094,33.490142822265625,28483000
2024-01-09,39.040000915527344,33.15469741821289,17880100
2024-01-10,39.08000183105469,33.188663482666016,16354700
2024-01-11,37.900001525878906,32.186553955078125,31289800
2024-01-12,38.560001373291016,32.74705123901367,18774800
2024-01-16,39.290000915527344,33.36701202392578,31039400
2024-01-17,38.869998931884766,33.010318756103516,21377100
2024-01-18,38.939998626708984,33.069766998291016,17112800
2024-01-19,39.33000183105469,33.400978088378906,20561700
2024-01-22,39.58000183105469,33.61328887939453,26039200
2024-01-23,42.22999954223633,35.86379623413086,49713700
2024-01-24,41.279998779296875,35.057010650634766,27910400
2024-01-25,42.290000915527344,35.91474914550781,24613200
2024-01-26,42.400001525878906,36.00817108154297,20367200
2024-01-29,42.04999923706055,35.71092987060547,23905700
2024-01-30,42.470001220703125,36.06761932373047,20044600
2024-01-31,42.349998474121094,35.96570587158203,23392300
2024-02-01,42.4900016784668,36.0846061706543,19586500
2024-02-02,42.130001068115234,35.778873443603516,21548600
2024-02-05,41.380001068115234,35.14193344116211,20466200
2024-02-06,41.099998474121094,34.90414810180664,17517600
2024-02-07,40.41999816894531,34.326656341552734,21815600
2024-02-08,39.90999984741211,33.8935432434082,19523500
2024-02-09,39.720001220703125,33.732181549072266,18479400
2024-02-12,40.099998474121094,34.054893493652344,15060500
2024-02-13,40.130001068115234,34.08038330078125,14483600
2024-02-14,40.150001525878906,34.09735870361328,12443200
2024-02-15,40.59000015258789,34.47102737426758,12081400
2024-02-16,40.4900016784668,34.3861083984375,12645500
2024-02-20,40.5,34.39459991455078,12069500
2024-02-21,41.099998474121094,34.90414810180664,16268200
2024-02-22,40.72999954223633,34.58992004394531,22068900
2024-02-23,40.65999984741211,34.530479431152344,15228600
2024-02-26,39.689998626708984,33.70670700073242,25108400
2024-02-27,39.93000030517578,33.91053009033203,17074100
2024-02-28,40.099998474121094,34.054893493652344,12437000
2024-02-29,40.02000045776367,33.986961364746094,20486500
2024-03-01,40.20000076293945,34.13982009887695,12130900
2024-03-04,40.310001373291016,34.233238220214844,18753900
2024-03-05,40.349998474121094,34.267208099365234,20640100
2024-03-06,39.93000030517578,33.91053009033203,16331100
2024-03-07,39.529998779296875,33.570823669433594,17100600
2024-03-08,39.5099983215332,33.553836822509766,17807900
2024-03-11,40.130001068115234,34.08038330078125,12344600
2024-03-12,40.130001068115234,34.08038330078125,12452700
2024-03-13,40.2599983215332,34.190773010253906,13751800
2024-03-14,39.77000045776367,33.77464294433594,17475400
2024-03-15,39.4900016784668,33.5368537902832,54893900
2024-03-18,39.93000030517578,33.91053009033203,16200800
2024-03-19,39.970001220703125,33.944488525390625,15226900
2024-03-20,40.119998931884766,34.07187271118164,15198800
2024-03-21,40.540000915527344,34.42856979370117,21868300
2024-03-22,40.369998931884766,34.2841911315918,17816400
2024-03-25,40.869998931884766,34.70881652832031,14587200
2024-03-26,40.849998474121094,34.691829681396484,17854100
2024-03-27,41.540000915527344,35.27781677246094,19260100
2024-03-28,41.959999084472656,35.634498596191406,19771400
2024-04-01,42.279998779296875,35.9062614440918,15031600
2024-04-02,42.540000915527344,36.12706756591797,17260800
2024-04-03,42.84000015258789,36.381839752197266,18211800
2024-04-04,42.45000076293945,36.05063247680664,16461400
2024-04-05,42.119998931884766,35.770381927490234,14338700
2024-04-08,41.72999954223633,35.439178466796875,14457800
2024-04-09,40.84000015258789,35.244998931884766,17224100
2024-04-10,40.52000045776367,34.968833923339844,17900400
2024-04-11,40.15999984741211,34.65815353393555,14782200
2024-04-12,39.720001220703125,34.27843475341797,21555000
2024-04-15,40.11000061035156,34.615013122558594,16442800
2024-04-16,39.77000045776367,34.32158279418945,14016800
2024-04-17,39.779998779296875,34.3302116394043,21009200
2024-04-18,40.130001068115234,34.63227462768555,20173700
2024-04-19,40.4900016784668,34.94295120239258,24706500
2024-04-22,38.599998474121094,33.31187057495117,51243200
2024-04-23,39.70000076293945,34.261173248291016,25972800
2024-04-24,39.4900016784668,34.07994842529297,15946600
2024-04-25,39.220001220703125,33.8469352722168,16837700
2024-04-26,39.68000030517578,34.24391174316406,18246200
2024-04-29,40.09000015258789,34.59775161743164,19438600
2024-04-30,39.4900016784668,34.07994842529297,20222200
2024-05-01,39.20000076293945,33.829673767089844,17754000
2024-05-02,38.93000030517578,33.59666442871094,17394900
2024-05-03,38.88999938964844,33.56214141845703,13195600
2024-05-06,39.33000183105469,33.94186782836914,13348800
2024-05-07,39.310001373291016,33.92460250854492,11935200
2024-05-08,39.47999954223633,34.071319580078125,10438000
2024-05-09,39.790000915527344,34.338844299316406,12881000
2024-05-10,40.400001525878906,34.86528015136719,16888500
2024-05-13,40.540000915527344,34.98609161376953,21365700
2024-05-14,40.4900016784668,34.94295120239258,17664400
2024-05-15,40.4900016784668,34.94295120239258,14926000
2024-05-16,40.25,34.7358283996582,12913200
2024-05-17,40.060001373291016,34.57185745239258,14670400
2024-05-20,40.119998931884766,34.623634338378906,8665000
2024-05-21,39.619998931884766,34.192134857177734,18327000
2024-05-22,39.790000915527344,34.338844299316406,12374100
2024-05-23,39.43000030517578,34.02816390991211,14105000
2024-05-24,39.7400016784668,34.29570007324219,10420000
2024-05-28,39.36000061035156,33.96775436401367,15071300
2024-05-29,39.099998474121094,33.74337387084961,17652000
2024-05-30,40.33000183105469,34.804866790771484,19633200
2024-05-31,41.150001525878906,35.51252746582031,38917400
2024-06-03,40.97999954223633,35.36581802368164,20688100
2024-06-04,41.560001373291016,35.866363525390625,16040200
2024-06-05,41.349998474121094,35.68513107299805,11964000
2024-06-06,41.33000183105469,35.66787338256836,10259100
2024-06-07,40.939998626708984,35.331302642822266,10410200
2024-06-10,40.40999984741211,34.87390899658203,15210700
2024-06-11,40.41999816894531,34.882537841796875,12083300
2024-06-12,39.77000045776367,34.32158279418945,15065300
2024-06-13,39.779998779296875,34.3302116394043,12297400
2024-06-14,39.66999816894531,34.235286712646484,10480600
2024-06-17,39.459999084472656,34.054054260253906,22286600
2024-06-18,40.08000183105469,34.589111328125,17125700
2024-06-20,40.2400016784668,34.72719955444336,17704700
2024-06-21,40.2400016784668,34.72719955444336,30375300
2024-06-24,41.16999816894531,35.52978515625,20773800
2024-06-25,41.08000183105469,35.45212173461914,17475700
2024-06-26,41.02000045776367,35.40034103393555,19709900
2024-06-27,40.81999969482422,35.22773742675781,15560800
2024-06-28,41.2400016784668,35.59020233154297,27639200
2024-07-01,41.7400016784668,36.02169418334961,16412100
2024-07-02,41.099998474121094,35.46937942504883,21659400
2024-07-03,41.119998931884766,35.48664093017578,6653900
2024-07-05,41.27000045776367,35.616085052490234,17552200
2024-07-08,41.529998779296875,35.8404655456543,15380400
2024-07-09,41.29999923706055,35.6419792175293,20475200
2024-07-10,41.08000183105469,36.03230667114258,13826800
2024-07-11,41.29999923706055,36.22526931762695,12487800
2024-07-12,41.43000030517578,36.33928680419922,11129100
2024-07-15,40.790000915527344,35.77793502807617,15874900
2024-07-16,41.45000076293945,36.35683822631836,16016900
2024-07-17,42.029998779296875,36.86556625366211,20401700
2024-07-18,42.06999969482422,36.90066146850586,15752800
2024-07-19,41.619998931884766,36.50594711303711,17608000
2024-07-22,39.09000015258789,34.28682327270508,54985800
2024-07-23,38.88999938964844,34.111392974853516,25257700
2024-07-24,39.66999816894531,34.79555130004883,22889000
2024-07-25,39.95000076293945,35.04114532470703,19740300
2024-07-26,40.09000015258789,35.1639518737793,15911500
2024-07-29,40.029998779296875,35.11132049560547,12937200
2024-07-30,40.040000915527344,35.12009811401367,16089200
2024-07-31,40.52000045776367,35.54111099243164,23605400
2024-08-01,40.849998474121094,35.830562591552734,18166800
2024-08-02,40.970001220703125,35.935821533203125,26124900
2024-08-05,39.79999923706055,34.90958023071289,26855000
2024-08-06,40.2599983215332,35.313053131103516,18104200
2024-08-07,40.279998779296875,35.33060073852539,12176300
2024-08-08,40.52000045776367,35.54111099243164,13237100
2024-08-09,40.75,35.74285125732422,11818700
2024-08-12,40.529998779296875,35.54988098144531,11099000
2024-08-13,40.779998779296875,35.7691650390625,15349400
2024-08-14,40.900001525878906,35.87441635131836,10931100
2024-08-15,40.040000915527344,35.12009811401367,17489600
2024-08-16,40.61000061035156,35.62004852294922,13377500
2024-08-19,40.7400016784668,35.73407745361328,9401400
2024-08-20,40.849998474121094,35.830562591552734,8784000
2024-08-21,41.04999923706055,36.00598907470703,13683400
2024-08-22,40.869998931884766,35.848106384277344,13529600
2024-08-23,41.209999084472656,36.146324157714844,11757300
2024-08-26,41.4900016784668,36.39191818237305,10309500
2024-08-27,41.45000076293945,36.35683822631836,9778200
2024-08-28,41.4900016784668,36.39191818237305,12732700
2024-08-29,41.25,36.18141174316406,17338100
2024-08-30,41.779998779296875,36.64628982543945,20009900
2024-09-03,42.93000030517578,37.65498352050781,23319900
2024-09-04,41.47999954223633,36.383148193359375,31272700
2024-09-05,41.310001373291016,36.23404312133789,28199800
2024-09-06,41.150001525878906,36.09369659423828,18100300
2024-09-09,42.72999954223633,37.479557037353516,27850300
2024-09-10,43.650001525878906,38.28650665283203,36980400
2024-09-11,43.79999923706055,38.41808319091797,22395500
2024-09-12,43.86000061035156,38.470703125,18397000
2024-09-13,44.43000030517578,38.97066879272461,20029700
2024-09-16,45.0,39.47063064575195,24714500
2024-09-17,44.08000183105469,38.66367721557617,18769600
2024-09-18,43.880001068115234,38.488250732421875,16897900
2024-09-19,43.939998626708984,38.54087448120117,23097200
2024-09-20,44.33000183105469,38.88296127319336,52671900
2024-09-23,44.2599983215332,38.82155227661133,18083200
2024-09-24,44.65999984741211,39.17240905761719,15154000
2024-09-25,44.54999923706055,39.07592010498047,21990100
2024-09-26,44.619998931884766,39.13732147216797,15779600
2024-09-27,44.88999938964844,39.374149322509766,15659300
2024-09-30,44.90999984741211,39.39168930053711,13509700
2024-10-01,45.209999084472656,39.654823303222656,17536400
2024-10-02,45.04999923706055,39.51448440551758,12040800
2024-10-03,44.52000045776367,39.04961395263672,12258400
2024-10-04,44.18000030517578,38.75138473510742,14531200
2024-10-07,43.84000015258789,38.453163146972656,12885000
2024-10-08,44.0099983215332,38.602272033691406,10855100
2024-10-09,44.11000061035156,38.68999099731445,12614200
2024-10-10,42.95000076293945,38.260616302490234,12352800
2024-10-11,43.0,38.30515670776367,10658700
2024-10-14,43.189998626708984,38.47441101074219,9923500
2024-10-15,43.7400016784668,38.9643669128418,15444500
2024-10-16,43.90999984741211,39.11580276489258,9459000
2024-10-17,43.849998474121094,39.06235122680664,10539500
2024-10-18,43.9900016784668,39.187068939208984,13058400
2024-10-21,43.70000076293945,38.928733825683594,18760000
2024-10-22,41.5,36.968929290771484,42576300
2024-10-23,42.86000061035156,38.18043899536133,27174700
2024-10-24,41.86000061035156,37.28962707519531,23506400
2024-10-25,41.380001068115234,36.862030029296875,19717400
2024-10-28,41.619998931884766,37.075828552246094,13575000
2024-10-29,41.33000183105469,36.81748962402344,15072300
2024-10-30,41.279998779296875,36.77294921875,16372600
2024-10-31,42.130001068115234,37.530147552490234,31077900
2024-11-01,41.36000061035156,36.84421920776367,16682400
2024-11-04,41.060001373291016,36.576969146728516,14760900
2024-11-05,41.2599983215332,36.755130767822266,12322800
2024-11-06,41.15999984741211,36.66605758666992,21957100
2024-11-07,40.56999969482422,36.140472412109375,24225500
2024-11-08,40.47999954223633,36.06029510498047,21305900
2024-11-11,40.439998626708984,36.024662017822266,17116400
2024-11-12,40.400001525878906,35.98902893066406,16984600
2024-11-13,41.13999938964844,36.648231506347656,19953500
2024-11-14,40.869998931884766,36.40771484375,13636600
2024-11-15,41.650001525878906,37.10255432128906,21482500
2024-11-18,42.25,37.63704299926758,17405400
2024-11-19,41.93000030517578,37.35198211669922,10520600
2024-11-20,42.220001220703125,37.61031723022461,14706500
2024-11-21,42.5,37.859745025634766,12534100
2024-11-22,43.150001525878906,38.438785552978516,17017400
2024-11-25,43.97999954223633,39.178157806396484,28365900
2024-11-26,44.369998931884766,39.52557373046875,17247000
2024-11-27,44.380001068115234,39.534488677978516,12372400
2024-11-29,44.34000015258789,39.49885559082031,9023100
2024-12-02,43.849998474121094,39.06235122680664,12783900
2024-12-03,43.83000183105469,39.04454040527344,15415900
2024-12-04,42.52000045776367,37.8775634765625,21431600
2024-12-05,42.54999923706055,37.90428924560547,16176900
2024-12-06,42.369998931884766,37.74394226074219,15685900
2024-12-09,42.36000061035156,37.73503112792969,15570300
2024-12-10,42.29999923706055,37.681583404541016,16337200
2024-12-11,41.9900016784668,37.405433654785156,13986100
2024-12-12,42.08000183105469,37.4856071472168,11232300
2024-12-13,42.279998779296875,37.663761138916016,13360400
2024-12-16,40.880001068115234,36.416629791259766,30228300
2024-12-17,40.779998779296875,36.327545166015625,15374000
2024-12-18,40.2400016784668,35.84649658203125,19199600
2024-12-19,39.970001220703125,35.605979919433594,17859100
2024-12-20,39.93000030517578,35.57034683227539,47590900
2024-12-23,39.939998626708984,35.57925796508789,21292300
2024-12-24,39.79999923706055,35.45454025268555,11712200
2024-12-26,39.959999084472656,35.59707260131836,12946400
2024-12-27,39.91999816894531,35.561431884765625,15168100
2024-12-30,39.599998474121094,35.27637481689453,15672000
2024-12-31,39.9900016784668,35.623802185058594,13549900
2025-01-02,40.209999084472656,35.81977462768555,22470200
2025-01-03,40.2599983215332,35.864315032958984,15229900
2025-01-06,39.61000061035156,35.285282135009766,27115000
2025-01-07,38.91999816894531,34.67061996459961,31517100
2025-01-08,38.939998626708984,34.688438415527344,22901600
2025-01-10,37.810001373291016,34.27865219116211,27338400
2025-01-13,38.119998931884766,34.55970001220703,19734000
2025-01-14,38.279998779296875,34.70475769042969,15740100
2025-01-15,38.18000030517578,34.614097595214844,27817100
2025-01-16,38.34000015258789,34.7591552734375,24678300
2025-01-17,38.779998779296875,35.158058166503906,24082100
2025-01-21,39.02000045776367,35.375648498535156,25717600
2025-01-22,38.95000076293945,35.31218338012695,31488900
2025-01-23,39.18000030517578,35.52069854736328,25153500
2025-01-24,39.540000915527344,35.84708023071289,37123900
2025-01-27,40.63999938964844,36.84433364868164,35520300
2025-01-28,40.400001525878906,36.62675476074219,21031900
2025-01-29,40.279998779296875,36.51796340942383,24238100
2025-01-30,39.470001220703125,35.78361129760742,27913500
2025-01-31,39.38999938964844,35.71108627319336,45178700
2025-02-03,39.97999954223633,36.2459831237793,27967100
2025-02-04,39.810001373291016,36.09185791015625,19190200
2025-02-05,40.130001068115234,36.3819694519043,16830500
2025-02-06,39.939998626708984,36.209712982177734,15370600
2025-02-07,39.880001068115234,36.15531921386719,15754800
2025-02-10,39.95000076293945,36.21878433227539,16737500
2025-02-11,40.4900016784668,36.70835494995117,15182700
2025-02-12,40.529998779296875,36.74460983276367,14440300
2025-02-13,41.040000915527344,37.20698165893555,17056700
2025-02-14,40.9900016784668,37.161651611328125,12438200
2025-02-18,41.20000076293945,37.35203552246094,16357700
2025-02-19,42.0099983215332,38.08638381958008,21039600
2025-02-20,42.4900016784668,38.52155685424805,19771700
2025-02-21,42.7599983215332,38.766334533691406,25465100
2025-02-24,43.31999969482422,39.27403259277344,27560600
2025-02-25,43.709999084472656,39.62760925292969,24356900
2025-02-26,43.18000030517578,39.14711380004883,18651400
2025-02-27,43.27000045776367,39.22870635986328,19212300
2025-02-28,43.099998474121094,39.074581146240234,25197500
2025-03-03,43.869998931884766,39.772666931152344,22334000
2025-03-04,42.869998931884766,38.86606979370117,32627500
2025-03-05,42.84000015258789,38.83885955810547,18038400
2025-03-06,44.22999954223633,40.09904479980469,22845900
2025-03-07,46.060001373291016,41.75813293457031,44992100
2025-03-10,46.4900016784668,42.14796829223633,39837000
2025-03-11,43.43000030517578,39.37376022338867,64142300
2025-03-12,42.59000015258789,38.612213134765625,49650800
2025-03-13,43.709999084472656,39.62760925292969,30708600
2025-03-14,43.56999969482422,39.50068664550781,17432100
2025-03-17,43.650001525878906,39.573211669921875,15560900
2025-03-18,44.22999954223633,40.09904479980469,16254400
2025-03-19,43.939998626708984,39.83613204956055,14373300
2025-03-20,43.75,39.66387176513672,18109300
2025-03-21,43.9900016784668,39.8814582824707,68445500
2025-03-24,43.560001373291016,39.49162292480469,18050000
2025-03-25,43.4900016784668,39.42816162109375,21483200
2025-03-26,44.18000030517578,40.0537109375,21684400
2025-03-27,44.959999084472656,40.760860443115234,21905200
2025-03-28,44.93000030517578,40.733665466308594,19530600
2025-03-31,45.36000061035156,41.12350845336914,27786900
2025-04-01,45.380001068115234,41.141639709472656,15710800
2025-04-02,44.7400016784668,40.5614128112793,21924100
2025-04-03,45.619998931884766,41.359222412109375,30474800
2025-04-04,43.029998779296875,39.01111602783203,42663400
2025-04-07,42.58000183105469,38.603145599365234,38812000
2025-04-08,42.16999816894531,38.231441497802734,29790200
2025-04-09,42.88999938964844,38.884193420410156,49426000
2025-04-10,42.91999816894531,39.536380767822266,36501700
2025-04-11,43.72999954223633,40.28252410888672,30144300
2025-04-14,44.29999923706055,40.80758285522461,24323000
2025-04-15,44.47999954223633,40.973392486572266,21795300
2025-04-16,43.61000061035156,40.17198181152344,17271600
2025-04-17,44.040000915527344,40.568084716796875,16504800
2025-04-21,42.93000030517578,39.54559326171875,23802500
2025-04-22,43.189998626708984,39.78509521484375,37633800
2025-04-23,42.70000076293945,39.33372497558594,29402100
2025-04-24,42.810001373291016,39.43505096435547,16597300
2025-04-25,41.90999984741211,38.60600662231445,23361900
2025-04-28,42.38999938964844,39.048160552978516,16188500
2025-04-29,42.95000076293945,39.56401824951172,14712800
2025-04-30,44.060001373291016,40.58650588989258,29563000
2025-05-01,43.29999923706055,39.88642501831055,18921900
2025-05-02,43.7400016784668,40.2917366027832,15366500
2025-05-05,43.540000915527344,40.10750198364258,9210000
2025-05-06,44.150001525878906,40.66941833496094,12131500
2025-05-07,43.88999938964844,40.429908752441406,12826600
2025-05-08,43.61000061035156,40.17198181152344,14967400
2025-05-09,43.61000061035156,40.17198181152344,10878400
2025-05-12,43.0,39.61007308959961,20160000
2025-05-13,42.650001525878906,39.28766632080078,20069600
2025-05-14,42.349998474121094,39.01131057739258,20447500
2025-05-15,43.47999954223633,40.05223083496094,14608000
2025-05-16,43.9900016784668,40.52202224731445,13407700
2025-05-19,44.310001373291016,40.81679916381836,14778600
2025-05-20,44.220001220703125,40.73389434814453,12189900
2025-05-21,43.75,40.30094528198242,16038600
2025-05-22,43.130001068115234,39.729827880859375,14947700
2025-05-23,43.31999969482422,39.904842376708984,12393400
2025-05-27,43.5,40.070655822753906,12873700
2025-05-28,43.130001068115234,39.729827880859375,12783000
2025-05-29,43.33000183105469,39.914058685302734,9960400
2025-05-30,43.959999084472656,40.494388580322266,26569500
2025-06-02,44.099998474121094,40.623355865478516,11873300
2025-06-03,43.83000183105469,40.37464141845703,13140900
2025-06-04,43.2400016784668,39.831153869628906,14360100
2025-06-05,43.29999923706055,39.88642501831055,12095900
2025-06-06,43.79999923706055,40.34700393676758,10135200
2025-06-09,43.650001525878906,40.20882797241211,13399400
2025-06-10,44.130001068115234,40.6509895324707,13724100
2025-06-11,43.7400016784668,40.2917366027832,14602100
2025-06-12,43.15999984741211,39.7574577331543,22370500
2025-06-13,43.0099983215332,39.61928176879883,13544100
2025-06-16,42.5,39.14949035644531,20449300
2025-06-17,41.849998474121094,38.55073165893555,23028200
2025-06-18,41.66999816894531,38.38492202758789,18654200
2025-06-20,41.70000076293945,38.41256332397461,37068100
2025-06-23,42.36000061035156,39.02052688598633,16014400
2025-06-24,42.630001068115234,39.26924133300781,16716300
2025-06-25,42.119998931884766,38.79944610595703,15599700
2025-06-26,42.099998474121094,38.781028747558594,15870000
2025-06-27,42.310001373291016,38.97447204589844,21439600
2025-06-30,43.27000045776367,39.858787536621094,22796000
2025-07-01,43.68000030517578,40.23646545410156,19233200
2025-07-02,43.59000015258789,40.153560638427734,18313900
2025-07-03,43.54999923706055,40.1167106628418,10301300
2025-07-07,42.79999923706055,39.425838470458984,22039300
2025-07-08,43.060001373291016,39.66534423828125,16736200
2025-07-09,42.61000061035156,39.250816345214844,23519800
2025-07-10,42.029998779296875,39.34254837036133,19359300
2025-07-11,41.619998931884766,38.958763122558594,20174300
2025-07-14,41.58000183105469,38.921329498291016,15757300
2025-07-15,41.2599983215332,38.62178421020508,15653200
2025-07-16,41.25,38.6124267578125,17971300
2025-07-17,40.95000076293945,38.331607818603516,18411200
2025-07-18,40.84000015258789,38.228641510009766,21079700
2025-07-21,42.4900016784668,39.77313995361328,47574000
2025-07-22,42.959999084472656,40.21308517456055,23521000
2025-07-23,42.84000015258789,40.10075759887695,23357200
2025-07-24,43.08000183105469,40.325416564941406,20411000
2025-07-25,43.08000183105469,40.325416564941406,16571500
2025-07-28,42.36000061035156,39.651451110839844,18243700
2025-07-29,42.709999084472656,39.97907257080078,13118500
2025-07-30,42.599998474121094,39.87610626220703,13313300
2025-07-31,42.7599983215332,40.02587127685547,25538700
2025-08-01,42.880001068115234,40.138206481933594,20841300
2025-08-04,42.95000076293945,40.20372772216797,13629900
2025-08-05,42.66999816894531,39.941627502441406,14863700
2025-08-06,42.349998474121094,39.642093658447266,17812000
2025-08-07,42.95000076293945,40.20372772216797,15543400
2025-08-08,43.150001525878906,40.39093780517578,13057000
2025-08-11,43.18000030517578,40.41902160644531,12914900
2025-08-12,43.25,40.48454666137695,12469300
2025-08-13,43.709999084472656,40.915130615234375,14327700
2025-08-14,43.5,40.71855926513672,10582800
2025-08-15,44.2400016784668,41.4112434387207,21239200
2025-08-18,44.38999938964844,41.55165100097656,12692100
2025-08-19,44.939998626708984,42.06648254394531,17944200
2025-08-20,45.060001373291016,42.17881393432617,20982100
2025-08-21,45.029998779296875,42.15072250366211,11866800
2025-08-22,44.439998626708984,41.59844970703125,19123700
2025-08-25,44.22999954223633,41.40188217163086,16021200
2025-08-26,43.959999084472656,41.14914321899414,17328200
2025-08-27,44.27000045776367,41.43932342529297,12046600
2025-08-28,43.93000030517578,41.12105941772461,15842800
2025-08-29,44.22999954223633,41.40188217163086,14792700
2025-09-02,43.79999923706055,40.99937057495117,21123700
2025-09-03,43.7400016784668,40.94321060180664,21828500
2025-09-04,44.18000030517578,41.355079650878906,14480500
2025-09-05,44.380001068115234,41.54228973388672,13406700
2025-09-08,43.31999969482422,40.55006790161133,30273900
2025-09-09,43.56999969482422,40.784080505371094,15595500
2025-09-10,43.4900016784668,40.709197998046875,14807800
2025-09-11,44.13999938964844,41.3176383972168,15510600
2025-09-12,43.970001220703125,41.15850830078125,13723500
2025-09-15,43.869998931884766,41.06489562988281,15034700
2025-09-16,43.7400016784668,40.94321060180664,16173600
2025-09-17,44.209999084472656,41.38315963745117,14414000
2025-09-18,43.66999816894531,40.877685546875,16507300
2025-09-19,43.47999954223633,40.69983673095703,29164200
2025-09-22,43.15999984741211,40.40029525756836,18507700
2025-09-23,43.349998474121094,40.578147888183594,16796400
2025-09-24,43.18000030517578,40.41902160644531,21162400
2025-09-25,43.349998474121094,40.578147888183594,19012200
2025-09-26,43.61000061035156,40.82152557373047,12456200
2025-09-29,43.25,40.48454666137695,15854500
2025-09-30,43.95000076293945,41.13978958129883,24399100
2025-10-01,43.83000183105469,41.027462005615234,19921900
2025-10-02,43.400001525878906,40.62495040893555,21550100
2025-10-03,43.66999816894531,40.877685546875,18016000
2025-10-06,41.439998626708984,38.790279388427734,75944200
2025-10-07,41.400001525878906,38.752838134765625,34001300
2025-10-08,41.31999969482422,38.677947998046875,35601000
2025-10-09,40.83000183105469,38.21928405761719,34868200
2025-10-10,39.849998474121094,37.94315719604492,38107700
2025-10-13,39.75,37.84794235229492,26453700
2025-10-14,40.54999923706055,38.60966110229492,22346100
2025-10-15,40.380001068115234,38.44779968261719,18233200
2025-10-16,40.36000061035156,38.42875671386719,16751200
2025-10-17,40.54999923706055,38.60966110229492,20523500
2025-10-20,40.79999923706055,38.84770202636719,28079200
2025-10-21,40.29999923706055,38.37162399291992,29881700
2025-10-22,39.79999923706055,37.89555358886719,31009500
2025-10-23,38.400001525878906,36.56254577636719,52663600
2025-10-24,38.81999969482422,36.96244430541992,27485700
2025-10-27,39.22999954223633,37.35282516479492,27487200
2025-10-28,39.31999969482422,37.43852233886719,30719200
2025-10-29,40.209999084472656,38.28593063354492,53730200
2025-10-30,38.959999084472656,37.09574508666992,47371000
2025-10-31,39.7400016784668,37.83842468261719,52181800
2025-11-03,39.470001220703125,37.58134460449219,39851100
2025-11-04,39.31999969482422,37.43852233886719,33632800
2025-11-05,39.689998626708984,37.79081344604492,22947100
2025-11-06,39.81999969482422,37.91459274291992,30949700
2025-11-07,40.029998779296875,38.11454772949219,28389500
2025-11-10,39.849998474121094,37.94315719604492,22414400
2025-11-11,40.70000076293945,38.75248718261719,25360900
2025-11-12,40.79999923706055,38.84770202636719,17834000
2025-11-13,41.11000061035156,39.14286804199219,30487400
2025-11-14,41.060001373291016,39.09526062011719,29368500
2025-11-17,41.0099983215332,39.04764938354492,21620800
2025-11-18,41.47999954223633,39.49515914916992,24067500
2025-11-19,41.189998626708984,39.21903991699219,21895000
2025-11-20,40.7599983215332,38.80961227416992,32173600
2025-11-21,41.22999954223633,39.25712203979492,32037600
2025-11-24,40.209999084472656,38.28593063354492,44805100
2025-11-25,40.59000015258789,38.64774703979492,24375300
2025-11-26,40.880001068115234,38.92387390136719,15186100
2025-11-28,41.11000061035156,39.14286804199219,9926300
2025-12-01,40.7400016784668,38.79057312011719,19655900
2025-12-02,40.61000061035156,38.66679382324219,23194100
2025-12-03,40.66999816894531,38.72392272949219,19910700
2025-12-04,41.2599983215332,39.28568649291992,28382300
2025-12-05,41.689998626708984,39.69511032104492,27802700
2025-12-08,41.29999923706055,39.32377243041992,22932000
2025-12-09,40.13999938964844,38.21928024291992,31770600
2025-12-10,39.91999816894531,38.00980758666992,40053400
2025-12-11,40.220001220703125,38.29545593261719,21895000
2025-12-12,40.88999938964844,38.93339538574219,20600000
2025-12-15,40.79999923706055,38.84770202636719,34725800
2025-12-16,40.75,38.80009078979492,22709800
2025-12-17,40.880001068115234,38.92387390136719,22316100
2025-12-18,40.40999984741211,38.47636413574219,18822600
2025-12-19,39.81999969482422,37.91459274291992,53345100
2025-12-22,39.97999954223633,38.06694030761719,21111600
2025-12-23,39.91999816894531,38.00980758666992,19761800
2025-12-24,40.31999969482422,38.39066696166992,7949500
2025-12-26,40.47999954223633,38.54301452636719,11875400
2025-12-29,40.47999954223633,38.54301452636719,16846700
2025-12-30,40.70000076293945,38.75248718261719,15581300
2025-12-31,40.72999954223633,38.78104782104492,17454800
2026-01-02,40.52000045776367,38.58109664916992,30856800
2026-01-05,40.22999954223633,38.30497741699219,43091700
2026-01-06,40.29999923706055,38.37162399291992,32758400
2026-01-07,40.130001068115234,38.20975875854492,26834100
2026-01-08,40.56999969482422,38.62870407104492,28103000
2026-01-09,40.459999084472656,38.52396774291992,32108600
2026-01-12,39.84000015258789,38.59177780151367,31259300
2026-01-13,39.0099983215332,37.78778076171875,37255500
2026-01-14,39.83000183105469,38.58209228515625,25714700
2026-01-15,39.36000061035156,38.12681579589844,26483000
2026-01-16,38.90999984741211,37.690914154052734,38980200
2026-01-20,39.08000183105469,37.8555908203125,30650900
2026-01-21,39.2400016784668,38.01057815551758,21158800
2026-01-22,39.47999954223633,38.24305725097656,18880500
2026-01-23,39.52000045776367,38.28180694580078,21849400
2026-01-26,39.619998931884766,38.37866973876953,21081800
2026-01-27,39.31999969482422,38.088069915771484,26108800
2026-01-28,39.40999984741211,38.17525100708008,24412500
2026-01-29,39.810001373291016,38.56271743774414,44347500
2026-01-30,44.52000045776367,43.125152587890625,123584700
2026-02-02,44.61000061035156,43.21232986450195,64539400
2026-02-03,46.25,44.80094528198242,60299100
2026-02-04,47.0099983215332,45.537132263183594,46213100
2026-02-05,47.099998474121094,45.62431335449219,42866500
2026-02-06,46.310001373291016,44.859066009521484,36094600
2026-02-09,47.02000045776367,45.54682159423828,26954800
2026-02-10,47.38999938964844,45.90522766113281,32147000
2026-02-11,48.970001220703125,47.43572998046875,48933100
2026-02-12,49.459999084472656,47.910369873046875,56131100
2026-02-13,49.0099983215332,47.47446823120117,31998500
2026-02-17,48.93000030517578,47.39698028564453,24327500
2026-02-18,48.04999923706055,46.544551849365234,29318100
2026-02-19,48.63999938964844,47.116065979003906,26530600
2026-02-20,49.25,47.70695114135742,25456700
2026-02-23,49.68000030517578,48.12348175048828,30113000
2026-02-24,49.86000061035156,48.29784393310547,23816700
2026-02-25,49.22999954223633,47.68758010864258,21693000
2026-02-26,48.88999938964844,47.35823440551758,23662600
2026-02-27,50.13999938964844,48.569068908691406,34693500
2026-03-02,49.97999954223633,48.41408157348633,23725700
2026-03-03,50.869998931884766,49.27619552612305,31586900
2026-03-04,51.20000076293945,49.59585952758789,22816000
2026-03-05,51.18000030517578,49.57648468017578,27534300
2026-03-06,51.119998931884766,49.51836395263672,23562600
2026-03-09,50.45000076293945,48.86935806274414,29057400
2026-03-10,50.709999084472656,49.12120819091797,20031300
2026-03-11,50.68000030517578,49.09214782714844,21554200
2026-03-12,50.630001068115234,49.04372024536133,26296100
2026-03-13,51.380001068115234,49.77021789550781,21780900
2026-03-16,50.970001220703125,49.37306594848633,20017500
2026-03-17,50.52000045776367,48.937164306640625,23765200
2026-03-18,49.59000015258789,48.03630447387695,32972500
2026-03-19,49.47999954223633,47.92974853515625,31234700
2026-03-20,49.97999954223633,48.41408157348633,67321800
2026-03-23,50.58000183105469,48.99528503417969,26390300
2026-03-24,50.90999984741211,49.314945220947266,20264600
2026-03-25,50.369998931884766,48.79186248779297,21920200
2026-03-26,50.7400016784668,49.150272369384766,24423300
2026-03-27,50.310001373291016,48.73374557495117,26273400
2026-03-30,50.29999923706055,48.724056243896484,23797600
2026-03-31,50.20000076293945,48.62718963623047,30514900
2026-04-01,49.38999938964844,47.84256362915039,28398900
2026-04-02,49.400001525878906,47.852256774902344,22737800
2026-04-06,49.150001525878906,47.61008834838867,17542700
2026-04-07,48.619998931884766,47.0966911315918,21945900
2026-04-08,48.040000915527344,46.53486251831055,34143200
2026-04-09,47.779998779296875,46.28300857543945,29376900
2026-04-10,46.040000915527344,45.268306732177734,25248600
2026-04-13,45.41999816894531,44.658695220947266,32920900
2026-04-14,45.47999954223633,44.71769332885742,31187400
2026-04-15,45.029998779296875,44.27523422241211,26230300
2026-04-16,46.779998779296875,45.99590301513672,26004100
2026-04-17,46.54999923706055,45.76975631713867,20004700
2026-04-20,46.439998626708984,45.66160202026367,16608100
2026-04-21,46.27000045776367,45.49445343017578,28978400
2026-04-22,45.97999954223633,45.209312438964844,22129500
2026-04-23,47.220001220703125,46.42852783203125,22750200
2026-04-24,46.380001068115234,45.60260772705078,26602300
2026-04-27,47.099998474121094,46.31053924560547,37920100
2026-04-28,47.2400016784668,46.44819641113281,28369800
2026-04-29,46.61000061035156,45.82875442504883,24195700
2026-04-30,48.029998779296875,47.22494888305664,34708800
2026-05-01,48.11000061035156,47.303611755371094,24123000
2026-05-04,47.56999969482422,46.77266311645508,18080100
2026-05-05,47.34000015258789,46.54651641845703,15148100
2026-05-06,47.439998626708984,46.644840240478516,19336400
2026-05-07,47.09000015258789,46.30070877075195,18839600
2026-05-08,47.220001220703125,46.42852783203125,16349800
2026-05-11,47.22999954223633,46.43836212158203,18560100
2026-05-12,47.93000030517578,47.12662887573242,18131900
2026-05-13,47.209999084472656,46.41869354248047,21212800
2026-05-14,47.060001373291016,46.27121353149414,16585100
2026-05-15,46.369998931884766,45.5927734375,23356600
2026-05-18,46.7599983215332,45.97623825073242,25427400
2026-05-19,47.7400016784668,46.939815521240234,24593800
2026-05-20,47.81999969482422,47.018470764160156,16714600
2026-05-21,48.27000045776367,47.46092987060547,15841900
2026-05-22,48.349998474121094,47.53958511352539,14717700
2026-05-26,48.4900016784668,47.677242279052734,23013700
2026-05-27,48.2400016784668,47.431434631347656,15109800
2026-05-28,48.0099983215332,47.205284118652344,20714100
2026-05-29,47.810001373291016,47.00864028930664,40404700
2026-06-01,47.72999954223633,46.92998123168945,14647700
2026-06-02,47.869998931884766,47.067630767822266,14902900
2026-06-03,46.650001525878906,45.86808395385742,27861900
2026-06-04,44.869998931884766,44.117916107177734,33072500
2026-06-05,45.369998931884766,44.609535217285156,23121400
2026-06-08,45.439998626708984,44.67836380004883,18994700
2026-06-09,45.779998779296875,45.012664794921875,24758100
2026-06-10,46.95000076293945,46.163055419921875,25239500
2026-06-11,46.939998626708984,46.153221130371094,26889400
2026-06-12,48.11000061035156,47.303611755371094,21956900
2026-06-15,47.06999969482422,46.281044006347656,24208500
2026-06-16,46.72999954223633,45.946739196777344,20698400
2026-06-17,45.84000015258789,45.071659088134766,33481500
2026-06-18,45.369998931884766,44.609535217285156,66305300
2026-06-22,45.36000061035156,44.59970474243164,19293000
2026-06-23,46.72999954223633,45.946739196777344,23019100
2026-06-24,45.68000030517578,44.91434097290039,25280100
2026-06-25,46.06999969482422,45.29780197143555,17584000
2026-06-26,46.540000915527344,45.759925842285156,38132700
2026-06-29,44.099998474121094,43.36082077026367,55387600
2026-06-30,42.34000015258789,41.63032531738281,60542600
2026-07-01,41.9900016784668,41.28619384765625,57139600
2026-07-02,42.560001373291016,41.84663772583008,59019100
2026-07-06,42.06999969482422,41.36484909057617,55342900
2026-07-07,42.59000015258789,41.87613296508789,34682400
2026-07-08,42.45000076293945,41.73847961425781,23082100
2026-07-09,42.2400016784668,41.53200149536133,28215800
2026-07-10,42.119998931884766,42.119998931884766,27705400
2026-07-13,42.68000030517578,42.68000030517578,24782000
2026-07-14,42.470001220703125,42.470001220703125,17515400
2026-07-15,42.83000183105469,42.83000183105469,23029200
2026-07-16,43.880001068115234,43.880001068115234,25260300
2026-07-17,43.59000015258789,43.59000015258789,31014400
2026-07-20,43.5,43.5,21344400
2026-07-21,43.779998779296875,43.779998779296875,20340100
2026-07-22,44.290000915527344,44.290000915527344,23734300
2026-07-23,43.81999969482422,43.81999969482422,28013500
2026-07-24,46.380001068115234,46.380001068115234,40755200
2026-07-27,47.31999969482422,47.31999969482422,30409500
2026-07-28,48.189998626708984,48.189998626708984,29692600
2026-07-29,47.220001220703125,47.220001220703125,41396200
2026-07-30,46.11000061035156,46.11000061035156,20937900
2026-07-31,46.810001373291016,46.810001373291016,28291300
2026-08-03,47.36000061035156,47.36000061035156,23007900
2026-08-04,46.880001068115234,46.880001068115234,23748600
2026-08-05,46.470001220703125,46.470001220703125,39580600
2026-08-06,46.9900016784668,46.9900016784668,24297000
2026-08-07,47.060001373291016,47.060001373291016,20545000
2026-08-10,47.029998779296875,47.029998779296875,15462500
2026-08-11,47.27000045776367,47.27000045776367,13314600
2026-08-12,46.97999954223633,46.97999954223633,12120500
2026-08-13,48.220001220703125,48.220001220703125,17937300
2026-08-14,48.47999954223633,48.47999954223633,15062300
2026-08-17,48.060001373291016,48.060001373291016,14466200
2026-08-18,48.540000915527344,48.540000915527344,14376300
2026-08-19,49.36000061035156,49.36000061035156,17796000
2026-08-20,49.189998626708984,49.189998626708984,12546300
2026-08-21,49.45000076293945,49.45000076293945,15078100
2026-08-24,50.150001525878906,50.150001525878906,19498700
2026-08-25,50.25,50.25,21337600
2026-08-26,50.189998626708984,50.189998626708984,20720800
2026-08-27,49.43000030517578,49.43000030517578,16389700
2026-08-28,50.099998474121094,50.099998474121094,15790100
2026-08-31,50.02000045776367,50.02000045776367,21403000
2026-09-01,50.29999923706055,50.29999923706055,20187700
2026-09-02,50.220001220703125,50.220001220703125,18674600
2026-09-03,50.59000015258789,50.59000015258789,17998500
2026-09-04,50.13999938964844,50.13999938964844,13418500
2026-09-08,50.40999984741211,50.40999984741211,16036300
2026-09-09,49.7400016784668,49.7400016784668,22574700
2026-09-10,49.970001220703125,49.970001220703125,18475800
2026-09-11,50.61000061035156,50.61000061035156,16456300
2026-09-14,51.290000915527344,51.290000915527344,18116700
2026-09-15,51.45000076293945,51.45000076293945,18718100
2026-09-16,49.7599983215332,49.7599983215332,24326800
2026-09-17,48.33000183105469,48.33000183105469,28685200
2026-09-18,48.09000015258789,48.09000015258789,45527600
2026-09-21,47.68000030517578,47.68000030517578,19992500
2026-09-22,46.45000076293945,46.45000076293945,32681100
2026-09-23,46.52000045776367,46.52000045776367,20933700
2026-09-24,47.31999969482422,47.31999969482422,21038900
