Date,close,adjclose,volume
2014-12-01,28.739999771118164,23.029603958129883,27422700
2014-12-02,28.799999237060547,23.077680587768555,20298900
2014-12-03,28.31333351135254,22.814456939697266,19122900
2014-12-04,28.253332138061523,22.76611328125,20704200
2014-12-05,28.040000915527344,22.59421157836914,19710300
2014-12-08,28.07666778564453,22.62375831604004,18798000
2014-12-09,27.85333251953125,22.443801879882812,19900800
2014-12-10,27.65999984741211,22.28801155090332,20920800
2014-12-11,27.94333267211914,22.51631736755371,24098400
2014-12-12,27.93666648864746,22.510950088500977,21852300
2014-12-15,27.979999542236328,22.545860290527344,18953100
2014-12-16,27.65333366394043,22.282642364501953,22312200
2014-12-17,28.07666778564453,22.62375831604004,19923000
2014-12-18,28.64666748046875,23.083051681518555,25937700
2014-12-19,28.386667251586914,22.873550415039062,36206400
2014-12-22,28.793333053588867,23.20122718811035,13727400
2014-12-23,28.886667251586914,23.276443481445312,16657800
2014-12-24,28.809999465942383,23.214664459228516,7475400
2014-12-26,28.969999313354492,23.343591690063477,9747900
2014-12-29,28.8799991607666,23.271066665649414,10816800
2014-12-30,28.93000030517578,23.311355590820312,9796200
2014-12-31,28.626667022705078,23.06693458557129,12454200
2015-01-02,28.633333206176758,23.072309494018555,13505400
2015-01-05,28.549999237060547,23.005163192749023,20937000
2015-01-06,28.770000457763672,23.182437896728516,24615300
2015-01-07,29.53333282470703,23.797515869140625,25495200
2015-01-08,30.156667709350586,24.299787521362305,38140800
2015-01-09,29.78333282470703,23.998958587646484,25567500
2015-01-12,30.00666618347168,24.178922653198242,22117500
2015-01-13,29.770000457763672,23.988218307495117,24646200
2015-01-14,28.8700008392334,23.26300811767578,35862900
2015-01-15,29.126667022705078,23.469823837280273,28238100
2015-01-16,28.92333221435547,23.305986404418945,25226700
2015-01-20,28.89666748046875,23.284500122070312,23559300
2015-01-21,28.8799991607666,23.271066665649414,24521400
2015-01-22,29.433332443237305,23.71694564819336,21371400
2015-01-23,29.503332138061523,23.773338317871094,22697400
2015-01-26,29.543333053588867,23.80557632446289,14000100
2015-01-27,29.176666259765625,23.510122299194336,18061500
2015-01-28,28.940000534057617,23.319419860839844,17810400
2015-01-29,29.239999771118164,23.56114959716797,19568400
2015-01-30,28.32666778564453,22.8252010345459,30840600
2015-02-02,28.56999969482422,23.02127456665039,20781600
2015-02-03,28.729999542236328,23.150205612182617,24850500
2015-02-04,28.883333206176758,23.27375602722168,26796900
2015-02-05,29.093332290649414,23.442970275878906,15272400
2015-02-06,29.110000610351562,23.45639991760254,16852800
2015-02-09,28.636667251586914,23.074996948242188,16368600
2015-02-10,29.09666633605957,23.44565773010254,17196300
2015-02-11,28.780000686645508,23.190492630004883,17559300
2015-02-12,28.6299991607666,23.069625854492188,20824800
2015-02-13,28.60333251953125,23.048131942749023,16791000
2015-02-17,28.65333366394043,23.088424682617188,15261600
2015-02-18,28.76333236694336,23.177061080932617,18098100
2015-02-19,27.84000015258789,22.43305206298828,55940400
2015-02-20,28.100000381469727,22.64255714416504,41521200
2015-02-23,28.200000762939453,22.723134994506836,20191200
2015-02-24,28.190000534057617,22.71508026123047,15593100
2015-02-25,27.856666564941406,22.446483612060547,20425200
2015-02-26,27.933332443237305,22.508264541625977,17664300
2015-02-27,27.976667404174805,22.543174743652344,17632200
2015-03-02,27.98666763305664,22.551237106323242,18184500
2015-03-03,27.790000915527344,22.392770767211914,19382400
2015-03-04,27.52666664123535,22.180570602416992,18643200
2015-03-05,27.856666564941406,22.446483612060547,17992500
2015-03-06,27.530000686645508,22.183252334594727,17193000
2015-03-09,27.626667022705078,22.261154174804688,14014500
2015-03-10,27.356666564941406,22.043590545654297,18933300
2015-03-11,26.89666748046875,21.803110122680664,18482700
2015-03-12,27.299999237060547,22.130056381225586,15677400
2015-03-13,27.299999237060547,22.130056381225586,14286600
2015-03-16,27.76333236694336,22.50564193725586,19557300
2015-03-17,27.540000915527344,22.32460594177246,14406000
2015-03-18,27.510000228881836,22.30028533935547,30756900
2015-03-19,27.17333221435547,22.027372360229492,21638700
2015-03-20,27.746667861938477,22.49213981628418,37095900
2015-03-23,27.770000457763672,22.51104736328125,19517100
2015-03-24,27.683332443237305,22.4407958984375,16077300
2015-03-25,27.106666564941406,21.973339080810547,19937700
2015-03-26,27.296667098999023,22.127355575561523,24801600
2015-03-27,27.116666793823242,21.981441497802734,17152200
2015-03-30,27.510000228881836,22.30028533935547,17105100
2015-03-31,27.416667938232422,22.224626541137695,16763100
2015-04-01,26.90333366394043,21.808507919311523,24920100
2015-04-02,26.90999984741211,21.81390953063965,17387100
2015-04-06,26.996667861938477,21.884164810180664,19142100
2015-04-07,26.833332061767578,21.75176429748535,19818300
2015-04-08,27.010000228881836,21.894975662231445,20084100
2015-04-09,26.946666717529297,21.8436336517334,11770800
2015-04-10,26.883333206176758,21.792295455932617,16440900
2015-04-13,26.76333236694336,21.69502067565918,14094300
2015-04-14,26.71666717529297,21.65719223022461,16595100
2015-04-15,26.579999923706055,21.54640007019043,18601200
2015-04-16,26.413333892822266,21.411298751831055,24045300
2015-04-17,25.959999084472656,21.043819427490234,35468400
2015-04-20,26.046667098999023,21.114070892333984,26542800
2015-04-21,26.010000228881836,21.0843448638916,18600600
2015-04-22,26.143333435058594,21.19243049621582,22784100
2015-04-23,26.393333435058594,21.395090103149414,22406700
2015-04-24,26.613332748413086,21.573423385620117,20603400
2015-04-27,26.456666946411133,21.446434020996094,19349400
2015-04-28,26.366666793823242,21.37347412109375,14687700
2015-04-29,25.959999084472656,21.043819427490234,21325200
2015-04-30,26.016666412353516,21.08975601196289,26387700
2015-05-01,26.200000762939453,21.238370895385742,14999100
2015-05-04,26.393333435058594,21.395090103149414,20007600
2015-05-05,26.043333053588867,21.111371994018555,17566200
2015-05-06,25.883333206176758,21.114091873168945,16440300
2015-05-07,26.010000228881836,21.2174129486084,16614300
2015-05-08,26.176666259765625,21.353368759155273,16042200
2015-05-11,26.03333282470703,21.236452102661133,11234700
2015-05-12,26.31999969482422,21.470298767089844,25347000
2015-05-13,26.053333282470703,21.252765655517578,25263600
2015-05-14,26.239999771118164,21.405038833618164,18510600
2015-05-15,26.413333892822266,21.546430587768555,19851600
2015-05-18,26.639999389648438,21.731332778930664,24900900
2015-05-19,25.476667404174805,20.782352447509766,67375800
2015-05-20,25.299999237060547,20.638240814208984,31625700
2015-05-21,25.3700008392334,20.695343017578125,20268600
2015-05-22,25.286666870117188,20.627363204956055,20445000
2015-05-26,24.96666717529297,20.36632537841797,31720800
2015-05-27,25.06333351135254,20.4451847076416,20961300
2015-05-28,24.946666717529297,20.350011825561523,15076500
2015-05-29,24.75666618347168,20.195022583007812,19125300
2015-06-01,24.90999984741211,20.32010269165039,16938000
2015-06-02,24.843332290649414,20.26572036743164,17393400
2015-06-03,24.963333129882812,20.363609313964844,18281400
2015-06-04,24.71666717529297,20.16239356994629,26948400
2015-06-05,24.35333251953125,19.866010665893555,31905300
2015-06-08,24.203332901000977,19.7436466217041,28779000
2015-06-09,24.156667709350586,19.705581665039062,25006800
2015-06-10,24.309999465942383,19.830656051635742,33647400
2015-06-11,24.31333351135254,19.833375930786133,22260000
2015-06-12,24.143333435058594,19.6947021484375,21739800
2015-06-15,23.976667404174805,19.558748245239258,22700400
2015-06-16,24.116666793823242,19.67294692993164,18646800
2015-06-17,24.24333381652832,19.776277542114258,17111700
2015-06-18,24.32666778564453,19.844247817993164,25129800
2015-06-19,24.246667861938477,19.779001235961914,43652100
2015-06-22,24.26333236694336,19.792593002319336,19468500
2015-06-23,24.190000534057617,19.732765197753906,23628900
2015-06-24,24.126667022705078,19.681102752685547,22015200
2015-06-25,23.953332901000977,19.539710998535156,15879600
2015-06-26,24.040000915527344,19.610410690307617,20693400
2015-06-29,23.80666732788086,19.42006492614746,24563400
2015-06-30,23.643333435058594,19.286834716796875,33307800
2015-07-01,23.959999084472656,19.545146942138672,32321700
2015-07-02,23.953332901000977,19.539710998535156,19758300
2015-07-06,24.176666259765625,19.72189712524414,31609500
2015-07-07,24.59666633605957,20.064498901367188,37263900
2015-07-08,24.35333251953125,19.866010665893555,23373000
2015-07-09,24.260000228881836,19.78987693786621,26087400
2015-07-10,24.373332977294922,19.882314682006836,16737900
2015-07-13,24.626667022705078,20.088977813720703,18253500
2015-07-14,24.59666633605957,20.064498901367188,16554600
2015-07-15,24.549999237060547,20.026432037353516,13700100
2015-07-16,24.610000610351562,20.075380325317383,15695100
2015-07-17,24.463333129882812,19.955732345581055,17041800
2015-07-20,24.366666793823242,19.87687873840332,15256800
2015-07-21,24.246667861938477,19.779001235961914,19323300
2015-07-22,24.386667251586914,19.893199920654297,20884800
2015-07-23,24.170000076293945,19.716459274291992,12758700
2015-07-24,23.860000610351562,19.46357536315918,17853300
2015-07-27,23.793333053588867,19.40919303894043,18592800
2015-07-28,24.03333282470703,19.60496711730957,25776900
2015-07-29,24.07666778564453,19.64031982421875,14819100
2015-07-30,24.053333282470703,19.621288299560547,13813500
2015-07-31,23.99333381652832,19.572338104248047,23785200
2015-08-03,24.059999465942383,19.626726150512695,15395400
2015-08-04,24.083332061767578,19.64575958251953,17620200
2015-08-05,24.503332138061523,20.124855041503906,26147400
2015-08-06,24.26333236694336,19.927738189697266,19103100
2015-08-07,23.75,19.506132125854492,23392500
2015-08-10,23.82666778564453,19.56909942626953,18060300
2015-08-11,23.976667404174805,19.692296981811523,20487600
2015-08-12,24.19333267211914,19.870241165161133,26524200
2015-08-13,24.036666870117188,19.741580963134766,22957200
2015-08-14,24.126667022705078,19.81549072265625,17737500
2015-08-17,23.969999313354492,19.68681526184082,22813200
2015-08-18,23.15999984741211,19.02155876159668,63945000
2015-08-19,22.856666564941406,18.77242660522461,49000200
2015-08-20,22.809999465942383,18.734098434448242,29580300
2015-08-21,22.18000030517578,18.216676712036133,47239500
2015-08-24,21.316667556762695,17.50760841369629,66718800
2015-08-25,21.03333282470703,17.27490997314453,44403000
2015-08-26,21.610000610351562,17.74852752685547,41784900
2015-08-27,22.02666664123535,18.090742111206055,41738400
2015-08-28,21.64666748046875,17.778642654418945,42909000
2015-08-31,21.57666778564453,17.721155166625977,24525600
2015-09-01,21.273332595825195,17.472023010253906,40181700
2015-09-02,21.479999542236328,17.641761779785156,28543800
2015-09-03,21.6200008392334,17.756744384765625,25571400
2015-09-04,21.296667098999023,17.491188049316406,27697200
2015-09-08,22.126667022705078,18.172880172729492,53120400
2015-09-09,21.706666946411133,17.82792091369629,28392600
2015-09-10,21.373332977294922,17.554147720336914,43574400
2015-09-11,21.549999237060547,17.699249267578125,24187200
2015-09-14,21.426666259765625,17.597951889038086,20870100
2015-09-15,21.440000534057617,17.608909606933594,20582400
2015-09-16,21.56333351135254,17.7101993560791,16876200
2015-09-17,21.489999771118164,17.64997100830078,21399300
2015-09-18,21.113332748413086,17.340608596801758,38655600
2015-09-21,21.239999771118164,17.444644927978516,21358800
2015-09-22,21.196666717529297,17.409055709838867,26402400
2015-09-23,21.239999771118164,17.444644927978516,17629800
2015-09-24,21.27666664123535,17.474761962890625,20868600
2015-09-25,21.260000228881836,17.461069107055664,21489000
2015-09-28,21.219999313354492,17.428211212158203,28183200
2015-09-29,21.260000228881836,17.461069107055664,22920300
2015-09-30,21.613332748413086,17.751264572143555,23937600
2015-10-01,21.42333221435547,17.59521484375,23511600
2015-10-02,21.65999984741211,17.78959083557129,21252000
2015-10-05,21.956666946411133,18.033252716064453,18900900
2015-10-06,21.893333435058594,17.981233596801758,22232700
2015-10-07,22.1200008392334,18.167400360107422,21408000
2015-10-08,22.293333053588867,18.30976104736328,17923500
2015-10-09,22.229999542236328,18.257741928100586,20262000
2015-10-12,22.309999465942383,18.32345199584961,16931700
2015-10-13,22.24333381652832,18.268688201904297,26575200
2015-10-14,20.010000228881836,16.434429168701172,242694300
2015-10-15,19.77666664123535,16.242786407470703,138760500
2015-10-16,19.6299991607666,16.122329711914062,78585300
2015-10-19,19.616666793823242,16.111373901367188,53417400
2015-10-20,19.583332061767578,16.084001541137695,31271100
2015-10-21,19.546667098999023,16.05388832092285,39352800
2015-10-22,19.633333206176758,16.12506675720215,43765500
2015-10-23,19.433332443237305,15.9608154296875,39121800
2015-10-26,19.34000015258789,15.884150505065918,32519400
2015-10-27,19.15999984741211,15.73631763458252,31534200
2015-10-28,19.213333129882812,15.780122756958008,35504100
2015-10-29,19.31999969482422,15.867729187011719,38566500
2015-10-30,19.079999923706055,15.670609474182129,47416500
2015-11-02,19.203332901000977,15.771905899047852,32157600
2015-11-03,19.3700008392334,15.908795356750488,30761700
2015-11-04,19.456666946411133,15.97996997833252,30169500
2015-11-05,19.536666870117188,16.04568099975586,26581500
2015-11-06,19.593332290649414,16.092222213745117,29931900
2015-11-09,19.496667861938477,16.012826919555664,25321200
2015-11-10,19.559999465942383,16.064838409423828,22844700
2015-11-11,19.19333267211914,15.763689994812012,26069700
2015-11-12,18.983333587646484,15.59122085571289,28654500
2015-11-13,18.80666732788086,15.446118354797363,37544700
2015-11-16,19.290000915527344,15.84309196472168,39964800
2015-11-17,19.97333335876465,16.404312133789062,74037900
2015-11-18,20.309999465942383,16.68082046508789,44633100
2015-11-19,20.233333587646484,16.617862701416016,34698300
2015-11-20,20.023332595825195,16.445375442504883,37113300
2015-11-23,20.086666107177734,16.497392654418945,31731000
2015-11-24,19.97333335876465,16.404312133789062,37361700
2015-11-25,20.079999923706055,16.491924285888672,23460600
2015-11-27,19.963333129882812,16.396100997924805,16022700
2015-11-30,19.613332748413086,16.108644485473633,44827800
2015-12-01,19.663333892822266,16.14971351623535,36612300
2015-12-02,19.450000762939453,16.108304977416992,40760700
2015-12-03,19.68000030517578,16.298786163330078,47532300
2015-12-04,19.886667251586914,16.469945907592773,31305900
2015-12-07,20.166667938232422,16.701833724975586,34787700
2015-12-08,19.8700008392334,16.45614242553711,31132800
2015-12-09,19.709999084472656,16.323623657226562,26945100
2015-12-10,19.85333251953125,16.44233512878418,34078200
2015-12-11,19.786666870117188,16.387126922607422,29235000
2015-12-14,20.1299991607666,16.671466827392578,43574700
2015-12-15,19.8799991607666,16.46442413330078,43846200
2015-12-16,20.100000381469727,16.646625518798828,29881500
2015-12-17,19.65999984741211,16.2822208404541,38928300
2015-12-18,19.616666793823242,16.24632453918457,48770100
2015-12-21,19.850000381469727,16.439579010009766,28936500
2015-12-22,20.18000030517578,16.712875366210938,27798900
2015-12-23,20.363332748413086,16.864715576171875,22559400
2015-12-24,20.27666664123535,16.792940139770508,7448400
2015-12-28,20.25,16.770856857299805,16265100
2015-12-29,20.536666870117188,17.008264541625977,23650800
2015-12-30,20.559999465942383,17.027597427368164,17150100
2015-12-31,20.433332443237305,16.92268943786621,19725300
2016-01-04,20.48666763305664,16.966856002807617,35967600
2016-01-05,20.97333335876465,17.36990737915039,39978000
2016-01-06,21.183332443237305,17.5438289642334,49693800
2016-01-07,21.676666259765625,17.952404022216797,79290000
2016-01-08,21.18000030517578,17.541067123413086,53303700
2016-01-11,21.406667709350586,17.72879409790039,37961400
2016-01-12,21.206666946411133,17.563154220581055,36587700
2016-01-13,20.639999389648438,17.093847274780273,41177100
2016-01-14,21.020000457763672,17.408559799194336,38804700
2016-01-15,20.643333435058594,17.096603393554688,45523200
2016-01-19,20.85333251953125,17.270532608032227,39153900
2016-01-20,20.280000686645508,16.795696258544922,52107300
2016-01-21,20.626667022705078,17.082805633544922,36267600
2016-01-22,20.89666748046875,17.306415557861328,27592500
2016-01-25,21.149999618530273,17.516223907470703,38470200
2016-01-26,21.333332061767578,17.66806411743164,28323600
2016-01-27,21.316667556762695,17.654254913330078,30642900
2016-01-28,21.406667709350586,17.72879409790039,33834900
2016-01-29,22.1200008392334,18.31957244873047,49317300
2016-02-01,22.5,18.63428497314453,44185200
2016-02-02,22.286666870117188,18.457605361938477,40757700
2016-02-03,22.09000015258789,18.294719696044922,36946800
2016-02-04,22.139999389648438,18.336132049560547,38500200
2016-02-05,22.333332061767578,18.496248245239258,42589500
2016-02-08,22.299999237060547,18.46864128112793,62230800
2016-02-09,21.93666648864746,18.167736053466797,43927200
2016-02-10,21.93000030517578,18.162206649780273,29127900
2016-02-11,21.773332595825195,18.03246307373047,33560100
2016-02-12,22.059999465942383,18.269880294799805,29086500
2016-02-16,21.96666717529297,18.192583084106445,34081500
2016-02-17,22.036666870117188,18.250551223754883,37280100
2016-02-18,21.373332977294922,17.701181411743164,83683800
2016-02-19,21.553333282470703,17.850261688232422,46686900
2016-02-22,21.876667022705078,18.118038177490234,31761900
2016-02-23,22.15999984741211,18.352703094482422,34296000
2016-02-24,22.373332977294922,18.529373168945312,30873600
2016-02-25,22.68000030517578,18.783355712890625,28743900
2016-02-26,22.170000076293945,18.36098289489746,32952900
2016-02-29,22.113332748413086,18.31404685974121,28035600
2016-03-01,22.15333366394043,18.34717559814453,31288500
2016-03-02,22.06999969482422,18.278162002563477,27496800
2016-03-03,22.046667098999023,18.25882911682129,35540400
2016-03-04,22.260000228881836,18.43551254272461,30031500
2016-03-07,22.6299991607666,18.741945266723633,38476200
2016-03-08,22.68000030517578,18.783355712890625,30203700
2016-03-09,22.510000228881836,18.78057289123535,23474400
2016-03-10,22.469999313354492,18.747196197509766,30677400
2016-03-11,22.389999389648438,18.680458068847656,24872700
2016-03-14,22.453332901000977,18.733293533325195,20137500
2016-03-15,22.696666717529297,18.93631935119629,22700700
2016-03-16,22.663333892822266,18.908506393432617,24654000
2016-03-17,22.483333587646484,18.75832748413086,35514300
2016-03-18,22.316667556762695,18.619272232055664,69459300
2016-03-21,22.656667709350586,18.902938842773438,28247400
2016-03-22,22.623332977294922,18.8751277923584,22543500
2016-03-23,22.48666763305664,18.761104583740234,18331800
2016-03-24,22.666667938232422,18.911279678344727,18914100
2016-03-28,22.706666946411133,18.94466209411621,16810500
2016-03-29,22.676666259765625,18.919633865356445,19473000
2016-03-30,22.933332443237305,19.133766174316406,21625500
2016-03-31,22.829999923706055,19.04755210876465,18850500
2016-04-01,23.020000457763672,19.206079483032227,19807200
2016-04-04,23.03333282470703,19.217195510864258,20470200
2016-04-05,22.8799991607666,19.089275360107422,17337000
2016-04-06,23.01333236694336,19.200511932373047,16088100
2016-04-07,22.739999771118164,18.972471237182617,18331500
2016-04-08,22.68666648864746,18.9279727935791,19548000
2016-04-11,22.46666717529297,18.744421005249023,23596200
2016-04-12,22.933332443237305,19.133766174316406,23203800
2016-04-13,23.049999237060547,19.231109619140625,18788100
2016-04-14,22.933332443237305,19.133766174316406,20931300
2016-04-15,23.020000457763672,19.206079483032227,22753500
2016-04-18,23.286666870117188,19.428560256958008,19868700
2016-04-19,23.25666618347168,19.403539657592773,24598200
2016-04-20,23.06999969482422,19.247793197631836,16237500
2016-04-21,22.823333740234375,19.041996002197266,19852800
2016-04-22,22.906667709350586,19.11152458190918,18645300
2016-04-25,23.156667709350586,19.32010841369629,17688600
2016-04-26,23.100000381469727,19.272825241088867,19945200
2016-04-27,23.139999389648438,19.306203842163086,15441900
2016-04-28,22.969999313354492,19.164358139038086,14330700
2016-04-29,22.290000915527344,18.59702491760254,36297000
2016-05-02,22.530000686645508,18.797264099121094,22829100
2016-05-03,22.333332061767578,18.633176803588867,17767800
2016-05-04,22.39666748046875,18.686017990112305,18088500
2016-05-05,22.40333366394043,18.69157600402832,24273000
2016-05-06,22.75,18.98081398010254,29476200
2016-05-09,22.983333587646484,19.175493240356445,25968600
2016-05-10,22.93000030517578,19.130992889404297,19208700
2016-05-11,22.136667251586914,18.60431671142578,43792500
2016-05-12,22.28333282470703,18.727584838867188,28600500
2016-05-13,21.64666748046875,18.192508697509766,41234100
2016-05-16,22.00666618347168,18.495065689086914,30545400
2016-05-17,21.700000762939453,18.237333297729492,27758100
2016-05-18,21.049999237060547,17.691049575805664,66767700
2016-05-19,23.066667556762695,19.385913848876953,105230100
2016-05-20,23.286666870117188,19.570812225341797,50239800
2016-05-23,23.166667938232422,19.469961166381836,30299400
2016-05-24,23.413333892822266,19.67726707458496,26484000
2016-05-25,23.49333381652832,19.744504928588867,21791700
2016-05-26,23.616666793823242,19.8481502532959,26081700
2016-05-27,23.583332061767578,19.820144653320312,17321100
2016-05-31,23.593332290649414,19.828542709350586,25170600
2016-06-01,23.5,19.750104904174805,21662700
2016-06-02,23.649999618530273,19.87617301940918,19526100
2016-06-03,23.623332977294922,19.853755950927734,19123500
2016-06-06,23.683332443237305,19.904184341430664,27054000
2016-06-07,23.676666259765625,19.898582458496094,22090200
2016-06-08,23.760000228881836,19.96862030029297,18417000
2016-06-09,23.696666717529297,19.915390014648438,18209700
2016-06-10,23.713333129882812,19.92939567565918,22534200
2016-06-13,23.510000228881836,19.758508682250977,23722800
2016-06-14,23.649999618530273,19.87617301940918,27199200
2016-06-15,23.706666946411133,19.923799514770508,24051000
2016-06-16,23.766666412353516,19.97421646118164,20115600
2016-06-17,23.649999618530273,19.87617301940918,54177900
2016-06-20,23.700000762939453,19.91819190979004,21427500
2016-06-21,23.81999969482422,20.0190486907959,20024400
2016-06-22,23.916667938232422,20.10028648376465,25372500
2016-06-23,24.03333282470703,20.19833755493164,20910600
2016-06-24,23.98666763305664,20.15911293029785,45361200
2016-06-27,23.833332061767578,20.030250549316406,33910200
2016-06-28,23.836666107177734,20.033050537109375,25683600
2016-06-29,24.15333366394043,20.2991886138916,21044100
2016-06-30,24.34000015258789,20.456073760986328,26140800
2016-07-01,24.270000457763672,20.397239685058594,22916400
2016-07-05,24.3799991607666,20.489681243896484,32245800
2016-07-06,24.606666564941406,20.68018341064453,33188100
2016-07-07,24.510000228881836,20.598939895629883,23378400
2016-07-08,24.613332748413086,20.685787200927734,27382800
2016-07-11,24.68666648864746,20.747413635253906,27120300
2016-07-12,24.42333221435547,20.526103973388672,37083600
2016-07-13,24.540000915527344,20.62415313720703,19197000
2016-07-14,24.566667556762695,20.646564483642578,19939200
2016-07-15,24.55666732788086,20.638158798217773,17984400
2016-07-18,24.613332748413086,20.685787200927734,16371900
2016-07-19,24.553333282470703,20.635360717773438,14394300
2016-07-20,24.59666633605957,20.671781539916992,15846000
2016-07-21,24.50666618347168,20.59613609313965,13175700
2016-07-22,24.516666412353516,20.604541778564453,12949800
2016-07-25,24.583332061767578,20.660572052001953,14202000
2016-07-26,24.57666778564453,20.654966354370117,15744900
2016-07-27,24.440000534057617,20.540109634399414,17333700
2016-07-28,24.413333892822266,20.517698287963867,13809600
2016-07-29,24.323333740234375,20.44206428527832,18906600
2016-08-01,24.593332290649414,20.668975830078125,17605200
2016-08-02,24.376667022705078,20.486881256103516,19539300
2016-08-03,24.31333351135254,20.43364715576172,19704300
2016-08-04,24.433332443237305,20.534509658813477,14834700
2016-08-05,24.586666107177734,20.663372039794922,16246200
2016-08-08,24.446666717529297,20.545711517333984,19731600
2016-08-09,24.51333236694336,20.60173797607422,19283700
2016-08-10,24.649999618530273,20.858417510986328,24156900
2016-08-11,24.600000381469727,20.816110610961914,18870900
2016-08-12,24.6299991607666,20.841495513916016,29982600
2016-08-15,24.440000534057617,20.68071937561035,28908300
2016-08-16,24.296667098999023,20.559432983398438,29289900
2016-08-17,24.309999465942383,20.570711135864258,43029900
2016-08-18,24.766666412353516,20.95713233947754,80574900
2016-08-19,24.270000457763672,20.536867141723633,46039200
2016-08-22,24.233333587646484,20.505844116210938,30936300
2016-08-23,23.989999771118164,20.29993438720703,28174200
2016-08-24,24.07666778564453,20.37327003479004,30152100
2016-08-25,23.739999771118164,20.08838653564453,31542600
2016-08-26,23.713333129882812,20.065824508666992,30115500
2016-08-29,23.799999237060547,20.139156341552734,22404300
2016-08-30,23.770000457763672,20.1137752532959,17322600
2016-08-31,23.81333351135254,20.15044403076172,18934800
2016-09-01,24.280000686645508,20.545326232910156,35284200
2016-09-02,24.166667938232422,20.449434280395508,24248700
2016-09-06,24.333332061767578,20.5904541015625,28712700
2016-09-07,24.020000457763672,20.3253231048584,28854900
2016-09-08,23.94333267211914,20.26045036315918,28983600
2016-09-09,23.433332443237305,19.828893661499023,36517800
2016-09-12,23.979999542236328,20.291475296020508,32592000
2016-09-13,23.81999969482422,20.15608787536621,22523700
2016-09-14,23.84000015258789,20.17300796508789,20941500
2016-09-15,24.133333206176758,20.421220779418945,21886800
2016-09-16,24.290000915527344,20.553789138793945,41807100
2016-09-19,24.030000686645508,20.333784103393555,20762100
2016-09-20,23.989999771118164,20.29993438720703,17731800
2016-09-21,24.06333351135254,20.36199188232422,20027700
2016-09-22,24.09000015258789,20.384550094604492,17615700
2016-09-23,24.116666793823242,20.407114028930664,23089200
2016-09-26,23.873332977294922,20.20121955871582,17846100
2016-09-27,24.110000610351562,20.40148162841797,19033200
2016-09-28,23.93000030517578,20.249168395996094,18554700
2016-09-29,23.57666778564453,19.950183868408203,23990400
2016-09-30,24.040000915527344,20.34224510192871,29947800
2016-10-03,24.003332138061523,20.31121826171875,17573100
2016-10-04,23.916667938232422,20.237884521484375,19707900
2016-10-05,23.889999389648438,20.215322494506836,19393200
2016-10-06,23.1200008392334,19.563751220703125,60330900
2016-10-07,22.899999618530273,19.377595901489258,37961400
2016-10-10,22.65999984741211,19.174514770507812,26965200
2016-10-11,22.463333129882812,19.008098602294922,25774500
2016-10-12,22.48666763305664,19.027841567993164,26822100
2016-10-13,22.74333381652832,19.245031356811523,27581400
2016-10-14,22.816667556762695,19.307086944580078,19248000
2016-10-17,22.739999771118164,19.242206573486328,22480200
2016-10-18,22.956666946411133,19.42555046081543,23573100
2016-10-19,22.963333129882812,19.431194305419922,21369900
2016-10-20,22.90999984741211,19.38605499267578,18882000
2016-10-21,22.780000686645508,19.27605628967285,23533800
2016-10-24,23.06333351135254,19.515804290771484,21490800
2016-10-25,23.1200008392334,19.563751220703125,22889100
2016-10-26,23.196666717529297,19.62863540649414,15151500
2016-10-27,23.27666664123535,19.696327209472656,21394800
2016-10-28,23.329999923706055,19.741451263427734,20858700
2016-10-31,23.34000015258789,19.749921798706055,19167000
2016-11-01,23.100000381469727,19.54683494567871,26515800
2016-11-02,23.149999618530273,19.589143753051758,22935900
2016-11-03,23.209999084472656,19.639917373657227,20411700
2016-11-04,23.053333282470703,19.507341384887695,21786300
2016-11-07,23.260000228881836,19.682218551635742,29266200
2016-11-08,23.26333236694336,19.68504524230957,22863900
2016-11-09,23.700000762939453,20.054550170898438,50338500
2016-11-10,23.796667098999023,20.136341094970703,42963900
2016-11-11,23.74333381652832,20.091215133666992,24671700
2016-11-14,23.496667861938477,19.88248634338379,38752500
2016-11-15,23.80666732788086,20.144794464111328,29175300
2016-11-16,23.796667098999023,20.136341094970703,33577200
2016-11-17,23.06333351135254,19.515804290771484,70320900
2016-11-18,22.84666633605957,19.33246612548828,33405900
2016-11-21,23.123332977294922,19.56657600402832,25068000
2016-11-22,23.373332977294922,19.778125762939453,32952000
2016-11-23,23.610000610351562,19.9783878326416,22196700
2016-11-25,23.74333381652832,20.091215133666992,12703200
2016-11-28,23.729999542236328,20.079923629760742,21297600
2016-11-29,23.790000915527344,20.130699157714844,21930300
2016-11-30,23.476667404174805,19.86556053161621,27978300
2016-12-01,23.55666732788086,19.933259963989258,20549400
2016-12-02,23.626667022705078,19.99248504638672,20022600
2016-12-05,23.31333351135254,19.727352142333984,31583700
2016-12-06,23.453332901000977,19.845815658569336,23334000
2016-12-07,23.53333282470703,20.0560359954834,20898600
2016-12-08,23.446666717529297,19.982177734375,20532600
2016-12-09,23.360000610351562,19.908323287963867,32270100
2016-12-12,23.889999389648438,20.360004425048828,27252300
2016-12-13,23.933332443237305,20.396934509277344,26662500
2016-12-14,23.780000686645508,20.266252517700195,26008200
2016-12-15,23.69333267211914,20.192398071289062,21408900
2016-12-16,23.65999984741211,20.16398811340332,53534400
2016-12-19,23.860000610351562,20.334440231323242,17667900
2016-12-20,23.940000534057617,20.402616500854492,18324300
2016-12-21,23.746667861938477,20.237850189208984,15303000
2016-12-22,23.196666717529297,19.769123077392578,36320400
2016-12-23,23.18000030517578,19.754911422729492,14411700
2016-12-27,23.233333587646484,19.80036163330078,13307100
2016-12-28,23.10333251953125,19.689579010009766,14627100
2016-12-29,23.086666107177734,19.675371170043945,12895200
2016-12-30,23.040000915527344,19.635601043701172,20668500
2017-01-03,22.886667251586914,19.50491714477539,31419600
2017-01-04,23.020000457763672,19.618553161621094,23754000
2017-01-05,23.06999969482422,19.661165237426758,21297600
2017-01-06,22.753332138061523,19.391292572021484,28473300
2017-01-09,22.90333366394043,19.519128799438477,26055600
2017-01-10,22.74333381652832,19.382768630981445,30769500
2017-01-11,22.843332290649414,19.46799659729004,20092800
2017-01-12,22.656667709350586,19.30890655517578,19634700
2017-01-13,22.376667022705078,19.070283889770508,30037500
2017-01-17,22.80666732788086,19.436742782592773,39502500
2017-01-18,22.703332901000977,19.348678588867188,21964500
2017-01-19,22.540000915527344,19.2094783782959,20463300
2017-01-20,22.393333435058594,19.084482192993164,36164100
2017-01-23,22.21666717529297,18.933916091918945,23854200
2017-01-24,22.46666717529297,19.1469783782959,32131800
2017-01-25,22.296667098999023,19.002107620239258,26168700
2017-01-26,22.24333381652832,18.956649780273438,19512300
2017-01-27,21.886667251586914,18.65268325805664,40300800
2017-01-30,22.139999389648438,18.868587493896484,25924500
2017-01-31,22.246667861938477,18.959491729736328,27962700
2017-02-01,22.07666778564453,18.81460952758789,27150000
2017-02-02,22.233333587646484,18.948122024536133,26996100
2017-02-03,22.166667938232422,18.891315460205078,22875900
2017-02-06,22.133333206176758,18.862905502319336,27291600
2017-02-07,22.296667098999023,19.002107620239258,17417100
2017-02-08,22.60333251953125,19.263456344604492,22982400
2017-02-09,23.02666664123535,19.624238967895508,33241500
2017-02-10,22.67333221435547,19.323116302490234,37336800
2017-02-13,22.59000015258789,19.252092361450195,25122900
2017-02-14,22.886667251586914,19.50491714477539,25386900
2017-02-15,22.89666748046875,19.513446807861328,25689900
2017-02-16,22.956666946411133,19.56458282470703,25241400
2017-02-17,23.123332977294922,19.70661735534668,38512200
2017-02-21,23.816667556762695,20.297500610351562,67238700
2017-02-22,23.90333366394043,20.371376037597656,45728100
2017-02-23,23.770000457763672,20.257732391357422,38399100
2017-02-24,24.1299991607666,20.564538955688477,41669700
2017-02-27,23.913333892822266,20.3798885345459,27764100
2017-02-28,23.643333435058594,20.1497859954834,47857800
2017-03-01,23.483333587646484,20.01342010498047,40568100
2017-03-02,23.586666107177734,20.101490020751953,26748900
2017-03-03,23.343332290649414,19.89410972595215,27893700
2017-03-06,23.293333053588867,19.851503372192383,27547800
2017-03-07,23.290000915527344,19.84865951538086,21848700
2017-03-08,23.266666412353516,19.974573135375977,23939400
2017-03-09,23.286666870117188,19.991743087768555,22693500
2017-03-10,23.366666793823242,20.060422897338867,21296400
2017-03-13,23.316667556762695,20.017494201660156,20407500
2017-03-14,23.573333740234375,20.237844467163086,29875200
2017-03-15,23.52666664123535,20.19778060913086,26441400
2017-03-16,23.479999542236328,20.1577205657959,21183000
2017-03-17,23.296667098999023,20.00032615661621,42235200
2017-03-20,23.32666778564453,20.026092529296875,22398600
2017-03-21,23.299999237060547,20.003185272216797,26240400
2017-03-22,23.416667938232422,20.103349685668945,19366800
2017-03-23,23.286666870117188,19.991743087768555,20696400
2017-03-24,23.203332901000977,19.920198440551758,17577000
2017-03-27,23.219999313354492,19.934507369995117,17377800
2017-03-28,23.440000534057617,20.12337875366211,21756600
2017-03-29,23.579999923706055,20.243576049804688,20973000
2017-03-30,23.863332748413086,20.486814498901367,24424500
2017-03-31,24.02666664123535,20.62704086303711,29819400
2017-04-03,23.94333267211914,20.555498123168945,24873900
2017-04-04,24.003332138061523,20.60700225830078,16701900
2017-04-05,23.883333206176758,20.503982543945312,19063500
2017-04-06,23.809999465942383,20.441022872924805,17823300
2017-04-07,24.299999237060547,20.861696243286133,32304000
2017-04-10,24.35333251953125,20.907485961914062,22487700
2017-04-11,24.476667404174805,21.013364791870117,17431500
2017-04-12,24.479999542236328,21.01622772216797,19881900
2017-04-13,24.383333206176758,20.933238983154297,16009200
2017-04-17,24.496667861938477,21.030540466308594,16396200
2017-04-18,24.6299991607666,21.14499855041504,19883700
2017-04-19,24.690000534057617,21.196514129638672,17821800
2017-04-20,24.933332443237305,21.405412673950195,23043900
2017-04-21,24.979999542236328,21.445478439331055,17267100
2017-04-24,24.926666259765625,21.39969253540039,23437500
2017-04-25,25.016666412353516,21.47695541381836,17161200
2017-04-26,25.143333435058594,21.58570098876953,20845500
2017-04-27,25.14666748046875,21.58856773376465,18156600
2017-04-28,25.059999465942383,21.5141544342041,21991200
2017-05-01,25.07666778564453,21.52846336364746,18497700
2017-05-02,25.17333221435547,21.6114559173584,21955200
2017-05-03,25.253332138061523,21.680139541625977,16570800
2017-05-04,25.446666717529297,21.846118927001953,16502400
2017-05-05,25.5,21.89190101623535,16793400
2017-05-08,25.373332977294922,21.783161163330078,19536600
2017-05-09,25.573333740234375,21.954856872558594,24765900
2017-05-10,25.566667556762695,22.09602165222168,22535700
2017-05-11,25.376667022705078,21.931804656982422,25048200
2017-05-12,25.23666763305664,21.810813903808594,17678700
2017-05-15,25.43000030517578,21.977901458740234,26531700
2017-05-16,25.036666870117188,21.637964248657227,25115400
2017-05-17,25.040000915527344,21.640846252441406,32913000
2017-05-18,25.84666633605957,22.338016510009766,57500400
2017-05-19,26.25666618347168,22.692354202270508,55745100
2017-05-22,26.183332443237305,22.628978729248047,26692800
2017-05-23,26.163333892822266,22.611692428588867,22754700
2017-05-24,26.049999237060547,22.513742446899414,22281000
2017-05-25,26.10333251953125,22.55983543395996,18405000
2017-05-26,26.043333053588867,22.50798225402832,18377400
2017-05-30,26.049999237060547,22.513742446899414,16231200
2017-05-31,26.200000762939453,22.643383026123047,24605100
2017-06-01,26.60333251953125,22.99195671081543,24459300
2017-06-02,26.540000915527344,22.937231063842773,23989500
2017-06-05,26.753332138061523,23.12159538269043,30437100
2017-06-06,26.309999465942383,22.73845100402832,34577700
2017-06-07,26.383333206176758,22.801828384399414,25533600
2017-06-08,26.309999465942383,22.73845100402832,32799000
2017-06-09,26.47333335876465,22.879610061645508,28215300
2017-06-12,26.413333892822266,22.827756881713867,31231800
2017-06-13,26.50666618347168,22.908422470092773,16584000
2017-06-14,26.633333206176758,23.01788902282715,15019500
2017-06-15,26.303333282470703,22.732690811157227,33891600
2017-06-16,25.079999923706055,21.6754207611084,168699000
2017-06-19,25.166667938232422,21.750322341918945,48285300
2017-06-20,25.18000030517578,21.7618408203125,30057600
2017-06-21,25.413333892822266,21.963504791259766,27034200
2017-06-22,25.17333221435547,21.756080627441406,24333900
2017-06-23,24.946666717529297,21.5601806640625,39240900
2017-06-26,25.166667938232422,21.750322341918945,25762500
2017-06-27,25.336666107177734,21.897241592407227,19363200
2017-06-28,25.503332138061523,22.04128646850586,20966700
2017-06-29,25.309999465942383,21.874195098876953,21190500
2017-06-30,25.226667404174805,21.802175521850586,20889900
2017-07-03,25.1200008392334,21.709991455078125,14545800
2017-07-05,25.106666564941406,21.69846534729004,18110700
2017-07-06,25.156667709350586,21.74167823791504,18485400
2017-07-07,25.110000610351562,21.70134735107422,15921300
2017-07-10,24.40999984741211,21.096370697021484,45200100
2017-07-11,24.489999771118164,21.165512084960938,22597800
2017-07-12,24.64666748046875,21.300912857055664,17100600
2017-07-13,25.016666412353516,21.620681762695312,24481500
2017-07-14,25.446666717529297,21.99231719970703,27455700
2017-07-17,25.456666946411133,22.000959396362305,26506800
2017-07-18,25.399999618530273,21.951982498168945,12944700
2017-07-19,25.290000915527344,21.856908798217773,15940800
2017-07-20,25.34000015258789,21.90011978149414,14896200
2017-07-21,25.383333206176758,21.937578201293945,21459900
2017-07-24,25.6299991607666,22.1507568359375,22164000
2017-07-25,26.17333221435547,22.620332717895508,34512000
2017-07-26,26.299999237060547,22.729801177978516,20148300
2017-07-27,26.593332290649414,22.983320236206055,24157500
2017-07-28,26.60333251953125,22.99195671081543,14925600
2017-07-31,26.663333892822266,23.043813705444336,18789600
2017-08-01,26.833332061767578,23.190738677978516,17179500
2017-08-02,26.843332290649414,23.199382781982422,26019000
2017-08-03,26.956666946411133,23.29732894897461,29840700
2017-08-04,26.82666778564453,23.18498420715332,21425400
2017-08-07,27.093332290649414,23.415441513061523,16453500
2017-08-08,27.196666717529297,23.504745483398438,22144200
2017-08-09,27.203332901000977,23.658390045166016,19819500
2017-08-10,26.886667251586914,23.382986068725586,24135000
2017-08-11,26.799999237060547,23.307615280151367,23716500
2017-08-14,26.899999618530273,23.394588470458984,23376000
2017-08-15,26.92333221435547,23.414880752563477,21198300
2017-08-16,26.99333381652832,23.475759506225586,34608000
2017-08-17,26.566667556762695,23.104692459106445,51881100
2017-08-18,26.43666648864746,22.991636276245117,29259000
2017-08-21,26.56999969482422,23.10759162902832,28841700
2017-08-22,26.67333221435547,23.19745635986328,19638300
2017-08-23,26.65333366394043,23.180068969726562,23397900
2017-08-24,26.113332748413086,22.710433959960938,57384000
2017-08-25,26.209999084472656,22.794504165649414,29706600
2017-08-28,26.010000228881836,22.62057113647461,25864500
2017-08-29,26.25666618347168,22.83509063720703,22995600
2017-08-30,26.18000030517578,22.768415451049805,17489400
2017-08-31,26.023332595825195,22.632160186767578,24584400
2017-09-01,26.123332977294922,22.719131469726562,19423200
2017-09-05,26.600000381469727,23.133684158325195,36205500
2017-09-06,26.69333267211914,23.21485710144043,25278300
2017-09-07,26.706666946411133,23.22644805908203,20462400
2017-09-08,26.293333053588867,22.866975784301758,29998800
2017-09-11,26.360000610351562,22.924957275390625,21000600
2017-09-12,26.536666870117188,23.078609466552734,18015000
2017-09-13,26.6200008392334,23.151071548461914,26471100
2017-09-14,26.559999465942383,23.098896026611328,20817900
2017-09-15,26.793333053588867,23.301822662353516,39953400
2017-09-18,26.666667938232422,23.19166374206543,24528300
2017-09-19,26.683332443237305,23.206157684326172,18523200
2017-09-20,26.833332061767578,23.336606979370117,15954600
2017-09-21,26.670000076293945,23.194561004638672,19290900
2017-09-22,26.510000228881836,23.05540657043457,17265900
2017-09-25,26.383333206176758,22.94525146484375,25643400
2017-09-26,26.463333129882812,23.014827728271484,17505900
2017-09-27,26.43000030517578,22.9858341217041,18943800
2017-09-28,26.316667556762695,22.887269973754883,37118400
2017-09-29,26.046667098999023,22.652456283569336,31060200
2017-10-02,26.149999618530273,22.742328643798828,23127600
2017-10-03,26.406667709350586,22.965545654296875,23810100
2017-10-04,26.363332748413086,22.9278564453125,18520200
2017-10-05,26.469999313354492,23.02062225341797,15416100
2017-10-06,26.333332061767578,22.901762008666992,18740100
2017-10-09,26.843332290649414,23.34531021118164,40479000
2017-10-10,28.043333053588867,24.388931274414062,75372000
2017-10-11,28.57666778564453,24.852766036987305,55683000
2017-10-12,28.700000762939453,24.96002769470215,38631000
2017-10-13,28.873332977294922,25.11077117919922,28167000
2017-10-16,28.579999923706055,24.855661392211914,27900900
2017-10-17,28.65999984741211,24.92523956298828,17554500
2017-10-18,28.739999771118164,24.994813919067383,16416300
2017-10-19,28.799999237060547,25.046993255615234,21087000
2017-10-20,29.14666748046875,25.348487854003906,22853400
2017-10-23,29.549999237060547,25.699256896972656,31758000
2017-10-24,29.32666778564453,25.505027770996094,23102700
2017-10-25,29.49333381652832,25.649974822998047,19224000
2017-10-26,29.540000915527344,25.690567016601562,19454700
2017-10-27,29.389999389648438,25.56010627746582,19851000
2017-10-30,28.983333587646484,25.206438064575195,21156000
2017-10-31,29.10333251953125,25.310800552368164,18020700
2017-11-01,29.31333351135254,25.493432998657227,18528300
2017-11-02,29.600000381469727,25.742748260498047,15549300
2017-11-03,29.893333435058594,25.997848510742188,19536300
2017-11-06,29.566667556762695,25.713756561279297,15772200
2017-11-07,29.649999618530273,25.786230087280273,16047900
2017-11-08,30.086666107177734,26.165990829467773,20302500
2017-11-09,30.100000381469727,26.17759132385254,20713500
2017-11-10,30.30666732788086,26.35732078552246,22943400
2017-11-13,30.329999923706055,26.377620697021484,25474800
2017-11-14,30.363332748413086,26.40660858154297,29502300
2017-11-15,29.94333267211914,26.041337966918945,25300200
2017-11-16,33.206668853759766,28.879419326782227,114367200
2017-11-17,32.4900016784668,28.25614356994629,70726500
2017-11-20,32.49333190917969,28.259035110473633,49182900
2017-11-21,32.17333221435547,27.980735778808594,38239500
2017-11-22,32.13666534423828,27.9488582611084,26754600
2017-11-24,32.206668853759766,28.009727478027344,13488300
2017-11-27,32.206668853759766,28.009727478027344,26714700
2017-11-28,32.25666809082031,28.0532169342041,26128800
2017-11-29,32.52000045776367,28.282238006591797,34272000
2017-11-30,32.40999984741211,28.186565399169922,38564100
2017-12-01,32.45000076293945,28.221349716186523,24888600
2017-12-04,32.336666107177734,28.12278938293457,26869500
2017-12-05,32.61000061035156,28.36049461364746,27030300
2017-12-06,32.426666259765625,28.20105743408203,21423000
2017-12-07,32.2599983215332,28.203968048095703,22507800
2017-12-08,32.18333435058594,28.13694953918457,17463300
2017-12-11,32.310001373291016,28.247692108154297,26786700
2017-12-12,32.233333587646484,28.1806640625,23431800
2017-12-13,32.586666107177734,28.489572525024414,23638200
2017-12-14,32.37666702270508,28.30597496032715,28157400
2017-12-15,32.369998931884766,28.30014419555664,48428400
2017-12-18,32.633331298828125,28.53036117553711,23893200
2017-12-19,32.93333435058594,28.792654037475586,36036600
2017-12-20,32.91666793823242,28.778076171875,32189400
2017-12-21,32.686668395996094,28.577001571655273,22107300
2017-12-22,32.73666763305664,28.62070655822754,16436100
2017-12-26,33.0533332824707,28.897565841674805,12887700
2017-12-27,33.086666107177734,28.926698684692383,15422400
2017-12-28,33.133331298828125,28.967506408691406,29291700
2017-12-29,32.91666793823242,28.778076171875,21432900
2018-01-02,32.86333465576172,28.731447219848633,30451500
2018-01-03,33.150001525878906,28.982072830200195,26710800
2018-01-04,33.18000030517578,29.00829315185547,20491200
2018-01-05,33.37666702270508,29.18025016784668,21852000
2018-01-08,33.869998931884766,29.61155128479004,26531700
2018-01-09,33.46333312988281,29.25601577758789,21938100
2018-01-10,33.223331451416016,29.046188354492188,23791200
2018-01-11,33.34000015258789,29.148183822631836,19613100
2018-01-12,33.62333297729492,29.395898818969727,20853600
2018-01-16,33.563331604003906,29.343442916870117,21512100
2018-01-17,34.233333587646484,29.9292049407959,26045700
2018-01-18,34.766666412353516,30.39548110961914,36923700
2018-01-19,34.86333465576172,30.480003356933594,25135800
2018-01-22,35.150001525878906,30.730627059936523,21924900
2018-01-23,35.29999923706055,30.861757278442383,24863400
2018-01-24,35.26333236694336,30.829702377319336,20469300
2018-01-25,35.53333282470703,31.065757751464844,17571300
2018-01-26,36.130001068115234,31.587404251098633,20358900
2018-01-29,36.516666412353516,31.925443649291992,25065600
2018-01-30,35.90999984741211,31.39507293701172,27541500
2018-01-31,35.53333282470703,31.065757751464844,29438400
2018-02-01,35.17333221435547,30.751020431518555,19160400
2018-02-02,34.82666778564453,30.447952270507812,27759300
2018-02-05,33.36333465576172,29.168588638305664,37684800
2018-02-06,33.633331298828125,29.40463638305664,49241400
2018-02-07,34.28333282470703,29.972919464111328,33495600
2018-02-08,33.34000015258789,29.148183822631836,41925300
2018-02-09,33.12333297729492,28.95876121520996,42553800
2018-02-12,33.18333435058594,29.011215209960938,27405300
2018-02-13,33.65999984741211,29.427946090698242,19868400
2018-02-14,33.900001525878906,29.63777732849121,21922800
2018-02-15,34.40999984741211,30.083654403686523,22484700
2018-02-16,34.926666259765625,30.53536605834961,48192900
2018-02-20,31.3700008392334,27.425874710083008,156265500
2018-02-21,30.50666618347168,26.671083450317383,148511100
2018-02-22,30.92333221435547,27.03536605834961,61095000
2018-02-23,30.963333129882812,27.070335388183594,38374500
2018-02-26,31.040000915527344,27.13736343383789,44097900
2018-02-27,30.50666618347168,26.671083450317383,40128300
2018-02-28,30.003332138061523,26.231037139892578,42431100
2018-03-01,29.69333267211914,25.96001434326172,56728800
2018-03-02,29.59000015258789,25.869670867919922,57130200
2018-03-05,29.99333381652832,26.222293853759766,40149600
2018-03-06,29.68666648864746,25.95418930053711,33164100
2018-03-07,29.246667861938477,25.56950569152832,34359000
2018-03-08,29.30666732788086,25.774717330932617,28766100
2018-03-09,29.573333740234375,26.009246826171875,29263200
2018-03-12,29.356666564941406,25.81869125366211,25422000
2018-03-13,29.433332443237305,25.886123657226562,21519000
2018-03-14,29.22333335876465,25.701427459716797,33121800
2018-03-15,29.170000076293945,25.654518127441406,49845600
2018-03-16,29.72333335876465,26.141164779663086,85188000
2018-03-19,29.149999618530273,25.636932373046875,36160200
2018-03-20,29.316667556762695,25.783512115478516,24774000
2018-03-21,29.393333435058594,25.850942611694336,35508000
2018-03-22,29.046667098999023,25.546056747436523,36744600
2018-03-23,28.47333335876465,25.041818618774414,30375300
2018-03-26,29.166667938232422,25.651594161987305,27599400
2018-03-27,28.683332443237305,25.226505279541016,19637400
2018-03-28,29.25666618347168,25.730743408203125,34728900
2018-03-29,29.656667709350586,26.082538604736328,27823800
2018-04-02,28.516666412353516,25.079923629760742,57386700
2018-04-03,28.933332443237305,25.446378707885742,29086500
2018-04-04,29.073333740234375,25.569499969482422,19609800
2018-04-05,29.270000457763672,25.742473602294922,19142700
2018-04-06,28.89666748046875,25.414133071899414,19050000
2018-04-09,28.760000228881836,25.2939395904541,25104300
2018-04-10,28.816667556762695,25.343774795532227,27382200
2018-04-11,28.636667251586914,25.18546485900879,18837000
2018-04-12,28.476667404174805,25.04474639892578,20568900
2018-04-13,28.67333221435547,25.217708587646484,22677600
2018-04-16,28.946666717529297,25.45810317993164,21062100
2018-04-17,29.299999237060547,25.76885223388672,20405700
2018-04-18,29.190000534057617,25.672109603881836,17562000
2018-04-19,29.296667098999023,25.76592445373535,19764900
2018-04-20,28.99333381652832,25.4991455078125,24974700
2018-04-23,28.700000762939453,25.24116325378418,22081500
2018-04-24,28.843332290649414,25.367219924926758,25409100
2018-04-25,29.05666732788086,25.55484390258789,20281200
2018-04-26,29.31333351135254,25.780582427978516,17347500
2018-04-27,29.09666633605957,25.590028762817383,16953300
2018-04-30,29.48666763305664,25.93302345275879,26057700
2018-05-01,29.136667251586914,25.62520980834961,20873100
2018-05-02,28.780000686645508,25.311525344848633,18249000
2018-05-03,28.74333381652832,25.27927589416504,20628300
2018-05-04,29.176666259765625,25.660390853881836,20914500
2018-05-07,28.489999771118164,25.056472778320312,32350800
2018-05-08,28.579999923706055,25.135629653930664,19654200
2018-05-09,27.68666648864746,24.349952697753906,96795600
2018-05-10,27.56333351135254,24.394203186035156,47572800
2018-05-11,27.793333053588867,24.597759246826172,29804400
2018-05-14,28.1299991607666,24.895719528198242,28497600
2018-05-15,28.17333221435547,24.93406867980957,27968700
2018-05-16,28.709999084472656,25.40903091430664,41200800
2018-05-17,28.163333892822266,24.92522430419922,89162100
2018-05-18,27.8799991607666,24.674461364746094,36129300
2018-05-21,28.170000076293945,24.931119918823242,32147100
2018-05-22,27.790000915527344,24.59480857849121,24201900
2018-05-23,27.670000076293945,24.488609313964844,28197600
2018-05-24,27.616666793823242,24.441402435302734,25728600
2018-05-25,27.48666763305664,24.326353073120117,17740500
2018-05-29,27.46666717529297,24.308656692504883,25284600
2018-05-30,28.040000915527344,24.816064834594727,27942300
2018-05-31,27.51333236694336,24.349950790405273,34406100
2018-06-01,27.663333892822266,24.482709884643555,15713700
2018-06-04,28.47333335876465,25.1995792388916,32766000
2018-06-05,28.206666946411133,24.963571548461914,24844200
2018-06-06,28.18666648864746,24.945871353149414,22088400
2018-06-07,28.316667556762695,25.060924530029297,23117100
2018-06-08,28.1200008392334,24.88686752319336,22807200
2018-06-11,28.100000381469727,24.86916732788086,18756900
2018-06-12,28.03333282470703,24.810169219970703,24185100
2018-06-13,28.030000686645508,24.807220458984375,19075200
2018-06-14,27.93000030517578,24.71871566772461,22552200
2018-06-15,27.899999618530273,24.692167282104492,37509000
2018-06-18,27.666667938232422,24.485654830932617,25506900
2018-06-19,27.8700008392334,24.665613174438477,28057500
2018-06-20,27.8700008392334,24.665613174438477,23899800
2018-06-21,28.06999969482422,24.842620849609375,24276000
2018-06-22,28.273332595825195,25.022571563720703,32439000
2018-06-25,28.823333740234375,25.509334564208984,47818500
2018-06-26,28.65999984741211,25.364782333374023,30378600
2018-06-27,28.963333129882812,25.633237838745117,30899100
2018-06-28,28.6200008392334,25.329383850097656,25401000
2018-06-29,28.549999237060547,25.267431259155273,24766800
2018-07-02,28.0,24.78066635131836,24375300
2018-07-03,28.14666748046875,24.910465240478516,13188600
2018-07-05,28.190000534057617,24.94881820678711,16102500
2018-07-06,28.170000076293945,24.931119918823242,16841100
2018-07-09,28.643333435058594,25.35003089904785,19726200
2018-07-10,29.06999969482422,25.72764015197754,18145200
2018-07-11,28.843332290649414,25.52703285217285,16787700
2018-07-12,28.84000015258789,25.524093627929688,14665800
2018-07-13,29.233333587646484,25.8721981048584,19165800
2018-07-16,29.213333129882812,25.854494094848633,13341600
2018-07-17,29.39666748046875,26.016752243041992,17734500
2018-07-18,29.356666564941406,25.981351852416992,15136500
2018-07-19,29.239999771118164,25.878093719482422,14649300
2018-07-20,29.35333251953125,25.978391647338867,14445300
2018-07-23,29.209999084472656,25.851547241210938,12450000
2018-07-24,29.31999969482422,25.948896408081055,16768500
2018-07-25,29.299999237060547,25.931196212768555,17427300
2018-07-26,29.40999984741211,26.028547286987305,19644900
2018-07-27,29.376667022705078,25.999055862426758,14038200
2018-07-30,29.626667022705078,26.22030258178711,18032100
2018-07-31,29.74333381652832,26.323556900024414,20124300
2018-08-01,29.413333892822266,26.03150177001953,15150000
2018-08-02,29.586666107177734,26.18490219116211,12918300
2018-08-03,29.866666793823242,26.432714462280273,17241600
2018-08-06,29.889999389648438,26.45336151123047,13954800
2018-08-07,29.92333221435547,26.48286247253418,13580100
2018-08-08,30.016666412353516,26.56546401977539,15123300
2018-08-09,29.670000076293945,26.411170959472656,14183700
2018-08-10,30.059999465942383,26.75833511352539,24734700
2018-08-13,29.8799991607666,26.598098754882812,17637600
2018-08-14,30.28333282470703,26.95713996887207,17510400
2018-08-15,30.073333740234375,26.770204544067383,25850700
2018-08-16,32.880001068115234,29.268600463867188,127893900
2018-08-17,32.616668701171875,29.034191131591797,49389900
2018-08-20,32.0,28.485254287719727,38037900
2018-08-21,32.026668548583984,28.508991241455078,31593900
2018-08-22,31.889999389648438,28.387340545654297,23297100
2018-08-23,31.726667404174805,28.241941452026367,18289200
2018-08-24,31.649999618530273,28.173686981201172,25782900
2018-08-27,31.51333236694336,28.052040100097656,21120900
2018-08-28,32.02333450317383,28.50602149963379,29949000
2018-08-29,31.8799991607666,28.378429412841797,23588400
2018-08-30,32.03333282470703,28.514925003051758,21176100
2018-08-31,31.953332901000977,28.443710327148438,18974100
2018-09-04,31.786666870117188,28.295352935791016,24842100
2018-09-05,32.206668853759766,28.66922378540039,28423800
2018-09-06,32.150001525878906,28.618778228759766,18452400
2018-09-07,31.94333267211914,28.434803009033203,20017200
2018-09-10,32.29999923706055,28.75229835510254,24997800
2018-09-11,32.21333312988281,28.67514991760254,19390500
2018-09-12,31.989999771118164,28.47634506225586,17700000
2018-09-13,31.706666946411133,28.224140167236328,22958700
2018-09-14,31.530000686645508,28.06687355041504,18958200
2018-09-17,31.606666564941406,28.135112762451172,15989400
2018-09-18,31.809999465942383,28.316112518310547,20279400
2018-09-19,31.746667861938477,28.259748458862305,17025300
2018-09-20,31.916667938232422,28.411073684692383,16656900
2018-09-21,31.96666717529297,28.455581665039062,28590300
2018-09-24,31.639999389648438,28.16478729248047,16011000
2018-09-25,31.700000762939453,28.218204498291016,18579600
2018-09-26,31.530000686645508,28.06687355041504,17755800
2018-09-27,31.376667022705078,27.93037986755371,16090200
2018-09-28,31.303333282470703,27.865102767944336,18918900
2018-10-01,31.46666717529297,28.010496139526367,14982900
2018-10-02,31.71666717529297,28.23303985595703,23263800
2018-10-03,31.356666564941406,27.912582397460938,18982200
2018-10-04,31.40333366394043,27.954118728637695,18135900
2018-10-05,31.10333251953125,27.687068939208984,20080200
2018-10-08,31.56333351135254,28.096548080444336,17287800
2018-10-09,32.36000061035156,28.805709838867188,34796700
2018-10-10,31.920000076293945,28.414039611816406,27008400
2018-10-11,31.30666732788086,27.86806869506836,29779500
2018-10-12,31.60333251953125,28.132158279418945,25661700
2018-10-15,31.273332595825195,27.838397979736328,24916500
2018-10-16,31.93666648864746,28.428871154785156,33725100
2018-10-17,32.186668395996094,28.651418685913086,28618200
2018-10-18,32.05666732788086,28.53569221496582,34195200
2018-10-19,32.383331298828125,28.82648277282715,26852100
2018-10-22,32.380001068115234,28.823518753051758,21368700
2018-10-23,32.599998474121094,29.019351959228516,28217400
2018-10-24,32.52000045776367,28.94814109802246,31094100
2018-10-25,33.060001373291016,29.428829193115234,32211300
2018-10-26,32.97999954223633,29.35761070251465,44776800
2018-10-29,33.266666412353516,29.6127986907959,38118300
2018-10-30,34.13999938964844,30.39021110534668,38125500
2018-10-31,33.426666259765625,29.755218505859375,37064700
2018-11-01,33.526668548583984,29.844228744506836,23205300
2018-11-02,33.779998779296875,30.06974983215332,21909600
2018-11-05,34.3033332824707,30.53558921813965,22850400
2018-11-06,34.44333267211914,30.660219192504883,19106100
2018-11-07,34.77333450317383,30.953983306884766,26017800
2018-11-08,34.959999084472656,31.120134353637695,17884200
2018-11-09,35.186668395996094,31.321903228759766,25351200
2018-11-12,34.62333297729492,30.820465087890625,26829300
2018-11-13,34.313331604003906,30.544498443603516,23870100
2018-11-14,33.84333419799805,30.126121520996094,31445700
2018-11-15,33.18000030517578,29.53563690185547,48247800
2018-11-16,32.563331604003906,28.986711502075195,42705600
2018-11-19,32.2599983215332,28.716691970825195,27643200
2018-11-20,31.386667251586914,27.939281463623047,37861800
2018-11-21,31.389999389648438,27.942249298095703,28052700
2018-11-23,31.700000762939453,28.218204498291016,14670000
2018-11-26,31.71666717529297,28.23303985595703,30103800
2018-11-27,31.68000030517578,28.200395584106445,27126900
2018-11-28,32.48666763305664,28.918466567993164,30212400
2018-11-29,32.43000030517578,28.868022918701172,18723900
2018-11-30,32.54999923706055,28.97484588623047,31992000
2018-12-03,32.91666793823242,29.301233291625977,27246300
2018-12-04,31.93666648864746,28.428871154785156,31278900
2018-12-06,31.59000015258789,28.27373695373535,31101600
2018-12-07,31.06333351135254,27.802366256713867,25489500
2018-12-10,31.31333351135254,28.026113510131836,21830700
2018-12-11,31.28333282470703,27.999265670776367,19357500
2018-12-12,31.036666870117188,27.778491973876953,28917600
2018-12-13,30.98666763305664,27.733747482299805,24126900
2018-12-14,30.616666793823242,27.402584075927734,34480800
2018-12-17,30.25666618347168,27.080368041992188,27005400
2018-12-18,30.360000610351562,27.1728572845459,28820100
2018-12-19,30.183332443237305,27.01473617553711,36694500
2018-12-20,29.093332290649414,26.03917121887207,49121400
2018-12-21,29.043333053588867,25.994413375854492,44764500
2018-12-24,28.606666564941406,25.603591918945312,18330900
2018-12-26,30.136667251586914,26.972972869873047,30084900
2018-12-27,30.530000686645508,27.32501220703125,29644500
2018-12-28,30.709999084472656,27.486114501953125,29622000
2018-12-31,31.049999237060547,27.79042625427246,21017400
2019-01-02,31.113332748413086,27.847105026245117,24458100
2019-01-03,30.953332901000977,27.70390510559082,24831900
2019-01-04,31.14666748046875,27.8769474029541,24087300
2019-01-07,31.51333236694336,28.205120086669922,23369100
2019-01-08,31.733333587646484,28.402027130126953,21602700
2019-01-09,31.6299991607666,28.30954360961914,18816900
2019-01-10,31.65333366394043,28.33042335510254,28188900
2019-01-11,31.613332748413086,28.294618606567383,16183800
2019-01-14,31.649999618530273,28.327438354492188,21255300
2019-01-15,32.08333206176758,28.71527862548828,21174600
2019-01-16,32.116668701171875,28.745115280151367,16230000
2019-01-17,32.246665954589844,28.861465454101562,16843500
2019-01-18,32.57666778564453,29.156822204589844,18361800
2019-01-22,32.496665954589844,29.085224151611328,24189600
2019-01-23,32.9033317565918,29.449195861816406,25037400
2019-01-24,32.78666687011719,29.34478187561035,22829100
2019-01-25,32.313331604003906,28.9211368560791,21654600
2019-01-28,32.35333251953125,28.956939697265625,17627400
2019-01-29,32.23666763305664,28.852519989013672,15760200
2019-01-30,31.600000381469727,28.282695770263672,35547900
2019-01-31,31.94333267211914,28.589975357055664,44169000
2019-02-01,31.286666870117188,28.002246856689453,37775700
2019-02-04,31.59000015258789,28.27373695373535,21805800
2019-02-05,31.866666793823242,28.5213623046875,18299700
2019-02-06,31.8799991607666,28.533294677734375,12794700
2019-02-07,32.24333190917969,28.85848045349121,21030300
2019-02-08,31.860000610351562,28.515398025512695,18507600
2019-02-11,32.06666564941406,28.700366973876953,16628400
2019-02-12,32.323333740234375,28.930091857910156,17643900
2019-02-13,32.64666748046875,29.219482421875,16375500
2019-02-14,32.84000015258789,29.39251708984375,21602400
2019-02-15,33.33000183105469,29.83107566833496,28443000
2019-02-19,34.06666564941406,30.490398406982422,62091900
2019-02-20,33.293331146240234,29.798255920410156,52895400
2019-02-21,33.130001068115234,29.65207290649414,19239600
2019-02-22,33.18333435058594,29.699800491333008,24260700
2019-02-25,33.040000915527344,29.57151985168457,27705000
2019-02-26,32.89666748046875,29.443235397338867,25464300
2019-02-27,32.70333480834961,29.270204544067383,23706900
2019-02-28,32.996665954589844,29.53273582458496,34127700
2019-03-01,32.643333435058594,29.216495513916016,31057500
2019-03-04,32.616668701171875,29.192628860473633,23051400
2019-03-05,32.779998779296875,29.33881187438965,18357900
2019-03-06,32.753334045410156,29.314945220947266,14089800
2019-03-07,32.483333587646484,29.073291778564453,18379800
2019-03-08,32.529998779296875,29.11506462097168,16977000
2019-03-11,32.82666778564453,29.38058853149414,16035900
2019-03-12,32.790000915527344,29.34776496887207,15211500
2019-03-13,33.0099983215332,29.544662475585938,16446900
2019-03-14,32.7400016784668,29.460683822631836,14777400
2019-03-15,32.80666732788086,29.520673751831055,43800000
2019-03-18,33.220001220703125,29.892606735229492,17310300
2019-03-19,33.28333282470703,29.94959831237793,16243200
2019-03-20,32.880001068115234,29.586666107177734,18969300
2019-03-21,33.02000045776367,29.7126407623291,19653000
2019-03-22,32.7599983215332,29.478681564331055,20124300
2019-03-25,32.723331451416016,29.4456787109375,16222200
2019-03-26,32.77333450317383,29.490680694580078,14837700
2019-03-27,32.4033317565918,29.15773582458496,25413600
2019-03-28,32.37666702270508,29.133743286132812,24162900
2019-03-29,32.5099983215332,29.25371742248535,22319700
2019-04-01,32.606666564941406,29.340702056884766,25517400
2019-04-02,32.313331604003906,29.076751708984375,18822000
2019-04-03,32.39666748046875,29.151737213134766,17062500
2019-04-04,32.70333480834961,29.427696228027344,12078900
2019-04-05,32.94333267211914,29.643646240234375,13968000
2019-04-08,33.07666778564453,29.763628005981445,16267200
2019-04-09,32.89666748046875,29.601661682128906,13102500
2019-04-10,33.20000076293945,29.874610900878906,12273300
2019-04-11,33.599998474121094,30.234548568725586,16820700
2019-04-12,33.85333251953125,30.462509155273438,15486000
2019-04-15,34.143333435058594,30.723453521728516,15335700
2019-04-16,34.310001373291016,30.873432159423828,14485200
2019-04-17,34.38666534423828,30.94242286682129,11187600
2019-04-18,34.393333435058594,30.94841957092285,11183400
2019-04-22,34.12333297729492,30.70545768737793,15238200
2019-04-23,34.356666564941406,30.91542625427246,15152400
2019-04-24,34.5099983215332,31.053388595581055,14093400
2019-04-25,34.50666809082031,31.050392150878906,11883300
2019-04-26,33.84333419799805,30.453508377075195,24323100
2019-04-29,33.85333251953125,30.462509155273438,19139100
2019-04-30,34.279998779296875,30.8464298248291,18400800
2019-05-01,33.78666687011719,30.402509689331055,16011600
2019-05-02,33.71666717529297,30.33953285217285,15021000
2019-05-03,34.026668548583984,30.61847686767578,15950700
2019-05-06,34.1533317565918,30.73245620727539,13841100
2019-05-07,33.766666412353516,30.38451385498047,13726800
2019-05-08,33.43333435058594,30.08457374572754,17646000
2019-05-09,33.18000030517578,30.015209197998047,18720300
2019-05-10,33.970001220703125,30.729860305786133,26228100
2019-05-13,33.29666519165039,30.120750427246094,22084500
2019-05-14,33.43000030517578,30.241374969482422,19061100
2019-05-15,33.293331146240234,30.117734909057617,20220900
2019-05-16,33.77000045776367,30.548938751220703,51366000
2019-05-17,33.619998931884766,30.413244247436523,37113900
2019-05-20,33.84000015258789,30.61226463317871,21582300
2019-05-21,33.706668853759766,30.491657257080078,20667300
2019-05-22,34.07666778564453,30.826366424560547,22022700
2019-05-23,33.95333480834961,30.714794158935547,19363800
2019-05-24,34.223331451416016,30.959030151367188,13449600
2019-05-28,34.13999938964844,30.883657455444336,30815100
2019-05-29,34.040000915527344,30.793193817138672,19560600
2019-05-30,34.063331604003906,30.81429672241211,15058800
2019-05-31,33.813331604003906,30.5881404876709,17782500
2019-06-03,33.98666763305664,30.744953155517578,19844100
2019-06-04,34.186668395996094,30.925867080688477,17894700
2019-06-05,34.80666732788086,31.486724853515625,20708700
2019-06-06,35.03666687011719,31.694793701171875,24191100
2019-06-07,35.35333251953125,31.981264114379883,20428200
2019-06-10,35.84000015258789,32.421504974365234,18977100
2019-06-11,35.97999954223633,32.54814529418945,20241900
2019-06-12,36.27333450317383,32.813499450683594,13905300
2019-06-13,36.21666717529297,32.762245178222656,16455000
2019-06-14,36.356666564941406,32.88888168334961,13577700
2019-06-17,36.38666534423828,32.916015625,12441000
2019-06-18,36.54999923706055,33.06377410888672,14733600
2019-06-19,36.540000915527344,33.05473709106445,11773800
2019-06-20,36.77333450317383,33.265811920166016,15004500
2019-06-21,37.043331146240234,33.51005935668945,39535800
2019-06-24,37.08000183105469,33.5432243347168,18098400
2019-06-25,36.90666580200195,33.38642883300781,18315000
2019-06-26,36.720001220703125,33.217567443847656,12485100
2019-06-27,36.70000076293945,33.19948196411133,16443900
2019-06-28,36.83000183105469,33.317081451416016,19520100
2019-07-01,36.87333297729492,33.35627365112305,16544100
2019-07-02,37.20000076293945,33.65177917480469,12188700
2019-07-03,37.439998626708984,33.86888885498047,9621900
2019-07-05,37.32666778564453,33.76636505126953,10738200
2019-07-08,37.573333740234375,33.989501953125,14147100
2019-07-09,37.62666702270508,34.037750244140625,16270200
2019-07-10,37.65999984741211,34.067893981933594,13737000
2019-07-11,37.973331451416016,34.351341247558594,11689800
2019-07-12,38.20000076293945,34.556400299072266,11229900
2019-07-15,38.32666778564453,34.670982360839844,10038000
2019-07-16,38.253334045410156,34.604644775390625,10464600
2019-07-17,38.20000076293945,34.556400299072266,8065500
2019-07-18,38.2400016784668,34.59257888793945,9670800
2019-07-19,37.96666717529297,34.34532165527344,11388900
2019-07-22,37.606666564941406,34.019649505615234,13550700
2019-07-23,37.36333465576172,33.79953384399414,17262600
2019-07-24,37.33333206176758,33.77239227294922,12531900
2019-07-25,37.40666580200195,33.83873748779297,11554500
2019-07-26,37.67333221435547,34.07997131347656,14187000
2019-07-29,37.42333221435547,33.85380935668945,11239800
2019-07-30,37.35333251953125,33.790489196777344,9105600
2019-07-31,36.793331146240234,33.28390884399414,18633900
2019-08-01,36.459999084472656,32.982357025146484,22365000
2019-08-02,36.46666717529297,32.9883918762207,16970100
2019-08-05,35.27333450317383,31.90888023376465,22710000
2019-08-06,35.75666809082031,32.34611511230469,21049200
2019-08-07,36.06666564941406,32.626548767089844,21835500
2019-08-08,36.17333221435547,32.88412857055664,13123200
2019-08-09,35.7599983215332,32.50837326049805,12580500
2019-08-12,35.073333740234375,31.884143829345703,17605200
2019-08-13,35.8033332824707,32.547752380371094,20025900
2019-08-14,35.400001525878906,32.181121826171875,27938400
2019-08-15,37.563331604003906,34.147727966308594,59438700
2019-08-16,37.663333892822266,34.23862838745117,32895600
2019-08-19,37.936668395996094,34.48711395263672,21534300
2019-08-20,37.349998474121094,33.95378875732422,18336900
2019-08-21,37.34000015258789,33.944705963134766,24469200
2019-08-22,37.3033332824707,33.91136932373047,17986200
2019-08-23,36.94333267211914,33.584102630615234,18710100
2019-08-26,37.33000183105469,33.935604095458984,17807100
2019-08-27,37.473331451416016,34.06589889526367,17201100
2019-08-28,37.573333740234375,34.15680694580078,16113000
2019-08-29,38.026668548583984,34.56891632080078,15811500
2019-08-30,38.086666107177734,34.62346649169922,17115900
2019-09-03,38.21333312988281,34.738616943359375,17828100
2019-09-04,38.63666534423828,35.12346649169922,17348700
2019-09-05,38.47999954223633,34.981048583984375,17479200
2019-09-06,38.24333190917969,34.765892028808594,13039200
2019-09-09,38.776668548583984,35.25074005126953,17921100
2019-09-10,38.68333435058594,35.16588592529297,14572200
2019-09-11,38.67333221435547,35.15679168701172,15852300
2019-09-12,38.973331451416016,35.42951965332031,13422900
2019-09-13,39.143333435058594,35.58405303955078,16915800
2019-09-16,38.52333450317383,35.02043914794922,18270900
2019-09-17,38.836666107177734,35.305274963378906,13813500
2019-09-18,39.0533332824707,35.502235412597656,11868000
2019-09-19,39.03666687011719,35.487091064453125,10141800
2019-09-20,38.99333190917969,35.447689056396484,33997200
2019-09-23,39.206668853759766,35.641639709472656,15487500
2019-09-24,39.46666717529297,35.877994537353516,21819300
2019-09-25,39.4900016784668,35.89920425415039,13840800
2019-09-26,39.43333435058594,35.84769058227539,11960700
2019-09-27,39.483333587646484,35.89313507080078,10304100
2019-09-30,39.560001373291016,35.96284103393555,10204200
2019-10-01,39.28333282470703,35.71133041381836,11187900
2019-10-02,38.706668853759766,35.18709182739258,17833500
2019-10-03,38.77000045776367,35.24467468261719,15619500
2019-10-04,39.38666534423828,35.80526351928711,13881000
2019-10-07,39.07666778564453,35.5234489440918,14085000
2019-10-08,39.19333267211914,35.6295051574707,15375300
2019-10-09,39.643333435058594,36.03859329223633,11710200
2019-10-10,39.869998931884766,36.2446403503418,13024500
2019-10-11,40.08000183105469,36.4355583190918,18383700
2019-10-14,39.723331451416016,36.11132049560547,13719900
2019-10-15,39.84333419799805,36.22041702270508,13550100
2019-10-16,39.80666732788086,36.187076568603516,11344800
2019-10-17,39.9466667175293,36.31433868408203,11732700
2019-10-18,39.71333312988281,36.10222625732422,16776900
2019-10-21,39.913333892822266,36.28403854370117,10230300
2019-10-22,39.86000061035156,36.23556137084961,7634100
2019-10-23,39.78333282470703,36.165870666503906,8520000
2019-10-24,39.70000076293945,36.09010696411133,8700900
2019-10-25,39.68000030517578,36.07191848754883,7692900
2019-10-28,39.7400016784668,36.12647247314453,10213800
2019-10-29,39.04999923706055,35.49921417236328,14373300
2019-10-30,39.366668701171875,35.787078857421875,8988600
2019-10-31,39.086666107177734,35.53254699707031,14643900
2019-11-01,39.206668853759766,35.641639709472656,11287800
2019-11-04,39.189998626708984,35.62647247314453,13938000
2019-11-05,39.619998931884766,36.01737976074219,12651300
2019-11-06,39.83333206176758,36.2113037109375,10843200
2019-11-07,40.07666778564453,36.43251419067383,13324200
2019-11-08,39.813331604003906,36.19313430786133,11498100
2019-11-11,39.68000030517578,36.07191848754883,13317000
2019-11-12,39.706668853759766,36.096160888671875,15189300
2019-11-13,40.32666778564453,36.65979766845703,23135400
2019-11-14,40.21666717529297,36.55978775024414,67512600
2019-11-15,39.62333297729492,36.020408630371094,30413100
2019-11-18,40.08333206176758,36.43857955932617,19644000
2019-11-19,39.96333312988281,36.329490661621094,11146200
2019-11-20,39.709999084472656,36.09919738769531,15227700
2019-11-21,39.95333480834961,36.320411682128906,12908400
2019-11-22,39.78666687011719,36.16889190673828,11529300
2019-11-25,39.63999938964844,36.03556442260742,17644500
2019-11-26,39.72999954223633,36.11738204956055,18877500
2019-11-27,39.586666107177734,35.98707962036133,10302300
2019-11-29,39.6966667175293,36.08707809448242,9471900
2019-12-02,39.7599983215332,36.1446418762207,17012700
2019-12-03,39.55666732788086,35.959808349609375,19784400
2019-12-04,39.563331604003906,35.96586608886719,16669800
2019-12-05,39.5533332824707,36.1180534362793,13058400
2019-12-06,39.926666259765625,36.4589729309082,13022400
2019-12-09,39.78666687011719,36.33112716674805,14448000
2019-12-10,39.71333312988281,36.26417541503906,12846900
2019-12-11,39.66666793823242,36.221561431884766,10519200
2019-12-12,39.91999816894531,36.452880859375,12447000
2019-12-13,40.0966682434082,36.61420822143555,16098900
2019-12-16,40.18000030517578,36.6902961730957,16052100
2019-12-17,40.426666259765625,36.9155387878418,13727400
2019-12-18,39.95333480834961,36.48332214355469,15309000
2019-12-19,40.026668548583984,36.5502815246582,13392300
2019-12-20,40.0966682434082,36.61420822143555,23863200
2019-12-23,39.676666259765625,36.230690002441406,13457400
2019-12-24,39.836666107177734,36.37677764892578,6682200
2019-12-26,39.84000015258789,36.37983703613281,12671400
2019-12-27,39.86333465576172,36.4011344909668,10632000
2019-12-30,39.79999923706055,36.343299865722656,8837400
2019-12-31,39.61333465576172,36.17284393310547,14736000
2020-01-02,39.64666748046875,36.203285217285156,20294700
2020-01-03,39.29666519165039,35.88368606567383,16197600
2020-01-06,39.21666717529297,35.81062316894531,19336500
2020-01-07,38.85333251953125,35.478843688964844,20540700
2020-01-08,38.720001220703125,35.35710906982422,17627400
2020-01-09,39.119998931884766,35.72236251831055,16691100
2020-01-10,38.793331146240234,35.42406463623047,18164400
2020-01-13,38.62666702270508,35.27186965942383,18337800
2020-01-14,38.72666549682617,35.36318588256836,19757400
2020-01-15,38.426666259765625,35.08925247192383,22362600
2020-01-16,38.633331298828125,35.27796173095703,16108200
2020-01-17,38.31999969482422,34.99184799194336,30135000
2020-01-21,38.529998779296875,35.1836051940918,22061100
2020-01-22,38.70000076293945,35.33884048461914,14778300
2020-01-23,38.60333251953125,35.25056838989258,12915300
2020-01-24,38.12333297729492,34.8122444152832,13150200
2020-01-27,38.619998931884766,35.265777587890625,21055200
2020-01-28,38.866668701171875,35.49103546142578,15810600
2020-01-29,38.630001068115234,35.27490997314453,11326500
2020-01-30,38.86000061035156,35.484947204589844,13744500
2020-01-31,38.163333892822266,34.848777770996094,23327400
2020-02-03,38.09000015258789,34.78181076049805,13041300
2020-02-04,38.42333221435547,35.086204528808594,15696600
2020-02-05,38.936668395996094,35.55495834350586,17048700
2020-02-06,38.77000045776367,35.402748107910156,16058700
2020-02-07,38.81666564941406,35.44537353515625,11068800
2020-02-10,38.41666793823242,35.080108642578125,18434700
2020-02-11,38.46666717529297,35.12576675415039,17390400
2020-02-12,38.616668701171875,35.26274490356445,14206800
2020-02-13,39.14666748046875,35.74671173095703,15999600
2020-02-14,39.29666519165039,35.88368606567383,24391800
2020-02-18,39.87666702270508,36.413299560546875,34539600
2020-02-19,39.22666549682617,35.81975555419922,21563400
2020-02-20,39.22999954223633,35.82280349731445,15068700
2020-02-21,39.526668548583984,36.09371566772461,18726300
2020-02-24,38.77333450317383,35.405799865722656,19848000
2020-02-25,38.130001068115234,34.81834030151367,23292900
2020-02-26,37.926666259765625,34.63267135620117,20019900
2020-02-27,36.79999923706055,33.60384750366211,28476900
2020-02-28,35.893333435058594,32.775936126708984,52369200
2020-03-02,38.62666702270508,35.27186965942383,51222600
2020-03-03,37.63666534423828,34.367862701416016,33340800
2020-03-04,38.92333221435547,35.54277038574219,24625200
2020-03-05,38.63999938964844,35.2840461730957,25638300
2020-03-06,39.07666778564453,35.68278884887695,29411100
2020-03-09,39.0533332824707,35.66148376464844,59243400
2020-03-10,39.93000030517578,36.462013244628906,37797300
2020-03-11,38.143333435058594,34.83052444458008,31620000
2020-03-12,34.68333435058594,31.671022415161133,56323200
2020-03-13,38.03333282470703,34.73008346557617,42962100
2020-03-16,35.586666107177734,32.49589920043945,36753900
2020-03-17,39.753334045410156,36.30069351196289,52806000
2020-03-18,40.86000061035156,37.31124496459961,77355900
2020-03-19,39.81666564941406,36.519405364990234,57100500
2020-03-20,37.9900016784668,34.8440055847168,55423500
2020-03-23,38.09333419799805,34.93878173828125,39366000
2020-03-24,38.34333419799805,35.168067932128906,42705000
2020-03-25,36.46666717529297,33.446815490722656,53287500
2020-03-26,36.606666564941406,33.575233459472656,58250700
2020-03-27,36.526668548583984,33.501853942871094,36160500
2020-03-30,38.39666748046875,35.21699142456055,29212500
2020-03-31,37.87333297729492,34.73699188232422,26258400
2020-04-01,38.04666519165039,34.89596176147461,28269600
2020-04-02,39.54999923706055,36.27481460571289,29515500
2020-04-03,39.82666778564453,36.528564453125,28625100
2020-04-06,42.02333450317383,38.543331146240234,47768700
2020-04-07,40.663333892822266,37.295955657958984,41369700
2020-04-08,40.61333465576172,37.250099182128906,27876600
2020-04-09,40.599998474121094,37.23786544799805,32828700
2020-04-13,41.766666412353516,38.30791091918945,24194100
2020-04-14,43.0,39.43912887573242,34098900
2020-04-15,42.91999816894531,39.3657341003418,22435200
2020-04-16,44.11000061035156,40.45719528198242,31882200
2020-04-17,44.040000915527344,40.393001556396484,30915300
2020-04-20,43.28333282470703,39.69898223876953,24401700
2020-04-21,43.06999969482422,39.50331115722656,27900600
2020-04-22,43.86333465576172,40.230953216552734,19448100
2020-04-23,42.84333419799805,39.295413970947266,28839900
2020-04-24,43.14666748046875,39.573638916015625,17343600
2020-04-27,42.766666412353516,39.225101470947266,17923800
2020-04-28,42.66666793823242,39.13338088989258,20732100
2020-04-29,41.20000076293945,37.788169860839844,44612100
2020-04-30,40.516666412353516,37.16143798828125,40497900
2020-05-01,40.973331451416016,37.58027648925781,31143900
2020-05-04,41.233333587646484,37.818756103515625,17807700
2020-05-05,41.57666778564453,38.1336555480957,19337400
2020-05-06,41.099998474121094,37.69645309448242,17309100
2020-05-07,40.630001068115234,37.42930221557617,27345600
2020-05-08,40.97999954223633,37.75173568725586,20830800
2020-05-11,41.223331451416016,37.975887298583984,25341900
2020-05-12,41.2599983215332,38.00967025756836,19100100
2020-05-13,41.23666763305664,37.9881706237793,29175300
2020-05-14,41.13999938964844,37.89911651611328,22233000
2020-05-15,41.97999954223633,38.67295837402344,31770000
2020-05-18,42.5533332824707,39.20111846923828,38633700
2020-05-19,41.650001525878906,38.36894989013672,74746200
2020-05-20,41.81666564941406,38.52248764038086,32246400
2020-05-21,41.663333892822266,38.381229400634766,22448100
2020-05-22,41.44333267211914,38.17856216430664,22359600
2020-05-26,41.28666687011719,38.03423309326172,23730600
2020-05-27,40.82666778564453,37.610477447509766,31073700
2020-05-28,41.22999954223633,37.982032775878906,24424800
2020-05-29,41.35333251953125,38.09564971923828,29311200
2020-06-01,41.31999969482422,38.064945220947266,20550300
2020-06-02,41.313331604003906,38.05880355834961,19187700
2020-06-03,41.15666580200195,37.91448211669922,20262900
2020-06-04,40.70333480834961,37.496864318847656,24015000
2020-06-05,40.52000045776367,37.327964782714844,39337200
2020-06-08,40.413333892822266,37.22970199584961,28344300
2020-06-09,40.45000076293945,37.263484954833984,20746200
2020-06-10,40.38666534423828,37.205135345458984,28141500
2020-06-11,40.029998779296875,36.87656784057617,34162800
2020-06-12,39.246665954589844,36.15494155883789,32359200
2020-06-15,39.36000061035156,36.25934600830078,32703300
2020-06-16,39.883331298828125,36.741458892822266,25167600
2020-06-17,39.676666259765625,36.55107879638672,20166900
2020-06-18,39.33000183105469,36.231719970703125,20070000
2020-06-19,39.95000076293945,36.80287170410156,40078800
2020-06-22,40.560001373291016,37.36481475830078,27338400
2020-06-23,40.356666564941406,37.17749786376953,19727700
2020-06-24,40.099998474121094,36.94104766845703,20614800
2020-06-25,39.9033317565918,36.7598762512207,20569800
2020-06-26,39.439998626708984,36.33304977416992,26991600
2020-06-29,39.686668395996094,36.56028366088867,16511400
2020-06-30,39.926666259765625,36.7813720703125,20509200
2020-07-01,39.89666748046875,36.75373458862305,19733700
2020-07-02,39.73666763305664,36.606346130371094,17695800
2020-07-06,39.630001068115234,36.508087158203125,21695100
2020-07-07,42.31666564941406,38.98309326171875,93458100
2020-07-08,41.47999954223633,38.21234893798828,52217100
2020-07-09,42.58333206176758,39.228755950927734,42771600
2020-07-10,43.560001373291016,40.12849044799805,44236800
2020-07-13,43.17333221435547,39.77227783203125,42338400
2020-07-14,44.003334045410156,40.536903381347656,26455800
2020-07-15,44.0,40.5338249206543,31731300
2020-07-16,44.06666564941406,40.59524154663086,17676600
2020-07-17,43.913333892822266,40.4539909362793,18189600
2020-07-20,43.823333740234375,40.37107849121094,18342600
2020-07-21,44.11000061035156,40.63515853881836,21712500
2020-07-22,44.220001220703125,40.736488342285156,16164600
2020-07-23,43.880001068115234,40.42327880859375,16796400
2020-07-24,43.746665954589844,40.30044174194336,13037400
2020-07-27,43.73666763305664,40.291236877441406,14045700
2020-07-28,43.91999816894531,40.46013259887695,14414100
2020-07-29,43.563331604003906,40.131553649902344,14223300
2020-07-30,43.37333297729492,39.95652389526367,13788300
2020-07-31,43.133331298828125,39.73543167114258,21631500
2020-08-03,43.099998474121094,39.70471954345703,14971500
2020-08-04,43.880001068115234,40.42327880859375,18219600
2020-08-05,43.27000045776367,39.861328125,25483500
2020-08-06,43.116668701171875,39.72008514404297,14496300
2020-08-07,43.323333740234375,39.910457611083984,16558500
2020-08-10,43.959999084472656,40.49696731567383,17683200
2020-08-11,43.400001525878906,39.98108673095703,25360200
2020-08-12,43.96333312988281,40.50005340576172,19094400
2020-08-13,43.95000076293945,40.654212951660156,19867200
2020-08-14,44.20000076293945,40.885467529296875,20106300
2020-08-17,45.20000076293945,41.81047439575195,39465000
2020-08-18,44.9033317565918,41.53606414794922,80232600
2020-08-19,44.13666534423828,40.82688522338867,38155200
2020-08-20,43.52333450317383,40.259544372558594,26810700
2020-08-21,43.87666702270508,40.58638381958008,24864000
2020-08-24,43.776668548583984,40.4938850402832,19813800
2020-08-25,43.543331146240234,40.278045654296875,21722400
2020-08-26,43.56666564941406,40.29962921142578,18814800
2020-08-27,45.543331146240234,42.12805938720703,119018700
2020-08-28,46.766666412353516,43.259666442871094,64050900
2020-08-31,46.28333282470703,42.81256866455078,45236400
2020-09-01,49.1966667175293,45.50743103027344,106798200
2020-09-02,49.22666549682617,45.535179138183594,51666000
2020-09-03,48.18000030517578,44.56700897216797,48015000
2020-09-04,47.61000061035156,44.039764404296875,33982200
2020-09-08,46.150001525878906,42.689239501953125,33966900
2020-09-09,46.630001068115234,43.133235931396484,33669000
2020-09-10,45.60333251953125,42.18355941772461,33709200
2020-09-11,45.56666564941406,42.14965057373047,28879800
2020-09-14,45.77333450317383,42.340824127197266,45733800
2020-09-15,45.78666687011719,42.353153228759766,30427800
2020-09-16,45.41999816894531,42.013980865478516,27860400
2020-09-17,45.563331604003906,42.14656066894531,37245000
2020-09-18,45.0966682434082,41.71489334106445,54709200
2020-09-21,45.689998626708984,42.263729095458984,47275500
2020-09-22,46.10333251953125,42.64606857299805,33102000
2020-09-23,45.33000183105469,41.93073654174805,23133300
2020-09-24,45.56666564941406,42.14965057373047,29453100
2020-09-25,45.75666809082031,42.32539749145508,22618800
2020-09-28,45.75,42.31924057006836,21197100
2020-09-29,45.71333312988281,42.285316467285156,27702900
2020-09-30,46.63666534423828,43.13941192626953,34826400
2020-10-01,47.69333267211914,44.11684036254883,43290900
2020-10-02,46.83333206176758,43.32133102416992,24585000
2020-10-05,47.266666412353516,43.72216033935547,14259000
2020-10-06,46.87666702270508,43.36140823364258,21475500
2020-10-07,46.96333312988281,43.44158172607422,16949100
2020-10-08,47.119998931884766,43.58650207519531,14676900
2020-10-09,47.59333419799805,44.02434158325195,14494800
2020-10-12,48.08333206176758,44.47759246826172,18402300
2020-10-13,48.74333190917969,45.08810043334961,23800200
2020-10-14,47.97999954223633,44.38199996948242,19710900
2020-10-15,48.176666259765625,44.56391906738281,13692600
2020-10-16,48.23666763305664,44.61943054199219,16935000
2020-10-19,47.650001525878906,44.07675552368164,14643300
2020-10-20,47.96666717529297,44.369667053222656,14523000
2020-10-21,48.133331298828125,44.523841857910156,13114200
2020-10-22,47.849998474121094,44.26175308227539,13344000
2020-10-23,47.95000076293945,44.35425567626953,10540500
2020-10-26,47.38666534423828,43.83315658569336,16111800
2020-10-27,47.62333297729492,44.05209732055664,11831100
2020-10-28,46.68000030517578,43.17949295043945,16849200
2020-10-29,46.63999938964844,43.14249038696289,15153900
2020-10-30,46.25,42.781734466552734,18601800
2020-11-02,46.79999923706055,43.29050064086914,16575600
2020-11-03,47.59333419799805,44.02434158325195,15413100
2020-11-04,47.31999969482422,43.77150344848633,17927400
2020-11-05,47.823333740234375,44.237098693847656,14202600
2020-11-06,48.59000015258789,44.946266174316406,16198500
2020-11-09,47.8466682434082,44.25867462158203,28198500
2020-11-10,48.52000045776367,44.88151168823242,18199200
2020-11-11,49.32666778564453,45.627681732177734,18805800
2020-11-12,49.40999984741211,45.70477294921875,12564300
2020-11-13,50.18000030517578,46.417030334472656,19738200
2020-11-16,50.813331604003906,47.002864837646484,34560300
2020-11-17,49.790000915527344,46.05628204345703,42711600
2020-11-18,49.6966667175293,45.96993637084961,24936900
2020-11-19,50.706668853759766,46.904205322265625,18590700
2020-11-20,50.08000183105469,46.32453155517578,21937200
2020-11-23,50.310001373291016,46.53727722167969,18557100
2020-11-24,50.45333480834961,46.669864654541016,17155200
2020-11-25,50.61000061035156,46.81478500366211,13833300
2020-11-27,50.53333282470703,46.74386978149414,10999500
2020-11-30,50.93000030517578,47.11079025268555,32695500
2020-12-01,50.880001068115234,47.064537048339844,22935300
2020-12-02,50.17333221435547,46.41087341308594,23547000
2020-12-03,49.766666412353516,46.03470230102539,25725900
2020-12-04,49.63666534423828,45.91444396972656,20889300
2020-12-07,49.369998931884766,45.66776657104492,18479100
2020-12-08,49.81666564941406,46.080936431884766,20716500
2020-12-09,49.42333221435547,45.717098236083984,20139600
2020-12-10,49.01333236694336,45.50357437133789,20652300
2020-12-11,49.0,45.49119567871094,16860900
2020-12-14,48.54999923706055,45.07341384887695,25088100
2020-12-15,48.526668548583984,45.05175018310547,31871400
2020-12-16,48.47666549682617,45.00533676147461,25650900
2020-12-17,48.70000076293945,45.21267318725586,30679500
2020-12-18,48.650001525878906,45.166263580322266,41384100
2020-12-21,48.65666580200195,45.17245864868164,25553100
2020-12-22,48.06666564941406,44.62469482421875,37599000
2020-12-23,47.7400016784668,44.32142639160156,20430600
2020-12-24,47.83333206176758,44.40806579589844,9054600
2020-12-28,48.40666580200195,44.94034957885742,19344900
2020-12-29,48.099998474121094,44.6556396484375,17938200
2020-12-30,48.060001373291016,44.61851501464844,18751200
2020-12-31,48.04999923706055,44.60922622680664,17814000
2021-01-04,48.84333419799805,45.34574508666992,32182200
2021-01-05,48.58333206176758,45.104366302490234,26498100
2021-01-06,48.88666534423828,45.385986328125,21918900
2021-01-07,48.883331298828125,45.38289260864258,20538000
2021-01-08,48.87666702270508,45.376686096191406,24478200
2021-01-11,49.0966682434082,45.5809440612793,26264400
2021-01-12,49.65666580200195,46.10083770751953,23373300
2021-01-13,49.150001525878906,45.63045883178711,16069500
2021-01-14,48.9900016784668,45.481910705566406,23017200
2021-01-15,48.21333312988281,44.7608528137207,35920500
2021-01-19,47.79666519165039,44.37403869628906,24123600
2021-01-20,48.503334045410156,45.03010177612305,23775600
2021-01-21,48.28333282470703,44.825843811035156,14325900
2021-01-22,48.776668548583984,45.28384780883789,19219500
2021-01-25,48.733333587646484,45.24362564086914,19031100
2021-01-26,49.16999816894531,45.649024963378906,15031500
2021-01-27,47.9466667175293,44.51329040527344,29910300
2021-01-28,47.91666793823242,44.485443115234375,22301700
2021-01-29,46.83000183105469,43.476593017578125,32509200
2021-02-01,46.42333221435547,43.09903335571289,25945200
2021-02-02,46.92333221435547,43.5632209777832,27002400
2021-02-03,47.06666564941406,43.6963005065918,14966700
2021-02-04,47.5099983215332,44.10789489746094,17346300
2021-02-05,48.119998931884766,44.67420959472656,20451600
2021-02-08,48.34333419799805,44.88154983520508,15825300
2021-02-09,48.61000061035156,45.12913513183594,15906900
2021-02-10,48.043331146240234,44.60304260253906,18576900
2021-02-11,48.00666809082031,44.568992614746094,12791400
2021-02-12,48.15666580200195,44.708251953125,13423500
2021-02-16,48.5533332824707,45.076515197753906,27891000
2021-02-17,49.06666564941406,45.5530891418457,25571100
2021-02-18,45.88666534423828,42.60080337524414,96927300
2021-02-19,46.11333465576172,42.81123352050781,36606000
2021-02-22,45.89666748046875,42.61008834838867,32106600
2021-02-23,45.15666580200195,41.9230842590332,31300200
2021-02-24,44.4033317565918,41.22368621826172,46565700
2021-02-25,43.983333587646484,40.833763122558594,33324600
2021-02-26,43.30666732788086,40.20555877685547,42470700
2021-03-01,43.790000915527344,40.654273986816406,34634400
2021-03-02,43.369998931884766,40.26435089111328,29230800
2021-03-03,42.529998779296875,39.4844970703125,41837400
2021-03-04,42.5099983215332,39.46593475341797,45348000
2021-03-05,43.040000915527344,39.957977294921875,34073700
2021-03-08,42.62666702270508,39.574249267578125,40988400
2021-03-09,42.96333312988281,39.886810302734375,31988700
2021-03-10,44.060001373291016,40.90494155883789,44929200
2021-03-11,44.043331146240234,40.88947296142578,35489700
2021-03-12,44.706668853759766,41.50529861450195,28437600
2021-03-15,44.47666549682617,41.291770935058594,25071900
2021-03-16,44.46333312988281,41.27938461303711,19881000
2021-03-17,44.09333419799805,40.93588638305664,24156300
2021-03-18,43.336666107177734,40.401390075683594,29815500
2021-03-19,43.913333892822266,40.938987731933594,57703500
2021-03-22,44.12333297729492,41.134765625,24654000
2021-03-23,44.64666748046875,41.62265396118164,29154900
2021-03-24,44.369998931884766,41.36473083496094,23547300
2021-03-25,44.66999816894531,41.644405364990234,28125900
2021-03-26,45.043331146240234,41.99245071411133,28653600
2021-03-29,45.55666732788086,42.47102737426758,30146400
2021-03-30,45.246665954589844,42.1820182800293,27230100
2021-03-31,45.276668548583984,42.209991455078125,24546000
2021-04-01,45.206668853759766,42.144737243652344,25595100
2021-04-05,46.47666549682617,43.328712463378906,40043100
2021-04-06,46.70000076293945,43.536922454833984,31044600
2021-04-07,46.599998474121094,43.44368362426758,20361600
2021-04-08,46.56999969482422,43.415714263916016,19095600
2021-04-09,46.59333419799805,43.43748092651367,20676600
2021-04-12,46.599998474121094,43.44368362426758,18723000
2021-04-13,46.456668853759766,43.31006622314453,17397900
2021-04-14,46.439998626708984,43.29452896118164,21924600
2021-04-15,46.720001220703125,43.55555725097656,21710400
2021-04-16,46.869998931884766,43.695396423339844,26488500
2021-04-19,46.56999969482422,43.415714263916016,19281000
2021-04-20,46.93000030517578,43.7513427734375,24452100
2021-04-21,47.06666564941406,43.87874221801758,17335200
2021-04-22,46.55666732788086,43.403289794921875,19705200
2021-04-23,46.633331298828125,43.474761962890625,22971000
2021-04-26,45.970001220703125,42.85636520385742,22846200
2021-04-27,46.12666702270508,43.00241470336914,16151400
2021-04-28,45.96333312988281,42.85014343261719,14286600
2021-04-29,46.543331146240234,43.39085388183594,19596000
2021-04-30,46.63666534423828,43.47788619995117,19680000
2021-05-03,47.37333297729492,44.164634704589844,27139500
2021-05-04,46.90666580200195,43.72957992553711,19084200
2021-05-05,46.866668701171875,43.692283630371094,18351000
2021-05-06,47.016666412353516,44.0042724609375,16302000
2021-05-07,46.733333587646484,43.73908233642578,23408400
2021-05-10,46.939998626708984,43.93251419067383,26307600
2021-05-11,46.516666412353516,43.53630447387695,26464200
2021-05-12,45.313331604003906,42.410064697265625,25998300
2021-05-13,46.08000183105469,43.12761306762695,21475200
2021-05-14,46.50666809082031,43.52695846557617,16091700
2021-05-17,46.29666519165039,43.33039855957031,19675800
2021-05-18,47.3033332824707,44.2725715637207,58183800
2021-05-19,47.30666732788086,44.27568435668945,34874700
2021-05-20,47.473331451416016,44.431671142578125,30540900
2021-05-21,47.25,44.22265625,22927500
2021-05-24,47.253334045410156,44.22577667236328,18945900
2021-05-25,47.4466667175293,44.40672302246094,21505200
2021-05-26,47.38999938964844,44.35368347167969,19294200
2021-05-27,47.22999954223633,44.20392608642578,56577000
2021-05-28,47.34333419799805,44.31001281738281,21186300
2021-06-01,47.220001220703125,44.19457244873047,20767500
2021-06-02,47.116668701171875,44.097869873046875,23298000
2021-06-03,47.20000076293945,44.17586135864258,18374400
2021-06-04,47.28333282470703,44.253849029541016,13635900
2021-06-07,46.96666717529297,43.95747375488281,16630800
2021-06-08,46.61000061035156,43.6236572265625,20120700
2021-06-09,46.36000061035156,43.38966751098633,17085300
2021-06-10,46.62666702270508,43.63925552368164,16378500
2021-06-11,46.91666793823242,43.910675048828125,25232400
2021-06-14,46.85333251953125,43.85140609741211,15140700
2021-06-15,46.66666793823242,43.676700592041016,19327200
2021-06-16,45.71666717529297,42.78756332397461,28794900
2021-06-17,45.90666580200195,42.96539306640625,19341900
2021-06-18,45.05666732788086,42.169857025146484,44812800
2021-06-21,45.46666717529297,42.55358123779297,20775000
2021-06-22,45.676666259765625,42.75012969970703,19107000
2021-06-23,45.31999969482422,42.41630554199219,19390500
2021-06-24,45.63666534423828,42.712677001953125,23444100
2021-06-25,46.176666259765625,43.21809005737305,28640700
2021-06-28,46.03333282470703,43.08394241333008,15549000
2021-06-29,45.766666412353516,42.834354400634766,35962500
2021-06-30,47.00666809082031,43.99492263793945,45511200
2021-07-01,46.439998626708984,43.464542388916016,26348700
2021-07-02,46.70333480834961,43.711021423339844,26280600
2021-07-06,46.64666748046875,43.65797805786133,18279300
2021-07-07,46.56999969482422,43.58622360229492,25607400
2021-07-08,46.529998779296875,43.54877853393555,21267000
2021-07-09,46.766666412353516,43.7702751159668,15185400
2021-07-12,46.68333435058594,43.692283630371094,19515000
2021-07-13,46.86000061035156,43.857643127441406,18947700
2021-07-14,47.18333435058594,44.160255432128906,18812100
2021-07-15,47.220001220703125,44.19457244873047,17974800
2021-07-16,47.186668395996094,44.16339111328125,18095400
2021-07-19,47.07666778564453,44.0604248046875,27383100
2021-07-20,47.290000915527344,44.26008987426758,19020300
2021-07-21,47.05666732788086,44.04170608520508,18591900
2021-07-22,47.09000015258789,44.07290267944336,13013400
2021-07-23,47.47666549682617,44.4348030090332,15947400
2021-07-26,47.543331146240234,44.497188568115234,18517200
2021-07-27,47.54666519165039,44.50031280517578,15395700
2021-07-28,47.35333251953125,44.31936264038086,14071500
2021-07-29,47.413333892822266,44.37552261352539,11063100
2021-07-30,47.516666412353516,44.47223663330078,16332300
2021-08-02,47.40666580200195,44.36928176879883,19958400
2021-08-03,47.939998626708984,44.86844253540039,18915300
2021-08-04,47.61333465576172,44.56270980834961,15301500
2021-08-05,48.496665954589844,45.38945007324219,27005400
2021-08-06,48.40999984741211,45.30833435058594,19263600
2021-08-09,48.526668548583984,45.41752624511719,15811800
2021-08-10,49.560001373291016,46.3846549987793,38262000
2021-08-11,50.003334045410156,46.79957580566406,41455800
2021-08-12,49.686668395996094,46.6743278503418,18269100
2021-08-13,49.84333419799805,46.82148742675781,15981300
2021-08-16,50.25,47.20351028442383,47791500
2021-08-17,50.233333587646484,47.18784713745117,50950200
2021-08-18,49.70000076293945,46.68684768676758,28211700
2021-08-19,50.03666687011719,47.00310134887695,22630500
2021-08-20,50.483333587646484,47.42269515991211,19400400
2021-08-23,50.150001525878906,47.10958480834961,16166100
2021-08-24,49.633331298828125,46.62422180175781,18828900
2021-08-25,49.6533317565918,46.64300537109375,21921300
2021-08-26,49.116668701171875,46.13888168334961,23466900
2021-08-27,48.84000015258789,45.878990173339844,23088600
2021-08-30,49.233333587646484,46.24848556518555,16440600
2021-08-31,49.366668701171875,46.37372589111328,25078500
2021-09-01,49.2599983215332,46.27352523803711,19056600
2021-09-02,49.52000045776367,46.51776885986328,20018100
2021-09-03,49.75,46.73381805419922,17211900
2021-09-07,49.09000015258789,46.11383819580078,25345200
2021-09-08,49.1533317565918,46.17332458496094,19508400
2021-09-09,48.80666732788086,45.847679138183594,22328700
2021-09-10,48.630001068115234,45.68172836303711,15775200
2021-09-13,48.35333251953125,45.42183303833008,19529400
2021-09-14,48.099998474121094,45.18385314941406,16533900
2021-09-15,48.18333435058594,45.26214599609375,14850000
2021-09-16,48.34333419799805,45.412437438964844,18428400
2021-09-17,48.24333190917969,45.31849670410156,73032600
2021-09-20,47.58000183105469,44.69538879394531,25054500
2021-09-21,47.67333221435547,44.78305435180664,17437500
2021-09-22,47.563331604003906,44.679718017578125,15044400
2021-09-23,47.59000015258789,44.704776763916016,15585300
2021-09-24,47.723331451416016,44.83002471923828,13360500
2021-09-27,47.41666793823242,44.54194641113281,21250800
2021-09-28,46.83333206176758,43.993988037109375,20580900
2021-09-29,46.813331604003906,43.975196838378906,21375600
2021-09-30,46.459999084472656,43.643280029296875,22457700
2021-10-01,45.68333435058594,42.91371154785156,30014400
2021-10-04,45.24333190917969,42.50037384033203,29970300
2021-10-05,45.540000915527344,42.77906036376953,20597400
2021-10-06,45.87333297729492,43.092185974121094,19376700
2021-10-07,46.413333892822266,43.59944152832031,21068100
2021-10-08,46.5533332824707,43.73095703125,13847400
2021-10-11,46.5099983215332,43.690250396728516,13048200
2021-10-12,46.459999084472656,43.643280029296875,15789300
2021-10-13,46.12333297729492,43.3270263671875,17937900
2021-10-14,46.62333297729492,43.79671859741211,19783500
2021-10-15,46.849998474121094,44.009639739990234,20737200
2021-10-18,47.22666549682617,44.363468170166016,19887000
2021-10-19,48.22999954223633,45.305965423583984,33444300
2021-10-20,48.66666793823242,45.71617126464844,17453700
2021-10-21,48.936668395996094,45.96980285644531,13954500
2021-10-22,49.4466667175293,46.448883056640625,21195600
2021-10-25,50.02000045776367,46.98745346069336,19287900
2021-10-26,49.58333206176758,46.57725524902344,17418600
2021-10-27,49.176666259765625,46.19524002075195,14565600
2021-10-28,49.483333587646484,46.48331832885742,12598500
2021-10-29,49.80666732788086,46.78704833984375,22022700
2021-11-01,49.93000030517578,46.902915954589844,12549600
2021-11-02,49.90666580200195,46.88098907470703,13638900
2021-11-03,50.060001373291016,47.025020599365234,14209500
2021-11-04,50.426666259765625,47.36945343017578,15149100
2021-11-05,50.07666778564453,47.04068374633789,15081900
2021-11-08,49.75666809082031,46.74008560180664,15373200
2021-11-09,49.93000030517578,46.902915954589844,15001800
2021-11-10,49.47999954223633,46.480186462402344,16803600
2021-11-11,49.5,46.498985290527344,13603200
2021-11-12,49.253334045410156,46.26726150512695,18313800
2021-11-15,48.970001220703125,46.00111770629883,28896000
2021-11-16,47.723331451416016,44.83002471923828,73986600
2021-11-17,47.313331604003906,44.44487380981445,33116100
2021-11-18,47.720001220703125,44.8268928527832,24394200
2021-11-19,47.46333312988281,44.58580017089844,28119300
2021-11-22,48.2599983215332,45.334144592285156,29126400
2021-11-23,48.60333251953125,45.65666580200195,29907900
2021-11-24,48.8466682434082,45.88526153564453,18089400
2021-11-26,48.29999923706055,45.371726989746094,21039600
2021-11-29,47.543331146240234,44.66093826293945,33039600
2021-11-30,46.87666702270508,44.034690856933594,64818900
2021-12-01,45.71333312988281,42.94188690185547,36621300
2021-12-02,45.15666580200195,42.418975830078125,39805800
2021-12-03,45.836666107177734,43.0577392578125,44142600
2021-12-06,46.33333206176758,43.524295806884766,32589300
2021-12-07,46.18333435058594,43.383392333984375,37739100
2021-12-08,45.71666717529297,42.94501495361328,34496400
2021-12-09,46.16666793823242,43.54235076904297,32351700
2021-12-10,47.0099983215332,44.337745666503906,38575500
2021-12-13,47.856666564941406,45.13628005981445,54039300
2021-12-14,48.313331604003906,45.566993713378906,46721400
2021-12-15,48.59000015258789,45.82793045043945,33489900
2021-12-16,47.779998779296875,45.06396484375,39069600
2021-12-17,46.25,43.620941162109375,78581100
2021-12-20,46.400001525878906,43.762420654296875,31017900
2021-12-21,46.540000915527344,43.89445495605469,24620400
2021-12-22,46.599998474121094,43.95105743408203,17028000
2021-12-23,46.496665954589844,43.85358810424805,17592600
2021-12-27,46.91999816894531,44.25285720825195,16040700
2021-12-28,47.59333419799805,44.887916564941406,15783000
2021-12-29,47.56999969482422,44.865909576416016,13045200
2021-12-30,47.723331451416016,45.01052474975586,14949000
2021-12-31,48.22999954223633,45.48838806152344,17947800
2022-01-03,48.21666717529297,45.47582244873047,20706600
2022-01-04,47.33333206176758,44.6426887512207,33930000
2022-01-05,47.973331451416016,45.246315002441406,35418000
2022-01-06,47.84000015258789,45.12055969238281,21828900
2022-01-07,48.29666519165039,45.551273345947266,19723500
2022-01-10,48.20333480834961,45.46324157714844,22731600
2022-01-11,48.06666564941406,45.3343505859375,21668700
2022-01-12,47.813331604003906,45.09540557861328,18946800
2022-01-13,48.4900016784668,45.733612060546875,24252600
2022-01-14,48.35333251953125,45.60471725463867,26867400
2022-01-18,47.50666809082031,44.80617141723633,21123900
2022-01-19,47.97999954223633,45.25259780883789,22674000
2022-01-20,47.073333740234375,44.39748001098633,22387200
2022-01-21,46.72999954223633,44.07365417480469,27508200
2022-01-24,46.733333587646484,44.07679748535156,28699200
2022-01-25,45.71666717529297,43.117919921875,29479500
2022-01-26,45.25,42.67779541015625,26185500
2022-01-27,45.279998779296875,42.706085205078125,27759000
2022-01-28,45.84000015258789,43.23424530029297,25131900
2022-01-31,46.60333251953125,43.954185485839844,20193600
2022-02-01,46.970001220703125,44.30001449584961,20323200
2022-02-02,46.95000076293945,44.28115463256836,18149700
2022-02-03,46.996665954589844,44.325157165527344,20741100
2022-02-04,46.44333267211914,43.80328369140625,22036500
2022-02-07,45.98666763305664,43.37258529663086,20010300
2022-02-08,45.996665954589844,43.38200759887695,19458900
2022-02-09,45.89666748046875,43.28770446777344,21473700
2022-02-10,45.36000061035156,42.78153610229492,27810600
2022-02-11,45.11000061035156,42.545745849609375,23733300
2022-02-14,44.650001525878906,42.11189651489258,29363400
2022-02-15,44.790000915527344,42.24393844604492,21824400
2022-02-16,44.5099983215332,41.979854583740234,28490700
2022-02-17,46.293331146240234,43.66181182861328,53831400
2022-02-18,45.996665954589844,43.38200759887695,31103400
2022-02-22,45.483333587646484,42.89786148071289,25380900
2022-02-23,45.016666412353516,42.457725524902344,21030900
2022-02-24,44.84333419799805,42.294246673583984,31717500
2022-02-25,45.459999084472656,42.8758430480957,24997800
2022-02-28,45.0533332824707,42.4922981262207,26286600
2022-03-01,45.33000183105469,42.75325012207031,24024900
2022-03-02,45.38666534423828,42.80669403076172,23863800
2022-03-03,46.43000030517578,43.79069900512695,29885100
2022-03-04,47.606666564941406,44.90049743652344,35576400
2022-03-07,47.223331451416016,44.5389518737793,45870000
2022-03-08,46.246665954589844,43.6177978515625,28305600
2022-03-09,46.48666763305664,43.844154357910156,22122900
2022-03-10,47.543331146240234,44.84075164794922,27512700
2022-03-11,47.356666564941406,44.664695739746094,19162200
2022-03-14,48.016666412353516,45.28718948364258,22646400
2022-03-15,48.59333419799805,45.8310661315918,22872600
2022-03-16,48.45000076293945,45.69589614868164,24615900
2022-03-17,48.336666107177734,45.76531982421875,19023000
2022-03-18,48.47999954223633,45.901031494140625,31233300
2022-03-21,48.07666778564453,45.51914978027344,21350700
2022-03-22,47.93333435058594,45.38343811035156,20235000
2022-03-23,47.31666564941406,44.79957580566406,19625400
2022-03-24,47.61000061035156,45.07730484008789,13440900
2022-03-25,47.81666564941406,45.272972106933594,14085300
2022-03-28,48.66666793823242,46.07776641845703,20105700
2022-03-29,49.07666778564453,46.465965270996094,19934400
2022-03-30,49.956668853759766,47.29914474487305,24991500
2022-03-31,49.63999938964844,46.99931716918945,27163800
2022-04-01,50.336666107177734,47.65892791748047,20939700
2022-04-04,50.3466682434082,47.668392181396484,25332600
2022-04-05,50.4900016784668,47.80409622192383,18657900
2022-04-06,51.663333892822266,48.91502380371094,28018500
2022-04-07,52.18000030517578,49.404197692871094,27088200
2022-04-08,52.470001220703125,49.67877197265625,23294400
2022-04-11,51.43000030517578,48.694095611572266,24712800
2022-04-12,51.07666778564453,48.359561920166016,26761200
2022-04-13,52.40666580200195,49.61881637573242,29284500
2022-04-14,52.36000061035156,49.57461929321289,22360500
2022-04-18,51.959999084472656,49.19589614868164,14671800
2022-04-19,52.54999923706055,49.75450897216797,15855000
2022-04-20,53.209999084472656,50.3794059753418,19821600
2022-04-21,53.290000915527344,50.45514678955078,18168300
2022-04-22,52.28666687011719,49.505191802978516,21046200
2022-04-25,52.313331604003906,49.530433654785156,18057600
2022-04-26,51.766666412353516,49.012855529785156,19601100
2022-04-27,51.413333892822266,48.678314208984375,17496900
2022-04-28,52.06999969482422,49.300052642822266,14955900
2022-04-29,50.996665954589844,48.283809661865234,21088800
2022-05-02,50.65999984741211,47.96505355834961,20016000
2022-05-03,50.836666107177734,48.1323356628418,17950500
2022-05-04,51.540000915527344,48.79824447631836,20022600
2022-05-05,50.913333892822266,48.38014221191406,23234400
2022-05-06,49.85333251953125,47.37288284301758,34258200
2022-05-09,50.436668395996094,47.92719268798828,28207200
2022-05-10,49.72666549682617,47.25251388549805,24861300
2022-05-11,49.206668853759766,46.758384704589844,27878700
2022-05-12,49.15999984741211,46.71405029296875,25244400
2022-05-13,49.349998474121094,46.894588470458984,19962300
2022-05-16,49.4033317565918,46.94526290893555,21449100
2022-05-17,43.78333282470703,41.604881286621094,132940200
2022-05-18,40.810001373291016,38.77949905395508,104253000
2022-05-19,39.689998626708984,37.7152214050293,71008500
2022-05-20,39.733333587646484,37.75639724731445,49356000
2022-05-23,40.866668701171875,38.833351135253906,43680900
2022-05-24,41.37666702270508,39.31797409057617,34584900
2022-05-25,41.12333297729492,39.07724380493164,27121800
2022-05-26,42.0,39.910282135009766,28197600
2022-05-27,42.82666778564453,40.695823669433594,25299900
2022-05-31,42.87666702270508,40.743324279785156,36912300
2022-06-01,41.81666564941406,39.73607635498047,28534800
2022-06-02,42.503334045410156,40.388580322265625,23214300
2022-06-03,41.77333450317383,39.694889068603516,18302700
2022-06-06,41.62333297729492,39.552364349365234,19855500
2022-06-07,41.12333297729492,39.07724380493164,47707800
2022-06-08,40.766666412353516,38.738319396972656,22522800
2022-06-09,40.34000015258789,38.33287811279297,19880100
2022-06-10,40.56666564941406,38.548274993896484,25238100
2022-06-13,39.8033332824707,37.822914123535156,24897900
2022-06-14,39.81999969482422,37.8387565612793,21544200
2022-06-15,39.793331146240234,37.81342315673828,25914000
2022-06-16,40.206668853759766,38.2061882019043,30706800
2022-06-17,39.43000030517578,37.468162536621094,36838800
2022-06-21,40.723331451416016,38.69713592529297,23916600
2022-06-22,40.22999954223633,38.22835159301758,20235000
2022-06-23,41.206668853759766,39.15642166137695,18040800
2022-06-24,41.2400016784668,39.188106536865234,31845900
2022-06-27,41.37333297729492,39.31480026245117,19889100
2022-06-28,40.790000915527344,38.760498046875,15399000
2022-06-29,40.63999938964844,38.61795425415039,19111500
2022-06-30,40.526668548583984,38.51026916503906,19166100
2022-07-01,40.87666702270508,38.84284973144531,17460900
2022-07-05,41.41666793823242,39.35599136352539,18218100
2022-07-06,41.709999084472656,39.63471603393555,21300000
2022-07-07,41.77333450317383,39.694889068603516,17487300
2022-07-08,41.79999923706055,39.72024154663086,14751000
2022-07-11,41.81666564941406,39.73607635498047,11532900
2022-07-12,41.689998626708984,39.6157112121582,13732200
2022-07-13,41.790000915527344,39.71073913574219,12689100
2022-07-14,42.606666564941406,40.48677062988281,20905500
2022-07-15,43.02333450317383,40.88270568847656,21184200
2022-07-18,42.92333221435547,40.787681579589844,14243700
2022-07-19,43.186668395996094,41.037906646728516,16995300
2022-07-20,43.54666519165039,41.37999725341797,18564900
2022-07-21,44.18333435058594,41.9849853515625,18764700
2022-07-22,44.06999969482422,41.877296447753906,13616400
2022-07-25,44.00666809082031,41.81711959838867,20535300
2022-07-26,40.65999984741211,38.636966705322266,95391600
2022-07-27,42.1966667175293,40.09716796875,42159600
2022-07-28,43.25,41.09809494018555,33262200
2022-07-29,44.016666412353516,41.82661819458008,30141900
2022-08-01,44.18000030517578,41.9818229675293,24996300
2022-08-02,44.22666549682617,42.02616882324219,19695000
2022-08-03,43.5,41.335655212402344,32003100
2022-08-04,41.856666564941406,39.77408218383789,53106000
2022-08-05,42.19333267211914,40.0940055847168,32007000
2022-08-08,42.53666687011719,40.420249938964844,18175200
2022-08-09,42.956668853759766,40.819358825683594,19325100
2022-08-10,43.04666519165039,40.904876708984375,25251000
2022-08-11,43.27333450317383,41.299354553222656,23854500
2022-08-12,44.073333740234375,42.062862396240234,26625000
2022-08-15,44.20000076293945,42.18375015258789,26516100
2022-08-16,46.456668853759766,44.33747863769531,91773300
2022-08-17,46.50666809082031,44.385196685791016,41792100
2022-08-18,46.356666564941406,44.242042541503906,19197600
2022-08-19,45.67333221435547,43.58987045288086,22918800
2022-08-22,44.856666564941406,42.810462951660156,18667200
2022-08-23,44.66666793823242,42.62913513183594,16955100
2022-08-24,44.9900016784668,42.93771743774414,15766500
2022-08-25,45.290000915527344,43.22403335571289,19414500
2022-08-26,43.866668701171875,41.865623474121094,21331800
2022-08-29,44.293331146240234,42.2728385925293,17381700
2022-08-30,44.15999984741211,42.14558410644531,14468100
2022-08-31,44.18333435058594,42.167842864990234,22460700
2022-09-01,44.82666778564453,42.781829833984375,21741900
2022-09-02,44.33333206176758,42.31100082397461,17234400
2022-09-06,44.11333465576172,42.101043701171875,21899700
2022-09-07,45.246665954589844,43.18267822265625,17058900
2022-09-08,45.47666549682617,43.40217971801758,16956000
2022-09-09,45.61333465576172,43.53260803222656,16140600
2022-09-12,46.02333450317383,43.92390441894531,14284500
2022-09-13,45.073333740234375,43.017242431640625,17687400
2022-09-14,44.973331451416016,42.92180252075195,19934700
2022-09-15,44.4900016784668,42.460514068603516,20189400
2022-09-16,44.39666748046875,42.3714485168457,41874300
2022-09-19,44.776668548583984,42.7341194152832,16853100
2022-09-20,44.516666412353516,42.48596954345703,13963500
2022-09-21,44.92333221435547,42.874088287353516,24903600
2022-09-22,44.46333312988281,42.435081481933594,16744500
2022-09-23,43.35333251953125,41.37570571899414,27195300
2022-09-26,43.77000045776367,41.773372650146484,23011200
2022-09-27,43.650001525878906,41.658843994140625,17171700
2022-09-28,44.369998931884766,42.34599685668945,16838400
2022-09-29,44.08333206176758,42.0723991394043,15241500
2022-09-30,43.233333587646484,41.26118469238281,19602300
2022-10-03,44.176666259765625,42.1614875793457,17574900
2022-10-04,44.75,42.70866394042969,16134300
2022-10-05,44.30666732788086,42.28554916381836,14553900
2022-10-06,43.893333435058594,41.89107131958008,14200500
2022-10-07,42.85333251953125,40.89851379394531,17080500
2022-10-10,43.106666564941406,41.140289306640625,11411700
2022-10-11,44.223331451416016,42.20602035522461,21276000
2022-10-12,43.723331451416016,41.72883224487305,16947600
2022-10-13,44.09333419799805,42.081966400146484,20545500
2022-10-14,43.47666549682617,41.493412017822266,16641000
2022-10-17,43.790000915527344,41.79246139526367,17812500
2022-10-18,44.71333312988281,42.67367172241211,16842300
2022-10-19,44.586666107177734,42.55277633666992,11339400
2022-10-20,44.6966667175293,42.65775680541992,12754800
2022-10-21,45.599998474121094,43.5198860168457,18134700
2022-10-24,46.470001220703125,44.35020446777344,18806700
2022-10-25,46.689998626708984,44.5601692199707,15051300
2022-10-26,47.04666519165039,44.900569915771484,20754300
2022-10-27,46.90999984741211,44.77013397216797,16602900
2022-10-28,47.503334045410156,45.33639907836914,13648200
2022-10-31,47.44333267211914,45.27912902832031,22572000
2022-11-01,47.22999954223633,45.07553482055664,14814300
2022-11-02,46.91666793823242,44.77649688720703,15522000
2022-11-03,46.90666580200195,44.76694107055664,10976400
2022-11-04,46.9900016784668,44.84648895263672,14669400
2022-11-07,47.483333587646484,45.31731033325195,11364000
2022-11-08,47.5966682434082,45.42547607421875,15068400
2022-11-09,46.4900016784668,44.369285583496094,15932100
2022-11-10,47.45333480834961,45.28867721557617,20310600
2022-11-11,47.526668548583984,45.358673095703125,19270800
2022-11-14,46.130001068115234,44.025718688964844,37525800
2022-11-15,49.14666748046875,46.904762268066406,76548600
2022-11-16,49.5,47.24198913574219,32593200
2022-11-17,49.33333206176758,47.08291244506836,24791400
2022-11-18,50.07666778564453,47.79234313964844,18987000
2022-11-21,50.383331298828125,48.085018157958984,21157200
2022-11-22,50.563331604003906,48.256797790527344,16898400
2022-11-23,50.80666732788086,48.489036560058594,16920600
2022-11-25,51.02333450317383,48.695831298828125,8777400
2022-11-28,51.16999816894531,48.83580017089844,17674800
2022-11-29,50.9900016784668,48.66401672363281,13841700
2022-11-30,50.80666732788086,48.489036560058594,31338000
2022-12-01,51.12333297729492,48.7912712097168,22732200
2022-12-02,51.073333740234375,48.74354553222656,20733000
2022-12-05,50.54999923706055,48.24408721923828,23608200
2022-12-06,49.96333312988281,47.68418502807617,20625600
2022-12-07,49.70333480834961,47.436038970947266,17550300
2022-12-08,49.59333419799805,47.509490966796875,13512600
2022-12-09,48.436668395996094,46.40142822265625,27929400
2022-12-12,49.34000015258789,47.26679611206055,19432200
2022-12-13,49.163333892822266,47.09755325317383,23408100
2022-12-14,48.88999938964844,46.8357048034668,20334600
2022-12-15,48.45333480834961,46.417396545410156,17514000
2022-12-16,47.58333206176758,45.58393478393555,40343100
2022-12-19,47.599998474121094,45.599910736083984,15067500
2022-12-20,48.016666412353516,45.99907302856445,17009400
2022-12-21,48.393333435058594,46.35990524291992,13726500
2022-12-22,47.82666778564453,45.81705093383789,13082400
2022-12-23,47.92333221435547,45.90966033935547,9547500
2022-12-27,47.936668395996094,45.922428131103516,10044600
2022-12-28,47.0966682434082,45.11773681640625,15246300
2022-12-29,47.383331298828125,45.39234161376953,9171900
2022-12-30,47.26333236694336,45.27739334106445,11505900
2023-01-03,47.866668701171875,45.855369567871094,17249700
2023-01-04,47.91999816894531,45.906471252441406,13338300
2023-01-05,47.75666809082031,45.750003814697266,13274400
2023-01-06,48.926666259765625,46.87083053588867,21231900
2023-01-09,48.31666564941406,46.286460876464844,17756700
2023-01-10,48.28666687011719,46.25772476196289,11970600
2023-01-11,48.709999084472656,46.66327667236328,14834700
2023-01-12,48.27000045776367,46.24176788330078,12472800
2023-01-13,48.43000030517578,46.3950309753418,13699800
2023-01-17,48.13666534423828,46.1140251159668,15122400
2023-01-18,46.9466667175293,44.974029541015625,22674300
2023-01-19,46.276668548583984,44.332191467285156,17342100
2023-01-20,46.8466682434082,44.878238677978516,29543100
2023-01-23,47.54666519165039,45.5488166809082,13149900
2023-01-24,47.67333221435547,45.67015838623047,13669200
2023-01-25,47.4466667175293,45.45301818847656,12491700
2023-01-26,47.4033317565918,45.411502838134766,15819000
2023-01-27,47.766666412353516,45.75957489013672,18412800
2023-01-30,47.383331298828125,45.39234161376953,15897600
2023-01-31,47.956668853759766,45.94159698486328,14103600
2023-02-01,48.223331451416016,46.19704818725586,12849300
2023-02-02,47.87333297729492,45.861759185791016,17806800
2023-02-03,47.23666763305664,45.25184631347656,17155500
2023-02-06,46.893333435058594,44.92293930053711,17454000
2023-02-07,46.99333190917969,45.01873779296875,16341300
2023-02-08,46.7400016784668,44.77605438232422,11691300
2023-02-09,47.17333221435547,45.19116973876953,13064400
2023-02-10,47.90666580200195,45.8936882019043,15002700
2023-02-13,48.63666534423828,46.593017578125,16015800
2023-02-14,48.496665954589844,46.45891189575195,13831200
2023-02-15,48.856666564941406,46.803775787353516,14674200
2023-02-16,48.09000015258789,46.06932067871094,16312200
2023-02-17,48.813331604003906,46.76225662231445,24770700
2023-02-21,49.11000061035156,47.04646301269531,54393900
2023-02-22,48.08000183105469,46.05974578857422,29844000
2023-02-23,47.36333465576172,45.37318420410156,22021200
2023-02-24,47.4900016784668,45.49453353881836,20623500
2023-02-27,47.14666748046875,45.16563034057617,16647300
2023-02-28,47.37666702270508,45.385963439941406,18054000
2023-03-01,46.71666717529297,44.753692626953125,14180100
2023-03-02,46.83333206176758,44.86545944213867,14785500
2023-03-03,46.88999938964844,44.91975021362305,16888800
2023-03-06,46.883331298828125,44.913352966308594,16720800
2023-03-07,46.41666793823242,44.46630096435547,17387400
2023-03-08,46.03333282470703,44.09907150268555,19090800
2023-03-09,45.723331451416016,43.80209732055664,15415800
2023-03-10,45.65666580200195,43.73823547363281,20065200
2023-03-13,45.790000915527344,43.865970611572266,28142100
2023-03-14,46.03333282470703,44.09907150268555,25542600
2023-03-15,46.54666519165039,44.59083938598633,33133500
2023-03-16,46.09333419799805,44.33753204345703,28905600
2023-03-17,46.46666717529297,44.69664764404297,43081200
2023-03-20,46.96666717529297,45.1776008605957,33928500
2023-03-21,46.80666732788086,45.02370071411133,19013400
2023-03-22,46.50666809082031,44.73512268066406,18548400
2023-03-23,46.883331298828125,45.097434997558594,22044300
2023-03-24,47.266666412353516,45.4661750793457,22752300
2023-03-27,48.05666732788086,46.22608184814453,26775600
2023-03-28,47.869998931884766,46.0465202331543,21282900
2023-03-29,48.07666778564453,46.24532699584961,24216900
2023-03-30,48.55666732788086,46.707035064697266,21879000
2023-03-31,49.150001525878906,47.27776336669922,20868000
2023-04-03,49.563331604003906,47.675350189208984,19766700
2023-04-04,49.07666778564453,47.20722961425781,18113700
2023-04-05,49.88999938964844,47.98957443237305,26540700
2023-04-06,50.266666412353516,48.35189437866211,17891700
2023-04-10,50.16999816894531,48.25891876220703,14519100
2023-04-11,50.02333450317383,48.117835998535156,18370500
2023-04-12,49.779998779296875,47.88377380371094,11209800
2023-04-13,49.83000183105469,47.931861877441406,13272600
2023-04-14,49.49333190917969,47.6080207824707,10464900
2023-04-17,49.84000015258789,47.94148254394531,16166700
2023-04-18,49.95000076293945,48.04729461669922,13482300
2023-04-19,50.003334045410156,48.09859085083008,12433500
2023-04-20,50.323333740234375,48.406410217285156,13641600
2023-04-21,50.57666778564453,48.650089263916016,25335000
2023-04-24,50.91999816894531,48.9803352355957,13579500
2023-04-25,50.52333450317383,48.598785400390625,17246700
2023-04-26,50.3033332824707,48.387168884277344,12910200
2023-04-27,50.459999084472656,48.53786087036133,12861000
2023-04-28,50.323333740234375,48.406410217285156,14088600
2023-05-01,50.529998779296875,48.60519790649414,11409600
2023-05-02,50.393333435058594,48.47373580932617,11329500
2023-05-03,50.206668853759766,48.294189453125,12334500
2023-05-04,50.15666580200195,48.42935562133789,14011200
2023-05-05,50.59000015258789,48.8477668762207,14556000
2023-05-08,50.90666580200195,49.15353775024414,14926200
2023-05-09,50.99333190917969,49.23721694946289,15209700
2023-05-10,50.849998474121094,49.09881591796875,15827700
2023-05-11,51.040000915527344,49.28227996826172,11926800
2023-05-12,51.02333450317383,49.266178131103516,16119300
2023-05-15,50.62666702270508,48.8831787109375,16113900
2023-05-16,49.926666259765625,48.2072868347168,15512100
2023-05-17,49.84333419799805,48.12681579589844,26985900
2023-05-18,50.4900016784668,48.75121307373047,46768500
2023-05-19,49.970001220703125,48.24912643432617,27594000
2023-05-22,49.529998779296875,47.82427978515625,16117800
2023-05-23,49.436668395996094,47.734161376953125,16302300
2023-05-24,49.209999084472656,47.51529312133789,20515200
2023-05-25,48.720001220703125,47.042171478271484,21299100
2023-05-26,48.80666732788086,47.125850677490234,15720900
2023-05-30,48.686668395996094,47.00999069213867,15742500
2023-05-31,48.956668853759766,47.270687103271484,30130800
2023-06-01,49.13666534423828,47.44448471069336,20239200
2023-06-02,49.606666564941406,47.89830780029297,19178100
2023-06-05,49.93333435058594,48.21371841430664,15553200
2023-06-06,49.926666259765625,48.2072868347168,15015600
2023-06-07,50.0,48.27809143066406,24256500
2023-06-08,50.723331451416016,48.97650909423828,18873000
2023-06-09,51.029998779296875,49.27261734008789,15603900
2023-06-12,51.366668701171875,49.59769058227539,14713500
2023-06-13,51.766666412353516,49.98391342163086,15738900
2023-06-14,52.290000915527344,50.489227294921875,21103200
2023-06-15,52.57666778564453,50.76602554321289,18160500
2023-06-16,51.84333419799805,50.05793380737305,34675800
2023-06-20,51.38666534423828,49.617000579833984,19994400
2023-06-21,51.48666763305664,49.71355438232422,19251000
2023-06-22,51.91666793823242,50.12874984741211,13307400
2023-06-23,51.81999969482422,50.03540802001953,18975000
2023-06-26,51.68333435058594,49.9034538269043,14106300
2023-06-27,51.496665954589844,49.723209381103516,12093600
2023-06-28,51.776668548583984,49.99357223510742,18889800
2023-06-29,51.426666259765625,49.65562438964844,21530400
2023-06-30,52.393333435058594,50.58900451660156,19073100
2023-07-03,52.733333587646484,50.91728973388672,8647500
2023-07-05,52.70333480834961,50.88832092285156,17585400
2023-07-06,52.369998931884766,50.56646728515625,14427000
2023-07-07,51.163333892822266,49.401363372802734,19774800
2023-07-10,51.62666702270508,49.84873580932617,12967800
2023-07-11,51.54999923706055,49.77470779418945,11460900
2023-07-12,51.68000030517578,49.90023422241211,16509900
2023-07-13,51.37666702270508,49.60734939575195,11859600
2023-07-14,51.5533332824707,49.77792739868164,10427400
2023-07-17,51.616668701171875,49.839080810546875,10135200
2023-07-18,51.52333450317383,49.74896240234375,13437300
2023-07-19,51.540000915527344,49.765052795410156,12372900
2023-07-20,52.49333190917969,50.6855583190918,14987700
2023-07-21,52.790000915527344,50.972007751464844,16960500
2023-07-24,53.099998474121094,51.27132797241211,12529800
2023-07-25,53.05666732788086,51.229488372802734,15553800
2023-07-26,53.246665954589844,51.4129524230957,15094200
2023-07-27,53.0533332824707,51.22626876831055,13400400
2023-07-28,53.3033332824707,51.4676628112793,11020200
2023-07-31,53.28666687011719,51.451568603515625,13033200
2023-08-01,53.03666687011719,51.21018600463867,11782500
2023-08-02,53.073333740234375,51.245582580566406,12660000
2023-08-03,53.086666107177734,51.258453369140625,13202700
2023-08-04,52.779998779296875,50.96234893798828,14262000
2023-08-07,53.496665954589844,51.65433120727539,14268900
2023-08-08,53.54999923706055,51.705833435058594,11017500
2023-08-09,53.63666534423828,51.789520263671875,13209600
2023-08-10,53.41999816894531,51.763675689697266,15169500
2023-08-11,53.733333587646484,52.06729507446289,14195100
2023-08-14,53.33333206176758,51.67969512939453,20813700
2023-08-15,53.060001373291016,51.41484832763672,14559300
2023-08-16,53.086666107177734,51.440677642822266,26980800
2023-08-17,51.89666748046875,50.28757858276367,53614200
2023-08-18,52.643333435058594,51.01108932495117,27954900
2023-08-21,52.503334045410156,50.875431060791016,15679200
2023-08-22,52.336666107177734,50.713932037353516,16670700
2023-08-23,52.70000076293945,51.06600570678711,14210400
2023-08-24,52.29666519165039,50.67517852783203,14033100
2023-08-25,52.606666564941406,50.97556686401367,12267000
2023-08-28,52.90666580200195,51.266258239746094,11871000
2023-08-29,53.349998474121094,51.69584274291992,12702300
2023-08-30,53.733333587646484,52.06729507446289,10967700
2023-08-31,54.20333480834961,52.522727966308594,19582800
2023-09-01,53.856666564941406,52.186805725097656,12553500
2023-09-05,53.42333221435547,51.766910552978516,15209400
2023-09-06,53.823333740234375,52.15451431274414,14594700
2023-09-07,54.4900016784668,52.800498962402344,19120800
2023-09-08,54.59000015258789,52.897403717041016,12667200
2023-09-11,54.779998779296875,53.081512451171875,11912100
2023-09-12,54.84000015258789,53.1396484375,11757300
2023-09-13,54.85333251953125,53.15256881713867,14364300
2023-09-14,55.08333206176758,53.37543869018555,14923800
2023-09-15,54.880001068115234,53.17840576171875,63925200
2023-09-18,54.473331451416016,52.78434753417969,12997800
2023-09-19,54.459999084472656,52.771427154541016,14019600
2023-09-20,54.63666534423828,52.94261932373047,10120800
2023-09-21,53.973331451416016,52.29985427856445,18782400
2023-09-22,54.116668701171875,52.43874740600586,13215000
2023-09-25,54.356666564941406,52.67129898071289,10459500
2023-09-26,54.16666793823242,52.487186431884766,14435700
2023-09-27,53.90666580200195,52.235252380371094,15711000
2023-09-28,54.18000030517578,52.5001106262207,11617200
2023-09-29,53.310001373291016,51.6570930480957,18842400
2023-10-02,53.366668701171875,51.71200180053711,12992700
2023-10-03,53.029998779296875,51.385765075683594,11253300
2023-10-04,53.66666793823242,52.00270080566406,15755700
2023-10-05,53.026668548583984,51.382537841796875,14269500
2023-10-06,52.13666534423828,50.5201301574707,42616200
2023-10-09,51.9466667175293,50.33602523803711,21022500
2023-10-10,52.53333282470703,50.90449905395508,16014300
2023-10-11,52.74333190917969,51.10799026489258,12026100
2023-10-12,52.983333587646484,51.34054946899414,13514100
2023-10-13,53.276668548583984,51.624786376953125,13809000
2023-10-16,53.73666763305664,52.07052230834961,14348100
2023-10-17,53.80666732788086,52.13835525512695,10893000
2023-10-18,53.8466682434082,52.1771125793457,10559100
2023-10-19,53.59000015258789,51.92840576171875,11745900
2023-10-20,52.91999816894531,51.27918243408203,15056700
2023-10-23,53.66999816894531,52.005924224853516,17097000
2023-10-24,54.41666793823242,52.72944259643555,17535000
2023-10-25,54.253334045410156,52.571170806884766,16621800
2023-10-26,53.92333221435547,52.25140380859375,16220100
2023-10-27,53.723331451416016,52.05760192871094,13829700
2023-10-30,54.34000015258789,52.6551513671875,12653700
2023-10-31,54.470001220703125,52.781124114990234,14168400
2023-11-01,54.956668853759766,53.2526969909668,14899500
2023-11-02,55.17333221435547,53.462646484375,15492300
2023-11-03,54.88666534423828,53.18486785888672,17240100
2023-11-06,54.959999084472656,53.25592041015625,14529000
2023-11-07,55.21666717529297,53.504638671875,15023400
2023-11-08,54.766666412353516,53.0685920715332,15591900
2023-11-09,54.63999938964844,52.94585037231445,15080100
2023-11-10,55.39666748046875,53.679054260253906,14319900
2023-11-13,55.893333435058594,54.16032791137695,15408900
2023-11-14,55.883331298828125,54.150634765625,19792500
2023-11-15,56.59333419799805,54.838623046875,35769900
2023-11-16,52.01333236694336,50.40062713623047,97658700
2023-11-17,51.78333282470703,50.177757263183594,42487800
2023-11-20,51.766666412353516,50.1616096496582,26663100
2023-11-21,51.95333480834961,50.34248733520508,29382300
2023-11-22,51.55666732788086,49.9581184387207,26416500
2023-11-24,52.02000045776367,50.407081604003906,13975200
2023-11-27,52.25666809082031,50.63641357421875,23393700
2023-11-28,52.880001068115234,51.24041748046875,23535000
2023-11-29,52.026668548583984,50.41354751586914,29896500
2023-11-30,51.89666748046875,50.28757858276367,29925900
2023-12-01,51.4466667175293,49.85153579711914,39273600
2023-12-04,51.43333435058594,49.838619232177734,24883200
2023-12-05,51.90999984741211,50.30050277709961,21883800
2023-12-06,51.3466682434082,49.7546272277832,26447400
2023-12-07,50.81999969482422,49.42718505859375,25362600
2023-12-08,50.28666687011719,48.908470153808594,34069500
2023-12-11,50.413333892822266,49.03166961669922,31883400
2023-12-12,50.45333480834961,49.07057571411133,21381900
2023-12-13,51.349998474121094,49.942665100097656,35348700
2023-12-14,50.723331451416016,49.333168029785156,30891300
2023-12-15,50.913333892822266,49.5179557800293,70003500
2023-12-18,51.65666580200195,50.24092102050781,26316000
2023-12-19,51.84333419799805,50.422481536865234,24417000
2023-12-20,51.23666763305664,49.832435607910156,21967800
2023-12-21,51.599998474121094,50.1858024597168,20087700
2023-12-22,52.21666717529297,50.78557586669922,19405500
2023-12-26,52.13666534423828,50.707767486572266,11679900
2023-12-27,52.62666702270508,51.18434143066406,19896000
2023-12-28,52.52333450317383,51.08384323120117,16776000
2023-12-29,52.54999923706055,51.10976791381836,21948300
2024-01-02,53.0966682434082,51.64146423339844,23539800
2024-01-03,53.099998474121094,51.64470291137695,18756000
2024-01-04,52.586666107177734,51.14543533325195,19282500
2024-01-05,52.23666763305664,50.805030822753906,21709500
2024-01-08,52.75,51.304290771484375,20680800
2024-01-09,53.10333251953125,51.64794158935547,23322300
2024-01-10,53.76333236694336,52.28985595703125,20121900
2024-01-11,53.70333480834961,52.23149871826172,14355300
2024-01-12,53.77333450317383,52.29958724975586,13629000
2024-01-16,53.94333267211914,52.46492385864258,17032500
2024-01-17,53.689998626708984,52.218528747558594,14827800
2024-01-18,54.413333892822266,52.92203903198242,18190500
2024-01-19,54.12666702270508,52.64323043823242,19175400
2024-01-22,54.130001068115234,52.6464729309082,13938300
2024-01-23,54.266666412353516,52.77939224243164,12066600
2024-01-24,53.5,52.033729553222656,22932900
2024-01-25,54.279998779296875,52.7923583984375,16369500
2024-01-26,54.75666809082031,53.25596237182617,15746400
2024-01-29,55.01333236694336,53.505592346191406,18240300
2024-01-30,55.1966667175293,53.68389892578125,15270000
2024-01-31,55.08333206176758,53.573673248291016,26134800
2024-02-01,56.10333251953125,54.56571960449219,20792700
2024-02-02,56.52333450317383,54.97420883178711,21670800
2024-02-05,56.220001220703125,54.67919158935547,19145100
2024-02-06,56.60333251953125,55.05202102661133,14181300
2024-02-07,56.459999084472656,54.91261672973633,17082600
2024-02-08,56.456668853759766,54.90937805175781,14427900
2024-02-09,56.426666259765625,54.88019561767578,14329800
2024-02-12,56.766666412353516,55.21087646484375,14795100
2024-02-13,56.380001068115234,54.83480453491211,18574200
2024-02-14,56.20000076293945,54.65974044799805,18484500
2024-02-15,56.43000030517578,54.88343048095703,16948800
2024-02-16,56.78666687011719,55.23032760620117,22373400
2024-02-20,58.619998931884766,57.01340866088867,71788500
2024-02-21,57.900001525878906,56.313148498535156,40501500
2024-02-22,58.470001220703125,56.86752700805664,29512800
2024-02-23,58.52000045776367,56.91615676879883,74365800
2024-02-26,59.599998474121094,57.966556549072266,32154800
2024-02-27,59.59000015258789,57.95683670043945,18012700
2024-02-28,59.619998931884766,57.98600769042969,14803300
2024-02-29,58.61000061035156,57.00368881225586,29245100
2024-03-01,58.7599983215332,57.14958190917969,19030900
2024-03-04,59.29999923706055,57.674781799316406,16033300
2024-03-05,60.040000915527344,58.39449691772461,19676900
2024-03-06,60.56999969482422,58.909976959228516,12698700
2024-03-07,60.36000061035156,58.705726623535156,16195300
2024-03-08,60.119998931884766,58.47230529785156,12143600
2024-03-11,60.65999984741211,58.99750900268555,14154000
2024-03-12,61.40999984741211,59.72695541381836,16613100
2024-03-13,61.279998779296875,59.60051345825195,15935200
2024-03-14,61.02000045776367,59.54976272583008,16584700
2024-03-15,60.68000030517578,59.21795654296875,50946300
2024-03-18,60.86000061035156,59.39362335205078,16801700
2024-03-19,60.869998931884766,59.40338134765625,12353600
2024-03-20,61.25,59.77422332763672,12007600
2024-03-21,61.45000076293945,59.96940612792969,14265900
2024-03-22,60.869998931884766,59.40338134765625,14029400
2024-03-25,60.56999969482422,59.11061096191406,14186600
2024-03-26,60.5099983215332,59.05205154418945,13738300
2024-03-27,60.720001220703125,59.256996154785156,14363400
2024-03-28,60.16999816894531,58.72024154663086,17535100
2024-04-01,60.0,58.554344177246094,13837600
2024-04-02,59.15999984741211,57.734580993652344,19510100
2024-04-03,59.43000030517578,57.99808120727539,14615100
2024-04-04,59.5,58.06638717651367,14436100
2024-04-05,59.849998474121094,58.40795135498047,10335900
2024-04-08,59.779998779296875,58.339637756347656,11070100
2024-04-09,59.790000915527344,58.34939956665039,10013500
2024-04-10,60.619998931884766,59.15940475463867,15097600
2024-04-11,60.09000015258789,58.642173767089844,10987600
2024-04-12,60.13999938964844,58.69096755981445,12280600
2024-04-15,59.93000030517578,58.48603057861328,10557200
2024-04-16,59.84000015258789,58.398197174072266,14726300
2024-04-17,59.650001525878906,58.2127685546875,15329700
2024-04-18,59.2599983215332,57.8321647644043,12061500
2024-04-19,59.529998779296875,58.09566879272461,14165800
2024-04-22,60.13999938964844,58.69096755981445,14910000
2024-04-23,59.09000015258789,57.66626739501953,17963900
2024-04-24,59.869998931884766,58.42746353149414,18529100
2024-04-25,60.209999084472656,58.759281158447266,19263000
2024-04-26,60.15999984741211,58.710487365722656,11045200
2024-04-29,60.2400016784668,58.78856658935547,9785100
2024-04-30,59.349998474121094,57.92000198364258,14209200
2024-05-01,58.849998474121094,57.43205261230469,15464300
2024-05-02,59.709999084472656,58.27132797241211,17574100
2024-05-03,59.81999969482422,58.37868118286133,14207400
2024-05-06,59.869998931884766,58.42746353149414,11119400
2024-05-07,60.619998931884766,59.15940475463867,14520200
2024-05-08,60.29999923706055,58.84710693359375,11015700
2024-05-09,60.439998626708984,59.187904357910156,14550500
2024-05-10,60.47999954223633,59.227073669433594,12356600
2024-05-13,60.40999984741211,59.15852737426758,19260500
2024-05-14,59.86000061035156,58.61992263793945,18780100
2024-05-15,59.83000183105469,58.590545654296875,22240600
2024-05-16,64.01000213623047,62.68394470214844,60545600
2024-05-17,64.6500015258789,63.31068801879883,29330400
2024-05-20,64.18000030517578,62.850425720214844,15001400
2024-05-21,65.1500015258789,63.800331115722656,17131700
2024-05-22,65.25,63.89824676513672,14879400
2024-05-23,64.83999633789062,63.49675369262695,16222900
2024-05-24,65.37999725341797,64.02555847167969,11795000
2024-05-28,65.04000091552734,63.69260787963867,13349600
2024-05-29,64.91999816894531,63.57509994506836,11538600
2024-05-30,64.88999938964844,63.54572296142578,13051900
2024-05-31,65.76000213623047,64.39769744873047,27632200
2024-06-03,65.81999969482422,64.4564437866211,11578700
2024-06-04,66.5999984741211,65.22029113769531,14780800
2024-06-05,67.08999633789062,65.70014190673828,14982700
2024-06-06,67.1500015258789,65.7589111328125,13256000
2024-06-07,65.87999725341797,64.51521301269531,20213200
2024-06-10,66.95999908447266,65.57283020019531,21659500
2024-06-11,66.7300033569336,65.34761047363281,13367500
2024-06-12,66.30999755859375,64.9363021850586,11704700
2024-06-13,66.69999694824219,65.31822204589844,11196600
2024-06-14,67.0199966430664,65.63159942626953,12590100
2024-06-17,67.41999816894531,66.0232925415039,12103000
2024-06-18,67.5999984741211,66.19957733154297,12093500
2024-06-20,68.01000213623047,66.60108184814453,13860800
2024-06-21,67.91000366210938,66.5031509399414,25883000
2024-06-24,68.9000015258789,67.47264862060547,12470400
2024-06-25,67.41999816894531,66.0232925415039,20869200
2024-06-26,68.29000091552734,66.87528228759766,14177500
2024-06-27,67.87999725341797,66.47377014160156,12899200
2024-06-28,67.70999908447266,66.30730438232422,18816700
2024-07-01,67.4800033569336,66.08206939697266,8666000
2024-07-02,68.06999969482422,66.65983581542969,9436500
2024-07-03,68.23999786376953,66.82630920410156,6287500
2024-07-05,70.04000091552734,68.58903503417969,21586100
2024-07-08,69.68000030517578,68.23648834228516,12077700
2024-07-09,69.9000015258789,68.4519271850586,9758400
2024-07-10,70.41000366210938,68.95137786865234,10803400
2024-07-11,69.80000305175781,68.35400390625,15624800
2024-07-12,69.23999786376953,67.80559539794922,12145300
2024-07-15,69.61000061035156,68.16793823242188,10171100
2024-07-16,69.98999786376953,68.5400619506836,9836800
2024-07-17,71.02999877929688,69.55851745605469,13533800
2024-07-18,70.81999969482422,69.35287475585938,10682700
2024-07-19,70.75,69.28431701660156,11665500
2024-07-22,70.37999725341797,68.92198181152344,12666100
2024-07-23,70.6500015258789,69.18638610839844,9263600
2024-07-24,70.5999984741211,69.1374282836914,22490800
2024-07-25,70.0199966430664,68.5694351196289,18821200
2024-07-26,69.77999877929688,68.33442687988281,16789300
2024-07-29,69.62000274658203,68.177734375,10315300
2024-07-30,69.19000244140625,67.75662994384766,12522500
2024-07-31,68.63999938964844,67.21802520751953,22908800
2024-08-01,69.79000091552734,68.34420776367188,17275500
2024-08-02,68.45999908447266,67.04176330566406,23578700
2024-08-05,67.58999633789062,66.18978881835938,20770500
2024-08-06,67.73999786376953,66.33667755126953,14815100
2024-08-07,66.91000366210938,65.52387237548828,18499200
2024-08-08,67.66000366210938,66.25833892822266,12489800
2024-08-09,67.94999694824219,66.54232025146484,13805600
2024-08-12,68.69999694824219,67.27677917480469,17385300
2024-08-13,68.12999725341797,66.71859741210938,26557900
2024-08-14,68.66000366210938,67.23761749267578,22928600
2024-08-15,73.18000030517578,71.66398620605469,49567500
2024-08-16,73.44999694824219,72.13340759277344,19872100
2024-08-19,73.72000122070312,72.39856719970703,13709300
2024-08-20,74.54000091552734,73.2038803100586,14434000
2024-08-21,75.23999786376953,73.89132690429688,14832000
2024-08-22,75.58000183105469,74.2252426147461,16511100
2024-08-23,75.69999694824219,74.34308624267578,12299100
2024-08-26,76.02999877929688,74.66716003417969,9508200
2024-08-27,76.12999725341797,74.76536560058594,11557800
2024-08-28,76.08000183105469,74.71627807617188,9814300
2024-08-29,76.41999816894531,75.0501708984375,11856800
2024-08-30,77.2300033569336,75.84566497802734,23230000
2024-09-03,77.16999816894531,75.78673553466797,22666100
2024-09-04,77.23999786376953,75.85546875,18442800
2024-09-05,76.95999908447266,75.58048248291016,13082900
2024-09-06,76.63999938964844,75.2662353515625,14548600
2024-09-09,77.33999633789062,75.95368194580078,22260200
2024-09-10,78.80999755859375,77.39733123779297,17686300
2024-09-11,78.83999633789062,77.42681121826172,19518800
2024-09-12,79.66000366210938,78.23209381103516,14877700
2024-09-13,80.5999984741211,79.1552505493164,12994100
2024-09-16,80.55999755859375,79.11595916748047,15346400
2024-09-17,78.5999984741211,77.19110107421875,21065900
2024-09-18,79.02999877929688,77.61338806152344,15684900
2024-09-19,78.04000091552734,76.64112854003906,21525700
2024-09-20,79.05999755859375,77.64285278320312,39534300
2024-09-23,80.33000183105469,78.89009094238281,12147300
2024-09-24,80.66999816894531,79.2239990234375,14651100
2024-09-25,81.4000015258789,79.94091796875,14163800
2024-09-26,79.91999816894531,78.48744201660156,17061100
2024-09-27,79.77999877929688,78.34994506835938,11899100
2024-09-30,80.75,79.30256652832031,18997000
2024-10-01,81.2699966430664,79.81322479248047,16054200
2024-10-02,80.43000030517578,78.98829650878906,16618300
2024-10-03,80.43000030517578,78.98829650878906,11640400
2024-10-04,80.94000244140625,79.4891586303711,11583400
2024-10-07,79.0999984741211,77.68213653564453,16791600
2024-10-08,79.70999908447266,78.28119659423828,15270000
2024-10-09,80.4000015258789,78.95883178710938,12413000
2024-10-10,79.61000061035156,78.1830062866211,10812700
2024-10-11,80.0999984741211,78.66421508789062,9570700
2024-10-14,80.29000091552734,78.85081481933594,9914500
2024-10-15,81.6500015258789,80.1864242553711,13276200
2024-10-16,81.22000122070312,79.76412963867188,11123300
2024-10-17,80.88999938964844,79.44004821777344,9424700
2024-10-18,81.30999755859375,79.85252380371094,12324100
2024-10-21,80.80999755859375,79.3614730834961,9750400
2024-10-22,82.0199966430664,80.54978942871094,12240100
2024-10-23,83.2699966430664,81.77738952636719,13058200
2024-10-24,83.04000091552734,81.551513671875,11645900
2024-10-25,82.51000213623047,81.03102111816406,8959400
2024-10-28,82.75,81.2667007446289,7990200
2024-10-29,81.69999694824219,80.23552703857422,9682400
2024-10-30,81.38999938964844,79.93107604980469,9268800
2024-10-31,81.94999694824219,80.48104095458984,15539000
2024-11-01,82.19000244140625,80.71675109863281,12181800
2024-11-04,82.44999694824219,80.97209167480469,11731000
2024-11-05,83.68000030517578,82.18003845214844,10612500
2024-11-06,83.44000244140625,81.94434356689453,19974000
2024-11-07,83.8499984741211,82.34697723388672,12665800
2024-11-08,84.83000183105469,83.3094253540039,14396500
2024-11-11,84.20999908447266,82.7005386352539,10433200
2024-11-12,84.98999786376953,83.46654510498047,12860200
2024-11-13,85.5,83.96741485595703,12802600
2024-11-14,84.47000122070312,82.95588684082031,15740700
2024-11-15,84.25,82.73979949951172,17370600
2024-11-18,84.08000183105469,82.57286834716797,25093800
2024-11-19,86.5999984741211,85.04768371582031,36340900
2024-11-20,87.18000030517578,85.61730194091797,18183200
2024-11-21,88.38999938964844,86.80561828613281,18729200
2024-11-22,90.44000244140625,88.8188705444336,23990600
2024-11-25,89.5,87.89571380615234,25078600
2024-11-26,91.30999755859375,89.67326354980469,16657000
2024-11-27,91.87999725341797,90.23303985595703,14358900
2024-11-29,92.5,90.8419418334961,11041200
2024-12-02,92.63999938964844,90.97942352294922,17173000
2024-12-03,93.51000213623047,91.8338394165039,17775200
2024-12-04,94.44999694824219,92.7569808959961,17312600
2024-12-05,95.30000305175781,93.59174346923828,21932300
2024-12-06,95.69999694824219,93.98458099365234,18803500
2024-12-09,93.83000183105469,92.14810180664062,20931100
2024-12-10,94.55000305175781,92.85519409179688,13164500
2024-12-11,94.95999908447266,93.25784301757812,19682100
2024-12-12,94.08999633789062,92.40343475341797,14298600
2024-12-13,94.25,92.76564025878906,11495900
2024-12-16,94.87000274658203,93.37589263916016,16742000
2024-12-17,95.41999816894531,93.9172134399414,23560800
2024-12-18,93.55000305175781,92.07666778564453,24665600
2024-12-19,93.4000015258789,91.92902374267578,16606500
2024-12-20,92.23999786376953,90.78730010986328,49350600
2024-12-23,90.3499984741211,88.92706298828125,26205400
2024-12-24,92.68000030517578,91.22037506103516,8992400
2024-12-26,92.79000091552734,91.32864379882812,10994000
2024-12-27,91.66000366210938,90.21644592285156,11384400
2024-12-30,90.56999969482422,89.14360809326172,9790200
2024-12-31,90.3499984741211,88.92706298828125,11267700
2025-01-02,90.0,88.58257293701172,14820400
2025-01-03,90.77999877929688,89.35030364990234,10834600
2025-01-06,91.43000030517578,89.99005889892578,14519900
2025-01-07,90.80999755859375,89.37981414794922,11238000
2025-01-08,91.80000305175781,90.35424041748047,13453600
2025-01-10,93.0,91.53533172607422,18140900
2025-01-13,91.52999877929688,90.08848571777344,18617100
2025-01-14,90.79000091552734,89.3601303100586,13549200
2025-01-15,91.33999633789062,89.90148162841797,17348200
2025-01-16,91.30000305175781,89.86210632324219,13267700
2025-01-17,91.94000244140625,90.49203491210938,15868200
2025-01-21,93.08000183105469,91.61407470703125,23247500
2025-01-22,93.2300033569336,91.76171112060547,15567100
2025-01-23,93.80999755859375,92.33256530761719,14198400
2025-01-24,94.76000213623047,93.26761627197266,14973800
2025-01-27,97.4000015258789,95.86603546142578,18880600
2025-01-28,97.29000091552734,95.75776672363281,14641600
2025-01-29,97.5,95.96446228027344,11261400
2025-01-30,98.6500015258789,97.09635925292969,11012200
2025-01-31,98.16000366210938,96.61406707763672,16391200
2025-02-03,99.54000091552734,97.97233581542969,20484200
2025-02-04,100.7699966430664,99.1829605102539,15201200
2025-02-05,102.45999908447266,100.84635162353516,15926700
2025-02-06,102.8499984741211,101.2302017211914,13088500
2025-02-07,101.1500015258789,99.5569839477539,12451100
2025-02-10,102.91999816894531,101.29910278320312,15274600
2025-02-11,102.47000122070312,100.85619354248047,11953600
2025-02-12,103.61000061035156,101.97823333740234,15162100
2025-02-13,105.05000305175781,103.39556121826172,12604400
2025-02-14,104.04000091552734,102.40145874023438,14109500
2025-02-18,103.77999877929688,102.14555358886719,18247300
2025-02-19,104.0,102.36209869384766,18508000
2025-02-20,97.20999908447266,95.67902374267578,55450900
2025-02-21,94.77999877929688,93.28730773925781,35014800
2025-02-24,93.66999816894531,92.19479370117188,29755900
2025-02-25,97.69000244140625,96.1514663696289,29331200
2025-02-26,96.19999694824219,94.6849365234375,19069700
2025-02-27,96.79000091552734,95.26565551757812,16431500
2025-02-28,98.61000061035156,97.05697631835938,25451300
2025-03-03,97.58999633789062,96.05303192138672,18372200
2025-03-04,94.97000122070312,93.47431182861328,25227700
2025-03-05,95.9800033569336,94.46839904785156,17639000
2025-03-06,94.63999938964844,93.14949798583984,19957800
2025-03-07,91.72000122070312,90.27549743652344,35913200
2025-03-10,87.81999969482422,86.43690490722656,35148800
2025-03-11,87.44000244140625,86.06289672851562,28687600
2025-03-12,85.19999694824219,83.8581771850586,33301600
2025-03-13,84.5,83.16919708251953,31507800
2025-03-14,85.3499984741211,84.00580596923828,35500600
2025-03-17,87.45999908447266,86.08258819580078,26297800
2025-03-18,85.58999633789062,84.24203491210938,17850900
2025-03-19,86.33000183105469,84.97038269042969,24555900
2025-03-20,85.80999755859375,84.45856475830078,18185500
2025-03-21,85.9800033569336,84.85828399658203,26797200
2025-03-24,87.48999786376953,86.34857940673828,17900700
2025-03-25,84.76000213623047,83.65421295166016,27908600
2025-03-26,85.20999908447266,84.09833526611328,27228800
2025-03-27,85.62999725341797,84.51284790039062,16782800
2025-03-28,85.1500015258789,84.03911590576172,14790600
2025-03-31,87.79000091552734,86.64466857910156,30269300
2025-04-01,88.83000183105469,87.67111206054688,22080300
2025-04-02,89.76000213623047,88.5889663696289,19384100
2025-04-03,87.26000213623047,86.12158203125,33012900
2025-04-04,83.19000244140625,82.10469055175781,36209000
2025-04-07,83.83000183105469,82.73633575439453,36884900
2025-04-08,81.79000091552734,80.72294616699219,34351700
2025-04-09,89.5999984741211,88.4310531616211,46632800
2025-04-10,90.61000061035156,89.4278793334961,34735300
2025-04-11,92.80000305175781,91.58930206298828,25508100
2025-04-14,94.7300033569336,93.49413299560547,27742900
2025-04-15,93.97000122070312,92.74404907226562,21871200
2025-04-16,91.19000244140625,90.00030517578125,22229100
2025-04-17,93.22000122070312,92.00382995605469,21393900
2025-04-21,92.41000366210938,91.20439910888672,18361200
2025-04-22,94.8499984741211,93.61256408691406,15407800
2025-04-23,94.95999908447266,93.72112274169922,18046900
2025-04-24,95.83999633789062,94.58963775634766,13444500
2025-04-25,95.08999633789062,93.84944152832031,15317200
2025-04-28,95.22000122070312,93.97774505615234,12950000
2025-04-29,96.04000091552734,94.78704833984375,12679000
2025-04-30,97.25,95.98125457763672,21639900
2025-05-01,97.41000366210938,96.13917541503906,13171800
2025-05-02,98.75,97.46168518066406,16031400
2025-05-05,99.33000183105469,98.03411865234375,12439100
2025-05-06,98.55000305175781,97.26428985595703,10626000
2025-05-07,98.83000183105469,97.5406494140625,11301300
2025-05-08,97.43000030517578,96.15890502929688,14461100
2025-05-09,96.72000122070312,95.68896484375,13697800
2025-05-12,96.75,95.71864318847656,26783900
2025-05-13,95.87999725341797,94.85791015625,19746700
2025-05-14,96.83000183105469,95.79779815673828,25620100
2025-05-15,96.3499984741211,95.32290649414062,44026100
2025-05-16,98.23999786376953,97.19275665283203,33746200
2025-05-19,98.12000274658203,97.07405090332031,20041600
2025-05-20,97.80000305175781,96.75745391845703,15609600
2025-05-21,96.43000030517578,95.40205383300781,15742300
2025-05-22,95.93000030517578,94.90739440917969,13712200
2025-05-23,96.33999633789062,95.31301879882812,13668600
2025-05-27,97.58000183105469,96.539794921875,17180900
2025-05-28,97.23999786376953,96.20342254638672,11220100
2025-05-29,97.0999984741211,96.06491088867188,14338000
2025-05-30,98.72000122070312,97.66764068603516,29980100
2025-06-02,99.7699966430664,98.70645141601562,16999200
2025-06-03,99.9800033569336,98.91421508789062,15598600
2025-06-04,99.3499984741211,98.29092407226562,11115600
2025-06-05,97.95999908447266,96.91574096679688,15817100
2025-06-06,97.47000122070312,96.43098449707031,15599300
2025-06-09,97.44999694824219,96.41118621826172,13655700
2025-06-10,97.31999969482422,96.2825698852539,17162500
2025-06-11,95.80000305175781,94.77877807617188,16389600
2025-06-12,94.83000183105469,93.8191146850586,17845700
2025-06-13,94.44000244140625,93.43327331542969,18694700
2025-06-16,94.29000091552734,93.28487396240234,14881700
2025-06-17,94.25,93.24529266357422,14935600
2025-06-18,95.08999633789062,94.07634735107422,11333700
2025-06-20,96.12000274658203,95.0953598022461,20604900
2025-06-23,97.87000274658203,96.82671356201172,20432400
2025-06-24,98.0,96.955322265625,22403700
2025-06-25,97.26000213623047,96.22320556640625,11154700
2025-06-26,96.0199966430664,94.9964370727539,19361400
2025-06-27,97.2699966430664,96.23309326171875,31431900
2025-06-30,97.77999877929688,96.73766326904297,17803000
2025-07-01,98.23999786376953,97.19275665283203,15635800
2025-07-02,97.61000061035156,96.5694808959961,12502000
2025-07-03,98.36000061035156,97.31148529052734,7686200
2025-07-07,99.3499984741211,98.29092407226562,12930900
2025-07-08,97.08999633789062,96.05502319335938,16875000
2025-07-09,96.80999755859375,95.77800750732422,13702600
2025-07-10,94.86000061035156,93.84880065917969,18894800
2025-07-11,94.4000015258789,93.3936996459961,14595000
2025-07-14,95.77999877929688,94.75898742675781,13779100
2025-07-15,95.38999938964844,94.37313842773438,10450800
2025-07-16,95.1500015258789,94.13570404052734,11181600
2025-07-17,95.08999633789062,94.07634735107422,11165100
2025-07-18,95.05000305175781,94.03677368164062,14636300
2025-07-21,95.66999816894531,94.65016174316406,13450400
2025-07-22,95.8499984741211,94.8282470703125,9049100
2025-07-23,95.68000030517578,94.6600570678711,9729700
2025-07-24,96.5999984741211,95.57024383544922,14991500
2025-07-25,97.47000122070312,96.43098449707031,12868500
2025-07-28,97.61000061035156,96.5694808959961,12293100
2025-07-29,98.33000183105469,97.28180694580078,14034300
2025-07-30,97.58999633789062,96.5496826171875,13864100
2025-07-31,97.9800033569336,96.93553161621094,15651300
2025-08-01,98.48999786376953,97.44009399414062,16750400
2025-08-04,99.58999633789062,98.52836608886719,19050200
2025-08-05,99.30999755859375,98.25135040283203,17977000
2025-08-06,103.36000061035156,102.2581787109375,23738400
2025-08-07,103.12000274658203,102.02074432373047,12509500
2025-08-08,103.7300033569336,102.6242446899414,12394700
2025-08-11,103.93000030517578,102.82209777832031,12856700
2025-08-12,103.62000274658203,102.51541900634766,17915300
2025-08-13,100.98999786376953,99.9134521484375,19398500
2025-08-14,100.8499984741211,99.77493286132812,10858400
2025-08-15,100.0,99.16506958007812,13604900
2025-08-18,100.69999694824219,99.8592300415039,11656100
2025-08-19,101.29000091552734,100.44430541992188,16999000
2025-08-20,102.56999969482422,101.71361541748047,18655000
2025-08-21,97.95999908447266,97.14210510253906,51825100
2025-08-22,96.83000183105469,96.02154541015625,32695200
2025-08-25,96.06999969482422,95.26788330078125,18956100
2025-08-26,96.05000305175781,95.24806213378906,22270400
2025-08-27,96.08000183105469,95.2778091430664,12925700
2025-08-28,96.11000061035156,95.30755615234375,19241600
2025-08-29,96.9800033569336,96.17029571533203,15600300
2025-09-02,97.8499984741211,97.03302764892578,15351300
2025-09-03,99.44000244140625,98.60975646972656,18995900
2025-09-04,100.93000030517578,100.08731079101562,15640900
2025-09-05,100.51000213623047,99.67082214355469,13748500
2025-09-08,102.27999877929688,101.42603302001953,13685700
2025-09-09,102.29000091552734,101.43595886230469,11819700
2025-09-10,100.41000366210938,99.57164764404297,17934900
2025-09-11,102.6500015258789,101.7929458618164,15900800
2025-09-12,103.48999786376953,102.62593841552734,11641900
2025-09-15,103.69000244140625,102.82426452636719,10756900
2025-09-16,103.41999816894531,102.55651092529297,14481900
2025-09-17,104.2699966430664,103.39942169189453,25382000
2025-09-18,103.5999984741211,102.73501586914062,14869400
2025-09-19,102.33000183105469,101.47562408447266,34791600
2025-09-22,102.81999969482422,101.9615249633789,12861900
2025-09-23,102.5199966430664,101.66403198242188,13158700
2025-09-24,102.7300033569336,101.87228393554688,11391800
2025-09-25,103.05000305175781,102.18960571289062,13366700
2025-09-26,103.16000366210938,102.29869079589844,11859300
2025-09-29,103.08000183105469,102.2193603515625,15477200
2025-09-30,103.05999755859375,102.19952392578125,13873400
2025-10-01,101.95999908447266,101.10871124267578,16142800
2025-10-02,101.69999694824219,100.85087585449219,15605400
2025-10-03,102.06999969482422,101.2177963256836,11867500
2025-10-06,102.69999694824219,101.842529296875,13303600
2025-10-07,103.23999786376953,102.37802124023438,15538900
2025-10-08,102.9000015258789,102.04085540771484,13584100
2025-10-09,101.7699966430664,100.9202880859375,19508000
2025-10-10,101.83999633789062,100.98970794677734,18519400
2025-10-13,102.12000274658203,101.26737213134766,10871200
2025-10-14,107.20999908447266,106.31487274169922,30859500
2025-10-15,109.02999877929688,108.11967468261719,21416300
2025-10-16,106.47000122070312,105.58106231689453,16366200
2025-10-17,107.7300033569336,106.83052825927734,13735600
2025-10-20,107.05000305175781,106.15621948242188,10581200
2025-10-21,106.22000122070312,105.33314514160156,10899700
2025-10-22,107.13999938964844,106.24546813964844,12296500
2025-10-23,106.86000061035156,105.9677963256836,11408200
2025-10-24,106.16999816894531,105.28355407714844,10318000
2025-10-27,104.47000122070312,103.5977554321289,16375900
2025-10-28,103.16999816894531,102.30860137939453,13323000
2025-10-29,102.45999908447266,101.60453796386719,11986400
2025-10-30,102.2300033569336,101.37646484375,14065100
2025-10-31,101.18000030517578,100.3352279663086,20237000
2025-11-03,101.58999633789062,100.74179077148438,14811700
2025-11-04,102.2699966430664,101.41612243652344,12636400
2025-11-05,101.47000122070312,100.622802734375,13356800
2025-11-06,101.68000030517578,100.83103942871094,14866000
2025-11-07,102.58999633789062,101.73344421386719,17248700
2025-11-10,102.41999816894531,101.56487274169922,14507600
2025-11-11,103.44000244140625,102.57635498046875,13182100
2025-11-12,103.44000244140625,102.57635498046875,12084400
2025-11-13,102.54000091552734,101.68387603759766,18088500
2025-11-14,102.4800033569336,101.62437438964844,23424200
2025-11-17,102.94999694824219,102.09044647216797,15289400
2025-11-18,101.38999938964844,100.54346466064453,17604500
2025-11-19,100.61000061035156,99.76998138427734,22157000
2025-11-20,107.11000061035156,106.21571350097656,50375900
2025-11-21,105.31999969482422,104.4406509399414,41420800
2025-11-24,104.05999755859375,103.19117736816406,42519200
2025-11-25,107.0,106.10662078857422,20212900
2025-11-26,109.0999984741211,108.18909454345703,17783300
2025-11-28,110.51000213623047,109.58732604980469,9846500
2025-12-01,111.52999877929688,110.59880065917969,17236800
2025-12-02,112.41000366210938,111.4714584350586,18711800
2025-12-03,114.41000366210938,113.45476531982422,24478300
2025-12-04,114.83999633789062,113.88117218017578,25905100
2025-12-05,115.11000061035156,114.14891815185547,23956400
2025-12-08,113.55999755859375,112.61184692382812,22700700
2025-12-09,115.05999755859375,114.09932708740234,24326700
2025-12-10,113.18000030517578,112.23502349853516,22859600
2025-12-11,115.5199966430664,114.55548858642578,21586600
2025-12-12,116.69999694824219,115.96153259277344,19092400
2025-12-15,116.79000091552734,116.05097198486328,18713700
2025-12-16,115.41999816894531,114.68963623046875,19642300
2025-12-17,115.66000366210938,114.92813110351562,16177800
2025-12-18,114.83000183105469,114.1033706665039,21476700
2025-12-19,114.36000061035156,113.6363525390625,50043800
2025-12-22,112.5999984741211,111.88748168945312,21473900
2025-12-23,110.9000015258789,110.1982421875,20319900
2025-12-24,111.61000061035156,110.90374755859375,9009600
2025-12-26,111.73999786376953,111.03292846679688,9003800
2025-12-29,112.52999877929688,111.81793212890625,12979600
2025-12-30,111.91999816894531,111.21178436279297,11730600
2025-12-31,111.41000366210938,110.70502471923828,11487400
2026-01-02,112.76000213623047,112.04647827148438,14306600
2026-01-05,112.70999908447266,111.99679565429688,19557600
2026-01-06,114.33999633789062,113.61647033691406,20120800
2026-01-07,112.72000122070312,112.0067367553711,23306000
2026-01-08,113.06999969482422,112.3545150756836,24058300
2026-01-09,114.52999877929688,113.8052749633789,21902900
2026-01-12,117.97000122070312,117.2235107421875,49182100
2026-01-13,120.36000061035156,119.598388671875,31222100
2026-01-14,120.04000091552734,119.28041076660156,32764000
2026-01-15,119.19999694824219,118.44571685791016,34559400
2026-01-16,119.69999694824219,118.94255828857422,415144600
2026-01-20,118.70999908447266,117.95882415771484,45334000
2026-01-21,119.36000061035156,118.60470581054688,34811700
2026-01-22,117.83000183105469,117.08438873291016,24547300
2026-01-23,117.7300033569336,116.98502349853516,20806900
2026-01-26,117.63999938964844,116.89559936523438,19552200
2026-01-27,116.94000244140625,116.20002746582031,22968600
2026-01-28,116.56999969482422,115.83236694335938,16342000
2026-01-29,117.41000366210938,116.66705322265625,16381100
2026-01-30,119.13999938964844,118.38610076904297,22215400
2026-02-02,124.05999755859375,123.27497100830078,31210100
2026-02-03,127.70999908447266,126.9018783569336,32018700
2026-02-04,128.0,127.1900405883789,27531800
2026-02-05,126.94000244140625,126.13674926757812,30517800
2026-02-06,131.17999267578125,130.34991455078125,26593400
2026-02-09,129.02000427246094,128.20359802246094,27197300
2026-02-10,126.69999694824219,125.89826202392578,24662000
2026-02-11,128.77000427246094,127.95516204833984,19232100
2026-02-12,133.63999938964844,132.79434204101562,33382700
2026-02-13,133.88999938964844,133.0427703857422,24131200
2026-02-17,128.85000610351562,128.03466796875,37995900
2026-02-18,126.62000274658203,125.81877136230469,36485000
2026-02-19,124.87000274658203,124.07984924316406,42993300
2026-02-20,122.98999786376953,122.21173858642578,35151000
2026-02-23,125.80999755859375,125.0138931274414,25662800
2026-02-24,126.75,125.94795227050781,20161200
2026-02-25,125.75,124.95427703857422,17345700
2026-02-26,124.41999816894531,123.63268280029297,18638300
2026-02-27,127.94999694824219,127.14035034179688,29205500
2026-03-02,127.0999984741211,126.29573059082031,17091500
2026-03-03,127.91000366210938,127.1006088256836,16480400
2026-03-04,127.80999755859375,127.00123596191406,16434100
2026-03-05,123.30999755859375,122.52970886230469,28604900
2026-03-06,123.80000305175781,123.01661682128906,21553000
2026-03-09,124.33999633789062,123.55319213867188,19375900
2026-03-10,125.12000274658203,124.32826232910156,18793600
2026-03-11,123.48999786376953,122.70858001708984,18176500
2026-03-12,125.33000183105469,124.53693389892578,21751600
2026-03-13,126.5199966430664,125.71939086914062,15194100
2026-03-16,125.98999786376953,125.19275665283203,20463200
2026-03-17,125.08000183105469,124.28851318359375,19895000
2026-03-18,121.9800033569336,121.20813751220703,19734900
2026-03-19,121.08999633789062,120.32376098632812,17927700
2026-03-20,119.0199966430664,118.50957489013672,57545600
2026-03-23,120.72000122070312,120.2022933959961,22181500
2026-03-24,122.05000305175781,121.5265884399414,17269600
2026-03-25,123.05999755859375,122.5322494506836,16597300
2026-03-26,122.18000030517578,121.6560287475586,16442500
2026-03-27,122.88999938964844,122.36298370361328,16543300
2026-03-30,123.5,122.97036743164062,20428900
2026-03-31,124.27999877929688,123.74702453613281,21330400
2026-04-01,124.73999786376953,124.20504760742188,17039700
2026-04-02,125.79000091552734,125.25054931640625,11898400
2026-04-06,126.79000091552734,126.24626159667969,10850400
2026-04-07,122.48999786376953,121.9646987915039,16076000
2026-04-08,127.26000213623047,126.71424865722656,20194300
2026-04-09,129.1300048828125,128.57623291015625,13853100
2026-04-10,126.7699966430664,126.2263412475586,13894000
2026-04-13,124.56999969482422,124.03578186035156,14510600
2026-04-14,125.05000305175781,124.51371765136719,15320800
2026-04-15,124.76000213623047,124.22496032714844,17001400
2026-04-16,124.81999969482422,124.28469848632812,18324500
2026-04-17,127.5,126.95321655273438,24763700
2026-04-20,127.91999816894531,127.37140655517578,18933600
2026-04-21,129.60000610351562,129.04420471191406,17312400
2026-04-22,129.97999572753906,129.42257690429688,17624500
2026-04-23,132.02999877929688,131.4637908935547,16376000
2026-04-24,129.9199981689453,129.3628387451172,16016300
2026-04-27,127.58999633789062,127.04281616210938,17029500
2026-04-28,127.58999633789062,127.04281616210938,16341800
2026-04-29,128.00999450683594,127.46102142333984,16538800
2026-04-30,131.92999267578125,131.36419677734375,19867700
2026-05-01,131.60000610351562,131.03562927246094,10480900
2026-05-04,130.3300018310547,129.7710723876953,10340700
2026-05-05,130.7899932861328,130.22909545898438,10637300
2026-05-06,130.0800018310547,129.52215576171875,16371500
2026-05-07,130.1999969482422,129.64163208007812,14935400
2026-05-08,130.42999267578125,130.1184844970703,15183700
2026-05-11,127.58999633789062,127.28527069091797,18699200
2026-05-12,130.35000610351562,130.0386962890625,17935400
2026-05-13,131.47000122070312,131.156005859375,13786600
2026-05-14,132.4600067138672,132.14364624023438,14200400
2026-05-15,131.4499969482422,131.1360626220703,25323000
2026-05-18,133.33999633789062,133.02154541015625,17183200
2026-05-19,134.1999969482422,133.87948608398438,16957100
2026-05-20,130.85000610351562,130.53749084472656,28471600
2026-05-21,121.33999633789062,121.05020141601562,53006600
2026-05-22,120.2699966430664,119.98275756835938,30330600
2026-05-26,118.56999969482422,118.28681945800781,28796600
2026-05-27,118.54000091552734,118.25688934326172,22062200
2026-05-28,118.9000015258789,118.61603546142578,21613100
2026-05-29,115.75,115.47355651855469,42191000
2026-06-01,114.5999984741211,114.32630157470703,26176200
2026-06-02,113.05999755859375,112.78997802734375,27366400
2026-06-03,116.88999938964844,116.61083221435547,32880600
2026-06-04,117.73999786376953,117.45880126953125,22870400
2026-06-05,118.87999725341797,118.59607696533203,36638100
2026-06-08,119.83000183105469,119.54381561279297,19514100
2026-06-09,118.87999725341797,118.59607696533203,23959000
2026-06-10,120.58999633789062,120.30199432373047,22414900
2026-06-11,120.5,120.21221160888672,22438000
2026-06-12,121.04000091552734,120.75092315673828,14753500
2026-06-15,120.81999969482422,120.53144836425781,20722500
2026-06-16,121.02999877929688,120.7409439086914,23060700
2026-06-17,118.12999725341797,117.84786987304688,21711100
2026-06-18,117.18000030517578,116.90013885498047,36526800
2026-06-22,117.18000030517578,116.90013885498047,17053900
2026-06-23,119.41999816894531,119.1347885131836,23411400
2026-06-24,119.0,118.71578979492188,20600100
2026-06-25,115.77999877929688,115.50347900390625,20384700
2026-06-26,115.69000244140625,115.41370391845703,36636000
2026-06-29,114.5999984741211,114.32630157470703,20367000
2026-06-30,113.26000213623047,112.989501953125,23034000
2026-07-01,108.81999969482422,108.56010437011719,40391400
2026-07-02,111.83999633789062,111.57289123535156,29512200
2026-07-06,110.6500015258789,110.38573455810547,29523300
2026-07-07,111.54000091552734,111.27361297607422,19941400
2026-07-08,113.0999984741211,112.82987976074219,19892000
2026-07-09,112.20999908447266,111.94200897216797,20464500
2026-07-10,113.9000015258789,113.62797546386719,12461700
2026-07-13,114.77999877929688,114.50586700439453,17043400
2026-07-14,113.69999694824219,113.4284439086914,14682000
2026-07-15,112.52999877929688,112.26124572753906,16467900
2026-07-16,114.94999694824219,114.67546081542969,20777600
2026-07-17,114.23999786376953,113.96715545654297,28289800
2026-07-20,112.19999694824219,111.9320297241211,17738900
2026-07-21,110.38999938964844,110.12635803222656,22717000
2026-07-22,109.33000183105469,109.06888580322266,23494800
2026-07-23,108.4000015258789,108.14111328125,21516800
2026-07-24,109.47000122070312,109.20855712890625,18405900
2026-07-27,111.73999786376953,111.47312927246094,19008700
2026-07-28,113.0999984741211,112.82987976074219,24867900
2026-07-29,114.22000122070312,113.94721221923828,23480000
2026-07-30,111.0999984741211,110.83465576171875,28747000
2026-07-31,111.19999694824219,110.93441772460938,22799100
2026-08-03,110.70999908447266,110.44558715820312,23942500
2026-08-04,111.55000305175781,111.28358459472656,29620000
2026-08-05,112.33999633789062,112.07169342041016,21446300
2026-08-06,112.06999969482422,111.8023452758789,23203100
2026-08-07,111.8499984741211,111.58287048339844,18819300
2026-08-10,112.66000366210938,112.39093780517578,19144000
2026-08-11,113.26000213623047,112.989501953125,17005800
2026-08-12,116.01000213623047,115.7329330444336,22054700
2026-08-13,115.72000122070312,115.4436264038086,16822200
2026-08-14,115.2699966430664,114.99469757080078,14520000
2026-08-17,114.33000183105469,114.05694580078125,18131100
2026-08-18,115.19999694824219,114.92486572265625,20675000
2026-08-19,114.30000305175781,114.02702331542969,34286600
2026-08-20,103.83999633789062,103.59199523925781,83633100
2026-08-21,103.69999694824219,103.69999694824219,44454200
2026-08-24,106.48999786376953,106.48999786376953,35616300
2026-08-25,105.37999725341797,105.37999725341797,27032500
2026-08-26,104.33999633789062,104.33999633789062,28409400
2026-08-27,102.62999725341797,102.62999725341797,29816600
2026-08-28,103.08999633789062,103.08999633789062,19420800
2026-08-31,104.87000274658203,104.87000274658203,34188700
2026-09-01,105.91999816894531,105.91999816894531,22074600
2026-09-02,106.08999633789062,106.08999633789062,25181800
2026-09-03,108.41999816894531,108.41999816894531,25541200
2026-09-04,107.13999938964844,107.13999938964844,20540500
2026-09-08,106.05000305175781,106.05000305175781,22664800
2026-09-09,105.83000183105469,105.83000183105469,15460800
2026-09-10,105.7300033569336,105.7300033569336,17174900
2026-09-11,107.1500015258789,107.1500015258789,17068600
2026-09-14,109.08000183105469,109.08000183105469,23877400
2026-09-15,108.08999633789062,108.08999633789062,19316300
2026-09-16,107.5,107.5,15150900
2026-09-17,106.79000091552734,106.79000091552734,19216200
2026-09-18,106.7300033569336,106.7300033569336,45337600
2026-09-21,107.44000244140625,107.44000244140625,23966900
2026-09-22,110.12000274658203,110.12000274658203,19372800
2026-09-23,110.52999877929688,110.52999877929688,22770800
2026-09-24,107.58999633789062,107.58999633789062,26174000
