Date,close,adjclose,volume
2014-12-01,92.3499984741211,56.484317779541016,27584200
2014-12-02,94.19000244140625,57.6097297668457,20885300
2014-12-03,94.94999694824219,58.07456588745117,16220400
2014-12-04,94.37000274658203,57.71981430053711,12868600
2014-12-05,93.81999969482422,57.3834342956543,11831900
2014-12-08,91.69999694824219,56.08674240112305,15735900
2014-12-09,91.37999725341797,55.89104080200195,15883800
2014-12-10,88.66999816894531,54.233516693115234,22279400
2014-12-11,89.19999694824219,54.55768585205078,21522200
2014-12-12,86.5999984741211,52.96744155883789,24568300
2014-12-15,86.9000015258789,53.15093231201172,21373600
2014-12-16,86.41000366210938,52.851226806640625,26372400
2014-12-17,89.0199966430664,54.44758605957031,23323000
2014-12-18,91.16000366210938,55.75649642944336,22882700
2014-12-19,93.63999938964844,57.27333068847656,38469000
2014-12-22,93.33000183105469,57.0837287902832,17871800
2014-12-23,94.58999633789062,57.8543701171875,13706500
2014-12-24,93.77999877929688,57.35894775390625,6875700
2014-12-26,93.20999908447266,57.010311126708984,10585000
2014-12-29,93.06999969482422,56.92470169067383,9892100
2014-12-30,93.0199966430664,56.89411544799805,8743400
2014-12-31,92.44999694824219,56.54548263549805,11337200
2015-01-02,92.83000183105469,56.77791213989258,10220400
2015-01-05,90.29000091552734,55.224361419677734,18502400
2015-01-06,89.80999755859375,54.93079376220703,16670700
2015-01-07,90.72000122070312,55.48733901977539,13590700
2015-01-08,92.2300033569336,56.41093444824219,15487500
2015-01-09,92.0999984741211,56.33140563964844,14488400
2015-01-12,90.33000183105469,55.24883270263672,15176300
2015-01-13,90.0,55.04697036743164,17469000
2015-01-14,89.73999786376953,54.88795852661133,23272100
2015-01-15,88.95999908447266,54.41088104248047,18759600
2015-01-16,91.12000274658203,55.73201370239258,17713100
2015-01-20,91.08999633789062,55.71367263793945,16761000
2015-01-21,91.87000274658203,56.19073486328125,14276400
2015-01-22,92.87000274658203,56.80240249633789,13559000
2015-01-23,90.88999938964844,55.59134292602539,14706300
2015-01-26,91.76000213623047,56.12345504760742,10672500
2015-01-27,90.94999694824219,55.62804412841797,12301500
2015-01-28,87.94999694824219,53.79314041137695,17829700
2015-01-29,87.58000183105469,53.566829681396484,22683000
2015-01-30,87.41999816894531,53.46896743774414,22679900
2015-02-02,89.58000183105469,54.790103912353516,20306300
2015-02-03,92.25,56.42316436767578,21900900
2015-02-04,91.45999908447266,55.93999099731445,19632200
2015-02-05,92.36000061035156,56.49043273925781,12809000
2015-02-06,91.5,56.385684967041016,12331200
2015-02-09,91.55999755859375,56.422645568847656,11360700
2015-02-10,91.01000213623047,56.08372497558594,12952900
2015-02-11,90.5999984741211,55.83106231689453,12240600
2015-02-12,92.37000274658203,56.92178726196289,14843000
2015-02-13,93.37000274658203,57.538047790527344,12061000
2015-02-17,93.05000305175781,57.340858459472656,11758700
2015-02-18,91.01000213623047,56.08372497558594,19177900
2015-02-19,89.44000244140625,55.116241455078125,19350600
2015-02-20,89.91999816894531,55.41200256347656,15959900
2015-02-23,89.01000213623047,54.85124969482422,12771800
2015-02-24,89.41999816894531,55.103912353515625,9990700
2015-02-25,89.5999984741211,55.21484375,9925700
2015-02-26,88.6500015258789,54.6294059753418,13984000
2015-02-27,88.54000091552734,54.561614990234375,13090600
2015-03-02,88.04000091552734,54.253501892089844,13793700
2015-03-03,87.62000274658203,53.994667053222656,13493800
2015-03-04,87.18000030517578,53.723533630371094,13467600
2015-03-05,86.73999786376953,53.45238494873047,12527600
2015-03-06,85.62999725341797,52.768367767333984,16070500
2015-03-09,85.16000366210938,52.478755950927734,14503800
2015-03-10,84.26000213623047,51.92412185668945,17195500
2015-03-11,84.0199966430664,51.77622985839844,13004700
2015-03-12,84.22000122070312,51.899478912353516,10792900
2015-03-13,83.87000274658203,51.683780670166016,16799900
2015-03-16,84.76000213623047,52.23222732543945,13516200
2015-03-17,84.08000183105469,51.81319808959961,12979700
2015-03-18,86.06999969482422,53.03951644897461,18745700
2015-03-19,84.41000366210938,52.01654815673828,12738500
2015-03-20,84.54000091552734,52.0966682434082,36083500
2015-03-23,85.43000030517578,52.645118713378906,17450700
2015-03-24,84.5199966430664,52.08433151245117,10174300
2015-03-25,84.86000061035156,52.29387664794922,11934700
2015-03-26,84.31999969482422,51.96111297607422,14400700
2015-03-27,83.58000183105469,51.505088806152344,11579300
2015-03-30,85.62999725341797,52.768367767333984,15653200
2015-03-31,85.0,52.380126953125,13354000
2015-04-01,84.45999908447266,52.04736328125,14522300
2015-04-02,84.30000305175781,51.948768615722656,11297400
2015-04-06,85.12999725341797,52.46025848388672,10916400
2015-04-07,85.75,52.842315673828125,11836100
2015-04-08,84.05999755859375,51.800865173339844,16257100
2015-04-09,84.6500015258789,52.164451599121094,13281800
2015-04-10,85.55999755859375,52.7252311706543,13372400
2015-04-13,85.33999633789062,52.58966827392578,9880500
2015-04-14,86.62999725341797,53.38459396362305,15693800
2015-04-15,88.08000183105469,54.27815628051758,15332800
2015-04-16,87.7300033569336,54.06246566772461,9570800
2015-04-17,86.93000030517578,53.56948471069336,14430100
2015-04-20,87.23999786376953,53.76051330566406,11593600
2015-04-21,86.87999725341797,53.53865051269531,10100500
2015-04-22,87.45999908447266,53.89607620239258,8663600
2015-04-23,87.54000091552734,53.94538116455078,9866100
2015-04-24,86.97000122070312,53.59412384033203,8405700
2015-04-27,87.01000213623047,53.6187858581543,10534600
2015-04-28,87.80000305175781,54.10559844970703,9633800
2015-04-29,87.87000274658203,54.14874267578125,12534100
2015-04-30,87.37000274658203,53.84062194824219,13947700
2015-05-01,88.8499984741211,54.75263595581055,12257100
2015-05-04,89.11000061035156,54.91286849975586,10343700
2015-05-05,88.61000061035156,54.60474395751953,11895000
2015-05-06,88.19000244140625,54.34592819213867,11273500
2015-05-07,87.5999984741211,53.98234558105469,9992500
2015-05-08,88.98999786376953,54.838897705078125,11390300
2015-05-11,86.77999877929688,53.91935729980469,11997800
2015-05-12,87.0199966430664,54.068477630615234,9788900
2015-05-13,86.55999755859375,53.78264617919922,8629400
2015-05-14,86.97000122070312,54.03740310668945,8791300
2015-05-15,87.3499984741211,54.27350616455078,8422200
2015-05-18,86.8499984741211,53.962860107421875,6395400
2015-05-19,86.98999786376953,54.04981994628906,9777100
2015-05-20,87.12999725341797,54.13679885864258,7276600
2015-05-21,87.20999908447266,54.18649673461914,8357400
2015-05-22,86.5199966430664,53.7578010559082,7598400
2015-05-26,85.3499984741211,53.03083038330078,11289000
2015-05-27,85.11000061035156,52.8817138671875,10778300
2015-05-28,85.11000061035156,52.8817138671875,8038900
2015-05-29,85.19999694824219,52.93764114379883,14631300
2015-06-01,85.12999725341797,52.89414978027344,9077500
2015-06-02,85.13999938964844,52.90036392211914,9328300
2015-06-03,84.94999694824219,52.782325744628906,8179500
2015-06-04,84.22000122070312,52.328731536865234,12607300
2015-06-05,84.27999877929688,52.36602020263672,11388500
2015-06-08,84.8499984741211,52.72018051147461,12244700
2015-06-09,84.58000183105469,52.55241012573242,8105500
2015-06-10,85.20999908447266,52.94386291503906,10147000
2015-06-11,85.08999633789062,52.869293212890625,7759300
2015-06-12,84.0199966430664,52.204471588134766,8347300
2015-06-15,83.72000122070312,52.01805877685547,9563900
2015-06-16,84.68000030517578,52.61455154418945,9100100
2015-06-17,84.7300033569336,52.6456184387207,9090200
2015-06-18,85.4800033569336,53.11161422729492,10247800
2015-06-19,85.20999908447266,52.94386291503906,16129600
2015-06-22,85.16999816894531,52.91899490356445,9465100
2015-06-23,85.06999969482422,52.856876373291016,10223900
2015-06-24,84.68000030517578,52.61455154418945,11800100
2015-06-25,83.93000030517578,52.148555755615234,10259400
2015-06-26,83.86000061035156,52.10506820678711,19023300
2015-06-29,82.81999969482422,51.458858489990234,11739200
2015-06-30,83.19999694824219,51.694969177246094,14981100
2015-07-01,82.37000274658203,51.179256439208984,13529100
2015-07-02,83.13999938964844,51.65772247314453,9188000
2015-07-06,82.52999877929688,51.2786750793457,11694400
2015-07-07,82.87000274658203,51.48994827270508,15641500
2015-07-08,81.97000122070312,50.93073272705078,10057000
2015-07-09,81.5999984741211,50.700843811035156,11980500
2015-07-10,82.22000122070312,51.086063385009766,8628700
2015-07-13,82.41999816894531,51.21033477783203,8026700
2015-07-14,83.11000061035156,51.63904571533203,9310200
2015-07-15,82.76000213623047,51.421592712402344,9289200
2015-07-16,82.91000366210938,51.514793395996094,8267600
2015-07-17,82.61000061035156,51.32838439941406,12156000
2015-07-20,81.76000213623047,50.80024719238281,12957100
2015-07-21,81.66000366210938,50.738121032714844,8677100
2015-07-22,81.79000091552734,50.81888961791992,13181500
2015-07-23,81.13999938964844,50.4150276184082,10496100
2015-07-24,79.94000244140625,49.66942596435547,14888500
2015-07-27,79.26000213623047,49.24692153930664,14996100
2015-07-28,82.4800033569336,51.247623443603516,19777300
2015-07-29,83.13999938964844,51.65772247314453,13913800
2015-07-30,83.01000213623047,51.5769157409668,11139900
2015-07-31,79.20999908447266,49.21584701538086,26232700
2015-08-03,78.05999755859375,48.50132751464844,15767700
2015-08-04,77.16999816894531,47.948326110839844,18874400
2015-08-05,77.16999816894531,47.948326110839844,16544400
2015-08-06,78.08999633789062,48.51994705200195,13005200
2015-08-07,76.83000183105469,47.73708724975586,12187600
2015-08-10,78.75,48.9300537109375,14876000
2015-08-11,77.48999786376953,48.5976448059082,14486400
2015-08-12,78.79000091552734,49.41294479370117,16492400
2015-08-13,78.6500015258789,49.32514953613281,13154100
2015-08-14,78.36000061035156,49.14326477050781,9129300
2015-08-17,78.7699966430664,49.40040588378906,9365400
2015-08-18,77.9000015258789,48.85478591918945,9815300
2015-08-19,76.2300033569336,47.80744171142578,17010100
2015-08-20,74.56999969482422,46.76637649536133,17811200
2015-08-21,72.12999725341797,45.23614501953125,25488800
2015-08-24,68.72000122070312,43.097564697265625,35531200
2015-08-25,68.70999908447266,43.0912971496582,30409700
2015-08-26,72.5,45.46818542480469,34436000
2015-08-27,74.8499984741211,46.94198226928711,24571000
2015-08-28,75.06999969482422,47.079952239990234,18997300
2015-08-31,75.23999786376953,47.186588287353516,19570100
2015-09-01,72.08000183105469,45.20478439331055,24092900
2015-09-02,73.2300033569336,45.92600631713867,16936900
2015-09-03,73.79000091552734,46.27721405029297,13451900
2015-09-04,72.45999908447266,45.44309616088867,14902500
2015-09-08,73.5,46.09532928466797,13626900
2015-09-09,72.0,45.154605865478516,17246200
2015-09-10,72.5199966430664,45.4807243347168,12353900
2015-09-11,72.69000244140625,45.587345123291016,12172300
2015-09-14,72.48999786376953,45.46192169189453,10738500
2015-09-15,72.86000061035156,45.69394302368164,11979800
2015-09-16,74.30000305175781,46.5970458984375,15214200
2015-09-17,74.45999908447266,46.697391510009766,15603000
2015-09-18,72.68000030517578,45.5810661315918,23180200
2015-09-21,73.38999938964844,46.02635192871094,10853000
2015-09-22,72.73999786376953,45.61870574951172,14245200
2015-09-23,72.30000305175781,45.342769622802734,13784800
2015-09-24,72.7300033569336,45.612422943115234,14584200
2015-09-25,73.2300033569336,45.92600631713867,15175300
2015-09-28,72.5999984741211,45.53089904785156,14571900
2015-09-29,72.97000122070312,45.762935638427734,13754400
2015-09-30,74.3499984741211,46.628414154052734,18176500
2015-10-01,74.05999755859375,46.446529388427734,14397800
2015-10-02,75.87999725341797,47.58794403076172,18811300
2015-10-05,76.80999755859375,48.17117691040039,18486700
2015-10-06,77.88999938964844,48.84851837158203,18757900
2015-10-07,79.19999694824219,49.670082092285156,18666300
2015-10-08,80.02999877929688,50.190582275390625,14344700
2015-10-09,79.26000213623047,49.707698822021484,17384700
2015-10-12,79.30000305175781,49.732791900634766,9931800
2015-10-13,79.16000366210938,49.644981384277344,12326600
2015-10-14,80.16000366210938,50.272117614746094,14486000
2015-10-15,81.4800033569336,51.099971771240234,13640900
2015-10-16,82.4800033569336,51.72712326049805,14304400
2015-10-19,80.98999786376953,50.792659759521484,14155800
2015-10-20,80.83000183105469,50.69231033325195,12340100
2015-10-21,80.20999908447266,50.30348205566406,10274900
2015-10-22,82.88999938964844,51.9842529296875,14823500
2015-10-23,82.9800033569336,52.04069519042969,13215700
2015-10-26,81.22000122070312,50.93690872192383,12576400
2015-10-27,81.08999633789062,50.85538864135742,13579400
2015-10-28,82.27999877929688,51.60170364379883,12473000
2015-10-29,82.2300033569336,51.57032775878906,10341200
2015-10-30,82.73999786376953,51.89015197753906,18758600
2015-11-02,85.27999877929688,53.48310852050781,21266500
2015-11-03,86.8499984741211,54.46776580810547,20115900
2015-11-04,85.9800033569336,53.922122955322266,14245400
2015-11-05,84.80999755859375,53.1883544921875,12291100
2015-11-06,84.47000122070312,52.975135803222656,12491700
2015-11-09,81.94999694824219,51.84276580810547,13551200
2015-11-10,82.3499984741211,52.09579849243164,14238000
2015-11-11,81.62000274658203,51.633995056152344,9598000
2015-11-12,79.41000366210938,50.23591995239258,16050600
2015-11-13,78.0999984741211,49.407196044921875,17527300
2015-11-16,80.9000015258789,51.178524017333984,14548100
2015-11-17,79.95999908447266,50.58385467529297,10011700
2015-11-18,80.73999786376953,51.07729721069336,10884600
2015-11-19,80.30000305175781,50.798954010009766,9453300
2015-11-20,79.79000091552734,50.47630310058594,10144400
2015-11-23,80.27999877929688,50.78628158569336,11868400
2015-11-24,81.87999725341797,51.79848098754883,15055500
2015-11-25,81.25,51.39992904663086,8980400
2015-11-27,81.2300033569336,51.387271881103516,4156600
2015-11-30,81.66000366210938,51.65929412841797,17729200
2015-12-01,81.88999938964844,51.80479049682617,13917000
2015-12-02,79.55000305175781,50.32447052001953,16300000
2015-12-03,78.41000366210938,49.60330581665039,14870300
2015-12-04,78.86000061035156,49.887977600097656,20156400
2015-12-07,76.80000305175781,48.58479309082031,17676100
2015-12-08,74.62999725341797,47.21202087402344,24217600
2015-12-09,75.62999725341797,47.844627380371094,22036300
2015-12-10,75.69000244140625,47.882591247558594,20142400
2015-12-11,74.33999633789062,47.028568267822266,20473100
2015-12-14,76.02999877929688,48.097679138183594,21976500
2015-12-15,79.43000030517578,50.24856948852539,24366800
2015-12-16,79.1500015258789,50.071441650390625,17233900
2015-12-17,77.95999908447266,49.31862258911133,17362900
2015-12-18,77.27999877929688,48.88843536376953,28836000
2015-12-21,77.26000213623047,48.87581253051758,14460500
2015-12-22,77.6500015258789,49.122520446777344,13855800
2015-12-23,80.19000244140625,50.7293586730957,15184200
2015-12-24,79.33000183105469,50.18531036376953,5848300
2015-12-28,78.73999786376953,49.81206130981445,9715800
2015-12-29,79.16000366210938,50.07776641845703,8839000
2015-12-30,78.11000061035156,49.41351318359375,9314600
2015-12-31,77.94999694824219,49.31230926513672,10285500
2016-01-04,77.45999908447266,49.0023193359375,20400100
2016-01-05,78.12000274658203,49.419837951660156,11993500
2016-01-06,77.47000122070312,49.00864028930664,18826900
2016-01-07,76.2300033569336,48.22420883178711,21263800
2016-01-08,74.69000244140625,47.249977111816406,19033600
2016-01-11,73.69000244140625,46.61738586425781,21353000
2016-01-12,75.19999694824219,47.57261657714844,21864100
2016-01-13,75.6500015258789,47.85729217529297,26052700
2016-01-14,79.12000274658203,50.05246353149414,33806700
2016-01-15,77.58000183105469,49.07822036743164,28342100
2016-01-19,76.4000015258789,48.331748962402344,22684500
2016-01-20,73.18000030517578,46.29472732543945,33300800
2016-01-21,74.0999984741211,46.876731872558594,22265600
2016-01-22,76.56999969482422,48.439292907714844,22530300
2016-01-25,73.9800033569336,46.80081558227539,17086600
2016-01-26,76.69999694824219,48.52153778076172,18724700
2016-01-27,75.29000091552734,47.62954330444336,18106100
2016-01-28,76.98999786376953,48.704994201660156,16157700
2016-01-29,77.8499984741211,49.24905014038086,25161900
2016-02-01,76.29000091552734,48.262176513671875,16754200
2016-02-02,74.58999633789062,47.18669509887695,21404200
2016-02-03,78.4800033569336,49.6475944519043,25873700
2016-02-04,79.83000183105469,50.50160217285156,23658700
2016-02-05,80.08000183105469,50.659767150878906,26719900
2016-02-08,81.16000366210938,51.342994689941406,26601200
2016-02-09,80.08000183105469,51.119571685791016,18418100
2016-02-10,79.3499984741211,50.6535758972168,16610900
2016-02-11,79.5999984741211,50.81315994262695,19331600
2016-02-12,81.02999877929688,51.72600555419922,16767200
2016-02-16,81.22000122070312,51.8472900390625,15912200
2016-02-17,82.0,52.34521484375,17006700
2016-02-18,82.44999694824219,52.63245391845703,14873700
2016-02-19,82.5,52.664390563964844,13615900
2016-02-22,82.38999938964844,52.59415817260742,14595200
2016-02-23,81.2300033569336,51.85367965698242,11041600
2016-02-24,81.5199966430664,52.03881072998047,13777500
2016-02-25,82.01000213623047,52.351585388183594,13706400
2016-02-26,81.75,52.18562698364258,14343300
2016-02-29,80.1500015258789,51.16425704956055,18903600
2016-03-01,81.27999877929688,51.88560104370117,15730600
2016-03-02,82.69999694824219,52.79206466674805,14094400
2016-03-03,82.4000015258789,52.60054016113281,13216200
2016-03-04,82.29000091552734,52.53035354614258,18402700
2016-03-07,84.45999908447266,53.91557312011719,18945600
2016-03-08,82.62999725341797,52.747371673583984,14003900
2016-03-09,82.4000015258789,52.60054016113281,14139300
2016-03-10,82.18000030517578,52.460113525390625,15898300
2016-03-11,82.19000244140625,52.466522216796875,15370200
2016-03-14,82.41000366210938,52.6069450378418,13344600
2016-03-15,82.81999969482422,52.868656158447266,9213000
2016-03-16,82.87000274658203,52.900569915771484,11492100
2016-03-17,84.0999984741211,53.68575668334961,13673900
2016-03-18,84.19999694824219,53.74958801269531,19637000
2016-03-21,83.62000274658203,53.37934875488281,8385400
2016-03-22,84.12000274658203,53.698509216308594,13005100
2016-03-23,83.75,53.46234130859375,12748900
2016-03-24,83.9800033569336,53.609153747558594,9368300
2016-03-28,84.22000122070312,53.76235580444336,7490400
2016-03-29,84.52999877929688,53.960243225097656,9977900
2016-03-30,84.5199966430664,53.95387268066406,10807000
2016-03-31,83.58999633789062,53.360206604003906,13896900
2016-04-01,82.95999908447266,52.9580192565918,12235300
2016-04-04,83.16000366210938,53.08570098876953,8050200
2016-04-05,82.20999908447266,52.479251861572266,10446800
2016-04-06,83.30999755859375,53.18144607543945,9320200
2016-04-07,82.37000274658203,52.5814094543457,8267100
2016-04-08,83.20999908447266,53.11762237548828,9376200
2016-04-11,83.31999969482422,53.18783187866211,9925000
2016-04-12,84.3499984741211,53.84535598754883,9986100
2016-04-13,84.83000183105469,54.15176010131836,9235700
2016-04-14,85.43000030517578,54.534767150878906,10625800
2016-04-15,84.97000122070312,54.241153717041016,11280200
2016-04-18,85.77999877929688,54.75818634033203,9097000
2016-04-19,86.20999908447266,55.032684326171875,10354500
2016-04-20,86.80000305175781,55.40932846069336,15247100
2016-04-21,86.79000091552734,55.40292739868164,12075300
2016-04-22,87.52999877929688,55.87532424926758,9150800
2016-04-25,87.33000183105469,55.74763107299805,8076400
2016-04-26,87.62999725341797,55.939170837402344,9425900
2016-04-27,88.45999908447266,56.468990325927734,10463500
2016-04-28,88.02999877929688,56.19450378417969,11276200
2016-04-29,88.4000015258789,56.430694580078125,17885900
2016-05-02,89.12999725341797,56.89669418334961,10273700
2016-05-03,88.11000061035156,56.24555969238281,10137400
2016-05-04,87.94000244140625,56.13705825805664,10601100
2016-05-05,88.04000091552734,56.20087814331055,8721100
2016-05-06,88.51000213623047,56.500911712646484,7968400
2016-05-09,88.56999969482422,56.539207458496094,11159500
2016-05-10,89.98999786376953,57.44569778442383,12509100
2016-05-11,88.80999755859375,57.16889953613281,11660200
2016-05-12,89.66999816894531,57.72246551513672,10720500
2016-05-13,88.66000366210938,57.07232666015625,9721100
2016-05-16,89.56999969482422,57.65810775756836,8638700
2016-05-17,89.52999877929688,57.632381439208984,9835600
2016-05-18,89.3499984741211,57.516483306884766,9680300
2016-05-19,90.11000061035156,58.00571823120117,14397900
2016-05-20,89.73999786376953,57.76756286621094,13191900
2016-05-23,89.5999984741211,57.677452087402344,11766100
2016-05-24,89.66999816894531,57.72246551513672,10056600
2016-05-25,90.26000213623047,58.102272033691406,9578400
2016-05-26,89.80000305175781,57.80615997314453,7867900
2016-05-27,90.01000213623047,57.94135284423828,7505900
2016-05-31,89.0199966430664,57.3040657043457,13178800
2016-06-01,89.23999786376953,57.4456901550293,7994800
2016-06-02,88.52999877929688,56.988609313964844,9837500
2016-06-03,88.37000274658203,56.885658264160156,9367100
2016-06-06,89.33999633789062,57.510047912597656,8573000
2016-06-07,90.70999908447266,58.39195251464844,12889100
2016-06-08,90.79000091552734,58.443424224853516,9983000
2016-06-09,90.66999816894531,58.366214752197266,8974300
2016-06-10,89.9800033569336,57.92204284667969,10353800
2016-06-13,90.58999633789062,58.31470489501953,11370000
2016-06-14,90.43000030517578,58.211727142333984,10161000
2016-06-15,90.16000366210938,58.037906646728516,10655800
2016-06-16,91.22000122070312,58.720252990722656,12824800
2016-06-17,90.72000122070312,58.39838409423828,17483200
2016-06-20,91.12000274658203,58.655879974365234,9388500
2016-06-21,91.52999877929688,58.919803619384766,8557500
2016-06-22,91.16999816894531,58.68806838989258,8785400
2016-06-23,91.80000305175781,59.093624114990234,9464500
2016-06-24,89.38999938964844,57.542236328125,20010500
2016-06-27,88.86000061035156,57.201087951660156,14169400
2016-06-28,90.91000366210938,58.52069854736328,13254300
2016-06-29,92.45999908447266,59.518455505371094,13920600
2016-06-30,93.73999786376953,60.342437744140625,14073700
2016-07-01,93.83999633789062,60.40679931640625,9946300
2016-07-05,93.0199966430664,59.87894058227539,10744100
2016-07-06,94.08999633789062,60.567726135253906,13144400
2016-07-07,92.95999908447266,59.840309143066406,12240700
2016-07-08,93.54000091552734,60.213680267333984,9807600
2016-07-11,93.88999938964844,60.43899917602539,8335700
2016-07-12,94.94999694824219,61.12133026123047,9870800
2016-07-13,94.87999725341797,61.07628631591797,9458200
2016-07-14,94.94999694824219,61.12133026123047,9293500
2016-07-15,95.12000274658203,61.23076629638672,10334500
2016-07-18,94.81999969482422,61.037628173828125,9865900
2016-07-19,94.47000122070312,60.81234359741211,5901800
2016-07-20,93.93000030517578,60.46472930908203,7383800
2016-07-21,93.8499984741211,60.41323471069336,6854600
2016-07-22,94.01000213623047,60.51622772216797,7139700
2016-07-25,92.19999694824219,59.351104736328125,10845900
2016-07-26,91.52999877929688,58.919803619384766,12143500
2016-07-27,90.91000366210938,58.52069854736328,10037900
2016-07-28,90.19999694824219,58.063655853271484,12439200
2016-07-29,88.94999694824219,57.25899124145508,23928100
2016-08-01,85.86000061035156,55.26991653442383,22908400
2016-08-02,87.04000091552734,56.02948760986328,18919200
2016-08-03,87.48999786376953,56.31918716430664,14632900
2016-08-04,87.4800033569336,56.312721252441406,13451400
2016-08-05,87.55999755859375,56.364219665527344,9617300
2016-08-08,88.58999633789062,57.02726745605469,10492700
2016-08-09,88.69999694824219,57.098060607910156,9654600
2016-08-10,86.41000366210938,56.09828567504883,12714800
2016-08-11,86.72000122070312,56.29955291748047,11616000
2016-08-12,87.8499984741211,57.03315734863281,9986900
2016-08-15,87.80999755859375,57.007171630859375,6432600
2016-08-16,87.91999816894531,57.07857894897461,6817900
2016-08-17,88.11000061035156,57.201934814453125,7104600
2016-08-18,88.91000366210938,57.7213249206543,10342700
2016-08-19,87.80000305175781,57.00071334838867,8615300
2016-08-22,87.98999786376953,57.124046325683594,8235400
2016-08-23,87.72000122070312,56.94873809814453,6514800
2016-08-24,88.0199966430664,57.14350509643555,7985400
2016-08-25,87.45999908447266,56.779945373535156,6935300
2016-08-26,87.2699966430664,56.65658950805664,6474400
2016-08-29,87.83999633789062,57.026668548583984,7027200
2016-08-30,87.5199966430664,56.81889724731445,6441100
2016-08-31,87.13999938964844,56.572200775146484,12491400
2016-09-01,86.83999633789062,56.37744903564453,8434700
2016-09-02,87.41999816894531,56.75398635864258,7099600
2016-09-06,88.56999969482422,57.50055694580078,9851200
2016-09-07,88.23999786376953,57.28634262084961,7470400
2016-09-08,89.05000305175781,57.812198638916016,9579500
2016-09-09,86.83999633789062,56.37744903564453,12820200
2016-09-12,87.29000091552734,56.669593811035156,10889000
2016-09-13,85.20999908447266,55.319236755371094,13214300
2016-09-14,84.5999984741211,54.923221588134766,13957000
2016-09-15,85.08000183105469,55.23484420776367,9062600
2016-09-16,84.02999877929688,54.553157806396484,21538400
2016-09-19,83.83000183105469,54.423316955566406,7929100
2016-09-20,82.54000091552734,53.58584976196289,17522000
2016-09-21,83.30000305175781,54.07924270629883,15055900
2016-09-22,83.54000091552734,54.23505783081055,10738500
2016-09-23,83.44999694824219,54.17661666870117,12667100
2016-09-26,83.05999755859375,53.92343521118164,10860300
2016-09-27,83.23999786376953,54.040287017822266,9595000
2016-09-28,86.9000015258789,56.41640090942383,28117900
2016-09-29,86.45999908447266,56.1307373046875,19082900
2016-09-30,87.27999877929688,56.6630973815918,15961500
2016-10-03,87.05000305175781,56.51377487182617,7111200
2016-10-04,86.25,55.994422912597656,8222000
2016-10-05,87.0,56.48133087158203,8796200
2016-10-06,87.04000091552734,56.5073127746582,7718300
2016-10-07,86.73999786376953,56.312522888183594,6614900
2016-10-10,88.44000244140625,57.416175842285156,10060000
2016-10-11,87.73999786376953,56.961753845214844,9309000
2016-10-12,87.12999725341797,56.56572341918945,8172600
2016-10-13,86.55999755859375,56.19566345214844,9890300
2016-10-14,86.54000091552734,56.18270492553711,7991700
2016-10-17,86.54000091552734,56.18270492553711,7263100
2016-10-18,86.7699966430664,56.33198928833008,5429300
2016-10-19,87.16999816894531,56.591678619384766,9373400
2016-10-20,87.20999908447266,56.61764907836914,6866900
2016-10-21,86.62000274658203,56.23463439941406,10736200
2016-10-24,86.91000366210938,56.422908782958984,8354900
2016-10-25,86.72000122070312,56.29955291748047,6835900
2016-10-26,87.08999633789062,56.53974151611328,8488100
2016-10-27,86.91999816894531,56.42939376831055,9071100
2016-10-28,84.77999877929688,55.04006576538086,19072200
2016-10-31,83.31999969482422,54.09221267700195,16663800
2016-11-01,83.6500015258789,54.30647659301758,13050600
2016-11-02,83.44999694824219,54.17661666870117,11226100
2016-11-03,83.66000366210938,54.312950134277344,8836500
2016-11-04,83.56999969482422,54.254547119140625,13877100
2016-11-07,85.44999694824219,55.47505187988281,13576200
2016-11-08,85.30999755859375,55.87456512451172,9735200
2016-11-09,86.25,56.49022674560547,15901300
2016-11-10,87.05000305175781,57.01421356201172,14106100
2016-11-11,85.66999816894531,56.110355377197266,13812200
2016-11-14,85.27999877929688,55.85490798950195,12607500
2016-11-15,86.81999969482422,56.863555908203125,12883500
2016-11-16,85.75,56.16276168823242,8201200
2016-11-17,85.2300033569336,55.822174072265625,8200500
2016-11-18,85.27999877929688,55.85490798950195,8457800
2016-11-21,86.48999786376953,56.64741897583008,8861500
2016-11-22,86.68000030517578,56.77186584472656,9390200
2016-11-23,86.91999816894531,56.9290657043457,5996300
2016-11-25,87.12000274658203,57.06005096435547,5042300
2016-11-28,86.47000122070312,56.63431930541992,7449600
2016-11-29,85.9000015258789,56.2609977722168,9181100
2016-11-30,87.30000305175781,57.177940368652344,22696200
2016-12-01,87.23999786376953,57.13865280151367,13005600
2016-12-02,87.04000091552734,57.00766372680664,9706600
2016-12-05,87.4800033569336,57.29584503173828,11741100
2016-12-06,87.55999755859375,57.348236083984375,11293600
2016-12-07,88.06999969482422,57.6822509765625,11182600
2016-12-08,88.31999969482422,57.84599304199219,9086700
2016-12-09,89.0,58.29136276245117,8021700
2016-12-12,90.9800033569336,59.588191986083984,15545400
2016-12-13,92.58000183105469,60.63613510131836,18829300
2016-12-14,90.58000183105469,59.3261833190918,16325400
2016-12-15,90.88999938964844,59.52925109863281,11155100
2016-12-16,91.18000030517578,59.71916580200195,20560400
2016-12-19,90.41999816894531,59.22140884399414,9674400
2016-12-20,90.43000030517578,59.22795867919922,7221000
2016-12-21,90.27999877929688,59.129722595214844,7308000
2016-12-22,90.87000274658203,59.51614761352539,8003100
2016-12-23,90.70999908447266,59.411346435546875,4266500
2016-12-27,90.75,59.43754959106445,4960600
2016-12-28,90.30000305175781,59.142822265625,6745900
2016-12-29,90.3499984741211,59.175575256347656,6684700
2016-12-30,90.26000213623047,59.11662673950195,9117800
2017-01-03,90.88999938964844,59.52925109863281,10360600
2017-01-04,89.88999938964844,58.87428283691406,9434200
2017-01-05,88.55000305175781,57.996646881103516,14443200
2017-01-06,88.5,57.963897705078125,16518100
2017-01-09,87.04000091552734,57.00766372680664,13762300
2017-01-10,85.93000030517578,56.280643463134766,13283100
2017-01-11,86.80999755859375,56.85700607299805,11183700
2017-01-12,86.33999633789062,56.549163818359375,10407000
2017-01-13,86.3499984741211,56.55573272705078,8415600
2017-01-17,87.36000061035156,57.21723937988281,13237300
2017-01-18,86.27999877929688,56.509891510009766,11831700
2017-01-19,84.7300033569336,55.49470520019531,16382900
2017-01-20,85.88999938964844,56.25444030761719,18739700
2017-01-23,84.97000122070312,55.65188217163086,11433900
2017-01-24,85.08999633789062,55.73045349121094,11858100
2017-01-25,85.33999633789062,55.89421844482422,9578500
2017-01-26,85.5999984741211,56.06449890136719,8779400
2017-01-27,85.51000213623047,56.00556564331055,10947900
2017-01-30,84.86000061035156,55.579833984375,12789200
2017-01-31,83.88999938964844,54.944541931152344,19128100
2017-02-01,82.94000244140625,54.322330474853516,15111800
2017-02-02,83.44999694824219,54.65635299682617,12200100
2017-02-03,83.54000091552734,54.71529006958008,12746300
2017-02-06,83.30999755859375,54.56465530395508,9938200
2017-02-07,82.7699966430664,54.210968017578125,11705200
2017-02-08,81.4800033569336,53.85407638549805,14006300
2017-02-09,81.83999633789062,54.092002868652344,9603000
2017-02-10,82.5199966430664,54.54145050048828,8739800
2017-02-13,83.0,54.85871887207031,9071600
2017-02-14,82.81999969482422,54.73973846435547,11370500
2017-02-15,83.16000366210938,54.964454650878906,11768500
2017-02-16,82.30000305175781,54.39603042602539,10615000
2017-02-17,81.76000213623047,54.039127349853516,15646000
2017-02-21,81.88999938964844,54.12506103515625,16419600
2017-02-22,80.93000030517578,53.49053955078125,12917400
2017-02-23,81.77999877929688,54.052337646484375,13847000
2017-02-24,81.08000183105469,53.58969497680664,11338700
2017-02-27,81.54000091552734,53.89370346069336,13465900
2017-02-28,81.31999969482422,53.748313903808594,16834200
2017-03-01,83.0199966430664,54.87193298339844,17482100
2017-03-02,83.30000305175781,55.0569953918457,14170300
2017-03-03,82.45999908447266,54.50178527832031,12190400
2017-03-06,82.83000183105469,54.7463493347168,9617200
2017-03-07,82.5199966430664,54.54145050048828,12711500
2017-03-08,81.02999877929688,53.556636810302734,16817700
2017-03-09,81.66999816894531,53.97963333129883,14721800
2017-03-10,81.61000061035156,53.93999481201172,11355200
2017-03-13,81.41999816894531,53.81438446044922,9571400
2017-03-14,80.98999786376953,53.53019332885742,11335700
2017-03-15,82.0,54.19775390625,11970300
2017-03-16,82.06999969482422,54.244014739990234,9923800
2017-03-17,82.0,54.19775390625,18834100
2017-03-20,82.0,54.19775390625,7700300
2017-03-21,81.83000183105469,54.08540725708008,13387700
2017-03-22,81.76000213623047,54.039127349853516,11168400
2017-03-23,81.86000061035156,54.1052360534668,8928000
2017-03-24,81.2300033569336,53.688846588134766,9128500
2017-03-27,81.25,53.702056884765625,8481200
2017-03-28,81.83999633789062,54.092002868652344,11028600
2017-03-29,82.0199966430664,54.21098709106445,8495500
2017-03-30,83.69999694824219,55.32136535644531,44704900
2017-03-31,82.01000213623047,54.20436096191406,21750400
2017-04-03,82.06999969482422,54.244014739990234,11438700
2017-04-04,82.37000274658203,54.44230651855469,9270900
2017-04-05,82.52999877929688,54.54805374145508,13809100
2017-04-06,83.01000213623047,54.865291595458984,9554900
2017-04-07,82.76000213623047,54.700077056884766,8909600
2017-04-10,83.12999725341797,54.944637298583984,8885300
2017-04-11,82.83999633789062,54.752952575683594,8576500
2017-04-12,82.97000122070312,54.838863372802734,9516100
2017-04-13,81.69000244140625,53.99285888671875,8667900
2017-04-17,81.58000183105469,53.92015838623047,9577200
2017-04-18,81.05000305175781,53.569847106933594,8821400
2017-04-19,80.48999786376953,53.199729919433594,10764400
2017-04-20,81.01000213623047,53.543418884277344,11649100
2017-04-21,80.69000244140625,53.3319206237793,9816700
2017-04-24,81.11000061035156,53.60952377319336,8729700
2017-04-25,81.7300033569336,54.01930236816406,10733800
2017-04-26,81.4000015258789,53.80118942260742,9445900
2017-04-27,81.26000213623047,53.70864486694336,12385300
2017-04-28,81.6500015258789,53.9664306640625,12072200
2017-05-01,82.05999755859375,54.23740005493164,8664100
2017-05-02,82.05000305175781,54.23080825805664,9102900
2017-05-03,82.69999694824219,54.66040802001953,10289000
2017-05-04,81.63999938964844,53.95981979370117,16164500
2017-05-05,82.0199966430664,54.21098709106445,10213000
2017-05-08,82.88999938964844,54.7859992980957,8097100
2017-05-09,82.30999755859375,54.402645111083984,8647100
2017-05-10,81.91000366210938,54.64951705932617,9520300
2017-05-11,82.61000061035156,55.116546630859375,10047300
2017-05-12,82.55000305175781,55.07651138305664,7480200
2017-05-15,82.80000305175781,55.24331283569336,10881500
2017-05-16,82.55000305175781,55.07651138305664,9574200
2017-05-17,81.98999786376953,54.702877044677734,11151100
2017-05-18,81.75,54.542762756347656,9905800
2017-05-19,81.93000030517578,54.66284942626953,13028500
2017-05-22,82.29000091552734,54.90304946899414,9218700
2017-05-23,82.58000183105469,55.09651565551758,6857200
2017-05-24,82.29000091552734,54.90304946899414,8136000
2017-05-25,81.75,54.542762756347656,12370900
2017-05-26,81.55000305175781,54.40932846069336,8227100
2017-05-30,81.0999984741211,54.10908508300781,8973600
2017-05-31,80.5,53.70876693725586,13572300
2017-06-01,80.69999694824219,53.84221267700195,9884100
2017-06-02,79.5,53.04159164428711,21687300
2017-06-05,80.12000274658203,53.45524215698242,11527100
2017-06-06,81.20999908447266,54.182472229003906,12208600
2017-06-07,80.91000366210938,53.98231506347656,13096500
2017-06-08,80.62000274658203,53.78883361816406,11720700
2017-06-09,82.12999725341797,54.79628372192383,13553900
2017-06-12,82.93000030517578,55.33003616333008,18172900
2017-06-13,82.95999908447266,55.350067138671875,12175500
2017-06-14,82.06999969482422,54.756263732910156,13714000
2017-06-15,82.26000213623047,54.88302230834961,11862600
2017-06-16,83.48999786376953,55.70368576049805,39726100
2017-06-19,82.76000213623047,55.21662139892578,10445700
2017-06-20,82.30999755859375,54.9163818359375,13232600
2017-06-21,81.44000244140625,54.3359375,11422300
2017-06-22,81.08000183105469,54.09573745727539,8139900
2017-06-23,81.61000061035156,54.44934844970703,10611200
2017-06-26,81.23999786376953,54.202491760253906,7718700
2017-06-27,81.11000061035156,54.11577224731445,9221600
2017-06-28,81.52999877929688,54.39597702026367,9189700
2017-06-29,80.69999694824219,53.84221267700195,20525100
2017-06-30,80.7300033569336,53.86220932006836,14000600
2017-07-03,82.0999984741211,54.77628707885742,8422300
2017-07-05,80.8499984741211,53.94227981567383,9830800
2017-07-06,80.12000274658203,53.45524215698242,9822400
2017-07-07,80.22000122070312,53.52196502685547,10777800
2017-07-10,80.16000366210938,53.48194122314453,6338300
2017-07-11,80.5999984741211,53.775482177734375,9681100
2017-07-12,80.95999908447266,54.01568603515625,7974000
2017-07-13,80.97000122070312,54.02234649658203,5582300
2017-07-14,81.27999877929688,54.22916793823242,7497200
2017-07-17,80.86000061035156,53.94895935058594,7914700
2017-07-18,80.5999984741211,53.775482177734375,8046100
2017-07-19,80.8499984741211,53.94227981567383,9393200
2017-07-20,80.86000061035156,53.94895935058594,9681000
2017-07-21,80.12000274658203,53.45524215698242,12268600
2017-07-24,79.87000274658203,53.288448333740234,9403000
2017-07-25,80.2699966430664,53.55531311035156,11465300
2017-07-26,80.37000274658203,53.622039794921875,10465100
2017-07-27,80.83000183105469,53.92893981933594,11149700
2017-07-28,79.5999984741211,53.10828399658203,22800800
2017-07-31,80.04000091552734,53.40187454223633,12820200
2017-08-01,80.16999816894531,53.48860549926758,10421200
2017-08-02,80.5999984741211,53.775482177734375,10410100
2017-08-03,80.48999786376953,53.70209884643555,10136700
2017-08-04,80.20999908447266,53.515281677246094,8292200
2017-08-07,80.16000366210938,53.48194122314453,7893800
2017-08-08,79.95999908447266,53.34848403930664,9028400
2017-08-09,80.20999908447266,53.515281677246094,8087100
2017-08-10,78.97000122070312,53.198673248291016,12580300
2017-08-11,78.20999908447266,52.686702728271484,10192400
2017-08-14,78.2300033569336,52.70016860961914,8862500
2017-08-15,78.04000091552734,52.57217025756836,10350900
2017-08-16,77.47000122070312,52.18817901611328,9117100
2017-08-17,76.26000213623047,51.373050689697266,13400400
2017-08-18,76.63999938964844,51.62905502319336,14324300
2017-08-21,76.37999725341797,51.45389175415039,10084900
2017-08-22,76.73999786376953,51.696407318115234,9503600
2017-08-23,76.61000061035156,51.608848571777344,7054300
2017-08-24,76.33000183105469,51.42022705078125,8678300
2017-08-25,76.72000122070312,51.68294143676758,6844900
2017-08-28,76.47000122070312,51.51453399658203,8229700
2017-08-29,76.44999694824219,51.50105285644531,7060400
2017-08-30,76.0999984741211,51.26527786254883,8218000
2017-08-31,76.33000183105469,51.42022705078125,15641700
2017-09-01,76.56999969482422,51.58189392089844,7361100
2017-09-05,77.18000030517578,51.992820739746094,12784800
2017-09-06,78.77999877929688,53.07067108154297,18574400
2017-09-07,79.02999877929688,53.23908996582031,9836400
2017-09-08,78.81999969482422,53.097618103027344,8436000
2017-09-11,79.25,53.38729476928711,12955800
2017-09-12,79.5,53.555721282958984,7644400
2017-09-13,79.7699966430664,53.73759460449219,8369700
2017-09-14,80.08999633789062,53.95317077636719,9072600
2017-09-15,80.06999969482422,53.939693450927734,16043700
2017-09-18,80.08999633789062,53.95317077636719,8594400
2017-09-19,80.22000122070312,54.04074478149414,9277100
2017-09-20,80.55000305175781,54.26305389404297,10606900
2017-09-21,79.88999938964844,53.818443298339844,11984200
2017-09-22,79.91999816894531,53.838645935058594,10205800
2017-09-25,80.9800033569336,54.55271911621094,10496600
2017-09-26,80.88999938964844,54.492095947265625,8755100
2017-09-27,81.43000030517578,54.855865478515625,9724500
2017-09-28,82.19000244140625,55.36784744262695,15581700
2017-09-29,81.9800033569336,55.22637176513672,9944000
2017-10-02,81.62999725341797,54.99058532714844,6777900
2017-10-03,81.76000213623047,55.078182220458984,6082000
2017-10-04,81.79000091552734,55.09838104248047,6357100
2017-10-05,82.0199966430664,55.253326416015625,7375900
2017-10-06,81.70999908447266,55.044498443603516,6070600
2017-10-09,82.02999877929688,55.26005172729492,7489900
2017-10-10,82.26000213623047,55.41499710083008,7218500
2017-10-11,82.5999984741211,55.64404296875,7023700
2017-10-12,82.43000030517578,55.52951431274414,6647500
2017-10-13,82.41000366210938,55.516048431396484,7180000
2017-10-16,82.80999755859375,55.78550720214844,5734000
2017-10-17,82.95999908447266,55.88656234741211,6444100
2017-10-18,82.76000213623047,55.751827239990234,6367100
2017-10-19,82.73999786376953,55.738346099853516,7945500
2017-10-20,83.11000061035156,55.98762130737305,9574100
2017-10-23,83.23999786376953,56.07518005371094,9829900
2017-10-24,83.47000122070312,56.2301139831543,7551200
2017-10-25,83.16999816894531,56.02803039550781,9153300
2017-10-26,83.47000122070312,56.2301139831543,9154500
2017-10-27,83.70999908447266,56.39179992675781,14866200
2017-10-30,83.54000091552734,56.27727508544922,7811100
2017-10-31,83.3499984741211,56.149269104003906,9754200
2017-11-01,83.87000274658203,56.499595642089844,9430000
2017-11-02,83.52999877929688,56.27053451538086,7775500
2017-11-03,83.18000030517578,56.034759521484375,6903500
2017-11-06,83.75,56.41874313354492,9276700
2017-11-07,83.58000183105469,56.30424499511719,8471800
2017-11-08,83.47000122070312,56.2301139831543,8691600
2017-11-09,83.97000122070312,56.566932678222656,10528800
2017-11-10,82.94000244140625,56.39017868041992,8693700
2017-11-13,82.88999938964844,56.356178283691406,6720400
2017-11-14,82.23999786376953,55.914249420166016,9251700
2017-11-15,81.20999908447266,55.21396255493164,9663600
2017-11-16,80.55999755859375,54.772029876708984,10527200
2017-11-17,80.23999786376953,54.554473876953125,9536400
2017-11-20,80.55000305175781,54.7652473449707,8468600
2017-11-21,80.87000274658203,54.98283004760742,8838400
2017-11-22,81.0999984741211,55.13917922973633,7941600
2017-11-24,81.41999816894531,55.35673904418945,3851300
2017-11-27,81.11000061035156,55.14598846435547,9127500
2017-11-28,81.66999816894531,55.52671432495117,9794600
2017-11-29,82.2699966430664,55.93465805053711,9725000
2017-11-30,83.29000091552734,56.62813949584961,18592700
2017-12-01,83.45999908447266,56.74372863769531,13779300
2017-12-04,83.56999969482422,56.81850814819336,12597700
2017-12-05,82.88999938964844,56.356178283691406,9357200
2017-12-06,82.27999877929688,55.94145202636719,13398900
2017-12-07,82.55000305175781,56.12501907348633,11359600
2017-12-08,82.66000366210938,56.19982147216797,11988600
2017-12-11,83.02999877929688,56.45135498046875,8760700
2017-12-12,82.76000213623047,56.267799377441406,11307000
2017-12-13,83.12000274658203,56.51256561279297,10172700
2017-12-14,82.9000015258789,56.36299133300781,9492400
2017-12-15,83.02999877929688,56.45135498046875,26582300
2017-12-18,82.94000244140625,56.39017868041992,9363500
2017-12-19,82.44000244140625,56.050235748291016,10285100
2017-12-20,82.87000274658203,56.34260177612305,10620300
2017-12-21,83.8499984741211,57.00888442993164,13578100
2017-12-22,83.97000122070312,57.090450286865234,10161400
2017-12-26,83.9800033569336,57.097259521484375,4777200
2017-12-27,83.9000015258789,57.04289245605469,7000600
2017-12-28,84.0199966430664,57.124454498291016,7495300
2017-12-29,83.63999938964844,56.86610794067383,8523400
2018-01-02,85.02999877929688,57.81114959716797,11469300
2018-01-03,86.69999694824219,58.946571350097656,13957700
2018-01-04,86.81999969482422,59.02814865112305,10863000
2018-01-05,86.75,58.980567932128906,11047600
2018-01-08,87.13999938964844,59.24571990966797,10927100
2018-01-09,86.7699966430664,58.994163513183594,8131600
2018-01-10,86.08000183105469,58.52506637573242,10822300
2018-01-11,86.93000030517578,59.102935791015625,14366000
2018-01-12,87.5199966430664,59.50408172607422,9834500
2018-01-16,86.97000122070312,59.13014602661133,10882800
2018-01-17,88.0,59.830421447753906,10546000
2018-01-18,87.43000030517578,59.442893981933594,9223700
2018-01-19,87.1500015258789,59.252532958984375,13090000
2018-01-22,88.25,60.000396728515625,10270400
2018-01-23,88.30000305175781,60.034393310546875,10281800
2018-01-24,88.52999877929688,60.19076156616211,10316100
2018-01-25,88.37000274658203,60.082000732421875,11271900
2018-01-26,89.0,60.51032638549805,10514400
2018-01-29,88.01000213623047,59.83722686767578,9315700
2018-01-30,86.77999877929688,59.00095748901367,12408000
2018-01-31,87.30000305175781,59.35451126098633,14404700
2018-02-01,89.06999969482422,60.55791473388672,17971000
2018-02-02,84.52999877929688,57.47119903564453,29822100
2018-02-05,79.72000122070312,54.20093536376953,30452700
2018-02-06,78.3499984741211,53.26947784423828,36262800
2018-02-07,76.94000244140625,52.310829162597656,21994500
2018-02-08,76.06999969482422,51.71933364868164,25650800
2018-02-09,75.77999877929688,52.04899978637695,29491600
2018-02-12,76.41999816894531,52.48860168457031,19340400
2018-02-13,76.30000305175781,52.40617370605469,11926600
2018-02-14,76.45999908447266,52.51606369018555,17188400
2018-02-15,76.20999908447266,52.34436798095703,14432400
2018-02-16,76.54000091552734,52.57099914550781,13722400
2018-02-20,75.75,52.028411865234375,13387300
2018-02-21,74.88999938964844,51.437713623046875,11715000
2018-02-22,75.86000061035156,52.10396194458008,14020200
2018-02-23,77.52999877929688,53.250999450683594,13378800
2018-02-26,78.83999633789062,54.15074920654297,16940400
2018-02-27,77.5,53.23039245605469,14629500
2018-02-28,75.73999786376953,52.02153015136719,17087800
2018-03-01,75.19999694824219,51.650634765625,15696700
2018-03-02,75.55000305175781,51.89103317260742,15630300
2018-03-05,76.2699966430664,52.38557815551758,14891000
2018-03-06,76.18000030517578,52.32374572753906,10754300
2018-03-07,74.26000213623047,51.005008697509766,27255500
2018-03-08,74.12000274658203,50.908843994140625,19299800
2018-03-09,74.55999755859375,51.211063385009766,19714100
2018-03-12,75.23999786376953,51.678131103515625,14226700
2018-03-13,74.52999877929688,51.19045639038086,13739700
2018-03-14,73.5999984741211,50.55168914794922,14820700
2018-03-15,74.41999816894531,51.114898681640625,15640600
2018-03-16,75.12000274658203,51.595699310302734,32109700
2018-03-19,74.1500015258789,50.929466247558594,12744800
2018-03-20,73.98999786376953,50.81956481933594,13003200
2018-03-21,75.04000091552734,51.54075241088867,15418500
2018-03-22,73.5,50.483009338378906,17737000
2018-03-23,72.88999938964844,50.06404495239258,20157300
2018-03-26,74.0,50.826419830322266,15032700
2018-03-27,73.69999694824219,50.62037658691406,15821900
2018-03-28,72.80999755859375,50.00908279418945,18163900
2018-03-29,74.61000061035156,51.245399475097656,14882900
2018-04-02,73.22000122070312,50.29069519042969,17891100
2018-04-03,75.0199966430664,51.52701187133789,15999200
2018-04-04,74.87000274658203,51.42398452758789,13122200
2018-04-05,76.0199966430664,52.21385192871094,14200000
2018-04-06,74.87000274658203,51.42398452758789,14299600
2018-04-09,74.87000274658203,51.42398452758789,11103100
2018-04-10,77.06999969482422,52.935035705566406,19006100
2018-04-11,77.43000030517578,53.18231201171875,13734000
2018-04-12,77.22000122070312,53.038063049316406,13270400
2018-04-13,77.83999633789062,53.46390914916992,10925000
2018-04-16,78.54000091552734,53.94470977783203,10743600
2018-04-17,78.33000183105469,53.80046844482422,10478100
2018-04-18,79.22000122070312,54.41175842285156,12061400
2018-04-19,79.41999816894531,54.54911804199219,11291500
2018-04-20,79.0,54.26063537597656,12072200
2018-04-23,79.56999969482422,54.652164459228516,11729800
2018-04-24,78.3499984741211,53.8141975402832,14102000
2018-04-25,79.5,54.60407257080078,13867500
2018-04-26,80.86000061035156,55.53817367553711,14554400
2018-04-27,77.79000091552734,53.42957305908203,16346800
2018-04-30,77.75,53.40209197998047,15028800
2018-05-01,76.94999694824219,52.852622985839844,16231000
2018-05-02,76.80000305175781,52.74959182739258,13883700
2018-05-03,76.54000091552734,52.57099914550781,12243100
2018-05-04,76.9000015258789,52.81828689575195,9887200
2018-05-07,77.73999786376953,53.3952522277832,15071500
2018-05-08,78.08999633789062,53.635616302490234,17430400
2018-05-09,79.93000030517578,54.899410247802734,17142100
2018-05-10,81.72000122070312,56.12885665893555,17710300
2018-05-11,81.27999877929688,56.39249801635742,14751000
2018-05-14,81.83000183105469,56.774105072021484,11852100
2018-05-15,81.79000091552734,56.74634552001953,12595700
2018-05-16,82.0199966430664,56.90592956542969,9570000
2018-05-17,81.87999725341797,56.80878829956055,11224100
2018-05-18,81.30000305175781,56.4063835144043,10030900
2018-05-21,82.27999877929688,57.086299896240234,8822400
2018-05-22,81.63999938964844,56.64226531982422,10753400
2018-05-23,82.1500015258789,56.996131896972656,15140900
2018-05-24,80.2699966430664,55.69176483154297,13360500
2018-05-25,78.70999908447266,54.60942459106445,14562000
2018-05-29,78.41999816894531,54.40822219848633,14644800
2018-05-30,81.5,56.54514694213867,16627500
2018-05-31,81.23999786376953,56.36475372314453,15803100
2018-06-01,81.83000183105469,56.774105072021484,9906100
2018-06-04,80.97000122070312,56.177425384521484,10954700
2018-06-05,80.68000030517578,55.97623062133789,12059300
2018-06-06,82.05999755859375,56.933677673339844,11603300
2018-06-07,82.87999725341797,57.502601623535156,13502500
2018-06-08,83.5999984741211,58.002132415771484,14350400
2018-06-11,83.0999984741211,57.655242919921875,10831600
2018-06-12,82.41999816894531,57.18344497680664,12351800
2018-06-13,81.51000213623047,56.55206298828125,12049300
2018-06-14,81.88999938964844,56.815731048583984,11477300
2018-06-15,80.66000366210938,55.962364196777344,23797500
2018-06-18,80.81999969482422,56.07333755493164,9192600
2018-06-19,80.69999694824219,55.990089416503906,8759700
2018-06-20,80.44999694824219,55.81664276123047,8917700
2018-06-21,79.69000244140625,55.289371490478516,10990700
2018-06-22,81.37999725341797,56.46189498901367,16012200
2018-06-25,79.73999786376953,55.324058532714844,10557200
2018-06-26,80.63999938964844,55.94847869873047,10382800
2018-06-27,81.70999908447266,56.69084930419922,12725900
2018-06-28,81.97000122070312,56.87123489379883,9390700
2018-06-29,82.7300033569336,57.398521423339844,17323200
2018-07-02,81.76000213623047,56.725521087646484,9998300
2018-07-03,82.23999786376953,57.05856704711914,7197300
2018-07-05,82.30999755859375,57.107120513916016,9035700
2018-07-06,82.33000183105469,57.12101364135742,7637100
2018-07-09,82.9000015258789,57.516475677490234,7158600
2018-07-10,83.66000366210938,58.043766021728516,8806200
2018-07-11,82.58999633789062,57.3013916015625,10405300
2018-07-12,82.69000244140625,57.37077331542969,9762200
2018-07-13,83.30999755859375,57.80093765258789,8720000
2018-07-16,82.48999786376953,57.23201370239258,8306900
2018-07-17,82.30999755859375,57.107120513916016,7373300
2018-07-18,82.22000122070312,57.0446891784668,8711900
2018-07-19,82.01000213623047,56.89897918701172,8659100
2018-07-20,81.4000015258789,56.47578048706055,9196300
2018-07-23,81.4000015258789,56.47578048706055,8425900
2018-07-24,83.01000213623047,57.59278869628906,11121000
2018-07-25,83.58999633789062,57.99518966674805,9523600
2018-07-26,84.23999786376953,58.4461784362793,13210100
2018-07-27,81.91999816894531,56.8365364074707,18220800
2018-07-30,81.73999786376953,56.711639404296875,11282800
2018-07-31,81.51000213623047,56.55206298828125,11716800
2018-08-01,80.38999938964844,55.7750244140625,8936300
2018-08-02,79.91000366210938,55.44199752807617,8364300
2018-08-03,80.19999694824219,55.64320373535156,7811100
2018-08-06,80.18000030517578,55.62931823730469,10041800
2018-08-07,81.2699966430664,56.38558578491211,10698100
2018-08-08,80.7300033569336,56.01092529296875,7275000
2018-08-09,80.31999969482422,55.7264404296875,9828500
2018-08-10,79.41999816894531,55.67036819458008,12954300
2018-08-13,78.55999755859375,55.06755447387695,10308500
2018-08-14,78.30999755859375,54.8923225402832,8005900
2018-08-15,76.94000244140625,53.932003021240234,16307800
2018-08-16,78.0,54.67500686645508,11519900
2018-08-17,78.26000213623047,54.85726547241211,10178400
2018-08-20,78.80999755859375,55.24279022216797,8152100
2018-08-21,78.83000183105469,55.256805419921875,9192200
2018-08-22,79.95999908447266,56.04890823364258,10098200
2018-08-23,79.08000183105469,55.43206024169922,7203900
2018-08-24,79.62000274658203,55.81058883666992,6545200
2018-08-27,80.4000015258789,56.35730743408203,6671900
2018-08-28,80.27999877929688,56.2732048034668,8823400
2018-08-29,80.86000061035156,56.67974853515625,8004800
2018-08-30,80.51000213623047,56.43442153930664,7450900
2018-08-31,80.16999816894531,56.19609832763672,10700000
2018-09-04,80.29000091552734,56.28022384643555,8855000
2018-09-05,81.36000061035156,57.03025817871094,13878400
2018-09-06,80.45999908447266,56.39939498901367,13320600
2018-09-07,81.83000183105469,57.35969924926758,16417800
2018-09-10,81.70999908447266,57.27558135986328,10817900
2018-09-11,82.86000061035156,58.0816764831543,11891900
2018-09-12,83.12999725341797,58.27094650268555,11556300
2018-09-13,82.31999969482422,57.70316696166992,11162700
2018-09-14,82.91999816894531,58.12373733520508,9442600
2018-09-17,83.41000366210938,58.46721649169922,8403300
2018-09-18,83.62999725341797,58.62141799926758,9219900
2018-09-19,84.62999725341797,59.322383880615234,10413600
2018-09-20,84.81999969482422,59.45557403564453,11198200
2018-09-21,85.16999816894531,59.7009162902832,26639400
2018-09-24,86.5999984741211,60.703269958496094,13549500
2018-09-25,86.5,60.6331787109375,12200700
2018-09-26,85.77999877929688,60.128501892089844,10275500
2018-09-27,85.7699966430664,60.121482849121094,7895400
2018-09-28,85.0199966430664,59.595767974853516,9884900
2018-10-01,85.80999755859375,60.1495246887207,8566900
2018-10-02,86.45999908447266,60.60515594482422,8453100
2018-10-03,86.1500015258789,60.387847900390625,10206700
2018-10-04,85.58000183105469,59.9882926940918,10204600
2018-10-05,85.33999633789062,59.82008361816406,9217400
2018-10-08,86.12999725341797,60.37382125854492,13242400
2018-10-09,86.51000213623047,60.640193939208984,10177900
2018-10-10,84.5199966430664,59.245243072509766,16573400
2018-10-11,81.5999984741211,57.198455810546875,20320100
2018-10-12,81.37999725341797,57.04426574707031,15216300
2018-10-15,80.81999969482422,56.651702880859375,10558800
2018-10-16,81.19999694824219,56.9180908203125,9781800
2018-10-17,81.5,57.12837600708008,12247700
2018-10-18,81.8499984741211,57.373722076416016,17448600
2018-10-19,81.97000122070312,57.45783233642578,12098700
2018-10-22,81.1500015258789,56.8830451965332,9474100
2018-10-23,79.83999633789062,55.964778900146484,15465100
2018-10-24,77.62000274658203,54.408660888671875,16085700
2018-10-25,78.30999755859375,54.8923225402832,12315500
2018-10-26,77.52999877929688,54.3455696105957,18160100
2018-10-29,77.05000305175781,54.00909423828125,15707000
2018-10-30,78.77999877929688,55.221763610839844,17758200
2018-10-31,79.68000030517578,55.852622985839844,16629100
2018-11-01,80.66999816894531,56.54657745361328,14159300
2018-11-02,81.94999694824219,57.44381332397461,19350400
2018-11-05,81.63999938964844,57.226497650146484,15815000
2018-11-06,81.98999786376953,57.471832275390625,9063200
2018-11-07,83.02999877929688,58.20083999633789,12699800
2018-11-08,81.70999908447266,57.27558135986328,16865500
2018-11-09,80.87000274658203,57.26142120361328,15070100
2018-11-12,79.83000183105469,56.5250358581543,11906600
2018-11-13,78.0,55.22925567626953,15530200
2018-11-14,77.38999938964844,54.797359466552734,18552100
2018-11-15,78.19000244140625,55.36380386352539,18976000
2018-11-16,78.95999908447266,55.90900802612305,13704900
2018-11-19,79.22000122070312,56.093116760253906,9430800
2018-11-20,76.97000122070312,54.499969482421875,15533700
2018-11-21,77.55999755859375,54.91771697998047,9685300
2018-11-23,75.48999786376953,53.4520263671875,10875400
2018-11-26,76.9800033569336,54.50703430175781,13741100
2018-11-27,77.05000305175781,54.556602478027344,10344500
2018-11-28,78.44999694824219,55.547908782958984,11482100
2018-11-29,79.05999755859375,55.97982406616211,10255200
2018-11-30,79.5,56.29136276245117,14040100
2018-12-03,81.22000122070312,57.509246826171875,19415100
2018-12-04,79.43000030517578,56.241817474365234,18540700
2018-12-06,78.38999938964844,55.50542068481445,23218100
2018-12-07,77.63999938964844,54.974365234375,16224700
2018-12-10,76.54000091552734,54.19547653198242,17946200
2018-12-11,76.68000030517578,54.29462814331055,15742400
2018-12-12,76.0199966430664,53.827301025390625,14559800
2018-12-13,76.9800033569336,54.50703430175781,13749700
2018-12-14,75.58000183105469,53.515750885009766,12669300
2018-12-17,74.04000091552734,52.425323486328125,15464100
2018-12-18,72.0,50.98086929321289,18681200
2018-12-19,70.77999877929688,50.11701583862305,21679600
2018-12-20,68.62999725341797,48.59468078613281,28723700
2018-12-21,68.12000274658203,48.23357009887695,47287300
2018-12-24,65.51000213623047,46.38551712036133,14262800
2018-12-26,68.63999938964844,48.60176086425781,24887700
2018-12-27,68.94000244140625,48.814170837402344,22077000
2018-12-28,68.16999816894531,48.268959045410156,19710600
2018-12-31,68.19000244140625,48.28312683105469,15807000
2019-01-02,69.69000244140625,49.345245361328125,16727200
2019-01-03,68.62000274658203,48.58759307861328,13866100
2019-01-04,71.1500015258789,50.37899398803711,16043600
2019-01-07,71.5199966430664,50.640987396240234,10844200
2019-01-08,72.04000091552734,51.009178161621094,11439000
2019-01-09,72.41999816894531,51.27824401855469,13473500
2019-01-10,72.05000305175781,51.01626968383789,13151100
2019-01-11,71.72000122070312,50.782596588134766,9790100
2019-01-14,71.62999725341797,50.7188720703125,11012400
2019-01-15,71.66999816894531,50.747188568115234,10298300
2019-01-16,71.63999938964844,50.7259635925293,12595600
2019-01-17,72.12999725341797,51.07291030883789,10141700
2019-01-18,72.98999786376953,51.68184280395508,15759200
2019-01-22,71.88999938964844,50.90298080444336,15035600
2019-01-23,71.30000305175781,50.4852180480957,13187200
2019-01-24,71.4000015258789,50.5560188293457,11272500
2019-01-25,71.72000122070312,50.782596588134766,8996200
2019-01-28,71.23999786376953,50.44273376464844,13678400
2019-01-29,71.51000213623047,50.6339111328125,10513200
2019-01-30,72.29000091552734,51.18619155883789,11524700
2019-01-31,73.27999877929688,51.88718795776367,19876700
2019-02-01,75.91999816894531,53.75648498535156,22968700
2019-02-04,74.81999969482422,52.97761535644531,15483800
2019-02-05,75.58999633789062,53.52281951904297,12786700
2019-02-06,75.26000213623047,53.28916549682617,10866900
2019-02-07,74.68000030517578,52.87847900390625,14418900
2019-02-08,73.9800033569336,52.964393615722656,11959500
2019-02-11,74.0999984741211,53.050323486328125,10434800
2019-02-12,75.4000015258789,53.98101806640625,12599200
2019-02-13,76.25,54.58955764770508,13214600
2019-02-14,76.2699966430664,54.6038703918457,12772900
2019-02-15,77.70999908447266,55.63481140136719,14330300
2019-02-19,78.2300033569336,56.00709533691406,13551500
2019-02-20,78.52999877929688,56.22187042236328,12633100
2019-02-21,77.81999969482422,55.71355438232422,10266000
2019-02-22,78.41999816894531,56.14311981201172,9519300
2019-02-25,78.5,56.20038986206055,9274400
2019-02-26,78.66000366210938,56.3149528503418,10990600
2019-02-27,79.47000122070312,56.89485168457031,12398200
2019-02-28,79.02999877929688,56.5798454284668,14597900
2019-03-01,80.0,57.27427673339844,15419400
2019-03-04,80.30999755859375,57.496219635009766,18089900
2019-03-05,80.19000244140625,57.41030502319336,13745500
2019-03-06,79.27999877929688,56.75881576538086,18633600
2019-03-07,80.16000366210938,57.38883972167969,16541700
2019-03-08,79.01000213623047,56.565521240234375,16211300
2019-03-11,79.77999877929688,57.11677932739258,11060900
2019-03-12,80.0,57.27427673339844,11320000
2019-03-13,80.70999908447266,57.782588958740234,10260200
2019-03-14,80.44000244140625,57.58928680419922,9976700
2019-03-15,80.1500015258789,57.381690979003906,25316400
2019-03-18,81.08000183105469,58.0474853515625,9840600
2019-03-19,80.87000274658203,57.897159576416016,13936500
2019-03-20,81.31999969482422,58.21929931640625,13133600
2019-03-21,81.79000091552734,58.55579376220703,10117000
2019-03-22,80.4800033569336,57.617942810058594,12497700
2019-03-25,79.91999816894531,57.217010498046875,11320400
2019-03-26,80.95999908447266,57.96158981323242,9472800
2019-03-27,80.33999633789062,57.517704010009766,7258700
2019-03-28,80.73999786376953,57.8040885925293,7412300
2019-03-29,80.80000305175781,57.84703063964844,10889200
2019-04-01,81.7300033569336,58.512840270996094,10816400
2019-04-02,81.37999725341797,58.26226806640625,7646000
2019-04-03,80.9000015258789,57.918617248535156,8562900
2019-04-04,82.05000305175781,58.741939544677734,9360600
2019-04-05,82.48999786376953,59.056949615478516,10059100
2019-04-08,83.0,59.42207717895508,9108200
2019-04-09,81.93000030517578,58.65602111816406,8561600
2019-04-10,81.55999755859375,58.39113235473633,10324300
2019-04-11,81.94999694824219,58.67033386230469,9115100
2019-04-12,80.91999816894531,57.93293762207031,16638700
2019-04-15,80.6500015258789,57.7396354675293,8536100
2019-04-16,81.19999694824219,58.133392333984375,7005700
2019-04-17,81.43000030517578,58.29806900024414,8311400
2019-04-18,81.12999725341797,58.083282470703125,9493900
2019-04-22,82.9000015258789,59.35048294067383,10770600
2019-04-23,83.37999725341797,59.69411087036133,10595100
2019-04-24,81.76000213623047,58.534305572509766,11684000
2019-04-25,82.22000122070312,58.863651275634766,11135000
2019-04-26,80.48999786376953,57.62508773803711,18053500
2019-04-29,79.97000122070312,57.25281524658203,10023700
2019-04-30,80.27999877929688,57.4747428894043,13721500
2019-05-01,78.66999816894531,56.32209014892578,13909800
2019-05-02,77.29000091552734,55.334129333496094,15360400
2019-05-03,77.47000122070312,55.462974548339844,12180700
2019-05-06,77.12999725341797,55.21958541870117,13367100
2019-05-07,76.72000122070312,54.92604064941406,13498800
2019-05-08,76.83999633789062,55.01194763183594,11352900
2019-05-09,76.7699966430664,54.961830139160156,13221600
2019-05-10,76.55999755859375,55.439754486083984,11056000
2019-05-13,75.70999908447266,54.82425308227539,12176100
2019-05-14,75.80999755859375,54.896663665771484,10548400
2019-05-15,76.37000274658203,55.302181243896484,8918000
2019-05-16,76.36000061035156,55.29492950439453,8105200
2019-05-17,75.91000366210938,54.969078063964844,9279400
2019-05-20,75.9000015258789,54.96183776855469,7154300
2019-05-21,76.25,55.215274810791016,8489900
2019-05-22,75.55999755859375,54.715633392333984,7858300
2019-05-23,73.79000091552734,53.43391418457031,14657200
2019-05-24,74.0999984741211,53.658390045166016,7056400
2019-05-28,72.61000061035156,52.57943344116211,14912900
2019-05-29,72.16000366210938,52.25357437133789,13645200
2019-05-30,71.97000122070312,52.115989685058594,9362100
2019-05-31,70.7699966430664,51.24702453613281,13983300
2019-06-03,71.87999725341797,52.05080795288086,11831000
2019-06-04,73.58999633789062,53.28908920288086,10423000
2019-06-05,72.9800033569336,52.84736633300781,10617800
2019-06-06,74.30999755859375,53.810455322265625,11738900
2019-06-07,74.58000183105469,54.00597381591797,9095500
2019-06-10,74.91000366210938,54.24494171142578,7760400
2019-06-11,74.83999633789062,54.194252014160156,9415100
2019-06-12,74.02999877929688,53.607704162597656,7920800
2019-06-13,74.68000030517578,54.07839584350586,8986400
2019-06-14,74.3499984741211,53.83943557739258,8575900
2019-06-17,75.08999633789062,54.37526321411133,9355700
2019-06-18,75.73999786376953,54.845970153808594,10091500
2019-06-19,75.31999969482422,54.54183578491211,9757400
2019-06-20,76.61000061035156,55.47596740722656,16229700
2019-06-21,77.69000244140625,56.2580451965332,23108100
2019-06-24,76.94999694824219,55.72218322753906,10011800
2019-06-25,76.2699966430664,55.229774475097656,9740000
2019-06-26,76.5999984741211,55.46872329711914,11365500
2019-06-27,75.81999969482422,54.903900146484375,8147800
2019-06-28,76.62999725341797,55.490447998046875,14781300
2019-07-01,76.55999755859375,55.439754486083984,11437900
2019-07-02,75.72000122070312,54.83148956298828,10475400
2019-07-03,76.44000244140625,55.352874755859375,5246100
2019-07-05,76.12999725341797,55.12839126586914,6880800
2019-07-08,76.4800033569336,55.3818244934082,7876100
2019-07-09,76.43000030517578,55.34562301635742,7863000
2019-07-10,77.51000213623047,56.12770080566406,8077400
2019-07-11,77.56999969482422,56.171146392822266,6404000
2019-07-12,77.62999725341797,56.21458435058594,6139000
2019-07-15,77.08000183105469,55.81631851196289,7116400
2019-07-16,75.93000030517578,54.98356628417969,10197400
2019-07-17,75.4800033569336,54.6577033996582,7419300
2019-07-18,74.83999633789062,54.194252014160156,11424500
2019-07-19,74.98999786376953,54.30287551879883,11243100
2019-07-22,75.06999969482422,54.36082077026367,8368800
2019-07-23,75.37000274658203,54.57804870605469,8551200
2019-07-24,75.36000061035156,54.57078170776367,8260200
2019-07-25,74.93000030517578,54.259429931640625,9083900
2019-07-26,74.80999755859375,54.17252731323242,7677300
2019-07-29,75.33999633789062,54.556339263916016,7091900
2019-07-30,75.3499984741211,54.56355667114258,6961200
2019-07-31,74.36000061035156,53.84666061401367,13104600
2019-08-01,72.45999908447266,52.47081756591797,17132800
2019-08-02,71.75,51.9566764831543,21376700
2019-08-05,70.27999877929688,50.8922004699707,19080900
2019-08-06,70.95999908447266,51.384605407714844,12282400
2019-08-07,70.5,51.051509857177734,15231100
2019-08-08,72.37999725341797,52.412879943847656,14304100
2019-08-09,70.83999633789062,51.29771423339844,13686600
2019-08-12,69.62999725341797,51.04844665527344,9542600
2019-08-13,70.48999786376953,51.678955078125,12403300
2019-08-14,67.6500015258789,49.59683609008789,18114400
2019-08-15,67.25,49.30357360839844,12874400
2019-08-16,68.30000305175781,50.073368072509766,12649000
2019-08-19,69.44999694824219,50.916481018066406,10032800
2019-08-20,69.02999877929688,50.608558654785156,9743500
2019-08-21,69.72000122070312,51.11442947387695,10134200
2019-08-22,69.56999969482422,51.00445556640625,8972000
2019-08-23,67.48999786376953,49.479530334472656,15371900
2019-08-26,67.8499984741211,49.74345779418945,7343900
2019-08-27,67.19000244140625,49.25959014892578,9490900
2019-08-28,67.68000030517578,49.61882019042969,9647400
2019-08-29,68.43000030517578,50.168678283691406,9004100
2019-08-30,68.4800033569336,50.20533752441406,9180800
2019-09-03,68.55999755859375,50.26399230957031,9849700
2019-09-04,69.29000091552734,50.79917526245117,6959200
2019-09-05,70.2699966430664,51.51765060424805,9901500
2019-09-06,70.93000030517578,52.00154113769531,10418500
2019-09-09,71.48999786376953,52.41209411621094,12840200
2019-09-10,72.06999969482422,52.83729553222656,13810800
2019-09-11,71.93000030517578,52.73466491699219,10525700
2019-09-12,71.9800033569336,52.77131652832031,9100700
2019-09-13,72.63999938964844,53.25520324707031,7337200
2019-09-16,73.7300033569336,54.054317474365234,19830200
2019-09-17,73.16999816894531,53.64375686645508,14452200
2019-09-18,72.81999969482422,53.38716506958008,7292200
2019-09-19,72.33000183105469,53.02791976928711,8050200
2019-09-20,72.08000183105469,52.844635009765625,19736600
2019-09-23,72.12999725341797,52.88128662109375,7495200
2019-09-24,71.13999938964844,52.155487060546875,13307100
2019-09-25,71.3499984741211,52.30942916870117,8035200
2019-09-26,70.97000122070312,52.03085708618164,8420200
2019-09-27,71.4800033569336,52.40475082397461,8224000
2019-09-30,70.61000061035156,51.766910552978516,9768900
2019-10-01,68.94999694824219,50.54990005493164,10279100
2019-10-02,67.1500015258789,49.23025894165039,14503700
2019-10-03,67.9800033569336,49.83877182006836,10788400
2019-10-04,68.97000122070312,50.5645866394043,10534800
2019-10-07,68.0199966430664,49.86808395385742,10993000
2019-10-08,66.69999694824219,48.90034484863281,9748700
2019-10-09,67.44000244140625,49.44287109375,8580900
2019-10-10,68.25,50.03670883178711,7100100
2019-10-11,68.9800033569336,50.5719108581543,10101900
2019-10-14,69.18000030517578,50.718528747558594,6234600
2019-10-15,69.41999816894531,50.89448928833008,6645700
2019-10-16,68.2300033569336,50.022056579589844,9765800
2019-10-17,68.13999938964844,49.95607376098633,9757200
2019-10-18,67.61000061035156,49.5675048828125,13472700
2019-10-21,68.73999786376953,50.39595031738281,10199300
2019-10-22,69.08999633789062,50.652557373046875,9536000
2019-10-23,69.75,51.13642883300781,8641800
2019-10-24,69.08999633789062,50.652557373046875,9003600
2019-10-25,69.25,50.769840240478516,7607200
2019-10-28,68.63999938964844,50.322628021240234,11209600
2019-10-29,68.44000244140625,50.1760139465332,13894400
2019-10-30,67.72000122070312,49.648162841796875,12840600
2019-10-31,67.56999969482422,49.538177490234375,16169100
2019-11-01,69.5999984741211,51.026451110839844,14108700
2019-11-04,71.66999816894531,52.544044494628906,15858200
2019-11-05,73.08999633789062,53.58510208129883,14930400
2019-11-06,71.48999786376953,52.41209411621094,13996500
2019-11-07,73.01000213623047,53.526451110839844,13073800
2019-11-08,70.7699966430664,52.50992965698242,12106000
2019-11-11,70.33999633789062,52.19087600708008,8674000
2019-11-12,69.37000274658203,51.47117614746094,13918600
2019-11-13,68.80000305175781,51.04824447631836,11773700
2019-11-14,68.5,50.82563781738281,11279800
2019-11-15,69.19000244140625,51.33761978149414,11252800
2019-11-18,68.5199966430664,50.84048080444336,10095600
2019-11-19,67.81999969482422,50.32109451293945,12605500
2019-11-20,68.02999877929688,50.47692108154297,16930700
2019-11-21,69.66999816894531,51.69376754760742,14080900
2019-11-22,69.37000274658203,51.47117614746094,12143600
2019-11-25,68.91000366210938,51.12985610961914,10670000
2019-11-26,68.73999786376953,51.00371551513672,15457000
2019-11-27,68.69999694824219,50.974037170410156,8393900
2019-11-29,68.12999725341797,50.55110168457031,7980800
2019-12-02,68.41999816894531,50.76628494262695,11116900
2019-12-03,67.87999725341797,50.36561584472656,12245800
2019-12-04,68.6500015258789,50.93693923950195,11049700
2019-12-05,68.41000366210938,50.758872985839844,13109000
2019-12-06,69.51000213623047,51.57504653930664,13710800
2019-12-09,69.66000366210938,51.68634033203125,12397700
2019-12-10,69.05999755859375,51.241153717041016,14281800
2019-12-11,68.95999908447266,51.166954040527344,13748400
2019-12-12,70.33999633789062,52.19087600708008,17068500
2019-12-13,69.2300033569336,51.3672981262207,12274500
2019-12-16,70.0,51.938621520996094,15208700
2019-12-17,69.68000030517578,51.7011833190918,14450700
2019-12-18,69.87000274658203,51.842159271240234,13652300
2019-12-19,69.38999938964844,51.48600769042969,13273200
2019-12-20,69.94000244140625,51.89410400390625,35092000
2019-12-23,70.29000091552734,52.15379333496094,14172500
2019-12-24,70.0199966430664,51.95346450805664,3979400
2019-12-26,70.12999725341797,52.03506851196289,8840200
2019-12-27,69.88999938964844,51.85700225830078,10516100
2019-12-30,69.4800033569336,51.55278778076172,12689400
2019-12-31,69.77999877929688,51.77538299560547,13151800
2020-01-02,70.9000015258789,52.60639190673828,12456400
2020-01-03,70.33000183105469,52.183475494384766,17386900
2020-01-06,70.87000274658203,52.58415222167969,20081900
2020-01-07,70.29000091552734,52.15379333496094,17387700
2020-01-08,69.2300033569336,51.3672981262207,15137700
2020-01-09,69.76000213623047,51.76054382324219,14811800
2020-01-10,69.13999938964844,51.30051040649414,11995600
2020-01-13,69.80000305175781,51.79023361206055,9953900
2020-01-14,69.19999694824219,51.34502029418945,16261000
2020-01-15,69.08999633789062,51.263404846191406,11390300
2020-01-16,68.81999969482422,51.063072204589844,13340300
2020-01-17,68.55999755859375,50.87016296386719,18144100
2020-01-21,67.58000183105469,50.143035888671875,17982600
2020-01-22,67.19000244140625,49.85365676879883,17033100
2020-01-23,66.7699966430664,49.542015075683594,19605900
2020-01-24,66.31999969482422,49.2081413269043,18238600
2020-01-27,64.73999786376953,48.03579330444336,21231000
2020-01-28,64.6500015258789,47.96902084350586,19664700
2020-01-29,64.11000061035156,47.568359375,14202800
2020-01-30,64.79000091552734,48.072898864746094,18544700
2020-01-31,62.119998931884766,46.091819763183594,34282900
2020-02-03,60.72999954223633,45.06045913696289,27389300
2020-02-04,59.970001220703125,44.49655532836914,31922100
2020-02-05,62.72999954223633,46.54442596435547,32099200
2020-02-06,61.880001068115234,45.913734436035156,16055400
2020-02-07,61.470001220703125,45.60952377319336,15112500
2020-02-10,59.959999084472656,45.127845764160156,20934500
2020-02-11,60.529998779296875,45.55683898925781,14908700
2020-02-12,61.27000045776367,46.11378860473633,17862100
2020-02-13,60.93000030517578,45.85789489746094,16949400
2020-02-14,60.650001525878906,45.647159576416016,10855300
2020-02-18,59.880001068115234,45.067626953125,18948500
2020-02-19,60.34000015258789,45.41383743286133,12804900
2020-02-20,59.86000061035156,45.052581787109375,14817200
2020-02-21,59.130001068115234,44.50315475463867,20315700
2020-02-24,56.36000061035156,42.41836929321289,32096600
2020-02-25,54.20000076293945,40.79267883300781,36414500
2020-02-26,53.0099983215332,39.89703369140625,29801000
2020-02-27,49.81999969482422,37.49614334106445,48141300
2020-02-28,51.439998626708984,38.715415954589844,62446700
2020-03-02,53.880001068115234,40.55182647705078,38127600
2020-03-03,51.29999923706055,38.61003875732422,50580700
2020-03-04,52.41999816894531,39.4529914855957,24079600
2020-03-05,50.11000061035156,37.71441650390625,40788200
2020-03-06,47.689998626708984,35.893043518066406,55640500
2020-03-09,41.86000061035156,31.50519561767578,72896300
2020-03-10,43.40999984741211,32.671775817871094,60445900
2020-03-11,41.97999954223633,31.59550666809082,51986100
2020-03-12,37.18000030517578,27.982873916625977,65725300
2020-03-13,38.119998931884766,28.69034767150879,79891500
2020-03-16,34.4900016784668,25.958293914794922,48924700
2020-03-17,36.810001373291016,27.70439910888672,41204400
2020-03-18,33.119998931884766,24.927186965942383,54036400
2020-03-19,34.43000030517578,25.913137435913086,49412400
2020-03-20,32.7400016784668,24.641189575195312,76534600
2020-03-23,31.450000762939453,23.6702880859375,56952500
2020-03-24,35.439998626708984,26.673294067382812,61835600
2020-03-25,37.290000915527344,28.065662384033203,56607700
2020-03-26,38.81999969482422,29.217191696166992,46722000
2020-03-27,36.95000076293945,27.80976104736328,51558600
2020-03-30,37.5,28.22371482849121,45835000
2020-03-31,37.970001220703125,28.577457427978516,41491600
2020-04-01,37.529998779296875,28.24629783630371,36045900
2020-04-02,40.400001525878906,30.406347274780273,62000200
2020-04-03,39.209999084472656,29.510711669921875,48425700
2020-04-06,40.470001220703125,30.459030151367188,41301900
2020-04-07,41.2400016784668,31.03856086730957,48921800
2020-04-08,43.849998474121094,33.0029296875,33355600
2020-04-09,43.130001068115234,32.461036682128906,60107300
2020-04-13,42.7599983215332,32.182552337646484,29651900
2020-04-14,42.43000030517578,31.934192657470703,30769000
2020-04-15,40.47999954223633,30.466550827026367,33125000
2020-04-16,39.150001525878906,29.46556282043457,30934000
2020-04-17,43.220001220703125,32.528770446777344,40829100
2020-04-20,41.18000030517578,30.9934024810791,39260800
2020-04-21,40.959999084472656,30.82781982421875,44381600
2020-04-22,42.130001068115234,31.70840072631836,27074200
2020-04-23,43.45000076293945,32.701881408691406,35271000
2020-04-24,43.72999954223633,32.91261672973633,28653800
2020-04-27,43.939998626708984,33.07067108154297,28274400
2020-04-28,44.970001220703125,33.84587860107422,26545100
2020-04-29,47.459999084472656,35.71992874145508,29502500
2020-04-30,46.470001220703125,34.97483444213867,37076300
2020-05-01,43.13999938964844,32.46856689453125,35399300
2020-05-04,44.880001068115234,33.778141021728516,27465600
2020-05-05,44.83000183105469,33.74051284790039,29276200
2020-05-06,43.9900016784668,33.10829544067383,22659000
2020-05-07,44.2400016784668,33.29645919799805,22160300
2020-05-08,46.18000030517578,34.756568908691406,19977400
2020-05-11,45.7400016784668,34.4254150390625,22258000
2020-05-12,44.119998931884766,33.8499870300293,25439100
2020-05-13,41.93000030517578,32.169769287109375,30827900
2020-05-14,42.29999923706055,32.453643798828125,24856500
2020-05-15,42.0,32.223472595214844,22445600
2020-05-18,45.34000015258789,34.78599548339844,32026100
2020-05-19,43.939998626708984,33.711891174316406,21771600
2020-05-20,45.369998931884766,34.809024810791016,19352400
2020-05-21,44.560001373291016,34.18757629394531,19130700
2020-05-22,44.599998474121094,34.2182502746582,15406400
2020-05-26,45.90999984741211,35.22332000732422,20356500
2020-05-27,46.2400016784668,35.47650909423828,20788300
2020-05-28,45.040000915527344,34.55582809448242,19698000
2020-05-29,45.470001220703125,34.885738372802734,25874700
2020-06-01,46.279998779296875,35.507198333740234,19031000
2020-06-02,47.310001373291016,36.29744338989258,22319000
2020-06-03,49.2400016784668,37.77817916870117,23418000
2020-06-04,49.099998474121094,37.67076873779297,18731400
2020-06-05,53.08000183105469,40.72431945800781,41328900
2020-06-08,54.7400016784668,41.99790954589844,33579400
2020-06-09,53.52000045776367,41.06190872192383,27276900
2020-06-10,50.650001525878906,38.85997772216797,31156800
2020-06-11,46.18000030517578,35.430477142333984,39183000
2020-06-12,47.16999816894531,36.19002151489258,30978100
2020-06-15,47.13999938964844,36.1670036315918,27929300
2020-06-16,48.20000076293945,36.98027038574219,26203400
2020-06-17,46.630001068115234,35.77572250366211,19279400
2020-06-18,46.91999816894531,35.99822235107422,21478700
2020-06-19,45.97999954223633,35.27703094482422,48899900
2020-06-22,46.41999816894531,35.61460876464844,17565400
2020-06-23,46.70000076293945,35.82942199707031,18916600
2020-06-24,44.5,34.14152908325195,27626900
2020-06-25,45.16999816894531,34.65557861328125,19353600
2020-06-26,43.619998931884766,33.466373443603516,31518600
2020-06-29,44.31999969482422,34.00343704223633,17052100
2020-06-30,44.720001220703125,34.31031799316406,22153600
2020-07-01,43.709999084472656,33.535430908203125,17290100
2020-07-02,44.08000183105469,33.819305419921875,18216600
2020-07-06,44.38999938964844,34.0571403503418,22692000
2020-07-07,43.2400016784668,33.17483139038086,17407600
2020-07-08,43.13999938964844,33.09810256958008,18291400
2020-07-09,41.36000061035156,31.73244285583496,25882000
2020-07-10,42.650001525878906,32.722164154052734,18951000
2020-07-13,42.65999984741211,32.72984313964844,20028300
2020-07-14,44.06999969482422,33.81162643432617,21444100
2020-07-15,44.630001068115234,34.241275787353516,17332400
2020-07-16,44.279998779296875,33.97274398803711,14673700
2020-07-17,43.52000045776367,33.38965606689453,17958900
2020-07-20,42.5,32.60707473754883,18553900
2020-07-21,44.650001525878906,34.25661849975586,28821800
2020-07-22,43.61000061035156,33.45870590209961,21345400
2020-07-23,43.70000076293945,33.52776336669922,17934400
2020-07-24,43.43000030517578,33.32061004638672,16415300
2020-07-27,44.06999969482422,33.81162643432617,18547900
2020-07-28,43.54999923706055,33.41267013549805,19190500
2020-07-29,44.029998779296875,33.78093338012695,14143200
2020-07-30,41.869998931884766,32.12372589111328,29901100
2020-07-31,42.08000183105469,32.284847259521484,32116200
2020-08-03,42.25,32.4152717590332,23033600
2020-08-04,43.470001220703125,33.35130310058594,17724000
2020-08-05,43.849998474121094,33.64284133911133,17175100
2020-08-06,43.63999938964844,33.481719970703125,14434900
2020-08-07,43.439998626708984,33.32827377319336,18757900
2020-08-10,44.5099983215332,34.149208068847656,24367800
2020-08-11,44.970001220703125,34.50212097167969,28987500
2020-08-12,44.09000015258789,34.49429702758789,22503200
2020-08-13,43.0099983215332,33.649349212646484,17338700
2020-08-14,43.20000076293945,33.79800796508789,13595700
2020-08-17,42.63999938964844,33.35988235473633,15554600
2020-08-18,42.43000030517578,33.195587158203125,13014000
2020-08-19,41.959999084472656,32.82786560058594,14473100
2020-08-20,41.31999969482422,32.32716751098633,15678500
2020-08-21,41.0099983215332,32.084632873535156,25517700
2020-08-24,42.220001220703125,33.03129577636719,18208900
2020-08-25,40.880001068115234,31.982927322387695,31285600
2020-08-26,40.0099983215332,31.302270889282227,26795000
2020-08-27,39.7400016784668,31.09103775024414,32034300
2020-08-28,40.689998626708984,31.83428192138672,33477100
2020-08-31,39.939998626708984,31.24750328063965,25259600
2020-09-01,39.43000030517578,30.84850311279297,22464100
2020-09-02,39.189998626708984,30.660737991333008,26413400
2020-09-03,39.11000061035156,30.5981502532959,28817200
2020-09-04,39.08000183105469,30.574682235717773,24632500
2020-09-08,38.18000030517578,29.87055015563965,38496400
2020-09-09,37.95000076293945,29.69061279296875,25886100
2020-09-10,37.0,28.94736671447754,34381200
2020-09-11,36.900001525878906,28.869131088256836,26838600
2020-09-14,36.65999984741211,28.681358337402344,26129900
2020-09-15,36.27000045776367,28.376237869262695,23724200
2020-09-16,37.810001373291016,29.58108139038086,30890900
2020-09-17,37.79999923706055,29.57325553894043,24696200
2020-09-18,37.189998626708984,29.096019744873047,46853800
2020-09-21,36.43000030517578,28.501419067382812,35351800
2020-09-22,35.529998779296875,27.797292709350586,27303200
2020-09-23,34.38999938964844,26.90540313720703,31251400
2020-09-24,34.31999969482422,26.850637435913086,26796000
2020-09-25,34.63999938964844,27.10098648071289,23486000
2020-09-28,35.310001373291016,27.625173568725586,23396500
2020-09-29,34.279998779296875,26.81934356689453,20770500
2020-09-30,34.33000183105469,26.858463287353516,22223700
2020-10-01,33.130001068115234,25.91962432861328,36890200
2020-10-02,32.97999954223633,25.802274703979492,32694300
2020-10-05,33.7400016784668,26.396865844726562,22965200
2020-10-06,33.38999938964844,26.12303924560547,26731800
2020-10-07,33.5,26.2091007232666,23779300
2020-10-08,35.2599983215332,27.586055755615234,34413700
2020-10-09,34.7400016784668,27.17922019958496,29228600
2020-10-12,34.630001068115234,27.09316635131836,17912800
2020-10-13,34.220001220703125,26.77239990234375,20995100
2020-10-14,34.150001525878906,26.717639923095703,17743000
2020-10-15,34.45000076293945,26.952341079711914,23251600
2020-10-16,34.099998474121094,26.678510665893555,22627200
2020-10-19,33.41999816894531,26.146509170532227,23645800
2020-10-20,33.70000076293945,26.36557388305664,23040600
2020-10-21,33.15999984741211,25.943098068237305,28619300
2020-10-22,34.86000061035156,27.273113250732422,31831500
2020-10-23,34.15999984741211,26.725460052490234,27429100
2020-10-26,33.349998474121094,26.09174346923828,30888700
2020-10-27,32.81999969482422,25.677095413208008,27100700
2020-10-28,31.56999969482422,24.699142456054688,42136400
2020-10-29,32.970001220703125,25.794450759887695,38622800
2020-10-30,32.619998931884766,25.520620346069336,47885700
2020-11-02,33.9900016784668,26.592458724975586,40130300
2020-11-03,33.40999984741211,26.138687133789062,36773000
2020-11-04,33.22999954223633,25.99786376953125,35410100
2020-11-05,33.16999816894531,25.950916290283203,30824100
2020-11-06,32.779998779296875,25.645793914794922,33985600
2020-11-09,36.93000030517578,28.89260482788086,76879400
2020-11-10,36.86000061035156,29.533592224121094,49055400
2020-11-11,36.47999954223633,29.22911834716797,34124500
2020-11-12,35.22999954223633,28.227577209472656,30933700
2020-11-13,36.08000183105469,28.90863037109375,29241500
2020-11-16,38.15999984741211,30.575204849243164,38596800
2020-11-17,38.66999816894531,30.98382568359375,26521100
2020-11-18,37.209999084472656,29.81402015686035,31068000
2020-11-19,37.400001525878906,29.96625328063965,26954400
2020-11-20,36.939998626708984,29.597688674926758,18351000
2020-11-23,39.36000061035156,31.536684036254883,29367600
2020-11-24,41.97999954223633,33.63592529296875,46979300
2020-11-25,40.810001373291016,32.69847106933594,28178200
2020-11-27,40.189998626708984,32.20170593261719,14971900
2020-11-30,38.130001068115234,30.551166534423828,45614300
2020-12-01,38.5,30.84761619567871,32472900
2020-12-02,39.939998626708984,32.001399993896484,29369500
2020-12-03,40.209999084472656,32.21773147583008,27038900
2020-12-04,41.68000030517578,33.39555358886719,28723600
2020-12-07,40.900001525878906,32.77058410644531,24899400
2020-12-08,42.2400016784668,33.844242095947266,32573800
2020-12-09,42.79999923706055,34.29294204711914,37824800
2020-12-10,44.0099983215332,35.26243209838867,38058700
2020-12-11,43.79999923706055,35.09416580200195,25478800
2020-12-14,42.220001220703125,33.82821273803711,30595000
2020-12-15,43.040000915527344,34.4852294921875,27138400
2020-12-16,43.70000076293945,35.01404571533203,34273000
2020-12-17,43.47999954223633,34.83777618408203,21204600
2020-12-18,42.72999954223633,34.23685073852539,46596800
2020-12-21,41.95000076293945,33.611881256103516,27869500
2020-12-22,41.2400016784668,33.04300308227539,21792900
2020-12-23,41.77000045776367,33.467674255371094,19085900
2020-12-24,41.599998474121094,33.331451416015625,8039000
2020-12-28,41.7400016784668,33.443626403808594,23877500
2020-12-29,41.27000045776367,33.06704330444336,20287700
2020-12-30,41.599998474121094,33.331451416015625,23807300
2020-12-31,41.220001220703125,33.026981353759766,22786500
2021-01-04,41.5,33.2513313293457,27764700
2021-01-05,43.5,34.85380554199219,44035100
2021-01-06,44.61000061035156,35.7431755065918,36484800
2021-01-07,44.959999084472656,36.023616790771484,29528100
2021-01-08,45.459999084472656,36.424224853515625,28628200
2021-01-11,46.84000015258789,37.529930114746094,38246200
2021-01-12,47.880001068115234,38.36322021484375,36915100
2021-01-13,48.41999816894531,38.795894622802734,29000300
2021-01-14,50.310001373291016,40.31022262573242,35474800
2021-01-15,47.88999938964844,38.37123489379883,42411300
2021-01-19,48.84000015258789,39.132408142089844,24932600
2021-01-20,49.529998779296875,39.68525314331055,22342400
2021-01-21,48.11000061035156,38.54750442504883,29044500
2021-01-22,47.43000030517578,38.00267028808594,23264800
2021-01-25,46.900001525878906,37.5780143737793,26395800
2021-01-26,45.869998931884766,36.75273132324219,23976800
2021-01-27,45.349998474121094,36.33609390258789,32410300
2021-01-28,46.060001373291016,36.90496826171875,24967200
2021-01-29,44.84000015258789,35.927459716796875,38961100
2021-02-01,44.91999816894531,35.99156188964844,24412400
2021-02-02,45.630001068115234,36.56044387817383,31940400
2021-02-03,47.41999816894531,37.99464416503906,28459300
2021-02-04,48.33000183105469,38.72377395629883,25280300
2021-02-05,49.95000076293945,40.02178955078125,34980100
2021-02-08,52.099998474121094,41.744441986083984,36998700
2021-02-09,50.630001068115234,41.25553512573242,28977000
2021-02-10,51.119998931884766,41.654808044433594,25723800
2021-02-11,49.84000015258789,40.61180114746094,26972200
2021-02-12,50.52000045776367,41.1658935546875,19756700
2021-02-16,52.040000915527344,42.404457092285156,28060100
2021-02-17,52.849998474121094,43.06447982788086,25509700
2021-02-18,52.02000045776367,42.38816833496094,20627600
2021-02-19,52.369998931884766,42.67336654663086,22607200
2021-02-22,54.29999923706055,44.24599838256836,36435100
2021-02-23,55.04999923706055,44.85714340209961,33527900
2021-02-24,56.70000076293945,46.20163345336914,28728600
2021-02-25,55.7599983215332,45.4356803894043,29670900
2021-02-26,54.369998931884766,44.30305099487305,35291000
2021-03-01,56.400001525878906,45.95718002319336,36998300
2021-03-02,56.06999969482422,45.688270568847656,30302600
2021-03-03,56.52000045776367,46.05495834350586,35358900
2021-03-04,58.709999084472656,47.8394660949707,52137500
2021-03-05,60.93000030517578,49.64842987060547,51429800
2021-03-08,60.869998931884766,49.59952926635742,38154600
2021-03-09,59.93000030517578,48.83357620239258,35645900
2021-03-10,61.77000045776367,50.33289337158203,31579100
2021-03-11,61.310001373291016,49.95806121826172,24802600
2021-03-12,61.970001220703125,50.49585723876953,20422700
2021-03-15,60.38999938964844,49.208404541015625,31243600
2021-03-16,59.11000061035156,48.16541290283203,30624800
2021-03-17,59.369998931884766,48.37726593017578,25575500
2021-03-18,56.810001373291016,46.29127502441406,38622800
2021-03-19,56.4900016784668,46.030517578125,84439400
2021-03-22,55.90999984741211,45.55791091918945,29315100
2021-03-23,55.220001220703125,44.99567794799805,33493300
2021-03-24,56.34000015258789,45.90828323364258,29781800
2021-03-25,56.18000030517578,45.777915954589844,31495900
2021-03-26,57.709999084472656,47.024620056152344,34226500
2021-03-29,57.400001525878906,46.77202606201172,21144400
2021-03-30,56.689998626708984,46.193485260009766,20303400
2021-03-31,55.83000183105469,45.49272155761719,23686500
2021-04-01,57.38999938964844,46.76387405395508,23194500
2021-04-05,56.5,46.03866195678711,23264800
2021-04-06,56.34000015258789,45.90828323364258,18926300
2021-04-07,56.59000015258789,46.112003326416016,22385000
2021-04-08,56.0,45.63124084472656,21999300
2021-04-09,55.869998931884766,45.52531814575195,20020700
2021-04-12,55.5,45.223812103271484,20238800
2021-04-13,55.709999084472656,45.394935607910156,19370600
2021-04-14,57.31999969482422,46.70684051513672,28051100
2021-04-15,56.97999954223633,46.429779052734375,23250300
2021-04-16,56.65999984741211,46.16904830932617,22752000
2021-04-19,56.47999954223633,46.02236557006836,21123300
2021-04-20,55.290000915527344,45.05270004272461,21782100
2021-04-21,56.0,45.63124084472656,16625600
2021-04-22,55.27000045776367,45.03640365600586,21600100
2021-04-23,55.56999969482422,45.280853271484375,15337900
2021-04-26,55.68000030517578,45.370487213134766,16083800
2021-04-27,56.40999984741211,45.965328216552734,19278600
2021-04-28,58.11000061035156,47.35056686401367,24729800
2021-04-29,58.939998626708984,48.026878356933594,27318400
2021-04-30,57.2400016784668,46.64165115356445,30518400
2021-05-03,58.81999969482422,47.92909622192383,20509600
2021-05-04,59.189998626708984,48.23059844970703,23522200
2021-05-05,60.970001220703125,49.6810188293457,31526200
2021-05-06,61.54999923706055,50.15361785888672,26836800
2021-05-07,62.43000030517578,50.87069320678711,33610600
2021-05-10,62.58000183105469,50.9929084777832,31956600
2021-05-11,60.59000015258789,49.37137985229492,34563800
2021-05-12,60.040000915527344,49.635921478271484,34426500
2021-05-13,59.29999923706055,49.0241584777832,24268200
2021-05-14,60.77000045776367,50.23942184448242,20735400
2021-05-17,62.189998626708984,51.413360595703125,25282500
2021-05-18,60.43000030517578,49.958343505859375,25170800
2021-05-19,58.97999954223633,48.75960922241211,28889800
2021-05-20,58.84000015258789,48.643863677978516,20692500
2021-05-21,58.91999816894531,48.709999084472656,20792700
2021-05-24,59.61000061035156,49.280426025390625,18400300
2021-05-25,58.2599983215332,48.16436767578125,25616100
2021-05-26,58.939998626708984,48.72653579711914,21698700
2021-05-27,58.560001373291016,48.412384033203125,33556000
2021-05-28,58.369998931884766,48.25531005859375,19246800
2021-06-01,60.459999084472656,49.98314666748047,28474200
2021-06-02,60.939998626708984,50.37996292114258,22978300
2021-06-03,61.18000030517578,50.57838439941406,20272800
2021-06-04,61.45000076293945,50.80159378051758,20427800
2021-06-07,61.04999923706055,50.47090530395508,15477900
2021-06-08,62.130001068115234,51.36375427246094,28953400
2021-06-09,62.650001525878906,51.79364776611328,29133000
2021-06-10,62.75,51.876319885253906,27488700
2021-06-11,62.16999816894531,51.39682388305664,17631700
2021-06-14,62.06999969482422,51.31415557861328,16997200
2021-06-15,64.33000183105469,53.18252944946289,30717100
2021-06-16,64.0999984741211,52.99237060546875,24803200
2021-06-17,61.9900016784668,51.24801254272461,28491800
2021-06-18,60.400001525878906,49.93354034423828,39590700
2021-06-21,62.59000015258789,51.744041442871094,33145400
2021-06-22,63.790000915527344,52.7360954284668,25140400
2021-06-23,64.26000213623047,53.124656677246094,20701600
2021-06-24,64.5199966430664,53.339599609375,19568400
2021-06-25,64.66000366210938,53.45534133911133,18438300
2021-06-28,63.0099983215332,52.09126663208008,20570000
2021-06-29,62.619998931884766,51.76884841918945,19579300
2021-06-30,63.08000183105469,52.149131774902344,17875500
2021-07-01,63.2599983215332,52.29794692993164,22530300
2021-07-02,63.16999816894531,52.223533630371094,14555300
2021-07-06,61.369998931884766,50.73545455932617,22110800
2021-07-07,60.40999984741211,49.94181442260742,21671400
2021-07-08,60.13999938964844,49.71859359741211,18935900
2021-07-09,61.22999954223633,50.61971664428711,20086000
2021-07-12,61.16999816894531,50.57011795043945,21809400
2021-07-13,60.880001068115234,50.33036422729492,17147300
2021-07-14,59.529998779296875,49.214290618896484,21573600
2021-07-15,58.95000076293945,48.734798431396484,15851100
2021-07-16,57.31999969482422,47.38725662231445,27049500
2021-07-19,55.349998474121094,45.75863265991211,37969100
2021-07-20,55.959999084472656,46.26293182373047,26756100
2021-07-21,57.7599983215332,47.75102615356445,20908700
2021-07-22,57.11000061035156,47.21364974975586,13493800
2021-07-23,57.040000915527344,47.15578079223633,14088200
2021-07-26,58.47999954223633,48.34625244140625,18387600
2021-07-27,57.83000183105469,47.80889129638672,16861400
2021-07-28,58.220001220703125,48.131309509277344,16855300
2021-07-29,58.93000030517578,48.7182731628418,18607800
2021-07-30,57.56999969482422,47.59394454956055,28652800
2021-08-02,57.58000183105469,47.602210998535156,20873800
2021-08-03,58.20000076293945,48.11477279663086,18208200
2021-08-04,56.84000015258789,46.99044418334961,20868300
2021-08-05,57.20000076293945,47.28805923461914,15180200
2021-08-06,57.86000061035156,47.833683013916016,14888500
2021-08-09,57.20000076293945,47.28805923461914,17828200
2021-08-10,58.18000030517578,48.098243713378906,16340200
2021-08-11,58.349998474121094,48.238773345947266,18278600
2021-08-12,57.349998474121094,48.12968063354492,19225500
2021-08-13,56.77000045776367,47.642921447753906,20063000
2021-08-16,55.939998626708984,46.946372985839844,16959500
2021-08-17,55.560001373291016,46.62746810913086,16243700
2021-08-18,54.38999938964844,45.64555358886719,21890500
2021-08-19,52.72999954223633,44.25245666503906,30923500
2021-08-20,52.7400016784668,44.26084899902344,16918300
2021-08-23,54.90999984741211,46.081966400146484,21632600
2021-08-24,55.36000061035156,46.45962905883789,17915600
2021-08-25,55.459999084472656,46.54352951049805,13270300
2021-08-26,54.709999084472656,45.91411209106445,11842600
2021-08-27,55.77000045776367,46.80369567871094,15822500
2021-08-30,55.15999984741211,46.291778564453125,14086100
2021-08-31,54.52000045776367,45.754669189453125,27104100
2021-09-01,53.77000045776367,45.125240325927734,21644100
2021-09-02,55.08000183105469,46.224632263183594,23293300
2021-09-03,54.869998931884766,46.048397064208984,13840000
2021-09-07,54.54999923706055,45.779850006103516,14354400
2021-09-08,54.04999923706055,45.360225677490234,18756700
2021-09-09,54.09000015258789,45.393795013427734,19110800
2021-09-10,53.97999954223633,45.301483154296875,15123700
2021-09-13,55.369998931884766,46.4680061340332,22052300
2021-09-14,54.58000183105469,45.805015563964844,19940300
2021-09-15,56.41999816894531,47.34919357299805,23240900
2021-09-16,55.81999969482422,46.84564971923828,17907200
2021-09-17,55.15999984741211,46.291778564453125,30000400
2021-09-20,53.689998626708984,45.05810546875,27555100
2021-09-21,53.63999938964844,45.016136169433594,19696800
2021-09-22,55.209999084472656,46.33372497558594,25690600
2021-09-23,57.08000183105469,47.903079986572266,23069400
2021-09-24,57.59000015258789,48.33108901977539,22328600
2021-09-27,59.29999923706055,49.76616287231445,32972200
2021-09-28,59.91999816894531,50.28649139404297,37619300
2021-09-29,59.880001068115234,50.25292205810547,23422800
2021-09-30,58.81999969482422,49.363346099853516,31289600
2021-10-01,60.93000030517578,51.13412094116211,24407300
2021-10-04,61.720001220703125,51.79710006713867,33946700
2021-10-05,61.619998931884766,51.71318435668945,29641600
2021-10-06,60.4900016784668,50.76485061645508,25284900
2021-10-07,60.65999984741211,50.90751647949219,19513600
2021-10-08,62.18000030517578,52.18314743041992,22186900
2021-10-11,61.560001373291016,51.66282653808594,22121500
2021-10-12,61.2400016784668,51.39427947998047,20198600
2021-10-13,61.06999969482422,51.25160598754883,14991700
2021-10-14,62.0,52.032081604003906,18594500
2021-10-15,62.59000015258789,52.5272216796875,16092600
2021-10-18,62.560001373291016,52.50205612182617,18282800
2021-10-19,63.5,53.290931701660156,18933200
2021-10-20,63.849998474121094,53.584651947021484,14305200
2021-10-21,62.689998626708984,52.61115646362305,16564600
2021-10-22,63.119998931884766,52.97201156616211,14266800
2021-10-25,64.3499984741211,54.004268646240234,17939800
2021-10-26,65.83999633789062,55.25471496582031,25585100
2021-10-27,64.12999725341797,53.819637298583984,21764500
2021-10-28,64.30999755859375,53.970699310302734,16626400
2021-10-29,64.47000122070312,54.104976654052734,23966300
2021-11-01,65.62999725341797,55.07848358154297,19656400
2021-11-02,64.81999969482422,54.39870834350586,16300000
2021-11-03,63.93000030517578,53.65178298950195,17372800
2021-11-04,64.41000366210938,54.054622650146484,17720100
2021-11-05,65.0199966430664,54.56655502319336,18565100
2021-11-08,65.72000122070312,55.15401077270508,17696000
2021-11-09,66.36000061035156,55.69111633300781,18781300
2021-11-10,64.19000244140625,54.593963623046875,20177200
2021-11-11,64.30999755859375,54.69602966308594,13319300
2021-11-12,63.81999969482422,54.27927780151367,18158900
2021-11-15,64.37000274658203,54.74706268310547,18849200
2021-11-16,65.0199966430664,55.299888610839844,17028700
2021-11-17,64.30999755859375,54.69602966308594,15497000
2021-11-18,63.61000061035156,54.10066604614258,16948200
2021-11-19,60.66999816894531,51.600181579589844,32035500
2021-11-22,61.5099983215332,52.31460189819336,21994400
2021-11-23,63.130001068115234,53.69242858886719,21185900
2021-11-24,63.47999954223633,53.9901123046875,15869700
2021-11-26,61.25,52.09347915649414,24979600
2021-11-29,61.59000015258789,52.38264465332031,18946400
2021-11-30,59.84000015258789,50.894256591796875,34979800
2021-12-01,59.790000915527344,50.85173797607422,30630600
2021-12-02,61.279998779296875,52.11899185180664,29216000
2021-12-03,60.88999938964844,51.78728485107422,22014700
2021-12-06,61.58000183105469,52.37413787841797,19210500
2021-12-07,62.27000045776367,52.960994720458984,19800400
2021-12-08,62.45000076293945,53.11408996582031,18214400
2021-12-09,62.61000061035156,53.25016784667969,16910300
2021-12-10,63.0099983215332,53.59036636352539,17942400
2021-12-13,61.630001068115234,52.41667175292969,17793700
2021-12-14,61.540000915527344,52.340126037597656,22551100
2021-12-15,61.27000045776367,52.1104850769043,19961900
2021-12-16,61.369998931884766,52.19553756713867,21187800
2021-12-17,60.029998779296875,51.05585861206055,44338100
2021-12-20,59.15999984741211,50.31592559814453,21819300
2021-12-21,60.5,51.45559310913086,19798900
2021-12-22,60.9900016784668,51.87235641479492,14058300
2021-12-23,61.02000045776367,51.89786148071289,13543300
2021-12-27,61.88999938964844,52.63779830932617,12593700
2021-12-28,61.689998626708984,52.46770095825195,12781000
2021-12-29,61.150001525878906,52.0084228515625,12733600
2021-12-30,60.790000915527344,51.702239990234375,11940300
2021-12-31,61.189998626708984,52.04243850708008,14072000
2022-01-03,63.540000915527344,54.04113006591797,24282400
2022-01-04,65.93000030517578,56.07384490966797,38584000
2022-01-05,66.75,56.77125930786133,34033300
2022-01-06,68.31999969482422,58.106544494628906,30668500
2022-01-07,68.87999725341797,58.58285140991211,23985400
2022-01-10,68.47000122070312,58.234134674072266,22760300
2022-01-11,71.3499984741211,60.68357849121094,32936100
2022-01-12,71.13999938964844,60.504974365234375,23045100
2022-01-13,70.62999725341797,60.07121276855469,21043200
2022-01-14,71.87000274658203,61.1258430480957,23012900
2022-01-18,73.08000183105469,62.15497970581055,32841200
2022-01-19,73.11000061035156,62.18046951293945,26431600
2022-01-20,73.2699966430664,62.31656265258789,26774600
2022-01-21,72.16999816894531,61.38098907470703,35995200
2022-01-24,72.79000091552734,61.90830612182617,41507000
2022-01-25,74.93000030517578,63.7283935546875,39278400
2022-01-26,74.16999816894531,63.08201599121094,35252400
2022-01-27,75.12000274658203,63.889991760253906,29174700
2022-01-28,75.27999877929688,64.02606201171875,30595700
2022-01-31,75.95999908447266,64.60442352294922,36085500
2022-02-01,80.83000183105469,68.74639129638672,61033100
2022-02-02,80.62000274658203,68.56777954101562,30299300
2022-02-03,79.68000030517578,67.76830291748047,28529400
2022-02-04,81.41000366210938,69.23966979980469,32197500
2022-02-07,82.38999938964844,70.07315826416016,34949200
2022-02-08,80.26000213623047,68.26158905029297,34356300
2022-02-09,79.0,67.934814453125,40106100
2022-02-10,78.23999786376953,67.28125762939453,28527700
2022-02-11,80.20999908447266,68.97533416748047,42002100
2022-02-14,78.9800033569336,67.91761016845703,34652800
2022-02-15,77.98999786376953,67.0662841796875,25075100
2022-02-16,78.3499984741211,67.37586212158203,21733800
2022-02-17,78.2300033569336,67.27266693115234,23738800
2022-02-18,77.36000061035156,66.52452087402344,23394800
2022-02-22,76.45999908447266,65.75059509277344,35947800
2022-02-23,76.7699966430664,66.01715087890625,25385000
2022-02-24,75.80000305175781,65.18302154541016,46199900
2022-02-25,77.83999633789062,66.93729400634766,28310300
2022-02-28,78.41999816894531,67.43605041503906,32204600
2022-03-01,79.16999816894531,68.08099365234375,40002300
2022-03-02,80.52999877929688,69.2505111694336,44321400
2022-03-03,81.04000091552734,69.6890869140625,30196600
2022-03-04,84.08999633789062,72.3118896484375,42802200
2022-03-07,87.12000274658203,74.91748809814453,55207900
2022-03-08,87.77999877929688,75.48502349853516,72082300
2022-03-09,82.79000091552734,71.1939697265625,65466700
2022-03-10,85.36000061035156,73.40398406982422,44644200
2022-03-11,84.91999816894531,73.02561950683594,35303400
2022-03-14,81.87999725341797,70.41142272949219,37462600
2022-03-15,77.22000122070312,66.40414428710938,47957900
2022-03-16,76.93000030517578,66.15476989746094,37812300
2022-03-17,78.9800033569336,67.91761016845703,34041900
2022-03-18,78.66999816894531,67.65103149414062,41461500
2022-03-21,82.19999694824219,70.68660736083984,33089300
2022-03-22,81.83999633789062,70.37702178955078,23132200
2022-03-23,83.12999725341797,71.48634338378906,27716300
2022-03-24,83.37999725341797,71.70133972167969,19871600
2022-03-25,85.19999694824219,73.26640319824219,22398300
2022-03-28,82.80999755859375,71.21117401123047,21552400
2022-03-29,82.37000274658203,70.83280944824219,27036300
2022-03-30,83.77999877929688,72.04530334472656,22079000
2022-03-31,82.58999633789062,71.02196502685547,27861500
2022-04-01,83.12000274658203,71.4777603149414,18671100
2022-04-04,83.16000366210938,71.51213836669922,20869400
2022-04-05,82.7300033569336,71.14237213134766,21753100
2022-04-06,83.6500015258789,71.93352508544922,24768200
2022-04-07,85.05000305175781,73.13743591308594,26122000
2022-04-08,86.83999633789062,74.67669677734375,24866500
2022-04-11,83.8499984741211,72.10550689697266,21800100
2022-04-12,85.5999984741211,73.6103744506836,22444200
2022-04-13,86.80999755859375,74.6509017944336,19306800
2022-04-14,87.83000183105469,75.52803039550781,24566400
2022-04-18,88.55000305175781,76.14718627929688,19032300
2022-04-19,87.76000213623047,75.46784210205078,20382600
2022-04-20,87.95999908447266,75.63983917236328,20689400
2022-04-21,87.02999877929688,74.840087890625,29010900
2022-04-22,85.12999725341797,73.20622253417969,23591600
2022-04-25,82.26000213623047,70.73820495605469,37698300
2022-04-26,82.29000091552734,70.76399993896484,28941500
2022-04-27,84.63999938964844,72.78483581542969,32773000
2022-04-28,87.19999694824219,74.98628234863281,33683800
2022-04-29,85.25,73.3094253540039,34656500
2022-05-02,86.41000366210938,74.30693817138672,36335200
2022-05-03,88.19000244140625,75.83760833740234,33908100
2022-05-04,91.69999694824219,78.8559799194336,46188400
2022-05-05,90.30999755859375,77.66067504882812,41013400
2022-05-06,91.69000244140625,78.8473892211914,29619300
2022-05-09,84.45999908447266,72.63004302978516,45851600
2022-05-10,85.0199966430664,73.11162567138672,34483200
2022-05-11,86.79000091552734,74.6336898803711,33020600
2022-05-12,86.30000305175781,74.9725112915039,29491500
2022-05-13,88.86000061035156,77.1965103149414,25798400
2022-05-16,90.94999694824219,79.01216888427734,26101200
2022-05-17,92.11000061035156,80.01992797851562,23120700
2022-05-18,90.6500015258789,78.7515640258789,25451200
2022-05-19,91.13999938964844,79.17723846435547,24387400
2022-05-20,91.86000061035156,79.802734375,28795000
2022-05-23,93.88999938964844,81.5662841796875,27239300
2022-05-24,94.4000015258789,82.00933074951172,24293300
2022-05-25,96.30000305175781,83.65994262695312,29947800
2022-05-26,96.63999938964844,83.95530700683594,24314800
2022-05-27,97.58999633789062,84.7806167602539,25588800
2022-05-31,96.0,83.39933776855469,44888100
2022-06-01,97.83999633789062,84.99781036376953,25815400
2022-06-02,97.66999816894531,84.85011291503906,19089100
2022-06-03,99.08999633789062,86.08373260498047,21038200
2022-06-06,98.83999633789062,85.86653900146484,20682100
2022-06-07,103.37000274658203,89.80196380615234,37810200
2022-06-08,104.58999633789062,90.86181640625,31613200
2022-06-09,102.33000183105469,88.8984603881836,26607000
2022-06-10,100.45999908447266,87.27391815185547,30950500
2022-06-13,95.8499984741211,83.26901245117188,33421000
2022-06-14,96.0999984741211,83.4862060546875,31264000
2022-06-15,94.88999938964844,82.43502044677734,29620800
2022-06-16,91.38999938964844,79.39442443847656,35696700
2022-06-17,86.12000274658203,74.81615447998047,64610200
2022-06-21,91.4800033569336,79.47259521484375,35951500
2022-06-22,87.86000061035156,76.32774353027344,29727200
2022-06-23,85.20999908447266,74.02560424804688,35757200
2022-06-24,86.9000015258789,75.49375915527344,26639000
2022-06-27,89.02999877929688,77.34416961669922,25478700
2022-06-28,91.5,79.48998260498047,33096900
2022-06-29,88.12000274658203,76.55362701416016,25400900
2022-06-30,85.63999938964844,74.39915466308594,39948100
2022-07-01,87.55000305175781,76.05845642089844,26327900
2022-07-05,84.80999755859375,73.67808532714844,34591100
2022-07-06,83.27999877929688,72.3488998413086,33375700
2022-07-07,85.94000244140625,74.65975952148438,23817400
2022-07-08,86.08000183105469,74.7813949584961,17673800
2022-07-11,85.63999938964844,74.39915466308594,15603800
2022-07-12,84.5,73.40877532958984,21013000
2022-07-13,84.83999633789062,73.7041244506836,19928600
2022-07-14,83.13999938964844,72.22730255126953,26343000
2022-07-15,84.54000091552734,73.44352722167969,17243700
2022-07-18,86.0999984741211,74.79876708984375,19395800
2022-07-19,88.2699966430664,76.6839370727539,18248900
2022-07-20,89.23999786376953,77.526611328125,16584400
2022-07-21,87.75,76.2322006225586,21375700
2022-07-22,87.08000183105469,75.65013122558594,15479500
2022-07-25,89.9800033569336,78.16949462890625,17536400
2022-07-26,89.62999725341797,77.86543273925781,15141200
2022-07-27,91.56999969482422,79.55078887939453,18047000
2022-07-28,92.63999938964844,80.48035430908203,20353100
2022-07-29,96.93000030517578,84.20726776123047,29825800
2022-08-01,94.4800033569336,82.078857421875,20793200
2022-08-02,94.06999969482422,81.72264862060547,16722500
2022-08-03,91.0199966430664,79.07298278808594,23580800
2022-08-04,87.19000244140625,75.74568939208984,31821500
2022-08-05,88.44999694824219,76.84030151367188,17408000
2022-08-08,88.94999694824219,77.2746810913086,14458500
2022-08-09,90.58999633789062,78.69943237304688,19083400
2022-08-10,91.44999694824219,79.44654083251953,18302000
2022-08-11,93.19000244140625,81.74476623535156,18797900
2022-08-12,94.0,82.45527648925781,15058200
2022-08-15,92.31999969482422,80.98161315917969,20755200
2022-08-16,91.45999908447266,80.22723388671875,14038200
2022-08-17,92.19999694824219,80.87635040283203,13678000
2022-08-18,94.37999725341797,82.78860473632812,17770400
2022-08-19,94.08000183105469,82.52545928955078,16128600
2022-08-22,94.01000213623047,82.46407318115234,16019900
2022-08-23,98.0,85.96403503417969,23764700
2022-08-24,98.58000183105469,86.4727783203125,17050300
2022-08-25,99.08999633789062,86.92015075683594,15305700
2022-08-26,97.87000274658203,85.84999084472656,15531400
2022-08-29,100.12000274658203,87.82364654541016,23059200
2022-08-30,96.30999755859375,84.4815673828125,17086800
2022-08-31,95.58999633789062,83.8499984741211,18340900
2022-09-01,93.87000274658203,82.34125518798828,16423000
2022-09-02,95.58999633789062,83.8499984741211,18206800
2022-09-06,94.94999694824219,83.28861236572266,19201500
2022-09-07,94.13999938964844,82.57807922363281,16274700
2022-09-08,94.91000366210938,83.25352478027344,18759200
2022-09-09,96.5,84.64824676513672,17158000
2022-09-12,97.61000061035156,85.6219253540039,16118900
2022-09-13,95.33000183105469,83.62194061279297,18229100
2022-09-14,97.66999816894531,85.67454528808594,22655700
2022-09-15,94.83000183105469,83.18334197998047,21092300
2022-09-16,93.20999908447266,81.76231384277344,37874700
2022-09-19,93.19999694824219,81.75353240966797,15342100
2022-09-20,92.44000244140625,81.08687591552734,14712500
2022-09-21,90.94999694824219,79.77986907958984,17332400
2022-09-22,90.56999969482422,79.44654083251953,16139400
2022-09-23,85.75,75.21853637695312,27738800
2022-09-26,83.9800033569336,73.66590118408203,22043400
2022-09-27,85.73999786376953,75.2097396850586,17307300
2022-09-28,88.86000061035156,77.94656372070312,19543300
2022-09-29,88.68000030517578,77.7886734008789,17896000
2022-09-30,87.30999755859375,76.5869140625,21357600
2022-10-03,91.91999816894531,80.6307373046875,23881300
2022-10-04,95.2699966430664,83.56929016113281,22133700
2022-10-05,99.12000274658203,86.94647216796875,34857700
2022-10-06,102.05999755859375,89.525390625,29124700
2022-10-07,101.02999877929688,88.62187957763672,24507600
2022-10-10,98.83999633789062,86.70084381103516,16786100
2022-10-11,98.0,85.96403503417969,17804100
2022-10-12,98.43000030517578,86.34121704101562,12635800
2022-10-13,101.87000274658203,89.35873413085938,22019100
2022-10-14,99.19000244140625,87.00785064697266,15222000
2022-10-17,100.62000274658203,88.26224517822266,14283200
2022-10-18,100.80000305175781,88.42013549804688,14065400
2022-10-19,103.79000091552734,91.04291534423828,20921700
2022-10-20,103.93000030517578,91.16571807861328,17649000
2022-10-21,105.86000061035156,92.85868835449219,22814100
2022-10-24,106.5999984741211,93.50779724121094,17024200
2022-10-25,105.87999725341797,92.87622833251953,15719800
2022-10-26,107.13999938964844,93.98147583007812,17383800
2022-10-27,107.55000305175781,94.34113311767578,18214000
2022-10-28,110.69999694824219,97.10425567626953,28169400
2022-10-31,110.80999755859375,97.20073699951172,26401800
2022-11-01,111.91000366210938,98.1656494140625,22213100
2022-11-02,109.61000061035156,96.14812469482422,20654200
2022-11-03,111.0999984741211,97.45513153076172,17103700
2022-11-04,112.30999755859375,98.51651763916016,17541500
2022-11-07,113.63999938964844,99.68317413330078,16008000
2022-11-08,114.0,99.99897003173828,14661000
2022-11-09,108.9000015258789,95.52532958984375,19522800
2022-11-10,110.5,96.92881774902344,20146700
2022-11-11,113.94999694824219,99.95509338378906,20518900
2022-11-14,113.37000274658203,100.24690246582031,20858300
2022-11-15,114.12999725341797,100.91893768310547,19373800
2022-11-16,112.91000366210938,99.84014129638672,13591000
2022-11-17,113.05999755859375,99.97278594970703,12425900
2022-11-18,112.08000183105469,99.10623168945312,15415000
2022-11-21,110.97000122070312,98.12471008300781,20973000
2022-11-22,114.18000030517578,100.96312713623047,17719100
2022-11-23,113.61000061035156,100.45911407470703,11546700
2022-11-25,113.20999908447266,100.10543060302734,7136000
2022-11-28,109.80999755859375,97.0989761352539,23015500
2022-11-29,110.54000091552734,97.74449157714844,14453200
2022-11-30,111.33999633789062,98.4518814086914,23158100
2022-12-01,110.80000305175781,97.97438049316406,14398300
2022-12-02,109.86000061035156,97.1431884765625,15248400
2022-12-05,106.8499984741211,94.48161315917969,19287700
2022-12-06,103.87999725341797,91.85541534423828,21197000
2022-12-07,103.6500015258789,91.65203857421875,20061700
2022-12-08,104.41999816894531,92.3328857421875,21128800
2022-12-09,103.54000091552734,91.5547866821289,21298200
2022-12-12,106.08999633789062,93.8095932006836,20413200
2022-12-13,107.25,94.83531951904297,24305300
2022-12-14,106.45999908447266,94.13677215576172,17597300
2022-12-15,105.44000244140625,93.2348403930664,15365100
2022-12-16,104.69999694824219,92.58049774169922,54596600
2022-12-19,105.16999816894531,92.99607849121094,13611100
2022-12-20,106.69000244140625,94.34014129638672,14680000
2022-12-21,108.05999755859375,95.55155181884766,13565400
2022-12-22,105.87999725341797,93.6239013671875,13213000
2022-12-23,108.68000030517578,96.09979248046875,11539400
2022-12-27,110.19000244140625,97.43498992919922,11962100
2022-12-28,108.37999725341797,95.83451080322266,10702100
2022-12-29,109.19999694824219,96.55960083007812,10534000
2022-12-30,110.30000305175781,97.53227233886719,11799600
2023-01-03,106.51000213623047,94.18098449707031,15146200
2023-01-04,106.81999969482422,94.45510864257812,18058400
2023-01-05,109.20999908447266,96.56843566894531,15946600
2023-01-06,110.52999877929688,97.73564147949219,16348100
2023-01-09,108.47000122070312,95.91410064697266,17964600
2023-01-10,110.08999633789062,97.3465576171875,15104600
2023-01-11,111.37000274658203,98.47840881347656,16710400
2023-01-12,113.22000122070312,100.11425018310547,15357300
2023-01-13,113.1500015258789,100.0523681640625,12011400
2023-01-17,112.93000030517578,99.85784912109375,16542200
2023-01-18,110.61000061035156,97.806396484375,16399700
2023-01-19,111.31999969482422,98.43419647216797,12928000
2023-01-20,113.3499984741211,100.22921752929688,16515600
2023-01-23,112.76000213623047,99.70751190185547,16584400
2023-01-24,113.80999755859375,100.63594818115234,13583000
2023-01-25,113.20999908447266,100.10543060302734,11914700
2023-01-26,117.76000213623047,104.12874603271484,21019700
2023-01-27,115.61000061035156,102.22760009765625,15179200
2023-01-30,113.55999755859375,100.41490936279297,18672100
2023-01-31,116.01000213623047,102.5813217163086,27861800
2023-02-01,114.73999786376953,101.45830535888672,19464900
2023-02-02,111.1500015258789,98.28388214111328,24562100
2023-02-03,111.91999816894531,98.96475219726562,20226600
2023-02-06,111.7300033569336,98.7967300415039,13855200
2023-02-07,114.91999816894531,101.61748504638672,16013300
2023-02-08,113.91999816894531,100.73323059082031,18459700
2023-02-09,114.3499984741211,101.11345672607422,17439300
2023-02-10,119.16999816894531,105.37552642822266,24918600
2023-02-13,117.80000305175781,104.96565246582031,14536200
2023-02-14,116.41999816894531,103.73599243164062,12079000
2023-02-15,116.06999969482422,103.42412567138672,13663400
2023-02-16,115.7300033569336,103.1211929321289,11360600
2023-02-17,111.27999877929688,99.156005859375,20758300
2023-02-21,111.16999816894531,99.0579605102539,14469400
2023-02-22,109.7300033569336,97.77486419677734,13973800
2023-02-23,110.73999786376953,98.67483520507812,11289400
2023-02-24,110.75,98.68374633789062,14351000
2023-02-27,110.55000305175781,98.50553131103516,11710500
2023-02-28,109.91000366210938,97.93526458740234,18107000
2023-03-01,110.88999938964844,98.80847930908203,13200000
2023-03-02,111.4000015258789,99.2629165649414,10339900
2023-03-03,112.80999755859375,100.51930236816406,13006700
2023-03-06,113.80999755859375,101.41035461425781,14347400
2023-03-07,111.61000061035156,99.4500503540039,11525300
2023-03-08,109.9800033569336,97.99763488769531,13509800
2023-03-09,109.12999725341797,97.24024963378906,12961200
2023-03-10,107.77999877929688,96.03731536865234,15795700
2023-03-13,106.54000091552734,94.93241882324219,20745600
2023-03-14,106.94000244140625,95.28883361816406,18263500
2023-03-15,101.62000274658203,90.5484619140625,25733800
2023-03-16,101.02999877929688,90.02273559570312,27465200
2023-03-17,99.83999633789062,88.96238708496094,43199500
2023-03-20,102.44999694824219,91.28803253173828,32042100
2023-03-21,107.04000091552734,95.37793731689453,31592300
2023-03-22,104.58999633789062,93.19486999511719,14952700
2023-03-23,103.41000366210938,92.14344024658203,14385900
2023-03-24,103.52999877929688,92.2503662109375,13401600
2023-03-27,105.80000305175781,94.2730484008789,14805900
2023-03-28,107.12000274658203,95.44922637939453,11047600
2023-03-29,108.95999908447266,97.0887680053711,14219100
2023-03-30,109.48999786376953,97.56100463867188,11578200
2023-03-31,109.66000366210938,97.7125015258789,14418000
2023-04-03,116.12999725341797,103.47756958007812,28087700
2023-04-04,115.0199966430664,102.48851776123047,16365500
2023-04-05,116.98999786376953,104.243896484375,16479500
2023-04-06,115.05000305175781,102.5152587890625,15778000
2023-04-10,114.54000091552734,102.0608139038086,13006600
2023-04-11,115.3499984741211,102.7825698852539,11758500
2023-04-12,115.2300033569336,102.67564392089844,10919000
2023-04-13,115.7699966430664,103.15679931640625,12399700
2023-04-14,116.05000305175781,103.40629577636719,11530800
2023-04-17,114.69999694824219,102.20338439941406,13260400
2023-04-18,116.94000244140625,104.19934844970703,17436100
2023-04-19,116.56999969482422,103.86964416503906,10682600
2023-04-20,115.63999938964844,103.04097747802734,17038700
2023-04-21,116.01000213623047,103.37065887451172,14315300
2023-04-24,118.19999694824219,105.32205200195312,15831300
2023-04-25,116.5199966430664,103.82508850097656,12179800
2023-04-26,115.44999694824219,102.87166595458984,15566100
2023-04-27,116.83000183105469,104.101318359375,16279200
2023-04-28,118.33999633789062,105.44680786132812,24381900
2023-05-01,114.66999816894531,102.17665100097656,17355000
2023-05-02,110.0999984741211,98.10454559326172,24324100
2023-05-03,107.93000030517578,96.17098999023438,16212300
2023-05-04,106.04000091552734,94.48690032958984,17177200
2023-05-05,108.68000030517578,96.83926391601562,14968200
2023-05-08,109.11000061035156,97.22241973876953,11187800
2023-05-09,109.13999938964844,97.2491455078125,11370800
2023-05-10,107.73999786376953,96.00167083740234,14884800
2023-05-11,105.79000091552734,94.26414489746094,17165900
2023-05-12,105.77999877929688,94.2552261352539,12613300
2023-05-15,105.06999969482422,94.43497467041016,13715600
2023-05-16,102.5199966430664,92.14308166503906,14795200
2023-05-17,104.81999969482422,94.21028900146484,14064700
2023-05-18,105.7699966430664,95.06411743164062,12005600
2023-05-19,106.26000213623047,95.50453186035156,13359600
2023-05-22,104.97000122070312,94.34510040283203,12882000
2023-05-23,106.4000015258789,95.63035583496094,14394400
2023-05-24,107.58999633789062,96.69989776611328,16340300
2023-05-25,105.66000366210938,94.96527099609375,14316500
2023-05-26,104.97000122070312,94.34510040283203,12370300
2023-05-30,104.04000091552734,93.50923919677734,11938000
2023-05-31,102.18000030517578,91.8375015258789,24926100
2023-06-01,103.36000061035156,92.89806365966797,13551900
2023-06-02,105.76000213623047,95.05513763427734,14112000
2023-06-05,105.29000091552734,94.63270568847656,10628000
2023-06-06,106.1500015258789,95.4056625366211,12209800
2023-06-07,108.52999877929688,97.54475402832031,16027100
2023-06-08,108.19000244140625,97.23918151855469,13517100
2023-06-09,107.38999938964844,96.5201416015625,12251600
2023-06-12,106.41999816894531,95.64833068847656,14112000
2023-06-13,106.44000244140625,95.66631317138672,13533800
2023-06-14,105.16000366210938,94.515869140625,16627700
2023-06-15,105.88999938964844,95.17198181152344,16224100
2023-06-16,105.12999725341797,94.48890686035156,43128900
2023-06-20,102.72000122070312,92.32283782958984,17514100
2023-06-21,103.87000274658203,93.35643768310547,13285700
2023-06-22,103.30000305175781,92.8441390991211,12455300
2023-06-23,102.4000015258789,92.03523254394531,17933600
2023-06-26,104.29000091552734,93.73393249511719,14283400
2023-06-27,104.55000305175781,93.96762084960938,13227500
2023-06-28,105.4000015258789,94.7315673828125,13084100
2023-06-29,106.69999694824219,95.89999389648438,11364400
2023-06-30,107.25,96.39433288574219,13544700
2023-07-03,107.45999908447266,96.58306884765625,7397000
2023-07-05,106.91000366210938,96.08873748779297,12491200
2023-07-06,102.91999816894531,92.5025863647461,17961400
2023-07-07,103.16000366210938,92.71833038330078,21929200
2023-07-10,104.69000244140625,94.09343719482422,14877600
2023-07-11,105.97000122070312,95.2438735961914,12576500
2023-07-12,106.48999786376953,95.71125030517578,13238200
2023-07-13,104.54000091552734,93.95863342285156,26826800
2023-07-14,100.94000244140625,90.72300720214844,28181900
2023-07-17,101.37999725341797,91.11847686767578,18051300
2023-07-18,100.91999816894531,90.70503234863281,24617800
2023-07-19,101.62000274658203,91.33418273925781,15556500
2023-07-20,103.41000366210938,92.94300842285156,15740200
2023-07-21,103.88999938964844,93.3744125366211,17121500
2023-07-24,105.5199966430664,94.83942413330078,15090900
2023-07-25,105.68000030517578,94.98324584960938,14116100
2023-07-26,105.08999633789062,94.45295715332031,15159600
2023-07-27,105.41999816894531,94.74954986572266,17677900
2023-07-28,104.16000366210938,93.61709594726562,17566400
2023-07-31,107.23999786376953,96.38533782958984,24197000
2023-08-01,106.62000274658203,95.8281021118164,14177400
2023-08-02,105.29000091552734,94.63270568847656,13484100
2023-08-03,107.12000274658203,96.27748107910156,16280400
2023-08-04,107.41999816894531,96.547119140625,14279600
2023-08-07,107.19999694824219,96.34938049316406,12410800
2023-08-08,107.7300033569336,96.82575225830078,14065600
2023-08-09,109.55999755859375,98.47049713134766,19919600
2023-08-10,110.12000274658203,98.97383117675781,15837200
2023-08-11,111.83000183105469,100.51074981689453,14047000
2023-08-14,111.91999816894531,100.59162902832031,12973400
2023-08-15,108.16000366210938,98.00911712646484,14909600
2023-08-16,106.33999633789062,96.35990905761719,13695100
2023-08-17,108.4000015258789,98.22659301757812,16709500
2023-08-18,110.04000091552734,99.71266174316406,16224000
2023-08-21,108.70999908447266,98.50748443603516,11092400
2023-08-22,108.0999984741211,97.95472717285156,10518800
2023-08-23,107.1500015258789,97.0938949584961,11435600
2023-08-24,106.3499984741211,96.36896514892578,10818500
2023-08-25,108.25,98.09065246582031,13579300
2023-08-28,109.16000366210938,98.91525268554688,10382100
2023-08-29,109.80999755859375,99.5042495727539,9665000
2023-08-30,110.87999725341797,100.47383117675781,11922100
2023-08-31,111.19000244140625,100.75473022460938,17479800
2023-09-01,113.5199966430664,102.8660659790039,14843500
2023-09-05,113.52999877929688,102.87513732910156,18304000
2023-09-06,114.51000213623047,103.7631607055664,13325500
2023-09-07,113.94999694824219,103.25569915771484,13248500
2023-09-08,115.61000061035156,104.75991821289062,14283200
2023-09-11,114.16000366210938,103.44600677490234,14383600
2023-09-12,117.48999786376953,106.46347045898438,20145800
2023-09-13,116.44000244140625,105.51201629638672,13472800
2023-09-14,118.5199966430664,107.39680480957031,15210700
2023-09-15,116.69999694824219,105.74761962890625,34568400
2023-09-18,117.63999938964844,106.59939575195312,14045300
2023-09-19,117.33000183105469,106.31848907470703,12562900
2023-09-20,116.4000015258789,105.47576904296875,11879900
2023-09-21,114.76000213623047,103.98968505859375,14400600
2023-09-22,114.94000244140625,104.1528091430664,13197300
2023-09-25,116.2300033569336,105.32173156738281,11316000
2023-09-26,116.41000366210938,105.4848403930664,11805400
2023-09-27,120.19999694824219,108.91913604736328,23976200
2023-09-28,119.47000122070312,108.25765228271484,16808100
2023-09-29,117.58000183105469,106.54503631591797,18813600
2023-10-02,115.62999725341797,104.77803802490234,14395000
2023-10-03,115.83000183105469,104.95927429199219,13297100
2023-10-04,111.5,101.03564453125,19622200
2023-10-05,108.98999786376953,98.76119232177734,20128800
2023-10-06,107.16999816894531,97.11202239990234,25367500
2023-10-09,110.91999816894531,100.51007843017578,22369900
2023-10-10,110.44999694824219,100.08419036865234,13892000
2023-10-11,106.48999786376953,96.49584197998047,57939000
2023-10-12,106.47000122070312,96.47770690917969,31183000
2023-10-13,109.87000274658203,99.5586166381836,30276500
2023-10-16,109.94999694824219,99.63109588623047,18452000
2023-10-17,111.38999938964844,100.93596649169922,19775400
2023-10-18,112.94999694824219,102.34954833984375,23380300
2023-10-19,113.0199966430664,102.41299438476562,20972500
2023-10-20,111.08000183105469,100.65505981445312,22445300
2023-10-23,109.44999694824219,99.17803955078125,18185000
2023-10-24,108.38999938964844,98.21751403808594,16786100
2023-10-25,108.58999633789062,98.39874267578125,22047300
2023-10-26,107.5999984741211,97.50165557861328,18768300
2023-10-27,105.55000305175781,95.64405822753906,23092000
2023-10-30,105.87999725341797,95.94308471679688,19379900
2023-10-31,105.8499984741211,95.9158935546875,22185200
2023-11-01,105.63999938964844,95.7256088256836,28984900
2023-11-02,109.11000061035156,98.86994934082031,25212700
2023-11-03,107.77999877929688,97.6647720336914,30555600
2023-11-06,105.87000274658203,95.93402099609375,19097300
2023-11-07,104.20999908447266,94.42980194091797,20272500
2023-11-08,102.93000030517578,93.26994323730469,19184100
2023-11-09,102.95999908447266,93.29713439941406,18380500
2023-11-10,103.75,94.01297760009766,17825500
2023-11-13,104.83999633789062,95.00069427490234,15308400
2023-11-14,104.29000091552734,95.36647033691406,18260500
2023-11-15,103.66000366210938,94.7903823852539,20137600
2023-11-16,102.45999908447266,93.69303894042969,22469100
2023-11-17,104.95999908447266,95.97913360595703,22984900
2023-11-20,104.5,95.55850219726562,17458800
2023-11-21,104.45999908447266,95.52191162109375,14989000
2023-11-22,104.01000213623047,95.11043548583984,18072000
2023-11-24,104.56999969482422,95.62252044677734,9480800
2023-11-27,103.95999908447266,95.064697265625,18013500
2023-11-28,103.9000015258789,95.00984191894531,20629500
2023-11-29,102.33999633789062,93.58332061767578,26802100
2023-11-30,102.73999786376953,93.94908142089844,29254700
2023-12-01,102.98999786376953,94.17769622802734,17845300
2023-12-04,102.43000030517578,93.66561889648438,21523900
2023-12-05,100.44000244140625,91.84588623046875,22250300
2023-12-06,99.11000061035156,90.62967681884766,31154800
2023-12-07,98.41999816894531,89.99871826171875,29990700
2023-12-08,99.55000305175781,91.03205108642578,22074900
2023-12-11,99.62000274658203,91.0960464477539,22252300
2023-12-12,98.05000305175781,89.6603775024414,26084000
2023-12-13,98.91999816894531,90.45594024658203,19915400
2023-12-14,101.58000183105469,92.88835144042969,26165700
2023-12-15,100.9000015258789,92.26652526855469,55527000
2023-12-18,101.6500015258789,92.95236206054688,21610400
2023-12-19,102.98999786376953,94.17769622802734,18904700
2023-12-20,101.2699966430664,92.60486602783203,20988900
2023-12-21,101.7300033569336,93.02552032470703,19250900
2023-12-22,101.91000366210938,93.19010925292969,12927800
2023-12-26,102.13999938964844,93.40043640136719,16835100
2023-12-27,101.66000366210938,92.96149444580078,14558800
2023-12-28,100.19000244140625,91.6172866821289,16329300
2023-12-29,99.9800033569336,91.42524719238281,17746400
2024-01-02,102.36000061035156,93.60160827636719,23483000
2024-01-03,103.22000122070312,94.38800811767578,23490800
2024-01-04,102.31999969482422,93.56503295898438,19395200
2024-01-05,102.62999725341797,93.8485107421875,15827400
2024-01-08,100.91999816894531,92.28482055664062,23370100
2024-01-09,99.66999816894531,91.14177703857422,19496600
2024-01-10,98.69000244140625,90.2456283569336,18206100
2024-01-11,98.66999816894531,90.22734069824219,15833400
2024-01-12,99.94999694824219,91.39781188964844,18041700
2024-01-16,97.69000244140625,89.33119201660156,20235700
2024-01-17,96.9800033569336,88.68193817138672,18384000
2024-01-18,96.80000305175781,88.5173568725586,20940300
2024-01-19,96.94999694824219,88.65450286865234,20088400
2024-01-22,96.81999969482422,88.53563690185547,19955900
2024-01-23,97.91000366210938,89.53237915039062,15863400
2024-01-24,99.5999984741211,91.07774353027344,17330600
2024-01-25,102.12999725341797,93.39128112792969,22089500
2024-01-26,103.0,94.18683624267578,20817200
2024-01-29,103.12999725341797,94.30572509765625,18317500
2024-01-30,104.8499984741211,95.87854766845703,19610900
2024-01-31,102.80999755859375,94.01309204101562,22415300
2024-02-01,102.38999938964844,93.62904357910156,19240700
2024-02-02,101.97000122070312,93.2449722290039,21973400
2024-02-05,101.55000305175781,92.86090850830078,17190900
2024-02-06,102.25,93.50102233886719,13347900
2024-02-07,102.22000122070312,93.47359466552734,13826800
2024-02-08,103.97000122070312,95.0738525390625,19636900
2024-02-09,101.7699966430664,93.06208801269531,20410500
2024-02-12,103.16999816894531,94.34230041503906,18173100
2024-02-13,101.33999633789062,93.53010559082031,18917400
2024-02-14,100.83999633789062,93.06864166259766,17651300
2024-02-15,103.7300033569336,95.73591613769531,23196300
2024-02-16,103.7300033569336,95.73591613769531,20151400
2024-02-20,102.75,94.8314437866211,17650000
2024-02-21,104.8499984741211,96.76961517333984,20991300
2024-02-22,104.76000213623047,96.68653869628906,20470700
2024-02-23,103.83999633789062,95.83744812011719,15975900
2024-02-26,104.25,96.21585083007812,13360800
2024-02-27,104.02999877929688,96.01280212402344,16360000
2024-02-28,104.31999969482422,96.28045654296875,14810500
2024-02-29,104.5199966430664,96.46503448486328,17566100
2024-03-01,105.83999633789062,97.68331146240234,18460100
2024-03-04,104.36000061035156,96.31736755371094,18138000
2024-03-05,105.63999938964844,97.49872589111328,19952700
2024-03-06,106.7699966430664,98.54164123535156,20472800
2024-03-07,107.37000274658203,99.09540557861328,15195400
2024-03-08,108.37999725341797,100.0275650024414,16281500
2024-03-11,109.0199966430664,100.61824035644531,17577300
2024-03-12,108.31999969482422,99.97217559814453,14957200
2024-03-13,109.52999877929688,101.08893585205078,17122200
2024-03-14,111.47000122070312,102.87943267822266,22121000
2024-03-15,111.2699966430664,102.69483947753906,38264400
2024-03-18,112.30000305175781,103.64546203613281,16770500
2024-03-19,113.08999633789062,104.37457275390625,14878800
2024-03-20,112.98999786376953,104.28229522705078,16119700
2024-03-21,113.48999786376953,104.74376678466797,14878000
2024-03-22,113.48999786376953,104.74376678466797,14701900
2024-03-25,114.6500015258789,105.81436920166016,14011700
2024-03-26,113.79000091552734,105.02063751220703,13152300
2024-03-27,114.97000122070312,106.10970306396484,12415700
2024-03-28,116.23999786376953,107.28182220458984,18482100
2024-04-01,116.98999786376953,107.9740219116211,13817000
2024-04-02,119.27999877929688,110.08753967285156,19919600
2024-04-03,119.30000305175781,110.10600280761719,16504300
2024-04-04,119.72000122070312,110.49364471435547,18467400
2024-04-05,121.37000274658203,112.01648712158203,21720600
2024-04-08,120.55000305175781,111.25967407226562,17513900
2024-04-09,121.18000030517578,111.84111785888672,14132300
2024-04-10,122.19999694824219,112.78250885009766,17409200
2024-04-11,121.79000091552734,112.40411376953125,17555900
2024-04-12,120.37000274658203,111.09353637695312,21556200
2024-04-15,119.68000030517578,110.45671844482422,15029500
2024-04-16,118.69000244140625,109.54302978515625,18082200
2024-04-17,118.62999725341797,109.4876480102539,14538600
2024-04-18,118.5199966430664,109.38611602783203,13821400
2024-04-19,119.87999725341797,110.64130401611328,21572400
2024-04-22,120.55999755859375,111.26890563964844,16340700
2024-04-23,121.02999877929688,111.70267486572266,13929800
2024-04-24,121.05000305175781,111.72114562988281,12101200
2024-04-25,121.33000183105469,111.97955322265625,16041000
2024-04-26,117.95999908447266,108.86927032470703,27289500
2024-04-29,119.63999938964844,110.41979217529297,17309900
2024-04-30,118.2699966430664,109.15538024902344,21083300
2024-05-01,116.02999877929688,107.08800506591797,27777700
2024-05-02,116.23999786376953,107.28182220458984,25513600
2024-05-03,116.0,107.06031799316406,28023300
2024-05-06,116.75,107.75252532958984,31401300
2024-05-07,116.16999816894531,107.21722412109375,30122000
2024-05-08,116.1500015258789,107.19876098632812,18957200
2024-05-09,118.44000244140625,109.31228637695312,17564000
2024-05-10,117.95999908447266,108.86927032470703,13648100
2024-05-13,117.91000366210938,108.82312774658203,15060600
2024-05-14,117.66999816894531,109.48372650146484,15079100
2024-05-15,118.58000183105469,110.33042907714844,18244300
2024-05-16,117.87000274658203,109.6698226928711,15745200
2024-05-17,119.63999938964844,111.3166732788086,15104500
2024-05-20,118.66999816894531,110.4141616821289,11551300
2024-05-21,117.8499984741211,109.65121459960938,14495000
2024-05-22,115.4800033569336,107.44610595703125,17879300
2024-05-23,113.51000213623047,105.61314392089844,15979800
2024-05-24,113.41999816894531,105.52938842773438,12212900
2024-05-28,114.86000061035156,106.86921691894531,13978300
2024-05-29,113.62999725341797,105.72479248046875,13902000
2024-05-30,113.98999786376953,106.05975341796875,14683700
2024-05-31,117.26000213623047,109.10225677490234,29037400
2024-06-03,114.44999694824219,106.48774719238281,19589300
2024-06-04,112.66999816894531,104.83158111572266,19412200
2024-06-05,113.12000274658203,105.25028228759766,14863500
2024-06-06,113.97000122070312,106.04114532470703,13154100
2024-06-07,112.75,104.90602111816406,13289200
2024-06-10,113.08000183105469,105.21305084228516,15239700
2024-06-11,112.16999816894531,104.36636352539062,12462400
2024-06-12,110.93000030517578,103.2126235961914,13606800
2024-06-13,110.04000091552734,102.38455200195312,14466900
2024-06-14,109.11000061035156,101.51924896240234,13313400
2024-06-17,108.36000061035156,100.8214340209961,21147900
2024-06-18,109.37999725341797,101.77047729492188,17762900
2024-06-20,111.73999786376953,103.96627807617188,17433200
2024-06-21,110.76000213623047,103.05445861816406,52212500
2024-06-24,114.05000305175781,106.1155776977539,16266700
2024-06-25,114.37000274658203,106.41331481933594,14188900
2024-06-26,114.41000366210938,106.4505386352539,15771800
2024-06-27,114.9000015258789,106.90644836425781,16812700
2024-06-28,115.12000274658203,107.11113739013672,24565900
2024-07-01,114.95999908447266,106.96226501464844,11972900
2024-07-02,114.18000030517578,106.23652648925781,13326700
2024-07-03,114.76000213623047,106.77618408203125,7732900
2024-07-05,113.37000274658203,105.4828872680664,12631000
2024-07-08,112.18000030517578,104.37566375732422,13350500
2024-07-09,110.94000244140625,103.22193908691406,11727000
2024-07-10,111.91999816894531,104.13375854492188,10004100
2024-07-11,113.25,105.37122344970703,13082700
2024-07-12,113.2699966430664,105.38984680175781,11684900
2024-07-15,115.20999908447266,107.19487762451172,13032500
2024-07-16,116.04000091552734,107.9671401977539,13614100
2024-07-17,117.63999938964844,109.45582580566406,13602800
2024-07-18,118.80000305175781,110.53512573242188,13033600
2024-07-19,116.06999969482422,107.99504089355469,16157700
2024-07-22,115.2699966430664,107.25070190429688,12065900
2024-07-23,113.41000366210938,105.52010345458984,11251700
2024-07-24,115.01000213623047,107.00878143310547,14925200
2024-07-25,117.43000030517578,109.26042938232422,17021700
2024-07-26,117.33000183105469,109.16738891601562,11252500
2024-07-29,116.0999984741211,108.02294921875,8861800
2024-07-30,118.16999816894531,109.94893646240234,12483900
2024-07-31,118.58999633789062,110.33973693847656,15137700
2024-08-01,116.94999694824219,108.8138198852539,15051500
2024-08-02,116.87999725341797,108.74868774414062,20403800
2024-08-05,114.7699966430664,106.78549194335938,18025900
2024-08-06,114.16000366210938,106.21793365478516,13647800
2024-08-07,115.68000030517578,107.63218688964844,13660700
2024-08-08,117.88999938964844,109.68843078613281,13851000
2024-08-09,118.8499984741211,110.58163452148438,12151900
2024-08-12,119.0,110.72120666503906,13228900
2024-08-13,117.86000061035156,109.66051483154297,11585100
2024-08-14,118.94999694824219,110.67466735839844,12194500
2024-08-15,118.7300033569336,111.35936737060547,11579400
2024-08-16,118.16999816894531,110.83412170410156,10056000
2024-08-19,118.52999877929688,111.17179107666016,12417500
2024-08-20,114.58000183105469,107.46699523925781,15632000
2024-08-21,113.8499984741211,106.78229522705078,11752400
2024-08-22,114.7300033569336,107.60769653320312,10609500
2024-08-23,116.31999969482422,109.09898376464844,10381400
2024-08-26,118.80999755859375,111.43438720703125,13671000
2024-08-27,117.68000030517578,110.37454986572266,9991600
2024-08-28,116.5199966430664,109.28656005859375,10742900
2024-08-29,118.12999725341797,110.79661560058594,10753900
2024-08-30,117.94000244140625,110.61842346191406,13284700
2024-09-03,115.47000122070312,108.3017349243164,15725100
2024-09-04,114.05999755859375,106.97927856445312,12620600
2024-09-05,113.16999816894531,106.14452362060547,17200800
2024-09-06,112.63999938964844,105.64742279052734,13467700
2024-09-09,115.01000213623047,107.87029266357422,21645300
2024-09-10,110.81999969482422,103.94041442871094,20913400
2024-09-11,109.72000122070312,102.90869903564453,19571900
2024-09-12,111.2300033569336,104.32495880126953,15919500
2024-09-13,111.1500015258789,104.24992370605469,10035400
2024-09-16,112.70999908447266,105.71307373046875,11729000
2024-09-17,114.18000030517578,107.09182739257812,12202600
2024-09-18,114.58000183105469,107.46699523925781,12569900
2024-09-19,116.0,108.79883575439453,12660600
2024-09-20,115.2699966430664,108.1141586303711,36206200
2024-09-23,117.36000061035156,110.07441711425781,16066300
2024-09-24,117.05000305175781,109.78366088867188,11984900
2024-09-25,114.7699966430664,107.64519500732422,13816000
2024-09-26,112.80000305175781,105.79749298095703,16887900
2024-09-27,115.81999969482422,108.63002014160156,15964000
2024-09-30,117.22000122070312,109.94310760498047,13247600
2024-10-01,119.93000030517578,112.48487854003906,23235900
2024-10-02,121.5199966430664,113.9761734008789,17129700
2024-10-03,122.58000183105469,114.97036743164062,16524300
2024-10-04,124.83000183105469,117.0806884765625,19752300
2024-10-07,125.37000274658203,117.58716583251953,15714400
2024-10-08,122.04000091552734,114.46387481689453,14818500
2024-10-09,122.08999633789062,114.51077270507812,11144900
2024-10-10,123.13999938964844,115.49560546875,10243300
2024-10-11,123.61000061035156,115.93641662597656,8294800
2024-10-14,124.08000183105469,116.37725067138672,9808100
2024-10-15,120.3499984741211,112.87879180908203,15771300
2024-10-16,120.66000366210938,113.1695556640625,8426800
2024-10-17,120.3499984741211,112.87879180908203,11204900
2024-10-18,120.01000213623047,112.55992126464844,12898600
2024-10-21,120.08000183105469,112.62555694580078,10177800
2024-10-22,120.69999694824219,113.20707702636719,9201400
2024-10-23,120.2699966430664,112.80376434326172,8320300
2024-10-24,119.58999633789062,112.16596984863281,9905600
2024-10-25,119.48999786376953,112.07217407226562,10714600
2024-10-28,118.9000015258789,111.5188217163086,11844500
2024-10-29,117.27999877929688,109.99938201904297,14731000
2024-10-30,116.69000244140625,109.44600677490234,12303700
2024-10-31,116.77999877929688,109.5304183959961,20512000
2024-11-01,114.94999694824219,107.81402587890625,20939300
2024-11-04,118.61000061035156,111.24681091308594,14965400
2024-11-05,118.95999908447266,111.57508850097656,10436700
2024-11-06,121.0,113.48844146728516,20807700
2024-11-07,121.1500015258789,113.62913513183594,12184400
2024-11-08,121.11000061035156,113.59162139892578,12836000
2024-11-11,120.47000122070312,112.99134826660156,11969700
2024-11-12,120.3499984741211,112.87879180908203,11972800
2024-11-13,121.47000122070312,113.92926025390625,15127900
2024-11-14,120.55999755859375,114.00492095947266,13041800
2024-11-15,119.30999755859375,112.82289123535156,19051700
2024-11-18,120.30999755859375,113.76850128173828,14239700
2024-11-19,118.62999725341797,112.17985534667969,11584400
2024-11-20,120.31999969482422,113.77796936035156,11360900
2024-11-21,121.93000030517578,115.30043029785156,14675400
2024-11-22,121.79000091552734,115.16803741455078,13323400
2024-11-25,119.97000122070312,113.44700622558594,26580300
2024-11-26,117.97000122070312,111.55574798583984,14827300
2024-11-27,117.66000366210938,111.26261138916016,11079100
2024-11-29,117.95999908447266,111.5462875366211,9426500
2024-12-02,117.8499984741211,111.44227600097656,12687300
2024-12-03,117.66999816894531,111.27204895019531,11756600
2024-12-04,114.27999877929688,108.06637573242188,19520600
2024-12-05,114.77999877929688,108.53919219970703,15751200
2024-12-06,113.56999969482422,107.39497375488281,16171100
2024-12-09,112.9000015258789,106.76141357421875,17412600
2024-12-10,112.66999816894531,106.54389953613281,20990900
2024-12-11,111.91999816894531,105.8346939086914,32392200
2024-12-12,111.81999969482422,105.7401351928711,14543300
2024-12-13,110.83999633789062,104.81341552734375,13106100
2024-12-16,108.47000122070312,102.57227325439453,20256100
2024-12-17,108.01000213623047,102.13729858398438,17554000
2024-12-18,106.41999816894531,100.63373565673828,17114500
2024-12-19,105.51000213623047,99.77322387695312,20565600
2024-12-20,105.87000274658203,100.1136474609375,40141200
2024-12-23,106.30000305175781,100.520263671875,12285100
2024-12-24,106.4000015258789,100.61483001708984,7807000
2024-12-26,106.48999786376953,100.69993591308594,9652400
2024-12-27,106.4800033569336,100.69048309326172,11943900
2024-12-30,105.76000213623047,100.0096206665039,11080800
2024-12-31,107.56999969482422,101.72119903564453,12387800
2025-01-02,107.30999755859375,101.47534942626953,12685400
2025-01-03,107.86000061035156,101.99545288085938,14237900
2025-01-06,107.73999786376953,101.88196563720703,15623700
2025-01-07,108.75,102.83705139160156,12625900
2025-01-08,106.93000030517578,101.11600494384766,17858100
2025-01-10,106.54000091552734,100.7472152709961,19304500
2025-01-13,109.29000091552734,103.34769439697266,17073400
2025-01-14,109.72000122070312,103.75431060791016,11191200
2025-01-15,111.51000213623047,105.44699096679688,14521100
2025-01-16,111.31999969482422,105.26731872558594,10366600
2025-01-17,112.31999969482422,106.21294403076172,19298500
2025-01-21,111.47000122070312,105.4091567993164,20416300
2025-01-22,109.52999877929688,103.57463836669922,15718000
2025-01-23,110.1500015258789,104.16093444824219,13726800
2025-01-24,108.66000366210938,102.75194549560547,14235900
2025-01-27,110.16999816894531,104.17984771728516,15926700
2025-01-28,108.04000091552734,102.1656494140625,15862000
2025-01-29,108.66999816894531,102.76139831542969,12345500
2025-01-30,109.56999969482422,103.61247253417969,14346300
2025-01-31,106.83000183105469,101.02144622802734,20376500
2025-02-03,107.08999633789062,101.2673110961914,14623200
2025-02-04,109.95999908447266,103.98126220703125,14835700
2025-02-05,109.87999725341797,103.9056167602539,13364400
2025-02-06,108.43000030517578,102.53445434570312,13411400
2025-02-07,108.88999938964844,102.96944427490234,10051600
2025-02-10,110.97000122070312,104.93635559082031,12142200
2025-02-11,111.66999816894531,105.59827423095703,12713100
2025-02-12,107.3499984741211,102.42117309570312,18244100
2025-02-13,108.12999725341797,103.16536712646484,15460000
2025-02-14,108.23999786376953,103.27032470703125,15733500
2025-02-18,110.13999938964844,105.08309173583984,20060300
2025-02-19,110.30000305175781,105.23573303222656,10964700
2025-02-20,112.0,106.85768127441406,16325800
2025-02-21,110.69000244140625,105.60784149169922,14710000
2025-02-24,111.2699966430664,106.16119384765625,13153500
2025-02-25,109.7300033569336,104.69190216064453,14497000
2025-02-26,109.45999908447266,104.43429565429688,10446400
2025-02-27,110.1500015258789,105.09262084960938,15293200
2025-02-28,111.33000183105469,106.21843719482422,18821700
2025-03-03,107.76000213623047,102.81234741210938,18706900
2025-03-04,107.54000091552734,102.60245513916016,19394900
2025-03-05,105.44000244140625,100.59888458251953,24822200
2025-03-06,107.62000274658203,102.67879486083984,17150200
2025-03-07,109.0199966430664,104.01449584960938,19625000
2025-03-10,111.80000305175781,106.66685485839844,22749100
2025-03-11,109.16000366210938,104.1480712890625,19904700
2025-03-12,109.12999725341797,104.11945343017578,14051500
2025-03-13,108.66999816894531,103.6805648803711,17767800
2025-03-14,111.9000015258789,106.76228332519531,15890100
2025-03-17,113.76000213623047,108.53687286376953,19908800
2025-03-18,113.63999938964844,108.4223861694336,15998700
2025-03-19,115.41000366210938,110.11112213134766,17315000
2025-03-20,115.9000015258789,110.57862091064453,16230800
2025-03-21,115.5,110.19697570800781,41102800
2025-03-24,115.80000305175781,110.48320770263672,14207500
2025-03-25,116.58999633789062,111.2369384765625,12081800
2025-03-26,118.2699966430664,112.83979797363281,14110800
2025-03-27,117.88999938964844,112.47724914550781,12740800
2025-03-28,117.7300033569336,112.3246078491211,10233400
2025-03-31,118.93000030517578,113.46949768066406,21652300
2025-04-01,119.04000091552734,113.57444763183594,12425400
2025-04-02,118.66999816894531,113.221435546875,12614600
2025-04-03,112.43000030517578,107.26793670654297,21204600
2025-04-04,104.33999633789062,99.54938507080078,30841300
2025-04-07,102.94000244140625,98.21366119384766,35068500
2025-04-08,100.7699966430664,96.1432876586914,27147800
2025-04-09,105.80000305175781,100.94233703613281,30063300
2025-04-10,99.93000030517578,95.34185028076172,33999300
2025-04-11,103.13999938964844,98.40447998046875,22884600
2025-04-14,103.38999938964844,98.64299774169922,18020000
2025-04-15,103.0999984741211,98.3663101196289,13164900
2025-04-16,104.19000244140625,99.4062728881836,13607000
2025-04-17,106.91999816894531,102.01092529296875,17916500
2025-04-21,105.3499984741211,100.51300811767578,16926500
2025-04-22,108.30000305175781,103.32756805419922,13147000
2025-04-23,107.37000274658203,102.44026184082031,14235700
2025-04-24,108.62999725341797,103.64240264892578,9849600
2025-04-25,108.56999969482422,103.58516693115234,11245800
2025-04-28,108.62999725341797,103.64240264892578,13890900
2025-04-29,108.36000061035156,103.38481140136719,9483100
2025-04-30,105.62999725341797,100.78014373779297,20379300
2025-05-01,105.77999877929688,100.92326354980469,18610300
2025-05-02,106.20999908447266,101.33352661132812,16581900
2025-05-05,103.2699966430664,98.52851104736328,19624000
2025-05-06,104.70999908447266,99.90239715576172,16303400
2025-05-07,104.61000061035156,99.80699157714844,12332200
2025-05-08,106.06999969482422,101.19994354248047,19196500
2025-05-09,107.30999755859375,102.38301849365234,10992100
2025-05-12,109.16000366210938,104.1480712890625,14244600
2025-05-13,109.45999908447266,104.43429565429688,13350800
2025-05-14,108.4800033569336,103.49931335449219,15494900
2025-05-15,108.58000183105469,104.54883575439453,15004300
2025-05-16,108.19000244140625,104.17330932617188,14042500
2025-05-19,106.47000122070312,102.51716613769531,16802700
2025-05-20,104.94999694824219,101.05359649658203,12429300
2025-05-21,103.66000366210938,99.81149291992188,16716100
2025-05-22,102.97000122070312,99.1471176147461,13417400
2025-05-23,103.02999877929688,99.20487976074219,12061600
2025-05-27,103.5199966430664,99.67668151855469,13043600
2025-05-28,102.11000061035156,98.31903839111328,14292400
2025-05-29,102.69000244140625,98.87751770019531,13825300
2025-05-30,102.30000305175781,98.50199127197266,28645800
2025-06-02,103.05000305175781,99.2241439819336,17290500
2025-06-03,103.80000305175781,99.94629669189453,19194300
2025-06-04,102.30000305175781,98.50199127197266,15648500
2025-06-05,101.83000183105469,98.0494384765625,13924800
2025-06-06,104.2699966430664,100.39884948730469,15487800
2025-06-09,104.97000122070312,101.07286071777344,17087300
2025-06-10,107.22000122070312,103.23932647705078,17634800
2025-06-11,109.30999755859375,105.2517318725586,22648200
2025-06-12,109.7300033569336,105.65613555908203,17469400
2025-06-13,112.12000274658203,107.95741271972656,28540200
2025-06-16,112.4800033569336,108.30403900146484,22986100
2025-06-17,114.0,109.76760864257812,19451700
2025-06-18,113.19000244140625,108.98767852783203,17968900
2025-06-20,114.69999694824219,110.44161987304688,36273300
2025-06-23,111.73999786376953,107.59149932861328,26631100
2025-06-24,108.33999633789062,104.31774139404297,24828300
2025-06-25,108.37000274658203,104.34663391113281,17483200
2025-06-26,109.98999786376953,105.90648651123047,18304800
2025-06-27,109.37999725341797,105.31913757324219,22002100
2025-06-30,107.80000305175781,103.79779052734375,19199000
2025-07-01,109.23999786376953,105.184326171875,15536900
2025-07-02,111.05000305175781,106.92713165283203,11892200
2025-07-03,112.19999694824219,108.03443145751953,11223600
2025-07-07,111.11000061035156,106.98490142822266,15415900
2025-07-08,114.19000244140625,109.95055389404297,17913400
2025-07-09,113.80000305175781,109.57504272460938,10652100
2025-07-10,114.93000030517578,110.66307830810547,14901700
2025-07-11,115.43000030517578,111.14451599121094,11683900
2025-07-14,113.91999816894531,109.69056701660156,13220300
2025-07-15,112.91000366210938,108.71807098388672,10959300
2025-07-16,112.2300033569336,108.06332397460938,11158900
2025-07-17,111.66000366210938,107.51448822021484,13151400
2025-07-18,107.7699966430664,103.76890563964844,32366600
2025-07-21,108.05000305175781,104.03851318359375,17010400
2025-07-22,108.54000091552734,104.51032257080078,13970900
2025-07-23,109.93000030517578,105.84870910644531,12002700
2025-07-24,110.79000091552734,106.67678833007812,15647200
2025-07-25,110.4000015258789,106.30126190185547,10548900
2025-07-28,111.44000244140625,107.30265808105469,12353000
2025-07-29,112.87999725341797,108.6891860961914,15928000
2025-07-30,111.9000015258789,107.74557495117188,12996900
2025-07-31,111.63999938964844,107.49522399902344,17233700
2025-08-01,109.63999938964844,105.5694808959961,19652000
2025-08-04,107.37000274658203,103.38375854492188,19129500
2025-08-05,107.23999786376953,103.25858306884766,21314300
2025-08-06,106.51000213623047,102.55567932128906,15321800
2025-08-07,105.94999694824219,102.01647186279297,13468300
2025-08-08,106.80000305175781,102.83492279052734,14417700
2025-08-11,105.83000183105469,101.90092468261719,13570700
2025-08-12,106.12999725341797,102.18978881835938,14109400
2025-08-13,107.5999984741211,103.60520935058594,17958700
2025-08-14,107.37999725341797,103.39337921142578,13683500
2025-08-15,106.48999786376953,103.49057006835938,19271900
2025-08-18,106.72000122070312,103.71409606933594,13040000
2025-08-19,107.41999816894531,104.39437103271484,16113600
2025-08-20,108.52999877929688,105.47310638427734,18959700
2025-08-21,109.2300033569336,106.15340423583984,12194900
2025-08-22,111.27999877929688,108.14566040039062,13586700
2025-08-25,111.73999786376953,108.59268188476562,9744900
2025-08-26,111.48999786376953,108.34972381591797,18143900
2025-08-27,112.75,109.5742416381836,15262600
2025-08-28,113.3499984741211,110.15734100341797,14189800
2025-08-29,114.29000091552734,111.07086181640625,14597900
2025-09-02,114.69000244140625,111.45960235595703,15206700
2025-09-03,111.91000366210938,108.75790405273438,14920100
2025-09-04,112.4000015258789,109.2341079711914,12864400
2025-09-05,109.2300033569336,106.15340423583984,16826700
2025-09-08,109.8499984741211,106.75592803955078,15440500
2025-09-09,110.6500015258789,107.53339385986328,14899500
2025-09-10,112.5,109.33128356933594,15837600
2025-09-11,112.13999938964844,108.9814224243164,11534500
2025-09-12,112.16000366210938,109.00086975097656,11105700
2025-09-15,112.3499984741211,109.18551635742188,12880500
2025-09-16,114.68000030517578,111.44988250732422,17208000
2025-09-17,115.29000091552734,112.04269409179688,13302000
2025-09-18,113.93000030517578,110.72101593017578,14628700
2025-09-19,112.81999969482422,109.64227294921875,38746500
2025-09-22,112.0199966430664,108.86479949951172,15611500
2025-09-23,113.94999694824219,110.74043273925781,25369100
2025-09-24,114.55999755859375,111.33325958251953,14756100
2025-09-25,115.58999633789062,112.3342514038086,15012600
2025-09-26,117.22000122070312,113.91834259033203,18568900
2025-09-29,114.22000122070312,111.00283813476562,19189300
2025-09-30,112.75,109.5742416381836,18076200
2025-10-01,111.98999786376953,108.83564758300781,16614000
2025-10-02,111.29000091552734,108.15536499023438,13062600
2025-10-03,113.26000213623047,110.06988525390625,12950100
2025-10-06,114.19999694824219,110.9833984375,12036800
2025-10-07,114.26000213623047,111.04171752929688,11945000
2025-10-08,114.0199966430664,110.8084716796875,12301000
2025-10-09,112.91000366210938,109.729736328125,10976200
2025-10-10,110.7300033569336,107.61113739013672,13811600
2025-10-13,112.23999786376953,109.07860565185547,10296500
2025-10-14,112.29000091552734,109.12720489501953,11167200
2025-10-15,111.61000061035156,108.46635437011719,12182900
2025-10-16,110.63999938964844,107.523681640625,11782200
2025-10-17,112.23999786376953,109.07860565185547,13460100
2025-10-20,112.69999694824219,109.52564239501953,9523600
2025-10-21,112.70999908447266,109.53536987304688,9202300
2025-10-22,114.70999908447266,111.47904205322266,12938800
2025-10-23,115.9800033569336,112.71327209472656,15001100
2025-10-24,115.38999938964844,112.13988494873047,9919400
2025-10-27,115.94000244140625,112.67440032958984,10975400
2025-10-28,115.02999877929688,111.79002380371094,9535200
2025-10-29,116.44999694824219,113.17002868652344,12570600
2025-10-30,114.69000244140625,111.45960235595703,16172900
2025-10-31,114.36000061035156,111.1388931274414,20213400
2025-11-03,113.76000213623047,110.55580139160156,12290300
2025-11-04,114.13999938964844,110.92510223388672,16860700
2025-11-05,113.68000030517578,110.4780502319336,12400900
2025-11-06,114.5,111.27495574951172,14219700
2025-11-07,117.22000122070312,113.91834259033203,17181100
2025-11-10,118.22000122070312,114.89018249511719,13048000
2025-11-11,119.77999877929688,116.40623474121094,16077100
2025-11-12,118.12000274658203,114.7929916381836,13790900
2025-11-13,118.79000091552734,115.44412231445312,17291900
2025-11-14,119.29000091552734,116.94403076171875,17064300
2025-11-17,117.68000030517578,115.36569213867188,16034900
2025-11-18,119.02999877929688,116.68914794921875,15808500
2025-11-19,117.3499984741211,115.04218292236328,15919200
2025-11-20,117.0199966430664,114.71866607666016,14401000
2025-11-21,117.08000183105469,114.7774887084961,15667600
2025-11-24,115.97000122070312,113.68932342529297,18034900
2025-11-25,114.51000213623047,112.25802612304688,14434600
2025-11-26,114.7699966430664,112.5129165649414,11650600
2025-11-28,115.91999816894531,113.64030456542969,7240800
2025-12-01,116.62999725341797,114.33634185791016,12658100
2025-12-02,115.37999725341797,113.11092376708984,14607700
2025-12-03,117.80000305175781,115.48332977294922,16819100
2025-12-04,117.13999938964844,114.83631134033203,13686900
2025-12-05,116.54000091552734,114.24810791015625,12516900
2025-12-08,115.9800033569336,113.69912719726562,14904200
2025-12-09,118.25,115.92448425292969,23790800
2025-12-10,119.54000091552734,117.1891098022461,19845200
2025-12-11,119.54000091552734,117.1891098022461,14781800
2025-12-12,118.81999969482422,116.48326873779297,14459500
2025-12-15,117.76000213623047,115.44412231445312,16358700
2025-12-16,114.68000030517578,112.42469024658203,17638700
2025-12-17,117.41000366210938,115.10101318359375,18502200
2025-12-18,116.54000091552734,114.24810791015625,13705600
2025-12-19,116.69000244140625,114.3951644897461,45412800
2025-12-22,118.1500015258789,115.82644653320312,11768600
2025-12-23,119.41999816894531,117.07146453857422,12567600
2025-12-24,119.22000122070312,116.87541198730469,6137400
2025-12-26,119.11000061035156,116.76757049560547,8066100
2025-12-29,120.52999877929688,118.1596450805664,14782500
2025-12-30,120.98999786376953,118.610595703125,11150500
2025-12-31,120.33999633789062,117.97338104248047,10559900
2026-01-02,122.6500015258789,120.23795318603516,14175100
2026-01-05,125.36000061035156,122.8946533203125,30112200
2026-01-06,121.05000305175781,118.66942596435547,23328600
2026-01-07,118.48999786376953,116.15975952148438,20353000
2026-01-08,122.91000366210938,120.49284362792969,20232700
2026-01-09,124.61000061035156,122.15940856933594,16137700
2026-01-12,124.02999877929688,121.59081268310547,15314900
2026-01-13,126.54000091552734,124.05144500732422,21619700
2026-01-14,130.1999969482422,127.63945770263672,27593900
2026-01-15,129.1300048828125,126.59052276611328,17400000
2026-01-16,129.88999938964844,127.33556365966797,16592400
2026-01-20,130.4600067138672,127.89437103271484,16477300
2026-01-21,133.61000061035156,130.982421875,18879900
2026-01-22,133.63999938964844,131.01182556152344,16600100
2026-01-23,134.97000122070312,132.315673828125,17758200
2026-01-26,134.83999633789062,132.18821716308594,16056100
2026-01-27,136.8300018310547,134.13906860351562,14517000
2026-01-28,137.5800018310547,134.87432861328125,15637300
2026-01-29,140.50999450683594,137.7467041015625,35760600
2026-01-30,141.39999389648438,138.61920166015625,29657700
2026-02-02,138.39999389648438,135.67819213867188,27735600
2026-02-03,143.72999572753906,140.90338134765625,37577800
2026-02-04,147.58999633789062,144.68746948242188,29426200
2026-02-05,146.0800018310547,143.20718383789062,18431700
2026-02-06,149.0500030517578,146.1187744140625,17216000
2026-02-09,151.2100067138672,148.2362823486328,21297300
2026-02-10,151.58999633789062,148.6088104248047,15800300
2026-02-11,155.55999755859375,152.50074768066406,23091500
2026-02-12,149.92999267578125,147.9611358642578,30652500
2026-02-13,148.4499969482422,146.50057983398438,20166000
2026-02-17,146.19000244140625,144.270263671875,19766600
2026-02-18,150.67999267578125,148.7012939453125,19849700
2026-02-19,150.97000122070312,148.98748779296875,20305000
2026-02-20,147.27999877929688,145.345947265625,25908600
2026-02-23,150.75999450683594,148.78024291992188,16073100
2026-02-24,149.25999450683594,147.29994201660156,14185500
2026-02-25,149.05999755859375,147.10256958007812,15225700
2026-02-26,148.5399932861328,146.58938598632812,15632100
2026-02-27,152.5,150.49740600585938,30275100
2026-03-02,154.22000122070312,152.19480895996094,31493100
2026-03-03,151.8300018310547,149.83619689941406,25198900
2026-03-04,149.82000732421875,147.85260009765625,16764800
2026-03-05,150.75999450683594,148.78024291992188,22969300
2026-03-06,151.2100067138672,149.22434997558594,21136400
2026-03-09,150.44000244140625,148.46444702148438,25532700
2026-03-10,148.1300048828125,146.18479919433594,19617600
2026-03-11,151.5800018310547,149.5894775390625,15297400
2026-03-12,153.52999877929688,151.5138702392578,26054000
2026-03-13,156.1199951171875,154.06985473632812,22414100
2026-03-16,157.22999572753906,155.165283203125,22835600
2026-03-17,158.80999755859375,156.7245330810547,21592200
2026-03-18,157.58999633789062,155.5205535888672,18947100
2026-03-19,158.16000366210938,156.08306884765625,27082700
2026-03-20,159.6699981689453,157.5732421875,53942100
2026-03-23,161.1300048828125,159.0140838623047,25021300
2026-03-24,165.3800048828125,163.20826721191406,26131800
2026-03-25,163.25999450683594,161.11610412597656,17192300
2026-03-26,165.42999267578125,163.25759887695312,18625200
2026-03-27,170.99000549316406,168.7445831298828,30338300
2026-03-30,171.47000122070312,169.21827697753906,29813500
2026-03-31,169.66000366210938,167.4320526123047,32006700
2026-04-01,160.77999877929688,158.66867065429688,37927600
2026-04-02,160.69000244140625,158.57984924316406,25377700
2026-04-06,163.3699951171875,161.2246551513672,16344300
2026-04-07,163.91000366210938,161.757568359375,25227500
2026-04-08,156.22000122070312,154.16854858398438,31311200
2026-04-09,155.0399932861328,153.00404357910156,25868400
2026-04-10,152.50999450683594,150.5072479248047,21065000
2026-04-13,152.63999938964844,150.63555908203125,18685600
2026-04-14,149.24000549316406,147.28021240234375,18528200
2026-04-15,149.00999450683594,147.05322265625,15626500
2026-04-16,151.97999572753906,149.98422241210938,15191000
2026-04-17,146.44000244140625,144.5169677734375,28947400
2026-04-20,147.67999267578125,145.7406768798828,16354400
2026-04-21,148.36000061035156,146.41175842285156,17515900
2026-04-22,149.5,147.5367889404297,13738700
2026-04-23,150.52999877929688,148.5532684326172,12970400
2026-04-24,148.91000366210938,146.9545440673828,13735900
2026-04-27,148.19000244140625,146.24400329589844,13940800
2026-04-28,150.55999755859375,148.58287048339844,15173600
2026-04-29,154.6699981689453,152.63890075683594,14669100
2026-04-30,154.3300018310547,152.30335998535156,22885900
2026-05-01,152.75,150.74411010742188,15458200
2026-05-04,153.69000244140625,151.67176818847656,14238500
2026-05-05,154.8800048828125,152.8461456298828,12494600
2026-05-06,148.69000244140625,146.7374267578125,20527000
2026-05-07,146.5800018310547,144.65513610839844,22509400
2026-05-08,144.57000732421875,142.67153930664062,19550100
2026-05-11,149.67999267578125,147.7144317626953,14849500
2026-05-12,150.6300048828125,148.65196228027344,16443100
2026-05-13,151.57000732421875,149.57962036132812,15772800
2026-05-14,152.77999877929688,150.77371215820312,11331500
2026-05-15,157.9199981689453,156.90402221679688,27882400
2026-05-18,160.49000549316406,159.45748901367188,20065200
2026-05-19,162.5500030517578,161.50424194335938,20715600
2026-05-20,156.27999877929688,155.27456665039062,18509700
2026-05-21,155.2899932861328,154.2909393310547,17061700
2026-05-22,154.9199981689453,153.92332458496094,12948500
2026-05-26,149.80999755859375,148.84619140625,13057800
2026-05-27,147.89999389648438,146.948486328125,16241100
2026-05-28,146.9600067138672,146.01454162597656,14012500
2026-05-29,145.25999450683594,144.32546997070312,27959900
2026-06-01,149.3800048828125,148.41897583007812,16732100
2026-06-02,149.55999755859375,148.59780883789062,10462400
2026-06-03,152.52999877929688,151.5487060546875,14373000
2026-06-04,152.0399932861328,151.0618438720703,11799400
2026-06-05,149.9199981689453,148.9554901123047,16584000
2026-06-08,151.75,150.77371215820312,13870900
2026-06-09,148.91000366210938,147.95199584960938,18163500
2026-06-10,150.6199951171875,149.65098571777344,14596500
2026-06-11,146.60000610351562,145.6568603515625,17285800
2026-06-12,147.00999450683594,146.064208984375,17713100
2026-06-15,140.9199981689453,140.01339721679688,23631400
2026-06-16,141.86000061035156,140.9473419189453,18925400
2026-06-17,140.74000549316406,139.8345489501953,16663200
2026-06-18,137.80999755859375,136.92340087890625,48063400
2026-06-22,138.47000122070312,137.57916259765625,15783300
2026-06-23,139.72999572753906,138.83103942871094,13699400
2026-06-24,136.89999389648438,136.01925659179688,16212900
2026-06-25,137.5500030517578,136.66506958007812,13288800
2026-06-26,136.5399932861328,135.66156005859375,22684200
2026-06-29,136.05999755859375,135.18466186523438,11972700
2026-06-30,136.72000122070312,135.8404083251953,28784000
2026-07-01,136.27999877929688,135.4032440185547,12433400
2026-07-02,137.08999633789062,136.20802307128906,13703300
2026-07-06,136.44000244140625,135.5622100830078,13915100
2026-07-07,141.69000244140625,140.7784423828125,14667800
2026-07-08,141.1300048828125,140.2220458984375,18291400
2026-07-09,137.4600067138672,136.57565307617188,14110200
2026-07-10,138.8800048828125,137.9865264892578,9753500
2026-07-13,144.50999450683594,143.58029174804688,18724300
2026-07-14,145.08999633789062,144.15655517578125,16096400
2026-07-15,144.50999450683594,143.58029174804688,13444500
2026-07-16,145.9499969482422,145.0110321044922,13518000
2026-07-17,147.36000061035156,146.41195678710938,19031400
2026-07-20,148.36000061035156,147.40553283691406,12149200
2026-07-21,151.7100067138672,150.73397827148438,13145300
2026-07-22,154.4499969482422,153.4563446044922,13788700
2026-07-23,156.88999938964844,155.88064575195312,15822800
2026-07-24,156.94000244140625,155.93032836914062,12091600
2026-07-27,154.77000427246094,153.7742919921875,13955800
2026-07-28,153.0399932861328,152.055419921875,16299900
2026-07-29,156.75,155.74154663085938,14571300
2026-07-30,156.97000122070312,155.96014404296875,12578100
2026-07-31,155.44000244140625,154.4399871826172,15714200
2026-08-03,155.05999755859375,154.0624237060547,14532800
2026-08-04,153.9600067138672,152.96951293945312,14347900
2026-08-05,151.6300048828125,150.6544952392578,12227500
2026-08-06,154.83999633789062,153.84384155273438,11879100
2026-08-07,153.0399932861328,152.055419921875,18455200
2026-08-10,159.7899932861328,158.76199340820312,19761600
2026-08-11,159.8000030517578,158.7719268798828,13744500
2026-08-12,159.75,158.7222442626953,13219500
2026-08-13,158.61000061035156,157.58958435058594,10542800
2026-08-14,160.10000610351562,159.07000732421875,10231300
2026-08-17,161.4600067138672,161.4600067138672,12858100
2026-08-18,165.55999755859375,165.55999755859375,18952700
2026-08-19,164.77000427246094,164.77000427246094,13648900
2026-08-20,166.14999389648438,166.14999389648438,13803000
2026-08-21,165.11000061035156,165.11000061035156,14314300
2026-08-24,164.0500030517578,164.0500030517578,10842500
2026-08-25,160.63999938964844,160.63999938964844,17525300
2026-08-26,158.19000244140625,158.19000244140625,14838400
2026-08-27,156.44000244140625,156.44000244140625,14288500
2026-08-28,156.7100067138672,156.7100067138672,11352600
2026-08-31,160.9499969482422,160.9499969482422,18363400
2026-09-01,164.5500030517578,164.5500030517578,11381800
2026-09-02,164.14999389648438,164.14999389648438,11287000
2026-09-03,162.2100067138672,162.2100067138672,13755100
2026-09-04,159.47000122070312,159.47000122070312,16206400
2026-09-08,160.66000366210938,160.66000366210938,12607700
2026-09-09,164.22999572753906,164.22999572753906,13124000
2026-09-10,165.22999572753906,165.22999572753906,16615300
2026-09-11,165.99000549316406,165.99000549316406,11362400
2026-09-14,165.0800018310547,165.0800018310547,13942100
2026-09-15,169.32000732421875,169.32000732421875,12329200
2026-09-16,163.32000732421875,163.32000732421875,13437800
2026-09-17,163.27000427246094,163.27000427246094,10976500
2026-09-18,163.5399932861328,163.5399932861328,37640600
2026-09-21,158.3000030517578,158.3000030517578,15752500
2026-09-22,158.7100067138672,158.7100067138672,14189400
2026-09-23,161.22999572753906,161.22999572753906,12569300
2026-09-24,162.13999938964844,162.13999938964844,12484900
